Date,코스피,코스피200롱150숏선물,삼성전자,SK하이닉스,현대차,KB금융,우리금융지주,하나금융지주
1995-05-02,906.04,-1,-1,-1,-1,-1,-1,-1
1995-05-03,920.73,-1,-1,-1,-1,-1,-1,-1
1995-05-04,922.05,-1,-1,-1,-1,-1,-1,-1
1995-05-05,-1.0,-1,-1,-1,-1,-1,-1,-1
1995-05-06,918.46,-1,-1,-1,-1,-1,-1,-1
1995-05-07,-1.0,-1,-1,-1,-1,-1,-1,-1
1995-05-08,910.39,-1,-1,-1,-1,-1,-1,-1
1995-05-09,903.01,-1,-1,-1,-1,-1,-1,-1
1995-05-10,891.87,-1,-1,-1,-1,-1,-1,-1
1995-05-11,884.79,-1,-1,-1,-1,-1,-1,-1
1995-05-12,886.11,-1,-1,-1,-1,-1,-1,-1
1995-05-13,890.11,-1,-1,-1,-1,-1,-1,-1
1995-05-14,-1.0,-1,-1,-1,-1,-1,-1,-1
1995-05-15,887.11,-1,-1,-1,-1,-1,-1,-1
1995-05-16,885.33,-1,-1,-1,-1,-1,-1,-1
1995-05-17,886.2,-1,-1,-1,-1,-1,-1,-1
1995-05-18,880.4,-1,-1,-1,-1,-1,-1,-1
1995-05-19,876.01,-1,-1,-1,-1,-1,-1,-1
1995-05-20,875.68,-1,-1,-1,-1,-1,-1,-1
1995-05-21,-1.0,-1,-1,-1,-1,-1,-1,-1
1995-05-22,864.13,-1,-1,-1,-1,-1,-1,-1
1995-05-23,856.89,-1,-1,-1,-1,-1,-1,-1
1995-05-24,848.63,-1,-1,-1,-1,-1,-1,-1
1995-05-25,862.18,-1,-1,-1,-1,-1,-1,-1
1995-05-26,850.76,-1,-1,-1,-1,-1,-1,-1
1995-05-27,847.09,-1,-1,-1,-1,-1,-1,-1
1995-05-28,-1.0,-1,-1,-1,-1,-1,-1,-1
1995-05-29,887.5,-1,-1,-1,-1,-1,-1,-1
1995-05-30,881.8,-1,-1,-1,-1,-1,-1,-1
1995-05-31,882.5,-1,-1,-1,-1,-1,-1,-1
1995-06-01,891.43,-1,-1,-1,-1,-1,-1,-1
1995-06-02,894.24,-1,-1,-1,-1,-1,-1,-1
1995-06-03,890.08,-1,-1,-1,-1,-1,-1,-1
1995-06-04,-1.0,-1,-1,-1,-1,-1,-1,-1
1995-06-05,899.04,-1,-1,-1,-1,-1,-1,-1
1995-06-06,-1.0,-1,-1,-1,-1,-1,-1,-1
1995-06-07,899.36,-1,-1,-1,-1,-1,-1,-1
1995-06-08,890.68,-1,-1,-1,-1,-1,-1,-1
1995-06-09,886.83,-1,-1,-1,-1,-1,-1,-1
1995-06-10,886.31,-1,-1,-1,-1,-1,-1,-1
1995-06-11,-1.0,-1,-1,-1,-1,-1,-1,-1
1995-06-12,884.4,-1,-1,-1,-1,-1,-1,-1
1995-06-13,887.32,-1,-1,-1,-1,-1,-1,-1
1995-06-14,886.56,-1,-1,-1,-1,-1,-1,-1
1995-06-15,880.91,-1,-1,-1,-1,-1,-1,-1
1995-06-16,879.24,-1,-1,-1,-1,-1,-1,-1
1995-06-17,880.67,-1,-1,-1,-1,-1,-1,-1
1995-06-18,-1.0,-1,-1,-1,-1,-1,-1,-1
1995-06-19,886.31,-1,-1,-1,-1,-1,-1,-1
1995-06-20,884.35,-1,-1,-1,-1,-1,-1,-1
1995-06-21,878.82,-1,-1,-1,-1,-1,-1,-1
1995-06-22,871.18,-1,-1,-1,-1,-1,-1,-1
1995-06-23,871.96,-1,-1,-1,-1,-1,-1,-1
1995-06-24,872.46,-1,-1,-1,-1,-1,-1,-1
1995-06-25,-1.0,-1,-1,-1,-1,-1,-1,-1
1995-06-26,868.77,-1,-1,-1,-1,-1,-1,-1
1995-06-27,-1.0,-1,-1,-1,-1,-1,-1,-1
1995-06-28,872.68,-1,-1,-1,-1,-1,-1,-1
1995-06-29,883.9,-1,-1,-1,-1,-1,-1,-1
1995-06-30,894.41,-1,-1,-1,-1,-1,-1,-1
1995-07-01,909.59,-1,-1,-1,-1,-1,-1,-1
1995-07-02,-1.0,-1,-1,-1,-1,-1,-1,-1
1995-07-03,914.1,-1,-1,-1,-1,-1,-1,-1
1995-07-04,907.68,-1,-1,-1,-1,-1,-1,-1
1995-07-05,904.98,-1,-1,-1,-1,-1,-1,-1
1995-07-06,914.95,-1,-1,-1,-1,-1,-1,-1
1995-07-07,942.39,-1,-1,-1,-1,-1,-1,-1
1995-07-08,946.98,-1,-1,-1,-1,-1,-1,-1
1995-07-09,-1.0,-1,-1,-1,-1,-1,-1,-1
1995-07-10,961.84,-1,-1,-1,-1,-1,-1,-1
1995-07-11,959.99,-1,-1,-1,-1,-1,-1,-1
1995-07-12,962.22,-1,-1,-1,-1,-1,-1,-1
1995-07-13,977.29,-1,-1,-1,-1,-1,-1,-1
1995-07-14,972.02,-1,-1,-1,-1,-1,-1,-1
1995-07-15,966.48,-1,-1,-1,-1,-1,-1,-1
1995-07-16,-1.0,-1,-1,-1,-1,-1,-1,-1
1995-07-17,-1.0,-1,-1,-1,-1,-1,-1,-1
1995-07-18,961.01,-1,-1,-1,-1,-1,-1,-1
1995-07-19,950.11,-1,-1,-1,-1,-1,-1,-1
1995-07-20,961.41,-1,-1,-1,-1,-1,-1,-1
1995-07-21,964.56,-1,-1,-1,-1,-1,-1,-1
1995-07-22,963.25,-1,-1,-1,-1,-1,-1,-1
1995-07-23,-1.0,-1,-1,-1,-1,-1,-1,-1
1995-07-24,965.36,-1,-1,-1,-1,-1,-1,-1
1995-07-25,953.53,-1,-1,-1,-1,-1,-1,-1
1995-07-26,945.99,-1,-1,-1,-1,-1,-1,-1
1995-07-27,940.75,-1,-1,-1,-1,-1,-1,-1
1995-07-28,932.82,-1,-1,-1,-1,-1,-1,-1
1995-07-29,928.64,-1,-1,-1,-1,-1,-1,-1
1995-07-30,-1.0,-1,-1,-1,-1,-1,-1,-1
1995-07-31,933.57,-1,-1,-1,-1,-1,-1,-1
1995-08-01,944.6,-1,-1,-1,-1,-1,-1,-1
1995-08-02,935.7,-1,-1,-1,-1,-1,-1,-1
1995-08-03,922.95,-1,-1,-1,-1,-1,-1,-1
1995-08-04,917.47,-1,-1,-1,-1,-1,-1,-1
1995-08-05,914.16,-1,-1,-1,-1,-1,-1,-1
1995-08-06,-1.0,-1,-1,-1,-1,-1,-1,-1
1995-08-07,907.84,-1,-1,-1,-1,-1,-1,-1
1995-08-08,901.87,-1,-1,-1,-1,-1,-1,-1
1995-08-09,924.41,-1,-1,-1,-1,-1,-1,-1
1995-08-10,916.01,-1,-1,-1,-1,-1,-1,-1
1995-08-11,914.23,-1,-1,-1,-1,-1,-1,-1
1995-08-12,910.03,-1,-1,-1,-1,-1,-1,-1
1995-08-13,-1.0,-1,-1,-1,-1,-1,-1,-1
1995-08-14,908.69,-1,-1,-1,-1,-1,-1,-1
1995-08-15,-1.0,-1,-1,-1,-1,-1,-1,-1
1995-08-16,904.44,-1,-1,-1,-1,-1,-1,-1
1995-08-17,902.82,-1,-1,-1,-1,-1,-1,-1
1995-08-18,906.9,-1,-1,-1,-1,-1,-1,-1
1995-08-19,911.88,-1,-1,-1,-1,-1,-1,-1
1995-08-20,-1.0,-1,-1,-1,-1,-1,-1,-1
1995-08-21,913.31,-1,-1,-1,-1,-1,-1,-1
1995-08-22,917.79,-1,-1,-1,-1,-1,-1,-1
1995-08-23,925.81,-1,-1,-1,-1,-1,-1,-1
1995-08-24,927.82,-1,-1,-1,-1,-1,-1,-1
1995-08-25,921.1,-1,-1,-1,-1,-1,-1,-1
1995-08-26,921.69,-1,-1,-1,-1,-1,-1,-1
1995-08-27,-1.0,-1,-1,-1,-1,-1,-1,-1
1995-08-28,922.44,-1,-1,-1,-1,-1,-1,-1
1995-08-29,916.46,-1,-1,-1,-1,-1,-1,-1
1995-08-30,914.71,-1,-1,-1,-1,-1,-1,-1
1995-08-31,914.06,-1,-1,-1,-1,-1,-1,-1
1995-09-01,911.36,-1,-1,-1,-1,-1,-1,-1
1995-09-02,918.82,-1,-1,-1,-1,-1,-1,-1
1995-09-03,-1.0,-1,-1,-1,-1,-1,-1,-1
1995-09-04,922.49,-1,-1,-1,-1,-1,-1,-1
1995-09-05,928.96,-1,-1,-1,-1,-1,-1,-1
1995-09-06,944.52,-1,-1,-1,-1,-1,-1,-1
1995-09-07,953.81,-1,-1,-1,-1,-1,-1,-1
1995-09-08,-1.0,-1,-1,-1,-1,-1,-1,-1
1995-09-09,-1.0,-1,-1,-1,-1,-1,-1,-1
1995-09-10,-1.0,-1,-1,-1,-1,-1,-1,-1
1995-09-11,950.98,-1,-1,-1,-1,-1,-1,-1
1995-09-12,952.28,-1,-1,-1,-1,-1,-1,-1
1995-09-13,968.32,-1,-1,-1,-1,-1,-1,-1
1995-09-14,965.72,-1,-1,-1,-1,-1,-1,-1
1995-09-15,985.64,-1,-1,-1,-1,-1,-1,-1
1995-09-16,995.57,-1,-1,-1,-1,-1,-1,-1
1995-09-17,-1.0,-1,-1,-1,-1,-1,-1,-1
1995-09-18,1000.21,-1,-1,-1,-1,-1,-1,-1
1995-09-19,992.57,-1,-1,-1,-1,-1,-1,-1
1995-09-20,1009.47,-1,-1,-1,-1,-1,-1,-1
1995-09-21,1012.29,-1,-1,-1,-1,-1,-1,-1
1995-09-22,997.73,-1,-1,-1,-1,-1,-1,-1
1995-09-23,991.33,-1,-1,-1,-1,-1,-1,-1
1995-09-24,-1.0,-1,-1,-1,-1,-1,-1,-1
1995-09-25,985.2,-1,-1,-1,-1,-1,-1,-1
1995-09-26,983.82,-1,-1,-1,-1,-1,-1,-1
1995-09-27,980.78,-1,-1,-1,-1,-1,-1,-1
1995-09-28,985.88,-1,-1,-1,-1,-1,-1,-1
1995-09-29,987.1,-1,-1,-1,-1,-1,-1,-1
1995-09-30,982.65,-1,-1,-1,-1,-1,-1,-1
1995-10-01,-1.0,-1,-1,-1,-1,-1,-1,-1
1995-10-02,975.79,-1,-1,-1,-1,-1,-1,-1
1995-10-03,-1.0,-1,-1,-1,-1,-1,-1,-1
1995-10-04,982.89,-1,-1,-1,-1,-1,-1,-1
1995-10-05,989.05,-1,-1,-1,-1,-1,-1,-1
1995-10-06,1002.07,-1,-1,-1,-1,-1,-1,-1
1995-10-07,1003.4,-1,-1,-1,-1,-1,-1,-1
1995-10-08,-1.0,-1,-1,-1,-1,-1,-1,-1
1995-10-09,1008.29,-1,-1,-1,-1,-1,-1,-1
1995-10-10,1004.16,-1,-1,-1,-1,-1,-1,-1
1995-10-11,1011.0,-1,-1,-1,-1,-1,-1,-1
1995-10-12,1016.66,-1,-1,-1,-1,-1,-1,-1
1995-10-13,1014.3,-1,-1,-1,-1,-1,-1,-1
1995-10-14,1016.77,-1,-1,-1,-1,-1,-1,-1
1995-10-15,-1.0,-1,-1,-1,-1,-1,-1,-1
1995-10-16,1007.48,-1,-1,-1,-1,-1,-1,-1
1995-10-17,1005.78,-1,-1,-1,-1,-1,-1,-1
1995-10-18,1006.7,-1,-1,-1,-1,-1,-1,-1
1995-10-19,1000.22,-1,-1,-1,-1,-1,-1,-1
1995-10-20,994.89,-1,-1,-1,-1,-1,-1,-1
1995-10-21,999.5,-1,-1,-1,-1,-1,-1,-1
1995-10-22,-1.0,-1,-1,-1,-1,-1,-1,-1
1995-10-23,976.39,-1,-1,-1,-1,-1,-1,-1
1995-10-24,992.76,-1,-1,-1,-1,-1,-1,-1
1995-10-25,997.88,-1,-1,-1,-1,-1,-1,-1
1995-10-26,1001.15,-1,-1,-1,-1,-1,-1,-1
1995-10-27,1001.37,-1,-1,-1,-1,-1,-1,-1
1995-10-28,992.05,-1,-1,-1,-1,-1,-1,-1
1995-10-29,-1.0,-1,-1,-1,-1,-1,-1,-1
1995-10-30,982.87,-1,-1,-1,-1,-1,-1,-1
1995-10-31,990.26,-1,-1,-1,-1,-1,-1,-1
1995-11-01,997.52,-1,-1,-1,-1,-1,-1,-1
1995-11-02,994.68,-1,-1,-1,-1,-1,-1,-1
1995-11-03,989.74,-1,-1,-1,-1,-1,-1,-1
1995-11-04,989.97,-1,-1,-1,-1,-1,-1,-1
1995-11-05,-1.0,-1,-1,-1,-1,-1,-1,-1
1995-11-06,992.77,-1,-1,-1,-1,-1,-1,-1
1995-11-07,987.72,-1,-1,-1,-1,-1,-1,-1
1995-11-08,980.84,-1,-1,-1,-1,-1,-1,-1
1995-11-09,970.91,-1,-1,-1,-1,-1,-1,-1
1995-11-10,965.95,-1,-1,-1,-1,-1,-1,-1
1995-11-11,976.25,-1,-1,-1,-1,-1,-1,-1
1995-11-12,-1.0,-1,-1,-1,-1,-1,-1,-1
1995-11-13,954.04,-1,-1,-1,-1,-1,-1,-1
1995-11-14,948.34,-1,-1,-1,-1,-1,-1,-1
1995-11-15,937.04,-1,-1,-1,-1,-1,-1,-1
1995-11-16,933.95,-1,-1,-1,-1,-1,-1,-1
1995-11-17,952.37,-1,-1,-1,-1,-1,-1,-1
1995-11-18,946.35,-1,-1,-1,-1,-1,-1,-1
1995-11-19,-1.0,-1,-1,-1,-1,-1,-1,-1
1995-11-20,931.64,-1,-1,-1,-1,-1,-1,-1
1995-11-21,917.97,-1,-1,-1,-1,-1,-1,-1
1995-11-22,921.03,-1,-1,-1,-1,-1,-1,-1
1995-11-23,932.58,-1,-1,-1,-1,-1,-1,-1
1995-11-24,944.85,-1,-1,-1,-1,-1,-1,-1
1995-11-25,942.5,-1,-1,-1,-1,-1,-1,-1
1995-11-26,-1.0,-1,-1,-1,-1,-1,-1,-1
1995-11-27,949.23,-1,-1,-1,-1,-1,-1,-1
1995-11-28,952.89,-1,-1,-1,-1,-1,-1,-1
1995-11-29,948.31,-1,-1,-1,-1,-1,-1,-1
1995-11-30,930.92,-1,-1,-1,-1,-1,-1,-1
1995-12-01,939.0,-1,-1,-1,-1,-1,-1,-1
1995-12-02,931.23,-1,-1,-1,-1,-1,-1,-1
1995-12-03,-1.0,-1,-1,-1,-1,-1,-1,-1
1995-12-04,934.95,-1,-1,-1,-1,-1,-1,-1
1995-12-05,946.98,-1,-1,-1,-1,-1,-1,-1
1995-12-06,954.61,-1,-1,-1,-1,-1,-1,-1
1995-12-07,960.57,-1,-1,-1,-1,-1,-1,-1
1995-12-08,958.62,-1,-1,-1,-1,-1,-1,-1
1995-12-09,962.87,-1,-1,-1,-1,-1,-1,-1
1995-12-10,-1.0,-1,-1,-1,-1,-1,-1,-1
1995-12-11,947.75,-1,-1,-1,-1,-1,-1,-1
1995-12-12,943.22,-1,-1,-1,-1,-1,-1,-1
1995-12-13,929.46,-1,-1,-1,-1,-1,-1,-1
1995-12-14,908.67,-1,-1,-1,-1,-1,-1,-1
1995-12-15,899.55,-1,-1,-1,-1,-1,-1,-1
1995-12-16,884.39,-1,-1,-1,-1,-1,-1,-1
1995-12-17,-1.0,-1,-1,-1,-1,-1,-1,-1
1995-12-18,867.18,-1,-1,-1,-1,-1,-1,-1
1995-12-19,890.79,-1,-1,-1,-1,-1,-1,-1
1995-12-20,892.04,-1,-1,-1,-1,-1,-1,-1
1995-12-21,899.86,-1,-1,-1,-1,-1,-1,-1
1995-12-22,894.67,-1,-1,-1,-1,-1,-1,-1
1995-12-23,893.11,-1,-1,-1,-1,-1,-1,-1
1995-12-24,-1.0,-1,-1,-1,-1,-1,-1,-1
1995-12-25,-1.0,-1,-1,-1,-1,-1,-1,-1
1995-12-26,876.37,-1,-1,-1,-1,-1,-1,-1
1995-12-27,882.94,-1,-1,-1,-1,-1,-1,-1
1995-12-28,-1.0,-1,-1,-1,-1,-1,-1,-1
1995-12-29,-1.0,-1,-1,-1,-1,-1,-1,-1
1995-12-30,-1.0,-1,-1,-1,-1,-1,-1,-1
1995-12-31,-1.0,-1,-1,-1,-1,-1,-1,-1
1996-01-01,-1.0,-1,-1,-1,-1,-1,-1,-1
1996-01-02,-1.0,-1,-1,-1,-1,-1,-1,-1
1996-01-03,888.85,-1,-1,-1,-1,-1,-1,-1
1996-01-04,859.97,-1,-1,-1,-1,-1,-1,-1
1996-01-05,856.62,-1,-1,-1,-1,-1,-1,-1
1996-01-06,858.36,-1,-1,-1,-1,-1,-1,-1
1996-01-07,-1.0,-1,-1,-1,-1,-1,-1,-1
1996-01-08,866.81,-1,-1,-1,-1,-1,-1,-1
1996-01-09,881.99,-1,-1,-1,-1,-1,-1,-1
1996-01-10,885.77,-1,-1,-1,-1,-1,-1,-1
1996-01-11,883.96,-1,-1,-1,-1,-1,-1,-1
1996-01-12,878.64,-1,-1,-1,-1,-1,-1,-1
1996-01-13,874.46,-1,-1,-1,-1,-1,-1,-1
1996-01-14,-1.0,-1,-1,-1,-1,-1,-1,-1
1996-01-15,865.46,-1,-1,-1,-1,-1,-1,-1
1996-01-16,868.27,-1,-1,-1,-1,-1,-1,-1
1996-01-17,857.06,-1,-1,-1,-1,-1,-1,-1
1996-01-18,849.14,-1,-1,-1,-1,-1,-1,-1
1996-01-19,848.07,-1,-1,-1,-1,-1,-1,-1
1996-01-20,842.72,-1,-1,-1,-1,-1,-1,-1
1996-01-21,-1.0,-1,-1,-1,-1,-1,-1,-1
1996-01-22,842.8,-1,-1,-1,-1,-1,-1,-1
1996-01-23,850.83,-1,-1,-1,-1,-1,-1,-1
1996-01-24,865.55,-1,-1,-1,-1,-1,-1,-1
1996-01-25,868.17,-1,-1,-1,-1,-1,-1,-1
1996-01-26,867.38,-1,-1,-1,-1,-1,-1,-1
1996-01-27,864.77,-1,-1,-1,-1,-1,-1,-1
1996-01-28,-1.0,-1,-1,-1,-1,-1,-1,-1
1996-01-29,873.15,-1,-1,-1,-1,-1,-1,-1
1996-01-30,875.45,-1,-1,-1,-1,-1,-1,-1
1996-01-31,878.82,-1,-1,-1,-1,-1,-1,-1
1996-02-01,885.13,-1,-1,-1,-1,-1,-1,-1
1996-02-02,881.48,-1,-1,-1,-1,-1,-1,-1
1996-02-03,884.63,-1,-1,-1,-1,-1,-1,-1
1996-02-04,-1.0,-1,-1,-1,-1,-1,-1,-1
1996-02-05,890.68,-1,-1,-1,-1,-1,-1,-1
1996-02-06,881.21,-1,-1,-1,-1,-1,-1,-1
1996-02-07,883.77,-1,-1,-1,-1,-1,-1,-1
1996-02-08,889.01,-1,-1,-1,-1,-1,-1,-1
1996-02-09,881.88,-1,-1,-1,-1,-1,-1,-1
1996-02-10,875.21,-1,-1,-1,-1,-1,-1,-1
1996-02-11,-1.0,-1,-1,-1,-1,-1,-1,-1
1996-02-12,865.12,-1,-1,-1,-1,-1,-1,-1
1996-02-13,858.18,-1,-1,-1,-1,-1,-1,-1
1996-02-14,869.98,-1,-1,-1,-1,-1,-1,-1
1996-02-15,869.35,-1,-1,-1,-1,-1,-1,-1
1996-02-16,878.03,-1,-1,-1,-1,-1,-1,-1
1996-02-17,889.34,-1,-1,-1,-1,-1,-1,-1
1996-02-18,-1.0,-1,-1,-1,-1,-1,-1,-1
1996-02-19,-1.0,-1,-1,-1,-1,-1,-1,-1
1996-02-20,-1.0,-1,-1,-1,-1,-1,-1,-1
1996-02-21,883.23,-1,-1,-1,-1,-1,-1,-1
1996-02-22,881.6,-1,-1,-1,-1,-1,-1,-1
1996-02-23,876.55,-1,-1,-1,-1,-1,-1,-1
1996-02-24,868.61,-1,-1,-1,-1,-1,-1,-1
1996-02-25,-1.0,-1,-1,-1,-1,-1,-1,-1
1996-02-26,859.05,-1,-1,-1,-1,-1,-1,-1
1996-02-27,859.87,-1,-1,-1,-1,-1,-1,-1
1996-02-28,855.21,-1,-1,-1,-1,-1,-1,-1
1996-02-29,852.83,-1,-1,-1,-1,-1,-1,-1
1996-03-01,-1.0,-1,-1,-1,-1,-1,-1,-1
1996-03-02,856.51,-1,-1,-1,-1,-1,-1,-1
1996-03-03,-1.0,-1,-1,-1,-1,-1,-1,-1
1996-03-04,855.1,-1,-1,-1,-1,-1,-1,-1
1996-03-05,857.72,-1,-1,-1,-1,-1,-1,-1
1996-03-06,851.06,-1,-1,-1,-1,-1,-1,-1
1996-03-07,842.22,-1,-1,-1,-1,-1,-1,-1
1996-03-08,849.15,-1,-1,-1,-1,-1,-1,-1
1996-03-09,863.63,-1,-1,-1,-1,-1,-1,-1
1996-03-10,-1.0,-1,-1,-1,-1,-1,-1,-1
1996-03-11,848.26,-1,-1,-1,-1,-1,-1,-1
1996-03-12,844.42,-1,-1,-1,-1,-1,-1,-1
1996-03-13,838.87,-1,-1,-1,-1,-1,-1,-1
1996-03-14,844.43,-1,-1,-1,-1,-1,-1,-1
1996-03-15,856.48,-1,-1,-1,-1,-1,-1,-1
1996-03-16,856.58,-1,-1,-1,-1,-1,-1,-1
1996-03-17,-1.0,-1,-1,-1,-1,-1,-1,-1
1996-03-18,854.46,-1,-1,-1,-1,-1,-1,-1
1996-03-19,860.13,-1,-1,-1,-1,-1,-1,-1
1996-03-20,869.98,-1,-1,-1,-1,-1,-1,-1
1996-03-21,868.2,-1,-1,-1,-1,-1,-1,-1
1996-03-22,872.04,-1,-1,-1,-1,-1,-1,-1
1996-03-23,868.76,-1,-1,-1,-1,-1,-1,-1
1996-03-24,-1.0,-1,-1,-1,-1,-1,-1,-1
1996-03-25,863.27,-1,-1,-1,-1,-1,-1,-1
1996-03-26,859.07,-1,-1,-1,-1,-1,-1,-1
1996-03-27,857.21,-1,-1,-1,-1,-1,-1,-1
1996-03-28,856.56,-1,-1,-1,-1,-1,-1,-1
1996-03-29,866.76,-1,-1,-1,-1,-1,-1,-1
1996-03-30,874.16,-1,-1,-1,-1,-1,-1,-1
1996-03-31,-1.0,-1,-1,-1,-1,-1,-1,-1
1996-04-01,878.47,-1,-1,-1,-1,-1,-1,-1
1996-04-02,884.47,-1,-1,-1,-1,-1,-1,-1
1996-04-03,884.75,-1,-1,-1,-1,-1,-1,-1
1996-04-04,881.5,-1,-1,-1,-1,-1,-1,-1
1996-04-05,-1.0,-1,-1,-1,-1,-1,-1,-1
1996-04-06,876.86,-1,-1,-1,-1,-1,-1,-1
1996-04-07,-1.0,-1,-1,-1,-1,-1,-1,-1
1996-04-08,877.03,-1,-1,-1,-1,-1,-1,-1
1996-04-09,869.82,-1,-1,-1,-1,-1,-1,-1
1996-04-10,869.17,-1,-1,-1,-1,-1,-1,-1
1996-04-11,-1.0,-1,-1,-1,-1,-1,-1,-1
1996-04-12,889.82,-1,-1,-1,-1,-1,-1,-1
1996-04-13,895.57,-1,-1,-1,-1,-1,-1,-1
1996-04-14,-1.0,-1,-1,-1,-1,-1,-1,-1
1996-04-15,908.09,-1,-1,-1,-1,-1,-1,-1
1996-04-16,907.73,-1,-1,-1,-1,-1,-1,-1
1996-04-17,922.4,-1,-1,-1,-1,-1,-1,-1
1996-04-18,936.89,-1,-1,-1,-1,-1,-1,-1
1996-04-19,948.37,-1,-1,-1,-1,-1,-1,-1
1996-04-20,941.69,-1,-1,-1,-1,-1,-1,-1
1996-04-21,-1.0,-1,-1,-1,-1,-1,-1,-1
1996-04-22,950.61,-1,-1,-1,-1,-1,-1,-1
1996-04-23,940.55,-1,-1,-1,-1,-1,-1,-1
1996-04-24,956.61,-1,-1,-1,-1,-1,-1,-1
1996-04-25,964.69,-1,-1,-1,-1,-1,-1,-1
1996-04-26,964.57,-1,-1,-1,-1,-1,-1,-1
1996-04-27,968.45,-1,-1,-1,-1,-1,-1,-1
1996-04-28,-1.0,-1,-1,-1,-1,-1,-1,-1
1996-04-29,985.03,-1,-1,-1,-1,-1,-1,-1
1996-04-30,980.9,-1,-1,-1,-1,-1,-1,-1
1996-05-01,-1.0,-1,-1,-1,-1,-1,-1,-1
1996-05-02,961.52,-1,-1,-1,-1,-1,-1,-1
1996-05-03,965.67,-1,-1,-1,-1,-1,-1,-1
1996-05-04,964.65,-1,-1,-1,-1,-1,-1,-1
1996-05-05,-1.0,-1,-1,-1,-1,-1,-1,-1
1996-05-06,974.1,-1,-1,-1,-1,-1,-1,-1
1996-05-07,986.84,-1,-1,-1,-1,-1,-1,-1
1996-05-08,976.75,-1,-1,-1,-1,-1,-1,-1
1996-05-09,959.14,-1,-1,-1,-1,-1,-1,-1
1996-05-10,965.83,-1,-1,-1,-1,-1,-1,-1
1996-05-11,970.64,-1,-1,-1,-1,-1,-1,-1
1996-05-12,-1.0,-1,-1,-1,-1,-1,-1,-1
1996-05-13,978.73,-1,-1,-1,-1,-1,-1,-1
1996-05-14,964.11,-1,-1,-1,-1,-1,-1,-1
1996-05-15,958.17,-1,-1,-1,-1,-1,-1,-1
1996-05-16,940.96,-1,-1,-1,-1,-1,-1,-1
1996-05-17,937.51,-1,-1,-1,-1,-1,-1,-1
1996-05-18,928.8,-1,-1,-1,-1,-1,-1,-1
1996-05-19,-1.0,-1,-1,-1,-1,-1,-1,-1
1996-05-20,935.07,-1,-1,-1,-1,-1,-1,-1
1996-05-21,919.88,-1,-1,-1,-1,-1,-1,-1
1996-05-22,924.0,-1,-1,-1,-1,-1,-1,-1
1996-05-23,918.11,-1,-1,-1,-1,-1,-1,-1
1996-05-24,-1.0,-1,-1,-1,-1,-1,-1,-1
1996-05-25,911.76,-1,-1,-1,-1,-1,-1,-1
1996-05-26,-1.0,-1,-1,-1,-1,-1,-1,-1
1996-05-27,920.43,-1,-1,-1,-1,-1,-1,-1
1996-05-28,906.21,-1,-1,-1,-1,-1,-1,-1
1996-05-29,894.29,-1,-1,-1,-1,-1,-1,-1
1996-05-30,898.56,-1,-1,-1,-1,-1,-1,-1
1996-05-31,903.09,-1,-1,-1,-1,-1,-1,-1
1996-06-01,907.98,-1,-1,-1,-1,-1,-1,-1
1996-06-02,-1.0,-1,-1,-1,-1,-1,-1,-1
1996-06-03,897.22,-1,-1,-1,-1,-1,-1,-1
1996-06-04,909.43,-1,-1,-1,-1,-1,-1,-1
1996-06-05,913.25,-1,-1,-1,-1,-1,-1,-1
1996-06-06,-1.0,-1,-1,-1,-1,-1,-1,-1
1996-06-07,907.83,-1,-1,-1,-1,-1,-1,-1
1996-06-08,903.32,-1,-1,-1,-1,-1,-1,-1
1996-06-09,-1.0,-1,-1,-1,-1,-1,-1,-1
1996-06-10,892.17,-1,-1,-1,-1,-1,-1,-1
1996-06-11,888.66,-1,-1,-1,-1,-1,-1,-1
1996-06-12,873.31,-1,-1,-1,-1,-1,-1,-1
1996-06-13,874.68,-1,-1,-1,-1,-1,-1,-1
1996-06-14,862.53,-1,-1,-1,-1,-1,-1,-1
1996-06-15,859.49,-1,-1,-1,-1,-1,-1,-1
1996-06-16,-1.0,-1,-1,-1,-1,-1,-1,-1
1996-06-17,856.43,-1,-1,-1,-1,-1,-1,-1
1996-06-18,862.31,-1,-1,-1,-1,-1,-1,-1
1996-06-19,869.56,-1,-1,-1,-1,-1,-1,-1
1996-06-20,861.72,-1,-1,-1,-1,-1,-1,-1
1996-06-21,864.27,-1,-1,-1,-1,-1,-1,-1
1996-06-22,856.36,-1,-1,-1,-1,-1,-1,-1
1996-06-23,-1.0,-1,-1,-1,-1,-1,-1,-1
1996-06-24,842.48,-1,-1,-1,-1,-1,-1,-1
1996-06-25,836.94,-1,-1,-1,-1,-1,-1,-1
1996-06-26,823.63,-1,-1,-1,-1,-1,-1,-1
1996-06-27,820.05,-1,-1,-1,-1,-1,-1,-1
1996-06-28,823.53,-1,-1,-1,-1,-1,-1,-1
1996-06-29,817.43,-1,-1,-1,-1,-1,-1,-1
1996-06-30,-1.0,-1,-1,-1,-1,-1,-1,-1
1996-07-01,833.79,-1,-1,-1,-1,-1,-1,-1
1996-07-02,837.93,-1,-1,-1,-1,-1,-1,-1
1996-07-03,838.24,-1,-1,-1,-1,-1,-1,-1
1996-07-04,841.51,-1,-1,-1,-1,-1,-1,-1
1996-07-05,845.12,-1,-1,-1,-1,-1,-1,-1
1996-07-06,850.39,-1,-1,-1,-1,-1,-1,-1
1996-07-07,-1.0,-1,-1,-1,-1,-1,-1,-1
1996-07-08,847.99,-1,-1,-1,-1,-1,-1,-1
1996-07-09,858.05,-1,-1,-1,-1,-1,-1,-1
1996-07-10,858.79,-1,-1,-1,-1,-1,-1,-1
1996-07-11,847.39,-1,-1,-1,-1,-1,-1,-1
1996-07-12,839.82,-1,-1,-1,-1,-1,-1,-1
1996-07-13,835.3,-1,-1,-1,-1,-1,-1,-1
1996-07-14,-1.0,-1,-1,-1,-1,-1,-1,-1
1996-07-15,814.11,-1,-1,-1,-1,-1,-1,-1
1996-07-16,812.66,-1,-1,-1,-1,-1,-1,-1
1996-07-17,-1.0,-1,-1,-1,-1,-1,-1,-1
1996-07-18,816.47,-1,-1,-1,-1,-1,-1,-1
1996-07-19,837.39,-1,-1,-1,-1,-1,-1,-1
1996-07-20,840.05,-1,-1,-1,-1,-1,-1,-1
1996-07-21,-1.0,-1,-1,-1,-1,-1,-1,-1
1996-07-22,838.75,-1,-1,-1,-1,-1,-1,-1
1996-07-23,838.78,-1,-1,-1,-1,-1,-1,-1
1996-07-24,832.48,-1,-1,-1,-1,-1,-1,-1
1996-07-25,820.29,-1,-1,-1,-1,-1,-1,-1
1996-07-26,814.03,-1,-1,-1,-1,-1,-1,-1
1996-07-27,804.55,-1,-1,-1,-1,-1,-1,-1
1996-07-28,-1.0,-1,-1,-1,-1,-1,-1,-1
1996-07-29,805.15,-1,-1,-1,-1,-1,-1,-1
1996-07-30,807.28,-1,-1,-1,-1,-1,-1,-1
1996-07-31,821.71,-1,-1,-1,-1,-1,-1,-1
1996-08-01,835.27,-1,-1,-1,-1,-1,-1,-1
1996-08-02,826.23,-1,-1,-1,-1,-1,-1,-1
1996-08-03,824.08,-1,-1,-1,-1,-1,-1,-1
1996-08-04,-1.0,-1,-1,-1,-1,-1,-1,-1
1996-08-05,824.3,-1,-1,-1,-1,-1,-1,-1
1996-08-06,828.05,-1,-1,-1,-1,-1,-1,-1
1996-08-07,834.03,-1,-1,-1,-1,-1,-1,-1
1996-08-08,837.2,-1,-1,-1,-1,-1,-1,-1
1996-08-09,832.61,-1,-1,-1,-1,-1,-1,-1
1996-08-10,836.77,-1,-1,-1,-1,-1,-1,-1
1996-08-11,-1.0,-1,-1,-1,-1,-1,-1,-1
1996-08-12,837.99,-1,-1,-1,-1,-1,-1,-1
1996-08-13,833.43,-1,-1,-1,-1,-1,-1,-1
1996-08-14,825.84,-1,-1,-1,-1,-1,-1,-1
1996-08-15,-1.0,-1,-1,-1,-1,-1,-1,-1
1996-08-16,814.96,-1,-1,-1,-1,-1,-1,-1
1996-08-17,810.69,-1,-1,-1,-1,-1,-1,-1
1996-08-18,-1.0,-1,-1,-1,-1,-1,-1,-1
1996-08-19,800.52,-1,-1,-1,-1,-1,-1,-1
1996-08-20,793.91,-1,-1,-1,-1,-1,-1,-1
1996-08-21,789.12,-1,-1,-1,-1,-1,-1,-1
1996-08-22,779.63,-1,-1,-1,-1,-1,-1,-1
1996-08-23,781.42,-1,-1,-1,-1,-1,-1,-1
1996-08-24,782.13,-1,-1,-1,-1,-1,-1,-1
1996-08-25,-1.0,-1,-1,-1,-1,-1,-1,-1
1996-08-26,766.89,-1,-1,-1,-1,-1,-1,-1
1996-08-27,761.75,-1,-1,-1,-1,-1,-1,-1
1996-08-28,753.35,-1,-1,-1,-1,-1,-1,-1
1996-08-29,766.16,-1,-1,-1,-1,-1,-1,-1
1996-08-30,782.87,-1,-1,-1,-1,-1,-1,-1
1996-08-31,781.49,-1,-1,-1,-1,-1,-1,-1
1996-09-01,-1.0,-1,-1,-1,-1,-1,-1,-1
1996-09-02,774.26,-1,-1,-1,-1,-1,-1,-1
1996-09-03,769.8,-1,-1,-1,-1,-1,-1,-1
1996-09-04,791.64,-1,-1,-1,-1,-1,-1,-1
1996-09-05,787.14,-1,-1,-1,-1,-1,-1,-1
1996-09-06,784.05,-1,-1,-1,-1,-1,-1,-1
1996-09-07,785.26,-1,-1,-1,-1,-1,-1,-1
1996-09-08,-1.0,-1,-1,-1,-1,-1,-1,-1
1996-09-09,797.38,-1,-1,-1,-1,-1,-1,-1
1996-09-10,803.04,-1,-1,-1,-1,-1,-1,-1
1996-09-11,801.45,-1,-1,-1,-1,-1,-1,-1
1996-09-12,797.57,-1,-1,-1,-1,-1,-1,-1
1996-09-13,785.19,-1,-1,-1,-1,-1,-1,-1
1996-09-14,781.73,-1,-1,-1,-1,-1,-1,-1
1996-09-15,-1.0,-1,-1,-1,-1,-1,-1,-1
1996-09-16,781.88,-1,-1,-1,-1,-1,-1,-1
1996-09-17,781.76,-1,-1,-1,-1,-1,-1,-1
1996-09-18,782.1,-1,-1,-1,-1,-1,-1,-1
1996-09-19,773.15,-1,-1,-1,-1,-1,-1,-1
1996-09-20,759.35,-1,-1,-1,-1,-1,-1,-1
1996-09-21,768.37,-1,-1,-1,-1,-1,-1,-1
1996-09-22,-1.0,-1,-1,-1,-1,-1,-1,-1
1996-09-23,769.2,-1,-1,-1,-1,-1,-1,-1
1996-09-24,777.91,-1,-1,-1,-1,-1,-1,-1
1996-09-25,793.21,-1,-1,-1,-1,-1,-1,-1
1996-09-26,-1.0,-1,-1,-1,-1,-1,-1,-1
1996-09-27,-1.0,-1,-1,-1,-1,-1,-1,-1
1996-09-28,-1.0,-1,-1,-1,-1,-1,-1,-1
1996-09-29,-1.0,-1,-1,-1,-1,-1,-1,-1
1996-09-30,789.67,-1,-1,-1,-1,-1,-1,-1
1997-01-01,-1.0,-1,-1,-1,-1,-1,-1,-1
1997-01-02,-1.0,-1,-1,-1,-1,-1,-1,-1
1997-01-03,653.79,-1,-1,-1,-1,-1,-1,-1
1997-01-04,643.41,-1,-1,-1,-1,-1,-1,-1
1997-01-05,-1.0,-1,-1,-1,-1,-1,-1,-1
1997-01-06,626.87,-1,-1,-1,-1,-1,-1,-1
1997-01-07,611.05,-1,-1,-1,-1,-1,-1,-1
1997-01-08,621.41,-1,-1,-1,-1,-1,-1,-1
1997-01-09,639.87,-1,-1,-1,-1,-1,-1,-1
1997-01-10,648.69,-1,-1,-1,-1,-1,-1,-1
1997-01-11,659.54,-1,-1,-1,-1,-1,-1,-1
1997-01-12,-1.0,-1,-1,-1,-1,-1,-1,-1
1997-01-13,659.54,-1,-1,-1,-1,-1,-1,-1
1997-01-14,686.59,-1,-1,-1,-1,-1,-1,-1
1997-01-15,699.76,-1,-1,-1,-1,-1,-1,-1
1997-01-16,711.86,-1,-1,-1,-1,-1,-1,-1
1997-01-17,701.18,-1,-1,-1,-1,-1,-1,-1
1997-01-18,694.23,-1,-1,-1,-1,-1,-1,-1
1997-01-19,-1.0,-1,-1,-1,-1,-1,-1,-1
1997-01-20,718.46,-1,-1,-1,-1,-1,-1,-1
1997-01-21,690.54,-1,-1,-1,-1,-1,-1,-1
1997-01-22,678.94,-1,-1,-1,-1,-1,-1,-1
1997-01-23,676.91,-1,-1,-1,-1,-1,-1,-1
1997-01-24,679.56,-1,-1,-1,-1,-1,-1,-1
1997-01-25,685.11,-1,-1,-1,-1,-1,-1,-1
1997-01-26,-1.0,-1,-1,-1,-1,-1,-1,-1
1997-01-27,664.7,-1,-1,-1,-1,-1,-1,-1
1997-01-28,662.85,-1,-1,-1,-1,-1,-1,-1
1997-01-29,663.56,-1,-1,-1,-1,-1,-1,-1
1997-01-30,676.52,-1,-1,-1,-1,-1,-1,-1
1997-01-31,685.84,-1,-1,-1,-1,-1,-1,-1
1997-02-01,683.13,-1,-1,-1,-1,-1,-1,-1
1997-02-02,-1.0,-1,-1,-1,-1,-1,-1,-1
1997-02-03,687.25,-1,-1,-1,-1,-1,-1,-1
1997-02-04,695.95,-1,-1,-1,-1,-1,-1,-1
1997-02-05,698.6,-1,-1,-1,-1,-1,-1,-1
1997-02-06,700.22,-1,-1,-1,-1,-1,-1,-1
1997-02-07,-1.0,-1,-1,-1,-1,-1,-1,-1
1997-02-08,-1.0,-1,-1,-1,-1,-1,-1,-1
1997-02-09,-1.0,-1,-1,-1,-1,-1,-1,-1
1997-02-10,709.79,-1,-1,-1,-1,-1,-1,-1
1997-02-11,713.43,-1,-1,-1,-1,-1,-1,-1
1997-02-12,712.5,-1,-1,-1,-1,-1,-1,-1
1997-02-13,716.71,-1,-1,-1,-1,-1,-1,-1
1997-02-14,721.0,-1,-1,-1,-1,-1,-1,-1
1997-02-15,722.32,-1,-1,-1,-1,-1,-1,-1
1997-02-16,-1.0,-1,-1,-1,-1,-1,-1,-1
1997-02-17,712.93,-1,-1,-1,-1,-1,-1,-1
1997-02-18,706.94,-1,-1,-1,-1,-1,-1,-1
1997-02-19,713.67,-1,-1,-1,-1,-1,-1,-1
1997-02-20,711.13,-1,-1,-1,-1,-1,-1,-1
1997-02-21,686.72,-1,-1,-1,-1,-1,-1,-1
1997-02-22,681.24,-1,-1,-1,-1,-1,-1,-1
1997-02-23,-1.0,-1,-1,-1,-1,-1,-1,-1
1997-02-24,676.59,-1,-1,-1,-1,-1,-1,-1
1997-02-25,682.81,-1,-1,-1,-1,-1,-1,-1
1997-02-26,679.71,-1,-1,-1,-1,-1,-1,-1
1997-02-27,669.41,-1,-1,-1,-1,-1,-1,-1
1997-02-28,676.53,-1,-1,-1,-1,-1,-1,-1
1997-03-01,-1.0,-1,-1,-1,-1,-1,-1,-1
1997-03-02,-1.0,-1,-1,-1,-1,-1,-1,-1
1997-03-03,679.64,-1,-1,-1,-1,-1,-1,-1
1997-03-04,679.97,-1,-1,-1,-1,-1,-1,-1
1997-03-05,674.9,-1,-1,-1,-1,-1,-1,-1
1997-03-06,678.11,-1,-1,-1,-1,-1,-1,-1
1997-03-07,681.22,-1,-1,-1,-1,-1,-1,-1
1997-03-08,675.07,-1,-1,-1,-1,-1,-1,-1
1997-03-09,-1.0,-1,-1,-1,-1,-1,-1,-1
1997-03-10,667.35,-1,-1,-1,-1,-1,-1,-1
1997-03-11,655.95,-1,-1,-1,-1,-1,-1,-1
1997-03-12,663.9,-1,-1,-1,-1,-1,-1,-1
1997-03-13,657.9,-1,-1,-1,-1,-1,-1,-1
1997-03-14,642.08,-1,-1,-1,-1,-1,-1,-1
1997-03-15,641.83,-1,-1,-1,-1,-1,-1,-1
1997-03-16,-1.0,-1,-1,-1,-1,-1,-1,-1
1997-03-17,658.9,-1,-1,-1,-1,-1,-1,-1
1997-03-18,657.97,-1,-1,-1,-1,-1,-1,-1
1997-03-19,646.29,-1,-1,-1,-1,-1,-1,-1
1997-03-20,642.86,-1,-1,-1,-1,-1,-1,-1
1997-03-21,627.63,-1,-1,-1,-1,-1,-1,-1
1997-03-22,623.13,-1,-1,-1,-1,-1,-1,-1
1997-03-23,-1.0,-1,-1,-1,-1,-1,-1,-1
1997-03-24,617.26,-1,-1,-1,-1,-1,-1,-1
1997-03-25,638.9,-1,-1,-1,-1,-1,-1,-1
1997-03-26,656.62,-1,-1,-1,-1,-1,-1,-1
1997-03-27,651.65,-1,-1,-1,-1,-1,-1,-1
1997-03-28,652.87,-1,-1,-1,-1,-1,-1,-1
1997-03-29,667.19,-1,-1,-1,-1,-1,-1,-1
1997-03-30,-1.0,-1,-1,-1,-1,-1,-1,-1
1997-03-31,677.34,-1,-1,-1,-1,-1,-1,-1
1997-10-01,644.92,-1,-1,-1,-1,-1,-1,-1
1997-10-02,636.65,-1,-1,-1,-1,-1,-1,-1
1997-10-03,-1.0,-1,-1,-1,-1,-1,-1,-1
1997-10-04,646.15,-1,-1,-1,-1,-1,-1,-1
1997-10-05,-1.0,-1,-1,-1,-1,-1,-1,-1
1997-10-06,644.21,-1,-1,-1,-1,-1,-1,-1
1997-10-07,630.03,-1,-1,-1,-1,-1,-1,-1
1997-10-08,610.44,-1,-1,-1,-1,-1,-1,-1
1997-10-09,609.36,-1,-1,-1,-1,-1,-1,-1
1997-10-10,609.84,-1,-1,-1,-1,-1,-1,-1
1997-10-11,620.23,-1,-1,-1,-1,-1,-1,-1
1997-10-12,-1.0,-1,-1,-1,-1,-1,-1,-1
1997-10-13,613.0,-1,-1,-1,-1,-1,-1,-1
1997-10-14,620.68,-1,-1,-1,-1,-1,-1,-1
1997-10-15,604.74,-1,-1,-1,-1,-1,-1,-1
1997-10-16,579.25,-1,-1,-1,-1,-1,-1,-1
1997-10-17,585.49,-1,-1,-1,-1,-1,-1,-1
1997-10-18,584.71,-1,-1,-1,-1,-1,-1,-1
1997-10-19,-1.0,-1,-1,-1,-1,-1,-1,-1
1997-10-20,565.64,-1,-1,-1,-1,-1,-1,-1
1997-10-21,566.85,-1,-1,-1,-1,-1,-1,-1
1997-10-22,601.32,-1,-1,-1,-1,-1,-1,-1
1997-10-23,604.06,-1,-1,-1,-1,-1,-1,-1
1997-10-24,570.91,-1,-1,-1,-1,-1,-1,-1
1997-10-25,548.47,-1,-1,-1,-1,-1,-1,-1
1997-10-26,-1.0,-1,-1,-1,-1,-1,-1,-1
1997-10-27,530.47,-1,-1,-1,-1,-1,-1,-1
1997-10-28,495.28,-1,-1,-1,-1,-1,-1,-1
1997-10-29,506.64,-1,-1,-1,-1,-1,-1,-1
1997-10-30,485.08,-1,-1,-1,-1,-1,-1,-1
1997-10-31,470.79,-1,-1,-1,-1,-1,-1,-1
1997-11-01,497.22,-1,-1,-1,-1,-1,-1,-1
1997-11-02,-1.0,-1,-1,-1,-1,-1,-1,-1
1997-11-03,511.66,-1,-1,-1,-1,-1,-1,-1
1997-11-04,542.13,-1,-1,-1,-1,-1,-1,-1
1997-11-05,555.74,-1,-1,-1,-1,-1,-1,-1
1997-11-06,553.87,-1,-1,-1,-1,-1,-1,-1
1997-11-07,515.63,-1,-1,-1,-1,-1,-1,-1
1997-11-08,495.7,-1,-1,-1,-1,-1,-1,-1
1997-11-09,-1.0,-1,-1,-1,-1,-1,-1,-1
1997-11-10,525.32,-1,-1,-1,-1,-1,-1,-1
1997-11-11,522.11,-1,-1,-1,-1,-1,-1,-1
1997-11-12,517.49,-1,-1,-1,-1,-1,-1,-1
1997-11-13,519.47,-1,-1,-1,-1,-1,-1,-1
1997-11-14,520.01,-1,-1,-1,-1,-1,-1,-1
1997-11-15,519.37,-1,-1,-1,-1,-1,-1,-1
1997-11-16,-1.0,-1,-1,-1,-1,-1,-1,-1
1997-11-17,496.98,-1,-1,-1,-1,-1,-1,-1
1997-11-18,494.66,-1,-1,-1,-1,-1,-1,-1
1997-11-19,502.59,-1,-1,-1,-1,-1,-1,-1
1997-11-20,488.41,-1,-1,-1,-1,-1,-1,-1
1997-11-21,506.07,-1,-1,-1,-1,-1,-1,-1
1997-11-22,485.43,-1,-1,-1,-1,-1,-1,-1
1997-11-23,-1.0,-1,-1,-1,-1,-1,-1,-1
1997-11-24,450.64,-1,-1,-1,-1,-1,-1,-1
1997-11-25,439.59,-1,-1,-1,-1,-1,-1,-1
1997-11-26,438.7,-1,-1,-1,-1,-1,-1,-1
1997-11-27,433.1,-1,-1,-1,-1,-1,-1,-1
1997-11-28,411.91,-1,-1,-1,-1,-1,-1,-1
1997-11-29,407.86,-1,-1,-1,-1,-1,-1,-1
1997-11-30,-1.0,-1,-1,-1,-1,-1,-1,-1
1997-12-01,393.16,-1,-1,-1,-1,-1,-1,-1
1997-12-02,376.87,-1,-1,-1,-1,-1,-1,-1
1997-12-03,379.31,-1,-1,-1,-1,-1,-1,-1
1997-12-04,405.81,-1,-1,-1,-1,-1,-1,-1
1997-12-05,434.12,-1,-1,-1,-1,-1,-1,-1
1997-12-06,435.73,-1,-1,-1,-1,-1,-1,-1
1997-12-07,-1.0,-1,-1,-1,-1,-1,-1,-1
1997-12-08,414.83,-1,-1,-1,-1,-1,-1,-1
1997-12-09,388.0,-1,-1,-1,-1,-1,-1,-1
1997-12-10,399.85,-1,-1,-1,-1,-1,-1,-1
1997-12-11,377.37,-1,-1,-1,-1,-1,-1,-1
1997-12-12,350.68,-1,-1,-1,-1,-1,-1,-1
1997-12-13,359.82,-1,-1,-1,-1,-1,-1,-1
1997-12-14,-1.0,-1,-1,-1,-1,-1,-1,-1
1997-12-15,385.8,-1,-1,-1,-1,-1,-1,-1
1997-12-16,404.26,-1,-1,-1,-1,-1,-1,-1
1997-12-17,418.49,-1,-1,-1,-1,-1,-1,-1
1997-12-18,-1.0,-1,-1,-1,-1,-1,-1,-1
1997-12-19,397.02,-1,-1,-1,-1,-1,-1,-1
1997-12-20,400.19,-1,-1,-1,-1,-1,-1,-1
1997-12-21,-1.0,-1,-1,-1,-1,-1,-1,-1
1997-12-22,396.06,-1,-1,-1,-1,-1,-1,-1
1997-12-23,366.36,-1,-1,-1,-1,-1,-1,-1
1997-12-24,351.45,-1,-1,-1,-1,-1,-1,-1
1997-12-25,-1.0,-1,-1,-1,-1,-1,-1,-1
1997-12-26,375.15,-1,-1,-1,-1,-1,-1,-1
1997-12-27,376.31,-1,-1,-1,-1,-1,-1,-1
1997-12-28,-1.0,-1,-1,-1,-1,-1,-1,-1
1997-12-29,-1.0,-1,-1,-1,-1,-1,-1,-1
1997-12-30,-1.0,-1,-1,-1,-1,-1,-1,-1
1997-12-31,-1.0,-1,-1,-1,-1,-1,-1,-1
1999-07-01,919.98,-1,-1,-1,-1,-1,-1,-1
1999-07-02,933.42,-1,-1,-1,-1,-1,-1,-1
1999-07-03,-1.0,-1,-1,-1,-1,-1,-1,-1
1999-07-04,-1.0,-1,-1,-1,-1,-1,-1,-1
1999-07-05,962.84,-1,-1,-1,-1,-1,-1,-1
1999-07-06,989.43,-1,-1,-1,-1,-1,-1,-1
1999-07-07,1005.98,-1,-1,-1,-1,-1,-1,-1
1999-07-08,999.11,-1,-1,-1,-1,-1,-1,-1
1999-07-09,1027.93,-1,-1,-1,-1,-1,-1,-1
1999-07-10,-1.0,-1,-1,-1,-1,-1,-1,-1
1999-07-11,-1.0,-1,-1,-1,-1,-1,-1,-1
1999-07-12,1004.25,-1,-1,-1,-1,-1,-1,-1
1999-07-13,987.5,-1,-1,-1,-1,-1,-1,-1
1999-07-14,953.67,-1,-1,-1,-1,-1,-1,-1
1999-07-15,982.14,-1,-1,-1,-1,-1,-1,-1
1999-07-16,1020.82,-1,-1,-1,-1,-1,-1,-1
1999-07-17,-1.0,-1,-1,-1,-1,-1,-1,-1
1999-07-18,-1.0,-1,-1,-1,-1,-1,-1,-1
1999-07-19,1024.58,-1,-1,-1,-1,-1,-1,-1
1999-07-20,998.45,-1,-1,-1,-1,-1,-1,-1
1999-07-21,965.11,-1,-1,-1,-1,-1,-1,-1
1999-07-22,976.66,-1,-1,-1,-1,-1,-1,-1
1999-07-23,904.96,-1,-1,-1,-1,-1,-1,-1
1999-07-24,-1.0,-1,-1,-1,-1,-1,-1,-1
1999-07-25,-1.0,-1,-1,-1,-1,-1,-1,-1
1999-07-26,872.94,-1,-1,-1,-1,-1,-1,-1
1999-07-27,928.85,-1,-1,-1,-1,-1,-1,-1
1999-07-28,944.46,-1,-1,-1,-1,-1,-1,-1
1999-07-29,998.71,-1,-1,-1,-1,-1,-1,-1
1999-07-30,969.72,-1,-1,-1,-1,-1,-1,-1
1999-07-31,-1.0,-1,-1,-1,-1,-1,-1,-1
1999-08-01,-1.0,-1,-1,-1,-1,-1,-1,-1
1999-08-02,959.81,-1,-1,-1,-1,-1,-1,-1
1999-08-03,973.33,-1,-1,-1,-1,-1,-1,-1
1999-08-04,975.45,-1,-1,-1,-1,-1,-1,-1
1999-08-05,939.07,-1,-1,-1,-1,-1,-1,-1
1999-08-06,938.26,-1,-1,-1,-1,-1,-1,-1
1999-08-07,-1.0,-1,-1,-1,-1,-1,-1,-1
1999-08-08,-1.0,-1,-1,-1,-1,-1,-1,-1
1999-08-09,948.97,-1,-1,-1,-1,-1,-1,-1
1999-08-10,968.66,-1,-1,-1,-1,-1,-1,-1
1999-08-11,944.08,-1,-1,-1,-1,-1,-1,-1
1999-08-12,949.35,-1,-1,-1,-1,-1,-1,-1
1999-08-13,917.47,-1,-1,-1,-1,-1,-1,-1
1999-08-14,-1.0,-1,-1,-1,-1,-1,-1,-1
1999-08-15,-1.0,-1,-1,-1,-1,-1,-1,-1
1999-08-16,907.28,-1,-1,-1,-1,-1,-1,-1
1999-08-17,873.7,-1,-1,-1,-1,-1,-1,-1
1999-08-18,868.94,-1,-1,-1,-1,-1,-1,-1
1999-08-19,871.18,-1,-1,-1,-1,-1,-1,-1
1999-08-20,878.39,-1,-1,-1,-1,-1,-1,-1
1999-08-21,-1.0,-1,-1,-1,-1,-1,-1,-1
1999-08-22,-1.0,-1,-1,-1,-1,-1,-1,-1
1999-08-23,917.58,-1,-1,-1,-1,-1,-1,-1
1999-08-24,932.41,-1,-1,-1,-1,-1,-1,-1
1999-08-25,963.0,-1,-1,-1,-1,-1,-1,-1
1999-08-26,959.88,-1,-1,-1,-1,-1,-1,-1
1999-08-27,960.28,-1,-1,-1,-1,-1,-1,-1
1999-08-28,-1.0,-1,-1,-1,-1,-1,-1,-1
1999-08-29,-1.0,-1,-1,-1,-1,-1,-1,-1
1999-08-30,942.57,-1,-1,-1,-1,-1,-1,-1
1999-08-31,937.88,-1,-1,-1,-1,-1,-1,-1
1999-09-01,905.52,-1,-1,-1,-1,-1,-1,-1
1999-09-02,898.97,-1,-1,-1,-1,-1,-1,-1
1999-09-03,910.62,-1,-1,-1,-1,-1,-1,-1
1999-09-04,-1.0,-1,-1,-1,-1,-1,-1,-1
1999-09-05,-1.0,-1,-1,-1,-1,-1,-1,-1
1999-09-06,943.22,-1,-1,-1,-1,-1,-1,-1
1999-09-07,943.92,-1,-1,-1,-1,-1,-1,-1
1999-09-08,936.93,-1,-1,-1,-1,-1,-1,-1
1999-09-09,950.53,-1,-1,-1,-1,-1,-1,-1
1999-09-10,961.98,-1,-1,-1,-1,-1,-1,-1
1999-09-11,-1.0,-1,-1,-1,-1,-1,-1,-1
1999-09-12,-1.0,-1,-1,-1,-1,-1,-1,-1
1999-09-13,980.91,-1,-1,-1,-1,-1,-1,-1
1999-09-14,968.54,-1,-1,-1,-1,-1,-1,-1
1999-09-15,952.69,-1,-1,-1,-1,-1,-1,-1
1999-09-16,916.16,-1,-1,-1,-1,-1,-1,-1
1999-09-17,925.2,-1,-1,-1,-1,-1,-1,-1
1999-09-18,-1.0,-1,-1,-1,-1,-1,-1,-1
1999-09-19,-1.0,-1,-1,-1,-1,-1,-1,-1
1999-09-20,933.88,-1,-1,-1,-1,-1,-1,-1
1999-09-21,957.42,-1,-1,-1,-1,-1,-1,-1
1999-09-22,941.57,-1,-1,-1,-1,-1,-1,-1
1999-09-23,-1.0,-1,-1,-1,-1,-1,-1,-1
1999-09-24,-1.0,-1,-1,-1,-1,-1,-1,-1
1999-09-25,-1.0,-1,-1,-1,-1,-1,-1,-1
1999-09-26,-1.0,-1,-1,-1,-1,-1,-1,-1
1999-09-27,903.79,-1,-1,-1,-1,-1,-1,-1
1999-09-28,900.73,-1,-1,-1,-1,-1,-1,-1
1999-09-29,868.88,-1,-1,-1,-1,-1,-1,-1
1999-09-30,836.18,-1,-1,-1,-1,-1,-1,-1
1999-10-01,839.35,-1,-1,-1,-1,-1,-1,-1
1999-10-02,-1.0,-1,-1,-1,-1,-1,-1,-1
1999-10-03,-1.0,-1,-1,-1,-1,-1,-1,-1
1999-10-04,818.37,-1,-1,-1,-1,-1,-1,-1
1999-10-05,791.55,-1,-1,-1,-1,-1,-1,-1
1999-10-06,835.31,-1,-1,-1,-1,-1,-1,-1
1999-10-07,851.15,-1,-1,-1,-1,-1,-1,-1
1999-10-08,839.41,-1,-1,-1,-1,-1,-1,-1
1999-10-09,-1.0,-1,-1,-1,-1,-1,-1,-1
1999-10-10,-1.0,-1,-1,-1,-1,-1,-1,-1
1999-10-11,834.39,-1,-1,-1,-1,-1,-1,-1
1999-10-12,856.25,-1,-1,-1,-1,-1,-1,-1
1999-10-13,855.52,-1,-1,-1,-1,-1,-1,-1
1999-10-14,866.02,-1,-1,-1,-1,-1,-1,-1
1999-10-15,862.63,-1,-1,-1,-1,-1,-1,-1
1999-10-16,-1.0,-1,-1,-1,-1,-1,-1,-1
1999-10-17,-1.0,-1,-1,-1,-1,-1,-1,-1
1999-10-18,826.25,-1,-1,-1,-1,-1,-1,-1
1999-10-19,811.44,-1,-1,-1,-1,-1,-1,-1
1999-10-20,830.69,-1,-1,-1,-1,-1,-1,-1
1999-10-21,818.51,-1,-1,-1,-1,-1,-1,-1
1999-10-22,819.52,-1,-1,-1,-1,-1,-1,-1
1999-10-23,-1.0,-1,-1,-1,-1,-1,-1,-1
1999-10-24,-1.0,-1,-1,-1,-1,-1,-1,-1
1999-10-25,798.84,-1,-1,-1,-1,-1,-1,-1
1999-10-26,797.01,-1,-1,-1,-1,-1,-1,-1
1999-10-27,793.42,-1,-1,-1,-1,-1,-1,-1
1999-10-28,820.95,-1,-1,-1,-1,-1,-1,-1
1999-10-29,833.51,-1,-1,-1,-1,-1,-1,-1
1999-10-30,-1.0,-1,-1,-1,-1,-1,-1,-1
1999-10-31,-1.0,-1,-1,-1,-1,-1,-1,-1
1999-11-01,876.55,-1,-1,-1,-1,-1,-1,-1
1999-11-02,890.18,-1,-1,-1,-1,-1,-1,-1
1999-11-03,887.15,-1,-1,-1,-1,-1,-1,-1
1999-11-04,911.82,-1,-1,-1,-1,-1,-1,-1
1999-11-05,913.09,-1,-1,-1,-1,-1,-1,-1
1999-11-06,-1.0,-1,-1,-1,-1,-1,-1,-1
1999-11-07,-1.0,-1,-1,-1,-1,-1,-1,-1
1999-11-08,907.6,-1,-1,-1,-1,-1,-1,-1
1999-11-09,943.46,-1,-1,-1,-1,-1,-1,-1
1999-11-10,938.76,-1,-1,-1,-1,-1,-1,-1
1999-11-11,947.42,-1,-1,-1,-1,-1,-1,-1
1999-11-12,969.26,-1,-1,-1,-1,-1,-1,-1
1999-11-13,-1.0,-1,-1,-1,-1,-1,-1,-1
1999-11-14,-1.0,-1,-1,-1,-1,-1,-1,-1
1999-11-15,974.73,-1,-1,-1,-1,-1,-1,-1
1999-11-16,1007.72,-1,-1,-1,-1,-1,-1,-1
1999-11-17,967.64,-1,-1,-1,-1,-1,-1,-1
1999-11-18,970.19,-1,-1,-1,-1,-1,-1,-1
1999-11-19,993.11,-1,-1,-1,-1,-1,-1,-1
1999-11-20,-1.0,-1,-1,-1,-1,-1,-1,-1
1999-11-21,-1.0,-1,-1,-1,-1,-1,-1,-1
1999-11-22,977.88,-1,-1,-1,-1,-1,-1,-1
1999-11-23,974.05,-1,-1,-1,-1,-1,-1,-1
1999-11-24,969.29,-1,-1,-1,-1,-1,-1,-1
1999-11-25,972.71,-1,-1,-1,-1,-1,-1,-1
1999-11-26,949.16,-1,-1,-1,-1,-1,-1,-1
1999-11-27,-1.0,-1,-1,-1,-1,-1,-1,-1
1999-11-28,-1.0,-1,-1,-1,-1,-1,-1,-1
1999-11-29,964.26,-1,-1,-1,-1,-1,-1,-1
1999-11-30,996.66,-1,-1,-1,-1,-1,-1,-1
1999-12-01,999.16,-1,-1,-1,-1,-1,-1,-1
1999-12-02,967.9,-1,-1,-1,-1,-1,-1,-1
1999-12-03,966.59,-1,-1,-1,-1,-1,-1,-1
1999-12-04,-1.0,-1,-1,-1,-1,-1,-1,-1
1999-12-05,-1.0,-1,-1,-1,-1,-1,-1,-1
1999-12-06,998.11,-1,-1,-1,-1,-1,-1,-1
1999-12-07,999.92,-1,-1,-1,-1,-1,-1,-1
1999-12-08,988.32,-1,-1,-1,-1,-1,-1,-1
1999-12-09,980.54,-1,-1,-1,-1,-1,-1,-1
1999-12-10,1018.17,-1,-1,-1,-1,-1,-1,-1
1999-12-11,-1.0,-1,-1,-1,-1,-1,-1,-1
1999-12-12,-1.0,-1,-1,-1,-1,-1,-1,-1
1999-12-13,1013.65,-1,-1,-1,-1,-1,-1,-1
1999-12-14,1002.64,-1,-1,-1,-1,-1,-1,-1
1999-12-15,963.58,-1,-1,-1,-1,-1,-1,-1
1999-12-16,948.57,-1,-1,-1,-1,-1,-1,-1
1999-12-17,949.26,-1,-1,-1,-1,-1,-1,-1
1999-12-18,-1.0,-1,-1,-1,-1,-1,-1,-1
1999-12-19,-1.0,-1,-1,-1,-1,-1,-1,-1
1999-12-20,967.05,-1,-1,-1,-1,-1,-1,-1
1999-12-21,958.8,-1,-1,-1,-1,-1,-1,-1
1999-12-22,967.83,-1,-1,-1,-1,-1,-1,-1
1999-12-23,974.16,-1,-1,-1,-1,-1,-1,-1
1999-12-24,991.63,-1,-1,-1,-1,-1,-1,-1
1999-12-25,-1.0,-1,-1,-1,-1,-1,-1,-1
1999-12-26,-1.0,-1,-1,-1,-1,-1,-1,-1
1999-12-27,1005.73,-1,-1,-1,-1,-1,-1,-1
1999-12-28,1028.07,-1,-1,-1,-1,-1,-1,-1
1999-12-29,-1.0,-1,-1,-1,-1,-1,-1,-1
1999-12-30,-1.0,-1,-1,-1,-1,-1,-1,-1
1999-12-31,-1.0,-1,-1,-1,-1,-1,-1,-1
2000-04-01,-1.0,-1,-1,-1,-1,-1,-1,-1
2000-04-02,-1.0,-1,-1,-1,-1,-1,-1,-1
2000-04-03,846.44,-1,-1,-1,-1,-1,-1,-1
2000-04-04,830.16,-1,-1,-1,-1,-1,-1,-1
2000-04-05,-1.0,-1,-1,-1,-1,-1,-1,-1
2000-04-06,804.35,-1,-1,-1,-1,-1,-1,-1
2000-04-07,837.38,-1,-1,-1,-1,-1,-1,-1
2000-04-08,-1.0,-1,-1,-1,-1,-1,-1,-1
2000-04-09,-1.0,-1,-1,-1,-1,-1,-1,-1
2000-04-10,870.17,-1,-1,-1,-1,-1,-1,-1
2000-04-11,855.05,-1,-1,-1,-1,-1,-1,-1
2000-04-12,837.01,-1,-1,-1,-1,-1,-1,-1
2000-04-13,-1.0,-1,-1,-1,-1,-1,-1,-1
2000-04-14,800.89,-1,-1,-1,-1,-1,-1,-1
2000-04-15,-1.0,-1,-1,-1,-1,-1,-1,-1
2000-04-16,-1.0,-1,-1,-1,-1,-1,-1,-1
2000-04-17,707.72,-1,-1,-1,-1,-1,-1,-1
2000-04-18,747.3,-1,-1,-1,-1,-1,-1,-1
2000-04-19,755.08,-1,-1,-1,-1,-1,-1,-1
2000-04-20,761.25,-1,-1,-1,-1,-1,-1,-1
2000-04-21,767.16,-1,-1,-1,-1,-1,-1,-1
2000-04-22,-1.0,-1,-1,-1,-1,-1,-1,-1
2000-04-23,-1.0,-1,-1,-1,-1,-1,-1,-1
2000-04-24,747.58,-1,-1,-1,-1,-1,-1,-1
2000-04-25,737.2,-1,-1,-1,-1,-1,-1,-1
2000-04-26,713.23,-1,-1,-1,-1,-1,-1,-1
2000-04-27,692.07,-1,-1,-1,-1,-1,-1,-1
2000-04-28,725.39,-1,-1,-1,-1,-1,-1,-1
2000-04-29,-1.0,-1,-1,-1,-1,-1,-1,-1
2000-04-30,-1.0,-1,-1,-1,-1,-1,-1,-1
2000-05-01,-1.0,-1,-1,-1,-1,-1,-1,-1
2000-05-02,752.59,-1,-1,-1,-1,-1,-1,-1
2000-05-03,752.76,-1,-1,-1,-1,-1,-1,-1
2000-05-04,751.29,-1,-1,-1,-1,-1,-1,-1
2000-05-05,-1.0,-1,-1,-1,-1,-1,-1,-1
2000-05-06,-1.0,-1,-1,-1,-1,-1,-1,-1
2000-05-07,-1.0,-1,-1,-1,-1,-1,-1,-1
2000-05-08,770.24,-1,-1,-1,-1,-1,-1,-1
2000-05-09,760.85,-1,-1,-1,-1,-1,-1,-1
2000-05-10,759.51,-1,-1,-1,-1,-1,-1,-1
2000-05-11,-1.0,-1,-1,-1,-1,-1,-1,-1
2000-05-12,740.3,-1,-1,-1,-1,-1,-1,-1
2000-05-13,-1.0,-1,-1,-1,-1,-1,-1,-1
2000-05-14,-1.0,-1,-1,-1,-1,-1,-1,-1
2000-05-15,728.67,-1,-1,-1,-1,-1,-1,-1
2000-05-16,746.77,-1,-1,-1,-1,-1,-1,-1
2000-05-17,727.18,-1,-1,-1,-1,-1,-1,-1
2000-05-18,712.95,-1,-1,-1,-1,-1,-1,-1
2000-05-19,730.68,-1,-1,-1,-1,-1,-1,-1
2000-05-20,-1.0,-1,-1,-1,-1,-1,-1,-1
2000-05-21,-1.0,-1,-1,-1,-1,-1,-1,-1
2000-05-22,691.61,-1,-1,-1,-1,-1,-1,-1
2000-05-23,679.76,-1,-1,-1,-1,-1,-1,-1
2000-05-24,674.95,-1,-1,-1,-1,-1,-1,-1
2000-05-25,699.53,-1,-1,-1,-1,-1,-1,-1
2000-05-26,656.66,-1,-1,-1,-1,-1,-1,-1
2000-05-27,-1.0,-1,-1,-1,-1,-1,-1,-1
2000-05-28,-1.0,-1,-1,-1,-1,-1,-1,-1
2000-05-29,655.93,-1,-1,-1,-1,-1,-1,-1
2000-05-30,691.26,-1,-1,-1,-1,-1,-1,-1
2000-05-31,731.88,-1,-1,-1,-1,-1,-1,-1
2000-06-01,738.49,-1,-1,-1,-1,-1,-1,-1
2000-06-02,760.69,-1,-1,-1,-1,-1,-1,-1
2000-06-03,-1.0,-1,-1,-1,-1,-1,-1,-1
2000-06-04,-1.0,-1,-1,-1,-1,-1,-1,-1
2000-06-05,794.21,-1,-1,-1,-1,-1,-1,-1
2000-06-06,-1.0,-1,-1,-1,-1,-1,-1,-1
2000-06-07,822.54,-1,-1,-1,-1,-1,-1,-1
2000-06-08,800.11,-1,-1,-1,-1,-1,-1,-1
2000-06-09,836.4,-1,-1,-1,-1,-1,-1,-1
2000-06-10,-1.0,-1,-1,-1,-1,-1,-1,-1
2000-06-11,-1.0,-1,-1,-1,-1,-1,-1,-1
2000-06-12,845.81,-1,-1,-1,-1,-1,-1,-1
2000-06-13,804.45,-1,-1,-1,-1,-1,-1,-1
2000-06-14,819.27,-1,-1,-1,-1,-1,-1,-1
2000-06-15,770.95,-1,-1,-1,-1,-1,-1,-1
2000-06-16,759.04,-1,-1,-1,-1,-1,-1,-1
2000-06-17,-1.0,-1,-1,-1,-1,-1,-1,-1
2000-06-18,-1.0,-1,-1,-1,-1,-1,-1,-1
2000-06-19,755.38,-1,-1,-1,-1,-1,-1,-1
2000-06-20,785.32,-1,-1,-1,-1,-1,-1,-1
2000-06-21,781.87,-1,-1,-1,-1,-1,-1,-1
2000-06-22,782.24,-1,-1,-1,-1,-1,-1,-1
2000-06-23,778.94,-1,-1,-1,-1,-1,-1,-1
2000-06-24,-1.0,-1,-1,-1,-1,-1,-1,-1
2000-06-25,-1.0,-1,-1,-1,-1,-1,-1,-1
2000-06-26,791.55,-1,-1,-1,-1,-1,-1,-1
2000-06-27,809.87,-1,-1,-1,-1,-1,-1,-1
2000-06-28,818.73,-1,-1,-1,-1,-1,-1,-1
2000-06-29,818.9,-1,-1,-1,-1,-1,-1,-1
2000-06-30,821.22,-1,-1,-1,-1,-1,-1,-1
2000-07-01,-1.0,-1,-1,-1,-1,-1,-1,-1
2000-07-02,-1.0,-1,-1,-1,-1,-1,-1,-1
2000-07-03,835.21,-1,-1,-1,-1,-1,-1,-1
2000-07-04,818.53,-1,-1,-1,-1,-1,-1,-1
2000-07-05,830.4,-1,-1,-1,-1,-1,-1,-1
2000-07-06,837.63,-1,-1,-1,-1,-1,-1,-1
2000-07-07,841.74,-1,-1,-1,-1,-1,-1,-1
2000-07-08,-1.0,-1,-1,-1,-1,-1,-1,-1
2000-07-09,-1.0,-1,-1,-1,-1,-1,-1,-1
2000-07-10,851.47,-1,-1,-1,-1,-1,-1,-1
2000-07-11,836.86,-1,-1,-1,-1,-1,-1,-1
2000-07-12,839.76,-1,-1,-1,-1,-1,-1,-1
2000-07-13,845.75,-1,-1,-1,-1,-1,-1,-1
2000-07-14,827.95,-1,-1,-1,-1,-1,-1,-1
2000-07-15,-1.0,-1,-1,-1,-1,-1,-1,-1
2000-07-16,-1.0,-1,-1,-1,-1,-1,-1,-1
2000-07-17,-1.0,-1,-1,-1,-1,-1,-1,-1
2000-07-18,812.33,-1,-1,-1,-1,-1,-1,-1
2000-07-19,797.3,-1,-1,-1,-1,-1,-1,-1
2000-07-20,778.9,-1,-1,-1,-1,-1,-1,-1
2000-07-21,783.06,-1,-1,-1,-1,-1,-1,-1
2000-07-22,-1.0,-1,-1,-1,-1,-1,-1,-1
2000-07-23,-1.0,-1,-1,-1,-1,-1,-1,-1
2000-07-24,737.89,-1,-1,-1,-1,-1,-1,-1
2000-07-25,737.64,-1,-1,-1,-1,-1,-1,-1
2000-07-26,743.84,-1,-1,-1,-1,-1,-1,-1
2000-07-27,727.68,-1,-1,-1,-1,-1,-1,-1
2000-07-28,692.65,-1,-1,-1,-1,-1,-1,-1
2000-07-29,-1.0,-1,-1,-1,-1,-1,-1,-1
2000-07-30,-1.0,-1,-1,-1,-1,-1,-1,-1
2000-07-31,705.97,-1,-1,-1,-1,-1,-1,-1
2000-08-01,727.1,-1,-1,-1,-1,-1,-1,-1
2000-08-02,728.33,-1,-1,-1,-1,-1,-1,-1
2000-08-03,722.08,-1,-1,-1,-1,-1,-1,-1
2000-08-04,710.0,-1,-1,-1,-1,-1,-1,-1
2000-08-05,-1.0,-1,-1,-1,-1,-1,-1,-1
2000-08-06,-1.0,-1,-1,-1,-1,-1,-1,-1
2000-08-07,675.59,-1,-1,-1,-1,-1,-1,-1
2000-08-08,666.08,-1,-1,-1,-1,-1,-1,-1
2000-08-09,710.23,-1,-1,-1,-1,-1,-1,-1
2000-08-10,729.28,-1,-1,-1,-1,-1,-1,-1
2000-08-11,722.21,-1,-1,-1,-1,-1,-1,-1
2000-08-12,-1.0,-1,-1,-1,-1,-1,-1,-1
2000-08-13,-1.0,-1,-1,-1,-1,-1,-1,-1
2000-08-14,733.25,-1,-1,-1,-1,-1,-1,-1
2000-08-15,-1.0,-1,-1,-1,-1,-1,-1,-1
2000-08-16,751.14,-1,-1,-1,-1,-1,-1,-1
2000-08-17,743.49,-1,-1,-1,-1,-1,-1,-1
2000-08-18,728.32,-1,-1,-1,-1,-1,-1,-1
2000-08-19,-1.0,-1,-1,-1,-1,-1,-1,-1
2000-08-20,-1.0,-1,-1,-1,-1,-1,-1,-1
2000-08-21,722.58,-1,-1,-1,-1,-1,-1,-1
2000-08-22,738.61,-1,-1,-1,-1,-1,-1,-1
2000-08-23,719.79,-1,-1,-1,-1,-1,-1,-1
2000-08-24,718.86,-1,-1,-1,-1,-1,-1,-1
2000-08-25,729.8,-1,-1,-1,-1,-1,-1,-1
2000-08-26,-1.0,-1,-1,-1,-1,-1,-1,-1
2000-08-27,-1.0,-1,-1,-1,-1,-1,-1,-1
2000-08-28,731.81,-1,-1,-1,-1,-1,-1,-1
2000-08-29,731.56,-1,-1,-1,-1,-1,-1,-1
2000-08-30,718.93,-1,-1,-1,-1,-1,-1,-1
2000-08-31,688.62,-1,-1,-1,-1,-1,-1,-1
2000-09-01,692.19,-1,-1,-1,-1,-1,-1,-1
2000-09-02,-1.0,-1,-1,-1,-1,-1,-1,-1
2000-09-03,-1.0,-1,-1,-1,-1,-1,-1,-1
2000-09-04,681.3,-1,-1,-1,-1,-1,-1,-1
2000-09-05,679.24,-1,-1,-1,-1,-1,-1,-1
2000-09-06,676.69,-1,-1,-1,-1,-1,-1,-1
2000-09-07,656.37,-1,-1,-1,-1,-1,-1,-1
2000-09-08,653.68,-1,-1,-1,-1,-1,-1,-1
2000-09-09,-1.0,-1,-1,-1,-1,-1,-1,-1
2000-09-10,-1.0,-1,-1,-1,-1,-1,-1,-1
2000-09-11,-1.0,-1,-1,-1,-1,-1,-1,-1
2000-09-12,-1.0,-1,-1,-1,-1,-1,-1,-1
2000-09-13,-1.0,-1,-1,-1,-1,-1,-1,-1
2000-09-14,650.14,-1,-1,-1,-1,-1,-1,-1
2000-09-15,628.2,-1,-1,-1,-1,-1,-1,-1
2000-09-16,-1.0,-1,-1,-1,-1,-1,-1,-1
2000-09-17,-1.0,-1,-1,-1,-1,-1,-1,-1
2000-09-18,577.56,-1,-1,-1,-1,-1,-1,-1
2000-09-19,571.17,-1,-1,-1,-1,-1,-1,-1
2000-09-20,606.08,-1,-1,-1,-1,-1,-1,-1
2000-09-21,595.99,-1,-1,-1,-1,-1,-1,-1
2000-09-22,553.25,-1,-1,-1,-1,-1,-1,-1
2000-09-23,-1.0,-1,-1,-1,-1,-1,-1,-1
2000-09-24,-1.0,-1,-1,-1,-1,-1,-1,-1
2000-09-25,584.63,-1,-1,-1,-1,-1,-1,-1
2000-09-26,587.6,-1,-1,-1,-1,-1,-1,-1
2000-09-27,599.31,-1,-1,-1,-1,-1,-1,-1
2000-09-28,605.85,-1,-1,-1,-1,-1,-1,-1
2000-09-29,613.22,-1,-1,-1,-1,-1,-1,-1
2000-09-30,-1.0,-1,-1,-1,-1,-1,-1,-1
2001-04-01,-1.0,-1,-1,-1,-1,-1,-1,-1
2001-04-02,515.2,-1,-1,-1,-1,-1,-1,-1
2001-04-03,503.26,-1,-1,-1,-1,-1,-1,-1
2001-04-04,493.69,-1,-1,-1,-1,-1,-1,-1
2001-04-05,-1.0,-1,-1,-1,-1,-1,-1,-1
2001-04-06,506.22,-1,-1,-1,-1,-1,-1,-1
2001-04-07,-1.0,-1,-1,-1,-1,-1,-1,-1
2001-04-08,-1.0,-1,-1,-1,-1,-1,-1,-1
2001-04-09,497.46,-1,-1,-1,-1,-1,-1,-1
2001-04-10,491.21,-1,-1,-1,-1,-1,-1,-1
2001-04-11,507.53,-1,-1,-1,-1,-1,-1,-1
2001-04-12,514.21,-1,-1,-1,-1,-1,-1,-1
2001-04-13,516.1,-1,-1,-1,-1,-1,-1,-1
2001-04-14,-1.0,-1,-1,-1,-1,-1,-1,-1
2001-04-15,-1.0,-1,-1,-1,-1,-1,-1,-1
2001-04-16,508.35,-1,-1,-1,-1,-1,-1,-1
2001-04-17,513.97,-1,-1,-1,-1,-1,-1,-1
2001-04-18,540.0,-1,-1,-1,-1,-1,-1,-1
2001-04-19,563.31,-1,-1,-1,-1,-1,-1,-1
2001-04-20,556.29,-1,-1,-1,-1,-1,-1,-1
2001-04-21,-1.0,-1,-1,-1,-1,-1,-1,-1
2001-04-22,-1.0,-1,-1,-1,-1,-1,-1,-1
2001-04-23,560.94,-1,-1,-1,-1,-1,-1,-1
2001-04-24,555.64,-1,-1,-1,-1,-1,-1,-1
2001-04-25,566.34,-1,-1,-1,-1,-1,-1,-1
2001-04-26,561.62,-1,-1,-1,-1,-1,-1,-1
2001-04-27,556.63,-1,-1,-1,-1,-1,-1,-1
2001-04-28,-1.0,-1,-1,-1,-1,-1,-1,-1
2001-04-29,-1.0,-1,-1,-1,-1,-1,-1,-1
2001-04-30,577.36,-1,-1,-1,-1,-1,-1,-1
2001-05-01,-1.0,-1,-1,-1,-1,-1,-1,-1
2001-05-02,583.7,-1,-1,-1,-1,-1,-1,-1
2001-05-03,584.4,-1,-1,-1,-1,-1,-1,-1
2001-05-04,585.6,-1,-1,-1,-1,-1,-1,-1
2001-05-05,-1.0,-1,-1,-1,-1,-1,-1,-1
2001-05-06,-1.0,-1,-1,-1,-1,-1,-1,-1
2001-05-07,596.5,-1,-1,-1,-1,-1,-1,-1
2001-05-08,590.91,-1,-1,-1,-1,-1,-1,-1
2001-05-09,578.84,-1,-1,-1,-1,-1,-1,-1
2001-05-10,581.38,-1,-1,-1,-1,-1,-1,-1
2001-05-11,583.06,-1,-1,-1,-1,-1,-1,-1
2001-05-12,-1.0,-1,-1,-1,-1,-1,-1,-1
2001-05-13,-1.0,-1,-1,-1,-1,-1,-1,-1
2001-05-14,584.08,-1,-1,-1,-1,-1,-1,-1
2001-05-15,581.3,-1,-1,-1,-1,-1,-1,-1
2001-05-16,572.4,-1,-1,-1,-1,-1,-1,-1
2001-05-17,596.39,-1,-1,-1,-1,-1,-1,-1
2001-05-18,600.54,-1,-1,-1,-1,-1,-1,-1
2001-05-19,-1.0,-1,-1,-1,-1,-1,-1,-1
2001-05-20,-1.0,-1,-1,-1,-1,-1,-1,-1
2001-05-21,618.96,-1,-1,-1,-1,-1,-1,-1
2001-05-22,617.99,-1,-1,-1,-1,-1,-1,-1
2001-05-23,622.6,-1,-1,-1,-1,-1,-1,-1
2001-05-24,622.28,-1,-1,-1,-1,-1,-1,-1
2001-05-25,624.11,-1,-1,-1,-1,-1,-1,-1
2001-05-26,-1.0,-1,-1,-1,-1,-1,-1,-1
2001-05-27,-1.0,-1,-1,-1,-1,-1,-1,-1
2001-05-28,618.47,-1,-1,-1,-1,-1,-1,-1
2001-05-29,632.05,-1,-1,-1,-1,-1,-1,-1
2001-05-30,628.42,-1,-1,-1,-1,-1,-1,-1
2001-05-31,612.16,-1,-1,-1,-1,-1,-1,-1
2001-06-01,607.07,-1,-1,-1,-1,-1,-1,-1
2001-06-02,-1.0,-1,-1,-1,-1,-1,-1,-1
2001-06-03,-1.0,-1,-1,-1,-1,-1,-1,-1
2001-06-04,610.91,-1,-1,-1,-1,-1,-1,-1
2001-06-05,597.66,-1,-1,-1,-1,-1,-1,-1
2001-06-06,-1.0,-1,-1,-1,-1,-1,-1,-1
2001-06-07,601.14,-1,-1,-1,-1,-1,-1,-1
2001-06-08,621.78,-1,-1,-1,-1,-1,-1,-1
2001-06-09,-1.0,-1,-1,-1,-1,-1,-1,-1
2001-06-10,-1.0,-1,-1,-1,-1,-1,-1,-1
2001-06-11,608.23,-1,-1,-1,-1,-1,-1,-1
2001-06-12,607.15,-1,-1,-1,-1,-1,-1,-1
2001-06-13,614.05,-1,-1,-1,-1,-1,-1,-1
2001-06-14,613.75,-1,-1,-1,-1,-1,-1,-1
2001-06-15,618.96,-1,-1,-1,-1,-1,-1,-1
2001-06-16,-1.0,-1,-1,-1,-1,-1,-1,-1
2001-06-17,-1.0,-1,-1,-1,-1,-1,-1,-1
2001-06-18,608.78,-1,-1,-1,-1,-1,-1,-1
2001-06-19,608.91,-1,-1,-1,-1,-1,-1,-1
2001-06-20,595.72,-1,-1,-1,-1,-1,-1,-1
2001-06-21,595.53,-1,-1,-1,-1,-1,-1,-1
2001-06-22,599.08,-1,-1,-1,-1,-1,-1,-1
2001-06-23,-1.0,-1,-1,-1,-1,-1,-1,-1
2001-06-24,-1.0,-1,-1,-1,-1,-1,-1,-1
2001-06-25,598.02,-1,-1,-1,-1,-1,-1,-1
2001-06-26,588.71,-1,-1,-1,-1,-1,-1,-1
2001-06-27,584.76,-1,-1,-1,-1,-1,-1,-1
2001-06-28,583.27,-1,-1,-1,-1,-1,-1,-1
2001-06-29,595.13,-1,-1,-1,-1,-1,-1,-1
2001-06-30,-1.0,-1,-1,-1,-1,-1,-1,-1
2001-07-01,-1.0,-1,-1,-1,-1,-1,-1,-1
2001-07-02,596.74,-1,-1,-1,-1,-1,-1,-1
2001-07-03,594.31,-1,-1,-1,-1,-1,-1,-1
2001-07-04,597.25,-1,-1,-1,-1,-1,-1,-1
2001-07-05,593.61,-1,-1,-1,-1,-1,-1,-1
2001-07-06,578.54,-1,-1,-1,-1,-1,-1,-1
2001-07-07,-1.0,-1,-1,-1,-1,-1,-1,-1
2001-07-08,-1.0,-1,-1,-1,-1,-1,-1,-1
2001-07-09,560.0,-1,-1,-1,-1,-1,-1,-1
2001-07-10,558.6,-1,-1,-1,-1,-1,-1,-1
2001-07-11,553.65,-1,-1,-1,-1,-1,-1,-1
2001-07-12,559.95,-1,-1,-1,-1,-1,-1,-1
2001-07-13,548.49,-1,-1,-1,-1,-1,-1,-1
2001-07-14,-1.0,-1,-1,-1,-1,-1,-1,-1
2001-07-15,-1.0,-1,-1,-1,-1,-1,-1,-1
2001-07-16,548.93,-1,-1,-1,-1,-1,-1,-1
2001-07-17,-1.0,-1,-1,-1,-1,-1,-1,-1
2001-07-18,540.53,-1,-1,-1,-1,-1,-1,-1
2001-07-19,545.74,-1,-1,-1,-1,-1,-1,-1
2001-07-20,537.71,-1,-1,-1,-1,-1,-1,-1
2001-07-21,-1.0,-1,-1,-1,-1,-1,-1,-1
2001-07-22,-1.0,-1,-1,-1,-1,-1,-1,-1
2001-07-23,524.21,-1,-1,-1,-1,-1,-1,-1
2001-07-24,526.62,-1,-1,-1,-1,-1,-1,-1
2001-07-25,526.08,-1,-1,-1,-1,-1,-1,-1
2001-07-26,529.22,-1,-1,-1,-1,-1,-1,-1
2001-07-27,541.13,-1,-1,-1,-1,-1,-1,-1
2001-07-28,-1.0,-1,-1,-1,-1,-1,-1,-1
2001-07-29,-1.0,-1,-1,-1,-1,-1,-1,-1
2001-07-30,533.53,-1,-1,-1,-1,-1,-1,-1
2001-07-31,541.55,-1,-1,-1,-1,-1,-1,-1
2001-08-01,562.79,-1,-1,-1,-1,-1,-1,-1
2001-08-02,567.46,-1,-1,-1,-1,-1,-1,-1
2001-08-03,568.69,-1,-1,-1,-1,-1,-1,-1
2001-08-04,-1.0,-1,-1,-1,-1,-1,-1,-1
2001-08-05,-1.0,-1,-1,-1,-1,-1,-1,-1
2001-08-06,569.37,-1,-1,-1,-1,-1,-1,-1
2001-08-07,567.5,-1,-1,-1,-1,-1,-1,-1
2001-08-08,565.94,-1,-1,-1,-1,-1,-1,-1
2001-08-09,549.67,-1,-1,-1,-1,-1,-1,-1
2001-08-10,555.34,-1,-1,-1,-1,-1,-1,-1
2001-08-11,-1.0,-1,-1,-1,-1,-1,-1,-1
2001-08-12,-1.0,-1,-1,-1,-1,-1,-1,-1
2001-08-13,562.0,-1,-1,-1,-1,-1,-1,-1
2001-08-14,577.15,-1,-1,-1,-1,-1,-1,-1
2001-08-15,-1.0,-1,-1,-1,-1,-1,-1,-1
2001-08-16,580.95,-1,-1,-1,-1,-1,-1,-1
2001-08-17,580.99,-1,-1,-1,-1,-1,-1,-1
2001-08-18,-1.0,-1,-1,-1,-1,-1,-1,-1
2001-08-19,-1.0,-1,-1,-1,-1,-1,-1,-1
2001-08-20,567.09,-1,-1,-1,-1,-1,-1,-1
2001-08-21,568.68,-1,-1,-1,-1,-1,-1,-1
2001-08-22,574.87,-1,-1,-1,-1,-1,-1,-1
2001-08-23,570.07,-1,-1,-1,-1,-1,-1,-1
2001-08-24,569.31,-1,-1,-1,-1,-1,-1,-1
2001-08-25,-1.0,-1,-1,-1,-1,-1,-1,-1
2001-08-26,-1.0,-1,-1,-1,-1,-1,-1,-1
2001-08-27,578.74,-1,-1,-1,-1,-1,-1,-1
2001-08-28,576.51,-1,-1,-1,-1,-1,-1,-1
2001-08-29,565.63,-1,-1,-1,-1,-1,-1,-1
2001-08-30,564.36,-1,-1,-1,-1,-1,-1,-1
2001-08-31,545.11,-1,-1,-1,-1,-1,-1,-1
2001-09-01,-1.0,-1,-1,-1,-1,-1,-1,-1
2001-09-02,-1.0,-1,-1,-1,-1,-1,-1,-1
2001-09-03,541.83,-1,-1,-1,-1,-1,-1,-1
2001-09-04,558.79,-1,-1,-1,-1,-1,-1,-1
2001-09-05,551.91,-1,-1,-1,-1,-1,-1,-1
2001-09-06,552.59,-1,-1,-1,-1,-1,-1,-1
2001-09-07,555.08,-1,-1,-1,-1,-1,-1,-1
2001-09-08,-1.0,-1,-1,-1,-1,-1,-1,-1
2001-09-09,-1.0,-1,-1,-1,-1,-1,-1,-1
2001-09-10,550.73,-1,-1,-1,-1,-1,-1,-1
2001-09-11,540.57,-1,-1,-1,-1,-1,-1,-1
2001-09-12,475.6,-1,-1,-1,-1,-1,-1,-1
2001-09-13,499.25,-1,-1,-1,-1,-1,-1,-1
2001-09-14,482.29,-1,-1,-1,-1,-1,-1,-1
2001-09-15,-1.0,-1,-1,-1,-1,-1,-1,-1
2001-09-16,-1.0,-1,-1,-1,-1,-1,-1,-1
2001-09-17,468.76,-1,-1,-1,-1,-1,-1,-1
2001-09-18,484.93,-1,-1,-1,-1,-1,-1,-1
2001-09-19,486.75,-1,-1,-1,-1,-1,-1,-1
2001-09-20,480.27,-1,-1,-1,-1,-1,-1,-1
2001-09-21,472.31,-1,-1,-1,-1,-1,-1,-1
2001-09-22,-1.0,-1,-1,-1,-1,-1,-1,-1
2001-09-23,-1.0,-1,-1,-1,-1,-1,-1,-1
2001-09-24,482.19,-1,-1,-1,-1,-1,-1,-1
2001-09-25,472.13,-1,-1,-1,-1,-1,-1,-1
2001-09-26,472.85,-1,-1,-1,-1,-1,-1,-1
2001-09-27,472.38,-1,-1,-1,-1,-1,-1,-1
2001-09-28,479.68,-1,-1,-1,-1,-1,-1,-1
2001-09-29,-1.0,-1,-1,-1,-1,-1,-1,-1
2001-09-30,-1.0,-1,-1,-1,-1,-1,-1,-1
2001-10-01,-1.0,-1,-1,-1,-1,-1,-1,-1
2001-10-02,-1.0,-1,-1,-1,-1,-1,-1,-1
2001-10-03,-1.0,-1,-1,-1,-1,-1,-1,-1
2001-10-04,500.64,-1,-1,-1,-1,-1,-1,-1
2001-10-05,501.92,-1,-1,-1,-1,-1,-1,-1
2001-10-06,-1.0,-1,-1,-1,-1,-1,-1,-1
2001-10-07,-1.0,-1,-1,-1,-1,-1,-1,-1
2001-10-08,496.13,-1,-1,-1,-1,-1,-1,-1
2001-10-09,507.61,-1,-1,-1,-1,-1,-1,-1
2001-10-10,503.46,-1,-1,-1,-1,-1,-1,-1
2001-10-11,517.05,-1,-1,-1,-1,-1,-1,-1
2001-10-12,516.4,-1,-1,-1,-1,-1,-1,-1
2001-10-13,-1.0,-1,-1,-1,-1,-1,-1,-1
2001-10-14,-1.0,-1,-1,-1,-1,-1,-1,-1
2001-10-15,513.99,-1,-1,-1,-1,-1,-1,-1
2001-10-16,521.91,-1,-1,-1,-1,-1,-1,-1
2001-10-17,528.29,-1,-1,-1,-1,-1,-1,-1
2001-10-18,524.21,-1,-1,-1,-1,-1,-1,-1
2001-10-19,528.04,-1,-1,-1,-1,-1,-1,-1
2001-10-20,-1.0,-1,-1,-1,-1,-1,-1,-1
2001-10-21,-1.0,-1,-1,-1,-1,-1,-1,-1
2001-10-22,528.7,-1,-1,-1,-1,-1,-1,-1
2001-10-23,530.5,-1,-1,-1,-1,-1,-1,-1
2001-10-24,541.49,-1,-1,-1,-1,-1,-1,-1
2001-10-25,542.19,-1,-1,-1,-1,-1,-1,-1
2001-10-26,543.41,-1,-1,-1,-1,-1,-1,-1
2001-10-27,-1.0,-1,-1,-1,-1,-1,-1,-1
2001-10-28,-1.0,-1,-1,-1,-1,-1,-1,-1
2001-10-29,547.87,-1,-1,-1,-1,-1,-1,-1
2001-10-30,533.87,-1,-1,-1,-1,-1,-1,-1
2001-10-31,537.81,-1,-1,-1,-1,-1,-1,-1
2001-11-01,544.09,-1,-1,-1,-1,-1,-1,-1
2001-11-02,550.57,-1,-1,-1,-1,-1,-1,-1
2001-11-03,-1.0,-1,-1,-1,-1,-1,-1,-1
2001-11-04,-1.0,-1,-1,-1,-1,-1,-1,-1
2001-11-05,561.62,-1,-1,-1,-1,-1,-1,-1
2001-11-06,565.47,-1,-1,-1,-1,-1,-1,-1
2001-11-07,562.03,-1,-1,-1,-1,-1,-1,-1
2001-11-08,573.04,-1,-1,-1,-1,-1,-1,-1
2001-11-09,576.75,-1,-1,-1,-1,-1,-1,-1
2001-11-10,-1.0,-1,-1,-1,-1,-1,-1,-1
2001-11-11,-1.0,-1,-1,-1,-1,-1,-1,-1
2001-11-12,584.48,-1,-1,-1,-1,-1,-1,-1
2001-11-13,588.83,-1,-1,-1,-1,-1,-1,-1
2001-11-14,606.68,-1,-1,-1,-1,-1,-1,-1
2001-11-15,606.44,-1,-1,-1,-1,-1,-1,-1
2001-11-16,610.88,-1,-1,-1,-1,-1,-1,-1
2001-11-17,-1.0,-1,-1,-1,-1,-1,-1,-1
2001-11-18,-1.0,-1,-1,-1,-1,-1,-1,-1
2001-11-19,626.43,-1,-1,-1,-1,-1,-1,-1
2001-11-20,616.33,-1,-1,-1,-1,-1,-1,-1
2001-11-21,615.45,-1,-1,-1,-1,-1,-1,-1
2001-11-22,624.56,-1,-1,-1,-1,-1,-1,-1
2001-11-23,645.18,-1,-1,-1,-1,-1,-1,-1
2001-11-24,-1.0,-1,-1,-1,-1,-1,-1,-1
2001-11-25,-1.0,-1,-1,-1,-1,-1,-1,-1
2001-11-26,674.56,-1,-1,-1,-1,-1,-1,-1
2001-11-27,670.1,-1,-1,-1,-1,-1,-1,-1
2001-11-28,632.02,-1,-1,-1,-1,-1,-1,-1
2001-11-29,628.86,-1,-1,-1,-1,-1,-1,-1
2001-11-30,643.89,-1,-1,-1,-1,-1,-1,-1
2001-12-01,-1.0,-1,-1,-1,-1,-1,-1,-1
2001-12-02,-1.0,-1,-1,-1,-1,-1,-1,-1
2001-12-03,650.66,-1,-1,-1,-1,-1,-1,-1
2001-12-04,649.9,-1,-1,-1,-1,-1,-1,-1
2001-12-05,688.31,-1,-1,-1,-1,-1,-1,-1
2001-12-06,686.61,-1,-1,-1,-1,-1,-1,-1
2001-12-07,704.5,-1,-1,-1,-1,-1,-1,-1
2001-12-08,-1.0,-1,-1,-1,-1,-1,-1,-1
2001-12-09,-1.0,-1,-1,-1,-1,-1,-1,-1
2001-12-10,668.77,-1,-1,-1,-1,-1,-1,-1
2001-12-11,670.08,-1,-1,-1,-1,-1,-1,-1
2001-12-12,681.43,-1,-1,-1,-1,-1,-1,-1
2001-12-13,676.59,-1,-1,-1,-1,-1,-1,-1
2001-12-14,665.2,-1,-1,-1,-1,-1,-1,-1
2001-12-15,-1.0,-1,-1,-1,-1,-1,-1,-1
2001-12-16,-1.0,-1,-1,-1,-1,-1,-1,-1
2001-12-17,648.28,-1,-1,-1,-1,-1,-1,-1
2001-12-18,643.76,-1,-1,-1,-1,-1,-1,-1
2001-12-19,647.05,-1,-1,-1,-1,-1,-1,-1
2001-12-20,664.51,-1,-1,-1,-1,-1,-1,-1
2001-12-21,644.71,-1,-1,-1,-1,-1,-1,-1
2001-12-22,-1.0,-1,-1,-1,-1,-1,-1,-1
2001-12-23,-1.0,-1,-1,-1,-1,-1,-1,-1
2001-12-24,646.49,-1,-1,-1,-1,-1,-1,-1
2001-12-25,-1.0,-1,-1,-1,-1,-1,-1,-1
2001-12-26,653.87,-1,-1,-1,-1,-1,-1,-1
2001-12-27,668.55,-1,-1,-1,-1,-1,-1,-1
2001-12-28,693.7,-1,-1,-1,-1,-1,-1,-1
2001-12-29,-1.0,-1,-1,-1,-1,-1,-1,-1
2001-12-30,-1.0,-1,-1,-1,-1,-1,-1,-1
2001-12-31,-1.0,-1,-1,-1,-1,-1,-1,-1
2002-01-01,-1.0,-1,-1,-1,-1,-1,-1,-1
2002-01-02,724.95,-1,-1,-1,-1,-1,-1,-1
2002-01-03,727.66,-1,-1,-1,-1,-1,-1,-1
2002-01-04,747.72,-1,-1,-1,-1,-1,-1,-1
2002-01-05,-1.0,-1,-1,-1,-1,-1,-1,-1
2002-01-06,-1.0,-1,-1,-1,-1,-1,-1,-1
2002-01-07,751.48,-1,-1,-1,-1,-1,-1,-1
2002-01-08,734.76,-1,-1,-1,-1,-1,-1,-1
2002-01-09,751.61,-1,-1,-1,-1,-1,-1,-1
2002-01-10,728.23,-1,-1,-1,-1,-1,-1,-1
2002-01-11,727.36,-1,-1,-1,-1,-1,-1,-1
2002-01-12,-1.0,-1,-1,-1,-1,-1,-1,-1
2002-01-13,-1.0,-1,-1,-1,-1,-1,-1,-1
2002-01-14,744.03,-1,-1,-1,-1,-1,-1,-1
2002-01-15,718.64,-1,-1,-1,-1,-1,-1,-1
2002-01-16,710.95,-1,-1,-1,-1,-1,-1,-1
2002-01-17,713.5,-1,-1,-1,-1,-1,-1,-1
2002-01-18,708.47,-1,-1,-1,-1,-1,-1,-1
2002-01-19,-1.0,-1,-1,-1,-1,-1,-1,-1
2002-01-20,-1.0,-1,-1,-1,-1,-1,-1,-1
2002-01-21,717.35,-1,-1,-1,-1,-1,-1,-1
2002-01-22,724.36,-1,-1,-1,-1,-1,-1,-1
2002-01-23,742.62,-1,-1,-1,-1,-1,-1,-1
2002-01-24,757.71,-1,-1,-1,-1,-1,-1,-1
2002-01-25,774.68,-1,-1,-1,-1,-1,-1,-1
2002-01-26,-1.0,-1,-1,-1,-1,-1,-1,-1
2002-01-27,-1.0,-1,-1,-1,-1,-1,-1,-1
2002-01-28,780.24,-1,-1,-1,-1,-1,-1,-1
2002-01-29,774.03,-1,-1,-1,-1,-1,-1,-1
2002-01-30,749.45,-1,-1,-1,-1,-1,-1,-1
2002-01-31,748.07,-1,-1,-1,-1,-1,-1,-1
2002-02-01,742.42,-1,-1,-1,-1,-1,-1,-1
2002-02-02,-1.0,-1,-1,-1,-1,-1,-1,-1
2002-02-03,-1.0,-1,-1,-1,-1,-1,-1,-1
2002-02-04,730.21,-1,-1,-1,-1,-1,-1,-1
2002-02-05,739.91,-1,-1,-1,-1,-1,-1,-1
2002-02-06,741.55,-1,-1,-1,-1,-1,-1,-1
2002-02-07,727.71,-1,-1,-1,-1,-1,-1,-1
2002-02-08,739.66,-1,-1,-1,-1,-1,-1,-1
2002-02-09,-1.0,-1,-1,-1,-1,-1,-1,-1
2002-02-10,-1.0,-1,-1,-1,-1,-1,-1,-1
2002-02-11,-1.0,-1,-1,-1,-1,-1,-1,-1
2002-02-12,-1.0,-1,-1,-1,-1,-1,-1,-1
2002-02-13,-1.0,-1,-1,-1,-1,-1,-1,-1
2002-02-14,796.18,-1,-1,-1,-1,-1,-1,-1
2002-02-15,783.59,-1,-1,-1,-1,-1,-1,-1
2002-02-16,-1.0,-1,-1,-1,-1,-1,-1,-1
2002-02-17,-1.0,-1,-1,-1,-1,-1,-1,-1
2002-02-18,790.37,-1,-1,-1,-1,-1,-1,-1
2002-02-19,782.27,-1,-1,-1,-1,-1,-1,-1
2002-02-20,776.89,-1,-1,-1,-1,-1,-1,-1
2002-02-21,787.62,-1,-1,-1,-1,-1,-1,-1
2002-02-22,792.0,-1,-1,-1,-1,-1,-1,-1
2002-02-23,-1.0,-1,-1,-1,-1,-1,-1,-1
2002-02-24,-1.0,-1,-1,-1,-1,-1,-1,-1
2002-02-25,791.48,-1,-1,-1,-1,-1,-1,-1
2002-02-26,801.14,-1,-1,-1,-1,-1,-1,-1
2002-02-27,822.11,-1,-1,-1,-1,-1,-1,-1
2002-02-28,819.99,-1,-1,-1,-1,-1,-1,-1
2002-03-01,-1.0,-1,-1,-1,-1,-1,-1,-1
2002-03-02,-1.0,-1,-1,-1,-1,-1,-1,-1
2002-03-03,-1.0,-1,-1,-1,-1,-1,-1,-1
2002-03-04,834.21,-1,-1,-1,-1,-1,-1,-1
2002-03-05,841.95,-1,-1,-1,-1,-1,-1,-1
2002-03-06,843.06,-1,-1,-1,-1,-1,-1,-1
2002-03-07,829.44,-1,-1,-1,-1,-1,-1,-1
2002-03-08,825.27,-1,-1,-1,-1,-1,-1,-1
2002-03-09,-1.0,-1,-1,-1,-1,-1,-1,-1
2002-03-10,-1.0,-1,-1,-1,-1,-1,-1,-1
2002-03-11,827.02,-1,-1,-1,-1,-1,-1,-1
2002-03-12,846.03,-1,-1,-1,-1,-1,-1,-1
2002-03-13,849.13,-1,-1,-1,-1,-1,-1,-1
2002-03-14,856.86,-1,-1,-1,-1,-1,-1,-1
2002-03-15,860.36,-1,-1,-1,-1,-1,-1,-1
2002-03-16,-1.0,-1,-1,-1,-1,-1,-1,-1
2002-03-17,-1.0,-1,-1,-1,-1,-1,-1,-1
2002-03-18,869.71,-1,-1,-1,-1,-1,-1,-1
2002-03-19,889.98,-1,-1,-1,-1,-1,-1,-1
2002-03-20,887.48,-1,-1,-1,-1,-1,-1,-1
2002-03-21,885.64,-1,-1,-1,-1,-1,-1,-1
2002-03-22,895.98,-1,-1,-1,-1,-1,-1,-1
2002-03-23,-1.0,-1,-1,-1,-1,-1,-1,-1
2002-03-24,-1.0,-1,-1,-1,-1,-1,-1,-1
2002-03-25,879.41,-1,-1,-1,-1,-1,-1,-1
2002-03-26,881.03,-1,-1,-1,-1,-1,-1,-1
2002-03-27,902.46,-1,-1,-1,-1,-1,-1,-1
2002-03-28,892.67,-1,-1,-1,-1,-1,-1,-1
2002-03-29,895.58,-1,-1,-1,-1,-1,-1,-1
2002-03-30,-1.0,-1,-1,-1,-1,-1,-1,-1
2002-03-31,-1.0,-1,-1,-1,-1,-1,-1,-1
2002-04-01,875.83,-1,-1,-1,-1,-1,-1,-1
2002-04-02,905.34,-1,-1,-1,-1,-1,-1,-1
2002-04-03,918.59,-1,-1,-1,-1,-1,-1,-1
2002-04-04,918.01,-1,-1,-1,-1,-1,-1,-1
2002-04-05,-1.0,-1,-1,-1,-1,-1,-1,-1
2002-04-06,-1.0,-1,-1,-1,-1,-1,-1,-1
2002-04-07,-1.0,-1,-1,-1,-1,-1,-1,-1
2002-04-08,900.69,-1,-1,-1,-1,-1,-1,-1
2002-04-09,888.67,-1,-1,-1,-1,-1,-1,-1
2002-04-10,856.03,-1,-1,-1,-1,-1,-1,-1
2002-04-11,862.86,-1,-1,-1,-1,-1,-1,-1
2002-04-12,875.69,-1,-1,-1,-1,-1,-1,-1
2002-04-13,-1.0,-1,-1,-1,-1,-1,-1,-1
2002-04-14,-1.0,-1,-1,-1,-1,-1,-1,-1
2002-04-15,894.28,-1,-1,-1,-1,-1,-1,-1
2002-04-16,901.29,-1,-1,-1,-1,-1,-1,-1
2002-04-17,930.51,-1,-1,-1,-1,-1,-1,-1
2002-04-18,937.61,-1,-1,-1,-1,-1,-1,-1
2002-04-19,923.94,-1,-1,-1,-1,-1,-1,-1
2002-04-20,-1.0,-1,-1,-1,-1,-1,-1,-1
2002-04-21,-1.0,-1,-1,-1,-1,-1,-1,-1
2002-04-22,920.89,-1,-1,-1,-1,-1,-1,-1
2002-04-23,925.7,-1,-1,-1,-1,-1,-1,-1
2002-04-24,915.69,-1,-1,-1,-1,-1,-1,-1
2002-04-25,872.58,-1,-1,-1,-1,-1,-1,-1
2002-04-26,869.65,-1,-1,-1,-1,-1,-1,-1
2002-04-27,-1.0,-1,-1,-1,-1,-1,-1,-1
2002-04-28,-1.0,-1,-1,-1,-1,-1,-1,-1
2002-04-29,838.51,-1,-1,-1,-1,-1,-1,-1
2002-04-30,842.34,-1,-1,-1,-1,-1,-1,-1
2002-05-01,-1.0,-1,-1,-1,-1,-1,-1,-1
2002-05-02,859.86,-1,-1,-1,-1,-1,-1,-1
2002-05-03,856.72,-1,-1,-1,-1,-1,-1,-1
2002-05-04,-1.0,-1,-1,-1,-1,-1,-1,-1
2002-05-05,-1.0,-1,-1,-1,-1,-1,-1,-1
2002-05-06,826.87,-1,-1,-1,-1,-1,-1,-1
2002-05-07,826.34,-1,-1,-1,-1,-1,-1,-1
2002-05-08,844.67,-1,-1,-1,-1,-1,-1,-1
2002-05-09,838.67,-1,-1,-1,-1,-1,-1,-1
2002-05-10,817.93,-1,-1,-1,-1,-1,-1,-1
2002-05-11,-1.0,-1,-1,-1,-1,-1,-1,-1
2002-05-12,-1.0,-1,-1,-1,-1,-1,-1,-1
2002-05-13,821.89,-1,-1,-1,-1,-1,-1,-1
2002-05-14,837.37,-1,-1,-1,-1,-1,-1,-1
2002-05-15,862.62,-1,-1,-1,-1,-1,-1,-1
2002-05-16,858.04,-1,-1,-1,-1,-1,-1,-1
2002-05-17,875.03,-1,-1,-1,-1,-1,-1,-1
2002-05-18,-1.0,-1,-1,-1,-1,-1,-1,-1
2002-05-19,-1.0,-1,-1,-1,-1,-1,-1,-1
2002-05-20,865.78,-1,-1,-1,-1,-1,-1,-1
2002-05-21,837.56,-1,-1,-1,-1,-1,-1,-1
2002-05-22,863.06,-1,-1,-1,-1,-1,-1,-1
2002-05-23,845.51,-1,-1,-1,-1,-1,-1,-1
2002-05-24,854.57,-1,-1,-1,-1,-1,-1,-1
2002-05-25,-1.0,-1,-1,-1,-1,-1,-1,-1
2002-05-26,-1.0,-1,-1,-1,-1,-1,-1,-1
2002-05-27,840.57,-1,-1,-1,-1,-1,-1,-1
2002-05-28,848.8,-1,-1,-1,-1,-1,-1,-1
2002-05-29,835.19,-1,-1,-1,-1,-1,-1,-1
2002-05-30,815.61,-1,-1,-1,-1,-1,-1,-1
2002-05-31,796.4,-1,-1,-1,-1,-1,-1,-1
2002-06-01,-1.0,-1,-1,-1,-1,-1,-1,-1
2002-06-02,-1.0,-1,-1,-1,-1,-1,-1,-1
2002-06-03,804.93,-1,-1,-1,-1,-1,-1,-1
2002-06-04,806.33,-1,-1,-1,-1,-1,-1,-1
2002-06-05,809.59,-1,-1,-1,-1,-1,-1,-1
2002-06-06,-1.0,-1,-1,-1,-1,-1,-1,-1
2002-06-07,795.16,-1,-1,-1,-1,-1,-1,-1
2002-06-08,-1.0,-1,-1,-1,-1,-1,-1,-1
2002-06-09,-1.0,-1,-1,-1,-1,-1,-1,-1
2002-06-10,811.9,-1,-1,-1,-1,-1,-1,-1
2002-06-11,815.33,-1,-1,-1,-1,-1,-1,-1
2002-06-12,823.06,-1,-1,-1,-1,-1,-1,-1
2002-06-13,-1.0,-1,-1,-1,-1,-1,-1,-1
2002-06-14,822.01,-1,-1,-1,-1,-1,-1,-1
2002-06-15,-1.0,-1,-1,-1,-1,-1,-1,-1
2002-06-16,-1.0,-1,-1,-1,-1,-1,-1,-1
2002-06-17,809.16,-1,-1,-1,-1,-1,-1,-1
2002-06-18,809.4,-1,-1,-1,-1,-1,-1,-1
2002-06-19,776.37,-1,-1,-1,-1,-1,-1,-1
2002-06-20,776.81,-1,-1,-1,-1,-1,-1,-1
2002-06-21,778.53,-1,-1,-1,-1,-1,-1,-1
2002-06-22,-1.0,-1,-1,-1,-1,-1,-1,-1
2002-06-23,-1.0,-1,-1,-1,-1,-1,-1,-1
2002-06-24,767.92,-1,-1,-1,-1,-1,-1,-1
2002-06-25,755.92,-1,-1,-1,-1,-1,-1,-1
2002-06-26,701.87,-1,-1,-1,-1,-1,-1,-1
2002-06-27,710.43,-1,-1,-1,-1,-1,-1,-1
2002-06-28,742.72,-1,-1,-1,-1,-1,-1,-1
2002-06-29,-1.0,-1,-1,-1,-1,-1,-1,-1
2002-06-30,-1.0,-1,-1,-1,-1,-1,-1,-1
2002-07-01,-1.0,-1,-1,-1,-1,-1,-1,-1
2002-07-02,746.23,-1,-1,-1,-1,-1,-1,-1
2002-07-03,753.36,-1,-1,-1,-1,-1,-1,-1
2002-07-04,768.74,-1,-1,-1,-1,-1,-1,-1
2002-07-05,787.83,-1,-1,-1,-1,-1,-1,-1
2002-07-06,-1.0,-1,-1,-1,-1,-1,-1,-1
2002-07-07,-1.0,-1,-1,-1,-1,-1,-1,-1
2002-07-08,783.35,-1,-1,-1,-1,-1,-1,-1
2002-07-09,801.99,-1,-1,-1,-1,-1,-1,-1
2002-07-10,794.71,-1,-1,-1,-1,-1,-1,-1
2002-07-11,764.88,-1,-1,-1,-1,-1,-1,-1
2002-07-12,792.93,-1,-1,-1,-1,-1,-1,-1
2002-07-13,-1.0,-1,-1,-1,-1,-1,-1,-1
2002-07-14,-1.0,-1,-1,-1,-1,-1,-1,-1
2002-07-15,783.52,-1,-1,-1,-1,-1,-1,-1
2002-07-16,771.45,-1,-1,-1,-1,-1,-1,-1
2002-07-17,-1.0,-1,-1,-1,-1,-1,-1,-1
2002-07-18,773.85,-1,-1,-1,-1,-1,-1,-1
2002-07-19,754.62,-1,-1,-1,-1,-1,-1,-1
2002-07-20,-1.0,-1,-1,-1,-1,-1,-1,-1
2002-07-21,-1.0,-1,-1,-1,-1,-1,-1,-1
2002-07-22,720.9,-1,-1,-1,-1,-1,-1,-1
2002-07-23,743.52,-1,-1,-1,-1,-1,-1,-1
2002-07-24,721.41,-1,-1,-1,-1,-1,-1,-1
2002-07-25,723.52,-1,-1,-1,-1,-1,-1,-1
2002-07-26,697.84,-1,-1,-1,-1,-1,-1,-1
2002-07-27,-1.0,-1,-1,-1,-1,-1,-1,-1
2002-07-28,-1.0,-1,-1,-1,-1,-1,-1,-1
2002-07-29,700.35,-1,-1,-1,-1,-1,-1,-1
2002-07-30,724.08,-1,-1,-1,-1,-1,-1,-1
2002-07-31,717.99,-1,-1,-1,-1,-1,-1,-1
2002-08-01,707.8,-1,-1,-1,-1,-1,-1,-1
2002-08-02,700.68,-1,-1,-1,-1,-1,-1,-1
2002-08-03,-1.0,-1,-1,-1,-1,-1,-1,-1
2002-08-04,-1.0,-1,-1,-1,-1,-1,-1,-1
2002-08-05,675.76,-1,-1,-1,-1,-1,-1,-1
2002-08-06,673.78,-1,-1,-1,-1,-1,-1,-1
2002-08-07,679.37,-1,-1,-1,-1,-1,-1,-1
2002-08-08,684.49,-1,-1,-1,-1,-1,-1,-1
2002-08-09,692.45,-1,-1,-1,-1,-1,-1,-1
2002-08-10,-1.0,-1,-1,-1,-1,-1,-1,-1
2002-08-11,-1.0,-1,-1,-1,-1,-1,-1,-1
2002-08-12,695.39,-1,-1,-1,-1,-1,-1,-1
2002-08-13,708.63,-1,-1,-1,-1,-1,-1,-1
2002-08-14,711.24,-1,-1,-1,-1,-1,-1,-1
2002-08-15,-1.0,-1,-1,-1,-1,-1,-1,-1
2002-08-16,718.29,-1,-1,-1,-1,-1,-1,-1
2002-08-17,-1.0,-1,-1,-1,-1,-1,-1,-1
2002-08-18,-1.0,-1,-1,-1,-1,-1,-1,-1
2002-08-19,717.58,-1,-1,-1,-1,-1,-1,-1
2002-08-20,736.7,-1,-1,-1,-1,-1,-1,-1
2002-08-21,745.12,-1,-1,-1,-1,-1,-1,-1
2002-08-22,745.75,-1,-1,-1,-1,-1,-1,-1
2002-08-23,740.51,-1,-1,-1,-1,-1,-1,-1
2002-08-24,-1.0,-1,-1,-1,-1,-1,-1,-1
2002-08-25,-1.0,-1,-1,-1,-1,-1,-1,-1
2002-08-26,734.79,-1,-1,-1,-1,-1,-1,-1
2002-08-27,724.17,-1,-1,-1,-1,-1,-1,-1
2002-08-28,724.05,-1,-1,-1,-1,-1,-1,-1
2002-08-29,724.94,-1,-1,-1,-1,-1,-1,-1
2002-08-30,736.4,-1,-1,-1,-1,-1,-1,-1
2002-08-31,-1.0,-1,-1,-1,-1,-1,-1,-1
2002-09-01,-1.0,-1,-1,-1,-1,-1,-1,-1
2002-09-02,751.98,-1,-1,-1,-1,-1,-1,-1
2002-09-03,740.59,-1,-1,-1,-1,-1,-1,-1
2002-09-04,723.05,-1,-1,-1,-1,-1,-1,-1
2002-09-05,720.98,-1,-1,-1,-1,-1,-1,-1
2002-09-06,708.73,-1,-1,-1,-1,-1,-1,-1
2002-09-07,-1.0,-1,-1,-1,-1,-1,-1,-1
2002-09-08,-1.0,-1,-1,-1,-1,-1,-1,-1
2002-09-09,697.89,-1,-1,-1,-1,-1,-1,-1
2002-09-10,713.3,-1,-1,-1,-1,-1,-1,-1
2002-09-11,724.71,-1,-1,-1,-1,-1,-1,-1
2002-09-12,739.22,-1,-1,-1,-1,-1,-1,-1
2002-09-13,718.17,-1,-1,-1,-1,-1,-1,-1
2002-09-14,-1.0,-1,-1,-1,-1,-1,-1,-1
2002-09-15,-1.0,-1,-1,-1,-1,-1,-1,-1
2002-09-16,704.38,-1,-1,-1,-1,-1,-1,-1
2002-09-17,726.8,-1,-1,-1,-1,-1,-1,-1
2002-09-18,703.87,-1,-1,-1,-1,-1,-1,-1
2002-09-19,704.12,-1,-1,-1,-1,-1,-1,-1
2002-09-20,-1.0,-1,-1,-1,-1,-1,-1,-1
2002-09-21,-1.0,-1,-1,-1,-1,-1,-1,-1
2002-09-22,-1.0,-1,-1,-1,-1,-1,-1,-1
2002-09-23,679.43,-1,-1,-1,-1,-1,-1,-1
2002-09-24,672.28,-1,-1,-1,-1,-1,-1,-1
2002-09-25,657.96,-1,-1,-1,-1,-1,-1,-1
2002-09-26,662.41,-1,-1,-1,-1,-1,-1,-1
2002-09-27,663.72,-1,-1,-1,-1,-1,-1,-1
2002-09-28,-1.0,-1,-1,-1,-1,-1,-1,-1
2002-09-29,-1.0,-1,-1,-1,-1,-1,-1,-1
2002-09-30,646.42,-1,-1,-1,-1,-1,-1,-1
2003-07-01,674.75,-1,-1,-1,-1,-1,-1,-1
2003-07-02,685.8,-1,-1,-1,-1,-1,-1,-1
2003-07-03,686.83,-1,-1,-1,-1,-1,-1,-1
2003-07-04,693.25,-1,-1,-1,-1,-1,-1,-1
2003-07-05,-1.0,-1,-1,-1,-1,-1,-1,-1
2003-07-06,-1.0,-1,-1,-1,-1,-1,-1,-1
2003-07-07,704.29,-1,-1,-1,-1,-1,-1,-1
2003-07-08,708.34,-1,-1,-1,-1,-1,-1,-1
2003-07-09,705.5,-1,-1,-1,-1,-1,-1,-1
2003-07-10,700.51,-1,-1,-1,-1,-1,-1,-1
2003-07-11,704.15,-1,-1,-1,-1,-1,-1,-1
2003-07-12,-1.0,-1,-1,-1,-1,-1,-1,-1
2003-07-13,-1.0,-1,-1,-1,-1,-1,-1,-1
2003-07-14,720.1,-1,-1,-1,-1,-1,-1,-1
2003-07-15,713.45,-1,-1,-1,-1,-1,-1,-1
2003-07-16,716.48,-1,-1,-1,-1,-1,-1,-1
2003-07-17,-1.0,-1,-1,-1,-1,-1,-1,-1
2003-07-18,699.35,-1,-1,-1,-1,-1,-1,-1
2003-07-19,-1.0,-1,-1,-1,-1,-1,-1,-1
2003-07-20,-1.0,-1,-1,-1,-1,-1,-1,-1
2003-07-21,693.5,-1,-1,-1,-1,-1,-1,-1
2003-07-22,699.7,-1,-1,-1,-1,-1,-1,-1
2003-07-23,695.74,-1,-1,-1,-1,-1,-1,-1
2003-07-24,702.94,-1,-1,-1,-1,-1,-1,-1
2003-07-25,705.09,-1,-1,-1,-1,-1,-1,-1
2003-07-26,-1.0,-1,-1,-1,-1,-1,-1,-1
2003-07-27,-1.0,-1,-1,-1,-1,-1,-1,-1
2003-07-28,717.8,-1,-1,-1,-1,-1,-1,-1
2003-07-29,722.33,-1,-1,-1,-1,-1,-1,-1
2003-07-30,714.15,-1,-1,-1,-1,-1,-1,-1
2003-07-31,713.52,-1,-1,-1,-1,-1,-1,-1
2003-08-01,727.26,-1,-1,-1,-1,-1,-1,-1
2003-08-02,-1.0,-1,-1,-1,-1,-1,-1,-1
2003-08-03,-1.0,-1,-1,-1,-1,-1,-1,-1
2003-08-04,718.54,-1,-1,-1,-1,-1,-1,-1
2003-08-05,721.84,-1,-1,-1,-1,-1,-1,-1
2003-08-06,707.88,-1,-1,-1,-1,-1,-1,-1
2003-08-07,709.81,-1,-1,-1,-1,-1,-1,-1
2003-08-08,704.14,-1,-1,-1,-1,-1,-1,-1
2003-08-09,-1.0,-1,-1,-1,-1,-1,-1,-1
2003-08-10,-1.0,-1,-1,-1,-1,-1,-1,-1
2003-08-11,704.58,-1,-1,-1,-1,-1,-1,-1
2003-08-12,701.3,-1,-1,-1,-1,-1,-1,-1
2003-08-13,713.08,-1,-1,-1,-1,-1,-1,-1
2003-08-14,727.01,-1,-1,-1,-1,-1,-1,-1
2003-08-15,-1.0,-1,-1,-1,-1,-1,-1,-1
2003-08-16,-1.0,-1,-1,-1,-1,-1,-1,-1
2003-08-17,-1.0,-1,-1,-1,-1,-1,-1,-1
2003-08-18,730.1,-1,-1,-1,-1,-1,-1,-1
2003-08-19,740.13,-1,-1,-1,-1,-1,-1,-1
2003-08-20,737.2,-1,-1,-1,-1,-1,-1,-1
2003-08-21,754.34,-1,-1,-1,-1,-1,-1,-1
2003-08-22,754.72,-1,-1,-1,-1,-1,-1,-1
2003-08-23,-1.0,-1,-1,-1,-1,-1,-1,-1
2003-08-24,-1.0,-1,-1,-1,-1,-1,-1,-1
2003-08-25,756.73,-1,-1,-1,-1,-1,-1,-1
2003-08-26,753.0,-1,-1,-1,-1,-1,-1,-1
2003-08-27,758.98,-1,-1,-1,-1,-1,-1,-1
2003-08-28,752.81,-1,-1,-1,-1,-1,-1,-1
2003-08-29,759.47,-1,-1,-1,-1,-1,-1,-1
2003-08-30,-1.0,-1,-1,-1,-1,-1,-1,-1
2003-08-31,-1.0,-1,-1,-1,-1,-1,-1,-1
2003-09-01,764.11,-1,-1,-1,-1,-1,-1,-1
2003-09-02,766.5,-1,-1,-1,-1,-1,-1,-1
2003-09-03,766.32,-1,-1,-1,-1,-1,-1,-1
2003-09-04,764.15,-1,-1,-1,-1,-1,-1,-1
2003-09-05,761.55,-1,-1,-1,-1,-1,-1,-1
2003-09-06,-1.0,-1,-1,-1,-1,-1,-1,-1
2003-09-07,-1.0,-1,-1,-1,-1,-1,-1,-1
2003-09-08,760.25,-1,-1,-1,-1,-1,-1,-1
2003-09-09,767.46,-1,-1,-1,-1,-1,-1,-1
2003-09-10,-1.0,-1,-1,-1,-1,-1,-1,-1
2003-09-11,-1.0,-1,-1,-1,-1,-1,-1,-1
2003-09-12,-1.0,-1,-1,-1,-1,-1,-1,-1
2003-09-13,-1.0,-1,-1,-1,-1,-1,-1,-1
2003-09-14,-1.0,-1,-1,-1,-1,-1,-1,-1
2003-09-15,753.61,-1,-1,-1,-1,-1,-1,-1
2003-09-16,763.63,-1,-1,-1,-1,-1,-1,-1
2003-09-17,766.59,-1,-1,-1,-1,-1,-1,-1
2003-09-18,758.18,-1,-1,-1,-1,-1,-1,-1
2003-09-19,748.25,-1,-1,-1,-1,-1,-1,-1
2003-09-20,-1.0,-1,-1,-1,-1,-1,-1,-1
2003-09-21,-1.0,-1,-1,-1,-1,-1,-1,-1
2003-09-22,714.89,-1,-1,-1,-1,-1,-1,-1
2003-09-23,718.84,-1,-1,-1,-1,-1,-1,-1
2003-09-24,724.7,-1,-1,-1,-1,-1,-1,-1
2003-09-25,713.52,-1,-1,-1,-1,-1,-1,-1
2003-09-26,697.4,-1,-1,-1,-1,-1,-1,-1
2003-09-27,-1.0,-1,-1,-1,-1,-1,-1,-1
2003-09-28,-1.0,-1,-1,-1,-1,-1,-1,-1
2003-09-29,696.06,-1,-1,-1,-1,-1,-1,-1
2003-09-30,697.52,-1,-1,-1,-1,-1,-1,-1
2004-07-01,778.03,-1,-1,-1,-1,-1,-1,-1
2004-07-02,755.42,-1,-1,-1,-1,-1,-1,-1
2004-07-03,-1.0,-1,-1,-1,-1,-1,-1,-1
2004-07-04,-1.0,-1,-1,-1,-1,-1,-1,-1
2004-07-05,756.72,-1,-1,-1,-1,-1,-1,-1
2004-07-06,758.47,-1,-1,-1,-1,-1,-1,-1
2004-07-07,761.88,-1,-1,-1,-1,-1,-1,-1
2004-07-08,743.64,-1,-1,-1,-1,-1,-1,-1
2004-07-09,747.46,-1,-1,-1,-1,-1,-1,-1
2004-07-10,-1.0,-1,-1,-1,-1,-1,-1,-1
2004-07-11,-1.0,-1,-1,-1,-1,-1,-1,-1
2004-07-12,746.27,-1,-1,-1,-1,-1,-1,-1
2004-07-13,750.95,-1,-1,-1,-1,-1,-1,-1
2004-07-14,736.57,-1,-1,-1,-1,-1,-1,-1
2004-07-15,732.74,-1,-1,-1,-1,-1,-1,-1
2004-07-16,739.39,-1,-1,-1,-1,-1,-1,-1
2004-07-17,-1.0,-1,-1,-1,-1,-1,-1,-1
2004-07-18,-1.0,-1,-1,-1,-1,-1,-1,-1
2004-07-19,750.4,-1,-1,-1,-1,-1,-1,-1
2004-07-20,737.0,-1,-1,-1,-1,-1,-1,-1
2004-07-21,753.32,-1,-1,-1,-1,-1,-1,-1
2004-07-22,742.63,-1,-1,-1,-1,-1,-1,-1
2004-07-23,737.51,-1,-1,-1,-1,-1,-1,-1
2004-07-24,-1.0,-1,-1,-1,-1,-1,-1,-1
2004-07-25,-1.0,-1,-1,-1,-1,-1,-1,-1
2004-07-26,736.21,-1,-1,-1,-1,-1,-1,-1
2004-07-27,738.51,-1,-1,-1,-1,-1,-1,-1
2004-07-28,744.42,-1,-1,-1,-1,-1,-1,-1
2004-07-29,730.61,-1,-1,-1,-1,-1,-1,-1
2004-07-30,735.34,-1,-1,-1,-1,-1,-1,-1
2004-07-31,-1.0,-1,-1,-1,-1,-1,-1,-1
2004-08-01,-1.0,-1,-1,-1,-1,-1,-1,-1
2004-08-02,719.59,-1,-1,-1,-1,-1,-1,-1
2004-08-03,726.44,-1,-1,-1,-1,-1,-1,-1
2004-08-04,729.41,-1,-1,-1,-1,-1,-1,-1
2004-08-05,743.35,-1,-1,-1,-1,-1,-1,-1
2004-08-06,733.95,-1,-1,-1,-1,-1,-1,-1
2004-08-07,-1.0,-1,-1,-1,-1,-1,-1,-1
2004-08-08,-1.0,-1,-1,-1,-1,-1,-1,-1
2004-08-09,742.13,-1,-1,-1,-1,-1,-1,-1
2004-08-10,748.62,-1,-1,-1,-1,-1,-1,-1
2004-08-11,753.06,-1,-1,-1,-1,-1,-1,-1
2004-08-12,766.7,-1,-1,-1,-1,-1,-1,-1
2004-08-13,776.02,-1,-1,-1,-1,-1,-1,-1
2004-08-14,-1.0,-1,-1,-1,-1,-1,-1,-1
2004-08-15,-1.0,-1,-1,-1,-1,-1,-1,-1
2004-08-16,773.85,-1,-1,-1,-1,-1,-1,-1
2004-08-17,771.03,-1,-1,-1,-1,-1,-1,-1
2004-08-18,773.19,-1,-1,-1,-1,-1,-1,-1
2004-08-19,788.53,-1,-1,-1,-1,-1,-1,-1
2004-08-20,787.64,-1,-1,-1,-1,-1,-1,-1
2004-08-21,-1.0,-1,-1,-1,-1,-1,-1,-1
2004-08-22,-1.0,-1,-1,-1,-1,-1,-1,-1
2004-08-23,787.65,-1,-1,-1,-1,-1,-1,-1
2004-08-24,792.34,-1,-1,-1,-1,-1,-1,-1
2004-08-25,803.97,-1,-1,-1,-1,-1,-1,-1
2004-08-26,810.21,-1,-1,-1,-1,-1,-1,-1
2004-08-27,810.3,-1,-1,-1,-1,-1,-1,-1
2004-08-28,-1.0,-1,-1,-1,-1,-1,-1,-1
2004-08-29,-1.0,-1,-1,-1,-1,-1,-1,-1
2004-08-30,805.19,-1,-1,-1,-1,-1,-1,-1
2004-08-31,803.57,-1,-1,-1,-1,-1,-1,-1
2004-09-01,817.36,-1,-1,-1,-1,-1,-1,-1
2004-09-02,823.83,-1,-1,-1,-1,-1,-1,-1
2004-09-03,820.69,-1,-1,-1,-1,-1,-1,-1
2004-09-04,-1.0,-1,-1,-1,-1,-1,-1,-1
2004-09-05,-1.0,-1,-1,-1,-1,-1,-1,-1
2004-09-06,824.21,-1,-1,-1,-1,-1,-1,-1
2004-09-07,818.8,-1,-1,-1,-1,-1,-1,-1
2004-09-08,815.85,-1,-1,-1,-1,-1,-1,-1
2004-09-09,821.88,-1,-1,-1,-1,-1,-1,-1
2004-09-10,836.34,-1,-1,-1,-1,-1,-1,-1
2004-09-11,-1.0,-1,-1,-1,-1,-1,-1,-1
2004-09-12,-1.0,-1,-1,-1,-1,-1,-1,-1
2004-09-13,851.91,-1,-1,-1,-1,-1,-1,-1
2004-09-14,851.42,-1,-1,-1,-1,-1,-1,-1
2004-09-15,850.63,-1,-1,-1,-1,-1,-1,-1
2004-09-16,855.38,-1,-1,-1,-1,-1,-1,-1
2004-09-17,848.11,-1,-1,-1,-1,-1,-1,-1
2004-09-18,-1.0,-1,-1,-1,-1,-1,-1,-1
2004-09-19,-1.0,-1,-1,-1,-1,-1,-1,-1
2004-09-20,856.87,-1,-1,-1,-1,-1,-1,-1
2004-09-21,857.15,-1,-1,-1,-1,-1,-1,-1
2004-09-22,835.1,-1,-1,-1,-1,-1,-1,-1
2004-09-23,829.68,-1,-1,-1,-1,-1,-1,-1
2004-09-24,832.1,-1,-1,-1,-1,-1,-1,-1
2004-09-25,-1.0,-1,-1,-1,-1,-1,-1,-1
2004-09-26,-1.0,-1,-1,-1,-1,-1,-1,-1
2004-09-27,-1.0,-1,-1,-1,-1,-1,-1,-1
2004-09-28,-1.0,-1,-1,-1,-1,-1,-1,-1
2004-09-29,-1.0,-1,-1,-1,-1,-1,-1,-1
2004-09-30,835.09,-1,-1,-1,-1,-1,-1,-1
2004-10-01,846.01,-1,-1,-1,-1,-1,-1,-1
2004-10-02,-1.0,-1,-1,-1,-1,-1,-1,-1
2004-10-03,-1.0,-1,-1,-1,-1,-1,-1,-1
2004-10-04,880.84,-1,-1,-1,-1,-1,-1,-1
2004-10-05,884.84,-1,-1,-1,-1,-1,-1,-1
2004-10-06,887.45,-1,-1,-1,-1,-1,-1,-1
2004-10-07,885.33,-1,-1,-1,-1,-1,-1,-1
2004-10-08,881.38,-1,-1,-1,-1,-1,-1,-1
2004-10-09,-1.0,-1,-1,-1,-1,-1,-1,-1
2004-10-10,-1.0,-1,-1,-1,-1,-1,-1,-1
2004-10-11,881.11,-1,-1,-1,-1,-1,-1,-1
2004-10-12,858.09,-1,-1,-1,-1,-1,-1,-1
2004-10-13,856.18,-1,-1,-1,-1,-1,-1,-1
2004-10-14,846.63,-1,-1,-1,-1,-1,-1,-1
2004-10-15,841.94,-1,-1,-1,-1,-1,-1,-1
2004-10-16,-1.0,-1,-1,-1,-1,-1,-1,-1
2004-10-17,-1.0,-1,-1,-1,-1,-1,-1,-1
2004-10-18,848.27,-1,-1,-1,-1,-1,-1,-1
2004-10-19,855.77,-1,-1,-1,-1,-1,-1,-1
2004-10-20,828.61,-1,-1,-1,-1,-1,-1,-1
2004-10-21,820.63,-1,-1,-1,-1,-1,-1,-1
2004-10-22,828.17,-1,-1,-1,-1,-1,-1,-1
2004-10-23,-1.0,-1,-1,-1,-1,-1,-1,-1
2004-10-24,-1.0,-1,-1,-1,-1,-1,-1,-1
2004-10-25,808.14,-1,-1,-1,-1,-1,-1,-1
2004-10-26,813.7,-1,-1,-1,-1,-1,-1,-1
2004-10-27,809.91,-1,-1,-1,-1,-1,-1,-1
2004-10-28,833.54,-1,-1,-1,-1,-1,-1,-1
2004-10-29,834.84,-1,-1,-1,-1,-1,-1,-1
2004-10-30,-1.0,-1,-1,-1,-1,-1,-1,-1
2004-10-31,-1.0,-1,-1,-1,-1,-1,-1,-1
2004-11-01,835.66,-1,-1,-1,-1,-1,-1,-1
2004-11-02,846.67,-1,-1,-1,-1,-1,-1,-1
2004-11-03,861.05,-1,-1,-1,-1,-1,-1,-1
2004-11-04,851.2,-1,-1,-1,-1,-1,-1,-1
2004-11-05,860.68,-1,-1,-1,-1,-1,-1,-1
2004-11-06,-1.0,-1,-1,-1,-1,-1,-1,-1
2004-11-07,-1.0,-1,-1,-1,-1,-1,-1,-1
2004-11-08,846.11,-1,-1,-1,-1,-1,-1,-1
2004-11-09,844.15,-1,-1,-1,-1,-1,-1,-1
2004-11-10,860.54,-1,-1,-1,-1,-1,-1,-1
2004-11-11,861.26,-1,-1,-1,-1,-1,-1,-1
2004-11-12,876.67,-1,-1,-1,-1,-1,-1,-1
2004-11-13,-1.0,-1,-1,-1,-1,-1,-1,-1
2004-11-14,-1.0,-1,-1,-1,-1,-1,-1,-1
2004-11-15,882.33,-1,-1,-1,-1,-1,-1,-1
2004-11-16,876.61,-1,-1,-1,-1,-1,-1,-1
2004-11-17,885.42,-1,-1,-1,-1,-1,-1,-1
2004-11-18,875.84,-1,-1,-1,-1,-1,-1,-1
2004-11-19,867.03,-1,-1,-1,-1,-1,-1,-1
2004-11-20,-1.0,-1,-1,-1,-1,-1,-1,-1
2004-11-21,-1.0,-1,-1,-1,-1,-1,-1,-1
2004-11-22,849.99,-1,-1,-1,-1,-1,-1,-1
2004-11-23,860.4,-1,-1,-1,-1,-1,-1,-1
2004-11-24,872.56,-1,-1,-1,-1,-1,-1,-1
2004-11-25,872.49,-1,-1,-1,-1,-1,-1,-1
2004-11-26,858.12,-1,-1,-1,-1,-1,-1,-1
2004-11-27,-1.0,-1,-1,-1,-1,-1,-1,-1
2004-11-28,-1.0,-1,-1,-1,-1,-1,-1,-1
2004-11-29,865.4,-1,-1,-1,-1,-1,-1,-1
2004-11-30,878.06,-1,-1,-1,-1,-1,-1,-1
2004-12-01,876.8,-1,-1,-1,-1,-1,-1,-1
2004-12-02,884.1,-1,-1,-1,-1,-1,-1,-1
2004-12-03,882.55,-1,-1,-1,-1,-1,-1,-1
2004-12-04,-1.0,-1,-1,-1,-1,-1,-1,-1
2004-12-05,-1.0,-1,-1,-1,-1,-1,-1,-1
2004-12-06,870.75,-1,-1,-1,-1,-1,-1,-1
2004-12-07,861.07,-1,-1,-1,-1,-1,-1,-1
2004-12-08,871.74,-1,-1,-1,-1,-1,-1,-1
2004-12-09,861.31,-1,-1,-1,-1,-1,-1,-1
2004-12-10,844.85,-1,-1,-1,-1,-1,-1,-1
2004-12-11,-1.0,-1,-1,-1,-1,-1,-1,-1
2004-12-12,-1.0,-1,-1,-1,-1,-1,-1,-1
2004-12-13,844.2,-1,-1,-1,-1,-1,-1,-1
2004-12-14,849.4,-1,-1,-1,-1,-1,-1,-1
2004-12-15,868.84,-1,-1,-1,-1,-1,-1,-1
2004-12-16,873.7,-1,-1,-1,-1,-1,-1,-1
2004-12-17,875.13,-1,-1,-1,-1,-1,-1,-1
2004-12-18,-1.0,-1,-1,-1,-1,-1,-1,-1
2004-12-19,-1.0,-1,-1,-1,-1,-1,-1,-1
2004-12-20,884.31,-1,-1,-1,-1,-1,-1,-1
2004-12-21,882.82,-1,-1,-1,-1,-1,-1,-1
2004-12-22,883.38,-1,-1,-1,-1,-1,-1,-1
2004-12-23,876.88,-1,-1,-1,-1,-1,-1,-1
2004-12-24,879.92,-1,-1,-1,-1,-1,-1,-1
2004-12-25,-1.0,-1,-1,-1,-1,-1,-1,-1
2004-12-26,-1.0,-1,-1,-1,-1,-1,-1,-1
2004-12-27,876.98,-1,-1,-1,-1,-1,-1,-1
2004-12-28,878.43,-1,-1,-1,-1,-1,-1,-1
2004-12-29,884.27,-1,-1,-1,-1,-1,-1,-1
2004-12-30,895.92,-1,-1,-1,-1,-1,-1,-1
2004-12-31,-1.0,-1,-1,-1,-1,-1,-1,-1
2005-01-01,-1.0,-1,-1,-1,-1,-1,-1,-1
2005-01-02,-1.0,-1,-1,-1,-1,-1,-1,-1
2005-01-03,893.71,-1,-1,-1,-1,-1,-1,-1
2005-01-04,886.9,-1,-1,-1,-1,-1,-1,-1
2005-01-05,885.19,-1,-1,-1,-1,-1,-1,-1
2005-01-06,871.28,-1,-1,-1,-1,-1,-1,-1
2005-01-07,870.84,-1,-1,-1,-1,-1,-1,-1
2005-01-08,-1.0,-1,-1,-1,-1,-1,-1,-1
2005-01-09,-1.0,-1,-1,-1,-1,-1,-1,-1
2005-01-10,874.18,-1,-1,-1,-1,-1,-1,-1
2005-01-11,884.29,-1,-1,-1,-1,-1,-1,-1
2005-01-12,880.03,-1,-1,-1,-1,-1,-1,-1
2005-01-13,885.54,-1,-1,-1,-1,-1,-1,-1
2005-01-14,905.1,-1,-1,-1,-1,-1,-1,-1
2005-01-15,-1.0,-1,-1,-1,-1,-1,-1,-1
2005-01-16,-1.0,-1,-1,-1,-1,-1,-1,-1
2005-01-17,923.08,-1,-1,-1,-1,-1,-1,-1
2005-01-18,920.57,-1,-1,-1,-1,-1,-1,-1
2005-01-19,916.27,-1,-1,-1,-1,-1,-1,-1
2005-01-20,909.37,-1,-1,-1,-1,-1,-1,-1
2005-01-21,919.61,-1,-1,-1,-1,-1,-1,-1
2005-01-22,-1.0,-1,-1,-1,-1,-1,-1,-1
2005-01-23,-1.0,-1,-1,-1,-1,-1,-1,-1
2005-01-24,923.11,-1,-1,-1,-1,-1,-1,-1
2005-01-25,915.1,-1,-1,-1,-1,-1,-1,-1
2005-01-26,927.0,-1,-1,-1,-1,-1,-1,-1
2005-01-27,924.87,-1,-1,-1,-1,-1,-1,-1
2005-01-28,921.59,-1,-1,-1,-1,-1,-1,-1
2005-01-29,-1.0,-1,-1,-1,-1,-1,-1,-1
2005-01-30,-1.0,-1,-1,-1,-1,-1,-1,-1
2005-01-31,932.7,-1,-1,-1,-1,-1,-1,-1
2005-02-01,923.69,-1,-1,-1,-1,-1,-1,-1
2005-02-02,921.44,-1,-1,-1,-1,-1,-1,-1
2005-02-03,928.79,-1,-1,-1,-1,-1,-1,-1
2005-02-04,933.55,-1,-1,-1,-1,-1,-1,-1
2005-02-05,-1.0,-1,-1,-1,-1,-1,-1,-1
2005-02-06,-1.0,-1,-1,-1,-1,-1,-1,-1
2005-02-07,949.19,-1,-1,-1,-1,-1,-1,-1
2005-02-08,-1.0,-1,-1,-1,-1,-1,-1,-1
2005-02-09,-1.0,-1,-1,-1,-1,-1,-1,-1
2005-02-10,-1.0,-1,-1,-1,-1,-1,-1,-1
2005-02-11,947.23,-1,-1,-1,-1,-1,-1,-1
2005-02-12,-1.0,-1,-1,-1,-1,-1,-1,-1
2005-02-13,-1.0,-1,-1,-1,-1,-1,-1,-1
2005-02-14,964.79,-1,-1,-1,-1,-1,-1,-1
2005-02-15,968.88,-1,-1,-1,-1,-1,-1,-1
2005-02-16,971.56,-1,-1,-1,-1,-1,-1,-1
2005-02-17,972.56,-1,-1,-1,-1,-1,-1,-1
2005-02-18,984.1,-1,-1,-1,-1,-1,-1,-1
2005-02-19,-1.0,-1,-1,-1,-1,-1,-1,-1
2005-02-20,-1.0,-1,-1,-1,-1,-1,-1,-1
2005-02-21,988.71,-1,-1,-1,-1,-1,-1,-1
2005-02-22,977.8,-1,-1,-1,-1,-1,-1,-1
2005-02-23,968.43,-1,-1,-1,-1,-1,-1,-1
2005-02-24,987.1,-1,-1,-1,-1,-1,-1,-1
2005-02-25,996.95,-1,-1,-1,-1,-1,-1,-1
2005-02-26,-1.0,-1,-1,-1,-1,-1,-1,-1
2005-02-27,-1.0,-1,-1,-1,-1,-1,-1,-1
2005-02-28,1011.36,-1,-1,-1,-1,-1,-1,-1
2005-03-01,-1.0,-1,-1,-1,-1,-1,-1,-1
2005-03-02,1007.48,-1,-1,-1,-1,-1,-1,-1
2005-03-03,1010.92,-1,-1,-1,-1,-1,-1,-1
2005-03-04,1012.96,-1,-1,-1,-1,-1,-1,-1
2005-03-05,-1.0,-1,-1,-1,-1,-1,-1,-1
2005-03-06,-1.0,-1,-1,-1,-1,-1,-1,-1
2005-03-07,1007.5,-1,-1,-1,-1,-1,-1,-1
2005-03-08,1000.28,-1,-1,-1,-1,-1,-1,-1
2005-03-09,1008.79,-1,-1,-1,-1,-1,-1,-1
2005-03-10,998.66,-1,-1,-1,-1,-1,-1,-1
2005-03-11,1022.79,-1,-1,-1,-1,-1,-1,-1
2005-03-12,-1.0,-1,-1,-1,-1,-1,-1,-1
2005-03-13,-1.0,-1,-1,-1,-1,-1,-1,-1
2005-03-14,1019.69,-1,-1,-1,-1,-1,-1,-1
2005-03-15,993.13,-1,-1,-1,-1,-1,-1,-1
2005-03-16,993.13,-1,-1,-1,-1,-1,-1,-1
2005-03-17,980.05,-1,-1,-1,-1,-1,-1,-1
2005-03-18,979.72,-1,-1,-1,-1,-1,-1,-1
2005-03-19,-1.0,-1,-1,-1,-1,-1,-1,-1
2005-03-20,-1.0,-1,-1,-1,-1,-1,-1,-1
2005-03-21,979.27,-1,-1,-1,-1,-1,-1,-1
2005-03-22,980.41,-1,-1,-1,-1,-1,-1,-1
2005-03-23,966.81,-1,-1,-1,-1,-1,-1,-1
2005-03-24,956.33,-1,-1,-1,-1,-1,-1,-1
2005-03-25,965.3,-1,-1,-1,-1,-1,-1,-1
2005-03-26,-1.0,-1,-1,-1,-1,-1,-1,-1
2005-03-27,-1.0,-1,-1,-1,-1,-1,-1,-1
2005-03-28,977.7,-1,-1,-1,-1,-1,-1,-1
2005-03-29,958.96,-1,-1,-1,-1,-1,-1,-1
2005-03-30,955.45,-1,-1,-1,-1,-1,-1,-1
2005-03-31,965.68,-1,-1,-1,-1,-1,-1,-1
2005-04-01,981.9,-1,-1,-1,-1,-1,-1,-1
2005-04-02,-1.0,-1,-1,-1,-1,-1,-1,-1
2005-04-03,-1.0,-1,-1,-1,-1,-1,-1,-1
2005-04-04,982.5,-1,-1,-1,-1,-1,-1,-1
2005-04-05,-1.0,-1,-1,-1,-1,-1,-1,-1
2005-04-06,988.0,-1,-1,-1,-1,-1,-1,-1
2005-04-07,988.9,-1,-1,-1,-1,-1,-1,-1
2005-04-08,992.17,-1,-1,-1,-1,-1,-1,-1
2005-04-09,-1.0,-1,-1,-1,-1,-1,-1,-1
2005-04-10,-1.0,-1,-1,-1,-1,-1,-1,-1
2005-04-11,985.94,-1,-1,-1,-1,-1,-1,-1
2005-04-12,981.79,-1,-1,-1,-1,-1,-1,-1
2005-04-13,981.31,-1,-1,-1,-1,-1,-1,-1
2005-04-14,953.92,-1,-1,-1,-1,-1,-1,-1
2005-04-15,947.22,-1,-1,-1,-1,-1,-1,-1
2005-04-16,-1.0,-1,-1,-1,-1,-1,-1,-1
2005-04-17,-1.0,-1,-1,-1,-1,-1,-1,-1
2005-04-18,925.0,-1,-1,-1,-1,-1,-1,-1
2005-04-19,932.45,-1,-1,-1,-1,-1,-1,-1
2005-04-20,937.36,-1,-1,-1,-1,-1,-1,-1
2005-04-21,939.14,-1,-1,-1,-1,-1,-1,-1
2005-04-22,940.79,-1,-1,-1,-1,-1,-1,-1
2005-04-23,-1.0,-1,-1,-1,-1,-1,-1,-1
2005-04-24,-1.0,-1,-1,-1,-1,-1,-1,-1
2005-04-25,946.17,-1,-1,-1,-1,-1,-1,-1
2005-04-26,944.46,-1,-1,-1,-1,-1,-1,-1
2005-04-27,930.16,-1,-1,-1,-1,-1,-1,-1
2005-04-28,917.73,-1,-1,-1,-1,-1,-1,-1
2005-04-29,911.3,-1,-1,-1,-1,-1,-1,-1
2005-04-30,-1.0,-1,-1,-1,-1,-1,-1,-1
2005-05-01,-1.0,-1,-1,-1,-1,-1,-1,-1
2005-05-02,918.42,-1,-1,-1,-1,-1,-1,-1
2005-05-03,913.82,-1,-1,-1,-1,-1,-1,-1
2005-05-04,929.35,-1,-1,-1,-1,-1,-1,-1
2005-05-05,-1.0,-1,-1,-1,-1,-1,-1,-1
2005-05-06,940.85,-1,-1,-1,-1,-1,-1,-1
2005-05-07,-1.0,-1,-1,-1,-1,-1,-1,-1
2005-05-08,-1.0,-1,-1,-1,-1,-1,-1,-1
2005-05-09,935.2,-1,-1,-1,-1,-1,-1,-1
2005-05-10,934.28,-1,-1,-1,-1,-1,-1,-1
2005-05-11,923.38,-1,-1,-1,-1,-1,-1,-1
2005-05-12,921.21,-1,-1,-1,-1,-1,-1,-1
2005-05-13,923.19,-1,-1,-1,-1,-1,-1,-1
2005-05-14,-1.0,-1,-1,-1,-1,-1,-1,-1
2005-05-15,-1.0,-1,-1,-1,-1,-1,-1,-1
2005-05-16,929.04,-1,-1,-1,-1,-1,-1,-1
2005-05-17,927.16,-1,-1,-1,-1,-1,-1,-1
2005-05-18,930.36,-1,-1,-1,-1,-1,-1,-1
2005-05-19,952.09,-1,-1,-1,-1,-1,-1,-1
2005-05-20,952.19,-1,-1,-1,-1,-1,-1,-1
2005-05-21,-1.0,-1,-1,-1,-1,-1,-1,-1
2005-05-22,-1.0,-1,-1,-1,-1,-1,-1,-1
2005-05-23,951.05,-1,-1,-1,-1,-1,-1,-1
2005-05-24,951.61,-1,-1,-1,-1,-1,-1,-1
2005-05-25,941.3,-1,-1,-1,-1,-1,-1,-1
2005-05-26,943.91,-1,-1,-1,-1,-1,-1,-1
2005-05-27,960.91,-1,-1,-1,-1,-1,-1,-1
2005-05-28,-1.0,-1,-1,-1,-1,-1,-1,-1
2005-05-29,-1.0,-1,-1,-1,-1,-1,-1,-1
2005-05-30,969.04,-1,-1,-1,-1,-1,-1,-1
2005-05-31,970.21,-1,-1,-1,-1,-1,-1,-1
2005-06-01,969.51,-1,-1,-1,-1,-1,-1,-1
2005-06-02,970.88,-1,-1,-1,-1,-1,-1,-1
2005-06-03,976.09,-1,-1,-1,-1,-1,-1,-1
2005-06-04,-1.0,-1,-1,-1,-1,-1,-1,-1
2005-06-05,-1.0,-1,-1,-1,-1,-1,-1,-1
2005-06-06,-1.0,-1,-1,-1,-1,-1,-1,-1
2005-06-07,970.88,-1,-1,-1,-1,-1,-1,-1
2005-06-08,976.22,-1,-1,-1,-1,-1,-1,-1
2005-06-09,987.58,-1,-1,-1,-1,-1,-1,-1
2005-06-10,990.79,-1,-1,-1,-1,-1,-1,-1
2005-06-11,-1.0,-1,-1,-1,-1,-1,-1,-1
2005-06-12,-1.0,-1,-1,-1,-1,-1,-1,-1
2005-06-13,990.49,-1,-1,-1,-1,-1,-1,-1
2005-06-14,983.75,-1,-1,-1,-1,-1,-1,-1
2005-06-15,1001.94,-1,-1,-1,-1,-1,-1,-1
2005-06-16,1003.14,-1,-1,-1,-1,-1,-1,-1
2005-06-17,1003.68,-1,-1,-1,-1,-1,-1,-1
2005-06-18,-1.0,-1,-1,-1,-1,-1,-1,-1
2005-06-19,-1.0,-1,-1,-1,-1,-1,-1,-1
2005-06-20,994.65,-1,-1,-1,-1,-1,-1,-1
2005-06-21,989.99,-1,-1,-1,-1,-1,-1,-1
2005-06-22,1002.15,-1,-1,-1,-1,-1,-1,-1
2005-06-23,1010.8,-1,-1,-1,-1,-1,-1,-1
2005-06-24,1002.43,-1,-1,-1,-1,-1,-1,-1
2005-06-25,-1.0,-1,-1,-1,-1,-1,-1,-1
2005-06-26,-1.0,-1,-1,-1,-1,-1,-1,-1
2005-06-27,991.11,-1,-1,-1,-1,-1,-1,-1
2005-06-28,994.74,-1,-1,-1,-1,-1,-1,-1
2005-06-29,999.08,-1,-1,-1,-1,-1,-1,-1
2005-06-30,1008.16,-1,-1,-1,-1,-1,-1,-1
2005-10-01,-1.0,-1,-1,-1,-1,-1,-1,-1
2005-10-02,-1.0,-1,-1,-1,-1,-1,-1,-1
2005-10-03,-1.0,-1,-1,-1,-1,-1,-1,-1
2005-10-04,1242.78,-1,-1,-1,-1,-1,-1,-1
2005-10-05,1227.4,-1,-1,-1,-1,-1,-1,-1
2005-10-06,1202.49,-1,-1,-1,-1,-1,-1,-1
2005-10-07,1201.01,-1,-1,-1,-1,-1,-1,-1
2005-10-08,-1.0,-1,-1,-1,-1,-1,-1,-1
2005-10-09,-1.0,-1,-1,-1,-1,-1,-1,-1
2005-10-10,1227.18,-1,-1,-1,-1,-1,-1,-1
2005-10-11,1244.27,-1,-1,-1,-1,-1,-1,-1
2005-10-12,1217.06,-1,-1,-1,-1,-1,-1,-1
2005-10-13,1193.44,-1,-1,-1,-1,-1,-1,-1
2005-10-14,1190.17,-1,-1,-1,-1,-1,-1,-1
2005-10-15,-1.0,-1,-1,-1,-1,-1,-1,-1
2005-10-16,-1.0,-1,-1,-1,-1,-1,-1,-1
2005-10-17,1176.36,-1,-1,-1,-1,-1,-1,-1
2005-10-18,1186.22,-1,-1,-1,-1,-1,-1,-1
2005-10-19,1153.13,-1,-1,-1,-1,-1,-1,-1
2005-10-20,1162.23,-1,-1,-1,-1,-1,-1,-1
2005-10-21,1183.48,-1,-1,-1,-1,-1,-1,-1
2005-10-22,-1.0,-1,-1,-1,-1,-1,-1,-1
2005-10-23,-1.0,-1,-1,-1,-1,-1,-1,-1
2005-10-24,1184.6,-1,-1,-1,-1,-1,-1,-1
2005-10-25,1181.28,-1,-1,-1,-1,-1,-1,-1
2005-10-26,1179.0,-1,-1,-1,-1,-1,-1,-1
2005-10-27,1166.36,-1,-1,-1,-1,-1,-1,-1
2005-10-28,1140.72,-1,-1,-1,-1,-1,-1,-1
2005-10-29,-1.0,-1,-1,-1,-1,-1,-1,-1
2005-10-30,-1.0,-1,-1,-1,-1,-1,-1,-1
2005-10-31,1158.11,-1,-1,-1,-1,-1,-1,-1
2005-11-01,1188.95,-1,-1,-1,-1,-1,-1,-1
2005-11-02,1208.38,-1,-1,-1,-1,-1,-1,-1
2005-11-03,1217.97,-1,-1,-1,-1,-1,-1,-1
2005-11-04,1221.98,-1,-1,-1,-1,-1,-1,-1
2005-11-05,-1.0,-1,-1,-1,-1,-1,-1,-1
2005-11-06,-1.0,-1,-1,-1,-1,-1,-1,-1
2005-11-07,1218.47,-1,-1,-1,-1,-1,-1,-1
2005-11-08,1226.71,-1,-1,-1,-1,-1,-1,-1
2005-11-09,1227.59,-1,-1,-1,-1,-1,-1,-1
2005-11-10,1234.43,-1,-1,-1,-1,-1,-1,-1
2005-11-11,1256.12,-1,-1,-1,-1,-1,-1,-1
2005-11-12,-1.0,-1,-1,-1,-1,-1,-1,-1
2005-11-13,-1.0,-1,-1,-1,-1,-1,-1,-1
2005-11-14,1257.63,-1,-1,-1,-1,-1,-1,-1
2005-11-15,1253.86,-1,-1,-1,-1,-1,-1,-1
2005-11-16,1267.16,-1,-1,-1,-1,-1,-1,-1
2005-11-17,1269.35,-1,-1,-1,-1,-1,-1,-1
2005-11-18,1272.25,-1,-1,-1,-1,-1,-1,-1
2005-11-19,-1.0,-1,-1,-1,-1,-1,-1,-1
2005-11-20,-1.0,-1,-1,-1,-1,-1,-1,-1
2005-11-21,1268.8,-1,-1,-1,-1,-1,-1,-1
2005-11-22,1244.5,-1,-1,-1,-1,-1,-1,-1
2005-11-23,1282.02,-1,-1,-1,-1,-1,-1,-1
2005-11-24,1291.71,-1,-1,-1,-1,-1,-1,-1
2005-11-25,1293.22,-1,-1,-1,-1,-1,-1,-1
2005-11-26,-1.0,-1,-1,-1,-1,-1,-1,-1
2005-11-27,-1.0,-1,-1,-1,-1,-1,-1,-1
2005-11-28,1293.74,-1,-1,-1,-1,-1,-1,-1
2005-11-29,1279.38,-1,-1,-1,-1,-1,-1,-1
2005-11-30,1297.44,-1,-1,-1,-1,-1,-1,-1
2005-12-01,1305.98,-1,-1,-1,-1,-1,-1,-1
2005-12-02,1310.12,-1,-1,-1,-1,-1,-1,-1
2005-12-03,-1.0,-1,-1,-1,-1,-1,-1,-1
2005-12-04,-1.0,-1,-1,-1,-1,-1,-1,-1
2005-12-05,1315.15,-1,-1,-1,-1,-1,-1,-1
2005-12-06,1321.06,-1,-1,-1,-1,-1,-1,-1
2005-12-07,1324.75,-1,-1,-1,-1,-1,-1,-1
2005-12-08,1324.2,-1,-1,-1,-1,-1,-1,-1
2005-12-09,1317.42,-1,-1,-1,-1,-1,-1,-1
2005-12-10,-1.0,-1,-1,-1,-1,-1,-1,-1
2005-12-11,-1.0,-1,-1,-1,-1,-1,-1,-1
2005-12-12,1333.23,-1,-1,-1,-1,-1,-1,-1
2005-12-13,1336.48,-1,-1,-1,-1,-1,-1,-1
2005-12-14,1334.27,-1,-1,-1,-1,-1,-1,-1
2005-12-15,1337.68,-1,-1,-1,-1,-1,-1,-1
2005-12-16,1321.04,-1,-1,-1,-1,-1,-1,-1
2005-12-17,-1.0,-1,-1,-1,-1,-1,-1,-1
2005-12-18,-1.0,-1,-1,-1,-1,-1,-1,-1
2005-12-19,1339.4,-1,-1,-1,-1,-1,-1,-1
2005-12-20,1341.0,-1,-1,-1,-1,-1,-1,-1
2005-12-21,1354.16,-1,-1,-1,-1,-1,-1,-1
2005-12-22,1350.87,-1,-1,-1,-1,-1,-1,-1
2005-12-23,1359.53,-1,-1,-1,-1,-1,-1,-1
2005-12-24,-1.0,-1,-1,-1,-1,-1,-1,-1
2005-12-25,-1.0,-1,-1,-1,-1,-1,-1,-1
2005-12-26,1367.57,-1,-1,-1,-1,-1,-1,-1
2005-12-27,1373.55,-1,-1,-1,-1,-1,-1,-1
2005-12-28,1368.16,-1,-1,-1,-1,-1,-1,-1
2005-12-29,1379.37,-1,-1,-1,-1,-1,-1,-1
2005-12-30,-1.0,-1,-1,-1,-1,-1,-1,-1
2005-12-31,-1.0,-1,-1,-1,-1,-1,-1,-1
2006-01-01,-1.0,-1,-1,-1,-1,-1,-1,-1
2006-01-02,1389.27,-1,-1,-1,-1,-1,-1,-1
2006-01-03,1394.87,-1,-1,-1,-1,-1,-1,-1
2006-01-04,1402.11,-1,-1,-1,-1,-1,-1,-1
2006-01-05,1395.51,-1,-1,-1,-1,-1,-1,-1
2006-01-06,1412.78,-1,-1,-1,-1,-1,-1,-1
2006-01-07,-1.0,-1,-1,-1,-1,-1,-1,-1
2006-01-08,-1.0,-1,-1,-1,-1,-1,-1,-1
2006-01-09,1408.33,-1,-1,-1,-1,-1,-1,-1
2006-01-10,1396.29,-1,-1,-1,-1,-1,-1,-1
2006-01-11,1394.09,-1,-1,-1,-1,-1,-1,-1
2006-01-12,1402.58,-1,-1,-1,-1,-1,-1,-1
2006-01-13,1416.28,-1,-1,-1,-1,-1,-1,-1
2006-01-14,-1.0,-1,-1,-1,-1,-1,-1,-1
2006-01-15,-1.0,-1,-1,-1,-1,-1,-1,-1
2006-01-16,1421.79,-1,-1,-1,-1,-1,-1,-1
2006-01-17,1389.58,-1,-1,-1,-1,-1,-1,-1
2006-01-18,1352.91,-1,-1,-1,-1,-1,-1,-1
2006-01-19,1360.64,-1,-1,-1,-1,-1,-1,-1
2006-01-20,1324.78,-1,-1,-1,-1,-1,-1,-1
2006-01-21,-1.0,-1,-1,-1,-1,-1,-1,-1
2006-01-22,-1.0,-1,-1,-1,-1,-1,-1,-1
2006-01-23,1297.43,-1,-1,-1,-1,-1,-1,-1
2006-01-24,1326.83,-1,-1,-1,-1,-1,-1,-1
2006-01-25,1342.59,-1,-1,-1,-1,-1,-1,-1
2006-01-26,1352.75,-1,-1,-1,-1,-1,-1,-1
2006-01-27,1384.56,-1,-1,-1,-1,-1,-1,-1
2006-01-28,-1.0,-1,-1,-1,-1,-1,-1,-1
2006-01-29,-1.0,-1,-1,-1,-1,-1,-1,-1
2006-01-30,-1.0,-1,-1,-1,-1,-1,-1,-1
2006-01-31,1399.83,-1,-1,-1,-1,-1,-1,-1
2006-02-01,1375.97,-1,-1,-1,-1,-1,-1,-1
2006-02-02,1374.44,-1,-1,-1,-1,-1,-1,-1
2006-02-03,1333.5,-1,-1,-1,-1,-1,-1,-1
2006-02-04,-1.0,-1,-1,-1,-1,-1,-1,-1
2006-02-05,-1.0,-1,-1,-1,-1,-1,-1,-1
2006-02-06,1341.64,-1,-1,-1,-1,-1,-1,-1
2006-02-07,1332.28,-1,-1,-1,-1,-1,-1,-1
2006-02-08,1310.99,-1,-1,-1,-1,-1,-1,-1
2006-02-09,1321.66,-1,-1,-1,-1,-1,-1,-1
2006-02-10,1335.23,-1,-1,-1,-1,-1,-1,-1
2006-02-11,-1.0,-1,-1,-1,-1,-1,-1,-1
2006-02-12,-1.0,-1,-1,-1,-1,-1,-1,-1
2006-02-13,1320.79,-1,-1,-1,-1,-1,-1,-1
2006-02-14,1328.21,-1,-1,-1,-1,-1,-1,-1
2006-02-15,1303.84,-1,-1,-1,-1,-1,-1,-1
2006-02-16,1314.32,-1,-1,-1,-1,-1,-1,-1
2006-02-17,1332.73,-1,-1,-1,-1,-1,-1,-1
2006-02-18,-1.0,-1,-1,-1,-1,-1,-1,-1
2006-02-19,-1.0,-1,-1,-1,-1,-1,-1,-1
2006-02-20,1348.25,-1,-1,-1,-1,-1,-1,-1
2006-02-21,1346.49,-1,-1,-1,-1,-1,-1,-1
2006-02-22,1340.58,-1,-1,-1,-1,-1,-1,-1
2006-02-23,1361.23,-1,-1,-1,-1,-1,-1,-1
2006-02-24,1365.82,-1,-1,-1,-1,-1,-1,-1
2006-02-25,-1.0,-1,-1,-1,-1,-1,-1,-1
2006-02-26,-1.0,-1,-1,-1,-1,-1,-1,-1
2006-02-27,1374.88,-1,-1,-1,-1,-1,-1,-1
2006-02-28,1371.59,-1,-1,-1,-1,-1,-1,-1
2006-03-01,-1.0,-1,-1,-1,-1,-1,-1,-1
2006-03-02,1367.7,-1,-1,-1,-1,-1,-1,-1
2006-03-03,1328.95,-1,-1,-1,-1,-1,-1,-1
2006-03-04,-1.0,-1,-1,-1,-1,-1,-1,-1
2006-03-05,-1.0,-1,-1,-1,-1,-1,-1,-1
2006-03-06,1344.76,-1,-1,-1,-1,-1,-1,-1
2006-03-07,1316.67,-1,-1,-1,-1,-1,-1,-1
2006-03-08,1314.05,-1,-1,-1,-1,-1,-1,-1
2006-03-09,1311.21,-1,-1,-1,-1,-1,-1,-1
2006-03-10,1320.07,-1,-1,-1,-1,-1,-1,-1
2006-03-11,-1.0,-1,-1,-1,-1,-1,-1,-1
2006-03-12,-1.0,-1,-1,-1,-1,-1,-1,-1
2006-03-13,1338.28,-1,-1,-1,-1,-1,-1,-1
2006-03-14,1326.3,-1,-1,-1,-1,-1,-1,-1
2006-03-15,1333.98,-1,-1,-1,-1,-1,-1,-1
2006-03-16,1335.98,-1,-1,-1,-1,-1,-1,-1
2006-03-17,1341.12,-1,-1,-1,-1,-1,-1,-1
2006-03-18,-1.0,-1,-1,-1,-1,-1,-1,-1
2006-03-19,-1.0,-1,-1,-1,-1,-1,-1,-1
2006-03-20,1346.69,-1,-1,-1,-1,-1,-1,-1
2006-03-21,1336.65,-1,-1,-1,-1,-1,-1,-1
2006-03-22,1309.83,-1,-1,-1,-1,-1,-1,-1
2006-03-23,1312.26,-1,-1,-1,-1,-1,-1,-1
2006-03-24,1321.23,-1,-1,-1,-1,-1,-1,-1
2006-03-25,-1.0,-1,-1,-1,-1,-1,-1,-1
2006-03-26,-1.0,-1,-1,-1,-1,-1,-1,-1
2006-03-27,1330.34,-1,-1,-1,-1,-1,-1,-1
2006-03-28,1331.31,-1,-1,-1,-1,-1,-1,-1
2006-03-29,1332.72,-1,-1,-1,-1,-1,-1,-1
2006-03-30,1338.14,-1,-1,-1,-1,-1,-1,-1
2006-03-31,1359.6,-1,-1,-1,-1,-1,-1,-1
2006-07-01,-1.0,-1,-1,-1,-1,-1,-1,-1
2006-07-02,-1.0,-1,-1,-1,-1,-1,-1,-1
2006-07-03,1294.61,-1,-1,-1,-1,-1,-1,-1
2006-07-04,1285.92,-1,-1,-1,-1,-1,-1,-1
2006-07-05,1279.85,-1,-1,-1,-1,-1,-1,-1
2006-07-06,1263.96,-1,-1,-1,-1,-1,-1,-1
2006-07-07,1273.93,-1,-1,-1,-1,-1,-1,-1
2006-07-08,-1.0,-1,-1,-1,-1,-1,-1,-1
2006-07-09,-1.0,-1,-1,-1,-1,-1,-1,-1
2006-07-10,1299.29,-1,-1,-1,-1,-1,-1,-1
2006-07-11,1300.44,-1,-1,-1,-1,-1,-1,-1
2006-07-12,1296.69,-1,-1,-1,-1,-1,-1,-1
2006-07-13,1285.02,-1,-1,-1,-1,-1,-1,-1
2006-07-14,1255.13,-1,-1,-1,-1,-1,-1,-1
2006-07-15,-1.0,-1,-1,-1,-1,-1,-1,-1
2006-07-16,-1.0,-1,-1,-1,-1,-1,-1,-1
2006-07-17,-1.0,-1,-1,-1,-1,-1,-1,-1
2006-07-18,1233.42,-1,-1,-1,-1,-1,-1,-1
2006-07-19,1233.65,-1,-1,-1,-1,-1,-1,-1
2006-07-20,1273.3,-1,-1,-1,-1,-1,-1,-1
2006-07-21,1271.33,-1,-1,-1,-1,-1,-1,-1
2006-07-22,-1.0,-1,-1,-1,-1,-1,-1,-1
2006-07-23,-1.0,-1,-1,-1,-1,-1,-1,-1
2006-07-24,1263.35,-1,-1,-1,-1,-1,-1,-1
2006-07-25,1279.77,-1,-1,-1,-1,-1,-1,-1
2006-07-26,1279.08,-1,-1,-1,-1,-1,-1,-1
2006-07-27,1296.27,-1,-1,-1,-1,-1,-1,-1
2006-07-28,1297.07,-1,-1,-1,-1,-1,-1,-1
2006-07-29,-1.0,-1,-1,-1,-1,-1,-1,-1
2006-07-30,-1.0,-1,-1,-1,-1,-1,-1,-1
2006-07-31,1297.82,-1,-1,-1,-1,-1,-1,-1
2006-08-01,1287.36,-1,-1,-1,-1,-1,-1,-1
2006-08-02,1295.11,-1,-1,-1,-1,-1,-1,-1
2006-08-03,1292.05,-1,-1,-1,-1,-1,-1,-1
2006-08-04,1304.51,-1,-1,-1,-1,-1,-1,-1
2006-08-05,-1.0,-1,-1,-1,-1,-1,-1,-1
2006-08-06,-1.0,-1,-1,-1,-1,-1,-1,-1
2006-08-07,1289.54,-1,-1,-1,-1,-1,-1,-1
2006-08-08,1311.1,-1,-1,-1,-1,-1,-1,-1
2006-08-09,1314.93,-1,-1,-1,-1,-1,-1,-1
2006-08-10,1304.31,-1,-1,-1,-1,-1,-1,-1
2006-08-11,1292.1,-1,-1,-1,-1,-1,-1,-1
2006-08-12,-1.0,-1,-1,-1,-1,-1,-1,-1
2006-08-13,-1.0,-1,-1,-1,-1,-1,-1,-1
2006-08-14,1295.11,-1,-1,-1,-1,-1,-1,-1
2006-08-15,-1.0,-1,-1,-1,-1,-1,-1,-1
2006-08-16,1315.61,-1,-1,-1,-1,-1,-1,-1
2006-08-17,1327.78,-1,-1,-1,-1,-1,-1,-1
2006-08-18,1331.1,-1,-1,-1,-1,-1,-1,-1
2006-08-19,-1.0,-1,-1,-1,-1,-1,-1,-1
2006-08-20,-1.0,-1,-1,-1,-1,-1,-1,-1
2006-08-21,1321.67,-1,-1,-1,-1,-1,-1,-1
2006-08-22,1334.96,-1,-1,-1,-1,-1,-1,-1
2006-08-23,1324.95,-1,-1,-1,-1,-1,-1,-1
2006-08-24,1315.73,-1,-1,-1,-1,-1,-1,-1
2006-08-25,1329.35,-1,-1,-1,-1,-1,-1,-1
2006-08-26,-1.0,-1,-1,-1,-1,-1,-1,-1
2006-08-27,-1.0,-1,-1,-1,-1,-1,-1,-1
2006-08-28,1327.89,-1,-1,-1,-1,-1,-1,-1
2006-08-29,1344.61,-1,-1,-1,-1,-1,-1,-1
2006-08-30,1341.35,-1,-1,-1,-1,-1,-1,-1
2006-08-31,1352.74,-1,-1,-1,-1,-1,-1,-1
2006-09-01,1356.67,-1,-1,-1,-1,-1,-1,-1
2006-09-02,-1.0,-1,-1,-1,-1,-1,-1,-1
2006-09-03,-1.0,-1,-1,-1,-1,-1,-1,-1
2006-09-04,1359.06,-1,-1,-1,-1,-1,-1,-1
2006-09-05,1361.24,-1,-1,-1,-1,-1,-1,-1
2006-09-06,1357.01,-1,-1,-1,-1,-1,-1,-1
2006-09-07,1351.17,-1,-1,-1,-1,-1,-1,-1
2006-09-08,1354.89,-1,-1,-1,-1,-1,-1,-1
2006-09-09,-1.0,-1,-1,-1,-1,-1,-1,-1
2006-09-10,-1.0,-1,-1,-1,-1,-1,-1,-1
2006-09-11,1334.08,-1,-1,-1,-1,-1,-1,-1
2006-09-12,1328.04,-1,-1,-1,-1,-1,-1,-1
2006-09-13,1333.13,-1,-1,-1,-1,-1,-1,-1
2006-09-14,1358.75,-1,-1,-1,-1,-1,-1,-1
2006-09-15,1361.1,-1,-1,-1,-1,-1,-1,-1
2006-09-16,-1.0,-1,-1,-1,-1,-1,-1,-1
2006-09-17,-1.0,-1,-1,-1,-1,-1,-1,-1
2006-09-18,1374.3,-1,-1,-1,-1,-1,-1,-1
2006-09-19,1373.95,-1,-1,-1,-1,-1,-1,-1
2006-09-20,1366.44,-1,-1,-1,-1,-1,-1,-1
2006-09-21,1366.79,-1,-1,-1,-1,-1,-1,-1
2006-09-22,1348.38,-1,-1,-1,-1,-1,-1,-1
2006-09-23,-1.0,-1,-1,-1,-1,-1,-1,-1
2006-09-24,-1.0,-1,-1,-1,-1,-1,-1,-1
2006-09-25,1355.21,-1,-1,-1,-1,-1,-1,-1
2006-09-26,1343.97,-1,-1,-1,-1,-1,-1,-1
2006-09-27,1360.03,-1,-1,-1,-1,-1,-1,-1
2006-09-28,1371.43,-1,-1,-1,-1,-1,-1,-1
2006-09-29,1371.41,-1,-1,-1,-1,-1,-1,-1
2006-09-30,-1.0,-1,-1,-1,-1,-1,-1,-1
2006-10-01,-1.0,-1,-1,-1,-1,-1,-1,-1
2006-10-02,1374.22,-1,-1,-1,-1,-1,-1,-1
2006-10-03,-1.0,-1,-1,-1,-1,-1,-1,-1
2006-10-04,1352.0,-1,-1,-1,-1,-1,-1,-1
2006-10-05,-1.0,-1,-1,-1,-1,-1,-1,-1
2006-10-06,-1.0,-1,-1,-1,-1,-1,-1,-1
2006-10-07,-1.0,-1,-1,-1,-1,-1,-1,-1
2006-10-08,-1.0,-1,-1,-1,-1,-1,-1,-1
2006-10-09,1319.4,-1,-1,-1,-1,-1,-1,-1
2006-10-10,1328.37,-1,-1,-1,-1,-1,-1,-1
2006-10-11,1325.49,-1,-1,-1,-1,-1,-1,-1
2006-10-12,1331.78,-1,-1,-1,-1,-1,-1,-1
2006-10-13,1348.6,-1,-1,-1,-1,-1,-1,-1
2006-10-14,-1.0,-1,-1,-1,-1,-1,-1,-1
2006-10-15,-1.0,-1,-1,-1,-1,-1,-1,-1
2006-10-16,1356.72,-1,-1,-1,-1,-1,-1,-1
2006-10-17,1351.3,-1,-1,-1,-1,-1,-1,-1
2006-10-18,1354.26,-1,-1,-1,-1,-1,-1,-1
2006-10-19,1354.06,-1,-1,-1,-1,-1,-1,-1
2006-10-20,1364.24,-1,-1,-1,-1,-1,-1,-1
2006-10-21,-1.0,-1,-1,-1,-1,-1,-1,-1
2006-10-22,-1.0,-1,-1,-1,-1,-1,-1,-1
2006-10-23,1364.95,-1,-1,-1,-1,-1,-1,-1
2006-10-24,1366.5,-1,-1,-1,-1,-1,-1,-1
2006-10-25,1371.43,-1,-1,-1,-1,-1,-1,-1
2006-10-26,1373.65,-1,-1,-1,-1,-1,-1,-1
2006-10-27,1369.09,-1,-1,-1,-1,-1,-1,-1
2006-10-28,-1.0,-1,-1,-1,-1,-1,-1,-1
2006-10-29,-1.0,-1,-1,-1,-1,-1,-1,-1
2006-10-30,1356.11,-1,-1,-1,-1,-1,-1,-1
2006-10-31,1364.55,-1,-1,-1,-1,-1,-1,-1
2006-11-01,1374.35,-1,-1,-1,-1,-1,-1,-1
2006-11-02,1383.73,-1,-1,-1,-1,-1,-1,-1
2006-11-03,1383.88,-1,-1,-1,-1,-1,-1,-1
2006-11-04,-1.0,-1,-1,-1,-1,-1,-1,-1
2006-11-05,-1.0,-1,-1,-1,-1,-1,-1,-1
2006-11-06,1379.19,-1,-1,-1,-1,-1,-1,-1
2006-11-07,1387.44,-1,-1,-1,-1,-1,-1,-1
2006-11-08,1380.07,-1,-1,-1,-1,-1,-1,-1
2006-11-09,1399.44,-1,-1,-1,-1,-1,-1,-1
2006-11-10,1395.73,-1,-1,-1,-1,-1,-1,-1
2006-11-11,-1.0,-1,-1,-1,-1,-1,-1,-1
2006-11-12,-1.0,-1,-1,-1,-1,-1,-1,-1
2006-11-13,1396.69,-1,-1,-1,-1,-1,-1,-1
2006-11-14,1407.37,-1,-1,-1,-1,-1,-1,-1
2006-11-15,1412.54,-1,-1,-1,-1,-1,-1,-1
2006-11-16,1410.75,-1,-1,-1,-1,-1,-1,-1
2006-11-17,1412.22,-1,-1,-1,-1,-1,-1,-1
2006-11-18,-1.0,-1,-1,-1,-1,-1,-1,-1
2006-11-19,-1.0,-1,-1,-1,-1,-1,-1,-1
2006-11-20,1402.21,-1,-1,-1,-1,-1,-1,-1
2006-11-21,1405.9,-1,-1,-1,-1,-1,-1,-1
2006-11-22,1422.54,-1,-1,-1,-1,-1,-1,-1
2006-11-23,1419.23,-1,-1,-1,-1,-1,-1,-1
2006-11-24,1421.73,-1,-1,-1,-1,-1,-1,-1
2006-11-25,-1.0,-1,-1,-1,-1,-1,-1,-1
2006-11-26,-1.0,-1,-1,-1,-1,-1,-1,-1
2006-11-27,1425.13,-1,-1,-1,-1,-1,-1,-1
2006-11-28,1411.47,-1,-1,-1,-1,-1,-1,-1
2006-11-29,1422.55,-1,-1,-1,-1,-1,-1,-1
2006-11-30,1432.21,-1,-1,-1,-1,-1,-1,-1
2006-12-01,1434.36,-1,-1,-1,-1,-1,-1,-1
2006-12-02,-1.0,-1,-1,-1,-1,-1,-1,-1
2006-12-03,-1.0,-1,-1,-1,-1,-1,-1,-1
2006-12-04,1426.46,-1,-1,-1,-1,-1,-1,-1
2006-12-05,1420.59,-1,-1,-1,-1,-1,-1,-1
2006-12-06,1413.73,-1,-1,-1,-1,-1,-1,-1
2006-12-07,1410.3,-1,-1,-1,-1,-1,-1,-1
2006-12-08,1390.43,-1,-1,-1,-1,-1,-1,-1
2006-12-09,-1.0,-1,-1,-1,-1,-1,-1,-1
2006-12-10,-1.0,-1,-1,-1,-1,-1,-1,-1
2006-12-11,1390.73,-1,-1,-1,-1,-1,-1,-1
2006-12-12,1376.98,-1,-1,-1,-1,-1,-1,-1
2006-12-13,1383.28,-1,-1,-1,-1,-1,-1,-1
2006-12-14,1418.38,-1,-1,-1,-1,-1,-1,-1
2006-12-15,1421.87,-1,-1,-1,-1,-1,-1,-1
2006-12-16,-1.0,-1,-1,-1,-1,-1,-1,-1
2006-12-17,-1.0,-1,-1,-1,-1,-1,-1,-1
2006-12-18,1433.23,-1,-1,-1,-1,-1,-1,-1
2006-12-19,1427.76,-1,-1,-1,-1,-1,-1,-1
2006-12-20,1442.28,-1,-1,-1,-1,-1,-1,-1
2006-12-21,1436.47,-1,-1,-1,-1,-1,-1,-1
2006-12-22,1437.49,-1,-1,-1,-1,-1,-1,-1
2006-12-23,-1.0,-1,-1,-1,-1,-1,-1,-1
2006-12-24,-1.0,-1,-1,-1,-1,-1,-1,-1
2006-12-25,-1.0,-1,-1,-1,-1,-1,-1,-1
2006-12-26,1433.92,-1,-1,-1,-1,-1,-1,-1
2006-12-27,1425.1,-1,-1,-1,-1,-1,-1,-1
2006-12-28,1434.46,-1,-1,-1,-1,-1,-1,-1
2006-12-29,-1.0,-1,-1,-1,-1,-1,-1,-1
2006-12-30,-1.0,-1,-1,-1,-1,-1,-1,-1
2006-12-31,-1.0,-1,-1,-1,-1,-1,-1,-1
2007-10-01,1962.67,-1,-1,-1,-1,-1,-1,-1
2007-10-02,2014.09,-1,-1,-1,-1,-1,-1,-1
2007-10-03,-1.0,-1,-1,-1,-1,-1,-1,-1
2007-10-04,2003.6,-1,-1,-1,-1,-1,-1,-1
2007-10-05,1996.03,-1,-1,-1,-1,-1,-1,-1
2007-10-06,-1.0,-1,-1,-1,-1,-1,-1,-1
2007-10-07,-1.0,-1,-1,-1,-1,-1,-1,-1
2007-10-08,2012.82,-1,-1,-1,-1,-1,-1,-1
2007-10-09,2014.13,-1,-1,-1,-1,-1,-1,-1
2007-10-10,2041.12,-1,-1,-1,-1,-1,-1,-1
2007-10-11,2058.85,-1,-1,-1,-1,-1,-1,-1
2007-10-12,2026.44,-1,-1,-1,-1,-1,-1,-1
2007-10-13,-1.0,-1,-1,-1,-1,-1,-1,-1
2007-10-14,-1.0,-1,-1,-1,-1,-1,-1,-1
2007-10-15,2035.39,-1,-1,-1,-1,-1,-1,-1
2007-10-16,2005.76,-1,-1,-1,-1,-1,-1,-1
2007-10-17,1983.94,-1,-1,-1,-1,-1,-1,-1
2007-10-18,2005.09,-1,-1,-1,-1,-1,-1,-1
2007-10-19,1970.1,-1,-1,-1,-1,-1,-1,-1
2007-10-20,-1.0,-1,-1,-1,-1,-1,-1,-1
2007-10-21,-1.0,-1,-1,-1,-1,-1,-1,-1
2007-10-22,1903.81,-1,-1,-1,-1,-1,-1,-1
2007-10-23,1947.98,-1,-1,-1,-1,-1,-1,-1
2007-10-24,1933.36,-1,-1,-1,-1,-1,-1,-1
2007-10-25,1976.75,-1,-1,-1,-1,-1,-1,-1
2007-10-26,2028.06,-1,-1,-1,-1,-1,-1,-1
2007-10-27,-1.0,-1,-1,-1,-1,-1,-1,-1
2007-10-28,-1.0,-1,-1,-1,-1,-1,-1,-1
2007-10-29,2062.92,-1,-1,-1,-1,-1,-1,-1
2007-10-30,2052.37,-1,-1,-1,-1,-1,-1,-1
2007-10-31,2064.85,-1,-1,-1,-1,-1,-1,-1
2007-11-01,2063.14,-1,-1,-1,-1,-1,-1,-1
2007-11-02,2019.34,-1,-1,-1,-1,-1,-1,-1
2007-11-03,-1.0,-1,-1,-1,-1,-1,-1,-1
2007-11-04,-1.0,-1,-1,-1,-1,-1,-1,-1
2007-11-05,2015.76,-1,-1,-1,-1,-1,-1,-1
2007-11-06,2054.24,-1,-1,-1,-1,-1,-1,-1
2007-11-07,2043.19,-1,-1,-1,-1,-1,-1,-1
2007-11-08,1979.56,-1,-1,-1,-1,-1,-1,-1
2007-11-09,1990.47,-1,-1,-1,-1,-1,-1,-1
2007-11-10,-1.0,-1,-1,-1,-1,-1,-1,-1
2007-11-11,-1.0,-1,-1,-1,-1,-1,-1,-1
2007-11-12,1923.42,-1,-1,-1,-1,-1,-1,-1
2007-11-13,1932.89,-1,-1,-1,-1,-1,-1,-1
2007-11-14,1972.58,-1,-1,-1,-1,-1,-1,-1
2007-11-15,1947.74,-1,-1,-1,-1,-1,-1,-1
2007-11-16,1926.2,-1,-1,-1,-1,-1,-1,-1
2007-11-17,-1.0,-1,-1,-1,-1,-1,-1,-1
2007-11-18,-1.0,-1,-1,-1,-1,-1,-1,-1
2007-11-19,1893.47,-1,-1,-1,-1,-1,-1,-1
2007-11-20,1872.24,-1,-1,-1,-1,-1,-1,-1
2007-11-21,1806.99,-1,-1,-1,-1,-1,-1,-1
2007-11-22,1799.02,-1,-1,-1,-1,-1,-1,-1
2007-11-23,1772.88,-1,-1,-1,-1,-1,-1,-1
2007-11-24,-1.0,-1,-1,-1,-1,-1,-1,-1
2007-11-25,-1.0,-1,-1,-1,-1,-1,-1,-1
2007-11-26,1855.33,-1,-1,-1,-1,-1,-1,-1
2007-11-27,1859.79,-1,-1,-1,-1,-1,-1,-1
2007-11-28,1834.69,-1,-1,-1,-1,-1,-1,-1
2007-11-29,1877.56,-1,-1,-1,-1,-1,-1,-1
2007-11-30,1906.0,-1,-1,-1,-1,-1,-1,-1
2007-12-01,-1.0,-1,-1,-1,-1,-1,-1,-1
2007-12-02,-1.0,-1,-1,-1,-1,-1,-1,-1
2007-12-03,1902.43,-1,-1,-1,-1,-1,-1,-1
2007-12-04,1917.83,-1,-1,-1,-1,-1,-1,-1
2007-12-05,1938.2,-1,-1,-1,-1,-1,-1,-1
2007-12-06,1953.17,-1,-1,-1,-1,-1,-1,-1
2007-12-07,1934.32,-1,-1,-1,-1,-1,-1,-1
2007-12-08,-1.0,-1,-1,-1,-1,-1,-1,-1
2007-12-09,-1.0,-1,-1,-1,-1,-1,-1,-1
2007-12-10,1906.42,-1,-1,-1,-1,-1,-1,-1
2007-12-11,1925.07,-1,-1,-1,-1,-1,-1,-1
2007-12-12,1927.45,-1,-1,-1,-1,-1,-1,-1
2007-12-13,1915.9,-1,-1,-1,-1,-1,-1,-1
2007-12-14,1895.05,-1,-1,-1,-1,-1,-1,-1
2007-12-15,-1.0,-1,-1,-1,-1,-1,-1,-1
2007-12-16,-1.0,-1,-1,-1,-1,-1,-1,-1
2007-12-17,1839.82,-1,-1,-1,-1,-1,-1,-1
2007-12-18,1861.47,-1,-1,-1,-1,-1,-1,-1
2007-12-19,-1.0,-1,-1,-1,-1,-1,-1,-1
2007-12-20,1844.37,-1,-1,-1,-1,-1,-1,-1
2007-12-21,1878.32,-1,-1,-1,-1,-1,-1,-1
2007-12-22,-1.0,-1,-1,-1,-1,-1,-1,-1
2007-12-23,-1.0,-1,-1,-1,-1,-1,-1,-1
2007-12-24,1919.47,-1,-1,-1,-1,-1,-1,-1
2007-12-25,-1.0,-1,-1,-1,-1,-1,-1,-1
2007-12-26,1906.72,-1,-1,-1,-1,-1,-1,-1
2007-12-27,1908.62,-1,-1,-1,-1,-1,-1,-1
2007-12-28,1897.13,-1,-1,-1,-1,-1,-1,-1
2007-12-29,-1.0,-1,-1,-1,-1,-1,-1,-1
2007-12-30,-1.0,-1,-1,-1,-1,-1,-1,-1
2007-12-31,-1.0,-1,-1,-1,-1,-1,-1,-1
2008-01-01,-1.0,-1,-1,-1,-1,-1,-1,-1
2008-01-02,1853.45,-1,-1,-1,-1,-1,-1,-1
2008-01-03,1852.73,-1,-1,-1,-1,-1,-1,-1
2008-01-04,1863.9,-1,-1,-1,-1,-1,-1,-1
2008-01-05,-1.0,-1,-1,-1,-1,-1,-1,-1
2008-01-06,-1.0,-1,-1,-1,-1,-1,-1,-1
2008-01-07,1831.14,-1,-1,-1,-1,-1,-1,-1
2008-01-08,1826.23,-1,-1,-1,-1,-1,-1,-1
2008-01-09,1844.47,-1,-1,-1,-1,-1,-1,-1
2008-01-10,1824.78,-1,-1,-1,-1,-1,-1,-1
2008-01-11,1782.27,-1,-1,-1,-1,-1,-1,-1
2008-01-12,-1.0,-1,-1,-1,-1,-1,-1,-1
2008-01-13,-1.0,-1,-1,-1,-1,-1,-1,-1
2008-01-14,1765.88,-1,-1,-1,-1,-1,-1,-1
2008-01-15,1746.95,-1,-1,-1,-1,-1,-1,-1
2008-01-16,1704.97,-1,-1,-1,-1,-1,-1,-1
2008-01-17,1723.55,-1,-1,-1,-1,-1,-1,-1
2008-01-18,1734.72,-1,-1,-1,-1,-1,-1,-1
2008-01-19,-1.0,-1,-1,-1,-1,-1,-1,-1
2008-01-20,-1.0,-1,-1,-1,-1,-1,-1,-1
2008-01-21,1683.56,-1,-1,-1,-1,-1,-1,-1
2008-01-22,1609.02,-1,-1,-1,-1,-1,-1,-1
2008-01-23,1628.42,-1,-1,-1,-1,-1,-1,-1
2008-01-24,1663.0,-1,-1,-1,-1,-1,-1,-1
2008-01-25,1692.41,-1,-1,-1,-1,-1,-1,-1
2008-01-26,-1.0,-1,-1,-1,-1,-1,-1,-1
2008-01-27,-1.0,-1,-1,-1,-1,-1,-1,-1
2008-01-28,1627.19,-1,-1,-1,-1,-1,-1,-1
2008-01-29,1637.91,-1,-1,-1,-1,-1,-1,-1
2008-01-30,1589.06,-1,-1,-1,-1,-1,-1,-1
2008-01-31,1624.68,-1,-1,-1,-1,-1,-1,-1
2008-02-01,1634.53,-1,-1,-1,-1,-1,-1,-1
2008-02-02,-1.0,-1,-1,-1,-1,-1,-1,-1
2008-02-03,-1.0,-1,-1,-1,-1,-1,-1,-1
2008-02-04,1690.13,-1,-1,-1,-1,-1,-1,-1
2008-02-05,1696.57,-1,-1,-1,-1,-1,-1,-1
2008-02-06,-1.0,-1,-1,-1,-1,-1,-1,-1
2008-02-07,-1.0,-1,-1,-1,-1,-1,-1,-1
2008-02-08,-1.0,-1,-1,-1,-1,-1,-1,-1
2008-02-09,-1.0,-1,-1,-1,-1,-1,-1,-1
2008-02-10,-1.0,-1,-1,-1,-1,-1,-1,-1
2008-02-11,1640.67,-1,-1,-1,-1,-1,-1,-1
2008-02-12,1643.29,-1,-1,-1,-1,-1,-1,-1
2008-02-13,1631.78,-1,-1,-1,-1,-1,-1,-1
2008-02-14,1697.45,-1,-1,-1,-1,-1,-1,-1
2008-02-15,1694.77,-1,-1,-1,-1,-1,-1,-1
2008-02-16,-1.0,-1,-1,-1,-1,-1,-1,-1
2008-02-17,-1.0,-1,-1,-1,-1,-1,-1,-1
2008-02-18,1696.24,-1,-1,-1,-1,-1,-1,-1
2008-02-19,1720.52,-1,-1,-1,-1,-1,-1,-1
2008-02-20,1687.91,-1,-1,-1,-1,-1,-1,-1
2008-02-21,1704.36,-1,-1,-1,-1,-1,-1,-1
2008-02-22,1686.45,-1,-1,-1,-1,-1,-1,-1
2008-02-23,-1.0,-1,-1,-1,-1,-1,-1,-1
2008-02-24,-1.0,-1,-1,-1,-1,-1,-1,-1
2008-02-25,1709.13,-1,-1,-1,-1,-1,-1,-1
2008-02-26,1709.13,-1,-1,-1,-1,-1,-1,-1
2008-02-27,1720.89,-1,-1,-1,-1,-1,-1,-1
2008-02-28,1736.17,-1,-1,-1,-1,-1,-1,-1
2008-02-29,1711.62,-1,-1,-1,-1,-1,-1,-1
2008-03-01,-1.0,-1,-1,-1,-1,-1,-1,-1
2008-03-02,-1.0,-1,-1,-1,-1,-1,-1,-1
2008-03-03,1671.73,-1,-1,-1,-1,-1,-1,-1
2008-03-04,1676.18,-1,-1,-1,-1,-1,-1,-1
2008-03-05,1677.1,-1,-1,-1,-1,-1,-1,-1
2008-03-06,1697.44,-1,-1,-1,-1,-1,-1,-1
2008-03-07,1663.97,-1,-1,-1,-1,-1,-1,-1
2008-03-08,-1.0,-1,-1,-1,-1,-1,-1,-1
2008-03-09,-1.0,-1,-1,-1,-1,-1,-1,-1
2008-03-10,1625.17,-1,-1,-1,-1,-1,-1,-1
2008-03-11,1641.48,-1,-1,-1,-1,-1,-1,-1
2008-03-12,1658.83,-1,-1,-1,-1,-1,-1,-1
2008-03-13,1615.62,-1,-1,-1,-1,-1,-1,-1
2008-03-14,1600.26,-1,-1,-1,-1,-1,-1,-1
2008-03-15,-1.0,-1,-1,-1,-1,-1,-1,-1
2008-03-16,-1.0,-1,-1,-1,-1,-1,-1,-1
2008-03-17,1574.44,-1,-1,-1,-1,-1,-1,-1
2008-03-18,1588.75,-1,-1,-1,-1,-1,-1,-1
2008-03-19,1622.23,-1,-1,-1,-1,-1,-1,-1
2008-03-20,1623.39,-1,-1,-1,-1,-1,-1,-1
2008-03-21,1645.69,-1,-1,-1,-1,-1,-1,-1
2008-03-22,-1.0,-1,-1,-1,-1,-1,-1,-1
2008-03-23,-1.0,-1,-1,-1,-1,-1,-1,-1
2008-03-24,1655.3,-1,-1,-1,-1,-1,-1,-1
2008-03-25,1674.93,-1,-1,-1,-1,-1,-1,-1
2008-03-26,1679.67,-1,-1,-1,-1,-1,-1,-1
2008-03-27,1676.24,-1,-1,-1,-1,-1,-1,-1
2008-03-28,1701.83,-1,-1,-1,-1,-1,-1,-1
2008-03-29,-1.0,-1,-1,-1,-1,-1,-1,-1
2008-03-30,-1.0,-1,-1,-1,-1,-1,-1,-1
2008-03-31,1703.99,-1,-1,-1,-1,-1,-1,-1
2008-04-01,1702.25,-1,-1,-1,-1,-1,-1,-1
2008-04-02,1742.19,-1,-1,-1,-1,-1,-1,-1
2008-04-03,1763.63,-1,-1,-1,-1,-1,-1,-1
2008-04-04,1766.49,-1,-1,-1,-1,-1,-1,-1
2008-04-05,-1.0,-1,-1,-1,-1,-1,-1,-1
2008-04-06,-1.0,-1,-1,-1,-1,-1,-1,-1
2008-04-07,1773.56,-1,-1,-1,-1,-1,-1,-1
2008-04-08,1754.71,-1,-1,-1,-1,-1,-1,-1
2008-04-09,-1.0,-1,-1,-1,-1,-1,-1,-1
2008-04-10,1764.64,-1,-1,-1,-1,-1,-1,-1
2008-04-11,1779.71,-1,-1,-1,-1,-1,-1,-1
2008-04-12,-1.0,-1,-1,-1,-1,-1,-1,-1
2008-04-13,-1.0,-1,-1,-1,-1,-1,-1,-1
2008-04-14,1746.71,-1,-1,-1,-1,-1,-1,-1
2008-04-15,1742.17,-1,-1,-1,-1,-1,-1,-1
2008-04-16,1758.56,-1,-1,-1,-1,-1,-1,-1
2008-04-17,1768.67,-1,-1,-1,-1,-1,-1,-1
2008-04-18,1771.9,-1,-1,-1,-1,-1,-1,-1
2008-04-19,-1.0,-1,-1,-1,-1,-1,-1,-1
2008-04-20,-1.0,-1,-1,-1,-1,-1,-1,-1
2008-04-21,1800.48,-1,-1,-1,-1,-1,-1,-1
2008-04-22,1787.49,-1,-1,-1,-1,-1,-1,-1
2008-04-23,1800.79,-1,-1,-1,-1,-1,-1,-1
2008-04-24,1799.34,-1,-1,-1,-1,-1,-1,-1
2008-04-25,1824.68,-1,-1,-1,-1,-1,-1,-1
2008-04-26,-1.0,-1,-1,-1,-1,-1,-1,-1
2008-04-27,-1.0,-1,-1,-1,-1,-1,-1,-1
2008-04-28,1823.17,-1,-1,-1,-1,-1,-1,-1
2008-04-29,1811.51,-1,-1,-1,-1,-1,-1,-1
2008-04-30,1825.47,-1,-1,-1,-1,-1,-1,-1
2008-05-01,-1.0,-1,-1,-1,-1,-1,-1,-1
2008-05-02,1848.27,-1,-1,-1,-1,-1,-1,-1
2008-05-03,-1.0,-1,-1,-1,-1,-1,-1,-1
2008-05-04,-1.0,-1,-1,-1,-1,-1,-1,-1
2008-05-05,-1.0,-1,-1,-1,-1,-1,-1,-1
2008-05-06,1859.06,-1,-1,-1,-1,-1,-1,-1
2008-05-07,1854.01,-1,-1,-1,-1,-1,-1,-1
2008-05-08,1848.0,-1,-1,-1,-1,-1,-1,-1
2008-05-09,1823.7,-1,-1,-1,-1,-1,-1,-1
2008-05-10,-1.0,-1,-1,-1,-1,-1,-1,-1
2008-05-11,-1.0,-1,-1,-1,-1,-1,-1,-1
2008-05-12,-1.0,-1,-1,-1,-1,-1,-1,-1
2008-05-13,1842.8,-1,-1,-1,-1,-1,-1,-1
2008-05-14,1843.75,-1,-1,-1,-1,-1,-1,-1
2008-05-15,1885.71,-1,-1,-1,-1,-1,-1,-1
2008-05-16,1888.88,-1,-1,-1,-1,-1,-1,-1
2008-05-17,-1.0,-1,-1,-1,-1,-1,-1,-1
2008-05-18,-1.0,-1,-1,-1,-1,-1,-1,-1
2008-05-19,1885.37,-1,-1,-1,-1,-1,-1,-1
2008-05-20,1873.15,-1,-1,-1,-1,-1,-1,-1
2008-05-21,1847.51,-1,-1,-1,-1,-1,-1,-1
2008-05-22,1835.42,-1,-1,-1,-1,-1,-1,-1
2008-05-23,1827.94,-1,-1,-1,-1,-1,-1,-1
2008-05-24,-1.0,-1,-1,-1,-1,-1,-1,-1
2008-05-25,-1.0,-1,-1,-1,-1,-1,-1,-1
2008-05-26,1800.58,-1,-1,-1,-1,-1,-1,-1
2008-05-27,1825.23,-1,-1,-1,-1,-1,-1,-1
2008-05-28,1805.64,-1,-1,-1,-1,-1,-1,-1
2008-05-29,1841.22,-1,-1,-1,-1,-1,-1,-1
2008-05-30,1852.02,-1,-1,-1,-1,-1,-1,-1
2008-05-31,-1.0,-1,-1,-1,-1,-1,-1,-1
2008-06-01,-1.0,-1,-1,-1,-1,-1,-1,-1
2008-06-02,1847.53,-1,-1,-1,-1,-1,-1,-1
2008-06-03,1819.39,-1,-1,-1,-1,-1,-1,-1
2008-06-04,1833.81,-1,-1,-1,-1,-1,-1,-1
2008-06-05,1832.31,-1,-1,-1,-1,-1,-1,-1
2008-06-06,-1.0,-1,-1,-1,-1,-1,-1,-1
2008-06-07,-1.0,-1,-1,-1,-1,-1,-1,-1
2008-06-08,-1.0,-1,-1,-1,-1,-1,-1,-1
2008-06-09,1808.96,-1,-1,-1,-1,-1,-1,-1
2008-06-10,1774.38,-1,-1,-1,-1,-1,-1,-1
2008-06-11,1781.67,-1,-1,-1,-1,-1,-1,-1
2008-06-12,1739.36,-1,-1,-1,-1,-1,-1,-1
2008-06-13,1747.35,-1,-1,-1,-1,-1,-1,-1
2008-06-14,-1.0,-1,-1,-1,-1,-1,-1,-1
2008-06-15,-1.0,-1,-1,-1,-1,-1,-1,-1
2008-06-16,1760.82,-1,-1,-1,-1,-1,-1,-1
2008-06-17,1750.71,-1,-1,-1,-1,-1,-1,-1
2008-06-18,1774.13,-1,-1,-1,-1,-1,-1,-1
2008-06-19,1740.72,-1,-1,-1,-1,-1,-1,-1
2008-06-20,1731.0,-1,-1,-1,-1,-1,-1,-1
2008-06-21,-1.0,-1,-1,-1,-1,-1,-1,-1
2008-06-22,-1.0,-1,-1,-1,-1,-1,-1,-1
2008-06-23,1715.59,-1,-1,-1,-1,-1,-1,-1
2008-06-24,1710.84,-1,-1,-1,-1,-1,-1,-1
2008-06-25,1717.79,-1,-1,-1,-1,-1,-1,-1
2008-06-26,1717.66,-1,-1,-1,-1,-1,-1,-1
2008-06-27,1684.45,-1,-1,-1,-1,-1,-1,-1
2008-06-28,-1.0,-1,-1,-1,-1,-1,-1,-1
2008-06-29,-1.0,-1,-1,-1,-1,-1,-1,-1
2008-06-30,1674.92,-1,-1,-1,-1,-1,-1,-1
2009-01-01,-1.0,-1,-1,-1,-1,-1,-1,-1
2009-01-02,1157.4,-1,-1,-1,-1,-1,-1,-1
2009-01-03,-1.0,-1,-1,-1,-1,-1,-1,-1
2009-01-04,-1.0,-1,-1,-1,-1,-1,-1,-1
2009-01-05,1173.57,-1,-1,-1,-1,-1,-1,-1
2009-01-06,1194.28,-1,-1,-1,-1,-1,-1,-1
2009-01-07,1228.17,-1,-1,-1,-1,-1,-1,-1
2009-01-08,1205.7,-1,-1,-1,-1,-1,-1,-1
2009-01-09,1180.96,-1,-1,-1,-1,-1,-1,-1
2009-01-10,-1.0,-1,-1,-1,-1,-1,-1,-1
2009-01-11,-1.0,-1,-1,-1,-1,-1,-1,-1
2009-01-12,1156.75,-1,-1,-1,-1,-1,-1,-1
2009-01-13,1167.71,-1,-1,-1,-1,-1,-1,-1
2009-01-14,1182.68,-1,-1,-1,-1,-1,-1,-1
2009-01-15,1111.34,-1,-1,-1,-1,-1,-1,-1
2009-01-16,1135.2,-1,-1,-1,-1,-1,-1,-1
2009-01-17,-1.0,-1,-1,-1,-1,-1,-1,-1
2009-01-18,-1.0,-1,-1,-1,-1,-1,-1,-1
2009-01-19,1150.65,-1,-1,-1,-1,-1,-1,-1
2009-01-20,1126.81,-1,-1,-1,-1,-1,-1,-1
2009-01-21,1103.61,-1,-1,-1,-1,-1,-1,-1
2009-01-22,1116.23,-1,-1,-1,-1,-1,-1,-1
2009-01-23,1093.4,-1,-1,-1,-1,-1,-1,-1
2009-01-24,-1.0,-1,-1,-1,-1,-1,-1,-1
2009-01-25,-1.0,-1,-1,-1,-1,-1,-1,-1
2009-01-26,-1.0,-1,-1,-1,-1,-1,-1,-1
2009-01-27,-1.0,-1,-1,-1,-1,-1,-1,-1
2009-01-28,1157.98,-1,-1,-1,-1,-1,-1,-1
2009-01-29,1166.56,-1,-1,-1,-1,-1,-1,-1
2009-01-30,1162.11,-1,-1,-1,-1,-1,-1,-1
2009-01-31,-1.0,-1,-1,-1,-1,-1,-1,-1
2009-02-01,-1.0,-1,-1,-1,-1,-1,-1,-1
2009-02-02,1146.95,-1,-1,-1,-1,-1,-1,-1
2009-02-03,1163.2,-1,-1,-1,-1,-1,-1,-1
2009-02-04,1195.37,-1,-1,-1,-1,-1,-1,-1
2009-02-05,1177.88,-1,-1,-1,-1,-1,-1,-1
2009-02-06,1210.26,-1,-1,-1,-1,-1,-1,-1
2009-02-07,-1.0,-1,-1,-1,-1,-1,-1,-1
2009-02-08,-1.0,-1,-1,-1,-1,-1,-1,-1
2009-02-09,1202.69,-1,-1,-1,-1,-1,-1,-1
2009-02-10,1198.87,-1,-1,-1,-1,-1,-1,-1
2009-02-11,1190.18,-1,-1,-1,-1,-1,-1,-1
2009-02-12,1179.84,-1,-1,-1,-1,-1,-1,-1
2009-02-13,1192.44,-1,-1,-1,-1,-1,-1,-1
2009-02-14,-1.0,-1,-1,-1,-1,-1,-1,-1
2009-02-15,-1.0,-1,-1,-1,-1,-1,-1,-1
2009-02-16,1175.47,-1,-1,-1,-1,-1,-1,-1
2009-02-17,1127.19,-1,-1,-1,-1,-1,-1,-1
2009-02-18,1113.19,-1,-1,-1,-1,-1,-1,-1
2009-02-19,1107.1,-1,-1,-1,-1,-1,-1,-1
2009-02-20,1065.95,-1,-1,-1,-1,-1,-1,-1
2009-02-21,-1.0,-1,-1,-1,-1,-1,-1,-1
2009-02-22,-1.0,-1,-1,-1,-1,-1,-1,-1
2009-02-23,1099.55,-1,-1,-1,-1,-1,-1,-1
2009-02-24,1063.88,-1,-1,-1,-1,-1,-1,-1
2009-02-25,1067.08,-1,-1,-1,-1,-1,-1,-1
2009-02-26,1054.79,-1,-1,-1,-1,-1,-1,-1
2009-02-27,1063.03,-1,-1,-1,-1,-1,-1,-1
2009-02-28,-1.0,-1,-1,-1,-1,-1,-1,-1
2009-03-01,-1.0,-1,-1,-1,-1,-1,-1,-1
2009-03-02,1018.81,-1,-1,-1,-1,-1,-1,-1
2009-03-03,1025.57,-1,-1,-1,-1,-1,-1,-1
2009-03-04,1059.26,-1,-1,-1,-1,-1,-1,-1
2009-03-05,1058.18,-1,-1,-1,-1,-1,-1,-1
2009-03-06,1055.03,-1,-1,-1,-1,-1,-1,-1
2009-03-07,-1.0,-1,-1,-1,-1,-1,-1,-1
2009-03-08,-1.0,-1,-1,-1,-1,-1,-1,-1
2009-03-09,1071.73,-1,-1,-1,-1,-1,-1,-1
2009-03-10,1092.2,-1,-1,-1,-1,-1,-1,-1
2009-03-11,1127.51,-1,-1,-1,-1,-1,-1,-1
2009-03-12,1128.39,-1,-1,-1,-1,-1,-1,-1
2009-03-13,1126.03,-1,-1,-1,-1,-1,-1,-1
2009-03-14,-1.0,-1,-1,-1,-1,-1,-1,-1
2009-03-15,-1.0,-1,-1,-1,-1,-1,-1,-1
2009-03-16,1125.46,-1,-1,-1,-1,-1,-1,-1
2009-03-17,1163.88,-1,-1,-1,-1,-1,-1,-1
2009-03-18,1169.95,-1,-1,-1,-1,-1,-1,-1
2009-03-19,1161.81,-1,-1,-1,-1,-1,-1,-1
2009-03-20,1170.94,-1,-1,-1,-1,-1,-1,-1
2009-03-21,-1.0,-1,-1,-1,-1,-1,-1,-1
2009-03-22,-1.0,-1,-1,-1,-1,-1,-1,-1
2009-03-23,1199.5,-1,-1,-1,-1,-1,-1,-1
2009-03-24,1221.7,-1,-1,-1,-1,-1,-1,-1
2009-03-25,1229.02,-1,-1,-1,-1,-1,-1,-1
2009-03-26,1243.8,-1,-1,-1,-1,-1,-1,-1
2009-03-27,1237.51,-1,-1,-1,-1,-1,-1,-1
2009-03-28,-1.0,-1,-1,-1,-1,-1,-1,-1
2009-03-29,-1.0,-1,-1,-1,-1,-1,-1,-1
2009-03-30,1197.46,-1,-1,-1,-1,-1,-1,-1
2009-03-31,1206.26,-1,-1,-1,-1,-1,-1,-1
2009-04-01,1233.36,-1,-1,-1,-1,-1,-1,-1
2009-04-02,1276.97,-1,-1,-1,-1,-1,-1,-1
2009-04-03,1283.75,-1,-1,-1,-1,-1,-1,-1
2009-04-04,-1.0,-1,-1,-1,-1,-1,-1,-1
2009-04-05,-1.0,-1,-1,-1,-1,-1,-1,-1
2009-04-06,1297.85,-1,-1,-1,-1,-1,-1,-1
2009-04-07,1300.1,-1,-1,-1,-1,-1,-1,-1
2009-04-08,1262.07,-1,-1,-1,-1,-1,-1,-1
2009-04-09,1316.35,-1,-1,-1,-1,-1,-1,-1
2009-04-10,1336.04,-1,-1,-1,-1,-1,-1,-1
2009-04-11,-1.0,-1,-1,-1,-1,-1,-1,-1
2009-04-12,-1.0,-1,-1,-1,-1,-1,-1,-1
2009-04-13,1338.26,-1,-1,-1,-1,-1,-1,-1
2009-04-14,1342.63,-1,-1,-1,-1,-1,-1,-1
2009-04-15,1333.09,-1,-1,-1,-1,-1,-1,-1
2009-04-16,1336.72,-1,-1,-1,-1,-1,-1,-1
2009-04-17,1329.0,-1,-1,-1,-1,-1,-1,-1
2009-04-18,-1.0,-1,-1,-1,-1,-1,-1,-1
2009-04-19,-1.0,-1,-1,-1,-1,-1,-1,-1
2009-04-20,1336.39,-1,-1,-1,-1,-1,-1,-1
2009-04-21,1336.81,-1,-1,-1,-1,-1,-1,-1
2009-04-22,1356.02,-1,-1,-1,-1,-1,-1,-1
2009-04-23,1368.8,-1,-1,-1,-1,-1,-1,-1
2009-04-24,1354.1,-1,-1,-1,-1,-1,-1,-1
2009-04-25,-1.0,-1,-1,-1,-1,-1,-1,-1
2009-04-26,-1.0,-1,-1,-1,-1,-1,-1,-1
2009-04-27,1339.83,-1,-1,-1,-1,-1,-1,-1
2009-04-28,1300.24,-1,-1,-1,-1,-1,-1,-1
2009-04-29,1338.42,-1,-1,-1,-1,-1,-1,-1
2009-04-30,1369.36,-1,-1,-1,-1,-1,-1,-1
2009-05-01,-1.0,-1,-1,-1,-1,-1,-1,-1
2009-05-02,-1.0,-1,-1,-1,-1,-1,-1,-1
2009-05-03,-1.0,-1,-1,-1,-1,-1,-1,-1
2009-05-04,1397.92,-1,-1,-1,-1,-1,-1,-1
2009-05-05,-1.0,-1,-1,-1,-1,-1,-1,-1
2009-05-06,1393.45,-1,-1,-1,-1,-1,-1,-1
2009-05-07,1401.08,-1,-1,-1,-1,-1,-1,-1
2009-05-08,1412.13,-1,-1,-1,-1,-1,-1,-1
2009-05-09,-1.0,-1,-1,-1,-1,-1,-1,-1
2009-05-10,-1.0,-1,-1,-1,-1,-1,-1,-1
2009-05-11,1415.16,-1,-1,-1,-1,-1,-1,-1
2009-05-12,1403.51,-1,-1,-1,-1,-1,-1,-1
2009-05-13,1414.52,-1,-1,-1,-1,-1,-1,-1
2009-05-14,1380.95,-1,-1,-1,-1,-1,-1,-1
2009-05-15,1391.73,-1,-1,-1,-1,-1,-1,-1
2009-05-16,-1.0,-1,-1,-1,-1,-1,-1,-1
2009-05-17,-1.0,-1,-1,-1,-1,-1,-1,-1
2009-05-18,1386.68,-1,-1,-1,-1,-1,-1,-1
2009-05-19,1428.21,-1,-1,-1,-1,-1,-1,-1
2009-05-20,1435.7,-1,-1,-1,-1,-1,-1,-1
2009-05-21,1421.65,-1,-1,-1,-1,-1,-1,-1
2009-05-22,1403.75,-1,-1,-1,-1,-1,-1,-1
2009-05-23,-1.0,-1,-1,-1,-1,-1,-1,-1
2009-05-24,-1.0,-1,-1,-1,-1,-1,-1,-1
2009-05-25,1400.9,-1,-1,-1,-1,-1,-1,-1
2009-05-26,1372.04,-1,-1,-1,-1,-1,-1,-1
2009-05-27,1362.02,-1,-1,-1,-1,-1,-1,-1
2009-05-28,1392.17,-1,-1,-1,-1,-1,-1,-1
2009-05-29,1395.89,-1,-1,-1,-1,-1,-1,-1
2009-05-30,-1.0,-1,-1,-1,-1,-1,-1,-1
2009-05-31,-1.0,-1,-1,-1,-1,-1,-1,-1
2009-06-01,1415.1,-1,-1,-1,-1,-1,-1,-1
2009-06-02,1412.85,-1,-1,-1,-1,-1,-1,-1
2009-06-03,1414.89,-1,-1,-1,-1,-1,-1,-1
2009-06-04,1378.14,-1,-1,-1,-1,-1,-1,-1
2009-06-05,1394.71,-1,-1,-1,-1,-1,-1,-1
2009-06-06,-1.0,-1,-1,-1,-1,-1,-1,-1
2009-06-07,-1.0,-1,-1,-1,-1,-1,-1,-1
2009-06-08,1393.3,-1,-1,-1,-1,-1,-1,-1
2009-06-09,1371.84,-1,-1,-1,-1,-1,-1,-1
2009-06-10,1414.88,-1,-1,-1,-1,-1,-1,-1
2009-06-11,1419.39,-1,-1,-1,-1,-1,-1,-1
2009-06-12,1428.59,-1,-1,-1,-1,-1,-1,-1
2009-06-13,-1.0,-1,-1,-1,-1,-1,-1,-1
2009-06-14,-1.0,-1,-1,-1,-1,-1,-1,-1
2009-06-15,1412.42,-1,-1,-1,-1,-1,-1,-1
2009-06-16,1399.15,-1,-1,-1,-1,-1,-1,-1
2009-06-17,1391.17,-1,-1,-1,-1,-1,-1,-1
2009-06-18,1375.76,-1,-1,-1,-1,-1,-1,-1
2009-06-19,1383.34,-1,-1,-1,-1,-1,-1,-1
2009-06-20,-1.0,-1,-1,-1,-1,-1,-1,-1
2009-06-21,-1.0,-1,-1,-1,-1,-1,-1,-1
2009-06-22,1399.71,-1,-1,-1,-1,-1,-1,-1
2009-06-23,1360.54,-1,-1,-1,-1,-1,-1,-1
2009-06-24,1363.79,-1,-1,-1,-1,-1,-1,-1
2009-06-25,1392.73,-1,-1,-1,-1,-1,-1,-1
2009-06-26,1394.53,-1,-1,-1,-1,-1,-1,-1
2009-06-27,-1.0,-1,-1,-1,-1,-1,-1,-1
2009-06-28,-1.0,-1,-1,-1,-1,-1,-1,-1
2009-06-29,1388.45,-1,-1,-1,-1,-1,-1,-1
2009-06-30,1390.07,-1,-1,-1,-1,-1,-1,-1
2010-01-01,-1.0,-1,-1,-1,-1,-1,-1,-1
2010-01-02,-1.0,-1,-1,-1,-1,-1,-1,-1
2010-01-03,-1.0,-1,-1,-1,-1,-1,-1,-1
2010-01-04,1696.14,-1,-1,-1,-1,-1,-1,-1
2010-01-05,1690.62,-1,-1,-1,-1,-1,-1,-1
2010-01-06,1705.32,-1,-1,-1,-1,-1,-1,-1
2010-01-07,1683.45,-1,-1,-1,-1,-1,-1,-1
2010-01-08,1695.26,-1,-1,-1,-1,-1,-1,-1
2010-01-09,-1.0,-1,-1,-1,-1,-1,-1,-1
2010-01-10,-1.0,-1,-1,-1,-1,-1,-1,-1
2010-01-11,1694.12,-1,-1,-1,-1,-1,-1,-1
2010-01-12,1698.64,-1,-1,-1,-1,-1,-1,-1
2010-01-13,1671.41,-1,-1,-1,-1,-1,-1,-1
2010-01-14,1685.77,-1,-1,-1,-1,-1,-1,-1
2010-01-15,1701.8,-1,-1,-1,-1,-1,-1,-1
2010-01-16,-1.0,-1,-1,-1,-1,-1,-1,-1
2010-01-17,-1.0,-1,-1,-1,-1,-1,-1,-1
2010-01-18,1711.78,-1,-1,-1,-1,-1,-1,-1
2010-01-19,1710.22,-1,-1,-1,-1,-1,-1,-1
2010-01-20,1714.38,-1,-1,-1,-1,-1,-1,-1
2010-01-21,1722.01,-1,-1,-1,-1,-1,-1,-1
2010-01-22,1684.35,-1,-1,-1,-1,-1,-1,-1
2010-01-23,-1.0,-1,-1,-1,-1,-1,-1,-1
2010-01-24,-1.0,-1,-1,-1,-1,-1,-1,-1
2010-01-25,1670.2,-1,-1,-1,-1,-1,-1,-1
2010-01-26,1637.34,-1,-1,-1,-1,-1,-1,-1
2010-01-27,1625.48,-1,-1,-1,-1,-1,-1,-1
2010-01-28,1642.43,-1,-1,-1,-1,-1,-1,-1
2010-01-29,1602.43,-1,-1,-1,-1,-1,-1,-1
2010-01-30,-1.0,-1,-1,-1,-1,-1,-1,-1
2010-01-31,-1.0,-1,-1,-1,-1,-1,-1,-1
2010-02-01,1606.44,-1,-1,-1,-1,-1,-1,-1
2010-02-02,1595.81,-1,-1,-1,-1,-1,-1,-1
2010-02-03,1615.02,-1,-1,-1,-1,-1,-1,-1
2010-02-04,1616.42,-1,-1,-1,-1,-1,-1,-1
2010-02-05,1567.12,-1,-1,-1,-1,-1,-1,-1
2010-02-06,-1.0,-1,-1,-1,-1,-1,-1,-1
2010-02-07,-1.0,-1,-1,-1,-1,-1,-1,-1
2010-02-08,1552.79,-1,-1,-1,-1,-1,-1,-1
2010-02-09,1570.49,-1,-1,-1,-1,-1,-1,-1
2010-02-10,1570.12,-1,-1,-1,-1,-1,-1,-1
2010-02-11,1597.81,-1,-1,-1,-1,-1,-1,-1
2010-02-12,1593.66,-1,-1,-1,-1,-1,-1,-1
2010-02-13,-1.0,-1,-1,-1,-1,-1,-1,-1
2010-02-14,-1.0,-1,-1,-1,-1,-1,-1,-1
2010-02-15,-1.0,-1,-1,-1,-1,-1,-1,-1
2010-02-16,1601.05,-1,-1,-1,-1,-1,-1,-1
2010-02-17,1627.43,-1,-1,-1,-1,-1,-1,-1
2010-02-18,1621.19,-1,-1,-1,-1,-1,-1,-1
2010-02-19,1593.9,-1,-1,-1,-1,-1,-1,-1
2010-02-20,-1.0,-1,-1,-1,-1,-1,-1,-1
2010-02-21,-1.0,-1,-1,-1,-1,-1,-1,-1
2010-02-22,1627.1,-1,-1,-1,-1,-1,-1,-1
2010-02-23,1628.9,-1,-1,-1,-1,-1,-1,-1
2010-02-24,1612.83,-1,-1,-1,-1,-1,-1,-1
2010-02-25,1587.51,-1,-1,-1,-1,-1,-1,-1
2010-02-26,1594.58,-1,-1,-1,-1,-1,-1,-1
2010-02-27,-1.0,-1,-1,-1,-1,-1,-1,-1
2010-02-28,-1.0,-1,-1,-1,-1,-1,-1,-1
2010-03-01,-1.0,-1,-1,-1,-1,-1,-1,-1
2010-03-02,1615.12,-1,-1,-1,-1,-1,-1,-1
2010-03-03,1622.44,-1,-1,-1,-1,-1,-1,-1
2010-03-04,1618.2,-1,-1,-1,-1,-1,-1,-1
2010-03-05,1634.57,-1,-1,-1,-1,-1,-1,-1
2010-03-06,-1.0,-1,-1,-1,-1,-1,-1,-1
2010-03-07,-1.0,-1,-1,-1,-1,-1,-1,-1
2010-03-08,1660.04,-1,-1,-1,-1,-1,-1,-1
2010-03-09,1660.83,-1,-1,-1,-1,-1,-1,-1
2010-03-10,1662.24,-1,-1,-1,-1,-1,-1,-1
2010-03-11,1656.62,-1,-1,-1,-1,-1,-1,-1
2010-03-12,1662.74,-1,-1,-1,-1,-1,-1,-1
2010-03-13,-1.0,-1,-1,-1,-1,-1,-1,-1
2010-03-14,-1.0,-1,-1,-1,-1,-1,-1,-1
2010-03-15,1649.5,-1,-1,-1,-1,-1,-1,-1
2010-03-16,1648.01,-1,-1,-1,-1,-1,-1,-1
2010-03-17,1682.86,-1,-1,-1,-1,-1,-1,-1
2010-03-18,1675.17,-1,-1,-1,-1,-1,-1,-1
2010-03-19,1686.11,-1,-1,-1,-1,-1,-1,-1
2010-03-20,-1.0,-1,-1,-1,-1,-1,-1,-1
2010-03-21,-1.0,-1,-1,-1,-1,-1,-1,-1
2010-03-22,1672.67,-1,-1,-1,-1,-1,-1,-1
2010-03-23,1681.82,-1,-1,-1,-1,-1,-1,-1
2010-03-24,1681.01,-1,-1,-1,-1,-1,-1,-1
2010-03-25,1688.39,-1,-1,-1,-1,-1,-1,-1
2010-03-26,1697.72,-1,-1,-1,-1,-1,-1,-1
2010-03-27,-1.0,-1,-1,-1,-1,-1,-1,-1
2010-03-28,-1.0,-1,-1,-1,-1,-1,-1,-1
2010-03-29,1691.99,-1,-1,-1,-1,-1,-1,-1
2010-03-30,1700.19,-1,-1,-1,-1,-1,-1,-1
2010-03-31,1692.85,-1,-1,-1,-1,-1,-1,-1
2011-01-01,-1.0,-1,-1,-1,-1,-1,-1,-1
2011-01-02,-1.0,-1,-1,-1,-1,-1,-1,-1
2011-01-03,2070.08,-1,-1,-1,-1,-1,-1,-1
2011-01-04,2085.14,-1,-1,-1,-1,-1,-1,-1
2011-01-05,2082.55,-1,-1,-1,-1,-1,-1,-1
2011-01-06,2077.61,-1,-1,-1,-1,-1,-1,-1
2011-01-07,2086.2,-1,-1,-1,-1,-1,-1,-1
2011-01-08,-1.0,-1,-1,-1,-1,-1,-1,-1
2011-01-09,-1.0,-1,-1,-1,-1,-1,-1,-1
2011-01-10,2080.81,-1,-1,-1,-1,-1,-1,-1
2011-01-11,2088.32,-1,-1,-1,-1,-1,-1,-1
2011-01-12,2094.95,-1,-1,-1,-1,-1,-1,-1
2011-01-13,2089.48,-1,-1,-1,-1,-1,-1,-1
2011-01-14,2108.17,-1,-1,-1,-1,-1,-1,-1
2011-01-15,-1.0,-1,-1,-1,-1,-1,-1,-1
2011-01-16,-1.0,-1,-1,-1,-1,-1,-1,-1
2011-01-17,2099.85,-1,-1,-1,-1,-1,-1,-1
2011-01-18,2096.48,-1,-1,-1,-1,-1,-1,-1
2011-01-19,2115.69,-1,-1,-1,-1,-1,-1,-1
2011-01-20,2106.66,-1,-1,-1,-1,-1,-1,-1
2011-01-21,2069.92,-1,-1,-1,-1,-1,-1,-1
2011-01-22,-1.0,-1,-1,-1,-1,-1,-1,-1
2011-01-23,-1.0,-1,-1,-1,-1,-1,-1,-1
2011-01-24,2082.16,-1,-1,-1,-1,-1,-1,-1
2011-01-25,2086.67,-1,-1,-1,-1,-1,-1,-1
2011-01-26,2110.46,-1,-1,-1,-1,-1,-1,-1
2011-01-27,2115.01,-1,-1,-1,-1,-1,-1,-1
2011-01-28,2107.87,-1,-1,-1,-1,-1,-1,-1
2011-01-29,-1.0,-1,-1,-1,-1,-1,-1,-1
2011-01-30,-1.0,-1,-1,-1,-1,-1,-1,-1
2011-01-31,2069.73,-1,-1,-1,-1,-1,-1,-1
2011-02-01,2072.03,-1,-1,-1,-1,-1,-1,-1
2011-02-02,-1.0,-1,-1,-1,-1,-1,-1,-1
2011-02-03,-1.0,-1,-1,-1,-1,-1,-1,-1
2011-02-04,-1.0,-1,-1,-1,-1,-1,-1,-1
2011-02-05,-1.0,-1,-1,-1,-1,-1,-1,-1
2011-02-06,-1.0,-1,-1,-1,-1,-1,-1,-1
2011-02-07,2081.74,-1,-1,-1,-1,-1,-1,-1
2011-02-08,2069.7,-1,-1,-1,-1,-1,-1,-1
2011-02-09,2045.58,-1,-1,-1,-1,-1,-1,-1
2011-02-10,2008.5,-1,-1,-1,-1,-1,-1,-1
2011-02-11,1977.19,-1,-1,-1,-1,-1,-1,-1
2011-02-12,-1.0,-1,-1,-1,-1,-1,-1,-1
2011-02-13,-1.0,-1,-1,-1,-1,-1,-1,-1
2011-02-14,2014.59,-1,-1,-1,-1,-1,-1,-1
2011-02-15,2010.52,-1,-1,-1,-1,-1,-1,-1
2011-02-16,1989.11,-1,-1,-1,-1,-1,-1,-1
2011-02-17,1977.22,-1,-1,-1,-1,-1,-1,-1
2011-02-18,2013.14,-1,-1,-1,-1,-1,-1,-1
2011-02-19,-1.0,-1,-1,-1,-1,-1,-1,-1
2011-02-20,-1.0,-1,-1,-1,-1,-1,-1,-1
2011-02-21,2005.3,-1,-1,-1,-1,-1,-1,-1
2011-02-22,1969.92,-1,-1,-1,-1,-1,-1,-1
2011-02-23,1961.63,-1,-1,-1,-1,-1,-1,-1
2011-02-24,1949.88,-1,-1,-1,-1,-1,-1,-1
2011-02-25,1963.43,-1,-1,-1,-1,-1,-1,-1
2011-02-26,-1.0,-1,-1,-1,-1,-1,-1,-1
2011-02-27,-1.0,-1,-1,-1,-1,-1,-1,-1
2011-02-28,1939.3,-1,-1,-1,-1,-1,-1,-1
2011-03-01,-1.0,-1,-1,-1,-1,-1,-1,-1
2011-03-02,1928.24,-1,-1,-1,-1,-1,-1,-1
2011-03-03,1970.66,-1,-1,-1,-1,-1,-1,-1
2011-03-04,2004.68,-1,-1,-1,-1,-1,-1,-1
2011-03-05,-1.0,-1,-1,-1,-1,-1,-1,-1
2011-03-06,-1.0,-1,-1,-1,-1,-1,-1,-1
2011-03-07,1980.27,-1,-1,-1,-1,-1,-1,-1
2011-03-08,1996.32,-1,-1,-1,-1,-1,-1,-1
2011-03-09,2001.47,-1,-1,-1,-1,-1,-1,-1
2011-03-10,1981.58,-1,-1,-1,-1,-1,-1,-1
2011-03-11,1955.54,-1,-1,-1,-1,-1,-1,-1
2011-03-12,-1.0,-1,-1,-1,-1,-1,-1,-1
2011-03-13,-1.0,-1,-1,-1,-1,-1,-1,-1
2011-03-14,1971.23,-1,-1,-1,-1,-1,-1,-1
2011-03-15,1923.92,-1,-1,-1,-1,-1,-1,-1
2011-03-16,1957.97,-1,-1,-1,-1,-1,-1,-1
2011-03-17,1959.03,-1,-1,-1,-1,-1,-1,-1
2011-03-18,1981.13,-1,-1,-1,-1,-1,-1,-1
2011-03-19,-1.0,-1,-1,-1,-1,-1,-1,-1
2011-03-20,-1.0,-1,-1,-1,-1,-1,-1,-1
2011-03-21,2003.42,-1,-1,-1,-1,-1,-1,-1
2011-03-22,2013.66,-1,-1,-1,-1,-1,-1,-1
2011-03-23,2012.18,-1,-1,-1,-1,-1,-1,-1
2011-03-24,2036.78,-1,-1,-1,-1,-1,-1,-1
2011-03-25,2054.04,-1,-1,-1,-1,-1,-1,-1
2011-03-26,-1.0,-1,-1,-1,-1,-1,-1,-1
2011-03-27,-1.0,-1,-1,-1,-1,-1,-1,-1
2011-03-28,2056.39,-1,-1,-1,-1,-1,-1,-1
2011-03-29,2072.13,-1,-1,-1,-1,-1,-1,-1
2011-03-30,2091.38,-1,-1,-1,-1,-1,-1,-1
2011-03-31,2106.7,-1,-1,-1,-1,-1,-1,-1
2012-04-01,-1.0,-1,-1,-1,-1,-1,-1,-1
2012-04-02,2029.29,-1,-1,-1,-1,-1,-1,-1
2012-04-03,2049.28,-1,-1,-1,-1,-1,-1,-1
2012-04-04,2018.61,-1,-1,-1,-1,-1,-1,-1
2012-04-05,2028.77,-1,-1,-1,-1,-1,-1,-1
2012-04-06,2029.03,-1,-1,-1,-1,-1,-1,-1
2012-04-07,-1.0,-1,-1,-1,-1,-1,-1,-1
2012-04-08,-1.0,-1,-1,-1,-1,-1,-1,-1
2012-04-09,1997.08,-1,-1,-1,-1,-1,-1,-1
2012-04-10,1994.41,-1,-1,-1,-1,-1,-1,-1
2012-04-11,-1.0,-1,-1,-1,-1,-1,-1,-1
2012-04-12,1986.63,-1,-1,-1,-1,-1,-1,-1
2012-04-13,2008.91,-1,-1,-1,-1,-1,-1,-1
2012-04-14,-1.0,-1,-1,-1,-1,-1,-1,-1
2012-04-15,-1.0,-1,-1,-1,-1,-1,-1,-1
2012-04-16,1992.63,-1,-1,-1,-1,-1,-1,-1
2012-04-17,1985.3,-1,-1,-1,-1,-1,-1,-1
2012-04-18,2004.53,-1,-1,-1,-1,-1,-1,-1
2012-04-19,1999.86,-1,-1,-1,-1,-1,-1,-1
2012-04-20,1974.65,-1,-1,-1,-1,-1,-1,-1
2012-04-21,-1.0,-1,-1,-1,-1,-1,-1,-1
2012-04-22,-1.0,-1,-1,-1,-1,-1,-1,-1
2012-04-23,1972.63,-1,-1,-1,-1,-1,-1,-1
2012-04-24,1963.42,-1,-1,-1,-1,-1,-1,-1
2012-04-25,1961.98,-1,-1,-1,-1,-1,-1,-1
2012-04-26,1964.04,-1,-1,-1,-1,-1,-1,-1
2012-04-27,1975.35,-1,-1,-1,-1,-1,-1,-1
2012-04-28,-1.0,-1,-1,-1,-1,-1,-1,-1
2012-04-29,-1.0,-1,-1,-1,-1,-1,-1,-1
2012-04-30,1981.99,-1,-1,-1,-1,-1,-1,-1
2012-05-01,-1.0,-1,-1,-1,-1,-1,-1,-1
2012-05-02,1999.07,-1,-1,-1,-1,-1,-1,-1
2012-05-03,1995.11,-1,-1,-1,-1,-1,-1,-1
2012-05-04,1989.15,-1,-1,-1,-1,-1,-1,-1
2012-05-05,-1.0,-1,-1,-1,-1,-1,-1,-1
2012-05-06,-1.0,-1,-1,-1,-1,-1,-1,-1
2012-05-07,1956.44,-1,-1,-1,-1,-1,-1,-1
2012-05-08,1967.01,-1,-1,-1,-1,-1,-1,-1
2012-05-09,1950.29,-1,-1,-1,-1,-1,-1,-1
2012-05-10,1944.93,-1,-1,-1,-1,-1,-1,-1
2012-05-11,1917.13,-1,-1,-1,-1,-1,-1,-1
2012-05-12,-1.0,-1,-1,-1,-1,-1,-1,-1
2012-05-13,-1.0,-1,-1,-1,-1,-1,-1,-1
2012-05-14,1913.73,-1,-1,-1,-1,-1,-1,-1
2012-05-15,1898.96,-1,-1,-1,-1,-1,-1,-1
2012-05-16,1840.53,-1,-1,-1,-1,-1,-1,-1
2012-05-17,1845.24,-1,-1,-1,-1,-1,-1,-1
2012-05-18,1782.46,-1,-1,-1,-1,-1,-1,-1
2012-05-19,-1.0,-1,-1,-1,-1,-1,-1,-1
2012-05-20,-1.0,-1,-1,-1,-1,-1,-1,-1
2012-05-21,1799.13,-1,-1,-1,-1,-1,-1,-1
2012-05-22,1828.69,-1,-1,-1,-1,-1,-1,-1
2012-05-23,1808.62,-1,-1,-1,-1,-1,-1,-1
2012-05-24,1814.47,-1,-1,-1,-1,-1,-1,-1
2012-05-25,1824.17,-1,-1,-1,-1,-1,-1,-1
2012-05-26,-1.0,-1,-1,-1,-1,-1,-1,-1
2012-05-27,-1.0,-1,-1,-1,-1,-1,-1,-1
2012-05-28,-1.0,-1,-1,-1,-1,-1,-1,-1
2012-05-29,1849.91,-1,-1,-1,-1,-1,-1,-1
2012-05-30,1844.86,-1,-1,-1,-1,-1,-1,-1
2012-05-31,1843.47,-1,-1,-1,-1,-1,-1,-1
2012-06-01,1834.51,-1,-1,-1,-1,-1,-1,-1
2012-06-02,-1.0,-1,-1,-1,-1,-1,-1,-1
2012-06-03,-1.0,-1,-1,-1,-1,-1,-1,-1
2012-06-04,1783.13,-1,-1,-1,-1,-1,-1,-1
2012-06-05,1801.85,-1,-1,-1,-1,-1,-1,-1
2012-06-06,-1.0,-1,-1,-1,-1,-1,-1,-1
2012-06-07,1847.95,-1,-1,-1,-1,-1,-1,-1
2012-06-08,1835.64,-1,-1,-1,-1,-1,-1,-1
2012-06-09,-1.0,-1,-1,-1,-1,-1,-1,-1
2012-06-10,-1.0,-1,-1,-1,-1,-1,-1,-1
2012-06-11,1867.04,-1,-1,-1,-1,-1,-1,-1
2012-06-12,1854.74,-1,-1,-1,-1,-1,-1,-1
2012-06-13,1859.32,-1,-1,-1,-1,-1,-1,-1
2012-06-14,1871.48,-1,-1,-1,-1,-1,-1,-1
2012-06-15,1858.16,-1,-1,-1,-1,-1,-1,-1
2012-06-16,-1.0,-1,-1,-1,-1,-1,-1,-1
2012-06-17,-1.0,-1,-1,-1,-1,-1,-1,-1
2012-06-18,1891.71,-1,-1,-1,-1,-1,-1,-1
2012-06-19,1891.77,-1,-1,-1,-1,-1,-1,-1
2012-06-20,1904.12,-1,-1,-1,-1,-1,-1,-1
2012-06-21,1889.15,-1,-1,-1,-1,-1,-1,-1
2012-06-22,1847.39,-1,-1,-1,-1,-1,-1,-1
2012-06-23,-1.0,-1,-1,-1,-1,-1,-1,-1
2012-06-24,-1.0,-1,-1,-1,-1,-1,-1,-1
2012-06-25,1825.38,-1,-1,-1,-1,-1,-1,-1
2012-06-26,1817.81,-1,-1,-1,-1,-1,-1,-1
2012-06-27,1817.65,-1,-1,-1,-1,-1,-1,-1
2012-06-28,1819.18,-1,-1,-1,-1,-1,-1,-1
2012-06-29,1854.01,-1,-1,-1,-1,-1,-1,-1
2012-06-30,-1.0,-1,-1,-1,-1,-1,-1,-1
2012-07-01,-1.0,-1,-1,-1,-1,-1,-1,-1
2012-07-02,1851.65,-1,-1,-1,-1,-1,-1,-1
2012-07-03,1867.82,-1,-1,-1,-1,-1,-1,-1
2012-07-04,1874.45,-1,-1,-1,-1,-1,-1,-1
2012-07-05,1875.49,-1,-1,-1,-1,-1,-1,-1
2012-07-06,1858.2,-1,-1,-1,-1,-1,-1,-1
2012-07-07,-1.0,-1,-1,-1,-1,-1,-1,-1
2012-07-08,-1.0,-1,-1,-1,-1,-1,-1,-1
2012-07-09,1836.13,-1,-1,-1,-1,-1,-1,-1
2012-07-10,1829.45,-1,-1,-1,-1,-1,-1,-1
2012-07-11,1826.39,-1,-1,-1,-1,-1,-1,-1
2012-07-12,1785.39,-1,-1,-1,-1,-1,-1,-1
2012-07-13,1812.89,-1,-1,-1,-1,-1,-1,-1
2012-07-14,-1.0,-1,-1,-1,-1,-1,-1,-1
2012-07-15,-1.0,-1,-1,-1,-1,-1,-1,-1
2012-07-16,1817.79,-1,-1,-1,-1,-1,-1,-1
2012-07-17,1821.96,-1,-1,-1,-1,-1,-1,-1
2012-07-18,1794.91,-1,-1,-1,-1,-1,-1,-1
2012-07-19,1822.96,-1,-1,-1,-1,-1,-1,-1
2012-07-20,1822.93,-1,-1,-1,-1,-1,-1,-1
2012-07-21,-1.0,-1,-1,-1,-1,-1,-1,-1
2012-07-22,-1.0,-1,-1,-1,-1,-1,-1,-1
2012-07-23,1789.44,-1,-1,-1,-1,-1,-1,-1
2012-07-24,1793.93,-1,-1,-1,-1,-1,-1,-1
2012-07-25,1769.31,-1,-1,-1,-1,-1,-1,-1
2012-07-26,1782.47,-1,-1,-1,-1,-1,-1,-1
2012-07-27,1829.16,-1,-1,-1,-1,-1,-1,-1
2012-07-28,-1.0,-1,-1,-1,-1,-1,-1,-1
2012-07-29,-1.0,-1,-1,-1,-1,-1,-1,-1
2012-07-30,1843.79,-1,-1,-1,-1,-1,-1,-1
2012-07-31,1881.99,-1,-1,-1,-1,-1,-1,-1
2012-08-01,1879.93,-1,-1,-1,-1,-1,-1,-1
2012-08-02,1869.4,-1,-1,-1,-1,-1,-1,-1
2012-08-03,1848.68,-1,-1,-1,-1,-1,-1,-1
2012-08-04,-1.0,-1,-1,-1,-1,-1,-1,-1
2012-08-05,-1.0,-1,-1,-1,-1,-1,-1,-1
2012-08-06,1885.88,-1,-1,-1,-1,-1,-1,-1
2012-08-07,1886.8,-1,-1,-1,-1,-1,-1,-1
2012-08-08,1903.23,-1,-1,-1,-1,-1,-1,-1
2012-08-09,1940.59,-1,-1,-1,-1,-1,-1,-1
2012-08-10,1946.4,-1,-1,-1,-1,-1,-1,-1
2012-08-11,-1.0,-1,-1,-1,-1,-1,-1,-1
2012-08-12,-1.0,-1,-1,-1,-1,-1,-1,-1
2012-08-13,1932.44,-1,-1,-1,-1,-1,-1,-1
2012-08-14,1956.96,-1,-1,-1,-1,-1,-1,-1
2012-08-15,-1.0,-1,-1,-1,-1,-1,-1,-1
2012-08-16,1957.91,-1,-1,-1,-1,-1,-1,-1
2012-08-17,1946.54,-1,-1,-1,-1,-1,-1,-1
2012-08-18,-1.0,-1,-1,-1,-1,-1,-1,-1
2012-08-19,-1.0,-1,-1,-1,-1,-1,-1,-1
2012-08-20,1946.31,-1,-1,-1,-1,-1,-1,-1
2012-08-21,1943.22,-1,-1,-1,-1,-1,-1,-1
2012-08-22,1935.19,-1,-1,-1,-1,-1,-1,-1
2012-08-23,1942.54,-1,-1,-1,-1,-1,-1,-1
2012-08-24,1919.81,-1,-1,-1,-1,-1,-1,-1
2012-08-25,-1.0,-1,-1,-1,-1,-1,-1,-1
2012-08-26,-1.0,-1,-1,-1,-1,-1,-1,-1
2012-08-27,1917.87,-1,-1,-1,-1,-1,-1,-1
2012-08-28,1916.33,-1,-1,-1,-1,-1,-1,-1
2012-08-29,1928.54,-1,-1,-1,-1,-1,-1,-1
2012-08-30,1906.38,-1,-1,-1,-1,-1,-1,-1
2012-08-31,1905.12,-1,-1,-1,-1,-1,-1,-1
2012-09-01,-1.0,-1,-1,-1,-1,-1,-1,-1
2012-09-02,-1.0,-1,-1,-1,-1,-1,-1,-1
2012-09-03,1912.71,-1,-1,-1,-1,-1,-1,-1
2012-09-04,1907.13,-1,-1,-1,-1,-1,-1,-1
2012-09-05,1874.03,-1,-1,-1,-1,-1,-1,-1
2012-09-06,1881.24,-1,-1,-1,-1,-1,-1,-1
2012-09-07,1929.58,-1,-1,-1,-1,-1,-1,-1
2012-09-08,-1.0,-1,-1,-1,-1,-1,-1,-1
2012-09-09,-1.0,-1,-1,-1,-1,-1,-1,-1
2012-09-10,1924.7,-1,-1,-1,-1,-1,-1,-1
2012-09-11,1920.0,-1,-1,-1,-1,-1,-1,-1
2012-09-12,1950.03,-1,-1,-1,-1,-1,-1,-1
2012-09-13,1950.69,-1,-1,-1,-1,-1,-1,-1
2012-09-14,2007.58,-1,-1,-1,-1,-1,-1,-1
2012-09-15,-1.0,-1,-1,-1,-1,-1,-1,-1
2012-09-16,-1.0,-1,-1,-1,-1,-1,-1,-1
2012-09-17,2002.35,-1,-1,-1,-1,-1,-1,-1
2012-09-18,2004.96,-1,-1,-1,-1,-1,-1,-1
2012-09-19,2007.88,-1,-1,-1,-1,-1,-1,-1
2012-09-20,1990.33,-1,-1,-1,-1,-1,-1,-1
2012-09-21,2002.37,-1,-1,-1,-1,-1,-1,-1
2012-09-22,-1.0,-1,-1,-1,-1,-1,-1,-1
2012-09-23,-1.0,-1,-1,-1,-1,-1,-1,-1
2012-09-24,2003.44,-1,-1,-1,-1,-1,-1,-1
2012-09-25,1991.41,-1,-1,-1,-1,-1,-1,-1
2012-09-26,1980.44,-1,-1,-1,-1,-1,-1,-1
2012-09-27,1988.7,-1,-1,-1,-1,-1,-1,-1
2012-09-28,1996.21,-1,-1,-1,-1,-1,-1,-1
2012-09-29,-1.0,-1,-1,-1,-1,-1,-1,-1
2012-09-30,-1.0,-1,-1,-1,-1,-1,-1,-1
2012-10-01,-1.0,-1,-1,-1,-1,-1,-1,-1
2012-10-02,1996.03,-1,-1,-1,-1,-1,-1,-1
2012-10-03,-1.0,-1,-1,-1,-1,-1,-1,-1
2012-10-04,1992.68,-1,-1,-1,-1,-1,-1,-1
2012-10-05,1995.17,-1,-1,-1,-1,-1,-1,-1
2012-10-06,-1.0,-1,-1,-1,-1,-1,-1,-1
2012-10-07,-1.0,-1,-1,-1,-1,-1,-1,-1
2012-10-08,1981.89,-1,-1,-1,-1,-1,-1,-1
2012-10-09,1979.04,-1,-1,-1,-1,-1,-1,-1
2012-10-10,1948.22,-1,-1,-1,-1,-1,-1,-1
2012-10-11,1933.09,-1,-1,-1,-1,-1,-1,-1
2012-10-12,1933.26,-1,-1,-1,-1,-1,-1,-1
2012-10-13,-1.0,-1,-1,-1,-1,-1,-1,-1
2012-10-14,-1.0,-1,-1,-1,-1,-1,-1,-1
2012-10-15,1925.59,-1,-1,-1,-1,-1,-1,-1
2012-10-16,1941.54,-1,-1,-1,-1,-1,-1,-1
2012-10-17,1955.15,-1,-1,-1,-1,-1,-1,-1
2012-10-18,1959.12,-1,-1,-1,-1,-1,-1,-1
2012-10-19,1943.84,-1,-1,-1,-1,-1,-1,-1
2012-10-20,-1.0,-1,-1,-1,-1,-1,-1,-1
2012-10-21,-1.0,-1,-1,-1,-1,-1,-1,-1
2012-10-22,1941.59,-1,-1,-1,-1,-1,-1,-1
2012-10-23,1926.81,-1,-1,-1,-1,-1,-1,-1
2012-10-24,1913.96,-1,-1,-1,-1,-1,-1,-1
2012-10-25,1924.5,-1,-1,-1,-1,-1,-1,-1
2012-10-26,1891.43,-1,-1,-1,-1,-1,-1,-1
2012-10-27,-1.0,-1,-1,-1,-1,-1,-1,-1
2012-10-28,-1.0,-1,-1,-1,-1,-1,-1,-1
2012-10-29,1891.52,-1,-1,-1,-1,-1,-1,-1
2012-10-30,1899.58,-1,-1,-1,-1,-1,-1,-1
2012-10-31,1912.06,-1,-1,-1,-1,-1,-1,-1
2012-11-01,1898.44,-1,-1,-1,-1,-1,-1,-1
2012-11-02,1918.72,-1,-1,-1,-1,-1,-1,-1
2012-11-03,-1.0,-1,-1,-1,-1,-1,-1,-1
2012-11-04,-1.0,-1,-1,-1,-1,-1,-1,-1
2012-11-05,1908.22,-1,-1,-1,-1,-1,-1,-1
2012-11-06,1928.17,-1,-1,-1,-1,-1,-1,-1
2012-11-07,1937.55,-1,-1,-1,-1,-1,-1,-1
2012-11-08,1914.41,-1,-1,-1,-1,-1,-1,-1
2012-11-09,1904.41,-1,-1,-1,-1,-1,-1,-1
2012-11-10,-1.0,-1,-1,-1,-1,-1,-1,-1
2012-11-11,-1.0,-1,-1,-1,-1,-1,-1,-1
2012-11-12,1900.87,-1,-1,-1,-1,-1,-1,-1
2012-11-13,1889.7,-1,-1,-1,-1,-1,-1,-1
2012-11-14,1894.04,-1,-1,-1,-1,-1,-1,-1
2012-11-15,1870.72,-1,-1,-1,-1,-1,-1,-1
2012-11-16,1860.83,-1,-1,-1,-1,-1,-1,-1
2012-11-17,-1.0,-1,-1,-1,-1,-1,-1,-1
2012-11-18,-1.0,-1,-1,-1,-1,-1,-1,-1
2012-11-19,1878.1,-1,-1,-1,-1,-1,-1,-1
2012-11-20,1890.18,-1,-1,-1,-1,-1,-1,-1
2012-11-21,1884.04,-1,-1,-1,-1,-1,-1,-1
2012-11-22,1899.5,-1,-1,-1,-1,-1,-1,-1
2012-11-23,1911.33,-1,-1,-1,-1,-1,-1,-1
2012-11-24,-1.0,-1,-1,-1,-1,-1,-1,-1
2012-11-25,-1.0,-1,-1,-1,-1,-1,-1,-1
2012-11-26,1908.51,-1,-1,-1,-1,-1,-1,-1
2012-11-27,1925.2,-1,-1,-1,-1,-1,-1,-1
2012-11-28,1912.78,-1,-1,-1,-1,-1,-1,-1
2012-11-29,1934.85,-1,-1,-1,-1,-1,-1,-1
2012-11-30,1932.9,-1,-1,-1,-1,-1,-1,-1
2012-12-01,-1.0,-1,-1,-1,-1,-1,-1,-1
2012-12-02,-1.0,-1,-1,-1,-1,-1,-1,-1
2012-12-03,1940.02,-1,-1,-1,-1,-1,-1,-1
2012-12-04,1935.18,-1,-1,-1,-1,-1,-1,-1
2012-12-05,1947.04,-1,-1,-1,-1,-1,-1,-1
2012-12-06,1949.62,-1,-1,-1,-1,-1,-1,-1
2012-12-07,1957.45,-1,-1,-1,-1,-1,-1,-1
2012-12-08,-1.0,-1,-1,-1,-1,-1,-1,-1
2012-12-09,-1.0,-1,-1,-1,-1,-1,-1,-1
2012-12-10,1957.42,-1,-1,-1,-1,-1,-1,-1
2012-12-11,1964.62,-1,-1,-1,-1,-1,-1,-1
2012-12-12,1975.44,-1,-1,-1,-1,-1,-1,-1
2012-12-13,2002.77,-1,-1,-1,-1,-1,-1,-1
2012-12-14,1995.04,-1,-1,-1,-1,-1,-1,-1
2012-12-15,-1.0,-1,-1,-1,-1,-1,-1,-1
2012-12-16,-1.0,-1,-1,-1,-1,-1,-1,-1
2012-12-17,1983.07,-1,-1,-1,-1,-1,-1,-1
2012-12-18,1993.09,-1,-1,-1,-1,-1,-1,-1
2012-12-19,-1.0,-1,-1,-1,-1,-1,-1,-1
2012-12-20,1999.5,-1,-1,-1,-1,-1,-1,-1
2012-12-21,1980.42,-1,-1,-1,-1,-1,-1,-1
2012-12-22,-1.0,-1,-1,-1,-1,-1,-1,-1
2012-12-23,-1.0,-1,-1,-1,-1,-1,-1,-1
2012-12-24,1981.82,-1,-1,-1,-1,-1,-1,-1
2012-12-25,-1.0,-1,-1,-1,-1,-1,-1,-1
2012-12-26,1982.25,-1,-1,-1,-1,-1,-1,-1
2012-12-27,1987.35,-1,-1,-1,-1,-1,-1,-1
2012-12-28,1997.05,-1,-1,-1,-1,-1,-1,-1
2012-12-29,-1.0,-1,-1,-1,-1,-1,-1,-1
2012-12-30,-1.0,-1,-1,-1,-1,-1,-1,-1
2012-12-31,-1.0,-1,-1,-1,-1,-1,-1,-1
2013-01-01,-1.0,-1,-1,-1,-1,-1,-1,-1
2013-01-02,2031.1,-1,-1,-1,-1,-1,-1,-1
2013-01-03,2019.41,-1,-1,-1,-1,-1,-1,-1
2013-01-04,2011.94,-1,-1,-1,-1,-1,-1,-1
2013-01-05,-1.0,-1,-1,-1,-1,-1,-1,-1
2013-01-06,-1.0,-1,-1,-1,-1,-1,-1,-1
2013-01-07,2011.25,-1,-1,-1,-1,-1,-1,-1
2013-01-08,1997.94,-1,-1,-1,-1,-1,-1,-1
2013-01-09,1991.81,-1,-1,-1,-1,-1,-1,-1
2013-01-10,2006.8,-1,-1,-1,-1,-1,-1,-1
2013-01-11,1996.67,-1,-1,-1,-1,-1,-1,-1
2013-01-12,-1.0,-1,-1,-1,-1,-1,-1,-1
2013-01-13,-1.0,-1,-1,-1,-1,-1,-1,-1
2013-01-14,2007.04,-1,-1,-1,-1,-1,-1,-1
2013-01-15,1983.74,-1,-1,-1,-1,-1,-1,-1
2013-01-16,1977.45,-1,-1,-1,-1,-1,-1,-1
2013-01-17,1974.27,-1,-1,-1,-1,-1,-1,-1
2013-01-18,1987.85,-1,-1,-1,-1,-1,-1,-1
2013-01-19,-1.0,-1,-1,-1,-1,-1,-1,-1
2013-01-20,-1.0,-1,-1,-1,-1,-1,-1,-1
2013-01-21,1986.86,-1,-1,-1,-1,-1,-1,-1
2013-01-22,1996.52,-1,-1,-1,-1,-1,-1,-1
2013-01-23,1980.41,-1,-1,-1,-1,-1,-1,-1
2013-01-24,1964.48,-1,-1,-1,-1,-1,-1,-1
2013-01-25,1946.69,-1,-1,-1,-1,-1,-1,-1
2013-01-26,-1.0,-1,-1,-1,-1,-1,-1,-1
2013-01-27,-1.0,-1,-1,-1,-1,-1,-1,-1
2013-01-28,1939.71,-1,-1,-1,-1,-1,-1,-1
2013-01-29,1955.96,-1,-1,-1,-1,-1,-1,-1
2013-01-30,1964.43,-1,-1,-1,-1,-1,-1,-1
2013-01-31,1961.94,-1,-1,-1,-1,-1,-1,-1
2013-02-01,1957.79,-1,-1,-1,-1,-1,-1,-1
2013-02-02,-1.0,-1,-1,-1,-1,-1,-1,-1
2013-02-03,-1.0,-1,-1,-1,-1,-1,-1,-1
2013-02-04,1953.21,-1,-1,-1,-1,-1,-1,-1
2013-02-05,1938.18,-1,-1,-1,-1,-1,-1,-1
2013-02-06,1936.19,-1,-1,-1,-1,-1,-1,-1
2013-02-07,1931.77,-1,-1,-1,-1,-1,-1,-1
2013-02-08,1950.9,-1,-1,-1,-1,-1,-1,-1
2013-02-09,-1.0,-1,-1,-1,-1,-1,-1,-1
2013-02-10,-1.0,-1,-1,-1,-1,-1,-1,-1
2013-02-11,-1.0,-1,-1,-1,-1,-1,-1,-1
2013-02-12,1945.79,-1,-1,-1,-1,-1,-1,-1
2013-02-13,1976.07,-1,-1,-1,-1,-1,-1,-1
2013-02-14,1979.61,-1,-1,-1,-1,-1,-1,-1
2013-02-15,1981.18,-1,-1,-1,-1,-1,-1,-1
2013-02-16,-1.0,-1,-1,-1,-1,-1,-1,-1
2013-02-17,-1.0,-1,-1,-1,-1,-1,-1,-1
2013-02-18,1981.91,-1,-1,-1,-1,-1,-1,-1
2013-02-19,1985.83,-1,-1,-1,-1,-1,-1,-1
2013-02-20,2024.64,-1,-1,-1,-1,-1,-1,-1
2013-02-21,2015.22,-1,-1,-1,-1,-1,-1,-1
2013-02-22,2018.89,-1,-1,-1,-1,-1,-1,-1
2013-02-23,-1.0,-1,-1,-1,-1,-1,-1,-1
2013-02-24,-1.0,-1,-1,-1,-1,-1,-1,-1
2013-02-25,2009.52,-1,-1,-1,-1,-1,-1,-1
2013-02-26,2000.01,-1,-1,-1,-1,-1,-1,-1
2013-02-27,2004.04,-1,-1,-1,-1,-1,-1,-1
2013-02-28,2026.49,-1,-1,-1,-1,-1,-1,-1
2013-03-01,-1.0,-1,-1,-1,-1,-1,-1,-1
2013-03-02,-1.0,-1,-1,-1,-1,-1,-1,-1
2013-03-03,-1.0,-1,-1,-1,-1,-1,-1,-1
2013-03-04,2013.15,-1,-1,-1,-1,-1,-1,-1
2013-03-05,2016.61,-1,-1,-1,-1,-1,-1,-1
2013-03-06,2020.74,-1,-1,-1,-1,-1,-1,-1
2013-03-07,2004.4,-1,-1,-1,-1,-1,-1,-1
2013-03-08,2006.01,-1,-1,-1,-1,-1,-1,-1
2013-03-09,-1.0,-1,-1,-1,-1,-1,-1,-1
2013-03-10,-1.0,-1,-1,-1,-1,-1,-1,-1
2013-03-11,2003.35,-1,-1,-1,-1,-1,-1,-1
2013-03-12,1993.34,-1,-1,-1,-1,-1,-1,-1
2013-03-13,1999.73,-1,-1,-1,-1,-1,-1,-1
2013-03-14,2002.13,-1,-1,-1,-1,-1,-1,-1
2013-03-15,1986.5,-1,-1,-1,-1,-1,-1,-1
2013-03-16,-1.0,-1,-1,-1,-1,-1,-1,-1
2013-03-17,-1.0,-1,-1,-1,-1,-1,-1,-1
2013-03-18,1968.18,-1,-1,-1,-1,-1,-1,-1
2013-03-19,1978.56,-1,-1,-1,-1,-1,-1,-1
2013-03-20,1959.41,-1,-1,-1,-1,-1,-1,-1
2013-03-21,1950.82,-1,-1,-1,-1,-1,-1,-1
2013-03-22,1948.71,-1,-1,-1,-1,-1,-1,-1
2013-03-23,-1.0,-1,-1,-1,-1,-1,-1,-1
2013-03-24,-1.0,-1,-1,-1,-1,-1,-1,-1
2013-03-25,1977.67,-1,-1,-1,-1,-1,-1,-1
2013-03-26,1983.7,-1,-1,-1,-1,-1,-1,-1
2013-03-27,1993.44,-1,-1,-1,-1,-1,-1,-1
2013-03-28,1993.52,-1,-1,-1,-1,-1,-1,-1
2013-03-29,2004.89,-1,-1,-1,-1,-1,-1,-1
2013-03-30,-1.0,-1,-1,-1,-1,-1,-1,-1
2013-03-31,-1.0,-1,-1,-1,-1,-1,-1,-1
2013-04-01,1995.99,-1,-1,-1,-1,-1,-1,-1
2013-04-02,1986.15,-1,-1,-1,-1,-1,-1,-1
2013-04-03,1983.22,-1,-1,-1,-1,-1,-1,-1
2013-04-04,1959.45,-1,-1,-1,-1,-1,-1,-1
2013-04-05,1927.23,-1,-1,-1,-1,-1,-1,-1
2013-04-06,-1.0,-1,-1,-1,-1,-1,-1,-1
2013-04-07,-1.0,-1,-1,-1,-1,-1,-1,-1
2013-04-08,1918.69,-1,-1,-1,-1,-1,-1,-1
2013-04-09,1920.74,-1,-1,-1,-1,-1,-1,-1
2013-04-10,1935.58,-1,-1,-1,-1,-1,-1,-1
2013-04-11,1949.8,-1,-1,-1,-1,-1,-1,-1
2013-04-12,1924.23,-1,-1,-1,-1,-1,-1,-1
2013-04-13,-1.0,-1,-1,-1,-1,-1,-1,-1
2013-04-14,-1.0,-1,-1,-1,-1,-1,-1,-1
2013-04-15,1920.45,-1,-1,-1,-1,-1,-1,-1
2013-04-16,1922.21,-1,-1,-1,-1,-1,-1,-1
2013-04-17,1923.84,-1,-1,-1,-1,-1,-1,-1
2013-04-18,1900.06,-1,-1,-1,-1,-1,-1,-1
2013-04-19,1906.75,-1,-1,-1,-1,-1,-1,-1
2013-04-20,-1.0,-1,-1,-1,-1,-1,-1,-1
2013-04-21,-1.0,-1,-1,-1,-1,-1,-1,-1
2013-04-22,1926.31,-1,-1,-1,-1,-1,-1,-1
2013-04-23,1918.63,-1,-1,-1,-1,-1,-1,-1
2013-04-24,1935.31,-1,-1,-1,-1,-1,-1,-1
2013-04-25,1951.6,-1,-1,-1,-1,-1,-1,-1
2013-04-26,1944.56,-1,-1,-1,-1,-1,-1,-1
2013-04-27,-1.0,-1,-1,-1,-1,-1,-1,-1
2013-04-28,-1.0,-1,-1,-1,-1,-1,-1,-1
2013-04-29,1940.7,-1,-1,-1,-1,-1,-1,-1
2013-04-30,1963.95,-1,-1,-1,-1,-1,-1,-1
2013-05-01,-1.0,-1,-1,-1,-1,-1,-1,-1
2013-05-02,1957.21,-1,-1,-1,-1,-1,-1,-1
2013-05-03,1965.71,-1,-1,-1,-1,-1,-1,-1
2013-05-04,-1.0,-1,-1,-1,-1,-1,-1,-1
2013-05-05,-1.0,-1,-1,-1,-1,-1,-1,-1
2013-05-06,1961.48,-1,-1,-1,-1,-1,-1,-1
2013-05-07,1954.35,-1,-1,-1,-1,-1,-1,-1
2013-05-08,1956.45,-1,-1,-1,-1,-1,-1,-1
2013-05-09,1979.45,-1,-1,-1,-1,-1,-1,-1
2013-05-10,1944.75,-1,-1,-1,-1,-1,-1,-1
2013-05-11,-1.0,-1,-1,-1,-1,-1,-1,-1
2013-05-12,-1.0,-1,-1,-1,-1,-1,-1,-1
2013-05-13,1948.7,-1,-1,-1,-1,-1,-1,-1
2013-05-14,1968.83,-1,-1,-1,-1,-1,-1,-1
2013-05-15,1971.26,-1,-1,-1,-1,-1,-1,-1
2013-05-16,1986.81,-1,-1,-1,-1,-1,-1,-1
2013-05-17,-1.0,-1,-1,-1,-1,-1,-1,-1
2013-05-18,-1.0,-1,-1,-1,-1,-1,-1,-1
2013-05-19,-1.0,-1,-1,-1,-1,-1,-1,-1
2013-05-20,1982.43,-1,-1,-1,-1,-1,-1,-1
2013-05-21,1981.09,-1,-1,-1,-1,-1,-1,-1
2013-05-22,1993.83,-1,-1,-1,-1,-1,-1,-1
2013-05-23,1969.19,-1,-1,-1,-1,-1,-1,-1
2013-05-24,1973.45,-1,-1,-1,-1,-1,-1,-1
2013-05-25,-1.0,-1,-1,-1,-1,-1,-1,-1
2013-05-26,-1.0,-1,-1,-1,-1,-1,-1,-1
2013-05-27,1979.97,-1,-1,-1,-1,-1,-1,-1
2013-05-28,1986.22,-1,-1,-1,-1,-1,-1,-1
2013-05-29,2001.2,-1,-1,-1,-1,-1,-1,-1
2013-05-30,2000.1,-1,-1,-1,-1,-1,-1,-1
2013-05-31,2001.05,-1,-1,-1,-1,-1,-1,-1
2013-06-01,-1.0,-1,-1,-1,-1,-1,-1,-1
2013-06-02,-1.0,-1,-1,-1,-1,-1,-1,-1
2013-06-03,1989.57,-1,-1,-1,-1,-1,-1,-1
2013-06-04,1989.51,-1,-1,-1,-1,-1,-1,-1
2013-06-05,1959.19,-1,-1,-1,-1,-1,-1,-1
2013-06-06,-1.0,-1,-1,-1,-1,-1,-1,-1
2013-06-07,1923.85,-1,-1,-1,-1,-1,-1,-1
2013-06-08,-1.0,-1,-1,-1,-1,-1,-1,-1
2013-06-09,-1.0,-1,-1,-1,-1,-1,-1,-1
2013-06-10,1932.7,-1,-1,-1,-1,-1,-1,-1
2013-06-11,1920.68,-1,-1,-1,-1,-1,-1,-1
2013-06-12,1909.91,-1,-1,-1,-1,-1,-1,-1
2013-06-13,1882.73,-1,-1,-1,-1,-1,-1,-1
2013-06-14,1889.24,-1,-1,-1,-1,-1,-1,-1
2013-06-15,-1.0,-1,-1,-1,-1,-1,-1,-1
2013-06-16,-1.0,-1,-1,-1,-1,-1,-1,-1
2013-06-17,1883.1,-1,-1,-1,-1,-1,-1,-1
2013-06-18,1900.62,-1,-1,-1,-1,-1,-1,-1
2013-06-19,1888.31,-1,-1,-1,-1,-1,-1,-1
2013-06-20,1850.49,-1,-1,-1,-1,-1,-1,-1
2013-06-21,1822.83,-1,-1,-1,-1,-1,-1,-1
2013-06-22,-1.0,-1,-1,-1,-1,-1,-1,-1
2013-06-23,-1.0,-1,-1,-1,-1,-1,-1,-1
2013-06-24,1799.01,-1,-1,-1,-1,-1,-1,-1
2013-06-25,1780.63,-1,-1,-1,-1,-1,-1,-1
2013-06-26,1783.45,-1,-1,-1,-1,-1,-1,-1
2013-06-27,1834.7,-1,-1,-1,-1,-1,-1,-1
2013-06-28,1863.32,-1,-1,-1,-1,-1,-1,-1
2013-06-29,-1.0,-1,-1,-1,-1,-1,-1,-1
2013-06-30,-1.0,-1,-1,-1,-1,-1,-1,-1
2013-07-01,1855.73,-1,-1,-1,-1,-1,-1,-1
2013-07-02,1855.02,-1,-1,-1,-1,-1,-1,-1
2013-07-03,1824.66,-1,-1,-1,-1,-1,-1,-1
2013-07-04,1839.14,-1,-1,-1,-1,-1,-1,-1
2013-07-05,1833.31,-1,-1,-1,-1,-1,-1,-1
2013-07-06,-1.0,-1,-1,-1,-1,-1,-1,-1
2013-07-07,-1.0,-1,-1,-1,-1,-1,-1,-1
2013-07-08,1816.85,-1,-1,-1,-1,-1,-1,-1
2013-07-09,1830.35,-1,-1,-1,-1,-1,-1,-1
2013-07-10,1824.16,-1,-1,-1,-1,-1,-1,-1
2013-07-11,1877.6,-1,-1,-1,-1,-1,-1,-1
2013-07-12,1869.98,-1,-1,-1,-1,-1,-1,-1
2013-07-13,-1.0,-1,-1,-1,-1,-1,-1,-1
2013-07-14,-1.0,-1,-1,-1,-1,-1,-1,-1
2013-07-15,1875.16,-1,-1,-1,-1,-1,-1,-1
2013-07-16,1866.36,-1,-1,-1,-1,-1,-1,-1
2013-07-17,1887.49,-1,-1,-1,-1,-1,-1,-1
2013-07-18,1875.48,-1,-1,-1,-1,-1,-1,-1
2013-07-19,1871.41,-1,-1,-1,-1,-1,-1,-1
2013-07-20,-1.0,-1,-1,-1,-1,-1,-1,-1
2013-07-21,-1.0,-1,-1,-1,-1,-1,-1,-1
2013-07-22,1880.35,-1,-1,-1,-1,-1,-1,-1
2013-07-23,1904.15,-1,-1,-1,-1,-1,-1,-1
2013-07-24,1912.08,-1,-1,-1,-1,-1,-1,-1
2013-07-25,1909.61,-1,-1,-1,-1,-1,-1,-1
2013-07-26,1910.81,-1,-1,-1,-1,-1,-1,-1
2013-07-27,-1.0,-1,-1,-1,-1,-1,-1,-1
2013-07-28,-1.0,-1,-1,-1,-1,-1,-1,-1
2013-07-29,1899.89,-1,-1,-1,-1,-1,-1,-1
2013-07-30,1917.05,-1,-1,-1,-1,-1,-1,-1
2013-07-31,1914.03,-1,-1,-1,-1,-1,-1,-1
2013-08-01,1920.74,-1,-1,-1,-1,-1,-1,-1
2013-08-02,1923.38,-1,-1,-1,-1,-1,-1,-1
2013-08-03,-1.0,-1,-1,-1,-1,-1,-1,-1
2013-08-04,-1.0,-1,-1,-1,-1,-1,-1,-1
2013-08-05,1916.22,-1,-1,-1,-1,-1,-1,-1
2013-08-06,1906.62,-1,-1,-1,-1,-1,-1,-1
2013-08-07,1878.33,-1,-1,-1,-1,-1,-1,-1
2013-08-08,1883.97,-1,-1,-1,-1,-1,-1,-1
2013-08-09,1880.71,-1,-1,-1,-1,-1,-1,-1
2013-08-10,-1.0,-1,-1,-1,-1,-1,-1,-1
2013-08-11,-1.0,-1,-1,-1,-1,-1,-1,-1
2013-08-12,1884.83,-1,-1,-1,-1,-1,-1,-1
2013-08-13,1913.03,-1,-1,-1,-1,-1,-1,-1
2013-08-14,1923.91,-1,-1,-1,-1,-1,-1,-1
2013-08-15,-1.0,-1,-1,-1,-1,-1,-1,-1
2013-08-16,1920.11,-1,-1,-1,-1,-1,-1,-1
2013-08-17,-1.0,-1,-1,-1,-1,-1,-1,-1
2013-08-18,-1.0,-1,-1,-1,-1,-1,-1,-1
2013-08-19,1917.64,-1,-1,-1,-1,-1,-1,-1
2013-08-20,1887.85,-1,-1,-1,-1,-1,-1,-1
2013-08-21,1867.46,-1,-1,-1,-1,-1,-1,-1
2013-08-22,1849.12,-1,-1,-1,-1,-1,-1,-1
2013-08-23,1870.16,-1,-1,-1,-1,-1,-1,-1
2013-08-24,-1.0,-1,-1,-1,-1,-1,-1,-1
2013-08-25,-1.0,-1,-1,-1,-1,-1,-1,-1
2013-08-26,1887.86,-1,-1,-1,-1,-1,-1,-1
2013-08-27,1885.84,-1,-1,-1,-1,-1,-1,-1
2013-08-28,1884.52,-1,-1,-1,-1,-1,-1,-1
2013-08-29,1907.54,-1,-1,-1,-1,-1,-1,-1
2013-08-30,1926.36,-1,-1,-1,-1,-1,-1,-1
2013-08-31,-1.0,-1,-1,-1,-1,-1,-1,-1
2013-09-01,-1.0,-1,-1,-1,-1,-1,-1,-1
2013-09-02,1924.81,-1,-1,-1,-1,-1,-1,-1
2013-09-03,1933.74,-1,-1,-1,-1,-1,-1,-1
2013-09-04,1933.03,-1,-1,-1,-1,-1,-1,-1
2013-09-05,1951.65,-1,-1,-1,-1,-1,-1,-1
2013-09-06,1955.31,-1,-1,-1,-1,-1,-1,-1
2013-09-07,-1.0,-1,-1,-1,-1,-1,-1,-1
2013-09-08,-1.0,-1,-1,-1,-1,-1,-1,-1
2013-09-09,1974.67,-1,-1,-1,-1,-1,-1,-1
2013-09-10,1994.06,-1,-1,-1,-1,-1,-1,-1
2013-09-11,2003.85,-1,-1,-1,-1,-1,-1,-1
2013-09-12,2004.06,-1,-1,-1,-1,-1,-1,-1
2013-09-13,1994.32,-1,-1,-1,-1,-1,-1,-1
2013-09-14,-1.0,-1,-1,-1,-1,-1,-1,-1
2013-09-15,-1.0,-1,-1,-1,-1,-1,-1,-1
2013-09-16,2013.37,-1,-1,-1,-1,-1,-1,-1
2013-09-17,2005.58,-1,-1,-1,-1,-1,-1,-1
2013-09-18,-1.0,-1,-1,-1,-1,-1,-1,-1
2013-09-19,-1.0,-1,-1,-1,-1,-1,-1,-1
2013-09-20,-1.0,-1,-1,-1,-1,-1,-1,-1
2013-09-21,-1.0,-1,-1,-1,-1,-1,-1,-1
2013-09-22,-1.0,-1,-1,-1,-1,-1,-1,-1
2013-09-23,2009.41,-1,-1,-1,-1,-1,-1,-1
2013-09-24,2007.1,-1,-1,-1,-1,-1,-1,-1
2013-09-25,1998.06,-1,-1,-1,-1,-1,-1,-1
2013-09-26,2007.32,-1,-1,-1,-1,-1,-1,-1
2013-09-27,2011.8,-1,-1,-1,-1,-1,-1,-1
2013-09-28,-1.0,-1,-1,-1,-1,-1,-1,-1
2013-09-29,-1.0,-1,-1,-1,-1,-1,-1,-1
2013-09-30,1996.96,-1,-1,-1,-1,-1,-1,-1
2014-01-01,-1.0,-1,-1,-1,-1,-1,-1,-1
2014-01-02,1967.19,-1,-1,-1,-1,-1,-1,-1
2014-01-03,1946.14,-1,-1,-1,-1,-1,-1,-1
2014-01-04,-1.0,-1,-1,-1,-1,-1,-1,-1
2014-01-05,-1.0,-1,-1,-1,-1,-1,-1,-1
2014-01-06,1953.28,-1,-1,-1,-1,-1,-1,-1
2014-01-07,1959.44,-1,-1,-1,-1,-1,-1,-1
2014-01-08,1958.96,-1,-1,-1,-1,-1,-1,-1
2014-01-09,1946.11,-1,-1,-1,-1,-1,-1,-1
2014-01-10,1938.54,-1,-1,-1,-1,-1,-1,-1
2014-01-11,-1.0,-1,-1,-1,-1,-1,-1,-1
2014-01-12,-1.0,-1,-1,-1,-1,-1,-1,-1
2014-01-13,1948.92,-1,-1,-1,-1,-1,-1,-1
2014-01-14,1946.07,-1,-1,-1,-1,-1,-1,-1
2014-01-15,1953.28,-1,-1,-1,-1,-1,-1,-1
2014-01-16,1957.32,-1,-1,-1,-1,-1,-1,-1
2014-01-17,1944.48,-1,-1,-1,-1,-1,-1,-1
2014-01-18,-1.0,-1,-1,-1,-1,-1,-1,-1
2014-01-19,-1.0,-1,-1,-1,-1,-1,-1,-1
2014-01-20,1953.78,-1,-1,-1,-1,-1,-1,-1
2014-01-21,1963.89,-1,-1,-1,-1,-1,-1,-1
2014-01-22,1970.42,-1,-1,-1,-1,-1,-1,-1
2014-01-23,1947.59,-1,-1,-1,-1,-1,-1,-1
2014-01-24,1940.56,-1,-1,-1,-1,-1,-1,-1
2014-01-25,-1.0,-1,-1,-1,-1,-1,-1,-1
2014-01-26,-1.0,-1,-1,-1,-1,-1,-1,-1
2014-01-27,1910.34,-1,-1,-1,-1,-1,-1,-1
2014-01-28,1916.93,-1,-1,-1,-1,-1,-1,-1
2014-01-29,1941.15,-1,-1,-1,-1,-1,-1,-1
2014-01-30,-1.0,-1,-1,-1,-1,-1,-1,-1
2014-01-31,-1.0,-1,-1,-1,-1,-1,-1,-1
2014-02-01,-1.0,-1,-1,-1,-1,-1,-1,-1
2014-02-02,-1.0,-1,-1,-1,-1,-1,-1,-1
2014-02-03,1919.96,-1,-1,-1,-1,-1,-1,-1
2014-02-04,1886.85,-1,-1,-1,-1,-1,-1,-1
2014-02-05,1891.32,-1,-1,-1,-1,-1,-1,-1
2014-02-06,1907.89,-1,-1,-1,-1,-1,-1,-1
2014-02-07,1922.5,-1,-1,-1,-1,-1,-1,-1
2014-02-08,-1.0,-1,-1,-1,-1,-1,-1,-1
2014-02-09,-1.0,-1,-1,-1,-1,-1,-1,-1
2014-02-10,1923.3,-1,-1,-1,-1,-1,-1,-1
2014-02-11,1932.06,-1,-1,-1,-1,-1,-1,-1
2014-02-12,1935.84,-1,-1,-1,-1,-1,-1,-1
2014-02-13,1926.96,-1,-1,-1,-1,-1,-1,-1
2014-02-14,1940.28,-1,-1,-1,-1,-1,-1,-1
2014-02-15,-1.0,-1,-1,-1,-1,-1,-1,-1
2014-02-16,-1.0,-1,-1,-1,-1,-1,-1,-1
2014-02-17,1946.36,-1,-1,-1,-1,-1,-1,-1
2014-02-18,1946.91,-1,-1,-1,-1,-1,-1,-1
2014-02-19,1942.93,-1,-1,-1,-1,-1,-1,-1
2014-02-20,1930.57,-1,-1,-1,-1,-1,-1,-1
2014-02-21,1957.83,-1,-1,-1,-1,-1,-1,-1
2014-02-22,-1.0,-1,-1,-1,-1,-1,-1,-1
2014-02-23,-1.0,-1,-1,-1,-1,-1,-1,-1
2014-02-24,1949.05,-1,-1,-1,-1,-1,-1,-1
2014-02-25,1964.86,-1,-1,-1,-1,-1,-1,-1
2014-02-26,1970.77,-1,-1,-1,-1,-1,-1,-1
2014-02-27,1978.43,-1,-1,-1,-1,-1,-1,-1
2014-02-28,1979.99,-1,-1,-1,-1,-1,-1,-1
2014-03-01,-1.0,-1,-1,-1,-1,-1,-1,-1
2014-03-02,-1.0,-1,-1,-1,-1,-1,-1,-1
2014-03-03,1964.69,-1,26500,38950,246000,-1,-1,-1
2014-03-04,1954.11,-1,26300,38950,242000,-1,-1,-1
2014-03-05,1971.24,-1,26600,39450,244500,-1,-1,-1
2014-03-06,1975.62,-1,26520,39100,243500,-1,-1,-1
2014-03-07,1974.68,-1,26780,38550,238500,-1,-1,-1
2014-03-08,-1.0,-1,-1,-1,-1,-1,-1,-1
2014-03-09,-1.0,-1,-1,-1,-1,-1,-1,-1
2014-03-10,1954.42,-1,26400,37700,237000,-1,-1,-1
2014-03-11,1963.87,-1,26440,37750,236500,-1,-1,-1
2014-03-12,1932.54,-1,25880,37400,235500,-1,-1,-1
2014-03-13,1934.38,-1,25800,38050,229000,-1,-1,-1
2014-03-14,1919.9,-1,25500,37950,229000,-1,-1,-1
2014-03-15,-1.0,-1,-1,-1,-1,-1,-1,-1
2014-03-16,-1.0,-1,-1,-1,-1,-1,-1,-1
2014-03-17,1927.53,-1,25320,36700,234000,-1,-1,-1
2014-03-18,1940.21,-1,25560,36350,235000,-1,-1,-1
2014-03-19,1937.68,-1,25380,37000,231000,-1,-1,-1
2014-03-20,1919.52,-1,25240,36950,229500,-1,-1,-1
2014-03-21,1934.94,-1,25460,38700,234500,-1,-1,-1
2014-03-22,-1.0,-1,-1,-1,-1,-1,-1,-1
2014-03-23,-1.0,-1,-1,-1,-1,-1,-1,-1
2014-03-24,1945.55,-1,25460,38150,235500,-1,-1,-1
2014-03-25,1941.25,-1,24940,37600,232500,-1,-1,-1
2014-03-26,1964.31,-1,25700,38400,243000,-1,-1,-1
2014-03-27,1977.97,-1,26660,37700,246000,-1,-1,-1
2014-03-28,1981.0,-1,26700,37050,248000,-1,-1,-1
2014-03-29,-1.0,-1,-1,-1,-1,-1,-1,-1
2014-03-30,-1.0,-1,-1,-1,-1,-1,-1,-1
2014-03-31,1985.61,-1,26860,36000,251000,-1,-1,-1
2014-04-01,1991.98,-1,26780,37000,251500,-1,-1,-1
2014-04-02,1997.25,-1,27140,37050,250000,-1,-1,-1
2014-04-03,1993.7,-1,27800,36550,245500,-1,-1,-1
2014-04-04,1988.09,-1,27600,37250,247500,-1,-1,-1
2014-04-05,-1.0,-1,-1,-1,-1,-1,-1,-1
2014-04-06,-1.0,-1,-1,-1,-1,-1,-1,-1
2014-04-07,1989.7,-1,27940,37000,246500,-1,-1,-1
2014-04-08,1993.03,-1,27880,36750,248500,-1,-1,-1
2014-04-09,1998.95,-1,27420,37650,243500,-1,-1,-1
2014-04-10,2008.61,-1,27600,37700,242500,37800,-1,39850
2014-04-11,1997.44,-1,27300,37050,242000,37350,-1,39200
2014-04-12,-1.0,-1,-1,-1,-1,-1,-1,-1
2014-04-13,-1.0,-1,-1,-1,-1,-1,-1,-1
2014-04-14,1997.02,-1,27400,36900,241500,37450,-1,38850
2014-04-15,1992.27,-1,27400,37400,238000,37000,-1,38600
2014-04-16,1992.21,-1,27600,37650,242000,37000,-1,38350
2014-04-17,1992.05,-1,27400,38050,240000,36950,-1,38400
2014-04-18,2004.28,-1,27560,39200,245000,37000,-1,38500
2014-04-19,-1.0,-1,-1,-1,-1,-1,-1,-1
2014-04-20,-1.0,-1,-1,-1,-1,-1,-1,-1
2014-04-21,1999.22,-1,27600,39400,244000,36900,-1,38050
2014-04-22,2004.22,-1,27500,39800,245000,36300,-1,37750
2014-04-23,2000.37,-1,27780,40750,245000,36150,-1,38000
2014-04-24,1998.34,-1,28140,40900,242000,36150,-1,37700
2014-04-25,1971.66,-1,27980,40750,236000,35800,-1,37350
2014-04-26,-1.0,-1,-1,-1,-1,-1,-1,-1
2014-04-27,-1.0,-1,-1,-1,-1,-1,-1,-1
2014-04-28,1969.26,-1,27760,40500,233500,35050,-1,37000
2014-04-29,1964.77,-1,27200,39700,234000,34950,-1,36450
2014-04-30,1961.79,-1,26860,40150,230000,35200,-1,36350
2014-05-01,-1.0,-1,-1,-1,-1,-1,-1,-1
2014-05-02,1959.44,-1,26920,40650,225000,35300,-1,36300
2014-05-03,-1.0,-1,-1,-1,-1,-1,-1,-1
2014-05-04,-1.0,-1,-1,-1,-1,-1,-1,-1
2014-05-05,-1.0,-1,-1,-1,-1,-1,-1,-1
2014-05-06,-1.0,-1,-1,-1,-1,-1,-1,-1
2014-05-07,1939.88,-1,26880,41100,223000,34800,-1,35450
2014-05-08,1950.6,-1,27000,40650,228500,35400,-1,36250
2014-05-09,1956.55,-1,26700,41150,231500,35550,-1,36200
2014-05-10,-1.0,-1,-1,-1,-1,-1,-1,-1
2014-05-11,-1.0,-1,-1,-1,-1,-1,-1,-1
2014-05-12,1964.94,-1,27760,41400,229500,35500,-1,36000
2014-05-13,1982.93,-1,28000,41700,231500,35950,-1,36700
2014-05-14,2010.83,-1,28300,42100,237500,37000,-1,37800
2014-05-15,2010.2,-1,28200,42000,239500,36950,-1,37800
2014-05-16,2013.44,-1,28560,42250,234500,36950,-1,38100
2014-05-17,-1.0,-1,-1,-1,-1,-1,-1,-1
2014-05-18,-1.0,-1,-1,-1,-1,-1,-1,-1
2014-05-19,2015.14,-1,28960,40900,233500,37100,-1,38150
2014-05-20,2011.26,-1,29020,42000,230000,36750,-1,37750
2014-05-21,2008.33,-1,28820,41900,230500,35400,-1,36900
2014-05-22,2015.59,-1,28520,42400,233000,35800,-1,37600
2014-05-23,2017.17,-1,28560,42350,233000,35700,-1,37750
2014-05-24,-1.0,-1,-1,-1,-1,-1,-1,-1
2014-05-25,-1.0,-1,-1,-1,-1,-1,-1,-1
2014-05-26,2010.35,-1,28440,42400,235000,35500,-1,37600
2014-05-27,1997.63,-1,28140,42200,229000,35150,-1,37200
2014-05-28,2017.06,-1,28660,42600,230000,35300,-1,37200
2014-05-29,2012.26,-1,29200,42600,230000,35200,-1,37200
2014-05-30,1994.96,-1,28860,44150,224500,34750,-1,37050
2014-05-31,-1.0,-1,-1,-1,-1,-1,-1,-1
2014-06-01,-1.0,-1,-1,-1,-1,-1,-1,-1
2014-06-02,2002.0,-1,29100,44700,226500,34650,-1,37300
2014-06-03,2008.56,-1,29400,44650,227000,34300,-1,36750
2014-06-04,-1.0,-1,-1,-1,-1,-1,-1,-1
2014-06-05,1995.48,-1,29140,46450,225000,34400,-1,36100
2014-06-06,-1.0,-1,-1,-1,-1,-1,-1,-1
2014-06-07,-1.0,-1,-1,-1,-1,-1,-1,-1
2014-06-08,-1.0,-1,-1,-1,-1,-1,-1,-1
2014-06-09,1990.04,-1,28180,46100,224000,35050,-1,37250
2014-06-10,2011.8,-1,28720,47350,223000,35350,-1,37850
2014-06-11,2014.67,-1,28440,47000,224000,35500,-1,38700
2014-06-12,2011.65,-1,28260,47400,225000,35800,-1,38000
2014-06-13,1990.85,-1,27340,47050,224000,35100,-1,37450
2014-06-14,-1.0,-1,-1,-1,-1,-1,-1,-1
2014-06-15,-1.0,-1,-1,-1,-1,-1,-1,-1
2014-06-16,1993.59,-1,27480,48350,225000,35000,-1,37900
2014-06-17,2001.55,-1,27480,49350,229500,34600,-1,38100
2014-06-18,1989.49,-1,27160,49000,226000,34500,-1,37700
2014-06-19,1992.03,-1,26460,50700,223500,34700,-1,37800
2014-06-20,1968.07,-1,26020,49400,218000,34200,-1,37750
2014-06-21,-1.0,-1,-1,-1,-1,-1,-1,-1
2014-06-22,-1.0,-1,-1,-1,-1,-1,-1,-1
2014-06-23,1974.92,-1,26440,48900,219500,34400,-1,37800
2014-06-24,1994.35,-1,26900,50300,224500,35200,-1,38300
2014-06-25,1981.77,-1,26400,49800,228500,34850,-1,37300
2014-06-26,1995.05,-1,26500,48750,229500,35100,-1,37500
2014-06-27,1988.51,-1,26220,47500,230000,35450,-1,37300
2014-06-28,-1.0,-1,-1,-1,-1,-1,-1,-1
2014-06-29,-1.0,-1,-1,-1,-1,-1,-1,-1
2014-06-30,2002.21,-1,26440,48550,229500,35200,-1,37500
2014-10-01,1991.54,-1,23120,46400,188500,37600,-1,37700
2014-10-02,1976.16,-1,22820,47100,180000,37650,-1,38100
2014-10-03,-1.0,-1,-1,-1,-1,-1,-1,-1
2014-10-04,-1.0,-1,-1,-1,-1,-1,-1,-1
2014-10-05,-1.0,-1,-1,-1,-1,-1,-1,-1
2014-10-06,1968.39,-1,23020,44700,184500,38000,-1,37850
2014-10-07,1972.91,-1,23240,44700,182000,38700,-1,38050
2014-10-08,1965.25,-1,22600,44150,178000,38700,-1,36850
2014-10-09,-1.0,-1,-1,-1,-1,-1,-1,-1
2014-10-10,1940.92,-1,22100,42200,178000,38350,-1,36800
2014-10-11,-1.0,-1,-1,-1,-1,-1,-1,-1
2014-10-12,-1.0,-1,-1,-1,-1,-1,-1,-1
2014-10-13,1927.21,-1,22160,41700,178500,38150,-1,37050
2014-10-14,1929.25,-1,22540,43300,176000,37900,-1,36300
2014-10-15,1925.91,-1,22500,43400,175000,38300,-1,36150
2014-10-16,1918.83,-1,22300,45100,168000,37900,-1,35800
2014-10-17,1900.66,-1,21780,44100,162000,37800,-1,35550
2014-10-18,-1.0,-1,-1,-1,-1,-1,-1,-1
2014-10-19,-1.0,-1,-1,-1,-1,-1,-1,-1
2014-10-20,1930.06,-1,22120,44900,169000,38500,-1,35700
2014-10-21,1915.28,-1,21660,45250,167000,37300,-1,34250
2014-10-22,1936.97,-1,22080,46300,161500,38500,-1,34550
2014-10-23,1931.65,-1,21880,45500,171000,39100,-1,33800
2014-10-24,1925.69,-1,22240,45300,172500,39400,-1,34100
2014-10-25,-1.0,-1,-1,-1,-1,-1,-1,-1
2014-10-26,-1.0,-1,-1,-1,-1,-1,-1,-1
2014-10-27,1931.97,-1,21900,44600,176000,41050,-1,36000
2014-10-28,1925.68,-1,21820,46000,173500,41150,-1,35950
2014-10-29,1961.17,-1,22600,47000,173500,42350,-1,37550
2014-10-30,1958.93,-1,23620,47200,172000,43000,-1,37250
2014-10-31,1964.43,-1,24880,47450,170000,42000,-1,37050
2014-11-01,-1.0,-1,-1,-1,-1,-1,-1,-1
2014-11-02,-1.0,-1,-1,-1,-1,-1,-1,-1
2014-11-03,1952.97,-1,24700,48050,160000,41800,-1,36750
2014-11-04,1935.19,-1,24340,47450,155000,41250,-1,35600
2014-11-05,1931.43,-1,24040,47200,151000,41700,-1,36200
2014-11-06,1936.48,-1,24080,47950,158500,41600,-1,35950
2014-11-07,1939.87,-1,24120,47400,162000,40550,-1,35150
2014-11-08,-1.0,-1,-1,-1,-1,-1,-1,-1
2014-11-09,-1.0,-1,-1,-1,-1,-1,-1,-1
2014-11-10,1958.23,-1,25360,47550,166500,40200,-1,35100
2014-11-11,1963.0,-1,24620,47600,176000,40400,-1,35250
2014-11-12,1967.27,-1,24600,48100,176000,40550,-1,35550
2014-11-13,1960.51,-1,24000,48100,178500,40600,-1,35250
2014-11-14,1945.14,-1,23880,49200,177000,39300,-1,34650
2014-11-15,-1.0,-1,-1,-1,-1,-1,-1,-1
2014-11-16,-1.0,-1,-1,-1,-1,-1,-1,-1
2014-11-17,1943.63,-1,24100,45900,177500,39750,-1,34800
2014-11-18,1967.01,-1,24400,46400,177500,39350,-1,34750
2014-11-19,1966.87,-1,24360,47150,171500,40000,-1,35000
2014-11-20,1958.04,-1,24200,47250,167000,39750,-1,34200
2014-11-21,1964.84,-1,24460,46450,165000,39400,-1,33850
2014-11-22,-1.0,-1,-1,-1,-1,-1,-1,-1
2014-11-23,-1.0,-1,-1,-1,-1,-1,-1,-1
2014-11-24,1978.54,-1,24400,47100,171500,39850,-1,34750
2014-11-25,1980.21,-1,23800,48500,174000,39950,-1,34300
2014-11-26,1980.84,-1,24020,48600,174500,39850,-1,34350
2014-11-27,1982.09,-1,25280,47850,180500,39200,-1,34150
2014-11-28,1980.78,-1,25740,48050,179000,38900,-1,33800
2014-11-29,-1.0,-1,-1,-1,-1,-1,-1,-1
2014-11-30,-1.0,-1,-1,-1,-1,-1,-1,-1
2014-12-01,1965.22,-1,25900,47950,182000,38400,-1,33050
2014-12-02,1965.83,-1,25900,47700,176500,38300,-1,32750
2014-12-03,1969.91,-1,25960,48050,177500,38400,-1,32750
2014-12-04,1986.61,-1,26000,48700,185000,39000,-1,32750
2014-12-05,1986.62,-1,26040,48350,188000,39000,-1,33100
2014-12-06,-1.0,-1,-1,-1,-1,-1,-1,-1
2014-12-07,-1.0,-1,-1,-1,-1,-1,-1,-1
2014-12-08,1978.95,-1,26380,48650,185500,39350,-1,32850
2014-12-09,1970.95,-1,26980,49450,181500,39050,-1,32750
2014-12-10,1945.56,-1,26340,48850,180000,38300,-1,31950
2014-12-11,1916.59,-1,26100,47200,178000,38050,-1,31450
2014-12-12,1921.71,-1,25720,47550,178500,38450,-1,32150
2014-12-13,-1.0,-1,-1,-1,-1,-1,-1,-1
2014-12-14,-1.0,-1,-1,-1,-1,-1,-1,-1
2014-12-15,1920.36,-1,25460,47650,174500,37600,-1,32200
2014-12-16,1904.13,-1,25580,46500,174500,37800,-1,32250
2014-12-17,1900.16,-1,25320,46700,169000,37600,-1,32650
2014-12-18,1897.5,-1,25320,47700,167500,37950,-1,32650
2014-12-19,1929.98,-1,26560,48500,170000,38200,-1,32950
2014-12-20,-1.0,-1,-1,-1,-1,-1,-1,-1
2014-12-21,-1.0,-1,-1,-1,-1,-1,-1,-1
2014-12-22,1943.12,-1,26900,48250,171000,37800,-1,32750
2014-12-23,1939.02,-1,26780,47450,171500,37600,-1,32850
2014-12-24,1946.61,-1,26860,47800,175000,38800,-1,33150
2014-12-25,-1.0,-1,-1,-1,-1,-1,-1,-1
2014-12-26,1948.16,-1,27040,47000,174500,38800,-1,33200
2014-12-27,-1.0,-1,-1,-1,-1,-1,-1,-1
2014-12-28,-1.0,-1,-1,-1,-1,-1,-1,-1
2014-12-29,1927.86,-1,26580,48050,171500,37350,-1,32550
2014-12-30,1915.59,-1,26540,47750,169000,36150,-1,32000
2014-12-31,-1.0,-1,-1,-1,-1,-1,-1,-1
2015-04-01,2028.45,-1,28460,45000,164000,38600,-1,28650
2015-04-02,2029.07,-1,28680,44800,164000,38450,-1,28350
2015-04-03,2045.42,-1,28680,44200,166000,39000,-1,28400
2015-04-04,-1.0,-1,-1,-1,-1,-1,-1,-1
2015-04-05,-1.0,-1,-1,-1,-1,-1,-1,-1
2015-04-06,2046.43,-1,29400,44750,162000,38400,-1,27950
2015-04-07,2047.03,-1,29240,43950,161500,37850,-1,27600
2015-04-08,2059.26,-1,29580,42600,161000,37750,-1,27350
2015-04-09,2058.87,-1,29660,41900,161500,36800,-1,26950
2015-04-10,2087.76,-1,29800,43600,167500,37750,-1,27700
2015-04-11,-1.0,-1,-1,-1,-1,-1,-1,-1
2015-04-12,-1.0,-1,-1,-1,-1,-1,-1,-1
2015-04-13,2098.92,-1,29580,44200,167000,38300,-1,28150
2015-04-14,2111.72,-1,29480,44000,171000,40500,-1,30000
2015-04-15,2119.96,-1,28920,44300,170000,40000,-1,30100
2015-04-16,2139.9,-1,29540,44500,169000,40300,-1,30200
2015-04-17,2143.5,-1,29000,44550,170000,40600,-1,30150
2015-04-18,-1.0,-1,-1,-1,-1,-1,-1,-1
2015-04-19,-1.0,-1,-1,-1,-1,-1,-1,-1
2015-04-20,2146.71,-1,28600,44250,174500,40800,-1,30650
2015-04-21,2144.79,-1,28880,45150,171000,40600,-1,30800
2015-04-22,2143.89,-1,29220,45250,170000,39800,-1,30400
2015-04-23,2173.41,-1,29020,45800,175500,41000,-1,31450
2015-04-24,2159.8,-1,28200,47200,177500,41650,-1,32250
2015-04-25,-1.0,-1,-1,-1,-1,-1,-1,-1
2015-04-26,-1.0,-1,-1,-1,-1,-1,-1,-1
2015-04-27,2157.54,-1,27900,45800,176000,40300,-1,32400
2015-04-28,2147.67,-1,27320,46950,172500,40550,-1,31750
2015-04-29,2142.63,-1,27700,46900,171000,41000,-1,31400
2015-04-30,2127.17,-1,28200,46150,169000,40950,-1,31700
2015-05-01,-1.0,-1,-1,-1,-1,-1,-1,-1
2015-05-02,-1.0,-1,-1,-1,-1,-1,-1,-1
2015-05-03,-1.0,-1,-1,-1,-1,-1,-1,-1
2015-05-04,2132.23,-1,28000,46800,172000,41700,-1,32300
2015-05-05,-1.0,-1,-1,-1,-1,-1,-1,-1
2015-05-06,2104.58,-1,27240,45300,171500,41900,-1,32400
2015-05-07,2091.0,-1,27400,45900,173000,41400,-1,31700
2015-05-08,2085.52,-1,26760,45950,173000,40800,-1,31500
2015-05-09,-1.0,-1,-1,-1,-1,-1,-1,-1
2015-05-10,-1.0,-1,-1,-1,-1,-1,-1,-1
2015-05-11,2097.38,-1,26720,46300,169500,40600,-1,31100
2015-05-12,2096.77,-1,26620,46050,169000,41150,-1,31350
2015-05-13,2114.16,-1,26660,45250,166000,41500,-1,31200
2015-05-14,2120.33,-1,26800,45550,164000,41100,-1,31000
2015-05-15,2106.5,-1,26520,45300,163500,40800,-1,30950
2015-05-16,-1.0,-1,-1,-1,-1,-1,-1,-1
2015-05-17,-1.0,-1,-1,-1,-1,-1,-1,-1
2015-05-18,2113.72,-1,26400,45450,162500,40450,-1,30500
2015-05-19,2120.85,-1,26760,46100,162500,40850,-1,30450
2015-05-20,2139.54,-1,27320,46850,162500,41000,-1,30850
2015-05-21,2122.81,-1,27040,46350,159500,39750,-1,30300
2015-05-22,2146.1,-1,27000,47850,162500,41000,-1,30700
2015-05-23,-1.0,-1,-1,-1,-1,-1,-1,-1
2015-05-24,-1.0,-1,-1,-1,-1,-1,-1,-1
2015-05-25,-1.0,-1,-1,-1,-1,-1,-1,-1
2015-05-26,2143.5,-1,27240,48000,160000,40100,-1,30050
2015-05-27,2107.5,-1,26280,48450,157000,39200,-1,29250
2015-05-28,2110.89,-1,26180,49650,156000,39550,-1,29600
2015-05-29,2114.8,-1,26140,51100,158000,40250,-1,29700
2015-05-30,-1.0,-1,-1,-1,-1,-1,-1,-1
2015-05-31,-1.0,-1,-1,-1,-1,-1,-1,-1
2015-06-01,2102.37,-1,25820,50600,154500,39450,-1,29400
2015-06-02,2078.64,-1,26060,51200,138500,39850,-1,29550
2015-06-03,2063.16,-1,25460,49800,135500,39750,-1,29600
2015-06-04,2072.86,-1,26740,48300,139000,38750,-1,28950
2015-06-05,2068.1,-1,26820,49050,137500,38350,-1,28500
2015-06-06,-1.0,-1,-1,-1,-1,-1,-1,-1
2015-06-07,-1.0,-1,-1,-1,-1,-1,-1,-1
2015-06-08,2065.19,-1,26280,48050,134500,39150,-1,28700
2015-06-09,2064.03,-1,25640,48000,135500,38850,-1,28700
2015-06-10,2051.32,-1,25240,47500,134500,39950,-1,29250
2015-06-11,2056.61,-1,25140,47100,138000,40000,-1,28600
2015-06-12,2052.17,-1,25540,46550,136000,39050,-1,28150
2015-06-13,-1.0,-1,-1,-1,-1,-1,-1,-1
2015-06-14,-1.0,-1,-1,-1,-1,-1,-1,-1
2015-06-15,2042.32,-1,25400,46150,136500,38150,-1,28000
2015-06-16,2028.72,-1,25100,44200,137000,37300,-1,27600
2015-06-17,2034.86,-1,25080,44950,136000,37200,-1,27500
2015-06-18,2041.88,-1,25300,44300,131500,37050,-1,27350
2015-06-19,2046.96,-1,25320,43550,130000,36150,-1,27050
2015-06-20,-1.0,-1,-1,-1,-1,-1,-1,-1
2015-06-21,-1.0,-1,-1,-1,-1,-1,-1,-1
2015-06-22,2055.16,-1,25620,43850,132000,36500,-1,27050
2015-06-23,2081.2,-1,26420,44150,131000,37550,-1,27650
2015-06-24,2085.53,-1,26040,43350,133000,37850,-1,27850
2015-06-25,2085.06,-1,25380,43100,132000,37300,-1,28300
2015-06-26,2090.26,-1,25560,42000,135000,37700,-1,29150
2015-06-27,-1.0,-1,-1,-1,-1,-1,-1,-1
2015-06-28,-1.0,-1,-1,-1,-1,-1,-1,-1
2015-06-29,2060.49,-1,25620,42600,134500,36900,-1,29200
2015-06-30,2074.2,-1,25360,42300,136000,36900,-1,29050
2015-07-01,2097.89,-1,25900,42800,136500,36800,-1,29400
2015-07-02,2107.33,-1,25980,42100,135500,36200,-1,29250
2015-07-03,2104.41,-1,25360,42650,135000,36200,-1,29300
2015-07-04,-1.0,-1,-1,-1,-1,-1,-1,-1
2015-07-05,-1.0,-1,-1,-1,-1,-1,-1,-1
2015-07-06,2053.93,-1,24600,40750,133000,35500,-1,28750
2015-07-07,2040.29,-1,24800,41350,131500,35950,-1,29450
2015-07-08,2016.21,-1,24780,40900,128000,35400,-1,28850
2015-07-09,2027.81,-1,25300,40950,127000,35450,-1,28900
2015-07-10,2031.17,-1,25180,40850,124000,35600,-1,28850
2015-07-11,-1.0,-1,-1,-1,-1,-1,-1,-1
2015-07-12,-1.0,-1,-1,-1,-1,-1,-1,-1
2015-07-13,2061.52,-1,25320,40550,125500,36250,-1,29700
2015-07-14,2059.23,-1,24500,37850,125500,36550,-1,30850
2015-07-15,2072.91,-1,24700,39300,126500,35150,-1,28500
2015-07-16,2087.89,-1,25640,39450,127000,35400,-1,28900
2015-07-17,2076.79,-1,26100,39950,123500,34700,-1,27750
2015-07-18,-1.0,-1,-1,-1,-1,-1,-1,-1
2015-07-19,-1.0,-1,-1,-1,-1,-1,-1,-1
2015-07-20,2073.31,-1,25500,38650,124000,34650,-1,27750
2015-07-21,2083.62,-1,25260,39050,133000,34950,-1,28300
2015-07-22,2064.73,-1,25060,38200,131000,34800,-1,28000
2015-07-23,2065.07,-1,24680,39000,138000,35050,-1,27750
2015-07-24,2045.96,-1,24580,38550,139000,34250,-1,27250
2015-07-25,-1.0,-1,-1,-1,-1,-1,-1,-1
2015-07-26,-1.0,-1,-1,-1,-1,-1,-1,-1
2015-07-27,2038.81,-1,24600,37250,145000,35600,-1,27350
2015-07-28,2039.1,-1,24600,37100,145000,35750,-1,28150
2015-07-29,2037.62,-1,25260,37000,146000,35700,-1,28000
2015-07-30,2019.03,-1,24300,34500,150000,36650,-1,28900
2015-07-31,2030.16,-1,23700,37100,149000,36800,-1,29150
2015-08-01,-1.0,-1,-1,-1,-1,-1,-1,-1
2015-08-02,-1.0,-1,-1,-1,-1,-1,-1,-1
2015-08-03,2008.49,-1,23500,35950,143500,37000,-1,28950
2015-08-04,2027.99,-1,23640,37250,144000,37800,-1,29450
2015-08-05,2029.76,-1,23180,37300,145500,37100,-1,29100
2015-08-06,2013.29,-1,22300,36100,139500,36900,-1,28850
2015-08-07,2010.23,-1,22720,36200,138000,37150,-1,29100
2015-08-08,-1.0,-1,-1,-1,-1,-1,-1,-1
2015-08-09,-1.0,-1,-1,-1,-1,-1,-1,-1
2015-08-10,2003.17,-1,22820,36300,140000,37800,-1,29950
2015-08-11,1986.65,-1,23140,36100,139000,37850,-1,29350
2015-08-12,1975.47,-1,23080,35800,146000,37700,-1,29150
2015-08-13,1983.46,-1,22800,36900,144500,36400,-1,28250
2015-08-14,-1.0,-1,-1,-1,-1,-1,-1,-1
2015-08-15,-1.0,-1,-1,-1,-1,-1,-1,-1
2015-08-16,-1.0,-1,-1,-1,-1,-1,-1,-1
2015-08-17,1968.52,-1,22080,35650,143500,36400,-1,28250
2015-08-18,1956.26,-1,22620,35050,146500,37100,-1,28450
2015-08-19,1939.38,-1,23080,33000,148000,37200,-1,28450
2015-08-20,1914.55,-1,22780,33050,149000,36600,-1,28200
2015-08-21,1876.07,-1,22020,32000,146000,36200,-1,27650
2015-08-22,-1.0,-1,-1,-1,-1,-1,-1,-1
2015-08-23,-1.0,-1,-1,-1,-1,-1,-1,-1
2015-08-24,1829.81,-1,21580,31050,142500,34900,-1,26500
2015-08-25,1846.63,-1,21580,33500,147500,34850,-1,26050
2015-08-26,1894.09,-1,21340,33450,150000,34700,-1,26600
2015-08-27,1908.0,-1,21340,35500,147000,34700,-1,26700
2015-08-28,1937.67,-1,21620,36900,144000,36050,-1,27250
2015-08-29,-1.0,-1,-1,-1,-1,-1,-1,-1
2015-08-30,-1.0,-1,-1,-1,-1,-1,-1,-1
2015-08-31,1941.49,-1,21780,35800,149000,35800,-1,27200
2015-09-01,1914.23,-1,21700,34400,146500,35300,-1,26750
2015-09-02,1915.22,-1,21800,34350,151500,35500,-1,27250
2015-09-03,1915.53,-1,22440,35400,152000,34750,-1,26900
2015-09-04,1886.04,-1,22580,34850,150000,34650,-1,26750
2015-09-05,-1.0,-1,-1,-1,-1,-1,-1,-1
2015-09-06,-1.0,-1,-1,-1,-1,-1,-1,-1
2015-09-07,1883.22,-1,22240,34750,152000,34200,-1,26400
2015-09-08,1878.68,-1,22620,34750,156500,34150,-1,26500
2015-09-09,1934.2,-1,22940,36000,155500,34950,-1,27000
2015-09-10,1962.11,-1,22680,35950,156500,35650,-1,26800
2015-09-11,1941.37,-1,22300,35000,156000,34900,-1,27000
2015-09-12,-1.0,-1,-1,-1,-1,-1,-1,-1
2015-09-13,-1.0,-1,-1,-1,-1,-1,-1,-1
2015-09-14,1931.46,-1,22480,34600,154500,34950,-1,27250
2015-09-15,1937.56,-1,22460,33600,156500,34850,-1,27500
2015-09-16,1975.45,-1,23040,35100,163000,35400,-1,27800
2015-09-17,1976.49,-1,23140,36150,163500,35500,-1,27800
2015-09-18,1995.95,-1,23800,35750,165500,34800,-1,27100
2015-09-19,-1.0,-1,-1,-1,-1,-1,-1,-1
2015-09-20,-1.0,-1,-1,-1,-1,-1,-1,-1
2015-09-21,1964.68,-1,23000,34800,159000,35000,-1,26800
2015-09-22,1982.06,-1,22900,34900,164000,35350,-1,26900
2015-09-23,1944.64,-1,22620,34700,157000,34750,-1,26600
2015-09-24,1947.1,-1,22520,33850,158000,34900,-1,26400
2015-09-25,1942.85,-1,22240,34350,162000,34650,-1,26300
2015-09-26,-1.0,-1,-1,-1,-1,-1,-1,-1
2015-09-27,-1.0,-1,-1,-1,-1,-1,-1,-1
2015-09-28,-1.0,-1,-1,-1,-1,-1,-1,-1
2015-09-29,-1.0,-1,-1,-1,-1,-1,-1,-1
2015-09-30,1962.81,-1,22680,33550,164000,35250,-1,26400
2015-10-01,1979.32,-1,22680,33700,168000,35300,-1,26300
2015-10-02,1969.68,-1,22380,34550,167000,34650,-1,26050
2015-10-03,-1.0,-1,-1,-1,-1,-1,-1,-1
2015-10-04,-1.0,-1,-1,-1,-1,-1,-1,-1
2015-10-05,1978.25,-1,22300,35350,164000,34650,-1,26050
2015-10-06,1990.65,-1,23020,37200,158000,34650,-1,26150
2015-10-07,2005.84,-1,25020,37300,160500,34250,-1,26250
2015-10-08,2019.53,-1,25400,37550,162000,34800,-1,26750
2015-10-09,-1.0,-1,-1,-1,-1,-1,-1,-1
2015-10-10,-1.0,-1,-1,-1,-1,-1,-1,-1
2015-10-11,-1.0,-1,-1,-1,-1,-1,-1,-1
2015-10-12,2021.63,-1,25200,36850,159500,35300,-1,27400
2015-10-13,2019.05,-1,25040,36000,163500,35500,-1,27550
2015-10-14,2009.55,-1,25080,36400,163000,34800,-1,27150
2015-10-15,2033.27,-1,25380,36750,162500,35000,-1,27700
2015-10-16,2030.26,-1,25300,36100,161000,35150,-1,27950
2015-10-17,-1.0,-1,-1,-1,-1,-1,-1,-1
2015-10-18,-1.0,-1,-1,-1,-1,-1,-1,-1
2015-10-19,2030.27,-1,25120,35750,161000,35450,-1,27800
2015-10-20,2039.36,-1,25320,35700,162500,36350,-1,28350
2015-10-21,2042.98,-1,25400,33650,163000,36700,-1,28350
2015-10-22,2023.0,-1,25600,31950,162000,36750,-1,28000
2015-10-23,2040.4,-1,25780,32100,158000,36850,-1,28500
2015-10-24,-1.0,-1,-1,-1,-1,-1,-1,-1
2015-10-25,-1.0,-1,-1,-1,-1,-1,-1,-1
2015-10-26,2048.08,-1,25840,32900,159000,36800,-1,28550
2015-10-27,2044.65,-1,25960,32150,159000,36750,-1,28250
2015-10-28,2042.51,-1,26160,31450,155500,36150,-1,27900
2015-10-29,2034.16,-1,26500,31450,153500,35650,-1,27500
2015-10-30,2029.47,-1,27440,30700,156000,36150,-1,27800
2015-10-31,-1.0,-1,-1,-1,-1,-1,-1,-1
2015-11-01,-1.0,-1,-1,-1,-1,-1,-1,-1
2015-11-02,2035.24,-1,27660,32150,158500,36000,-1,27450
2015-11-03,2048.4,-1,27040,31900,162500,36700,-1,28000
2015-11-04,2052.77,-1,26600,32600,165500,36550,-1,27900
2015-11-05,2049.41,-1,26840,32650,165500,36750,-1,27700
2015-11-06,2041.07,-1,26760,31200,164500,36400,-1,27350
2015-11-07,-1.0,-1,-1,-1,-1,-1,-1,-1
2015-11-08,-1.0,-1,-1,-1,-1,-1,-1,-1
2015-11-09,2025.7,-1,26880,31250,165000,36950,-1,27450
2015-11-10,1996.59,-1,26420,31150,162500,36050,-1,27150
2015-11-11,1997.27,-1,26660,31000,163000,35900,-1,26900
2015-11-12,1993.36,-1,26340,30700,160500,36350,-1,27000
2015-11-13,1973.29,-1,26000,31150,156500,35200,-1,26500
2015-11-14,-1.0,-1,-1,-1,-1,-1,-1,-1
2015-11-15,-1.0,-1,-1,-1,-1,-1,-1,-1
2015-11-16,1943.02,-1,25260,30500,158000,34600,-1,25850
2015-11-17,1963.58,-1,25400,30600,157000,34650,-1,25800
2015-11-18,1962.88,-1,25620,30550,158000,35350,-1,25300
2015-11-19,1988.91,-1,25780,31200,159500,35700,-1,26000
2015-11-20,1989.86,-1,25700,31000,158000,35250,-1,26000
2015-11-21,-1.0,-1,-1,-1,-1,-1,-1,-1
2015-11-22,-1.0,-1,-1,-1,-1,-1,-1,-1
2015-11-23,2003.7,-1,25640,30650,157000,35350,-1,25850
2015-11-24,2016.29,-1,25980,30200,155000,35600,-1,26000
2015-11-25,2009.42,-1,25980,31900,151500,35250,-1,25500
2015-11-26,2030.68,-1,26700,32750,152500,35750,-1,25550
2015-11-27,2028.99,-1,26540,32000,151000,35850,-1,25750
2015-11-28,-1.0,-1,-1,-1,-1,-1,-1,-1
2015-11-29,-1.0,-1,-1,-1,-1,-1,-1,-1
2015-11-30,1991.97,-1,25680,31600,147500,35250,-1,25500
2015-12-01,2023.93,-1,26420,31350,153000,35600,-1,25650
2015-12-02,2009.29,-1,26000,31200,152000,35100,-1,25450
2015-12-03,1994.07,-1,25800,31150,153000,34850,-1,25200
2015-12-04,1974.4,-1,25380,31200,151500,34700,-1,24850
2015-12-05,-1.0,-1,-1,-1,-1,-1,-1,-1
2015-12-06,-1.0,-1,-1,-1,-1,-1,-1,-1
2015-12-07,1963.67,-1,25240,30700,150500,34450,-1,24700
2015-12-08,1949.04,-1,25240,30200,150000,34400,-1,24150
2015-12-09,1948.24,-1,25260,30250,151500,34300,-1,24050
2015-12-10,1952.07,-1,25660,30300,151500,34700,-1,24050
2015-12-11,1948.62,-1,25680,29850,148500,34550,-1,24050
2015-12-12,-1.0,-1,-1,-1,-1,-1,-1,-1
2015-12-13,-1.0,-1,-1,-1,-1,-1,-1,-1
2015-12-14,1927.82,-1,25220,29000,150500,34200,-1,24200
2015-12-15,1932.97,-1,25540,29400,151500,33900,-1,23900
2015-12-16,1969.4,-1,25980,30400,153000,34500,-1,24150
2015-12-17,1977.96,-1,25800,30250,155500,34150,-1,24100
2015-12-18,1975.32,-1,25560,30600,154000,33850,-1,23800
2015-12-19,-1.0,-1,-1,-1,-1,-1,-1,-1
2015-12-20,-1.0,-1,-1,-1,-1,-1,-1,-1
2015-12-21,1981.19,-1,25600,30500,152000,34050,-1,24200
2015-12-22,1992.56,-1,25840,32200,153000,33950,-1,24250
2015-12-23,1999.22,-1,25900,32700,151500,34200,-1,24600
2015-12-24,1990.65,-1,25700,31700,151500,34050,-1,24650
2015-12-25,-1.0,-1,-1,-1,-1,-1,-1,-1
2015-12-26,-1.0,-1,-1,-1,-1,-1,-1,-1
2015-12-27,-1.0,-1,-1,-1,-1,-1,-1,-1
2015-12-28,1964.06,-1,25320,30900,151000,33900,-1,24300
2015-12-29,1966.31,-1,25080,31200,149000,33350,-1,24100
2015-12-30,1961.31,-1,25200,30750,149000,33150,-1,23600
2015-12-31,-1.0,-1,-1,-1,-1,-1,-1,-1
2016-01-01,-1.0,-1,-1,-1,-1,-1,-1,-1
2016-01-02,-1.0,-1,-1,-1,-1,-1,-1,-1
2016-01-03,-1.0,-1,-1,-1,-1,-1,-1,-1
2016-01-04,1918.76,-1,24100,30150,144000,32450,-1,22900
2016-01-05,1930.53,-1,24160,30600,143500,32650,-1,23250
2016-01-06,1925.43,-1,23500,30750,140000,32450,-1,23300
2016-01-07,1904.33,-1,23260,30200,137500,32050,-1,22650
2016-01-08,1917.62,-1,23420,29700,136500,32100,-1,22850
2016-01-09,-1.0,-1,-1,-1,-1,-1,-1,-1
2016-01-10,-1.0,-1,-1,-1,-1,-1,-1,-1
2016-01-11,1894.84,-1,23040,28650,140000,31600,-1,22050
2016-01-12,1890.86,-1,22920,27800,139500,31650,-1,22100
2016-01-13,1916.28,-1,22960,28100,140500,32300,-1,22150
2016-01-14,1900.01,-1,22760,27900,141000,31000,-1,22050
2016-01-15,1878.87,-1,22640,26800,138500,30000,-1,20750
2016-01-16,-1.0,-1,-1,-1,-1,-1,-1,-1
2016-01-17,-1.0,-1,-1,-1,-1,-1,-1,-1
2016-01-18,1878.45,-1,22520,26700,139000,30150,-1,20950
2016-01-19,1889.64,-1,23420,28300,140000,29350,-1,20750
2016-01-20,1845.45,-1,22760,26800,136500,28300,-1,19650
2016-01-21,1840.53,-1,22620,26600,137000,28400,-1,20050
2016-01-22,1879.43,-1,23360,27150,139000,29100,-1,20450
2016-01-23,-1.0,-1,-1,-1,-1,-1,-1,-1
2016-01-24,-1.0,-1,-1,-1,-1,-1,-1,-1
2016-01-25,1893.43,-1,23240,28000,137500,29650,-1,20750
2016-01-26,1871.69,-1,22740,27850,136000,29000,-1,19950
2016-01-27,1897.87,-1,23500,27650,137000,29750,-1,20450
2016-01-28,1906.94,-1,22900,27650,135000,30300,-1,21100
2016-01-29,1912.06,-1,23000,27300,133000,30550,-1,21400
2016-01-30,-1.0,-1,-1,-1,-1,-1,-1,-1
2016-01-31,-1.0,-1,-1,-1,-1,-1,-1,-1
2016-02-01,1924.82,-1,23260,28400,132500,29900,-1,21100
2016-02-02,1906.6,-1,23120,28450,129500,29350,-1,21050
2016-02-03,1890.67,-1,22920,27450,129000,28450,-1,20450
2016-02-04,1916.26,-1,23120,28100,132500,28700,-1,21050
2016-02-05,1917.79,-1,23280,28100,133500,29350,-1,22300
2016-02-06,-1.0,-1,-1,-1,-1,-1,-1,-1
2016-02-07,-1.0,-1,-1,-1,-1,-1,-1,-1
2016-02-08,-1.0,-1,-1,-1,-1,-1,-1,-1
2016-02-09,-1.0,-1,-1,-1,-1,-1,-1,-1
2016-02-10,-1.0,-1,-1,-1,-1,-1,-1,-1
2016-02-11,1861.54,-1,22600,27150,131000,28700,-1,20850
2016-02-12,1835.28,-1,22600,27350,137000,28400,-1,20550
2016-02-13,-1.0,-1,-1,-1,-1,-1,-1,-1
2016-02-14,-1.0,-1,-1,-1,-1,-1,-1,-1
2016-02-15,1862.2,-1,23080,27700,139500,29650,-1,21700
2016-02-16,1888.3,-1,23360,28900,141000,29500,-1,21850
2016-02-17,1883.94,-1,23700,30050,147000,31300,-1,22600
2016-02-18,1908.84,-1,23740,30200,147000,30650,-1,22700
2016-02-19,1916.24,-1,23800,29600,149000,30300,-1,22250
2016-02-20,-1.0,-1,-1,-1,-1,-1,-1,-1
2016-02-21,-1.0,-1,-1,-1,-1,-1,-1,-1
2016-02-22,1916.36,-1,23500,29900,147500,30100,-1,21950
2016-02-23,1914.22,-1,23620,30400,149000,30100,-1,22000
2016-02-24,1912.53,-1,23440,30900,149000,30250,-1,21700
2016-02-25,1918.57,-1,23580,30800,147000,29850,-1,21350
2016-02-26,1920.16,-1,23440,30800,147000,30000,-1,21350
2016-02-27,-1.0,-1,-1,-1,-1,-1,-1,-1
2016-02-28,-1.0,-1,-1,-1,-1,-1,-1,-1
2016-02-29,1916.66,-1,23560,30000,147500,29700,-1,20850
2016-03-01,-1.0,-1,-1,-1,-1,-1,-1,-1
2016-03-02,1947.42,-1,23940,30950,150000,30200,-1,20850
2016-03-03,1958.17,-1,24400,31950,147500,30800,-1,21400
2016-03-04,1955.63,-1,24300,31900,147500,31800,-1,22300
2016-03-05,-1.0,-1,-1,-1,-1,-1,-1,-1
2016-03-06,-1.0,-1,-1,-1,-1,-1,-1,-1
2016-03-07,1957.87,-1,24460,31900,146500,32150,-1,22500
2016-03-08,1946.12,-1,23840,30500,148000,31750,-1,22050
2016-03-09,1952.95,-1,23880,30550,149500,31900,-1,22100
2016-03-10,1969.33,-1,24500,30300,148000,31950,-1,21950
2016-03-11,1971.41,-1,24980,30700,149000,32300,-1,22500
2016-03-12,-1.0,-1,-1,-1,-1,-1,-1,-1
2016-03-13,-1.0,-1,-1,-1,-1,-1,-1,-1
2016-03-14,1972.27,-1,25100,30350,148500,32750,-1,23400
2016-03-15,1969.97,-1,25060,29900,147000,32300,-1,23450
2016-03-16,1974.9,-1,25120,29200,146500,32650,-1,23650
2016-03-17,1987.99,-1,25260,29250,146500,32400,-1,23800
2016-03-18,1992.12,-1,25460,29450,150500,32800,-1,24050
2016-03-19,-1.0,-1,-1,-1,-1,-1,-1,-1
2016-03-20,-1.0,-1,-1,-1,-1,-1,-1,-1
2016-03-21,1989.76,-1,25340,29550,154500,32700,-1,24400
2016-03-22,1996.81,-1,25380,30200,159000,32800,-1,24050
2016-03-23,1995.12,-1,25580,30250,158000,32700,-1,24150
2016-03-24,1985.97,-1,25640,29450,155500,32100,-1,23700
2016-03-25,1983.81,-1,25760,29150,153000,31750,-1,23150
2016-03-26,-1.0,-1,-1,-1,-1,-1,-1,-1
2016-03-27,-1.0,-1,-1,-1,-1,-1,-1,-1
2016-03-28,1982.54,-1,25880,28550,154000,32000,-1,23400
2016-03-29,1994.91,-1,25800,28900,155000,32350,-1,24500
2016-03-30,2002.14,-1,26160,28650,155500,31850,-1,24300
2016-03-31,1995.85,-1,26240,28150,152500,31850,-1,24800
2016-04-01,1973.57,-1,25580,28200,149500,32150,-1,23950
2016-04-02,-1.0,-1,-1,-1,-1,-1,-1,-1
2016-04-03,-1.0,-1,-1,-1,-1,-1,-1,-1
2016-04-04,1978.97,-1,26100,27900,144000,32150,-1,23100
2016-04-05,1962.74,-1,25200,27850,144500,32550,-1,23200
2016-04-06,1971.32,-1,25700,27500,144000,32800,-1,23100
2016-04-07,1973.89,-1,25380,26900,146500,32950,-1,23350
2016-04-08,1972.05,-1,24920,27800,146000,32750,-1,23050
2016-04-09,-1.0,-1,-1,-1,-1,-1,-1,-1
2016-04-10,-1.0,-1,-1,-1,-1,-1,-1,-1
2016-04-11,1970.37,-1,25320,27150,146000,32200,-1,22800
2016-04-12,1981.32,-1,25500,27150,148500,32150,-1,23250
2016-04-13,-1.0,-1,-1,-1,-1,-1,-1,-1
2016-04-14,2015.93,-1,26000,27250,152000,33650,-1,24900
2016-04-15,2014.71,-1,26000,27650,151500,34200,-1,25000
2016-04-16,-1.0,-1,-1,-1,-1,-1,-1,-1
2016-04-17,-1.0,-1,-1,-1,-1,-1,-1,-1
2016-04-18,2009.1,-1,25980,27200,154000,34250,-1,24950
2016-04-19,2011.36,-1,25760,27450,153000,34500,-1,25000
2016-04-20,2005.83,-1,25980,27550,151500,34800,-1,25700
2016-04-21,2022.1,-1,25880,27550,154000,35400,-1,25950
2016-04-22,2015.49,-1,25600,27500,151000,35900,-1,26000
2016-04-23,-1.0,-1,-1,-1,-1,-1,-1,-1
2016-04-24,-1.0,-1,-1,-1,-1,-1,-1,-1
2016-04-25,2014.55,-1,25620,27500,149500,36500,-1,27200
2016-04-26,2019.63,-1,25920,29150,153500,35700,-1,27400
2016-04-27,2015.4,-1,26000,29150,149000,35650,-1,26750
2016-04-28,2000.93,-1,25300,27900,148000,35250,-1,25650
2016-04-29,1994.15,-1,24900,28150,143500,34800,-1,25650
2016-04-30,-1.0,-1,-1,-1,-1,-1,-1,-1
2016-05-01,-1.0,-1,-1,-1,-1,-1,-1,-1
2016-05-02,1978.15,-1,25000,27850,142500,34100,-1,24950
2016-05-03,1986.41,-1,25220,27650,142500,33950,-1,24950
2016-05-04,1976.71,-1,25800,26650,139000,33500,-1,24450
2016-05-05,-1.0,-1,-1,-1,-1,-1,-1,-1
2016-05-06,-1.0,-1,-1,-1,-1,-1,-1,-1
2016-05-07,-1.0,-1,-1,-1,-1,-1,-1,-1
2016-05-08,-1.0,-1,-1,-1,-1,-1,-1,-1
2016-05-09,1967.81,-1,25980,25750,135500,33450,-1,24100
2016-05-10,1982.5,-1,25920,26400,139500,33650,-1,24350
2016-05-11,1980.1,-1,25840,26200,139000,33700,-1,25150
2016-05-12,1977.49,-1,25620,26100,136500,33350,-1,25000
2016-05-13,1966.99,-1,25060,26100,135000,33250,-1,24150
2016-05-14,-1.0,-1,-1,-1,-1,-1,-1,-1
2016-05-15,-1.0,-1,-1,-1,-1,-1,-1,-1
2016-05-16,1967.91,-1,24960,26100,135500,33100,-1,24250
2016-05-17,1968.06,-1,25280,25900,134500,33400,-1,23650
2016-05-18,1956.73,-1,25360,26200,133000,32900,-1,23650
2016-05-19,1946.78,-1,25400,26600,134500,33800,-1,24700
2016-05-20,1947.67,-1,25380,26300,132000,33600,-1,24150
2016-05-21,-1.0,-1,-1,-1,-1,-1,-1,-1
2016-05-22,-1.0,-1,-1,-1,-1,-1,-1,-1
2016-05-23,1955.25,-1,25720,27200,133000,33200,-1,24250
2016-05-24,1937.68,-1,25420,26850,133500,33050,-1,23750
2016-05-25,1960.51,-1,25900,27050,135000,34150,-1,24650
2016-05-26,1957.06,-1,25920,27000,135000,33900,-1,24850
2016-05-27,1969.17,-1,25640,28650,136000,33650,-1,24950
2016-05-28,-1.0,-1,-1,-1,-1,-1,-1,-1
2016-05-29,-1.0,-1,-1,-1,-1,-1,-1,-1
2016-05-30,1967.13,-1,25600,29000,136500,33350,-1,25000
2016-05-31,1983.4,-1,25840,28700,139500,34100,-1,25850
2016-06-01,1982.72,-1,26660,28500,138000,33800,-1,25150
2016-06-02,1985.11,-1,27300,28050,138000,33900,-1,25050
2016-06-03,1985.84,-1,27540,27600,138500,33800,-1,24950
2016-06-04,-1.0,-1,-1,-1,-1,-1,-1,-1
2016-06-05,-1.0,-1,-1,-1,-1,-1,-1,-1
2016-06-06,-1.0,-1,-1,-1,-1,-1,-1,-1
2016-06-07,2011.63,-1,27960,28650,139500,33750,-1,25100
2016-06-08,2027.08,-1,28120,28550,139500,34650,-1,25500
2016-06-09,2024.17,-1,28600,29000,139000,35500,-1,26150
2016-06-10,2017.63,-1,28120,29000,139000,35000,-1,25600
2016-06-11,-1.0,-1,-1,-1,-1,-1,-1,-1
2016-06-12,-1.0,-1,-1,-1,-1,-1,-1,-1
2016-06-13,1979.06,-1,27420,28350,135500,34200,-1,24750
2016-06-14,1972.03,-1,27600,29050,138500,34150,-1,24150
2016-06-15,1968.83,-1,28260,29950,135500,33100,-1,23400
2016-06-16,1951.99,-1,28180,29650,134500,33250,-1,23450
2016-06-17,1953.4,-1,28520,29000,134500,33250,-1,23300
2016-06-18,-1.0,-1,-1,-1,-1,-1,-1,-1
2016-06-19,-1.0,-1,-1,-1,-1,-1,-1,-1
2016-06-20,1981.12,-1,28620,30050,136500,34300,-1,24550
2016-06-21,1982.7,-1,28960,29800,138000,33600,-1,24100
2016-06-22,1992.58,-1,28900,30950,140000,34100,-1,25000
2016-06-23,1986.71,-1,28600,31750,141000,34450,-1,25200
2016-06-24,1925.24,-1,28000,31800,139500,33150,-1,23350
2016-06-25,-1.0,-1,-1,-1,-1,-1,-1,-1
2016-06-26,-1.0,-1,-1,-1,-1,-1,-1,-1
2016-06-27,1926.85,-1,27960,32050,141500,32350,-1,23200
2016-06-28,1936.22,-1,27980,31150,139000,32300,-1,23200
2016-06-29,1956.36,-1,27920,31800,139000,32700,-1,23700
2016-06-30,1970.35,-1,28500,32400,135500,32600,-1,23250
2016-07-01,1987.32,-1,29320,32150,137000,32850,-1,23400
2016-07-02,-1.0,-1,-1,-1,-1,-1,-1,-1
2016-07-03,-1.0,-1,-1,-1,-1,-1,-1,-1
2016-07-04,1995.3,-1,29320,32750,137000,32600,-1,23700
2016-07-05,1989.85,-1,29380,31850,135000,32600,-1,23150
2016-07-06,1953.12,-1,28420,30600,130000,31850,-1,22450
2016-07-07,1974.08,-1,29000,30650,131000,32200,-1,22950
2016-07-08,1963.1,-1,29200,31050,130500,31800,-1,22450
2016-07-09,-1.0,-1,-1,-1,-1,-1,-1,-1
2016-07-10,-1.0,-1,-1,-1,-1,-1,-1,-1
2016-07-11,1988.54,-1,29780,32000,131000,32150,-1,22700
2016-07-12,1991.23,-1,29280,32000,132000,33000,-1,23450
2016-07-13,2005.55,-1,29620,32650,135500,33400,-1,23750
2016-07-14,2008.77,-1,30000,33050,131500,33350,-1,23500
2016-07-15,2017.26,-1,30360,32700,133000,34150,-1,24300
2016-07-16,-1.0,-1,-1,-1,-1,-1,-1,-1
2016-07-17,-1.0,-1,-1,-1,-1,-1,-1,-1
2016-07-18,2021.11,-1,30660,32750,132000,34100,-1,24550
2016-07-19,2016.89,-1,30660,32450,130000,34550,-1,24700
2016-07-20,2015.46,-1,30800,32100,129500,34100,-1,24550
2016-07-21,2012.22,-1,30860,32150,130000,34350,-1,24850
2016-07-22,2010.34,-1,30320,32000,129000,35300,-1,25200
2016-07-23,-1.0,-1,-1,-1,-1,-1,-1,-1
2016-07-24,-1.0,-1,-1,-1,-1,-1,-1,-1
2016-07-25,2012.32,-1,30040,32500,135500,36750,-1,27600
2016-07-26,2027.34,-1,30600,32050,136000,36550,-1,27850
2016-07-27,2025.05,-1,30540,33450,137000,36350,-1,28300
2016-07-28,2021.1,-1,30140,33550,136000,35800,-1,28050
2016-07-29,2016.19,-1,30780,34400,132000,35200,-1,27550
2016-07-30,-1.0,-1,-1,-1,-1,-1,-1,-1
2016-07-31,-1.0,-1,-1,-1,-1,-1,-1,-1
2016-08-01,2029.61,-1,31360,34850,135500,35650,-1,27650
2016-08-02,2019.03,-1,30960,33750,134000,35200,-1,27250
2016-08-03,1994.79,-1,30340,33550,132000,35300,-1,26450
2016-08-04,2000.03,-1,30340,33650,130500,35500,-1,26500
2016-08-05,2017.94,-1,31220,34800,133000,36200,-1,27000
2016-08-06,-1.0,-1,-1,-1,-1,-1,-1,-1
2016-08-07,-1.0,-1,-1,-1,-1,-1,-1,-1
2016-08-08,2031.12,-1,31380,34950,133000,37400,-1,28000
2016-08-09,2043.78,-1,31340,35050,136500,38000,-1,28800
2016-08-10,2044.64,-1,30820,33800,134000,37900,-1,29050
2016-08-11,2048.8,-1,31180,34800,134500,37650,-1,28150
2016-08-12,2050.47,-1,30900,34350,136000,37700,-1,28400
2016-08-13,-1.0,-1,-1,-1,-1,-1,-1,-1
2016-08-14,-1.0,-1,-1,-1,-1,-1,-1,-1
2016-08-15,-1.0,-1,-1,-1,-1,-1,-1,-1
2016-08-16,2047.76,-1,31360,33700,133000,37600,-1,28450
2016-08-17,2043.75,-1,31320,33550,135000,37400,-1,28000
2016-08-18,2055.47,-1,32800,34150,132500,37200,-1,28150
2016-08-19,2056.24,-1,33500,35400,132500,37200,-1,28000
2016-08-20,-1.0,-1,-1,-1,-1,-1,-1,-1
2016-08-21,-1.0,-1,-1,-1,-1,-1,-1,-1
2016-08-22,2042.16,-1,33300,36000,132000,37100,-1,28000
2016-08-23,2049.93,-1,33740,35600,132500,37300,-1,28600
2016-08-24,2043.76,-1,33060,35750,135500,36850,-1,28400
2016-08-25,2042.92,-1,32780,35700,136500,38100,-1,29000
2016-08-26,2037.5,-1,32240,36250,135500,37350,-1,28500
2016-08-27,-1.0,-1,-1,-1,-1,-1,-1,-1
2016-08-28,-1.0,-1,-1,-1,-1,-1,-1,-1
2016-08-29,2032.35,-1,32800,36250,134000,38400,-1,29350
2016-08-30,2039.74,-1,32900,36300,132500,38750,-1,29350
2016-08-31,2034.65,-1,32400,36450,133000,38900,-1,29300
2016-09-01,2032.72,-1,31740,36100,131500,39550,-1,29700
2016-09-02,2038.31,-1,31940,36650,135000,39000,-1,28600
2016-09-03,-1.0,-1,-1,-1,-1,-1,-1,-1
2016-09-04,-1.0,-1,-1,-1,-1,-1,-1,-1
2016-09-05,2060.08,-1,32120,37500,139000,39750,-1,29000
2016-09-06,2066.53,-1,32860,38000,139500,39500,-1,29050
2016-09-07,2061.88,-1,32420,37900,139000,39900,-1,29500
2016-09-08,2063.73,-1,32780,38700,139000,39400,-1,29200
2016-09-09,2037.87,-1,31500,38950,139500,39750,-1,29450
2016-09-10,-1.0,-1,-1,-1,-1,-1,-1,-1
2016-09-11,-1.0,-1,-1,-1,-1,-1,-1,-1
2016-09-12,1991.48,-1,29300,37000,138500,39300,-1,29350
2016-09-13,1999.36,-1,30540,37800,138500,38350,-1,28400
2016-09-14,-1.0,-1,-1,-1,-1,-1,-1,-1
2016-09-15,-1.0,-1,-1,-1,-1,-1,-1,-1
2016-09-16,-1.0,-1,-1,-1,-1,-1,-1,-1
2016-09-17,-1.0,-1,-1,-1,-1,-1,-1,-1
2016-09-18,-1.0,-1,-1,-1,-1,-1,-1,-1
2016-09-19,2015.78,-1,31160,39200,137000,38400,-1,28700
2016-09-20,2025.71,-1,31700,39250,138500,38500,-1,29000
2016-09-21,2035.99,-1,31840,39150,138000,38900,-1,29100
2016-09-22,2049.7,-1,32360,39400,138000,38550,-1,28850
2016-09-23,2054.07,-1,31420,39350,142000,38950,-1,29000
2016-09-24,-1.0,-1,-1,-1,-1,-1,-1,-1
2016-09-25,-1.0,-1,-1,-1,-1,-1,-1,-1
2016-09-26,2047.11,-1,31360,39500,140500,38650,-1,28900
2016-09-27,2062.82,-1,31380,41150,141500,38650,-1,29000
2016-09-28,2053.06,-1,31340,41200,138500,38250,-1,28650
2016-09-29,2068.72,-1,32000,40200,139500,38000,-1,28400
2016-09-30,2043.63,-1,31960,40200,135500,37850,-1,27850
2016-10-01,-1.0,-1,-1,-1,-1,-1,-1,-1
2016-10-02,-1.0,-1,-1,-1,-1,-1,-1,-1
2016-10-03,-1.0,-1,-1,-1,-1,-1,-1,-1
2016-10-04,2054.86,-1,32280,41800,139000,38400,-1,28850
2016-10-05,2053.0,-1,32380,42600,140000,38100,-1,28800
2016-10-06,2065.3,-1,33820,42550,139000,38750,-1,28700
2016-10-07,2053.8,-1,34120,42200,136500,38400,-1,28700
2016-10-08,-1.0,-1,-1,-1,-1,-1,-1,-1
2016-10-09,-1.0,-1,-1,-1,-1,-1,-1,-1
2016-10-10,2056.82,-1,33600,41300,133500,39200,-1,29700
2016-10-11,2031.93,-1,30900,41300,134500,40000,-1,30650
2016-10-12,2033.73,-1,30700,41250,136500,39500,-1,30850
2016-10-13,2015.44,-1,31140,40950,134000,38950,-1,30000
2016-10-14,2022.66,-1,31540,41550,133000,39150,-1,30300
2016-10-15,-1.0,-1,-1,-1,-1,-1,-1,-1
2016-10-16,-1.0,-1,-1,-1,-1,-1,-1,-1
2016-10-17,2027.61,-1,31800,42300,133000,39800,-1,31300
2016-10-18,2040.43,-1,31780,41650,134500,41200,-1,31900
2016-10-19,2040.94,-1,32500,40050,133000,41100,-1,31800
2016-10-20,2040.6,-1,32400,40050,132000,41700,-1,31900
2016-10-21,2033.0,-1,31780,40950,133500,42400,-1,32000
2016-10-22,-1.0,-1,-1,-1,-1,-1,-1,-1
2016-10-23,-1.0,-1,-1,-1,-1,-1,-1,-1
2016-10-24,2047.74,-1,32160,40150,134500,43350,-1,32900
2016-10-25,2037.17,-1,31940,41050,138000,43900,-1,33100
2016-10-26,2013.89,-1,31340,42900,137500,42950,-1,32150
2016-10-27,2024.12,-1,31460,43000,138000,42800,-1,32150
2016-10-28,2019.42,-1,32280,42450,140500,41950,-1,32200
2016-10-29,-1.0,-1,-1,-1,-1,-1,-1,-1
2016-10-30,-1.0,-1,-1,-1,-1,-1,-1,-1
2016-10-31,2008.19,-1,32780,41000,140000,42300,-1,32800
2016-11-01,2007.39,-1,33040,42000,141500,41950,-1,32450
2016-11-02,1978.94,-1,32860,41000,139500,41000,-1,32400
2016-11-03,1983.8,-1,32320,41150,136500,41000,-1,32600
2016-11-04,1982.02,-1,32540,41200,136000,40400,-1,32600
2016-11-05,-1.0,-1,-1,-1,-1,-1,-1,-1
2016-11-06,-1.0,-1,-1,-1,-1,-1,-1,-1
2016-11-07,1997.58,-1,32800,41500,137000,40850,-1,32700
2016-11-08,2003.38,-1,32880,41500,138500,40650,-1,32700
2016-11-09,1958.38,-1,31920,39650,134000,40650,-1,32300
2016-11-10,2002.6,-1,32980,41000,129000,41950,-1,34500
2016-11-11,1984.43,-1,31960,39850,131500,42500,-1,34350
2016-11-12,-1.0,-1,-1,-1,-1,-1,-1,-1
2016-11-13,-1.0,-1,-1,-1,-1,-1,-1,-1
2016-11-14,1974.4,-1,31060,39700,132000,41900,-1,34050
2016-11-15,1967.53,-1,30780,39700,130500,41900,-1,34100
2016-11-16,1979.65,-1,31160,40850,131000,41200,-1,33500
2016-11-17,1980.55,-1,31360,41900,132000,40500,-1,32600
2016-11-18,1974.58,-1,31720,42000,129500,40800,-1,33050
2016-11-19,-1.0,-1,-1,-1,-1,-1,-1,-1
2016-11-20,-1.0,-1,-1,-1,-1,-1,-1,-1
2016-11-21,1966.05,-1,31860,40750,133500,40350,-1,32450
2016-11-22,1983.47,-1,32800,42700,133500,40750,-1,32500
2016-11-23,1987.95,-1,32980,43050,134000,41850,-1,33000
2016-11-24,1971.26,-1,33000,42650,135000,41800,-1,32900
2016-11-25,1974.46,-1,33000,42600,136000,41950,-1,33000
2016-11-26,-1.0,-1,-1,-1,-1,-1,-1,-1
2016-11-27,-1.0,-1,-1,-1,-1,-1,-1,-1
2016-11-28,1978.13,-1,33540,42600,135000,41950,-1,32250
2016-11-29,1978.39,-1,33540,42400,134500,42050,-1,32050
2016-11-30,1983.48,-1,34920,42900,133000,42100,-1,32150
2016-12-01,1983.75,-1,34980,44200,132000,41850,-1,32300
2016-12-02,1970.61,-1,34540,44400,133500,42000,-1,32700
2016-12-03,-1.0,-1,-1,-1,-1,-1,-1,-1
2016-12-04,-1.0,-1,-1,-1,-1,-1,-1,-1
2016-12-05,1963.36,-1,34360,44400,134000,41400,-1,32750
2016-12-06,1989.86,-1,34960,45200,136500,40850,-1,32700
2016-12-07,1991.89,-1,35440,45250,136500,41850,-1,33300
2016-12-08,2031.07,-1,35800,46250,142000,44400,-1,34000
2016-12-09,2024.69,-1,35600,45500,144000,43400,-1,33650
2016-12-10,-1.0,-1,-1,-1,-1,-1,-1,-1
2016-12-11,-1.0,-1,-1,-1,-1,-1,-1,-1
2016-12-12,2027.24,-1,35040,45300,144500,43700,-1,33900
2016-12-13,2035.98,-1,35320,44950,145000,43100,-1,33900
2016-12-14,2036.87,-1,35540,45850,143500,43050,-1,33500
2016-12-15,2036.65,-1,35180,45600,142000,42650,-1,33750
2016-12-16,2042.24,-1,35860,46400,139500,44100,-1,34000
2016-12-17,-1.0,-1,-1,-1,-1,-1,-1,-1
2016-12-18,-1.0,-1,-1,-1,-1,-1,-1,-1
2016-12-19,2038.39,-1,35900,45150,142000,44250,-1,33950
2016-12-20,2041.94,-1,36240,45150,143500,44000,-1,33800
2016-12-21,2037.96,-1,36100,45000,143500,44000,-1,33700
2016-12-22,2035.73,-1,36180,45500,142000,44000,-1,33500
2016-12-23,2035.9,-1,35640,46300,144000,43550,-1,32950
2016-12-24,-1.0,-1,-1,-1,-1,-1,-1,-1
2016-12-25,-1.0,-1,-1,-1,-1,-1,-1,-1
2016-12-26,2037.75,-1,35960,45650,144500,43600,-1,32600
2016-12-27,2042.17,-1,35980,45650,144500,43400,-1,32600
2016-12-28,2024.49,-1,35760,45350,143500,43300,-1,31900
2016-12-29,2026.46,-1,36040,44700,146000,42800,-1,31250
2016-12-30,-1.0,-1,-1,-1,-1,-1,-1,-1
2016-12-31,-1.0,-1,-1,-1,-1,-1,-1,-1
2017-01-01,-1.0,-1,-1,-1,-1,-1,-1,-1
2017-01-02,2026.16,-1,36100,45800,150000,42600,-1,30900
2017-01-03,2043.97,-1,36480,47250,153000,43700,-1,31450
2017-01-04,2045.64,-1,36160,46500,154000,44150,-1,32000
2017-01-05,2041.95,-1,35560,46950,153500,42800,-1,31600
2017-01-06,2049.12,-1,36200,48000,151000,42650,-1,31900
2017-01-07,-1.0,-1,-1,-1,-1,-1,-1,-1
2017-01-08,-1.0,-1,-1,-1,-1,-1,-1,-1
2017-01-09,2048.78,-1,37220,49550,150500,42400,-1,32000
2017-01-10,2045.12,-1,37240,49750,152000,43250,-1,31450
2017-01-11,2075.17,-1,38280,51600,148500,43350,-1,32100
2017-01-12,2087.14,-1,38800,50600,148000,44100,-1,32600
2017-01-13,2076.79,-1,37460,50300,149000,43850,-1,32400
2017-01-14,-1.0,-1,-1,-1,-1,-1,-1,-1
2017-01-15,-1.0,-1,-1,-1,-1,-1,-1,-1
2017-01-16,2064.17,-1,36660,49300,150500,45150,-1,33050
2017-01-17,2071.87,-1,36960,49300,153500,45850,-1,33600
2017-01-18,2070.54,-1,36940,48850,154000,45800,-1,33800
2017-01-19,2072.79,-1,37480,49600,152000,45550,-1,33250
2017-01-20,2065.61,-1,37200,49150,153000,45400,-1,33300
2017-01-21,-1.0,-1,-1,-1,-1,-1,-1,-1
2017-01-22,-1.0,-1,-1,-1,-1,-1,-1,-1
2017-01-23,2065.99,-1,38060,50800,149000,44750,-1,33000
2017-01-24,2065.76,-1,38160,51600,146500,45100,-1,33000
2017-01-25,2066.94,-1,39400,51700,142000,46300,-1,33950
2017-01-26,2083.59,-1,39900,53300,142500,47200,-1,34750
2017-01-27,-1.0,-1,-1,-1,-1,-1,-1,-1
2017-01-28,-1.0,-1,-1,-1,-1,-1,-1,-1
2017-01-29,-1.0,-1,-1,-1,-1,-1,-1,-1
2017-01-30,-1.0,-1,-1,-1,-1,-1,-1,-1
2017-01-31,2067.57,-1,39460,53700,139500,47000,-1,34450
2017-02-01,2080.48,-1,39120,54000,139500,47800,-1,35350
2017-02-02,2071.01,-1,39360,52800,136000,47350,-1,35700
2017-02-03,2073.16,-1,39460,53700,137500,47550,-1,36000
2017-02-04,-1.0,-1,-1,-1,-1,-1,-1,-1
2017-02-05,-1.0,-1,-1,-1,-1,-1,-1,-1
2017-02-06,2077.66,-1,39560,53700,136500,47900,-1,36400
2017-02-07,2075.21,-1,38820,53300,139000,47950,-1,36300
2017-02-08,2065.08,-1,38400,54600,139000,47250,-1,36300
2017-02-09,2065.88,-1,38400,52700,140000,47600,-1,35850
2017-02-10,2075.08,-1,38360,50000,141000,47800,-1,36250
2017-02-11,-1.0,-1,-1,-1,-1,-1,-1,-1
2017-02-12,-1.0,-1,-1,-1,-1,-1,-1,-1
2017-02-13,2078.65,-1,37960,50700,139500,47950,-1,36000
2017-02-14,2074.57,-1,37580,48450,140000,48000,-1,36000
2017-02-15,2083.86,-1,37720,47900,145500,46950,-1,36000
2017-02-16,2081.84,-1,38020,49600,150500,46950,-1,35750
2017-02-17,2080.58,-1,37860,50400,150500,47300,-1,36400
2017-02-18,-1.0,-1,-1,-1,-1,-1,-1,-1
2017-02-19,-1.0,-1,-1,-1,-1,-1,-1,-1
2017-02-20,2084.39,-1,38660,49900,150000,47350,-1,36300
2017-02-21,2102.93,-1,38940,50900,151000,47550,-1,36500
2017-02-22,2106.61,-1,39300,50600,149500,47200,-1,36250
2017-02-23,2107.63,-1,39180,50200,146000,47650,-1,36250
2017-02-24,2094.12,-1,38220,47500,148000,47700,-1,36200
2017-02-25,-1.0,-1,-1,-1,-1,-1,-1,-1
2017-02-26,-1.0,-1,-1,-1,-1,-1,-1,-1
2017-02-27,2085.52,-1,38060,46000,148500,45850,-1,34550
2017-02-28,2091.64,-1,38440,46700,149500,46900,-1,35250
2017-03-01,-1.0,-1,-1,-1,-1,-1,-1,-1
2017-03-02,2102.65,-1,39720,47700,148500,48050,-1,36700
2017-03-03,2078.75,-1,39620,47100,142000,47400,-1,36300
2017-03-04,-1.0,-1,-1,-1,-1,-1,-1,-1
2017-03-05,-1.0,-1,-1,-1,-1,-1,-1,-1
2017-03-06,2081.36,-1,40080,49350,145000,47500,-1,35650
2017-03-07,2094.05,-1,40200,48800,144000,47950,-1,36000
2017-03-08,2095.41,-1,40200,48000,144500,48900,-1,37200
2017-03-09,2091.06,-1,40200,48000,145000,49000,-1,36750
2017-03-10,2097.35,-1,40180,49200,146000,49000,-1,37350
2017-03-11,-1.0,-1,-1,-1,-1,-1,-1,-1
2017-03-12,-1.0,-1,-1,-1,-1,-1,-1,-1
2017-03-13,2117.59,-1,40600,51000,146000,50700,-1,39250
2017-03-14,2133.78,-1,41360,50300,149000,51600,-1,40100
2017-03-15,2133.0,-1,41400,48800,149500,51400,-1,40100
2017-03-16,2150.08,-1,41840,49150,151500,51700,-1,39650
2017-03-17,2164.58,-1,42400,46750,151500,51900,-1,40100
2017-03-18,-1.0,-1,-1,-1,-1,-1,-1,-1
2017-03-19,-1.0,-1,-1,-1,-1,-1,-1,-1
2017-03-20,2157.01,-1,41900,47600,156500,50900,-1,39850
2017-03-21,2178.38,-1,42560,47550,170000,50600,-1,39050
2017-03-22,2168.3,-1,42460,48650,170000,49700,-1,37700
2017-03-23,2172.72,-1,41800,48450,165000,50300,-1,39100
2017-03-24,2168.95,-1,41500,49500,164000,50200,-1,39100
2017-03-25,-1.0,-1,-1,-1,-1,-1,-1,-1
2017-03-26,-1.0,-1,-1,-1,-1,-1,-1,-1
2017-03-27,2155.66,-1,41200,50700,162000,49200,-1,38050
2017-03-28,2163.31,-1,41480,50800,160000,49400,-1,37600
2017-03-29,2166.98,-1,41780,51300,156000,49900,-1,37450
2017-03-30,2164.64,-1,41980,50900,158500,49350,-1,37500
2017-03-31,2160.23,-1,41200,50500,157500,49000,-1,36950
2017-04-01,-1.0,-1,-1,-1,-1,-1,-1,-1
2017-04-02,-1.0,-1,-1,-1,-1,-1,-1,-1
2017-04-03,2167.51,-1,41440,51800,156500,49200,-1,37250
2017-04-04,2161.1,-1,42080,51000,152000,48650,-1,36600
2017-04-05,2160.85,-1,42140,50300,150000,49000,-1,37650
2017-04-06,2152.75,-1,41840,49400,148000,48700,-1,37350
2017-04-07,2151.73,-1,41600,49800,144500,48600,-1,37000
2017-04-08,-1.0,-1,-1,-1,-1,-1,-1,-1
2017-04-09,-1.0,-1,-1,-1,-1,-1,-1,-1
2017-04-10,2133.32,-1,41940,49000,146000,47500,-1,35750
2017-04-11,2123.85,-1,41600,48850,142500,47400,-1,35750
2017-04-12,2128.91,-1,41900,49000,141500,47000,-1,35550
2017-04-13,2148.61,-1,42420,49750,142500,48550,-1,36900
2017-04-14,2134.88,-1,42020,49800,142500,48250,-1,36950
2017-04-15,-1.0,-1,-1,-1,-1,-1,-1,-1
2017-04-16,-1.0,-1,-1,-1,-1,-1,-1,-1
2017-04-17,2145.76,-1,41560,49200,144000,50400,-1,37400
2017-04-18,2148.46,-1,41500,50200,141000,49850,-1,37500
2017-04-19,2138.4,-1,40900,49850,137000,50100,-1,37050
2017-04-20,2149.15,-1,40280,51400,141500,50000,-1,36250
2017-04-21,2165.04,-1,40760,52000,141500,50600,-1,37200
2017-04-22,-1.0,-1,-1,-1,-1,-1,-1,-1
2017-04-23,-1.0,-1,-1,-1,-1,-1,-1,-1
2017-04-24,2173.74,-1,41240,52400,141500,51200,-1,39900
2017-04-25,2196.85,-1,42700,52400,144500,52000,-1,39900
2017-04-26,2207.84,-1,42800,53700,151000,51400,-1,39850
2017-04-27,2209.46,-1,43840,53600,147000,51100,-1,39950
2017-04-28,2205.44,-1,44620,54000,144000,50100,-1,39200
2017-04-29,-1.0,-1,-1,-1,-1,-1,-1,-1
2017-04-30,-1.0,-1,-1,-1,-1,-1,-1,-1
2017-05-01,-1.0,-1,-1,-1,-1,-1,-1,-1
2017-05-02,2219.67,-1,44900,55400,151000,51300,-1,40000
2017-05-03,-1.0,-1,-1,-1,-1,-1,-1,-1
2017-05-04,2241.24,-1,45520,55900,152000,51900,-1,40200
2017-05-05,-1.0,-1,-1,-1,-1,-1,-1,-1
2017-05-06,-1.0,-1,-1,-1,-1,-1,-1,-1
2017-05-07,-1.0,-1,-1,-1,-1,-1,-1,-1
2017-05-08,2292.76,-1,47020,56900,158000,53500,-1,41700
2017-05-09,-1.0,-1,-1,-1,-1,-1,-1,-1
2017-05-10,2270.12,-1,45600,55600,156500,53000,-1,41150
2017-05-11,2296.37,-1,45500,56400,157500,53900,-1,43000
2017-05-12,2286.02,-1,45820,55300,155000,52900,-1,42150
2017-05-13,-1.0,-1,-1,-1,-1,-1,-1,-1
2017-05-14,-1.0,-1,-1,-1,-1,-1,-1,-1
2017-05-15,2290.65,-1,46100,55600,154000,54000,-1,42650
2017-05-16,2295.33,-1,46380,55300,157500,54000,-1,42200
2017-05-17,2293.08,-1,46340,54700,158500,53400,-1,41800
2017-05-18,2286.82,-1,45940,55700,165000,52900,-1,41850
2017-05-19,2288.48,-1,44720,54200,170000,52900,-1,41400
2017-05-20,-1.0,-1,-1,-1,-1,-1,-1,-1
2017-05-21,-1.0,-1,-1,-1,-1,-1,-1,-1
2017-05-22,2304.03,-1,45100,56000,170000,52900,-1,41950
2017-05-23,2311.74,-1,44920,55100,170000,53900,-1,42550
2017-05-24,2317.34,-1,44880,55800,164000,53200,-1,41550
2017-05-25,2342.93,-1,45680,55800,165000,53800,-1,41400
2017-05-26,2355.3,-1,46080,57100,163500,54500,-1,42200
2017-05-27,-1.0,-1,-1,-1,-1,-1,-1,-1
2017-05-28,-1.0,-1,-1,-1,-1,-1,-1,-1
2017-05-29,2352.97,-1,45620,57900,162000,54000,-1,42150
2017-05-30,2343.68,-1,44640,57400,164000,53700,-1,41750
2017-05-31,2347.38,-1,44700,57000,163000,53600,-1,41050
2017-06-01,2344.61,-1,44680,56400,165500,52600,-1,41200
2017-06-02,2371.72,-1,45960,57100,163000,53900,-1,42750
2017-06-03,-1.0,-1,-1,-1,-1,-1,-1,-1
2017-06-04,-1.0,-1,-1,-1,-1,-1,-1,-1
2017-06-05,2368.62,-1,45940,56100,161500,55000,-1,42700
2017-06-06,-1.0,-1,-1,-1,-1,-1,-1,-1
2017-06-07,2360.14,-1,45300,56500,159000,55400,-1,42300
2017-06-08,2363.57,-1,45160,56700,160000,55700,-1,42150
2017-06-09,2381.69,-1,46100,58300,160000,55900,-1,42650
2017-06-10,-1.0,-1,-1,-1,-1,-1,-1,-1
2017-06-11,-1.0,-1,-1,-1,-1,-1,-1,-1
2017-06-12,2357.87,-1,45380,57500,162500,56300,-1,43750
2017-06-13,2374.7,-1,45400,58800,164500,55600,-1,43150
2017-06-14,2372.64,-1,45360,59300,169000,55700,-1,43050
2017-06-15,2361.65,-1,45680,60600,163000,54900,-1,42500
2017-06-16,2361.83,-1,45580,60500,165000,55500,-1,42100
2017-06-17,-1.0,-1,-1,-1,-1,-1,-1,-1
2017-06-18,-1.0,-1,-1,-1,-1,-1,-1,-1
2017-06-19,2370.9,-1,46560,62800,167000,55600,-1,42550
2017-06-20,2369.23,-1,48140,64000,166500,55400,-1,42550
2017-06-21,2357.53,-1,47480,64800,160500,54200,-1,41750
2017-06-22,2370.37,-1,47960,65000,161500,55000,-1,42150
2017-06-23,2378.6,-1,47620,65000,164000,55200,-1,42800
2017-06-24,-1.0,-1,-1,-1,-1,-1,-1,-1
2017-06-25,-1.0,-1,-1,-1,-1,-1,-1,-1
2017-06-26,2388.66,-1,48280,67500,164000,54900,-1,42450
2017-06-27,2391.95,-1,48300,69200,160500,54900,-1,42000
2017-06-28,2382.56,-1,47700,67200,160000,56300,-1,44450
2017-06-29,2395.66,-1,47940,68500,161000,57800,-1,45300
2017-06-30,2391.79,-1,47540,67400,159500,57700,-1,45250
2017-10-01,-1.0,-1,-1,-1,-1,-1,-1,-1
2017-10-02,-1.0,-1,-1,-1,-1,-1,-1,-1
2017-10-03,-1.0,-1,-1,-1,-1,-1,-1,-1
2017-10-04,-1.0,-1,-1,-1,-1,-1,-1,-1
2017-10-05,-1.0,-1,-1,-1,-1,-1,-1,-1
2017-10-06,-1.0,-1,-1,-1,-1,-1,-1,-1
2017-10-07,-1.0,-1,-1,-1,-1,-1,-1,-1
2017-10-08,-1.0,-1,-1,-1,-1,-1,-1,-1
2017-10-09,-1.0,-1,-1,-1,-1,-1,-1,-1
2017-10-10,2433.81,-1,52800,88700,151000,57900,-1,49500
2017-10-11,2458.16,-1,54640,89100,155000,57700,-1,48700
2017-10-12,2474.76,-1,54800,88500,156500,58600,-1,49500
2017-10-13,2473.62,-1,54000,86100,154500,58000,-1,48700
2017-10-14,-1.0,-1,-1,-1,-1,-1,-1,-1
2017-10-15,-1.0,-1,-1,-1,-1,-1,-1,-1
2017-10-16,2480.05,-1,53920,84200,153000,57100,-1,47450
2017-10-17,2484.37,-1,54800,83500,149500,57300,-1,47150
2017-10-18,2482.91,-1,54760,80900,150500,57000,-1,46750
2017-10-19,2473.06,-1,52980,79000,151500,57300,-1,47400
2017-10-20,2489.54,-1,53840,81200,151500,57100,-1,47300
2017-10-21,-1.0,-1,-1,-1,-1,-1,-1,-1
2017-10-22,-1.0,-1,-1,-1,-1,-1,-1,-1
2017-10-23,2490.05,-1,54300,84700,151500,57400,-1,46900
2017-10-24,2490.49,-1,54040,81800,151000,57700,-1,48750
2017-10-25,2492.5,-1,53900,81700,148500,59100,-1,50000
2017-10-26,2480.63,-1,52400,78700,159500,58800,-1,48800
2017-10-27,2496.63,-1,53080,78400,158500,58900,-1,48250
2017-10-28,-1.0,-1,-1,-1,-1,-1,-1,-1
2017-10-29,-1.0,-1,-1,-1,-1,-1,-1,-1
2017-10-30,2501.93,-1,54040,79800,156000,59200,-1,49050
2017-10-31,2523.43,-1,55080,82200,161000,58400,-1,47950
2017-11-01,2556.47,-1,57220,85300,160500,59000,-1,47900
2017-11-02,2546.36,-1,57060,83400,160000,59100,-1,48200
2017-11-03,2557.97,-1,56380,84400,161500,59900,-1,48550
2017-11-04,-1.0,-1,-1,-1,-1,-1,-1,-1
2017-11-05,-1.0,-1,-1,-1,-1,-1,-1,-1
2017-11-06,2549.41,-1,56380,83500,158500,57800,-1,47000
2017-11-07,2545.44,-1,56100,82400,155000,57900,-1,46300
2017-11-08,2552.4,-1,56760,83200,155000,57400,-1,45650
2017-11-09,2550.57,-1,56340,82400,155500,57700,-1,46200
2017-11-10,2542.95,-1,56400,82000,154500,57400,-1,45850
2017-11-11,-1.0,-1,-1,-1,-1,-1,-1,-1
2017-11-12,-1.0,-1,-1,-1,-1,-1,-1,-1
2017-11-13,2530.35,-1,56380,82300,160500,56600,-1,45350
2017-11-14,2526.64,-1,55920,83400,160500,56800,-1,45700
2017-11-15,2518.25,-1,55340,82000,161500,57300,-1,45850
2017-11-16,2534.79,-1,55780,82500,159500,58000,-1,47600
2017-11-17,2533.99,-1,55820,83000,157000,56900,-1,46300
2017-11-18,-1.0,-1,-1,-1,-1,-1,-1,-1
2017-11-19,-1.0,-1,-1,-1,-1,-1,-1,-1
2017-11-20,2527.67,-1,55200,82100,156500,57100,-1,46300
2017-11-21,2530.7,-1,55280,85000,157000,55800,-1,45850
2017-11-22,2540.51,-1,55960,86800,155000,56200,-1,46550
2017-11-23,2537.15,-1,55300,84700,157000,56700,-1,46100
2017-11-24,2544.33,-1,55460,85100,159000,56700,-1,45850
2017-11-25,-1.0,-1,-1,-1,-1,-1,-1,-1
2017-11-26,-1.0,-1,-1,-1,-1,-1,-1,-1
2017-11-27,2507.81,-1,52640,83100,158500,57500,-1,46600
2017-11-28,2514.19,-1,53280,82600,157000,58300,-1,47700
2017-11-29,2512.9,-1,52600,82400,160500,59200,-1,47700
2017-11-30,2476.37,-1,50800,76800,164500,59900,-1,47450
2017-12-01,2475.41,-1,50840,77400,161500,58300,-1,45650
2017-12-02,-1.0,-1,-1,-1,-1,-1,-1,-1
2017-12-03,-1.0,-1,-1,-1,-1,-1,-1,-1
2017-12-04,2501.67,-1,51340,79100,160500,60000,-1,46700
2017-12-05,2510.12,-1,51260,77900,161500,59900,-1,46900
2017-12-06,2474.37,-1,50020,77500,162000,60200,-1,47550
2017-12-07,2461.98,-1,50740,76000,161500,59200,-1,46650
2017-12-08,2464.0,-1,52000,78700,158500,59500,-1,46950
2017-12-09,-1.0,-1,-1,-1,-1,-1,-1,-1
2017-12-10,-1.0,-1,-1,-1,-1,-1,-1,-1
2017-12-11,2471.49,-1,51780,78700,150000,59000,-1,47200
2017-12-12,2461.0,-1,52100,77800,150000,58300,-1,46300
2017-12-13,2480.55,-1,51320,76800,151500,60800,-1,48000
2017-12-14,2469.48,-1,51060,76000,150500,61400,-1,48850
2017-12-15,2482.07,-1,50620,75700,154000,62600,-1,49350
2017-12-16,-1.0,-1,-1,-1,-1,-1,-1,-1
2017-12-17,-1.0,-1,-1,-1,-1,-1,-1,-1
2017-12-18,2481.88,-1,51200,77200,154000,62300,-1,49500
2017-12-19,2478.53,-1,51560,80200,153000,62400,-1,49150
2017-12-20,2472.37,-1,50880,80100,152500,62800,-1,50500
2017-12-21,2429.83,-1,49140,77000,150000,61900,-1,50800
2017-12-22,2440.54,-1,49700,76700,153000,62300,-1,50300
2017-12-23,-1.0,-1,-1,-1,-1,-1,-1,-1
2017-12-24,-1.0,-1,-1,-1,-1,-1,-1,-1
2017-12-25,-1.0,-1,-1,-1,-1,-1,-1,-1
2017-12-26,2427.34,-1,48200,74000,154000,63800,-1,51400
2017-12-27,2436.67,-1,49360,75100,156500,63000,-1,50100
2017-12-28,2467.49,-1,50960,76500,156000,63400,-1,49800
2017-12-29,-1.0,-1,-1,-1,-1,-1,-1,-1
2017-12-30,-1.0,-1,-1,-1,-1,-1,-1,-1
2017-12-31,-1.0,-1,-1,-1,-1,-1,-1,-1
2018-01-01,-1.0,-1,-1,-1,-1,-1,-1,-1
2018-01-02,2479.65,-1,51020,76600,149500,63100,-1,50900
2018-01-03,2486.35,-1,51620,77700,150500,63100,-1,51400
2018-01-04,2466.46,-1,51080,77100,146500,63000,-1,51300
2018-01-05,2497.52,-1,52120,79300,149000,64100,-1,52300
2018-01-06,-1.0,-1,-1,-1,-1,-1,-1,-1
2018-01-07,-1.0,-1,-1,-1,-1,-1,-1,-1
2018-01-08,2513.28,-1,52020,78200,151000,66600,-1,54200
2018-01-09,2510.23,-1,50400,76900,152500,67200,-1,54600
2018-01-10,2499.75,-1,48840,72900,155500,66000,-1,54400
2018-01-11,2487.91,-1,48240,72600,155000,67700,-1,55100
2018-01-12,2496.42,-1,48200,74400,154000,67700,-1,55200
2018-01-13,-1.0,-1,-1,-1,-1,-1,-1,-1
2018-01-14,-1.0,-1,-1,-1,-1,-1,-1,-1
2018-01-15,2503.73,-1,48540,72700,155000,67600,-1,54300
2018-01-16,2521.74,-1,50000,74400,158000,65800,-1,53700
2018-01-17,2515.43,-1,49620,74100,157500,65400,-1,53700
2018-01-18,2515.81,-1,49900,75200,155000,65700,-1,54000
2018-01-19,2520.26,-1,49320,73300,162000,67100,-1,55500
2018-01-20,-1.0,-1,-1,-1,-1,-1,-1,-1
2018-01-21,-1.0,-1,-1,-1,-1,-1,-1,-1
2018-01-22,2502.11,-1,48240,71100,162500,65700,-1,53300
2018-01-23,2536.6,-1,49160,71300,161000,68600,-1,54500
2018-01-24,2538.0,-1,49340,72400,156500,67500,-1,52700
2018-01-25,2562.23,-1,50260,75800,158500,66600,-1,51900
2018-01-26,2574.76,-1,50780,75500,152500,67400,-1,51200
2018-01-27,-1.0,-1,-1,-1,-1,-1,-1,-1
2018-01-28,-1.0,-1,-1,-1,-1,-1,-1,-1
2018-01-29,2598.19,-1,51220,75300,154500,67200,-1,50900
2018-01-30,2567.74,-1,49800,73100,156000,66900,-1,51600
2018-01-31,2566.46,-1,49900,73500,162000,67300,-1,52100
2018-02-01,2568.54,-1,49820,74400,160500,66100,-1,51200
2018-02-02,2525.39,-1,47700,72200,162500,66400,-1,51400
2018-02-03,-1.0,-1,-1,-1,-1,-1,-1,-1
2018-02-04,-1.0,-1,-1,-1,-1,-1,-1,-1
2018-02-05,2491.75,-1,47920,70200,159000,67700,-1,53200
2018-02-06,2453.31,-1,47420,70200,157500,64200,-1,50300
2018-02-07,2396.56,-1,45800,71100,157500,63100,-1,49150
2018-02-08,2407.62,-1,46000,73900,161000,61400,-1,49800
2018-02-09,2363.77,-1,44700,73400,155000,61000,-1,48450
2018-02-10,-1.0,-1,-1,-1,-1,-1,-1,-1
2018-02-11,-1.0,-1,-1,-1,-1,-1,-1,-1
2018-02-12,2385.38,-1,45720,74500,154000,64300,-1,50900
2018-02-13,2395.19,-1,47540,77700,152500,64200,-1,50400
2018-02-14,2421.83,-1,49000,77600,154500,64800,-1,49600
2018-02-15,-1.0,-1,-1,-1,-1,-1,-1,-1
2018-02-16,-1.0,-1,-1,-1,-1,-1,-1,-1
2018-02-17,-1.0,-1,-1,-1,-1,-1,-1,-1
2018-02-18,-1.0,-1,-1,-1,-1,-1,-1,-1
2018-02-19,2442.82,-1,48380,76500,155000,66800,-1,50900
2018-02-20,2415.12,-1,47400,75500,153500,66700,-1,50200
2018-02-21,2429.65,-1,47280,76900,160000,65500,-1,50000
2018-02-22,2414.28,-1,46760,75900,157000,64900,-1,50200
2018-02-23,2451.52,-1,47220,77300,159000,64700,-1,51600
2018-02-24,-1.0,-1,-1,-1,-1,-1,-1,-1
2018-02-25,-1.0,-1,-1,-1,-1,-1,-1,-1
2018-02-26,2457.65,-1,47380,77500,161000,64100,-1,50700
2018-02-27,2456.14,-1,47380,78700,161000,64000,-1,50200
2018-02-28,2427.36,-1,47060,76800,161500,64000,-1,49150
2018-03-01,-1.0,-1,-1,-1,-1,-1,-1,-1
2018-03-02,2402.16,-1,46020,77400,156000,63500,-1,48800
2018-03-03,-1.0,-1,-1,-1,-1,-1,-1,-1
2018-03-04,-1.0,-1,-1,-1,-1,-1,-1,-1
2018-03-05,2375.06,-1,45200,78300,153000,62200,-1,48050
2018-03-06,2411.41,-1,47020,82400,157000,62300,-1,47850
2018-03-07,2401.82,-1,48620,82700,152500,61500,-1,46100
2018-03-08,2433.08,-1,49200,83500,154500,61800,-1,47650
2018-03-09,2459.45,-1,49740,83300,154000,62500,-1,47100
2018-03-10,-1.0,-1,-1,-1,-1,-1,-1,-1
2018-03-11,-1.0,-1,-1,-1,-1,-1,-1,-1
2018-03-12,2484.12,-1,49740,84900,153500,64000,-1,49350
2018-03-13,2494.49,-1,51660,90000,153500,62200,-1,47150
2018-03-14,2486.08,-1,51760,90700,156000,61600,-1,46400
2018-03-15,2492.38,-1,51540,89600,157500,61700,-1,46300
2018-03-16,2493.97,-1,51140,89800,157500,62700,-1,47200
2018-03-17,-1.0,-1,-1,-1,-1,-1,-1,-1
2018-03-18,-1.0,-1,-1,-1,-1,-1,-1,-1
2018-03-19,2475.03,-1,50740,89900,151500,62900,-1,48100
2018-03-20,2485.52,-1,51200,89600,152500,63600,-1,47700
2018-03-21,2484.97,-1,51060,88400,154500,63000,-1,47600
2018-03-22,2496.02,-1,51780,88600,152500,63900,-1,48950
2018-03-23,2416.76,-1,49720,83100,151500,61600,-1,47400
2018-03-24,-1.0,-1,-1,-1,-1,-1,-1,-1
2018-03-25,-1.0,-1,-1,-1,-1,-1,-1,-1
2018-03-26,2437.08,-1,50280,84000,149500,60800,-1,46400
2018-03-27,2452.06,-1,49980,81400,154000,61300,-1,46700
2018-03-28,2419.29,-1,48700,80300,151500,60100,-1,45300
2018-03-29,2436.37,-1,49040,80300,143500,61600,-1,45600
2018-03-30,2445.85,-1,49220,81300,143500,60700,-1,45750
2018-03-31,-1.0,-1,-1,-1,-1,-1,-1,-1
2018-07-01,-1.0,-1,-1,-1,-1,-1,-1,-1
2018-07-02,2271.54,-1,45550,83700,123500,52500,-1,42700
2018-07-03,2272.76,-1,46150,86100,122000,52000,-1,41350
2018-07-04,2265.46,-1,46250,85000,119500,51900,-1,41450
2018-07-05,2257.55,-1,45950,86200,121500,52700,-1,41500
2018-07-06,2272.87,-1,44900,85300,123500,54200,-1,42650
2018-07-07,-1.0,-1,-1,-1,-1,-1,-1,-1
2018-07-08,-1.0,-1,-1,-1,-1,-1,-1,-1
2018-07-09,2285.8,-1,45600,87600,124500,55200,-1,43750
2018-07-10,2294.16,-1,46300,87300,123500,54500,-1,42950
2018-07-11,2280.62,-1,46000,86800,121500,53800,-1,43250
2018-07-12,2285.06,-1,45500,85600,123000,52900,-1,42400
2018-07-13,2310.9,-1,46500,88800,122500,55300,-1,43950
2018-07-14,-1.0,-1,-1,-1,-1,-1,-1,-1
2018-07-15,-1.0,-1,-1,-1,-1,-1,-1,-1
2018-07-16,2301.99,-1,46050,89300,126000,53900,-1,43050
2018-07-17,2297.92,-1,45850,88600,126500,55400,-1,43950
2018-07-18,2290.11,-1,46550,89300,124000,55200,-1,43250
2018-07-19,2282.29,-1,46900,90300,124000,53600,-1,42400
2018-07-20,2289.19,-1,47450,87900,127000,53900,-1,42250
2018-07-21,-1.0,-1,-1,-1,-1,-1,-1,-1
2018-07-22,-1.0,-1,-1,-1,-1,-1,-1,-1
2018-07-23,2269.31,-1,46500,81700,129500,53900,-1,43650
2018-07-24,2280.2,-1,46150,83600,129500,53400,-1,44250
2018-07-25,2273.03,-1,46150,80500,130500,54400,-1,45200
2018-07-26,2289.06,-1,46900,83100,130000,53500,-1,44350
2018-07-27,2294.99,-1,46900,86100,129500,53600,-1,45400
2018-07-28,-1.0,-1,-1,-1,-1,-1,-1,-1
2018-07-29,-1.0,-1,-1,-1,-1,-1,-1,-1
2018-07-30,2293.51,-1,46500,85900,130500,53900,-1,45050
2018-07-31,2295.26,-1,46250,86300,129500,53600,-1,44900
2018-08-01,2307.07,-1,46550,85600,128500,53900,-1,45000
2018-08-02,2270.2,-1,45550,83200,125500,52500,-1,43900
2018-08-03,2287.68,-1,45750,83300,124000,52800,-1,43900
2018-08-04,-1.0,-1,-1,-1,-1,-1,-1,-1
2018-08-05,-1.0,-1,-1,-1,-1,-1,-1,-1
2018-08-06,2286.5,-1,45800,79400,124500,53100,-1,44100
2018-08-07,2300.16,-1,46700,80700,125000,52800,-1,43850
2018-08-08,2301.45,-1,46800,79800,127500,52600,-1,44450
2018-08-09,2303.71,-1,46900,78000,126000,51800,-1,43600
2018-08-10,2282.79,-1,45400,75100,126000,51700,-1,43250
2018-08-11,-1.0,-1,-1,-1,-1,-1,-1,-1
2018-08-12,-1.0,-1,-1,-1,-1,-1,-1,-1
2018-08-13,2248.45,-1,45050,75400,123500,51100,-1,42650
2018-08-14,2258.91,-1,45150,75900,123000,50400,-1,43500
2018-08-15,-1.0,-1,-1,-1,-1,-1,-1,-1
2018-08-16,2240.8,-1,44250,74700,126500,50200,-1,43200
2018-08-17,2247.05,-1,44100,74500,126500,51200,-1,43550
2018-08-18,-1.0,-1,-1,-1,-1,-1,-1,-1
2018-08-19,-1.0,-1,-1,-1,-1,-1,-1,-1
2018-08-20,2247.88,-1,43850,74700,127500,51200,-1,44150
2018-08-21,2270.06,-1,44800,78400,125500,51300,-1,43750
2018-08-22,2273.33,-1,46100,79800,126000,50900,-1,42950
2018-08-23,2282.6,-1,46200,81100,124500,50800,-1,42450
2018-08-24,2293.21,-1,46150,81800,124500,51600,-1,42650
2018-08-25,-1.0,-1,-1,-1,-1,-1,-1,-1
2018-08-26,-1.0,-1,-1,-1,-1,-1,-1,-1
2018-08-27,2299.3,-1,46300,83500,124000,52800,-1,43300
2018-08-28,2303.12,-1,46550,82400,125000,52700,-1,43900
2018-08-29,2309.03,-1,46800,82800,124000,52700,-1,43900
2018-08-30,2307.35,-1,47650,82700,123500,51400,-1,42700
2018-08-31,2322.88,-1,48450,83000,125000,51700,-1,42700
2018-09-01,-1.0,-1,-1,-1,-1,-1,-1,-1
2018-09-02,-1.0,-1,-1,-1,-1,-1,-1,-1
2018-09-03,2307.03,-1,47450,80600,125000,51300,-1,42750
2018-09-04,2315.72,-1,47650,81200,126500,51400,-1,42950
2018-09-05,2291.77,-1,46600,80000,129000,50400,-1,42400
2018-09-06,2287.61,-1,46100,78800,134000,50500,-1,41850
2018-09-07,2281.58,-1,44900,75900,133000,50700,-1,41850
2018-09-08,-1.0,-1,-1,-1,-1,-1,-1,-1
2018-09-09,-1.0,-1,-1,-1,-1,-1,-1,-1
2018-09-10,2288.66,-1,45500,76500,131000,51000,-1,41900
2018-09-11,2283.2,-1,45050,76600,128000,51100,-1,42200
2018-09-12,2282.92,-1,44550,75100,129500,51400,-1,42500
2018-09-13,2286.23,-1,44050,74500,128500,52200,-1,43800
2018-09-14,2318.25,-1,45850,77700,129500,51100,-1,43100
2018-09-15,-1.0,-1,-1,-1,-1,-1,-1,-1
2018-09-16,-1.0,-1,-1,-1,-1,-1,-1,-1
2018-09-17,2303.01,-1,45150,77200,128500,50400,-1,42650
2018-09-18,2308.98,-1,45500,78000,128000,50300,-1,42050
2018-09-19,2308.46,-1,46150,78800,126500,50400,-1,41900
2018-09-20,2323.45,-1,47250,79100,129000,51500,-1,43200
2018-09-21,2339.17,-1,47400,76700,129000,53200,-1,43750
2018-09-22,-1.0,-1,-1,-1,-1,-1,-1,-1
2018-09-23,-1.0,-1,-1,-1,-1,-1,-1,-1
2018-09-24,-1.0,-1,-1,-1,-1,-1,-1,-1
2018-09-25,-1.0,-1,-1,-1,-1,-1,-1,-1
2018-09-26,-1.0,-1,-1,-1,-1,-1,-1,-1
2018-09-27,2355.43,-1,47500,75000,130500,53700,-1,43400
2018-09-28,2343.07,-1,46450,73100,129500,54200,-1,44550
2018-09-29,-1.0,-1,-1,-1,-1,-1,-1,-1
2018-09-30,-1.0,-1,-1,-1,-1,-1,-1,-1
2018-10-01,2338.88,-1,46350,73700,129000,55600,-1,45750
2018-10-02,2309.57,-1,45700,71700,128500,54500,-1,45600
2018-10-03,-1.0,-1,-1,-1,-1,-1,-1,-1
2018-10-04,2274.49,-1,44700,70000,124500,56100,-1,46150
2018-10-05,2267.52,-1,44700,70300,124500,56200,-1,46400
2018-10-06,-1.0,-1,-1,-1,-1,-1,-1,-1
2018-10-07,-1.0,-1,-1,-1,-1,-1,-1,-1
2018-10-08,2253.83,-1,44950,71200,122000,56000,-1,46150
2018-10-09,-1.0,-1,-1,-1,-1,-1,-1,-1
2018-10-10,2228.61,-1,45300,70300,120000,55400,-1,45850
2018-10-11,2129.67,-1,43100,69000,116000,52800,-1,43200
2018-10-12,2161.85,-1,44000,72400,115500,52400,-1,42600
2018-10-13,-1.0,-1,-1,-1,-1,-1,-1,-1
2018-10-14,-1.0,-1,-1,-1,-1,-1,-1,-1
2018-10-15,2145.12,-1,43800,70300,113500,52500,-1,43100
2018-10-16,2145.12,-1,43600,69700,116500,51900,-1,43250
2018-10-17,2167.51,-1,44150,70400,118500,52500,-1,43600
2018-10-18,2148.31,-1,44050,68700,116000,51400,-1,42900
2018-10-19,2156.26,-1,43900,70800,115500,51100,-1,42900
2018-10-20,-1.0,-1,-1,-1,-1,-1,-1,-1
2018-10-21,-1.0,-1,-1,-1,-1,-1,-1,-1
2018-10-22,2161.71,-1,43550,70000,118000,52400,-1,44150
2018-10-23,2106.1,-1,43050,69100,116500,51000,-1,42950
2018-10-24,2097.58,-1,42550,66700,117000,52100,-1,43200
2018-10-25,2063.3,-1,41000,64700,110000,51300,-1,41000
2018-10-26,2027.15,-1,41000,67000,108000,51000,-1,40600
2018-10-27,-1.0,-1,-1,-1,-1,-1,-1,-1
2018-10-28,-1.0,-1,-1,-1,-1,-1,-1,-1
2018-10-29,1996.05,-1,41400,66800,106000,51600,-1,40500
2018-10-30,2014.69,-1,42350,68200,107500,48750,-1,38550
2018-10-31,2029.69,-1,42400,68200,106500,47400,-1,38300
2018-11-01,2024.46,-1,42150,68300,108500,47750,-1,38150
2018-11-02,2096.0,-1,44150,72600,110000,49050,-1,39450
2018-11-03,-1.0,-1,-1,-1,-1,-1,-1,-1
2018-11-04,-1.0,-1,-1,-1,-1,-1,-1,-1
2018-11-05,2076.92,-1,43800,70500,104000,48650,-1,38400
2018-11-06,2089.62,-1,43750,70100,107500,48550,-1,38550
2018-11-07,2078.69,-1,44000,70800,107500,48000,-1,38150
2018-11-08,2092.63,-1,44050,72900,105500,48450,-1,38250
2018-11-09,2086.09,-1,44300,72900,105000,47800,-1,38300
2018-11-10,-1.0,-1,-1,-1,-1,-1,-1,-1
2018-11-11,-1.0,-1,-1,-1,-1,-1,-1,-1
2018-11-12,2080.44,-1,45200,74500,102000,47700,-1,38300
2018-11-13,2071.23,-1,44500,71900,102500,47050,-1,38250
2018-11-14,2068.05,-1,44100,70400,101500,47100,-1,38100
2018-11-15,2088.06,-1,44250,71800,103000,47100,-1,38700
2018-11-16,2092.4,-1,44000,70100,103000,47100,-1,38700
2018-11-17,-1.0,-1,-1,-1,-1,-1,-1,-1
2018-11-18,-1.0,-1,-1,-1,-1,-1,-1,-1
2018-11-19,2100.56,-1,43650,69800,101500,46900,-1,38650
2018-11-20,2082.58,-1,42800,67500,97500,46950,-1,38600
2018-11-21,2076.55,-1,42100,68100,97800,46550,-1,38650
2018-11-22,2069.95,-1,42450,69300,92800,46900,-1,38850
2018-11-23,2057.48,-1,42400,69300,93700,46850,-1,38300
2018-11-24,-1.0,-1,-1,-1,-1,-1,-1,-1
2018-11-25,-1.0,-1,-1,-1,-1,-1,-1,-1
2018-11-26,2083.02,-1,42600,70900,95100,47600,-1,38700
2018-11-27,2099.42,-1,43050,70800,101000,48350,-1,39500
2018-11-28,2108.22,-1,43150,71900,101000,48350,-1,38750
2018-11-29,2114.1,-1,43150,71500,100000,48500,-1,38700
2018-11-30,2096.86,-1,41850,69600,107000,47200,-1,37600
2018-12-01,-1.0,-1,-1,-1,-1,-1,-1,-1
2018-12-02,-1.0,-1,-1,-1,-1,-1,-1,-1
2018-12-03,2131.93,-1,43250,70500,108500,47200,-1,37150
2018-12-04,2114.35,-1,42150,69000,107500,47950,-1,36650
2018-12-05,2101.31,-1,41450,68200,107500,48000,-1,36450
2018-12-06,2068.69,-1,40500,66000,110500,47750,-1,36400
2018-12-07,2075.76,-1,40950,66800,111000,47050,-1,36650
2018-12-08,-1.0,-1,-1,-1,-1,-1,-1,-1
2018-12-09,-1.0,-1,-1,-1,-1,-1,-1,-1
2018-12-10,2053.79,-1,40200,65500,110500,45200,-1,36350
2018-12-11,2052.97,-1,40250,64900,111500,45600,-1,35950
2018-12-12,2082.57,-1,40450,66200,118500,46800,-1,37000
2018-12-13,2095.55,-1,40000,65500,118500,47300,-1,37150
2018-12-14,2069.38,-1,38950,61800,116500,47950,-1,37250
2018-12-15,-1.0,-1,-1,-1,-1,-1,-1,-1
2018-12-16,-1.0,-1,-1,-1,-1,-1,-1,-1
2018-12-17,2071.09,-1,39150,62200,116500,48200,-1,37400
2018-12-18,2062.11,-1,38900,61100,118000,48950,-1,37950
2018-12-19,2078.84,-1,39100,60300,123000,48200,-1,37600
2018-12-20,2060.12,-1,38650,58600,121500,48850,-1,37800
2018-12-21,2061.49,-1,38650,60000,122500,48950,-1,38050
2018-12-22,-1.0,-1,-1,-1,-1,-1,-1,-1
2018-12-23,-1.0,-1,-1,-1,-1,-1,-1,-1
2018-12-24,2055.01,-1,38800,60400,123000,48750,-1,38000
2018-12-25,-1.0,-1,-1,-1,-1,-1,-1,-1
2018-12-26,2028.01,-1,38350,60100,120000,47800,-1,37300
2018-12-27,2028.44,-1,38250,61600,118500,45450,-1,35700
2018-12-28,2041.04,-1,38700,60500,118500,46500,-1,36250
2018-12-29,-1.0,-1,-1,-1,-1,-1,-1,-1
2018-12-30,-1.0,-1,-1,-1,-1,-1,-1,-1
2018-12-31,-1.0,-1,-1,-1,-1,-1,-1,-1
2019-01-01,-1.0,-1,-1,-1,-1,-1,-1,-1
2019-01-02,2010.0,-1,38750,60600,114000,45950,-1,36150
2019-01-03,1993.7,-1,37600,57700,116500,46450,-1,35550
2019-01-04,2010.25,-1,37450,58300,119500,45650,-1,35050
2019-01-05,-1.0,-1,-1,-1,-1,-1,-1,-1
2019-01-06,-1.0,-1,-1,-1,-1,-1,-1,-1
2019-01-07,2037.1,-1,38750,58700,120500,45450,-1,34850
2019-01-08,2025.27,-1,38100,59200,119500,45500,-1,34750
2019-01-09,2064.71,-1,39600,63600,123000,46450,-1,35550
2019-01-10,2063.28,-1,39800,65300,123000,45500,-1,35400
2019-01-11,2075.57,-1,40500,65100,123000,45350,-1,35650
2019-01-12,-1.0,-1,-1,-1,-1,-1,-1,-1
2019-01-13,-1.0,-1,-1,-1,-1,-1,-1,-1
2019-01-14,2064.52,-1,40050,62100,121500,44550,-1,35100
2019-01-15,2097.18,-1,41100,64000,127500,46750,-1,36800
2019-01-16,2106.1,-1,41450,64800,128500,47450,-1,37950
2019-01-17,2107.06,-1,41950,64900,129500,47600,-1,38400
2019-01-18,2124.28,-1,42300,64600,131000,46700,-1,38050
2019-01-19,-1.0,-1,-1,-1,-1,-1,-1,-1
2019-01-20,-1.0,-1,-1,-1,-1,-1,-1,-1
2019-01-21,2124.61,-1,42750,67000,127000,46100,-1,37800
2019-01-22,2117.77,-1,42150,66600,127500,45750,-1,37650
2019-01-23,2127.78,-1,42000,66800,129000,45350,-1,37500
2019-01-24,2145.03,-1,43050,70500,130000,45900,-1,38300
2019-01-25,2177.73,-1,44750,74600,128500,46300,-1,38350
2019-01-26,-1.0,-1,-1,-1,-1,-1,-1,-1
2019-01-27,-1.0,-1,-1,-1,-1,-1,-1,-1
2019-01-28,2177.3,-1,45050,71800,126500,45800,-1,38100
2019-01-29,2183.36,-1,45500,73400,128000,46100,-1,38400
2019-01-30,2206.2,-1,46400,75900,129500,46650,-1,38500
2019-01-31,2204.85,-1,46150,73900,129500,48050,-1,39950
2019-02-01,2203.46,-1,46350,75900,129500,48600,-1,40100
2019-02-02,-1.0,-1,-1,-1,-1,-1,-1,-1
2019-02-03,-1.0,-1,-1,-1,-1,-1,-1,-1
2019-02-04,-1.0,-1,-1,-1,-1,-1,-1,-1
2019-02-05,-1.0,-1,-1,-1,-1,-1,-1,-1
2019-02-06,-1.0,-1,-1,-1,-1,-1,-1,-1
2019-02-07,2203.42,-1,46200,76700,126000,48050,-1,40300
2019-02-08,2177.05,-1,44800,73500,125500,48100,-1,40350
2019-02-09,-1.0,-1,-1,-1,-1,-1,-1,-1
2019-02-10,-1.0,-1,-1,-1,-1,-1,-1,-1
2019-02-11,2180.73,-1,45000,74100,127500,46350,-1,40200
2019-02-12,2190.47,-1,46050,75900,128500,45500,-1,39750
2019-02-13,2201.48,-1,46200,76200,124500,46150,15300,40550
2019-02-14,2225.85,-1,47500,77400,121500,46200,16000,40500
2019-02-15,2196.09,-1,46050,73800,121000,46000,15650,39700
2019-02-16,-1.0,-1,-1,-1,-1,-1,-1,-1
2019-02-17,-1.0,-1,-1,-1,-1,-1,-1,-1
2019-02-18,2210.89,-1,46200,74700,120500,46100,15750,39800
2019-02-19,2205.63,-1,45950,73700,119500,46050,15550,39500
2019-02-20,2229.76,-1,46900,75700,119000,45850,15250,39600
2019-02-21,2228.66,-1,46950,76700,120000,45550,15100,39700
2019-02-22,2230.5,-1,47150,76700,121000,45650,14850,39500
2019-02-23,-1.0,-1,-1,-1,-1,-1,-1,-1
2019-02-24,-1.0,-1,-1,-1,-1,-1,-1,-1
2019-02-25,2232.56,-1,47350,75400,121000,45900,14900,39500
2019-02-26,2226.6,-1,46750,75200,122500,45200,14700,38950
2019-02-27,2234.79,-1,46750,73700,129000,44650,14800,38500
2019-02-28,2195.44,-1,45100,70000,126500,44350,14800,38850
2019-03-01,-1.0,-1,-1,-1,-1,-1,-1,-1
2019-03-02,-1.0,-1,-1,-1,-1,-1,-1,-1
2019-03-03,-1.0,-1,-1,-1,-1,-1,-1,-1
2019-03-04,2190.66,-1,44850,70100,122000,43050,14400,38150
2019-03-05,2179.23,-1,44250,69700,121500,43150,14250,38000
2019-03-06,2175.6,-1,44000,68100,124500,43000,14350,38400
2019-03-07,2165.79,-1,44450,68100,125500,43100,14200,37700
2019-03-08,2137.44,-1,43800,66700,120000,42150,14000,36800
2019-03-09,-1.0,-1,-1,-1,-1,-1,-1,-1
2019-03-10,-1.0,-1,-1,-1,-1,-1,-1,-1
2019-03-11,2138.1,-1,43650,66600,121000,42700,14150,37750
2019-03-12,2157.18,-1,44650,67700,125500,42950,14400,37950
2019-03-13,2148.41,-1,43850,66800,122500,42200,14550,37550
2019-03-14,2155.68,-1,43850,67300,119000,42650,14350,38000
2019-03-15,2176.11,-1,44200,68100,121000,43950,14850,37850
2019-03-16,-1.0,-1,-1,-1,-1,-1,-1,-1
2019-03-17,-1.0,-1,-1,-1,-1,-1,-1,-1
2019-03-18,2179.49,-1,43700,67800,124000,44100,14950,38050
2019-03-19,2177.62,-1,43900,68000,124000,43850,14900,37950
2019-03-20,2177.1,-1,44050,70500,124000,43500,15000,37850
2019-03-21,2184.88,-1,45850,75900,124500,43000,14650,37250
2019-03-22,2186.95,-1,46550,76100,123500,42500,14050,37000
2019-03-23,-1.0,-1,-1,-1,-1,-1,-1,-1
2019-03-24,-1.0,-1,-1,-1,-1,-1,-1,-1
2019-03-25,2144.86,-1,45500,72900,120000,41550,13400,36600
2019-03-26,2148.8,-1,45250,72700,118500,41400,13350,36000
2019-03-27,2145.62,-1,45350,73400,118500,41450,13500,36100
2019-03-28,2128.1,-1,44850,72300,119500,40750,13550,35900
2019-03-29,2140.67,-1,44650,74200,119500,41850,13750,36400
2019-03-30,-1.0,-1,-1,-1,-1,-1,-1,-1
2019-03-31,-1.0,-1,-1,-1,-1,-1,-1,-1
2019-04-01,2168.28,-1,45050,76600,120500,44000,14150,37550
2019-04-02,2177.18,-1,45750,76400,119000,45000,14250,39000
2019-04-03,2203.27,-1,46600,79900,124000,45250,14400,39250
2019-04-04,2206.53,-1,46950,78400,123500,45400,14450,39400
2019-04-05,2209.61,-1,46850,79000,126000,45300,14400,39500
2019-04-06,-1.0,-1,-1,-1,-1,-1,-1,-1
2019-04-07,-1.0,-1,-1,-1,-1,-1,-1,-1
2019-04-08,2210.6,-1,46650,77900,128000,45000,14300,39550
2019-04-09,2213.56,-1,46650,77800,127000,44800,14350,39200
2019-04-10,2224.39,-1,46700,78600,127500,45200,14350,39150
2019-04-11,2224.44,-1,46250,78400,128000,45200,14350,38950
2019-04-12,2233.45,-1,46850,78100,126500,45450,14300,38800
2019-04-13,-1.0,-1,-1,-1,-1,-1,-1,-1
2019-04-14,-1.0,-1,-1,-1,-1,-1,-1,-1
2019-04-15,2242.88,-1,47050,79700,125500,45700,14300,39050
2019-04-16,2248.63,-1,47250,80400,128500,46300,14200,38650
2019-04-17,2245.89,-1,47050,80200,131000,46150,14150,38500
2019-04-18,2213.77,-1,45600,79200,134000,45750,14000,38000
2019-04-19,2216.15,-1,45300,81800,134000,45350,13950,37850
2019-04-20,-1.0,-1,-1,-1,-1,-1,-1,-1
2019-04-21,-1.0,-1,-1,-1,-1,-1,-1,-1
2019-04-22,2216.65,-1,45350,80500,134000,45200,13850,37350
2019-04-23,2220.51,-1,45200,81000,136000,45900,14000,37450
2019-04-24,2201.03,-1,44750,78500,138500,45350,13850,36950
2019-04-25,2190.5,-1,44650,80200,138000,45750,14000,37300
2019-04-26,2179.31,-1,44850,78600,135500,45400,13850,36450
2019-04-27,-1.0,-1,-1,-1,-1,-1,-1,-1
2019-04-28,-1.0,-1,-1,-1,-1,-1,-1,-1
2019-04-29,2216.43,-1,46150,80000,139000,46450,14000,37350
2019-04-30,2203.59,-1,45850,79000,138500,46200,13850,36800
2019-05-01,-1.0,-1,-1,-1,-1,-1,-1,-1
2019-05-02,2212.75,-1,45900,80700,138500,46700,14200,36900
2019-05-03,2196.32,-1,45300,80400,137500,46600,13950,36500
2019-05-04,-1.0,-1,-1,-1,-1,-1,-1,-1
2019-05-05,-1.0,-1,-1,-1,-1,-1,-1,-1
2019-05-06,-1.0,-1,-1,-1,-1,-1,-1,-1
2019-05-07,2176.99,-1,44850,79900,136000,46600,14050,36900
2019-05-08,2168.01,-1,44250,80300,135500,46800,14050,37100
2019-05-09,2102.01,-1,42450,76000,131000,46100,13850,36500
2019-05-10,2108.04,-1,42900,74400,130000,46350,13800,36300
2019-05-11,-1.0,-1,-1,-1,-1,-1,-1,-1
2019-05-12,-1.0,-1,-1,-1,-1,-1,-1,-1
2019-05-13,2079.01,-1,42650,73500,129000,46200,13600,36000
2019-05-14,2081.84,-1,42650,74600,128000,46150,13700,35500
2019-05-15,2092.78,-1,42550,74500,128000,46100,13850,36550
2019-05-16,2067.69,-1,41550,71900,127500,46100,13800,36800
2019-05-17,2055.8,-1,41200,71600,125500,45700,13700,36400
2019-05-18,-1.0,-1,-1,-1,-1,-1,-1,-1
2019-05-19,-1.0,-1,-1,-1,-1,-1,-1,-1
2019-05-20,2055.71,-1,42000,70900,129000,46350,13750,36600
2019-05-21,2061.25,-1,43150,70300,127000,46400,13850,37400
2019-05-22,2064.86,-1,43500,68900,127000,46200,14050,37050
2019-05-23,2059.59,-1,43850,68000,127500,46150,13950,36750
2019-05-24,2045.31,-1,42700,67600,130500,46200,14250,37650
2019-05-25,-1.0,-1,-1,-1,-1,-1,-1,-1
2019-05-26,-1.0,-1,-1,-1,-1,-1,-1,-1
2019-05-27,2044.21,-1,42650,66900,135000,45750,14100,37300
2019-05-28,2048.83,-1,42550,65900,136500,45800,14150,37300
2019-05-29,2023.32,-1,41800,66100,134000,45150,14000,36800
2019-05-30,2038.8,-1,42550,65900,135500,44650,14100,37150
2019-05-31,2041.74,-1,42500,65300,134500,43800,13900,36300
2019-06-01,-1.0,-1,-1,-1,-1,-1,-1,-1
2019-06-02,-1.0,-1,-1,-1,-1,-1,-1,-1
2019-06-03,2067.85,-1,43800,66600,138500,44550,14000,36700
2019-06-04,2066.97,-1,43450,65100,139000,45350,14100,37100
2019-06-05,2069.11,-1,43900,65100,141000,44450,13850,37000
2019-06-06,-1.0,-1,-1,-1,-1,-1,-1,-1
2019-06-07,2072.33,-1,44200,65400,140000,44300,13750,37500
2019-06-08,-1.0,-1,-1,-1,-1,-1,-1,-1
2019-06-09,-1.0,-1,-1,-1,-1,-1,-1,-1
2019-06-10,2099.49,-1,44800,66800,143000,44900,13850,37750
2019-06-11,2111.81,-1,44850,67200,143500,44450,13900,37600
2019-06-12,2108.75,-1,44600,65700,141000,44850,14000,37550
2019-06-13,2103.15,-1,43750,63500,141000,44300,14000,37200
2019-06-14,2095.41,-1,44000,63100,140500,44300,13950,37250
2019-06-15,-1.0,-1,-1,-1,-1,-1,-1,-1
2019-06-16,-1.0,-1,-1,-1,-1,-1,-1,-1
2019-06-17,2090.73,-1,43900,63700,140000,44300,14100,37300
2019-06-18,2098.71,-1,44350,63400,141000,44700,14100,37500
2019-06-19,2124.78,-1,45350,67200,140000,45750,14400,37250
2019-06-20,2131.29,-1,45500,67300,140500,45500,14400,36500
2019-06-21,2125.62,-1,45700,65900,140500,45350,14000,36650
2019-06-22,-1.0,-1,-1,-1,-1,-1,-1,-1
2019-06-23,-1.0,-1,-1,-1,-1,-1,-1,-1
2019-06-24,2126.33,-1,45500,66900,142500,45050,14050,36950
2019-06-25,2121.64,-1,45600,66700,141500,44950,13950,36850
2019-06-26,2121.85,-1,45700,68900,141500,45400,14000,37500
2019-06-27,2134.32,-1,46500,70200,140500,45750,14100,37400
2019-06-28,2130.62,-1,47000,69500,140000,45850,14050,37400
2019-06-29,-1.0,-1,-1,-1,-1,-1,-1,-1
2019-06-30,-1.0,-1,-1,-1,-1,-1,-1,-1
2019-10-01,2072.42,-1,48850,82000,132500,42500,12300,34850
2019-10-02,2031.91,-1,47600,79500,128500,41850,11900,34300
2019-10-03,-1.0,-1,-1,-1,-1,-1,-1,-1
2019-10-04,2020.69,-1,48000,80300,126500,41650,11900,34050
2019-10-05,-1.0,-1,-1,-1,-1,-1,-1,-1
2019-10-06,-1.0,-1,-1,-1,-1,-1,-1,-1
2019-10-07,2021.73,-1,47750,80300,128000,41250,11750,34050
2019-10-08,2046.25,-1,48900,80900,129500,41700,11750,33900
2019-10-09,-1.0,-1,-1,-1,-1,-1,-1,-1
2019-10-10,2028.15,-1,48550,79000,126500,40850,11200,32700
2019-10-11,2044.61,-1,49150,80000,126000,41950,11500,33650
2019-10-12,-1.0,-1,-1,-1,-1,-1,-1,-1
2019-10-13,-1.0,-1,-1,-1,-1,-1,-1,-1
2019-10-14,2067.4,-1,50000,80500,122000,42800,11800,35000
2019-10-15,2068.17,-1,50100,81200,122000,42700,11700,35200
2019-10-16,2082.83,-1,50700,82400,123000,42700,11800,35150
2019-10-17,2077.94,-1,50500,81000,123000,42900,12100,35350
2019-10-18,2060.69,-1,49900,77400,123000,42850,12050,35150
2019-10-19,-1.0,-1,-1,-1,-1,-1,-1,-1
2019-10-20,-1.0,-1,-1,-1,-1,-1,-1,-1
2019-10-21,2064.84,-1,50300,77500,122000,43150,12150,35500
2019-10-22,2088.86,-1,51200,79100,122000,44100,12600,35950
2019-10-23,2080.62,-1,51200,77700,121000,43900,12350,35600
2019-10-24,2085.66,-1,50700,80000,122000,44000,12450,36250
2019-10-25,2087.89,-1,50900,82900,123500,42800,12400,35350
2019-10-26,-1.0,-1,-1,-1,-1,-1,-1,-1
2019-10-27,-1.0,-1,-1,-1,-1,-1,-1,-1
2019-10-28,2093.6,-1,51300,82900,121500,42900,12000,33850
2019-10-29,2092.69,-1,51100,83000,122500,42600,12100,34450
2019-10-30,2080.27,-1,50400,81500,122500,42450,11800,33800
2019-10-31,2083.48,-1,50400,82000,122000,41950,11750,33700
2019-11-01,2100.2,-1,51200,83100,124000,42300,11800,34200
2019-11-02,-1.0,-1,-1,-1,-1,-1,-1,-1
2019-11-03,-1.0,-1,-1,-1,-1,-1,-1,-1
2019-11-04,2130.24,-1,52300,84700,124000,43200,12100,34700
2019-11-05,2142.64,-1,52700,85100,125000,43950,12100,35550
2019-11-06,2144.15,-1,53300,83500,123500,43250,12100,35250
2019-11-07,2144.29,-1,52900,83600,123500,43200,12300,35350
2019-11-08,2137.23,-1,52100,82300,124000,43300,12300,36000
2019-11-09,-1.0,-1,-1,-1,-1,-1,-1,-1
2019-11-10,-1.0,-1,-1,-1,-1,-1,-1,-1
2019-11-11,2124.09,-1,51600,81300,123500,43000,12200,35900
2019-11-12,2140.92,-1,52600,83200,125500,43550,12400,36050
2019-11-13,2122.45,-1,52500,83400,124500,43400,12100,35600
2019-11-14,2139.23,-1,52800,83400,124500,43700,12000,35550
2019-11-15,2162.18,-1,53700,85200,125500,43700,12400,35900
2019-11-16,-1.0,-1,-1,-1,-1,-1,-1,-1
2019-11-17,-1.0,-1,-1,-1,-1,-1,-1,-1
2019-11-18,2160.69,-1,53500,85500,126000,44000,12250,36050
2019-11-19,2153.24,-1,53500,85300,125000,44900,12200,36400
2019-11-20,2125.32,-1,52000,82700,124500,45950,12250,36550
2019-11-21,2096.6,-1,51000,80900,124500,45650,11850,35800
2019-11-22,2101.96,-1,51600,81700,123500,46200,12050,35650
2019-11-23,-1.0,-1,-1,-1,-1,-1,-1,-1
2019-11-24,-1.0,-1,-1,-1,-1,-1,-1,-1
2019-11-25,2123.5,-1,51800,81700,125000,46050,11950,36100
2019-11-26,2121.35,-1,51800,82300,122500,45850,11850,36300
2019-11-27,2127.85,-1,52200,82700,123500,46100,11850,36350
2019-11-28,2118.6,-1,51300,82800,124000,46550,11800,36300
2019-11-29,2087.96,-1,50300,80900,121000,46050,11700,35750
2019-11-30,-1.0,-1,-1,-1,-1,-1,-1,-1
2019-12-01,-1.0,-1,-1,-1,-1,-1,-1,-1
2019-12-02,2091.92,-1,50400,80500,121500,45950,11700,36000
2019-12-03,2084.07,-1,49900,78700,121500,45850,11550,35700
2019-12-04,2068.89,-1,49450,77700,122000,46050,11550,35500
2019-12-05,2060.74,-1,49500,78800,118000,46650,11400,35750
2019-12-06,2081.85,-1,50400,80600,118500,47000,11350,35800
2019-12-07,-1.0,-1,-1,-1,-1,-1,-1,-1
2019-12-08,-1.0,-1,-1,-1,-1,-1,-1,-1
2019-12-09,2088.65,-1,51200,80700,119500,48050,11450,36750
2019-12-10,2098.0,-1,51500,80700,120000,48300,11350,36850
2019-12-11,2105.62,-1,51900,80600,119000,48000,11350,37000
2019-12-12,2137.35,-1,53300,83400,120000,48350,11800,37600
2019-12-13,2170.25,-1,54700,87900,121000,50000,12150,38600
2019-12-14,-1.0,-1,-1,-1,-1,-1,-1,-1
2019-12-15,-1.0,-1,-1,-1,-1,-1,-1,-1
2019-12-16,2168.15,-1,54700,88600,119000,49050,11950,37650
2019-12-17,2195.68,-1,56700,92800,122000,47950,11850,37500
2019-12-18,2194.76,-1,56300,93000,123000,49400,11900,38400
2019-12-19,2196.56,-1,56000,93600,123500,49400,12000,38600
2019-12-20,2204.18,-1,56000,95000,124000,49050,12000,38550
2019-12-21,-1.0,-1,-1,-1,-1,-1,-1,-1
2019-12-22,-1.0,-1,-1,-1,-1,-1,-1,-1
2019-12-23,2203.71,-1,55500,94600,122500,49900,12150,38700
2019-12-24,2190.08,-1,55000,93800,122000,49450,12050,38250
2019-12-25,-1.0,-1,-1,-1,-1,-1,-1,-1
2019-12-26,2197.93,-1,55400,94800,122500,49400,12250,38650
2019-12-27,2204.21,-1,56500,96000,120500,48050,11650,37500
2019-12-28,-1.0,-1,-1,-1,-1,-1,-1,-1
2019-12-29,-1.0,-1,-1,-1,-1,-1,-1,-1
2019-12-30,2197.67,-1,55800,94100,120500,47650,11600,36900
2019-12-31,-1.0,-1,-1,-1,-1,-1,-1,-1
2020-01-01,-1.0,-1,-1,-1,-1,-1,-1,-1
2020-01-02,2175.17,-1,55200,94700,118000,46550,11400,35950
2020-01-03,2176.46,-1,55500,94500,116000,47150,11300,36200
2020-01-04,-1.0,-1,-1,-1,-1,-1,-1,-1
2020-01-05,-1.0,-1,-1,-1,-1,-1,-1,-1
2020-01-06,2155.07,-1,55500,94300,116000,46600,11050,35450
2020-01-07,2175.54,-1,55800,94000,115500,47000,11100,35550
2020-01-08,2151.31,-1,56800,97400,112000,46150,10650,34950
2020-01-09,2186.45,-1,58600,99000,111500,46500,10650,35050
2020-01-10,2206.39,-1,59500,98900,113500,46800,10500,34950
2020-01-11,-1.0,-1,-1,-1,-1,-1,-1,-1
2020-01-12,-1.0,-1,-1,-1,-1,-1,-1,-1
2020-01-13,2229.26,-1,60000,100500,115000,46700,10600,34750
2020-01-14,2238.88,-1,60000,100500,116000,47850,10650,35300
2020-01-15,2230.98,-1,59000,98200,115000,47900,10750,35350
2020-01-16,2248.05,-1,60700,99200,118500,48000,10650,35350
2020-01-17,2250.57,-1,61300,99000,118500,47900,10650,35150
2020-01-18,-1.0,-1,-1,-1,-1,-1,-1,-1
2020-01-19,-1.0,-1,-1,-1,-1,-1,-1,-1
2020-01-20,2262.64,-1,62400,99900,118000,48300,10900,35100
2020-01-21,2239.69,-1,61400,99300,117000,47350,10750,35250
2020-01-22,2267.25,-1,62300,101000,127000,47550,10850,35050
2020-01-23,2246.13,-1,60800,98700,130500,46700,10800,35100
2020-01-24,-1.0,-1,-1,-1,-1,-1,-1,-1
2020-01-25,-1.0,-1,-1,-1,-1,-1,-1,-1
2020-01-26,-1.0,-1,-1,-1,-1,-1,-1,-1
2020-01-27,-1.0,-1,-1,-1,-1,-1,-1,-1
2020-01-28,2176.72,-1,58800,96300,131000,44500,10350,33850
2020-01-29,2185.28,-1,59100,97900,131000,44250,10400,33450
2020-01-30,2148.0,-1,57200,94000,127500,43800,10400,33450
2020-01-31,2119.01,-1,56400,93500,125000,43950,10150,33200
2020-02-01,-1.0,-1,-1,-1,-1,-1,-1,-1
2020-02-02,-1.0,-1,-1,-1,-1,-1,-1,-1
2020-02-03,2118.88,-1,57200,94700,123500,43850,10100,33200
2020-02-04,2157.9,-1,58900,97100,124000,43500,10150,33400
2020-02-05,2165.63,-1,59500,97700,124000,44200,10250,34300
2020-02-06,2227.94,-1,61100,100500,132000,45250,10500,34900
2020-02-07,2211.95,-1,60400,99300,131000,44400,10300,34500
2020-02-08,-1.0,-1,-1,-1,-1,-1,-1,-1
2020-02-09,-1.0,-1,-1,-1,-1,-1,-1,-1
2020-02-10,2201.07,-1,59700,98800,130000,43250,10150,34000
2020-02-11,2223.12,-1,59900,99800,132500,43100,10350,34300
2020-02-12,2238.38,-1,60500,100000,136000,43500,10350,35500
2020-02-13,2232.96,-1,60700,102000,133000,42750,10300,34300
2020-02-14,2243.59,-1,61800,104500,133500,42750,10200,33900
2020-02-15,-1.0,-1,-1,-1,-1,-1,-1,-1
2020-02-16,-1.0,-1,-1,-1,-1,-1,-1,-1
2020-02-17,2242.17,-1,61500,105000,135500,42400,10250,33350
2020-02-18,2208.88,-1,59800,102000,132500,41750,10100,33300
2020-02-19,2210.34,-1,60200,103500,131500,41800,10050,33050
2020-02-20,2195.5,-1,60000,104000,130000,42200,9950,32900
2020-02-21,2162.84,-1,59200,103000,128000,41150,9810,32900
2020-02-22,-1.0,-1,-1,-1,-1,-1,-1,-1
2020-02-23,-1.0,-1,-1,-1,-1,-1,-1,-1
2020-02-24,2079.04,-1,56800,99500,122500,39050,9400,31650
2020-02-25,2103.61,-1,57900,98000,122500,39250,9790,31600
2020-02-26,2076.77,-1,56500,94600,122500,39050,9810,31400
2020-02-27,2054.89,-1,55900,92800,121000,39400,9910,31800
2020-02-28,1987.01,-1,54200,87900,115000,38900,9610,31400
2020-02-29,-1.0,-1,-1,-1,-1,-1,-1,-1
2020-03-01,-1.0,-1,-1,-1,-1,-1,-1,-1
2020-03-02,2002.51,-1,55000,92100,113500,38400,9490,30750
2020-03-03,2014.15,-1,55400,92800,112500,38100,9470,30100
2020-03-04,2059.33,-1,57400,94300,113000,38950,9630,30650
2020-03-05,2085.26,-1,57800,94900,114000,38700,9410,30200
2020-03-06,2040.22,-1,56500,92600,110500,37450,9200,29850
2020-03-07,-1.0,-1,-1,-1,-1,-1,-1,-1
2020-03-08,-1.0,-1,-1,-1,-1,-1,-1,-1
2020-03-09,1954.77,-1,54200,86900,104000,35150,8600,27900
2020-03-10,1962.93,-1,54600,89100,102000,35150,8500,27600
2020-03-11,1908.27,-1,52100,85500,100000,35300,8570,27350
2020-03-12,1834.33,-1,50800,82800,95000,33450,8220,24950
2020-03-13,1771.44,-1,49950,82500,87200,32900,7770,24100
2020-03-14,-1.0,-1,-1,-1,-1,-1,-1,-1
2020-03-15,-1.0,-1,-1,-1,-1,-1,-1,-1
2020-03-16,1714.86,-1,48900,80600,82900,32100,7630,23400
2020-03-17,1672.44,-1,47300,80400,80100,29850,7310,21200
2020-03-18,1591.2,-1,45600,73100,73500,29050,7000,21200
2020-03-19,1457.64,-1,42950,69000,65900,26050,6560,18550
2020-03-20,1566.15,-1,45400,74800,71100,30850,7440,20650
2020-03-21,-1.0,-1,-1,-1,-1,-1,-1,-1
2020-03-22,-1.0,-1,-1,-1,-1,-1,-1,-1
2020-03-23,1482.46,-1,42500,69400,68900,27650,6560,18450
2020-03-24,1609.97,-1,46950,78700,74800,29150,6950,19200
2020-03-25,1704.76,-1,48650,84500,84500,32000,7410,21200
2020-03-26,1686.24,-1,47800,80700,84900,32900,7300,21900
2020-03-27,1717.73,-1,48300,83300,86400,35750,7600,23750
2020-03-28,-1.0,-1,-1,-1,-1,-1,-1,-1
2020-03-29,-1.0,-1,-1,-1,-1,-1,-1,-1
2020-03-30,1717.12,-1,47850,83700,85400,34750,7490,23000
2020-03-31,1754.64,-1,47750,83300,88700,34550,7650,23100
2020-04-01,1685.46,-1,45800,78400,85400,31600,7270,21850
2020-04-02,1724.86,-1,46800,80000,86600,31700,7390,22550
2020-04-03,1725.44,-1,47000,79600,86300,31150,7300,22400
2020-04-04,-1.0,-1,-1,-1,-1,-1,-1,-1
2020-04-05,-1.0,-1,-1,-1,-1,-1,-1,-1
2020-04-06,1791.88,-1,48700,83100,88800,32850,7620,23800
2020-04-07,1823.6,-1,49600,85800,90400,33100,7750,24350
2020-04-08,1807.14,-1,48600,84500,90000,32100,7540,23700
2020-04-09,1836.21,-1,49100,85000,97100,32500,7640,23950
2020-04-10,1860.7,-1,49250,84100,99700,33650,7970,25300
2020-04-11,-1.0,-1,-1,-1,-1,-1,-1,-1
2020-04-12,-1.0,-1,-1,-1,-1,-1,-1,-1
2020-04-13,1825.76,-1,48300,81400,97800,32550,7900,24600
2020-04-14,1857.08,-1,49000,82300,100000,33200,8160,25000
2020-04-15,-1.0,-1,-1,-1,-1,-1,-1,-1
2020-04-16,1857.07,-1,49000,81300,99100,31900,8100,24250
2020-04-17,1914.53,-1,51400,84100,100500,32350,8220,24750
2020-04-18,-1.0,-1,-1,-1,-1,-1,-1,-1
2020-04-19,-1.0,-1,-1,-1,-1,-1,-1,-1
2020-04-20,1898.36,-1,50100,82000,97600,31900,8120,24550
2020-04-21,1879.38,-1,49250,81300,93500,31700,7940,23750
2020-04-22,1896.15,-1,49850,83900,92600,31500,7970,23700
2020-04-23,1914.73,-1,49850,82600,92400,31300,7910,23600
2020-04-24,1889.01,-1,49350,81400,90100,31100,7850,23150
2020-04-25,-1.0,-1,-1,-1,-1,-1,-1,-1
2020-04-26,-1.0,-1,-1,-1,-1,-1,-1,-1
2020-04-27,1922.77,-1,49850,82600,91600,34200,8330,27050
2020-04-28,1934.09,-1,50100,83400,93200,34150,8430,27350
2020-04-29,1947.56,-1,50000,83700,93600,34750,8440,27600
2020-04-30,-1.0,-1,-1,-1,-1,-1,-1,-1
2020-05-01,-1.0,-1,-1,-1,-1,-1,-1,-1
2020-05-02,-1.0,-1,-1,-1,-1,-1,-1,-1
2020-05-03,-1.0,-1,-1,-1,-1,-1,-1,-1
2020-05-04,1895.37,-1,48500,81000,91500,33000,8000,26350
2020-05-05,-1.0,-1,-1,-1,-1,-1,-1,-1
2020-05-06,1928.76,-1,49200,82400,93200,32700,8060,26350
2020-05-07,1928.61,-1,48800,82400,92600,32450,8020,26750
2020-05-08,1945.82,-1,48800,85000,94500,32800,8070,26850
2020-05-09,-1.0,-1,-1,-1,-1,-1,-1,-1
2020-05-10,-1.0,-1,-1,-1,-1,-1,-1,-1
2020-05-11,1935.4,-1,48400,84500,93700,32150,8010,26250
2020-05-12,1922.17,-1,47900,85700,91900,31550,7850,25400
2020-05-13,1940.42,-1,48550,83600,93100,31450,8010,25800
2020-05-14,1924.96,-1,48000,80600,92300,30950,7810,24800
2020-05-15,1927.28,-1,47850,81900,92300,31450,7950,25350
2020-05-16,-1.0,-1,-1,-1,-1,-1,-1,-1
2020-05-17,-1.0,-1,-1,-1,-1,-1,-1,-1
2020-05-18,1937.11,-1,48800,81100,91900,31000,7850,24900
2020-05-19,1980.61,-1,50300,82700,99100,31950,8150,26100
2020-05-20,1989.64,-1,50000,84100,97300,32050,8070,26050
2020-05-21,1998.31,-1,49950,83400,97200,32000,8040,25900
2020-05-22,1970.13,-1,48750,81300,94500,31100,7830,25250
2020-05-23,-1.0,-1,-1,-1,-1,-1,-1,-1
2020-05-24,-1.0,-1,-1,-1,-1,-1,-1,-1
2020-05-25,1994.6,-1,48850,81400,96000,31350,8030,25600
2020-05-26,2029.78,-1,49250,81900,97800,32600,8190,26750
2020-05-27,2031.2,-1,49900,81400,98100,33100,8360,27200
2020-05-28,2028.54,-1,50400,83900,97200,34200,8740,28450
2020-05-29,2029.6,-1,50700,81500,98000,34000,9130,29750
2020-05-30,-1.0,-1,-1,-1,-1,-1,-1,-1
2020-05-31,-1.0,-1,-1,-1,-1,-1,-1,-1
2020-06-01,2065.08,-1,51200,83600,100000,34600,9120,30100
2020-06-02,2087.19,-1,51400,83300,102500,36250,9700,31600
2020-06-03,2147.0,-1,54500,88700,108500,38600,10350,32250
2020-06-04,2151.18,-1,54600,87700,108500,37000,10000,31250
2020-06-05,2181.87,-1,55500,90400,111000,38050,10050,31250
2020-06-06,-1.0,-1,-1,-1,-1,-1,-1,-1
2020-06-07,-1.0,-1,-1,-1,-1,-1,-1,-1
2020-06-08,2184.29,-1,54900,91000,113000,38200,10050,31050
2020-06-09,2188.92,-1,55500,89800,112000,38500,9850,30900
2020-06-10,2195.69,-1,55400,90800,111500,37550,9830,29650
2020-06-11,2176.78,-1,54300,88500,108500,36350,9550,29000
2020-06-12,2132.3,-1,52300,85200,103500,34650,9350,27800
2020-06-13,-1.0,-1,-1,-1,-1,-1,-1,-1
2020-06-14,-1.0,-1,-1,-1,-1,-1,-1,-1
2020-06-15,2030.82,-1,49900,82000,97000,33250,8880,26550
2020-06-16,2138.05,-1,52100,85400,101500,35700,9440,28850
2020-06-17,2141.05,-1,52200,86800,100500,35000,9280,28250
2020-06-18,2133.48,-1,52300,86200,100000,35250,9220,28050
2020-06-19,2141.32,-1,52900,85400,100000,36000,9310,27850
2020-06-20,-1.0,-1,-1,-1,-1,-1,-1,-1
2020-06-21,-1.0,-1,-1,-1,-1,-1,-1,-1
2020-06-22,2126.73,-1,52000,84900,98500,34850,9190,27450
2020-06-23,2131.24,-1,51400,84100,98700,34700,9160,27150
2020-06-24,2161.51,-1,52900,86000,103000,34900,9250,27650
2020-06-25,2112.37,-1,51900,84300,99400,33750,8890,26850
2020-06-26,2134.65,-1,53300,84600,100000,34800,8940,27550
2020-06-27,-1.0,-1,-1,-1,-1,-1,-1,-1
2020-06-28,-1.0,-1,-1,-1,-1,-1,-1,-1
2020-06-29,2093.48,-1,52400,83600,97700,33900,8690,26800
2020-06-30,2108.33,-1,52800,85100,97700,33950,8810,27000
2020-07-01,2106.7,-1,52600,85300,98200,34400,8930,27300
2020-07-02,2135.37,-1,52900,84400,99000,34450,8920,27250
2020-07-03,2152.41,-1,53600,85400,99200,34800,8950,27250
2020-07-04,-1.0,-1,-1,-1,-1,-1,-1,-1
2020-07-05,-1.0,-1,-1,-1,-1,-1,-1,-1
2020-07-06,2187.93,-1,55000,86000,101500,35750,9060,27600
2020-07-07,2164.17,-1,53400,84800,99200,35800,8930,27100
2020-07-08,2158.88,-1,53000,83700,99600,35050,8810,26800
2020-07-09,2167.9,-1,52800,83000,99600,34700,8710,26500
2020-07-10,2150.25,-1,52700,82800,98300,33950,8410,25750
2020-07-11,-1.0,-1,-1,-1,-1,-1,-1,-1
2020-07-12,-1.0,-1,-1,-1,-1,-1,-1,-1
2020-07-13,2186.06,-1,53400,83000,101500,35350,8600,27200
2020-07-14,2183.61,-1,53800,82900,101500,35100,8500,27400
2020-07-15,2201.88,-1,54700,83000,109000,35650,8790,27800
2020-07-16,2183.76,-1,53800,82700,110000,35950,8890,28050
2020-07-17,2201.19,-1,54400,82900,117500,35650,8820,28000
2020-07-18,-1.0,-1,-1,-1,-1,-1,-1,-1
2020-07-19,-1.0,-1,-1,-1,-1,-1,-1,-1
2020-07-20,2198.2,-1,54200,82200,121500,36900,8970,29550
2020-07-21,2228.83,-1,55300,84100,121500,36700,8940,29900
2020-07-22,2228.66,-1,54700,83200,118500,36200,8860,28900
2020-07-23,2216.19,-1,54100,82400,124500,35850,8820,28650
2020-07-24,2200.44,-1,54200,83700,122500,35400,8800,28850
2020-07-25,-1.0,-1,-1,-1,-1,-1,-1,-1
2020-07-26,-1.0,-1,-1,-1,-1,-1,-1,-1
2020-07-27,2217.86,-1,55600,82800,123500,35450,8780,28750
2020-07-28,2256.99,-1,58600,83100,123000,35700,8680,28700
2020-07-29,2263.16,-1,59000,83200,125000,36200,8670,29700
2020-07-30,2267.01,-1,59000,85300,127500,35950,8680,30100
2020-07-31,2249.37,-1,57900,82800,126500,35250,8500,29500
2020-08-01,-1.0,-1,-1,-1,-1,-1,-1,-1
2020-08-02,-1.0,-1,-1,-1,-1,-1,-1,-1
2020-08-03,2251.04,-1,56800,81800,127000,35250,8390,29550
2020-08-04,2279.97,-1,57300,81600,132500,35500,8570,29200
2020-08-05,2311.86,-1,56900,80700,134000,35500,8560,28800
2020-08-06,2342.61,-1,58000,81100,144500,36550,8670,29350
2020-08-07,2351.67,-1,57500,80600,147000,36150,8640,29300
2020-08-08,-1.0,-1,-1,-1,-1,-1,-1,-1
2020-08-09,-1.0,-1,-1,-1,-1,-1,-1,-1
2020-08-10,2386.38,-1,57800,81400,170000,37150,8890,30250
2020-08-11,2418.67,-1,58200,81300,179000,38800,9050,31250
2020-08-12,2432.35,-1,59000,81000,172000,40350,9240,31900
2020-08-13,2437.53,-1,58700,80700,170000,41500,9210,31950
2020-08-14,2407.49,-1,58000,80200,167000,39800,9100,30800
2020-08-15,-1.0,-1,-1,-1,-1,-1,-1,-1
2020-08-16,-1.0,-1,-1,-1,-1,-1,-1,-1
2020-08-17,-1.0,-1,-1,-1,-1,-1,-1,-1
2020-08-18,2348.24,-1,58400,78100,158000,38150,8760,29050
2020-08-19,2360.54,-1,57800,75000,164500,38000,8760,29050
2020-08-20,2274.22,-1,55400,71800,155000,36450,8450,27800
2020-08-21,2304.59,10119,55900,74500,156000,36750,8590,28350
2020-08-22,-1.0,-1,-1,-1,-1,-1,-1,-1
2020-08-23,-1.0,-1,-1,-1,-1,-1,-1,-1
2020-08-24,2329.83,9855,56100,75500,161500,36950,8680,28450
2020-08-25,2366.73,9820,56400,77000,166000,37950,8810,29350
2020-08-26,2369.32,9790,56400,78800,167500,37100,8800,29150
2020-08-27,2344.45,9760,55600,79100,163500,36950,8610,28700
2020-08-28,2353.8,9660,55400,77800,172000,38000,8640,28950
2020-08-29,-1.0,-1,-1,-1,-1,-1,-1,-1
2020-08-30,-1.0,-1,-1,-1,-1,-1,-1,-1
2020-08-31,2326.17,9495,54000,75100,176500,36850,8460,28200
2020-09-01,2349.55,9555,54200,75200,180000,37400,8580,28500
2020-09-02,2364.37,9336,54400,75500,176000,37700,8620,28500
2020-09-03,2395.9,9470,56400,78700,176500,37400,8590,28050
2020-09-04,2368.25,9525,55600,78700,172500,36950,8460,27950
2020-09-05,-1.0,-1,-1,-1,-1,-1,-1,-1
2020-09-06,-1.0,-1,-1,-1,-1,-1,-1,-1
2020-09-07,2384.22,9425,56500,78400,170000,38250,8460,28050
2020-09-08,2401.91,9490,58700,79400,168000,37800,8490,28050
2020-09-09,2375.81,9555,58400,77300,167500,37500,8420,27700
2020-09-10,2396.48,9505,59200,76600,169000,37550,8420,27850
2020-09-11,2396.69,9550,59000,78400,171500,37150,8390,28200
2020-09-12,-1.0,-1,-1,-1,-1,-1,-1,-1
2020-09-13,-1.0,-1,-1,-1,-1,-1,-1,-1
2020-09-14,2427.91,9550,60400,80000,180000,38300,8530,28700
2020-09-15,2443.58,9510,61000,81900,179000,38350,8530,28600
2020-09-16,2435.92,9545,61000,81500,183500,37900,8510,28450
2020-09-17,2406.17,9520,59500,82200,184000,37950,8440,28450
2020-09-18,2412.4,9470,59300,83700,181000,37750,8410,28150
2020-09-19,-1.0,-1,-1,-1,-1,-1,-1,-1
2020-09-20,-1.0,-1,-1,-1,-1,-1,-1,-1
2020-09-21,2389.39,9615,59200,84500,185000,37650,8390,28150
2020-09-22,2332.59,9755,58200,81300,179500,37450,8260,27750
2020-09-23,2333.24,9750,58600,83600,179500,37550,8250,27700
2020-09-24,2272.7,10044,57800,84300,171500,37200,8080,27550
2020-09-25,2278.79,10014,57900,82900,170000,38200,8240,27550
2020-09-26,-1.0,-1,-1,-1,-1,-1,-1,-1
2020-09-27,-1.0,-1,-1,-1,-1,-1,-1,-1
2020-09-28,2308.08,9835,58200,82500,175500,38200,8430,27750
2020-09-29,2327.89,9775,58200,84000,178500,37550,8580,28100
2020-09-30,-1.0,-1,-1,-1,-1,-1,-1,-1
2021-04-01,3087.4,11786,82900,140500,219000,55000,10050,41350
2021-04-02,3112.8,11955,84800,141000,233500,53900,10000,41150
2021-04-03,-1.0,-1,-1,-1,-1,-1,-1,-1
2021-04-04,-1.0,-1,-1,-1,-1,-1,-1,-1
2021-04-05,3120.83,12040,85400,143000,234000,54600,10050,41750
2021-04-06,3127.08,12100,86000,143000,230000,53000,10100,41100
2021-04-07,3137.41,12130,85600,143500,230000,53600,10650,42300
2021-04-08,3143.26,11995,84700,144000,231500,52800,10600,41650
2021-04-09,3131.88,11855,83600,140000,228500,52600,10300,41250
2021-04-10,-1.0,-1,-1,-1,-1,-1,-1,-1
2021-04-11,-1.0,-1,-1,-1,-1,-1,-1,-1
2021-04-12,3135.59,11736,83200,137500,226000,53400,10400,41600
2021-04-13,3169.08,11656,84000,139500,230000,53500,10350,41250
2021-04-14,3182.38,11716,84000,137000,232500,53200,10400,41150
2021-04-15,3194.33,11776,84100,137500,230500,54000,10400,41650
2021-04-16,3198.62,11641,83900,137500,231500,52700,10250,41000
2021-04-17,-1.0,-1,-1,-1,-1,-1,-1,-1
2021-04-18,-1.0,-1,-1,-1,-1,-1,-1,-1
2021-04-19,3198.84,11491,83300,138000,230000,52300,10250,40950
2021-04-20,3220.7,11631,83900,138500,229000,53100,10400,42300
2021-04-21,3171.66,11601,82600,132500,225500,52400,10150,41550
2021-04-22,3177.52,11546,82400,133000,226000,53500,10500,42000
2021-04-23,3186.1,11556,82800,132500,221000,54300,10500,42900
2021-04-24,-1.0,-1,-1,-1,-1,-1,-1,-1
2021-04-25,-1.0,-1,-1,-1,-1,-1,-1,-1
2021-04-26,3217.53,11646,83500,131500,221500,55000,10600,43000
2021-04-27,3215.42,11830,82900,135000,220000,55000,10650,43900
2021-04-28,3181.47,12045,82100,130000,221500,55000,10800,44400
2021-04-29,3174.07,12175,81700,130000,217500,53900,10750,44800
2021-04-30,3147.86,12145,81500,128000,212000,54700,10700,45650
2021-05-01,-1.0,-1,-1,-1,-1,-1,-1,-1
2021-05-02,-1.0,-1,-1,-1,-1,-1,-1,-1
2021-05-03,3127.2,12439,81700,131500,218000,53700,10550,43950
2021-05-04,3147.37,12424,82600,132000,223500,53300,10500,43750
2021-05-05,-1.0,-1,-1,-1,-1,-1,-1,-1
2021-05-06,3178.74,12534,82300,129000,223500,57500,10950,46350
2021-05-07,3197.2,12439,81900,129500,224000,58300,11000,46300
2021-05-08,-1.0,-1,-1,-1,-1,-1,-1,-1
2021-05-09,-1.0,-1,-1,-1,-1,-1,-1,-1
2021-05-10,3249.3,12379,83200,130000,229500,59500,11300,46800
2021-05-11,3209.43,12409,81200,123000,226500,59700,11300,46800
2021-05-12,3161.66,12419,80000,119500,227500,58400,11050,45700
2021-05-13,3122.11,12429,78500,117500,229500,58800,11050,46850
2021-05-14,3153.32,12300,80100,118500,229000,57600,11100,45900
2021-05-15,-1.0,-1,-1,-1,-1,-1,-1,-1
2021-05-16,-1.0,-1,-1,-1,-1,-1,-1,-1
2021-05-17,3134.52,12195,79600,117500,227000,57900,11100,46400
2021-05-18,3173.05,12200,79600,121000,231000,58800,11300,47200
2021-05-19,-1.0,-1,-1,-1,-1,-1,-1,-1
2021-05-20,3162.28,12150,79500,122500,224500,58000,11150,46100
2021-05-21,3156.42,12135,80100,122500,227500,56300,10900,44700
2021-05-22,-1.0,-1,-1,-1,-1,-1,-1,-1
2021-05-23,-1.0,-1,-1,-1,-1,-1,-1,-1
2021-05-24,3144.3,12384,79700,119500,228000,56900,11050,45300
2021-05-25,3171.32,12235,79900,123000,227500,58100,11050,45750
2021-05-26,3168.43,12270,79800,123000,223500,57200,11000,45300
2021-05-27,3165.51,12140,79600,125500,220500,55400,10900,44400
2021-05-28,3188.73,12210,80100,125000,232000,57000,11050,45550
2021-05-29,-1.0,-1,-1,-1,-1,-1,-1,-1
2021-05-30,-1.0,-1,-1,-1,-1,-1,-1,-1
2021-05-31,3203.92,12225,80500,127000,235000,58800,11150,46550
2021-06-01,3221.87,12250,80600,128500,237000,58800,11200,46450
2021-06-02,3224.23,12429,80800,126000,238000,58900,11250,47100
2021-06-03,3247.43,12374,82800,129000,238500,58300,11350,47350
2021-06-04,3240.08,12414,82200,128500,241500,57600,11600,46900
2021-06-05,-1.0,-1,-1,-1,-1,-1,-1,-1
2021-06-06,-1.0,-1,-1,-1,-1,-1,-1,-1
2021-06-07,3252.12,12474,81900,128500,241500,58000,11650,47100
2021-06-08,3247.83,12419,81900,127500,243500,57900,11650,46900
2021-06-09,3216.18,12464,81100,122500,239500,56900,11550,46050
2021-06-10,3224.64,12220,81000,123000,236000,57200,11400,46000
2021-06-11,3249.32,12280,81000,128000,238500,57000,11400,45850
2021-06-12,-1.0,-1,-1,-1,-1,-1,-1,-1
2021-06-13,-1.0,-1,-1,-1,-1,-1,-1,-1
2021-06-14,3252.13,12195,80500,127000,238000,56200,11300,44900
2021-06-15,3258.63,12285,80900,128500,237000,55900,11450,44750
2021-06-16,3278.68,12364,81800,129500,239500,56900,11900,46000
2021-06-17,3264.96,12245,80900,126500,236500,56900,11800,46000
2021-06-18,3267.93,12010,80500,124500,235000,56800,11600,45300
2021-06-19,-1.0,-1,-1,-1,-1,-1,-1,-1
2021-06-20,-1.0,-1,-1,-1,-1,-1,-1,-1
2021-06-21,3240.79,11895,79900,122000,233000,55100,11300,44500
2021-06-22,3263.88,12020,80000,122000,241000,55800,11450,45500
2021-06-23,3276.19,11960,80100,124000,242500,55500,11350,45000
2021-06-24,3286.1,12060,81200,126000,242500,56100,11650,45850
2021-06-25,3302.84,12180,81600,128500,243000,57300,11850,47350
2021-06-26,-1.0,-1,-1,-1,-1,-1,-1,-1
2021-06-27,-1.0,-1,-1,-1,-1,-1,-1,-1
2021-06-28,3301.89,12155,81900,126000,241000,57200,11950,47550
2021-06-29,3286.68,12065,81000,125000,239500,56100,11600,46500
2021-06-30,3296.68,12010,80700,127500,239500,55800,11450,46050
2021-07-01,3282.06,11826,80100,124500,242000,54700,11450,45300
2021-07-02,3281.78,11776,80000,122500,239000,54500,11550,45350
2021-07-03,-1.0,-1,-1,-1,-1,-1,-1,-1
2021-07-04,-1.0,-1,-1,-1,-1,-1,-1,-1
2021-07-05,3293.21,11636,80400,123000,236000,54000,11600,44950
2021-07-06,3305.21,11771,81200,125000,236000,53800,11600,44950
2021-07-07,3285.34,11711,80800,123500,232000,52800,11450,44000
2021-07-08,3252.68,11791,79900,121500,229500,52300,11450,43650
2021-07-09,3217.95,11661,79400,119500,226000,50400,11150,42500
2021-07-10,-1.0,-1,-1,-1,-1,-1,-1,-1
2021-07-11,-1.0,-1,-1,-1,-1,-1,-1,-1
2021-07-12,3246.47,11731,79700,120000,230000,51500,11250,43150
2021-07-13,3271.38,11706,79800,123000,230000,52200,11400,43700
2021-07-14,3264.81,11741,79500,123500,230000,51500,11350,43100
2021-07-15,3286.22,11591,80600,123500,231500,51800,11350,43800
2021-07-16,3276.91,11591,79800,121500,230000,52500,11350,43800
2021-07-17,-1.0,-1,-1,-1,-1,-1,-1,-1
2021-07-18,-1.0,-1,-1,-1,-1,-1,-1,-1
2021-07-19,3244.04,11476,79000,119000,227500,51100,11300,42800
2021-07-20,3232.7,11456,79000,118500,227000,50800,11250,42050
2021-07-21,3215.91,11446,78500,117000,228000,50600,11250,42200
2021-07-22,3250.21,11446,79700,119500,228500,51800,11650,43900
2021-07-23,3254.42,11426,79300,118500,225500,52200,11200,44100
2021-07-24,-1.0,-1,-1,-1,-1,-1,-1,-1
2021-07-25,-1.0,-1,-1,-1,-1,-1,-1,-1
2021-07-26,3224.95,11436,78800,117000,224500,51800,11000,43800
2021-07-27,3232.53,11496,78500,116000,225000,52100,11100,44150
2021-07-28,3236.86,11626,79200,114000,222500,52500,11100,44750
2021-07-29,3242.65,11591,79000,114000,222000,52600,11050,44700
2021-07-30,3202.32,11681,78500,112500,218000,51300,10850,43450
2021-07-31,-1.0,-1,-1,-1,-1,-1,-1,-1
2021-08-01,-1.0,-1,-1,-1,-1,-1,-1,-1
2021-08-02,3223.04,11551,79300,116000,220000,50900,10850,42800
2021-08-03,3237.14,11656,81400,120000,223500,51600,10950,43100
2021-08-04,3280.38,11696,82900,121000,225000,52700,11200,44000
2021-08-05,3276.13,11591,82100,120000,223000,52000,11050,43350
2021-08-06,3270.36,11526,81500,118000,222500,52200,11050,43250
2021-08-07,-1.0,-1,-1,-1,-1,-1,-1,-1
2021-08-08,-1.0,-1,-1,-1,-1,-1,-1,-1
2021-08-09,3260.42,11471,81500,116000,221000,53000,11100,44300
2021-08-10,3243.19,11471,80200,112500,219000,52300,11100,44250
2021-08-11,3220.62,11327,78500,105500,218500,53600,11250,45000
2021-08-12,3208.38,11257,77000,100500,219000,53400,11200,45300
2021-08-13,3171.29,11217,74400,101500,217000,53200,11100,44650
2021-08-14,-1.0,-1,-1,-1,-1,-1,-1,-1
2021-08-15,-1.0,-1,-1,-1,-1,-1,-1,-1
2021-08-16,-1.0,-1,-1,-1,-1,-1,-1,-1
2021-08-17,3143.09,11312,74200,101500,213000,53200,11050,44500
2021-08-18,3158.93,11222,73900,104000,212500,53000,11050,44550
2021-08-19,3097.83,11217,73100,102500,206500,51300,10750,42900
2021-08-20,3060.51,11327,72700,102500,201500,50800,10550,41900
2021-08-21,-1.0,-1,-1,-1,-1,-1,-1,-1
2021-08-22,-1.0,-1,-1,-1,-1,-1,-1,-1
2021-08-23,3090.21,11147,73300,103000,204000,51100,10700,42600
2021-08-24,3138.3,11122,75600,105000,209500,52500,10950,44250
2021-08-25,3146.81,11122,75700,103500,209500,53700,11000,44900
2021-08-26,3128.53,10957,74600,104000,210000,54200,11200,44800
2021-08-27,3133.9,10957,74300,103500,208500,54700,11350,45150
2021-08-28,-1.0,-1,-1,-1,-1,-1,-1,-1
2021-08-29,-1.0,-1,-1,-1,-1,-1,-1,-1
2021-08-30,3144.19,10907,74600,103500,210000,52500,11050,43650
2021-08-31,3199.27,11022,76700,106500,212500,52900,11250,45050
2021-09-01,3207.02,10982,76800,108000,215000,53100,11300,45100
2021-09-02,3175.85,10867,76000,106500,211500,53100,11250,44650
2021-09-03,3201.06,10912,76600,107000,214500,52900,11250,44650
2021-09-04,-1.0,-1,-1,-1,-1,-1,-1,-1
2021-09-05,-1.0,-1,-1,-1,-1,-1,-1,-1
2021-09-06,3203.33,10917,77300,106000,215000,51800,11100,44000
2021-09-07,3187.42,10877,76100,104500,212500,51400,11000,43350
2021-09-08,3162.99,10828,76300,106000,213000,52500,11100,44150
2021-09-09,3114.7,10773,75300,103000,208500,51800,10800,43950
2021-09-10,3125.76,10718,75300,105000,206500,51500,10950,43500
2021-09-11,-1.0,-1,-1,-1,-1,-1,-1,-1
2021-09-12,-1.0,-1,-1,-1,-1,-1,-1,-1
2021-09-13,3127.86,10828,76300,106500,205000,51800,11000,44000
2021-09-14,3148.83,10768,76600,107500,209000,52300,11100,45150
2021-09-15,3153.4,10668,77000,107500,209500,52700,11000,45100
2021-09-16,3130.09,10598,76100,104000,208000,52100,11000,44750
2021-09-17,3140.51,10588,77200,107000,209000,52100,11050,44400
2021-09-18,-1.0,-1,-1,-1,-1,-1,-1,-1
2021-09-19,-1.0,-1,-1,-1,-1,-1,-1,-1
2021-09-20,-1.0,-1,-1,-1,-1,-1,-1,-1
2021-09-21,-1.0,-1,-1,-1,-1,-1,-1,-1
2021-09-22,-1.0,-1,-1,-1,-1,-1,-1,-1
2021-09-23,3127.58,10468,77400,105500,208500,51500,11100,44300
2021-09-24,3125.24,10578,77300,104000,207000,53000,11150,44850
2021-09-25,-1.0,-1,-1,-1,-1,-1,-1,-1
2021-09-26,-1.0,-1,-1,-1,-1,-1,-1,-1
2021-09-27,3133.64,10648,77700,104500,204000,52900,11250,44650
2021-09-28,3097.92,10788,76300,103500,201500,54500,11350,45700
2021-09-29,3060.27,10738,74100,100000,201500,55200,11350,45550
2021-09-30,3068.82,10763,74100,103000,200000,55300,11650,46400
2022-04-01,2739.85,10368,69100,116000,178000,60800,15350,48400
2022-04-02,-1.0,-1,-1,-1,-1,-1,-1,-1
2022-04-03,-1.0,-1,-1,-1,-1,-1,-1,-1
2022-04-04,2757.9,10363,69300,117000,178000,61100,15300,48500
2022-04-05,2759.2,10214,69200,116500,179000,59500,14850,47100
2022-04-06,2735.03,10299,68500,113000,180000,59700,15000,47450
2022-04-07,2695.86,10348,68000,113500,178500,58200,15150,46700
2022-04-08,2700.39,10269,67800,112000,176500,58200,15200,46350
2022-04-09,-1.0,-1,-1,-1,-1,-1,-1,-1
2022-04-10,-1.0,-1,-1,-1,-1,-1,-1,-1
2022-04-11,2693.1,10408,67900,111500,179500,59600,15450,47000
2022-04-12,2666.76,10388,67000,111000,178000,59600,15450,46900
2022-04-13,2716.49,10403,68700,113000,181000,59700,15300,47200
2022-04-14,2716.71,10339,67500,110000,177500,59800,15400,47100
2022-04-15,2696.06,10358,66600,108000,177000,59400,15200,46900
2022-04-16,-1.0,-1,-1,-1,-1,-1,-1,-1
2022-04-17,-1.0,-1,-1,-1,-1,-1,-1,-1
2022-04-18,2693.21,10428,66700,109000,178500,59600,15250,46700
2022-04-19,2718.89,10299,67300,112500,181000,59700,15800,47600
2022-04-20,2718.69,10358,67400,112500,183000,60000,16000,47750
2022-04-21,2728.21,10408,67700,113000,183000,60300,16200,48050
2022-04-22,2704.71,10443,67000,110500,180000,61900,16200,48750
2022-04-23,-1.0,-1,-1,-1,-1,-1,-1,-1
2022-04-24,-1.0,-1,-1,-1,-1,-1,-1,-1
2022-04-25,2657.13,10518,66300,108000,182000,60000,15800,47450
2022-04-26,2668.31,10418,66100,111000,187000,60000,15700,47250
2022-04-27,2639.06,10453,65000,108500,187000,57900,15300,46250
2022-04-28,2667.49,10603,64800,109500,188500,59100,15300,47600
2022-04-29,2695.05,10558,67400,112500,186000,58500,14750,47000
2022-04-30,-1.0,-1,-1,-1,-1,-1,-1,-1
2022-05-01,-1.0,-1,-1,-1,-1,-1,-1,-1
2022-05-02,2687.45,10658,67300,110500,187000,58300,14950,46600
2022-05-03,2680.46,10513,67500,110000,183500,58600,15200,46250
2022-05-04,2677.57,10543,67900,109500,184000,59900,15350,47300
2022-05-05,-1.0,-1,-1,-1,-1,-1,-1,-1
2022-05-06,2644.51,10683,66500,107500,182500,59600,15300,47100
2022-05-07,-1.0,-1,-1,-1,-1,-1,-1,-1
2022-05-08,-1.0,-1,-1,-1,-1,-1,-1,-1
2022-05-09,2610.81,10872,66100,107500,181500,58900,15300,47500
2022-05-10,2596.56,10882,65700,110000,180500,58000,14950,45950
2022-05-11,2592.27,10643,65700,110500,183000,56900,14650,44500
2022-05-12,2550.08,10862,64900,109000,180500,57700,15050,44650
2022-05-13,2604.24,10733,66500,112500,186500,58300,15700,45900
2022-05-14,-1.0,-1,-1,-1,-1,-1,-1,-1
2022-05-15,-1.0,-1,-1,-1,-1,-1,-1,-1
2022-05-16,2596.58,10648,66300,110500,184000,58700,15700,46450
2022-05-17,2620.44,10583,67600,112500,185500,58000,15700,46250
2022-05-18,2625.98,10503,68100,113500,185500,58000,14900,46200
2022-05-19,2592.34,10423,67500,111000,182000,56700,14200,45300
2022-05-20,2639.29,10329,68000,112500,186500,57800,14600,46950
2022-05-21,-1.0,-1,-1,-1,-1,-1,-1,-1
2022-05-22,-1.0,-1,-1,-1,-1,-1,-1,-1
2022-05-23,2647.38,10309,67900,113000,188000,58300,14650,47400
2022-05-24,2605.87,10309,66500,108500,185000,59400,14800,47650
2022-05-25,2617.22,10319,66400,108000,183500,59600,14800,47850
2022-05-26,2612.45,10319,65900,103000,184000,59200,14850,48200
2022-05-27,2638.05,10438,66500,106000,185500,59800,14900,49050
2022-05-28,-1.0,-1,-1,-1,-1,-1,-1,-1
2022-05-29,-1.0,-1,-1,-1,-1,-1,-1,-1
2022-05-30,2669.66,10388,67700,107000,187500,60000,14950,49500
2022-05-31,2685.9,10334,67400,108000,189500,60400,14900,49500
2022-06-01,-1.0,-1,-1,-1,-1,-1,-1,-1
2022-06-02,2658.99,10279,66700,107000,187500,58200,14600,47600
2022-06-03,2670.65,10329,66800,107000,187000,58200,14600,47600
2022-06-04,-1.0,-1,-1,-1,-1,-1,-1,-1
2022-06-05,-1.0,-1,-1,-1,-1,-1,-1,-1
2022-06-06,-1.0,-1,-1,-1,-1,-1,-1,-1
2022-06-07,2626.34,10478,65500,104000,183500,57400,14600,46750
2022-06-08,2626.15,10403,65300,106000,183000,57400,14750,46750
2022-06-09,2625.44,10478,65200,105500,182500,57100,14900,46550
2022-06-10,2595.87,10383,63800,103500,184500,55400,14750,46000
2022-06-11,-1.0,-1,-1,-1,-1,-1,-1,-1
2022-06-12,-1.0,-1,-1,-1,-1,-1,-1,-1
2022-06-13,2504.51,10523,62100,99000,175000,53800,14050,44700
2022-06-14,2492.97,10438,61900,99100,171500,54800,14350,45150
2022-06-15,2447.38,10508,60700,97900,174000,54000,14000,44300
2022-06-16,2451.41,10423,60900,97400,173000,52800,13900,43950
2022-06-17,2440.93,10423,59800,96400,170000,52100,13650,42600
2022-06-18,-1.0,-1,-1,-1,-1,-1,-1,-1
2022-06-19,-1.0,-1,-1,-1,-1,-1,-1,-1
2022-06-20,2391.03,10408,58700,94500,170500,51400,13400,41950
2022-06-21,2408.93,10408,58500,95200,172500,50800,13300,42200
2022-06-22,2342.81,10568,57600,92200,171500,48650,12800,40000
2022-06-23,2314.32,10748,57400,90200,171000,47900,12500,40050
2022-06-24,2366.6,10443,58400,91600,173000,49000,12850,40300
2022-06-25,-1.0,-1,-1,-1,-1,-1,-1,-1
2022-06-26,-1.0,-1,-1,-1,-1,-1,-1,-1
2022-06-27,2401.92,10388,58800,95000,183000,48900,12500,39800
2022-06-28,2422.09,10508,59400,95300,186000,49400,12550,40750
2022-06-29,2377.99,10593,58000,94000,175500,48100,12050,39900
2022-06-30,2332.64,10628,57000,91000,180500,48150,12100,39350
2022-10-01,-1.0,-1,-1,-1,-1,-1,-1,-1
2022-10-02,-1.0,-1,-1,-1,-1,-1,-1,-1
2022-10-03,-1.0,-1,-1,-1,-1,-1,-1,-1
2022-10-04,2209.38,10498,55200,86200,179500,44700,11100,37250
2022-10-05,2215.22,10773,56000,89800,177000,46500,11200,38250
2022-10-06,2237.86,10518,56300,89900,178000,45800,11100,37350
2022-10-07,2232.84,10708,56200,91200,175500,45900,11400,37850
2022-10-08,-1.0,-1,-1,-1,-1,-1,-1,-1
2022-10-09,-1.0,-1,-1,-1,-1,-1,-1,-1
2022-10-10,-1.0,-1,-1,-1,-1,-1,-1,-1
2022-10-11,2192.07,10902,55400,90200,168000,44650,11100,36850
2022-10-12,2202.47,10823,55800,94000,168000,44550,11350,37350
2022-10-13,2162.87,10967,55200,94900,164500,44700,11350,37500
2022-10-14,2212.55,10738,56300,95500,167000,46750,11850,38450
2022-10-15,-1.0,-1,-1,-1,-1,-1,-1,-1
2022-10-16,-1.0,-1,-1,-1,-1,-1,-1,-1
2022-10-17,2219.71,10728,56600,95200,167000,45900,11700,38300
2022-10-18,2249.95,10638,56500,95800,168000,47350,11850,39400
2022-10-19,2237.44,10688,55800,92900,168000,47900,12000,39500
2022-10-20,2218.09,10838,55500,90200,168500,46500,12000,39150
2022-10-21,2213.12,10838,55900,90500,167000,46000,11750,38800
2022-10-22,-1.0,-1,-1,-1,-1,-1,-1,-1
2022-10-23,-1.0,-1,-1,-1,-1,-1,-1,-1
2022-10-24,2236.16,10613,57500,91800,161500,45150,11450,37800
2022-10-25,2235.07,10668,57700,93500,162500,45750,11500,38150
2022-10-26,2249.56,10733,59400,93900,160500,45300,11350,39200
2022-10-27,2288.78,10703,59500,90000,162000,47000,11650,41100
2022-10-28,2268.4,10693,57300,83400,164000,47800,11850,41350
2022-10-29,-1.0,-1,-1,-1,-1,-1,-1,-1
2022-10-30,-1.0,-1,-1,-1,-1,-1,-1,-1
2022-10-31,2293.61,10743,59400,82700,164500,48050,11750,41250
2022-11-01,2335.22,10872,60000,83900,164500,47300,11750,41300
2022-11-02,2336.87,10957,59600,84500,165000,47900,11600,41200
2022-11-03,2329.17,10977,59200,82700,162000,47500,11400,40850
2022-11-04,2348.43,11122,59400,84500,163000,47100,11450,40750
2022-11-05,-1.0,-1,-1,-1,-1,-1,-1,-1
2022-11-06,-1.0,-1,-1,-1,-1,-1,-1,-1
2022-11-07,2371.79,11137,60200,86500,169500,47450,11550,40800
2022-11-08,2399.04,11017,61800,87700,170000,47750,11700,40750
2022-11-09,2424.41,11172,62000,89200,169500,49100,11800,41200
2022-11-10,2402.23,11212,60400,89100,169500,49100,11800,40550
2022-11-11,2483.16,10987,62900,93500,172000,49400,11950,41400
2022-11-12,-1.0,-1,-1,-1,-1,-1,-1,-1
2022-11-13,-1.0,-1,-1,-1,-1,-1,-1,-1
2022-11-14,2474.65,11012,61900,90900,176000,49650,11900,41250
2022-11-15,2480.33,10743,62400,91600,174500,49600,11950,40950
2022-11-16,2477.45,10773,62700,91500,172000,50100,12200,41750
2022-11-17,2442.9,10743,61400,87700,170000,48550,11900,41000
2022-11-18,2444.48,10857,61800,88400,169500,49000,11750,41400
2022-11-19,-1.0,-1,-1,-1,-1,-1,-1,-1
2022-11-20,-1.0,-1,-1,-1,-1,-1,-1,-1
2022-11-21,2419.5,10947,61400,86300,168000,49700,12100,41950
2022-11-22,2405.27,11067,60600,85200,165500,49800,12350,42300
2022-11-23,2418.01,10857,61000,85200,166000,49950,12300,42250
2022-11-24,2441.33,10788,61400,86900,167500,51000,12550,43350
2022-11-25,2437.86,10867,61000,85100,166000,50400,12450,43300
2022-11-26,-1.0,-1,-1,-1,-1,-1,-1,-1
2022-11-27,-1.0,-1,-1,-1,-1,-1,-1,-1
2022-11-28,2408.27,11007,60100,83100,167500,49300,12150,41850
2022-11-29,2433.39,10912,60600,83700,169000,51600,12650,43750
2022-11-30,2472.53,11082,62200,85000,169000,52500,13000,44550
2022-12-01,2479.84,10917,62600,84700,171500,53500,13100,46000
2022-12-02,2434.33,10912,60400,81900,169000,52400,12750,45550
2022-12-03,-1.0,-1,-1,-1,-1,-1,-1,-1
2022-12-04,-1.0,-1,-1,-1,-1,-1,-1,-1
2022-12-05,2419.32,10813,60300,81000,165500,52500,12800,45600
2022-12-06,2393.16,10897,59200,81000,164500,52100,12750,45350
2022-12-07,2382.81,10862,58900,78900,163000,50800,12500,44100
2022-12-08,2371.08,10808,59200,78800,162000,50400,12550,44800
2022-12-09,2389.04,10917,60400,81500,162500,52600,12950,46450
2022-12-10,-1.0,-1,-1,-1,-1,-1,-1,-1
2022-12-11,-1.0,-1,-1,-1,-1,-1,-1,-1
2022-12-12,2373.02,10987,59500,81100,163500,53300,12850,47200
2022-12-13,2372.4,10937,59700,82300,159500,53300,12850,46350
2022-12-14,2399.25,10818,60500,81800,163500,52900,12800,46150
2022-12-15,2360.97,10818,59300,80200,162000,51600,12650,44550
2022-12-16,2360.02,10932,59500,78400,162500,51900,12850,44750
2022-12-17,-1.0,-1,-1,-1,-1,-1,-1,-1
2022-12-18,-1.0,-1,-1,-1,-1,-1,-1,-1
2022-12-19,2352.17,10902,59500,79000,159000,52200,12900,44550
2022-12-20,2333.29,11042,58600,78300,157000,52900,12950,44600
2022-12-21,2328.95,10947,58000,78000,156000,52300,12900,45300
2022-12-22,2356.73,10803,59100,79200,158500,52600,12900,45300
2022-12-23,2313.69,11032,58100,77800,157000,51600,12750,44650
2022-12-24,-1.0,-1,-1,-1,-1,-1,-1,-1
2022-12-25,-1.0,-1,-1,-1,-1,-1,-1,-1
2022-12-26,2317.14,10932,57900,77000,158000,51000,12750,44600
2022-12-27,2332.79,10783,58100,77000,158000,51500,13000,45300
2022-12-28,2280.45,10947,56600,76000,154000,49450,11800,42150
2022-12-29,2236.4,10987,55300,75000,151000,48500,11550,42050
2022-12-30,-1.0,-1,-1,-1,-1,-1,-1,-1
2022-12-31,-1.0,-1,-1,-1,-1,-1,-1,-1
2023-07-01,-1.0,-1,-1,-1,-1,-1,-1,-1
2023-07-02,-1.0,-1,-1,-1,-1,-1,-1,-1
2023-07-03,2602.47,8886,73000,117600,208500,48650,11930,40200
2023-07-04,2593.31,8876,73000,117900,208000,48400,11810,39550
2023-07-05,2579.0,8742,72000,116700,205500,47750,11700,39050
2023-07-06,2556.29,8876,71600,113800,206500,46700,11400,38000
2023-07-07,2526.71,8772,69900,111800,204000,46500,11360,37700
2023-07-08,-1.0,-1,-1,-1,-1,-1,-1,-1
2023-07-09,-1.0,-1,-1,-1,-1,-1,-1,-1
2023-07-10,2520.7,8871,69500,110300,205500,46750,11390,37950
2023-07-11,2562.49,8772,71500,113400,207000,47250,11490,38450
2023-07-12,2574.72,8847,71900,115400,203500,47000,11550,38500
2023-07-13,2591.23,8792,71900,114100,203500,47100,11600,38150
2023-07-14,2628.3,8832,73400,118000,208500,48750,11790,39300
2023-07-15,-1.0,-1,-1,-1,-1,-1,-1,-1
2023-07-16,-1.0,-1,-1,-1,-1,-1,-1,-1
2023-07-17,2619.0,8802,73300,117200,203500,48650,11710,39050
2023-07-18,2607.62,8482,72000,117800,201500,48150,11650,39000
2023-07-19,2608.24,8228,71700,117500,202000,48150,11660,38750
2023-07-20,2600.23,8143,71000,116900,200500,48200,11640,38950
2023-07-21,2609.76,8063,70300,115100,200000,48650,11760,39150
2023-07-22,-1.0,-1,-1,-1,-1,-1,-1,-1
2023-07-23,-1.0,-1,-1,-1,-1,-1,-1,-1
2023-07-24,2628.53,8028,70400,114000,199200,47650,11670,38500
2023-07-25,2636.46,7764,70000,113400,200500,47650,11640,38550
2023-07-26,2592.36,8023,69800,113000,198700,49600,11770,39400
2023-07-27,2603.81,8387,71700,124000,197800,51700,12140,41200
2023-07-28,2608.32,8068,70600,128000,196800,51100,11480,39700
2023-07-29,-1.0,-1,-1,-1,-1,-1,-1,-1
2023-07-30,-1.0,-1,-1,-1,-1,-1,-1,-1
2023-07-31,2632.58,7834,69800,123400,196000,51000,11650,39300
2023-08-01,2667.07,7963,71100,125100,199400,52800,11700,39900
2023-08-02,2616.47,8138,69900,119500,192500,52600,11650,39400
2023-08-03,2605.39,7884,68800,120000,191700,51200,11570,38450
2023-08-04,2602.8,7963,68300,120100,192200,52000,11600,38550
2023-08-05,-1.0,-1,-1,-1,-1,-1,-1,-1
2023-08-06,-1.0,-1,-1,-1,-1,-1,-1,-1
2023-08-07,2580.71,8243,68500,121900,188000,51200,11530,38550
2023-08-08,2573.98,8203,67600,118600,188400,51800,11520,38450
2023-08-09,2605.12,8093,68900,118500,189400,50800,11420,37900
2023-08-10,2601.56,8038,68000,118500,188400,51400,11390,37900
2023-08-11,2591.26,8068,67500,115300,190500,51600,11420,38200
2023-08-12,-1.0,-1,-1,-1,-1,-1,-1,-1
2023-08-13,-1.0,-1,-1,-1,-1,-1,-1,-1
2023-08-14,2570.87,8143,67300,114900,188800,51600,11440,38300
2023-08-15,-1.0,-1,-1,-1,-1,-1,-1,-1
2023-08-16,2525.64,8238,67000,115800,185800,51000,11320,37850
2023-08-17,2519.85,8048,66700,114800,184800,51800,11360,38000
2023-08-18,2504.5,8093,66300,117200,186100,52000,11380,37550
2023-08-19,-1.0,-1,-1,-1,-1,-1,-1,-1
2023-08-20,-1.0,-1,-1,-1,-1,-1,-1,-1
2023-08-21,2508.8,7923,66600,116400,186100,51800,11460,38050
2023-08-22,2515.74,7859,66600,116500,187900,52200,11450,38100
2023-08-23,2505.5,8003,67100,116000,187500,52600,11570,38800
2023-08-24,2537.68,7943,68200,120900,186400,53200,11600,38550
2023-08-25,2519.14,7859,67100,116500,186200,52500,11560,38750
2023-08-26,-1.0,-1,-1,-1,-1,-1,-1,-1
2023-08-27,-1.0,-1,-1,-1,-1,-1,-1,-1
2023-08-28,2543.41,7859,66800,115900,185400,52600,11650,39050
2023-08-29,2552.16,7864,66800,118600,186700,52900,11710,39400
2023-08-30,2561.22,7844,67100,119400,187800,52600,11690,39150
2023-08-31,2556.27,7844,66900,121800,189100,54100,11910,39550
2023-09-01,2563.71,8018,71000,120000,187400,53600,11870,39500
2023-09-02,-1.0,-1,-1,-1,-1,-1,-1,-1
2023-09-03,-1.0,-1,-1,-1,-1,-1,-1,-1
2023-09-04,2584.55,8123,71200,119200,187300,54000,11900,39850
2023-09-05,2582.18,8168,70700,119400,186600,53900,11900,39650
2023-09-06,2563.34,8208,70000,118200,186700,54300,11950,39950
2023-09-07,2548.26,8278,70400,118500,187200,54200,11950,40100
2023-09-08,2547.68,8183,70300,113700,185700,54100,12000,40150
2023-09-09,-1.0,-1,-1,-1,-1,-1,-1,-1
2023-09-10,-1.0,-1,-1,-1,-1,-1,-1,-1
2023-09-11,2556.88,8263,70800,115900,185500,55200,12100,40700
2023-09-12,2536.58,8318,70500,116700,186200,54800,12050,40650
2023-09-13,2534.7,8452,70900,118500,189800,55500,12250,41300
2023-09-14,2572.89,8437,71700,122200,190700,56100,12270,41650
2023-09-15,2601.28,8502,72000,122400,192200,57300,12590,43500
2023-09-16,-1.0,-1,-1,-1,-1,-1,-1,-1
2023-09-17,-1.0,-1,-1,-1,-1,-1,-1,-1
2023-09-18,2574.72,8497,70200,119000,191000,57200,12560,43400
2023-09-19,2559.21,8467,69800,119200,190000,56200,12490,43250
2023-09-20,2559.74,8412,69600,118000,194900,56800,12560,44000
2023-09-21,2514.97,8477,68900,116500,191900,57300,12510,44250
2023-09-22,2508.13,8467,68800,117300,191500,57500,12530,44400
2023-09-23,-1.0,-1,-1,-1,-1,-1,-1,-1
2023-09-24,-1.0,-1,-1,-1,-1,-1,-1,-1
2023-09-25,2495.76,8622,69400,117000,192900,57400,12430,43950
2023-09-26,2462.97,8627,68600,115000,190700,55700,12220,42600
2023-09-27,2465.07,8527,68400,114700,191100,55300,12260,42450
2023-09-28,-1.0,-1,-1,-1,-1,-1,-1,-1
2023-09-29,-1.0,-1,-1,-1,-1,-1,-1,-1
2023-09-30,-1.0,-1,-1,-1,-1,-1,-1,-1
2023-10-01,-1.0,-1,-1,-1,-1,-1,-1,-1
2023-10-02,-1.0,-1,-1,-1,-1,-1,-1,-1
2023-10-03,-1.0,-1,-1,-1,-1,-1,-1,-1
2023-10-04,2405.69,8647,67500,115400,190800,54700,12040,41400
2023-10-05,2403.6,8672,66700,120200,190500,53600,11980,40900
2023-10-06,2408.73,8537,66000,120400,192200,55800,12310,42800
2023-10-07,-1.0,-1,-1,-1,-1,-1,-1,-1
2023-10-08,-1.0,-1,-1,-1,-1,-1,-1,-1
2023-10-09,-1.0,-1,-1,-1,-1,-1,-1,-1
2023-10-10,2402.58,8797,66400,119500,188400,56600,12420,43150
2023-10-11,2450.08,8662,68200,119200,189400,55600,12460,42550
2023-10-12,2479.82,8537,68900,124200,188000,56500,12520,43250
2023-10-13,2456.15,8642,68000,124700,187100,56600,12540,43500
2023-10-14,-1.0,-1,-1,-1,-1,-1,-1,-1
2023-10-15,-1.0,-1,-1,-1,-1,-1,-1,-1
2023-10-16,2436.24,8662,67300,124100,186800,56600,12580,43700
2023-10-17,2460.17,8677,69400,130000,188500,56400,12510,43150
2023-10-18,2462.6,8842,70500,130000,191800,57700,12730,44000
2023-10-19,2415.8,8931,69500,125700,188900,57200,12550,43750
2023-10-20,2375.0,8971,68800,126200,183500,56800,12530,43400
2023-10-21,-1.0,-1,-1,-1,-1,-1,-1,-1
2023-10-22,-1.0,-1,-1,-1,-1,-1,-1,-1
2023-10-23,2357.02,8936,68400,124000,185400,55200,12290,42300
2023-10-24,2383.51,8742,68500,126800,182800,55600,12280,42250
2023-10-25,2363.17,8941,68000,127500,182000,54400,12370,42550
2023-10-26,2299.08,9056,66700,120000,179500,53300,12200,41800
2023-10-27,2302.81,8966,67300,119100,175600,52500,12050,41200
2023-10-28,-1.0,-1,-1,-1,-1,-1,-1,-1
2023-10-29,-1.0,-1,-1,-1,-1,-1,-1,-1
2023-10-30,2310.55,8901,67300,119100,172500,51100,11880,39650
2023-10-31,2277.99,9076,66900,116300,169700,51500,11900,39200
2023-11-01,2301.56,9226,68600,120300,170300,51300,12060,39600
2023-11-02,2343.12,8867,69700,125300,172000,51000,12030,39000
2023-11-03,2368.34,8926,69600,125800,173400,52600,12140,40250
2023-11-04,-1.0,-1,-1,-1,-1,-1,-1,-1
2023-11-05,-1.0,-1,-1,-1,-1,-1,-1,-1
2023-11-06,2502.37,8078,70900,133000,177900,55700,12570,42250
2023-11-07,2443.96,8303,70900,130400,176100,52300,12410,40850
2023-11-08,2421.62,8437,69900,127600,174800,52100,12250,40450
2023-11-09,2427.08,8597,70300,128000,174700,53400,12280,40500
2023-11-10,2409.66,8722,70500,130500,173700,53500,12320,40800
2023-11-11,-1.0,-1,-1,-1,-1,-1,-1,-1
2023-11-12,-1.0,-1,-1,-1,-1,-1,-1,-1
2023-11-13,2403.76,8832,70400,131800,173300,52900,12400,40800
2023-11-14,2433.25,8687,70800,130000,175200,53500,12540,41300
2023-11-15,2486.67,8727,72200,134100,182500,54600,12620,41900
2023-11-16,2488.18,8757,72800,132300,184800,54300,12600,42000
2023-11-17,2469.85,8886,72500,129900,184400,54600,12510,41600
2023-11-18,-1.0,-1,-1,-1,-1,-1,-1,-1
2023-11-19,-1.0,-1,-1,-1,-1,-1,-1,-1
2023-11-20,2491.2,8732,72700,131400,183600,53900,12490,41600
2023-11-21,2510.42,8772,72800,132000,184200,54100,12720,41900
2023-11-22,2511.7,8852,72800,131300,183000,54500,12700,41800
2023-11-23,2514.96,8807,72400,130100,184800,54300,12710,42300
2023-11-24,2496.63,8807,71700,128000,184000,53700,12700,41750
2023-11-25,-1.0,-1,-1,-1,-1,-1,-1,-1
2023-11-26,-1.0,-1,-1,-1,-1,-1,-1,-1
2023-11-27,2495.66,8822,71300,130700,184900,52400,12750,41550
2023-11-28,2521.76,8827,72700,131400,185700,52400,12920,41600
2023-11-29,2519.81,8717,72700,130400,184800,51700,12800,41250
2023-11-30,2535.29,8647,72800,133900,184300,52400,13020,41650
2023-12-01,2505.01,8592,72000,132600,182800,51900,12910,41850
2023-12-02,-1.0,-1,-1,-1,-1,-1,-1,-1
2023-12-03,-1.0,-1,-1,-1,-1,-1,-1,-1
2023-12-04,2514.95,8607,72600,131100,181600,51500,12870,41700
2023-12-05,2494.28,8677,71200,125900,181400,51500,12900,41600
2023-12-06,2495.38,8632,71700,125600,182900,52000,12810,41600
2023-12-07,2492.07,8682,71500,125600,182600,51400,12800,41150
2023-12-08,2517.85,8542,72600,127500,185100,51800,12810,41450
2023-12-09,-1.0,-1,-1,-1,-1,-1,-1,-1
2023-12-10,-1.0,-1,-1,-1,-1,-1,-1,-1
2023-12-11,2525.36,8517,73000,128900,185400,51600,12830,41600
2023-12-12,2535.27,8467,73500,131000,185600,52100,12940,42100
2023-12-13,2510.66,8567,72800,131200,185000,51500,12940,41650
2023-12-14,2544.18,8477,73100,136700,184800,51900,12980,41850
2023-12-15,2563.56,8517,73300,140000,192800,53200,13040,42950
2023-12-16,-1.0,-1,-1,-1,-1,-1,-1,-1
2023-12-17,-1.0,-1,-1,-1,-1,-1,-1,-1
2023-12-18,2566.86,8392,72900,140000,192000,52500,12920,42350
2023-12-19,2568.55,8278,73400,138200,192200,52000,12900,42200
2023-12-20,2614.3,8392,74800,140500,199100,53200,12990,43000
2023-12-21,2600.02,8373,75000,140500,198700,53100,12980,43050
2023-12-22,2599.51,8552,75900,140600,199000,52500,13000,42900
2023-12-23,-1.0,-1,-1,-1,-1,-1,-1,-1
2023-12-24,-1.0,-1,-1,-1,-1,-1,-1,-1
2023-12-25,-1.0,-1,-1,-1,-1,-1,-1,-1
2023-12-26,2602.59,8622,76600,140900,198800,52500,13000,43450
2023-12-27,2613.5,8512,78000,140400,198500,52300,12890,42800
2023-12-28,2655.28,8627,78500,141500,203500,54100,13000,43400
2023-12-29,-1.0,-1,-1,-1,-1,-1,-1,-1
2023-12-30,-1.0,-1,-1,-1,-1,-1,-1,-1
2023-12-31,-1.0,-1,-1,-1,-1,-1,-1,-1
2024-01-01,-1.0,-1,-1,-1,-1,-1,-1,-1
2024-01-02,2669.81,8592,79600,142400,200500,53600,12840,42800
2024-01-03,2607.31,8567,77000,136800,193800,52600,12690,42350
2024-01-04,2587.02,8577,76600,136400,190000,51700,12470,41350
2024-01-05,2578.08,8382,76600,137500,187300,51300,12490,41500
2024-01-06,-1.0,-1,-1,-1,-1,-1,-1,-1
2024-01-07,-1.0,-1,-1,-1,-1,-1,-1,-1
2024-01-08,2567.82,8363,76500,136000,185700,52200,12530,41250
2024-01-09,2561.24,8273,74700,137400,185600,52400,12590,41650
2024-01-10,2541.98,8283,73600,133500,186700,51300,12480,41150
2024-01-11,2540.27,8203,73200,136000,187000,51000,12470,41250
2024-01-12,2525.05,8293,73100,134100,186000,51000,12540,41450
2024-01-13,-1.0,-1,-1,-1,-1,-1,-1,-1
2024-01-14,-1.0,-1,-1,-1,-1,-1,-1,-1
2024-01-15,2525.99,8447,73900,134100,187500,51600,12620,42500
2024-01-16,2497.59,8373,72600,132100,186200,51100,12530,41550
2024-01-17,2435.9,8348,71000,131000,181800,49800,12450,41300
2024-01-18,2440.04,8353,71700,136200,180200,49400,12470,41100
2024-01-19,2472.74,8527,74700,141300,181700,49500,12620,41200
2024-01-20,-1.0,-1,-1,-1,-1,-1,-1,-1
2024-01-21,-1.0,-1,-1,-1,-1,-1,-1,-1
2024-01-22,2464.35,8632,75100,142600,180100,49300,12610,41250
2024-01-23,2478.61,8672,75200,140800,184800,51400,12800,42900
2024-01-24,2469.69,8652,74000,141500,185000,52100,13000,43600
2024-01-25,2470.34,8817,74100,137400,188700,52900,13030,43750
2024-01-26,2478.56,8597,73400,136000,187300,53800,13130,44850
2024-01-27,-1.0,-1,-1,-1,-1,-1,-1,-1
2024-01-28,-1.0,-1,-1,-1,-1,-1,-1,-1
2024-01-29,2500.65,8886,74400,135000,195600,55600,13480,46400
2024-01-30,2498.81,8837,74300,136900,190000,55900,13490,46300
2024-01-31,2497.09,9001,72700,134700,194600,56600,13880,47800
2024-02-01,2542.46,9101,73600,132700,208000,61300,14410,52000
2024-02-02,2615.31,9136,75200,134900,227000,66300,14710,55900
2024-02-03,-1.0,-1,-1,-1,-1,-1,-1,-1
2024-02-04,-1.0,-1,-1,-1,-1,-1,-1,-1
2024-02-05,2591.31,9201,74300,132300,238000,62700,14750,55200
2024-02-06,2576.2,9206,74400,138000,235500,63100,14580,54300
2024-02-07,2609.58,9211,75000,138000,245000,64700,14500,55600
2024-02-08,2620.32,9006,74100,142800,250000,67600,14610,56600
2024-02-09,-1.0,-1,-1,-1,-1,-1,-1,-1
2024-02-10,-1.0,-1,-1,-1,-1,-1,-1,-1
2024-02-11,-1.0,-1,-1,-1,-1,-1,-1,-1
2024-02-12,-1.0,-1,-1,-1,-1,-1,-1,-1
2024-02-13,2649.64,8926,75200,150000,249000,69700,14380,55500
2024-02-14,2620.42,8752,74000,148700,245500,67300,14020,53400
2024-02-15,2613.8,8697,73000,148700,240000,65100,14120,53000
2024-02-16,2648.76,8742,72800,146800,252500,67700,14750,55700
2024-02-17,-1.0,-1,-1,-1,-1,-1,-1,-1
2024-02-18,-1.0,-1,-1,-1,-1,-1,-1,-1
2024-02-19,2680.26,8847,73800,151300,252500,68800,15060,58900
2024-02-20,2657.79,8707,73300,149600,242000,67900,14660,56200
2024-02-21,2653.31,8662,73000,149000,239500,65100,14800,56000
2024-02-22,2664.27,8662,73100,156500,243500,64900,14830,57000
2024-02-23,2667.7,8662,72900,161400,244000,65800,14920,58900
2024-02-24,-1.0,-1,-1,-1,-1,-1,-1,-1
2024-02-25,-1.0,-1,-1,-1,-1,-1,-1,-1
2024-02-26,2647.08,8547,72800,161800,239000,62500,14630,55400
2024-02-27,2625.05,8617,72900,153800,238500,62400,14940,54700
2024-02-28,2652.29,8572,73200,158000,248000,62300,14520,55600
2024-02-29,2642.36,8487,73400,156200,250500,63500,14900,56600
2024-03-01,-1.0,-1,-1,-1,-1,-1,-1,-1
2024-03-02,-1.0,-1,-1,-1,-1,-1,-1,-1
2024-03-03,-1.0,-1,-1,-1,-1,-1,-1,-1
2024-03-04,2674.27,8457,74900,166500,255500,69000,14640,60200
2024-03-05,2649.4,8437,73700,165800,249000,69500,14470,59700
2024-03-06,2641.49,8368,72900,162900,251000,69800,14500,59200
2024-03-07,2647.62,8422,72200,164900,250000,71200,14470,59800
2024-03-08,2680.35,8368,73300,171900,253000,70900,14290,59700
2024-03-09,-1.0,-1,-1,-1,-1,-1,-1,-1
2024-03-10,-1.0,-1,-1,-1,-1,-1,-1,-1
2024-03-11,2659.84,8263,72400,166600,243500,70700,14250,59500
2024-03-12,2681.81,8103,73300,165700,241500,73200,14270,59500
2024-03-13,2693.57,8188,74100,163600,248500,77500,14600,60800
2024-03-14,2718.76,8263,74300,161900,251500,78600,15160,64600
2024-03-15,2666.84,8208,72300,161200,243500,76200,15230,62100
2024-03-16,-1.0,-1,-1,-1,-1,-1,-1,-1
2024-03-17,-1.0,-1,-1,-1,-1,-1,-1,-1
2024-03-18,2685.84,8093,72800,164300,242500,74400,14910,62000
2024-03-19,2656.17,7993,72800,160200,237500,72500,14660,61400
2024-03-20,2690.14,8153,76900,156500,241000,73800,14710,62000
2024-03-21,2754.86,8203,79300,170000,252000,76100,15290,63900
2024-03-22,2748.56,8188,78900,169800,243500,74900,15200,64000
2024-03-23,-1.0,-1,-1,-1,-1,-1,-1,-1
2024-03-24,-1.0,-1,-1,-1,-1,-1,-1,-1
2024-03-25,2737.57,7968,78200,169400,239500,72000,15130,62600
2024-03-26,2757.09,7988,79900,176600,240500,71800,15120,61400
2024-03-27,2755.11,8048,79800,181200,244000,69000,14610,58900
2024-03-28,2745.82,8088,80800,178200,237000,70300,14590,58900
2024-03-29,2746.63,8223,82400,183000,233000,69500,14320,57700
2024-03-30,-1.0,-1,-1,-1,-1,-1,-1,-1
2024-03-31,-1.0,-1,-1,-1,-1,-1,-1,-1
2024-04-01,2747.86,8193,82000,185500,227500,68400,14070,56400
2024-04-02,2753.16,8482,85000,186300,220000,68900,14050,56500
2024-04-03,2706.97,8517,84100,179200,216000,67300,13760,55600
2024-04-04,2742.0,8622,85300,188000,226000,69500,14010,58300
2024-04-05,2714.21,8672,84500,182800,225500,69100,13930,57800
2024-04-06,-1.0,-1,-1,-1,-1,-1,-1,-1
2024-04-07,-1.0,-1,-1,-1,-1,-1,-1,-1
2024-04-08,2717.65,8742,84500,181200,232500,69300,14030,59200
2024-04-09,2705.16,8687,83600,182900,228000,69100,13910,58100
2024-04-10,-1.0,-1,-1,-1,-1,-1,-1,-1
2024-04-11,2706.96,8722,84100,188400,241000,68300,13770,58000
2024-04-12,2681.82,8657,83700,187400,238000,66300,13410,55000
2024-04-13,-1.0,-1,-1,-1,-1,-1,-1,-1
2024-04-14,-1.0,-1,-1,-1,-1,-1,-1,-1
2024-04-15,2670.43,8642,82200,188200,241500,66200,13560,55400
2024-04-16,2609.63,8607,80000,179100,242000,64400,13400,53600
2024-04-17,2584.18,8602,78900,178700,233500,63100,13170,52300
2024-04-18,2634.7,8492,79600,182300,231000,64000,13500,53500
2024-04-19,2591.86,8452,77600,173300,235000,63700,13540,52400
2024-04-20,-1.0,-1,-1,-1,-1,-1,-1,-1
2024-04-21,-1.0,-1,-1,-1,-1,-1,-1,-1
2024-04-22,2629.44,8467,76100,171600,245000,69500,14150,57000
2024-04-23,2623.02,8432,75500,171000,249500,70200,14200,57600
2024-04-24,2675.75,8417,78600,179800,252500,68900,14120,56500
2024-04-25,2628.62,8368,76300,170600,250000,69300,14020,56600
2024-04-26,2656.33,8417,76700,177800,249500,76000,14350,60000
2024-04-27,-1.0,-1,-1,-1,-1,-1,-1,-1
2024-04-28,-1.0,-1,-1,-1,-1,-1,-1,-1
2024-04-29,2687.44,8392,76700,175900,251500,76600,14190,59700
2024-04-30,2692.06,8417,77500,174200,251000,75600,14230,58700
2024-05-01,-1.0,-1,-1,-1,-1,-1,-1,-1
2024-05-02,2683.65,8427,78000,173600,249000,72300,13980,57000
2024-05-03,2676.63,8462,77600,173200,241000,73700,14130,58000
2024-05-04,-1.0,-1,-1,-1,-1,-1,-1,-1
2024-05-05,-1.0,-1,-1,-1,-1,-1,-1,-1
2024-05-06,-1.0,-1,-1,-1,-1,-1,-1,-1
2024-05-07,2734.36,8607,81300,179600,242000,73900,14190,58100
2024-05-08,2745.05,8632,81300,178000,242000,77700,14500,60600
2024-05-09,2712.14,8572,79700,175400,237000,76600,14340,59500
2024-05-10,2727.63,8702,79200,179900,241500,79300,14530,62100
2024-05-11,-1.0,-1,-1,-1,-1,-1,-1,-1
2024-05-12,-1.0,-1,-1,-1,-1,-1,-1,-1
2024-05-13,2727.21,8827,78400,183800,245000,81600,14590,63600
2024-05-14,2730.34,8782,78300,185300,246500,79600,14440,61400
2024-05-15,-1.0,-1,-1,-1,-1,-1,-1,-1
2024-05-16,2753.0,8817,78200,193000,247000,81000,14640,63600
2024-05-17,2724.62,9086,77400,189900,244000,80100,14580,63100
2024-05-18,-1.0,-1,-1,-1,-1,-1,-1,-1
2024-05-19,-1.0,-1,-1,-1,-1,-1,-1,-1
2024-05-20,2742.14,9146,78900,190100,250500,81600,14740,64300
2024-05-21,2724.18,9106,78400,192000,253000,81600,14870,63400
2024-05-22,2723.46,9096,77700,197700,277000,79100,14820,62300
2024-05-23,2721.81,9131,78300,200000,271500,77300,14480,61300
2024-05-24,2687.6,9051,75900,198600,267500,76900,14430,61100
2024-05-25,-1.0,-1,-1,-1,-1,-1,-1,-1
2024-05-26,-1.0,-1,-1,-1,-1,-1,-1,-1
2024-05-27,2722.99,9026,77200,201500,265500,76300,14350,62300
2024-05-28,2722.85,9071,77600,202500,265000,77100,14220,61700
2024-05-29,2677.3,9091,75200,202500,261000,78100,14240,61500
2024-05-30,2635.44,8996,73500,195700,257000,78700,14030,60900
2024-05-31,2636.52,8881,73500,189200,253000,79400,14170,61700
2024-06-01,-1.0,-1,-1,-1,-1,-1,-1,-1
2024-06-02,-1.0,-1,-1,-1,-1,-1,-1,-1
2024-06-03,2682.52,9021,75700,194200,265000,79300,14250,62700
2024-06-04,2662.1,8832,75300,193300,259000,77600,14070,60400
2024-06-05,2689.5,8807,77400,193700,264000,77400,14080,59700
2024-06-06,-1.0,-1,-1,-1,-1,-1,-1,-1
2024-06-07,2722.67,8697,77300,207500,265000,79600,14280,60400
2024-06-08,-1.0,-1,-1,-1,-1,-1,-1,-1
2024-06-09,-1.0,-1,-1,-1,-1,-1,-1,-1
2024-06-10,2701.17,8702,75700,208000,267500,78400,14100,59700
2024-06-11,2705.32,8607,75200,212500,271000,78400,14100,59700
2024-06-12,2728.17,8692,76500,215000,270000,79100,14180,60300
2024-06-13,2754.89,8817,78600,222000,269000,81000,13960,59600
2024-06-14,2758.42,8946,79600,221000,268000,80900,14120,58600
2024-06-15,-1.0,-1,-1,-1,-1,-1,-1,-1
2024-06-16,-1.0,-1,-1,-1,-1,-1,-1,-1
2024-06-17,2744.1,8931,78100,223000,278500,78300,13950,58500
2024-06-18,2763.92,9011,79800,234500,283000,77400,14120,58400
2024-06-19,2797.33,9131,81200,233500,286500,78900,14140,59000
2024-06-20,2807.63,9211,81600,237500,285500,80800,14360,60200
2024-06-21,2784.26,9141,80000,234000,280000,78600,14240,59900
2024-06-22,-1.0,-1,-1,-1,-1,-1,-1,-1
2024-06-23,-1.0,-1,-1,-1,-1,-1,-1,-1
2024-06-24,2764.73,9186,80600,223000,281000,80000,14490,59900
2024-06-25,2774.39,9191,80800,225000,288500,79000,14630,60500
2024-06-26,2792.05,9271,81300,237000,289500,78900,14470,60400
2024-06-27,2784.06,9286,81600,236500,298000,78500,14450,60400
2024-06-28,2797.82,9336,81500,236500,295000,78500,14690,60700
2024-06-29,-1.0,-1,-1,-1,-1,-1,-1,-1
2024-06-30,-1.0,-1,-1,-1,-1,-1,-1,-1
2024-07-01,2804.31,9196,81800,235500,286000,79600,14400,60200
2024-07-02,2780.86,9346,81800,232000,272500,83200,14480,62900
2024-07-03,2794.01,9161,81800,236000,276000,84400,14640,64600
2024-07-04,2824.94,9181,84600,230000,277500,85900,14850,65800
2024-07-05,2862.23,9206,87100,236000,281000,88200,14760,66200
2024-07-06,-1.0,-1,-1,-1,-1,-1,-1,-1
2024-07-07,-1.0,-1,-1,-1,-1,-1,-1,-1
2024-07-08,2857.76,9061,87400,233500,283000,86900,14740,64100
2024-07-09,2867.38,9106,87800,238500,274500,85200,14690,62400
2024-07-10,2867.99,9146,87800,239000,274500,83600,14660,61700
2024-07-11,2891.35,9271,87600,241000,278500,85400,14880,62000
2024-07-12,2857.0,9191,84400,233000,271500,87000,14840,62400
2024-07-13,-1.0,-1,-1,-1,-1,-1,-1,-1
2024-07-14,-1.0,-1,-1,-1,-1,-1,-1,-1
2024-07-15,2860.92,9186,86700,230000,268500,85700,14750,62000
2024-07-16,2866.09,9365,87700,233000,274500,84100,14770,62100
2024-07-17,2843.29,9430,86700,220500,268500,84100,14860,62000
2024-07-18,2824.35,9420,86900,212500,260500,84400,14900,61800
2024-07-19,2795.46,9216,84400,209500,258500,84800,14870,62700
2024-07-20,-1.0,-1,-1,-1,-1,-1,-1,-1
2024-07-21,-1.0,-1,-1,-1,-1,-1,-1,-1
2024-07-22,2763.51,9375,83000,205000,255000,86500,14930,63600
2024-07-23,2774.29,9346,83900,205000,263500,88300,14860,63300
2024-07-24,2758.71,9256,82000,208500,258500,84600,14670,61600
2024-07-25,2710.65,9281,80400,190000,251500,84000,14530,60900
2024-07-26,2731.9,9341,80900,191800,243500,87900,16180,63500
2024-07-27,-1.0,-1,-1,-1,-1,-1,-1,-1
2024-07-28,-1.0,-1,-1,-1,-1,-1,-1,-1
2024-07-29,2765.53,9311,81200,195600,255500,90800,16330,63000
2024-07-30,2738.19,9241,81000,188900,250000,89300,15680,64000
2024-07-31,2770.69,9365,83900,194600,249000,87900,15740,64700
2024-08-01,2777.68,9256,83100,193300,253500,88300,15830,64500
2024-08-02,2676.19,9286,79600,173200,244000,83200,15130,62000
2024-08-03,-1.0,-1,-1,-1,-1,-1,-1,-1
2024-08-04,-1.0,-1,-1,-1,-1,-1,-1,-1
2024-08-05,2441.55,9440,71400,156100,224000,76800,13980,56700
2024-08-06,2522.15,9086,72500,163700,235000,79500,14150,57800
2024-08-07,2568.41,9076,74700,169300,236000,81600,14530,59400
2024-08-08,2556.73,9061,73400,163400,236500,82200,14450,59600
2024-08-09,2588.43,8946,74700,171500,243000,81900,14670,60300
2024-08-10,-1.0,-1,-1,-1,-1,-1,-1,-1
2024-08-11,-1.0,-1,-1,-1,-1,-1,-1,-1
2024-08-12,2618.3,9001,75500,177000,243500,82500,14750,60500
2024-08-13,2621.5,9091,76100,181900,243000,84600,15020,60900
2024-08-14,2644.5,9061,77200,186700,241000,84400,15270,61200
2024-08-15,-1.0,-1,-1,-1,-1,-1,-1,-1
2024-08-16,2697.23,9096,80200,199700,255000,84000,15420,61000
2024-08-17,-1.0,-1,-1,-1,-1,-1,-1,-1
2024-08-18,-1.0,-1,-1,-1,-1,-1,-1,-1
2024-08-19,2674.36,9136,78300,193900,255000,87000,16040,62900
2024-08-20,2696.63,9141,78900,199700,256000,89900,16510,64500
2024-08-21,2701.13,9231,78300,192600,252500,87200,16450,65500
2024-08-22,2707.67,9316,78300,191100,248000,86500,16600,66500
2024-08-23,2701.69,9231,77700,185500,252500,86800,16540,67300
2024-08-24,-1.0,-1,-1,-1,-1,-1,-1,-1
2024-08-25,-1.0,-1,-1,-1,-1,-1,-1,-1
2024-08-26,2698.01,9286,76100,179600,249500,88500,16560,68800
2024-08-27,2689.25,9316,75800,175000,247500,87800,16280,66000
2024-08-28,2689.83,9316,76400,179300,259000,85800,16030,63300
2024-08-29,2662.28,9266,74000,169700,258500,86900,16030,63000
2024-08-30,2674.31,9171,74300,173700,255500,85900,16020,61900
2024-08-31,-1.0,-1,-1,-1,-1,-1,-1,-1
2024-09-01,-1.0,-1,-1,-1,-1,-1,-1,-1
2024-09-02,2681.0,9116,74400,174000,246000,87700,16290,63400
2024-09-03,2664.63,9191,72500,168300,237500,87000,16230,63900
2024-09-04,2580.8,9231,70000,154800,232500,83600,16000,62700
2024-09-05,2575.5,9291,69000,159400,229000,84600,16050,62900
2024-09-06,2544.28,9475,68900,156400,227500,83300,15970,62900
2024-09-07,-1.0,-1,-1,-1,-1,-1,-1,-1
2024-09-08,-1.0,-1,-1,-1,-1,-1,-1,-1
2024-09-09,2535.93,9296,67500,157000,229500,82300,15770,61200
2024-09-10,2523.43,9415,66200,155500,231000,82900,15600,61500
2024-09-11,2513.37,9271,64900,157200,223500,77900,14920,57500
2024-09-12,2572.09,9111,66300,168800,232000,78100,15160,58300
2024-09-13,2575.41,9166,64400,162800,237000,81800,15420,60700
2024-09-14,-1.0,-1,-1,-1,-1,-1,-1,-1
2024-09-15,-1.0,-1,-1,-1,-1,-1,-1,-1
2024-09-16,-1.0,-1,-1,-1,-1,-1,-1,-1
2024-09-17,-1.0,-1,-1,-1,-1,-1,-1,-1
2024-09-18,-1.0,-1,-1,-1,-1,-1,-1,-1
2024-09-19,2580.8,9066,63100,152800,246000,82500,15800,61600
2024-09-20,2593.37,8921,63000,157100,250500,83600,15650,61600
2024-09-21,-1.0,-1,-1,-1,-1,-1,-1,-1
2024-09-22,-1.0,-1,-1,-1,-1,-1,-1,-1
2024-09-23,2602.01,8822,62600,162000,249000,85000,15710,61700
2024-09-24,2631.68,8697,63200,163500,253000,82000,15750,59600
2024-09-25,2596.32,8792,62200,165300,251500,78100,15540,57700
2024-09-26,2671.57,8827,64700,180900,259000,81200,16100,60900
2024-09-27,2649.78,8857,64200,183800,254500,83800,15860,60700
2024-09-28,-1.0,-1,-1,-1,-1,-1,-1,-1
2024-09-29,-1.0,-1,-1,-1,-1,-1,-1,-1
2024-09-30,2593.27,8772,61500,174600,244000,80900,15500,58800
2024-10-01,-1.0,-1,-1,-1,-1,-1,-1,-1
2024-10-02,2561.69,8617,61300,169100,237000,81300,15460,59500
2024-10-03,-1.0,-1,-1,-1,-1,-1,-1,-1
2024-10-04,2569.71,8522,60600,174100,239500,82600,15590,59500
2024-10-05,-1.0,-1,-1,-1,-1,-1,-1,-1
2024-10-06,-1.0,-1,-1,-1,-1,-1,-1,-1
2024-10-07,2610.38,8512,61000,184900,247000,87300,15990,61600
2024-10-08,2594.36,8457,60300,178000,246000,89400,15850,61300
2024-10-09,-1.0,-1,-1,-1,-1,-1,-1,-1
2024-10-10,2599.16,8527,58900,186700,246000,89900,16000,61400
2024-10-11,2596.91,8622,59300,186000,248500,91300,15910,61000
2024-10-12,-1.0,-1,-1,-1,-1,-1,-1,-1
2024-10-13,-1.0,-1,-1,-1,-1,-1,-1,-1
2024-10-14,2623.29,8782,60800,187500,248500,97200,16540,63800
2024-10-15,2633.45,8732,61000,192900,246000,95600,16570,64400
2024-10-16,2610.36,8782,59500,188700,247000,95400,16470,65800
2024-10-17,2609.3,8822,59700,196000,235500,93700,16420,65700
2024-10-18,2593.82,8906,59200,187300,234500,94400,16410,65600
2024-10-19,-1.0,-1,-1,-1,-1,-1,-1,-1
2024-10-20,-1.0,-1,-1,-1,-1,-1,-1,-1
2024-10-21,2604.92,8802,59000,190900,237000,93500,16440,64900
2024-10-22,2570.7,8966,57700,187800,234500,94100,16620,64600
2024-10-23,2599.62,8956,59100,196000,241000,94300,16590,64400
2024-10-24,2581.03,8986,56600,198200,228500,93200,16650,63900
2024-10-25,2583.27,9066,55900,201000,225500,101000,17080,66500
2024-10-26,-1.0,-1,-1,-1,-1,-1,-1,-1
2024-10-27,-1.0,-1,-1,-1,-1,-1,-1,-1
2024-10-28,2612.43,8966,58100,196000,226500,96200,16060,65400
2024-10-29,2617.8,8906,59600,190300,224000,95500,16160,65000
2024-10-30,2593.79,8911,59100,195000,220500,93900,15900,62600
2024-10-31,2556.15,8732,59200,186300,215000,90300,15430,59900
2024-11-01,2542.36,8847,58300,182200,213500,91800,15750,61100
2024-11-02,-1.0,-1,-1,-1,-1,-1,-1,-1
2024-11-03,-1.0,-1,-1,-1,-1,-1,-1,-1
2024-11-04,2588.97,8572,58700,194000,216500,90700,15810,60300
2024-11-05,2576.88,8597,57600,193200,215000,91000,15850,60700
2024-11-06,2563.51,8687,57300,195800,206500,94000,16140,61900
2024-11-07,2564.63,8876,57500,197400,207500,94100,16120,61200
2024-11-08,2561.15,8687,57000,200500,203500,93200,16180,61200
2024-11-09,-1.0,-1,-1,-1,-1,-1,-1,-1
2024-11-10,-1.0,-1,-1,-1,-1,-1,-1,-1
2024-11-11,2531.66,8672,55000,192600,211000,92700,16100,61800
2024-11-12,2482.57,8617,53000,185800,207000,92700,16110,61400
2024-11-13,2417.08,8682,50600,182900,199900,91000,16110,60600
2024-11-14,2418.86,8737,49900,173000,201500,89900,15880,59800
2024-11-15,2416.86,8727,53500,178200,206000,89600,15890,59100
2024-11-16,-1.0,-1,-1,-1,-1,-1,-1,-1
2024-11-17,-1.0,-1,-1,-1,-1,-1,-1,-1
2024-11-18,2469.07,8837,56700,171700,217000,91500,16190,60200
2024-11-19,2471.95,9041,56300,170600,215500,91600,16390,59900
2024-11-20,2482.29,9161,55300,170600,218500,95600,16610,61100
2024-11-21,2480.63,9161,56400,168800,215500,97300,16790,61600
2024-11-22,2501.24,9420,56000,176700,217000,98400,16760,62500
2024-11-23,-1.0,-1,-1,-1,-1,-1,-1,-1
2024-11-24,-1.0,-1,-1,-1,-1,-1,-1,-1
2024-11-25,2534.34,9116,57900,177000,219000,98000,16850,62900
2024-11-26,2520.36,9256,58300,177100,223500,96000,16630,62100
2024-11-27,2503.06,9196,56300,168300,221000,98700,16740,63900
2024-11-28,2504.67,9126,55500,161100,219000,98000,16800,63900
2024-11-29,2455.91,9241,54200,159900,218500,96200,16710,62400
2024-11-30,-1.0,-1,-1,-1,-1,-1,-1,-1
2024-12-01,-1.0,-1,-1,-1,-1,-1,-1,-1
2024-12-02,2454.48,9226,53600,158800,216000,96400,16950,63700
2024-12-03,2500.1,9176,53600,164900,214500,101200,17200,66000
2024-12-04,2464.0,9191,53100,168000,209000,95400,16720,61600
2024-12-05,2441.85,9171,53700,173000,204500,85800,16090,59600
2024-12-06,2428.16,9196,54100,167100,203500,85300,16190,60800
2024-12-07,-1.0,-1,-1,-1,-1,-1,-1,-1
2024-12-08,-1.0,-1,-1,-1,-1,-1,-1,-1
2024-12-09,2360.58,9390,53400,168900,201000,82800,15310,57200
2024-12-10,2417.84,9141,54000,170400,210500,83300,15440,57300
2024-12-11,2442.51,9201,54000,171800,209000,85400,15630,59200
2024-12-12,2482.12,9196,55900,176100,211500,87000,15770,60000
2024-12-13,2494.46,9196,56100,175500,215000,85000,15890,59700
2024-12-14,-1.0,-1,-1,-1,-1,-1,-1,-1
2024-12-15,-1.0,-1,-1,-1,-1,-1,-1,-1
2024-12-16,2488.97,9181,55600,179300,211000,84600,15670,58900
2024-12-17,2456.81,9166,54200,184000,206500,84400,15240,58300
2024-12-18,2484.43,9206,54900,183500,216500,87200,15730,59800
2024-12-19,2435.93,9236,53100,175000,212000,86900,15490,58400
2024-12-20,2404.15,9316,53000,168500,210500,85800,15580,56800
2024-12-21,-1.0,-1,-1,-1,-1,-1,-1,-1
2024-12-22,-1.0,-1,-1,-1,-1,-1,-1,-1
2024-12-23,2442.01,9346,53500,169600,215000,87000,15650,59000
2024-12-24,2440.52,9296,54400,168500,216500,86500,15740,58900
2024-12-25,-1.0,-1,-1,-1,-1,-1,-1,-1
2024-12-26,2429.67,9271,53600,170100,217500,85500,15610,58300
2024-12-27,2404.77,9316,53700,174500,215000,85000,15390,57600
2024-12-28,-1.0,-1,-1,-1,-1,-1,-1,-1
2024-12-29,-1.0,-1,-1,-1,-1,-1,-1,-1
2024-12-30,2399.49,9131,53200,173900,212000,82900,15370,56800
2024-12-31,-1.0,-1,-1,-1,-1,-1,-1,-1
2025-04-01,2521.39,9605,58800,197000,198600,79600,16800,61400
2025-04-02,2505.86,9690,58800,197900,196300,80500,16750,60600
2025-04-03,2486.7,9555,57600,194600,193800,77100,16630,58900
2025-04-04,2465.42,9425,56100,182200,191800,77700,16440,58600
2025-04-05,-1.0,-1,-1,-1,-1,-1,-1,-1
2025-04-06,-1.0,-1,-1,-1,-1,-1,-1,-1
2025-04-07,2328.2,9415,53200,164800,179100,72300,15660,55300
2025-04-08,2334.23,9286,53500,169500,179200,70500,15490,54000
2025-04-09,2293.7,9365,53000,165000,178000,70900,15370,52200
2025-04-10,2445.06,9346,56400,183200,187000,75900,16030,55300
2025-04-11,2432.72,9161,55200,180800,177500,75200,15870,55400
2025-04-12,-1.0,-1,-1,-1,-1,-1,-1,-1
2025-04-13,-1.0,-1,-1,-1,-1,-1,-1,-1
2025-04-14,2455.89,9056,56200,180200,179300,76100,16030,55600
2025-04-15,2477.41,9146,56600,180600,187000,78000,16410,57300
2025-04-16,2447.43,9221,54700,174000,181700,80000,16440,57700
2025-04-17,2470.41,9126,55100,175000,181700,80300,16500,57700
2025-04-18,2483.42,9071,55300,175000,187200,82400,16780,58800
2025-04-19,-1.0,-1,-1,-1,-1,-1,-1,-1
2025-04-20,-1.0,-1,-1,-1,-1,-1,-1,-1
2025-04-21,2488.42,9156,55400,176600,187300,82800,16990,59700
2025-04-22,2486.64,9126,55000,173800,185600,83400,17070,59800
2025-04-23,2525.56,9116,55700,181000,190000,85000,17160,60200
2025-04-24,2522.33,9106,55700,178300,188900,84600,17200,60800
2025-04-25,2546.3,9171,55700,184400,188800,86900,17300,61200
2025-04-26,-1.0,-1,-1,-1,-1,-1,-1,-1
2025-04-27,-1.0,-1,-1,-1,-1,-1,-1,-1
2025-04-28,2548.86,9326,55800,182000,189000,86600,16810,62000
2025-04-29,2565.42,9306,55800,180800,192800,87800,17300,62900
2025-04-30,2556.61,9415,55500,177500,190600,90200,17710,64500
2025-05-01,-1.0,-1,-1,-1,-1,-1,-1,-1
2025-05-02,2559.79,9321,54300,186000,189400,93200,17720,64100
2025-05-03,-1.0,-1,-1,-1,-1,-1,-1,-1
2025-05-04,-1.0,-1,-1,-1,-1,-1,-1,-1
2025-05-05,-1.0,-1,-1,-1,-1,-1,-1,-1
2025-05-06,-1.0,-1,-1,-1,-1,-1,-1,-1
2025-05-07,2573.8,9445,54600,190800,187600,93600,17830,65300
2025-05-08,2579.48,9380,54600,190300,187100,94500,17620,64700
2025-05-09,2577.27,9490,54800,190100,189900,92000,17690,63800
2025-05-10,-1.0,-1,-1,-1,-1,-1,-1,-1
2025-05-11,-1.0,-1,-1,-1,-1,-1,-1,-1
2025-05-12,2607.33,9585,57600,195000,195800,92200,17850,64900
2025-05-13,2608.42,9530,56900,198500,196700,92600,17850,64900
2025-05-14,2640.57,9600,57400,206000,197100,93400,17960,65500
2025-05-15,2621.36,9600,57300,200500,192900,93600,18060,65700
2025-05-16,2626.87,9755,56800,204500,193800,93600,18040,66000
2025-05-17,-1.0,-1,-1,-1,-1,-1,-1,-1
2025-05-18,-1.0,-1,-1,-1,-1,-1,-1,-1
2025-05-19,2603.42,9785,55800,199400,191000,95000,17840,66400
2025-05-20,2601.8,9859,55900,202000,189500,96300,18000,67600
2025-05-21,2625.58,9810,55700,200500,188000,98000,17990,67400
2025-05-22,2593.67,9700,54700,196900,182400,96700,17980,67400
2025-05-23,2592.09,9745,54200,200000,179900,99000,18070,68700
2025-05-24,-1.0,-1,-1,-1,-1,-1,-1,-1
2025-05-25,-1.0,-1,-1,-1,-1,-1,-1,-1
2025-05-26,2644.4,9750,54700,203000,181900,102000,18300,70500
2025-05-27,2637.22,9695,53900,202500,181900,101900,18290,70100
2025-05-28,2670.15,9785,55900,208000,185900,101000,18340,69900
2025-05-29,2720.64,9864,56100,212000,191000,102700,19250,72200
2025-05-30,2697.67,9820,56200,204500,185300,104300,19270,72700
2025-05-31,-1.0,-1,-1,-1,-1,-1,-1,-1
2025-06-01,-1.0,-1,-1,-1,-1,-1,-1,-1
2025-06-02,2698.97,9720,56800,207500,184000,100000,18890,70000
2025-06-03,-1.0,-1,-1,-1,-1,-1,-1,-1
2025-06-04,2770.84,9889,57800,217500,186000,107900,20300,74500
2025-06-05,2812.05,10004,59100,224500,189600,106300,20100,73500
2025-06-06,-1.0,-1,-1,-1,-1,-1,-1,-1
2025-06-07,-1.0,-1,-1,-1,-1,-1,-1,-1
2025-06-08,-1.0,-1,-1,-1,-1,-1,-1,-1
2025-06-09,2855.77,10049,59800,229000,197800,110700,20500,77600
2025-06-10,2871.85,9984,59200,230500,197000,110900,20500,78300
2025-06-11,2907.04,9845,59900,240000,201000,107200,20450,77800
2025-06-12,2920.03,9805,59500,235500,201500,105900,20550,77200
2025-06-13,2894.62,10044,58300,235500,199000,106000,20550,78500
2025-06-14,-1.0,-1,-1,-1,-1,-1,-1,-1
2025-06-15,-1.0,-1,-1,-1,-1,-1,-1,-1
2025-06-16,2946.66,10159,57200,248000,201500,107800,20900,79700
2025-06-17,2950.3,10219,58100,249000,205000,107100,20900,79500
2025-06-18,2972.19,10299,59800,246500,206000,107000,20900,78900
2025-06-19,2977.74,10269,59200,246000,207000,106700,20850,78700
2025-06-20,3021.84,10244,59500,257000,210000,106500,21350,80000
2025-06-21,-1.0,-1,-1,-1,-1,-1,-1,-1
2025-06-22,-1.0,-1,-1,-1,-1,-1,-1,-1
2025-06-23,3014.47,10383,58000,259500,201500,107600,21350,79800
2025-06-24,3103.64,10468,60500,278500,206000,112300,22200,82300
2025-06-25,3108.25,10543,61300,286000,217000,109500,22500,83200
2025-06-26,3079.56,10563,60200,293000,209500,109900,22550,83500
2025-06-27,3055.94,10573,60800,284000,205000,110600,22500,84200
2025-06-28,-1.0,-1,-1,-1,-1,-1,-1,-1
2025-06-29,-1.0,-1,-1,-1,-1,-1,-1,-1
2025-06-30,3071.7,10673,59800,292000,203500,110900,22450,86300
2025-07-01,3089.65,10723,60200,285500,210000,110800,22450,88900
2025-07-02,3075.06,10608,60800,279000,213500,113500,22600,85800
2025-07-03,3116.27,10588,63800,278500,214500,116900,23050,87500
2025-07-04,3054.28,10658,63300,270500,210500,112100,22900,85400
2025-07-05,-1.0,-1,-1,-1,-1,-1,-1,-1
2025-07-06,-1.0,-1,-1,-1,-1,-1,-1,-1
2025-07-07,3059.47,10613,61700,271000,208500,114400,23450,85700
2025-07-08,3114.95,10758,61400,282000,211000,122000,25400,94500
2025-07-09,3133.74,10728,60400,281000,209500,118400,24900,94100
2025-07-10,3183.23,10693,61000,297000,208000,116800,25200,92200
2025-07-11,3175.77,10658,62600,294500,208000,117300,25850,93200
2025-07-12,-1.0,-1,-1,-1,-1,-1,-1,-1
2025-07-13,-1.0,-1,-1,-1,-1,-1,-1,-1
2025-07-14,3202.03,10758,62500,300000,217000,118500,26700,95600
2025-07-15,3215.28,10573,63700,298500,211000,119600,26750,96500
2025-07-16,3186.38,10458,64700,296000,207500,113600,24950,91700
2025-07-17,3192.29,10299,66700,269500,210000,114800,25200,91900
2025-07-18,3188.07,10204,67100,269000,210500,113400,24850,91500
2025-07-19,-1.0,-1,-1,-1,-1,-1,-1,-1
2025-07-20,-1.0,-1,-1,-1,-1,-1,-1,-1
2025-07-21,3210.81,10289,67800,272500,209000,115000,24950,91900
2025-07-22,3169.94,10294,66000,268500,206500,114600,24950,91200
2025-07-23,3183.77,10269,66400,269000,222000,115300,25150,90800
2025-07-24,3190.45,10274,66000,269500,217500,117200,25400,91000
2025-07-25,3196.05,10363,65900,266000,216500,118800,25550,92500
2025-07-26,-1.0,-1,-1,-1,-1,-1,-1,-1
2025-07-27,-1.0,-1,-1,-1,-1,-1,-1,-1
2025-07-28,3209.52,10418,70400,262000,218500,110500,24650,84300
2025-07-29,3230.57,10528,70600,262500,218000,111300,24650,86000
2025-07-30,3254.47,10623,72600,263500,223000,112800,25000,86000
2025-07-31,3245.44,10543,71400,273500,213000,110900,24700,85400
2025-08-01,3119.41,10628,68900,258000,210000,106000,23600,82300
2025-08-02,-1.0,-1,-1,-1,-1,-1,-1,-1
2025-08-03,-1.0,-1,-1,-1,-1,-1,-1,-1
2025-08-04,3147.75,10593,69700,258000,211000,108400,24250,82400
2025-08-05,3198.0,10503,69900,263500,210500,112400,24900,84500
2025-08-06,3198.14,10418,68800,258500,210500,115600,25050,85500
2025-08-07,3227.68,10478,70500,262000,212500,115000,25350,85800
2025-08-08,3210.01,10378,71800,256500,212500,113500,25200,84900
2025-08-09,-1.0,-1,-1,-1,-1,-1,-1,-1
2025-08-10,-1.0,-1,-1,-1,-1,-1,-1,-1
2025-08-11,3206.77,10373,71000,267000,212500,112700,24950,84400
2025-08-12,3189.91,10393,71100,269000,213000,114100,25100,85400
2025-08-13,3224.37,10348,71900,278000,216000,114600,25250,85300
2025-08-14,3225.66,10304,71600,276500,217500,113200,25450,86300
2025-08-15,-1.0,-1,-1,-1,-1,-1,-1,-1
2025-08-16,-1.0,-1,-1,-1,-1,-1,-1,-1
2025-08-17,-1.0,-1,-1,-1,-1,-1,-1,-1
2025-08-18,3177.28,10388,70000,267500,216500,107200,24700,82800
2025-08-19,3151.56,10448,70000,263000,219000,109400,24700,82500
2025-08-20,3130.09,10493,70500,255500,220500,109500,24800,82700
2025-08-21,3141.74,10578,70600,245000,221500,109700,24800,82900
2025-08-22,3168.73,10548,71400,251000,220000,108400,24900,82300
2025-08-23,-1.0,-1,-1,-1,-1,-1,-1,-1
2025-08-24,-1.0,-1,-1,-1,-1,-1,-1,-1
2025-08-25,3209.86,10508,71500,259500,222000,110300,25000,82600
2025-08-26,3179.36,10353,70300,261500,218500,108300,24650,81700
2025-08-27,3187.16,10378,70600,260000,220000,108500,25050,82000
2025-08-28,3196.32,10488,69600,268500,222000,109100,24800,82900
2025-08-29,3186.01,10518,69700,269000,220000,108200,24800,82200
2025-08-30,-1.0,-1,-1,-1,-1,-1,-1,-1
2025-08-31,-1.0,-1,-1,-1,-1,-1,-1,-1
2025-09-01,3142.93,10458,67600,256000,220500,107100,24500,81300
2025-09-02,3172.35,10433,69100,260500,220000,108800,24750,82200
2025-09-03,3184.42,10508,69800,262500,221500,110200,24750,83100
2025-09-04,3200.83,10433,70100,265500,221500,108500,24350,81600
2025-09-05,3205.12,10368,69500,273500,220000,108600,24300,81200
2025-09-06,-1.0,-1,-1,-1,-1,-1,-1,-1
2025-09-07,-1.0,-1,-1,-1,-1,-1,-1,-1
2025-09-08,3219.59,10319,70100,277000,218500,106700,24250,81500
2025-09-09,3260.05,10388,71500,288000,219000,109900,24700,83300
2025-09-10,3314.53,10503,72600,304000,220500,117600,25750,87100
2025-09-11,3344.2,10563,73400,307000,223000,117600,25450,87700
2025-09-12,3395.54,10588,75400,328500,223500,119300,25650,88700
2025-09-13,-1.0,-1,-1,-1,-1,-1,-1,-1
2025-09-14,-1.0,-1,-1,-1,-1,-1,-1,-1
2025-09-15,3407.31,10618,76500,331000,215000,119600,26450,90900
2025-09-16,3449.62,10768,79400,348000,215000,117800,26750,90800
2025-09-17,3413.4,10763,78200,333500,216000,118300,26200,90000
2025-09-18,3461.3,10818,80500,353000,218500,117400,26100,90600
2025-09-19,3445.24,10698,79700,353000,214000,116500,26850,90700
2025-09-20,-1.0,-1,-1,-1,-1,-1,-1,-1
2025-09-21,-1.0,-1,-1,-1,-1,-1,-1,-1
2025-09-22,3468.65,10563,83500,351000,218000,116900,26350,90400
2025-09-23,3486.19,10733,84700,361000,219000,115400,26450,89500
2025-09-24,3472.14,10862,85400,357500,217500,115300,26650,89100
2025-09-25,3471.11,11007,86100,356500,217000,114300,26750,88900
2025-09-26,3386.05,10947,83300,336500,214500,112700,26200,87100
2025-09-27,-1.0,-1,-1,-1,-1,-1,-1,-1
2025-09-28,-1.0,-1,-1,-1,-1,-1,-1,-1
2025-09-29,3431.21,10972,84200,349000,215000,115700,26600,88800
2025-09-30,3424.6,11007,83900,347500,215000,115500,25950,87200
2026-01-01,-1.0,-1,-1,-1,-1,-1,-1,-1
2026-01-02,4309.63,12760,128500,677000,298500,123300,28050,93400
2026-01-03,-1.0,-1,-1,-1,-1,-1,-1,-1
2026-01-04,-1.0,-1,-1,-1,-1,-1,-1,-1
2026-01-05,4457.52,13130,138100,696000,304500,126800,27900,94100
2026-01-06,4525.48,13275,138900,726000,308000,126400,28300,94900
2026-01-07,4551.06,13490,141000,742000,350500,124700,27750,93500
2026-01-08,4552.37,13560,138800,756000,340500,123500,27250,91900
2026-01-09,4586.32,13600,139000,744000,366000,126600,27300,92900
2026-01-10,-1.0,-1,-1,-1,-1,-1,-1,-1
2026-01-11,-1.0,-1,-1,-1,-1,-1,-1,-1
2026-01-12,4624.79,13755,138800,749000,367000,125500,27500,94000
2026-01-13,4692.64,13905,137600,738000,406000,128500,27850,94300
2026-01-14,4723.1,14145,140300,742000,411500,128900,28050,96100
2026-01-15,4797.55,14225,143900,749000,422000,130100,28000,96200
2026-01-16,4840.74,14265,148900,756000,413000,130900,27900,96400
2026-01-17,-1.0,-1,-1,-1,-1,-1,-1,-1
2026-01-18,-1.0,-1,-1,-1,-1,-1,-1,-1
2026-01-19,4904.66,14290,149300,764000,480000,129500,27550,96200
2026-01-20,4885.75,14085,145200,743000,479000,133100,28400,100300
2026-01-21,4909.93,14910,149500,740000,549000,136800,28850,99800
2026-01-22,4952.53,14675,152300,755000,529000,134700,29100,100500
2026-01-23,4990.07,14120,152100,767000,510000,135600,29550,101100
2026-01-24,-1.0,-1,-1,-1,-1,-1,-1,-1
2026-01-25,-1.0,-1,-1,-1,-1,-1,-1,-1
2026-01-26,4949.59,12375,152100,736000,492500,135500,29550,101200
2026-01-27,5084.85,12440,159500,800000,488500,143000,30650,105000
2026-01-28,5170.81,11745,162400,841000,492500,137900,30200,102700
2026-01-29,5221.25,11505,160700,861000,528000,137800,30500,103600
2026-01-30,5224.36,11795,160500,909000,500000,135200,30250,100100
2026-01-31,-1.0,-1,-1,-1,-1,-1,-1,-1
2026-02-01,-1.0,-1,-1,-1,-1,-1,-1,-1
2026-02-02,4949.67,11785,150400,830000,478000,133700,30100,103300
2026-02-03,5288.08,12140,167500,907000,491500,138800,31300,110200
2026-02-04,5371.1,12395,169100,900000,504000,142100,32050,112500
2026-02-05,5163.57,12385,159300,842000,488500,139500,31900,114100
2026-02-06,5089.14,12705,158600,839000,467500,149300,32450,114600
2026-02-07,-1.0,-1,-1,-1,-1,-1,-1,-1
2026-02-08,-1.0,-1,-1,-1,-1,-1,-1,-1
2026-02-09,5298.04,12495,166400,887000,478000,151400,34550,118800
2026-02-10,5301.69,12805,165800,876000,480500,155500,35600,122200
2026-02-11,5354.49,12920,167800,860000,509000,164500,37850,125800
2026-02-12,5522.27,13210,178600,888000,506000,168500,39150,130000
2026-02-13,5507.01,13495,181200,880000,499000,167900,38950,127600
2026-02-14,-1.0,-1,-1,-1,-1,-1,-1,-1
2026-02-15,-1.0,-1,-1,-1,-1,-1,-1,-1
2026-02-16,-1.0,-1,-1,-1,-1,-1,-1,-1
2026-02-17,-1.0,-1,-1,-1,-1,-1,-1,-1
2026-02-18,-1.0,-1,-1,-1,-1,-1,-1,-1
2026-02-19,5677.25,12935,190000,894000,513000,166500,39400,126300
2026-02-20,5808.53,13285,190100,949000,509000,168800,40800,131300
2026-02-21,-1.0,-1,-1,-1,-1,-1,-1,-1
2026-02-22,-1.0,-1,-1,-1,-1,-1,-1,-1
2026-02-23,5846.09,13545,193000,951000,523000,168700,40300,129100
2026-02-24,5969.64,13760,200000,1005000,524000,166700,39100,126100
2026-02-25,6083.86,14040,203500,1018000,572000,167700,39000,126000
2026-02-26,6307.27,14080,218000,1099000,609000,165300,37850,124900
2026-02-27,6244.13,13890,216500,1061000,674000,159000,36000,121800
2026-02-28,-1.0,-1,-1,-1,-1,-1,-1,-1
2026-03-01,-1.0,-1,-1,-1,-1,-1,-1,-1
2026-03-02,-1.0,-1,-1,-1,-1,-1,-1,-1
2026-03-03,5791.91,13495,195100,939000,595000,153500,35300,120100
2026-03-04,5093.54,13810,172200,849000,501000,137700,31800,105500
2026-03-05,5583.9,13165,191600,941000,548000,149000,33750,111200
2026-03-06,5584.87,12485,188200,924000,553000,147400,33050,110300
2026-03-07,-1.0,-1,-1,-1,-1,-1,-1,-1
2026-03-08,-1.0,-1,-1,-1,-1,-1,-1,-1
2026-03-09,5251.87,12135,173500,836000,507000,142600,31550,107900
2026-03-10,5532.59,12665,187900,938000,525000,147400,32100,109900
2026-03-11,5609.95,12980,190000,955000,530000,151300,33350,113400
2026-03-12,5583.25,12890,187900,930000,521000,149200,32500,112500
2026-03-13,5487.24,12565,183500,910000,517000,148900,32200,108900
2026-03-14,-1.0,-1,-1,-1,-1,-1,-1,-1
2026-03-15,-1.0,-1,-1,-1,-1,-1,-1,-1
2026-03-16,5549.85,12975,188700,974000,506000,149300,31900,108400
2026-03-17,5640.48,13170,193900,970000,522000,150700,32600,109900
2026-03-18,5925.03,13520,208500,1056000,545000,154700,33500,114500
2026-03-19,5763.22,13410,200500,1013000,522000,155700,33600,113200
2026-03-20,5781.2,13235,199400,1007000,517000,155200,33900,113200
2026-03-21,-1.0,-1,-1,-1,-1,-1,-1,-1
2026-03-22,-1.0,-1,-1,-1,-1,-1,-1,-1
2026-03-23,5405.75,13070,186300,933000,485000,145300,31700,106000
2026-03-24,5553.92,13190,189700,986000,492000,146900,32300,106500
2026-03-25,5642.21,12875,189000,995000,501000,149400,33000,108700
2026-03-26,5460.46,12675,180100,933000,490000,152200,33200,108800
2026-03-27,5438.87,12540,179700,922000,495000,152200,33600,110400
2026-03-28,-1.0,-1,-1,-1,-1,-1,-1,-1
2026-03-29,-1.0,-1,-1,-1,-1,-1,-1,-1
2026-03-30,5277.3,12520,176300,873000,469500,145900,32450,107200
2026-03-31,5052.46,12705,167200,807000,445500,141900,32050,106600
2026-04-01,5478.7,13095,189600,893000,488000,148300,32900,112800
2026-04-02,5234.05,13265,178400,830000,465500,146500,32200,110400
2026-04-03,5377.3,13600,186200,876000,471000,145500,31950,109700
2026-04-04,-1.0,-1,-1,-1,-1,-1,-1,-1
2026-04-05,-1.0,-1,-1,-1,-1,-1,-1,-1
2026-04-06,5450.33,14100,193100,886000,469000,147900,32400,112400
2026-04-07,5494.78,14310,196500,916000,473000,146700,31850,111200
2026-04-08,5872.34,14630,210500,1033000,508000,156000,33400,117100
2026-04-09,5778.01,14490,204000,998000,489500,154200,33100,117100
2026-04-10,5858.87,14650,206000,1027000,489500,158300,34150,119500
2026-04-11,-1.0,-1,-1,-1,-1,-1,-1,-1
2026-04-12,-1.0,-1,-1,-1,-1,-1,-1,-1
2026-04-13,5808.62,14530,201000,1040000,478500,156600,34150,120000
2026-04-14,5967.75,14820,206500,1103000,491500,155900,35000,120800
2026-04-15,6091.39,14640,211000,1136000,508000,158200,35350,121100
2026-04-16,6226.05,14835,217500,1155000,534000,162300,35650,122500
2026-04-17,6191.92,14760,216000,1128000,538000,162300,35700,123500
2026-04-18,-1.0,-1,-1,-1,-1,-1,-1,-1
2026-04-19,-1.0,-1,-1,-1,-1,-1,-1,-1
2026-04-20,6219.09,14710,214500,1166000,527000,160900,35750,122700
2026-04-21,6388.47,14970,219000,1224000,546000,160400,35800,123000
2026-04-22,6417.93,15050,217500,1223000,541000,157400,34900,119500
2026-04-23,6475.81,15300,224500,1225000,532000,158000,34850,120900
2026-04-24,6475.63,14820,219500,1222000,513000,157400,35050,123300
2026-04-25,-1.0,-1,-1,-1,-1,-1,-1,-1
2026-04-26,-1.0,-1,-1,-1,-1,-1,-1,-1
2026-04-27,6615.03,14855,224500,1292000,524000,157400,33200,124000
2026-04-28,6641.02,15140,222000,1300000,555000,158800,33500,127000
2026-04-29,6690.9,15240,226000,1293000,556000,160600,33500,127100
2026-04-30,6598.87,15480,220500,1286000,531000,160500,33350,127900
2026-05-01,-1.0,-1,-1,-1,-1,-1,-1,-1
2026-05-02,-1.0,-1,-1,-1,-1,-1,-1,-1
2026-05-03,-1.0,-1,-1,-1,-1,-1,-1,-1
2026-05-04,6936.99,16055,232500,1447000,539000,157800,33300,126600
2026-05-05,-1.0,-1,-1,-1,-1,-1,-1,-1
2026-05-06,7384.56,17300,266000,1601000,550000,158900,32600,125500
2026-05-07,7490.05,17715,271500,1654000,572000,161200,33200,128800
2026-05-08,7498.0,17735,268500,1686000,613000,161700,32850,126500
2026-05-09,-1.0,-1,-1,-1,-1,-1,-1,-1
2026-05-10,-1.0,-1,-1,-1,-1,-1,-1,-1
2026-05-11,7822.24,18715,285500,1880000,646000,158800,32500,126600
2026-05-12,7643.15,18810,279000,1835000,646000,153600,31800,123100
2026-05-13,7844.01,19360,284000,1976000,710000,152000,31150,122300
2026-05-14,7981.41,19270,296000,1970000,712000,156000,31800,126500
2026-05-15,7493.18,19075,270500,1819000,700000,155600,31250,119000
2026-05-16,-1.0,-1,-1,-1,-1,-1,-1,-1
2026-05-17,-1.0,-1,-1,-1,-1,-1,-1,-1
2026-05-18,7516.04,19630,281000,1840000,663000,153000,30650,114200
2026-05-19,7271.66,19410,275500,1745000,604000,152800,30300,115300
2026-05-20,7208.95,19820,276000,1745000,592000,151700,30100,115600
2026-05-21,7815.59,20470,299500,1940000,666000,155800,30400,119400
2026-05-22,7847.71,19135,292500,1941000,655000,160000,31550,122100
2026-05-23,-1.0,-1,-1,-1,-1,-1,-1,-1
2026-05-24,-1.0,-1,-1,-1,-1,-1,-1,-1
2026-05-25,-1.0,-1,-1,-1,-1,-1,-1,-1
2026-05-26,8047.51,19505,299000,2052000,689000,157300,30950,120000
2026-05-27,8228.7,20515,307000,2243000,681000,153800,30650,118400
2026-05-28,8185.29,20825,299500,2289000,677000,149700,30050,115300
2026-05-29,8476.15,22085,317000,2333000,723000,150600,29700,115100
2026-05-30,-1.0,-1,-1,-1,-1,-1,-1,-1
2026-05-31,-1.0,-1,-1,-1,-1,-1,-1,-1
2026-06-01,8788.38,23170,349000,2363000,750000,152100,29400,113900
2026-06-02,8801.49,23995,360500,2360000,729000,156600,29900,117000
2026-06-03,-1.0,-1,-1,-1,-1,-1,-1,-1
2026-06-04,8639.41,22705,351500,2298000,700000,164200,30400,120600
2026-06-05,8160.59,22740,329000,2070000,700000,171600,31200,123600
2026-06-06,-1.0,-1,-1,-1,-1,-1,-1,-1
2026-06-07,-1.0,-1,-1,-1,-1,-1,-1,-1
2026-06-08,7484.41,23215,295500,1911000,639000,151500,28850,112400
2026-06-09,8096.93,23655,322000,2215000,639000,154800,30000,119000
2026-06-10,7730.82,22760,302500,2048000,602000,154000,29800,117900
2026-06-11,7763.95,21380,299000,2101000,597000,151500,30150,114800
2026-06-12,8123.62,21795,322500,2150000,607000,161200,31150,121000
2026-06-13,-1.0,-1,-1,-1,-1,-1,-1,-1
2026-06-14,-1.0,-1,-1,-1,-1,-1,-1,-1
2026-06-15,8545.98,22615,337000,2288000,647000,169600,32550,129300
2026-06-16,8726.6,23830,343000,2382000,640000,172000,33050,132000
2026-06-17,8864.24,23640,346500,2521000,618000,164000,32150,126800
2026-06-18,9063.84,25210,362500,2685000,601000,163100,31550,126100
2026-06-19,9052.42,26100,354000,2764000,613000,158300,31050,123500
2026-06-20,-1.0,-1,-1,-1,-1,-1,-1,-1
2026-06-21,-1.0,-1,-1,-1,-1,-1,-1,-1
2026-06-22,9114.55,25670,353500,2919000,581000,157000,29850,119700
2026-06-23,8203.84,25085,310000,2555000,511000,153700,29450,115500
2026-06-24,8471.02,25390,340500,2580000,509000,151800,29250,114200
2026-06-25,8930.3,27670,358500,2917000,503000,151900,29050,114000
2026-06-26,8411.21,27015,339500,2673000,480500,149300,28350,109700
2026-06-27,-1.0,-1,-1,-1,-1,-1,-1,-1
2026-06-28,-1.0,-1,-1,-1,-1,-1,-1,-1
2026-06-29,8394.65,24315,323000,2628000,497000,153700,29100,114800
2026-06-30,8476.48,24925,334000,2650000,495000,159000,29000,114600
