Date,Open,High,Low,Close,Volume
2001-08-27,42.91666793823242,42.91666793823242,42.7599983215332,42.83333206176758,44700
2001-08-28,42.53333282470703,42.58333206176758,42.26333236694336,42.34333419799805,319800
2001-08-29,42.45000076293945,42.46666717529297,42.09999847412109,42.150001525878906,128400
2001-08-30,41.66666793823242,41.66666793823242,41.43333435058594,41.54999923706055,36900
2001-08-31,41.53333282470703,41.71666717529297,41.46666717529297,41.650001525878906,1656900
2001-09-04,40.76666641235352,41.16666793823242,40.70000076293945,40.70000076293945,570000
2001-09-05,40.56666564941406,40.68333435058594,40.33333206176758,40.45000076293945,31500
2001-09-06,39.83333206176758,39.83333206176758,39.53333282470703,39.53333282470703,284700
2001-09-07,39.46666717529297,39.46666717529297,39.16666793823242,39.29999923706055,99900
2001-09-10,38.43333435058594,38.86666870117188,38.20000076293945,38.84999847412109,1438200
2001-09-17,36.75,37.29999923706055,36.70000076293945,37.150001525878906,170400
2001-09-18,36.81666564941406,37.08333206176758,36.66666793823242,36.84999847412109,991500
2001-09-19,37.20000076293945,37.20000076293945,36.28333282470703,36.75,435600
2001-09-20,35.76666641235352,35.76666641235352,35.150001525878906,35.150001525878906,123000
2001-09-21,32.66666793823242,34.5,32.66666793823242,34.16666793823242,110100
2001-09-24,35.33333206176758,35.81666564941406,35.116668701171875,35.75,139500
2001-09-25,36.133331298828125,36.43333435058594,35.849998474121094,36.16666793823242,151500
2001-09-26,36.48333358764648,36.48333358764648,36.23333358764648,36.34999847412109,138600
2001-09-27,36.34999847412109,36.93333435058594,36.28333282470703,36.92333221435547,662400
2001-09-28,37.29999923706055,37.720001220703125,37.22666549682617,37.643333435058594,663900
2001-10-01,37.06666564941406,37.43999862670898,36.99333190917969,37.43999862670898,432900
2001-10-02,37.0,37.51666641235352,37.0,37.51666641235352,309900
2001-10-03,36.83333206176758,38.06333160400391,36.83333206176758,37.900001525878906,398700
2001-10-04,38.23333358764648,38.5,37.86666870117188,38.3033332824707,578400
2001-10-05,38.3033332824707,38.53333282470703,38.09999847412109,38.36333465576172,274200
2001-10-08,37.90999984741211,38.41666793823242,37.86666870117188,38.133331298828125,127800
2001-10-09,38.31666564941406,38.45000076293945,37.98333358764648,38.03333282470703,2442600
2001-10-10,38.5,38.86666870117188,38.5,38.79999923706055,84600
2001-10-11,39.21666717529297,39.31333160400391,38.83333206176758,39.06666564941406,197400
2001-10-12,38.59999847412109,39.01666641235352,38.59999847412109,39.01666641235352,83400
2001-10-15,38.5,38.66666793823242,38.383331298828125,38.400001525878906,192600
2001-10-16,38.76666641235352,38.93333435058594,38.59999847412109,38.93333435058594,361800
2001-10-17,39.66666793823242,39.66666793823242,38.96666717529297,38.96666717529297,224700
2001-10-18,38.76666641235352,38.86666870117188,38.33333206176758,38.650001525878906,260700
2001-10-19,38.133331298828125,38.29999923706055,37.91999816894531,38.26666641235352,258000
2001-10-22,38.0,38.53333282470703,38.0,38.53333282470703,393000
2001-10-23,38.96666717529297,39.09999847412109,38.84000015258789,38.84000015258789,159300
2001-10-24,39.16666793823242,39.33333206176758,39.03333282470703,39.22999954223633,161100
2001-10-25,38.75,39.23333358764648,38.58333206176758,39.17333221435547,63900
2001-10-26,39.03333282470703,39.426666259765625,39.03333282470703,39.426666259765625,169500
2001-10-29,39.33333206176758,39.36333465576172,38.60333251953125,38.60333251953125,595500
2001-10-30,38.36666870117188,38.46666717529297,38.02000045776367,38.16666793823242,260100
2001-10-31,38.633331298828125,38.75,38.220001220703125,38.27333450317383,783000
2001-11-01,38.79999923706055,39.08000183105469,38.56666564941406,39.08000183105469,810300
2001-11-02,38.99333190917969,39.09333419799805,38.77999877929688,39.07666778564453,908700
2001-11-05,39.133331298828125,39.5533332824707,39.133331298828125,39.46666717529297,168600
2001-11-06,39.5,39.95000076293945,39.36666870117188,39.87666702270508,651300
2001-11-07,39.29999923706055,39.633331298828125,39.26666641235352,39.51666641235352,352200
2001-11-08,39.76666641235352,40.15666580200195,39.76666641235352,39.79999923706055,989400
2001-11-09,39.43333435058594,39.776668548583984,39.41666793823242,39.73333358764648,970200
2001-11-12,39.16666793823242,39.2599983215332,38.91666793823242,39.20000076293945,512700
2001-11-13,39.43333435058594,39.606666564941406,39.40999984741211,39.560001373291016,298800
2001-11-14,39.73333358764648,39.790000915527344,39.53333282470703,39.59999847412109,152400
2001-11-15,39.58333206176758,39.79333114624024,39.56333160400391,39.77000045776367,4697400
2001-11-16,40.0,40.09333419799805,39.8466682434082,39.99333190917969,659700
2001-11-19,40.400001525878906,40.47666549682617,40.13666534423828,40.19333267211914,432900
2001-11-20,40.16666793823242,40.18333435058594,39.91666793823242,39.91666793823242,358800
2001-11-21,39.93333435058594,39.93333435058594,39.663333892822266,39.81333160400391,143100
2001-11-23,39.79999923706055,39.93999862670898,39.79999923706055,39.93999862670898,228300
2001-11-26,40.29999923706055,40.400001525878906,40.12666702270508,40.32666778564453,360300
2001-11-27,40.08333206176758,40.08666610717773,39.67333221435547,40.01333236694336,443700
2001-11-28,39.33333206176758,39.59000015258789,39.29999923706055,39.31666564941406,534000
2001-11-29,39.48333358764648,39.53333282470703,39.290000915527344,39.4033317565918,1168500
2001-11-30,39.46666717529297,39.68333435058594,39.46666717529297,39.5533332824707,1092600
2001-12-03,39.09999847412109,39.30666732788086,39.02000045776367,39.21666717529297,541500
2001-12-04,39.400001525878906,39.77333450317383,39.400001525878906,39.77333450317383,1386300
2001-12-05,40.28333282470703,40.79999923706055,40.25666809082031,40.72999954223633,524400
2001-12-06,40.66666793823242,40.926666259765625,40.61000061035156,40.856666564941406,508200
2001-12-07,40.36666870117188,40.47999954223633,40.16999816894531,40.2400016784668,5501100
2001-12-10,39.46666717529297,39.75,39.41666793823242,39.46666717529297,564000
2001-12-11,39.59999847412109,39.776668548583984,39.53666687011719,39.54666519165039,1061100
2001-12-12,39.83333206176758,39.83333206176758,39.43333435058594,39.709999084472656,447900
2001-12-13,39.0,39.08333206176758,38.686668395996094,38.77000045776367,728100
2001-12-14,39.0,39.06333160400391,38.86333465576172,38.99333190917969,874800
2001-12-17,39.16666793823242,39.61666870117188,39.150001525878906,39.456668853759766,678300
2001-12-18,39.61666870117188,39.73333358764648,39.473331451416016,39.56333160400391,908400
2001-12-19,39.0,39.21666717529297,38.92333221435547,39.150001525878906,772500
2001-12-20,39.0,39.09999847412109,38.84999847412109,38.959999084472656,1377600
2001-12-21,39.03333282470703,39.15666580200195,38.98333358764648,39.15666580200195,901200
2001-12-24,38.79999923706055,39.04999923706055,38.79999923706055,38.98333358764648,291300
2001-12-26,38.66666793823242,39.12666702270508,38.66666793823242,38.95000076293945,499500
2001-12-27,39.33333206176758,39.53333282470703,39.28333282470703,39.46666717529297,418500
2001-12-28,39.70000076293945,39.82666778564453,39.66666793823242,39.77999877929688,1309200
2001-12-31,39.810001373291016,39.970001220703125,39.76666641235352,39.76666641235352,717300
2002-01-02,39.95000076293945,39.98666763305664,39.6533317565918,39.98666763305664,1215900
2002-01-03,40.03333282470703,40.3466682434082,40.0,40.3466682434082,971400
2002-01-04,40.66666793823242,40.68999862670898,40.33333206176758,40.61333465576172,377400
2002-01-07,40.24333190917969,40.383331298828125,40.00666809082031,40.073333740234375,387900
2002-01-08,39.53333282470703,39.78666687011719,39.48333358764648,39.61666870117188,532500
2002-01-09,39.606666564941406,39.686668395996094,39.20000076293945,39.20000076293945,1169100
2002-01-10,39.29666519165039,39.37666702270508,39.16666793823242,39.29333114624024,539400
2002-01-11,39.34999847412109,39.4466667175293,39.03333282470703,39.06999969482422,697200
2002-01-14,38.84999847412109,39.0,38.58666610717773,38.68000030517578,537600
2002-01-15,38.83333206176758,38.900001525878906,38.383331298828125,38.650001525878906,887100
2002-01-16,38.133331298828125,38.32666778564453,37.970001220703125,37.970001220703125,425400
2002-01-17,38.58333206176758,38.630001068115234,38.31666564941406,38.51666641235352,526200
2002-01-18,38.400001525878906,38.5,38.25,38.5,580800
2002-01-22,38.54333114624024,38.54333114624024,37.856666564941406,38.04999923706055,561900
2002-01-23,38.22666549682617,38.23333358764648,38.040000915527344,38.150001525878906,757200
2002-01-24,38.53666687011719,38.59999847412109,38.27000045776367,38.356666564941406,467700
2002-01-25,37.96666717529297,38.08666610717773,37.776668548583984,37.810001373291016,582000
2002-01-28,38.133331298828125,38.18000030517578,37.91666793823242,38.163333892822266,1504800
2002-01-29,37.84999847412109,37.96666717529297,36.93000030517578,37.10333251953125,463200
2002-01-30,37.150001525878906,37.51333236694336,36.81999969482422,37.51333236694336,507900
2002-01-31,37.61666870117188,37.61666870117188,37.21666717529297,37.46666717529297,734100
2002-02-01,37.65666580200195,37.65666580200195,37.2599983215332,37.383331298828125,452100
2002-02-04,37.48333358764648,37.48333358764648,36.856666564941406,37.07666778564453,683400
2002-02-05,36.70000076293945,36.78666687011719,36.29999923706055,36.33666610717773,259800
2002-02-06,36.23333358764648,36.5,36.23333358764648,36.28333282470703,382800
2002-02-07,36.59999847412109,36.86000061035156,36.5,36.686668395996094,122100
2002-02-08,37.03333282470703,37.18000030517578,36.810001373291016,37.18000030517578,536100
2002-02-11,37.41666793823242,37.63666534423828,37.33333206176758,37.633331298828125,240300
2002-02-12,37.51666641235352,37.73666763305664,37.383331298828125,37.61666870117188,107100
2002-02-13,37.71666717529297,37.79333114624024,37.53333282470703,37.66666793823242,141900
2002-02-14,37.83333206176758,38.19333267211914,37.81666564941406,37.96666717529297,225000
2002-02-15,38.06666564941406,38.06666564941406,37.68333435058594,37.73333358764648,258300
2002-02-19,37.073333740234375,37.11666870117188,36.78666687011719,36.93333435058594,300000
2002-02-20,36.83333206176758,37.09999847412109,36.61666870117188,37.09999847412109,257700
2002-02-21,37.11666870117188,37.23333358764648,36.70000076293945,36.8466682434082,445800
2002-02-22,37.06666564941406,37.21666717529297,36.900001525878906,37.11333465576172,226200
2002-02-25,37.29999923706055,37.5966682434082,37.209999084472656,37.58000183105469,159900
2002-02-26,37.45333480834961,37.53333282470703,37.176666259765625,37.36666870117188,164700
2002-02-27,37.83333206176758,37.959999084472656,37.51666641235352,37.78333282470703,325500
2002-02-28,37.8466682434082,38.12666702270508,37.83333206176758,37.91666793823242,247500
2002-03-01,38.24666595458984,38.633331298828125,38.12333297729492,38.633331298828125,239400
2002-03-04,39.16666793823242,39.97999954223633,39.133331298828125,39.95333480834961,856500
2002-03-05,39.51666641235352,39.723331451416016,39.400001525878906,39.51333236694336,406800
2002-03-06,39.59999847412109,40.0533332824707,39.5,39.92333221435547,735600
2002-03-07,40.75,40.75,40.33333206176758,40.54333114624024,832800
2002-03-08,40.93333435058594,40.96333312988281,40.473331451416016,40.60333251953125,255900
2002-03-11,40.68333435058594,40.686668395996094,40.400001525878906,40.66666793823242,666600
2002-03-12,39.93333435058594,40.20000076293945,39.72666549682617,40.20000076293945,890700
2002-03-13,40.0,40.08000183105469,39.76666641235352,39.76666641235352,184200
2002-03-14,40.09999847412109,40.36666870117188,40.09333419799805,40.15999984741211,277800
2002-03-15,40.33333206176758,40.676666259765625,40.28333282470703,40.606666564941406,90300
2002-03-18,40.633331298828125,40.63666534423828,40.38666534423828,40.560001373291016,387600
2002-03-19,40.79999923706055,40.84999847412109,40.67333221435547,40.76333236694336,202200
2002-03-20,40.48333358764648,40.48333358764648,40.2400016784668,40.2400016784668,295500
2002-03-21,40.33000183105469,40.40666580200195,40.03333282470703,40.34333419799805,164100
2002-03-22,40.186668395996094,40.27000045776367,39.95333480834961,39.98666763305664,179700
2002-03-25,40.09999847412109,40.143333435058594,39.49333190917969,39.49333190917969,405000
2002-03-26,39.75,39.99666595458984,39.58000183105469,39.74333190917969,281700
2002-03-27,39.83333206176758,39.9466667175293,39.76666641235352,39.8033332824707,196500
2002-03-28,40.21666717529297,40.31999969482422,39.959999084472656,40.03333282470703,546600
2002-04-01,40.03333282470703,40.26666641235352,39.76666641235352,40.25666809082031,334200
2002-04-02,40.20000076293945,40.24666595458984,40.06666564941406,40.09999847412109,333900
2002-04-03,40.27000045776367,40.43333435058594,39.90999984741211,40.106666564941406,148800
2002-04-04,40.09999847412109,40.16666793823242,39.81666564941406,40.04999923706055,246000
2002-04-05,40.25,40.3466682434082,39.913333892822266,40.04999923706055,262500
2002-04-08,39.48333358764648,39.59000015258789,39.29999923706055,39.58666610717773,377100
2002-04-09,39.633331298828125,39.68333435058594,39.48333358764648,39.526668548583984,198300
2002-04-10,39.81666564941406,40.06999969482422,39.7599983215332,40.04333114624024,288600
2002-04-11,39.79999923706055,39.810001373291016,39.13999938964844,39.1533317565918,315300
2002-04-12,39.43333435058594,39.630001068115234,39.33333206176758,39.5533332824707,180300
2002-04-15,39.86666870117188,39.880001068115234,39.51666641235352,39.83333206176758,199500
2002-04-16,40.26666641235352,40.66666793823242,40.26666641235352,40.58000183105469,208500
2002-04-17,40.900001525878906,40.900001525878906,40.630001068115234,40.633331298828125,158700
2002-04-18,40.91666793823242,40.926666259765625,40.36666870117188,40.76333236694336,127200
2002-04-19,40.78333282470703,40.926666259765625,40.59999847412109,40.926666259765625,379500
2002-04-22,40.48333358764648,40.650001525878906,40.44333267211914,40.63999938964844,151500
2002-04-23,40.54999923706055,40.75666809082031,40.43333435058594,40.53333282470703,143700
2002-04-24,40.81666564941406,40.81666564941406,40.33333206176758,40.33333206176758,312600
2002-04-25,40.400001525878906,40.70000076293945,40.18999862670898,40.70000076293945,591900
2002-04-26,40.78333282470703,40.790000915527344,40.27333450317383,40.34000015258789,149100
2002-04-29,40.46666717529297,40.52999877929688,40.16999816894531,40.23333358764648,249300
2002-04-30,40.34999847412109,40.77999877929688,40.0533332824707,40.643333435058594,222600
2002-05-01,40.65999984741211,40.97999954223633,40.16999816894531,40.856666564941406,422100
2002-05-02,41.0,41.0,40.46333312988281,40.74666595458984,819600
2002-05-03,41.0,41.08333206176758,40.6966667175293,41.02333450317383,784800
2002-05-06,40.87333297729492,40.90666580200195,40.50333404541016,40.59999847412109,445200
2002-05-07,40.61666870117188,40.61666870117188,40.06666564941406,40.06666564941406,1614900
2002-05-08,40.56666564941406,41.0099983215332,40.560001373291016,40.95000076293945,1940100
2002-05-09,40.70000076293945,40.893333435058594,40.43000030517578,40.75,2548200
2002-05-10,40.883331298828125,40.883331298828125,40.28333282470703,40.413333892822266,2427000
2002-05-13,40.65999984741211,41.026668548583984,40.53333282470703,41.01333236694336,270600
2002-05-14,41.06666564941406,41.133331298828125,40.6966667175293,41.060001373291016,600900
2002-05-15,41.12666702270508,41.48333358764648,41.00333404541016,41.23333358764648,907800
2002-05-16,41.400001525878906,41.54999923706055,41.26666641235352,41.44333267211914,56061600
2002-05-17,41.83333206176758,41.900001525878906,41.58666610717773,41.81333160400391,1063200
2002-05-20,41.76666641235352,41.83333206176758,41.53666687011719,41.59999847412109,1486800
2002-05-21,41.70000076293945,41.70000076293945,41.436668395996094,41.53666687011719,1022700
2002-05-22,41.41666793823242,41.64666748046875,41.400001525878906,41.61666870117188,614100
2002-05-23,41.26666641235352,41.70333480834961,41.26666641235352,41.65666580200195,839700
2002-05-24,41.41666793823242,41.49666595458984,41.33333206176758,41.383331298828125,781200
2002-05-28,41.48333358764648,41.49666595458984,41.17333221435547,41.29999923706055,1505400
2002-05-29,41.21666717529297,41.31666564941406,41.119998931884766,41.2599983215332,1021200
2002-05-30,41.06666564941406,41.11666870117188,40.84999847412109,41.07666778564453,806100
2002-05-31,41.11666870117188,41.18333435058594,40.84333419799805,40.86000061035156,1322700
2002-06-03,41.03333282470703,41.18333435058594,40.71666717529297,40.78333282470703,555900
2002-06-04,40.34999847412109,40.706668853759766,40.34999847412109,40.54999923706055,1016100
2002-06-05,40.29999923706055,40.54666519165039,40.22666549682617,40.46666717529297,558300
2002-06-06,40.46333312988281,40.526668548583984,40.03333282470703,40.06666564941406,687000
2002-06-07,39.66666793823242,39.92333221435547,39.43333435058594,39.75,854400
2002-06-10,39.93333435058594,40.060001373291016,39.66666793823242,39.880001068115234,1003200
2002-06-11,40.0,40.14666748046875,39.62666702270508,39.68333435058594,465900
2002-06-12,39.383331298828125,39.58000183105469,39.16666793823242,39.46333312988281,522900
2002-06-13,38.78333282470703,39.026668548583984,38.78333282470703,38.79999923706055,555900
2002-06-14,38.15666580200195,38.35333251953125,37.66666793823242,38.35333251953125,1286700
2002-06-17,38.48666763305664,39.0,38.383331298828125,38.959999084472656,717600
2002-06-18,38.73333358764648,39.09000015258789,38.66666793823242,39.0533332824707,552300
2002-06-19,38.206668853759766,38.29999923706055,37.97999954223633,38.0,2799300
2002-06-20,38.08333206176758,38.150001525878906,37.823333740234375,37.823333740234375,568200
2002-06-21,37.86666870117188,38.18999862670898,37.77333450317383,37.86666870117188,1515000
2002-06-24,37.78333282470703,37.973331451416016,37.23333358764648,37.869998931884766,1017600
2002-06-25,38.21666717529297,38.380001068115234,37.79666519165039,37.900001525878906,1889700
2002-06-26,37.400001525878906,38.060001373291016,37.400001525878906,37.90666580200195,816000
2002-06-27,38.46666717529297,38.84333419799805,38.18000030517578,38.84333419799805,768300
2002-06-28,39.26666641235352,39.79999923706055,39.26666641235352,39.51666641235352,912600
2002-07-01,39.59999847412109,39.70333480834961,39.1966667175293,39.20000076293945,614100
2002-07-02,38.84999847412109,39.06666564941406,38.34000015258789,38.48333358764648,779100
2002-07-03,38.03333282470703,38.3033332824707,37.84333419799805,38.11666870117188,733500
2002-07-05,39.04333114624024,39.5966682434082,38.956668853759766,39.5966682434082,402900
2002-07-08,39.56666564941406,39.68000030517578,39.400001525878906,39.56666564941406,524700
2002-07-09,39.560001373291016,39.60333251953125,38.883331298828125,39.08333206176758,740700
2002-07-10,39.0,39.05666732788086,37.92333221435547,37.98666763305664,2103300
2002-07-11,37.33333206176758,37.89666748046875,37.119998931884766,37.83333206176758,1058400
2002-07-12,37.81666564941406,37.86333465576172,37.16666793823242,37.31666564941406,695700
2002-07-15,37.06666564941406,37.06666564941406,35.856666564941406,36.880001068115234,1115700
2002-07-16,35.9900016784668,36.54999923706055,35.75333404541016,36.16666793823242,628500
2002-07-17,37.04999923706055,37.34999847412109,36.88666534423828,37.08333206176758,658800
2002-07-18,37.37666702270508,37.65999984741211,37.206668853759766,37.22999954223633,582900
2002-07-19,36.33333206176758,36.72999954223633,35.606666564941406,35.913333892822266,1575300
2002-07-22,35.53333282470703,35.79999923706055,34.5,34.616668701171875,1177800
2002-07-23,34.233333587646484,34.426666259765625,33.436668395996094,33.633331298828125,797100
2002-07-24,32.599998474121094,34.836666107177734,32.5,34.836666107177734,2543400
2002-07-25,34.12666702270508,34.78333282470703,33.93333435058594,34.46666717529297,1085400
2002-07-26,34.16666793823242,34.540000915527344,34.00333404541016,34.46666717529297,606300
2002-07-29,35.099998474121094,36.16666793823242,35.03333282470703,36.11666870117188,902700
2002-07-30,35.599998474121094,36.08666610717773,35.369998931884766,35.88666534423828,703200
2002-07-31,35.45000076293945,35.83000183105469,35.133331298828125,35.75,600900
2002-08-01,35.04999923706055,35.189998626708984,34.349998474121094,34.5,732000
2002-08-02,34.599998474121094,34.66999816894531,34.21666717529297,34.366668701171875,855600
2002-08-05,34.18333435058594,34.1966667175293,33.099998474121094,33.20000076293945,469800
2002-08-06,33.573333740234375,34.42333221435547,33.573333740234375,33.926666259765625,663900
2002-08-07,34.776668548583984,34.79999923706055,34.03333282470703,34.58333206176758,675300
2002-08-08,34.616668701171875,35.58333206176758,34.53666687011719,35.366668701171875,573300
2002-08-09,34.83333206176758,35.96666717529297,34.83333206176758,35.70000076293945,954000
2002-08-12,35.133331298828125,35.61333465576172,35.040000915527344,35.29999923706055,450900
2002-08-13,34.79999923706055,35.56666564941406,34.79999923706055,34.96333312988281,557700
2002-08-14,35.43333435058594,35.93000030517578,35.01666641235352,35.78333282470703,886500
2002-08-15,35.86000061035156,36.133331298828125,35.73666763305664,36.06666564941406,575100
2002-08-16,35.76666641235352,36.25333404541016,35.606666564941406,36.06666564941406,546600
2002-08-19,35.95000076293945,36.73333358764648,35.9033317565918,36.71666717529297,710100
2002-08-20,36.06666564941406,36.23333358764648,35.733333587646484,35.733333587646484,834900
2002-08-21,36.5099983215332,36.71333312988281,36.150001525878906,36.633331298828125,679500
2002-08-22,36.58333206176758,36.9900016784668,36.43333435058594,36.7400016784668,666000
2002-08-23,36.393333435058594,36.526668548583984,36.18000030517578,36.28333282470703,1091100
2002-08-26,36.52999877929688,36.70000076293945,36.23666763305664,36.45000076293945,603900
2002-08-27,36.883331298828125,37.08333206176758,36.53666687011719,36.77000045776367,1427700
2002-08-28,36.16666793823242,36.22999954223633,35.586666107177734,35.76666641235352,574800
2002-08-29,35.22666549682617,35.68000030517578,35.16999816894531,35.41666793823242,483000
2002-08-30,35.16666793823242,35.65999984741211,35.15666580200195,35.400001525878906,686100
2002-09-03,34.599998474121094,34.599998474121094,33.79999923706055,34.01666641235352,523200
2002-09-04,34.043331146240234,34.31666564941406,33.75333404541016,34.02333450317383,871800
2002-09-05,33.543331146240234,33.8466682434082,33.366668701171875,33.76666641235352,451800
2002-09-06,34.43333435058594,34.496665954589844,34.16999816894531,34.2599983215332,360000
2002-09-09,34.0,34.1966667175293,33.70000076293945,34.106666564941406,779700
2002-09-10,34.45000076293945,34.45000076293945,34.15666580200195,34.366668701171875,531000
2002-09-11,34.82666778564453,35.163333892822266,34.686668395996094,34.686668395996094,1507800
2002-09-12,34.563331604003906,34.563331604003906,33.94333267211914,34.11333465576172,333900
2002-09-13,33.53333282470703,33.68000030517578,33.176666259765625,33.27333450317383,1380600
2002-09-16,33.28333282470703,33.28333282470703,33.0,33.0,394500
2002-09-17,33.29999923706055,33.3466682434082,32.616668701171875,32.83333206176758,541800
2002-09-18,32.81666564941406,32.849998474121094,32.45333480834961,32.81666564941406,1149900
2002-09-19,32.4033317565918,32.5,32.18333435058594,32.25,1235400
2002-09-20,32.46666717529297,32.5966682434082,31.88333320617676,32.073333740234375,771300
2002-09-23,31.700000762939453,31.74666786193848,30.87333297729492,30.933332443237305,792300
2002-09-24,30.36666679382324,30.81666755676269,30.25666618347168,30.433332443237305,1197300
2002-09-25,31.26666641235352,31.39666748046875,30.58333206176757,31.200000762939453,721800
2002-09-26,32.06666564941406,32.41999816894531,31.916667938232425,32.29999923706055,2018100
2002-09-27,32.29999923706055,32.57666778564453,32.099998474121094,32.290000915527344,1955700
2002-09-30,31.64999961853028,31.76666641235352,31.15333366394043,31.733333587646484,2333700
2002-10-01,31.78333282470703,32.53333282470703,31.406667709350582,32.5099983215332,829200
2002-10-02,31.81666755676269,32.53333282470703,31.81666755676269,32.063331604003906,688500
2002-10-03,32.150001525878906,32.366668701171875,31.63666725158692,31.709999084472656,720900
2002-10-04,31.61666679382324,31.950000762939453,30.906667709350582,31.166667938232425,388200
2002-10-07,30.60333251953125,30.89666748046875,30.270000457763672,30.39999961853028,572100
2002-10-08,30.739999771118164,30.82999992370605,30.08666610717773,30.479999542236328,803700
2002-10-09,29.950000762939453,30.21333312988281,29.85333251953125,30.0,549000
2002-10-10,30.049999237060547,30.88999938964844,29.8700008392334,30.700000762939453,767400
2002-10-11,31.46666717529297,32.18333435058594,31.43666648864746,31.81666755676269,908700
2002-10-14,31.47333335876465,31.57999992370605,31.0,31.0,1391700
2002-10-15,32.6966667175293,33.279998779296875,32.543331146240234,33.16666793823242,1653000
2002-10-16,32.66666793823242,32.813331604003906,32.33333206176758,32.58333206176758,385500
2002-10-17,33.43333435058594,33.47999954223633,32.81999969482422,33.04999923706055,1015800
2002-10-18,32.70000076293945,33.21666717529297,32.54999923706055,32.78333282470703,1116000
2002-10-21,32.82666778564453,33.3466682434082,32.66666793823242,33.25,583500
2002-10-22,32.59333419799805,33.086666107177734,32.45000076293945,32.869998931884766,2128200
2002-10-23,32.5,32.70000076293945,32.06666564941406,32.56666564941406,783000
2002-10-24,32.893333435058594,32.893333435058594,32.25,32.25,3072900
2002-10-25,32.43333435058594,32.86000061035156,32.336666107177734,32.79999923706055,1576800
2002-10-28,33.28333282470703,33.33333206176758,32.869998931884766,32.95000076293945,910800
2002-10-29,32.733333587646484,32.733333587646484,31.8933334350586,32.21666717529297,1245900
2002-10-30,32.45000076293945,32.746665954589844,32.35333251953125,32.733333587646484,2517000
2002-10-31,33.04666519165039,33.16666793823242,32.83333206176758,32.95000076293945,1309500
2002-11-01,32.96666717529297,33.496665954589844,32.76666641235352,33.46333312988281,662400
2002-11-04,33.84000015258789,34.26666641235352,33.74333190917969,33.900001525878906,575400
2002-11-05,33.91666793823242,34.483333587646484,33.91666793823242,34.41666793823242,477300
2002-11-06,34.25,34.43333435058594,33.88999938964844,34.43333435058594,1914000
2002-11-07,33.983333587646484,33.996665954589844,33.73666763305664,33.849998474121094,1892100
2002-11-08,33.61000061035156,33.86000061035156,33.383331298828125,33.56666564941406,868500
2002-11-11,33.310001373291016,33.310001373291016,32.866668701171875,32.90999984741211,829800
2002-11-12,33.349998474121094,33.733333587646484,33.119998931884766,33.51666641235352,1043100
2002-11-13,33.08333206176758,33.44333267211914,33.03333282470703,33.133331298828125,1736400
2002-11-14,33.77333450317383,33.87333297729492,33.6533317565918,33.87333297729492,1787100
2002-11-15,33.76666641235352,34.383331298828125,33.733333587646484,34.383331298828125,2715300
2002-11-18,34.31666564941406,34.31666564941406,33.88666534423828,33.95000076293945,499500
2002-11-19,33.893333435058594,33.96666717529297,33.616668701171875,33.633331298828125,434100
2002-11-20,33.51666641235352,34.099998474121094,33.46666717529297,34.099998474121094,515400
2002-11-21,34.5,34.959999084472656,34.400001525878906,34.93333435058594,752100
2002-11-22,34.70000076293945,35.063331604003906,34.633331298828125,34.76666641235352,762000
2002-11-25,34.41666793823242,34.65999984741211,34.30666732788086,34.496665954589844,3246600
2002-11-26,34.15999984741211,34.21333312988281,33.66999816894531,33.689998626708984,581100
2002-11-27,34.18333435058594,34.62666702270508,34.13666534423828,34.62333297729492,1091700
2002-11-29,34.79999923706055,34.9466667175293,34.70000076293945,34.79999923706055,721500
2002-12-02,35.16666793823242,35.23666763305664,34.733333587646484,34.973331451416016,534300
2002-12-03,34.47666549682617,34.53333282470703,34.18000030517578,34.35333251953125,585600
2002-12-04,34.026668548583984,34.47666549682617,33.93333435058594,34.1966667175293,1287900
2002-12-05,34.16666793823242,34.293331146240234,33.68333435058594,33.813331604003906,756000
2002-12-06,33.51666641235352,34.133331298828125,33.51666641235352,34.04999923706055,1064400
2002-12-09,33.65999984741211,33.790000915527344,33.119998931884766,33.176666259765625,1185300
2002-12-10,33.483333587646484,33.63666534423828,33.25,33.62666702270508,699300
2002-12-11,33.45000076293945,33.663333892822266,33.349998474121094,33.58333206176758,2120100
2002-12-12,33.41666793823242,33.61000061035156,33.35333251953125,33.51666641235352,5151900
2002-12-13,33.22666549682617,33.310001373291016,33.00333404541016,33.20000076293945,937800
2002-12-16,33.483333587646484,33.996665954589844,33.439998626708984,33.91666793823242,1738800
2002-12-17,33.68333435058594,34.0,33.67333221435547,33.746665954589844,1561200
2002-12-18,33.06666564941406,33.22999954223633,33.01666641235352,33.03333282470703,1571100
2002-12-19,32.79666519165039,33.21666717529297,32.720001220703125,33.21666717529297,1256100
2002-12-20,33.07666778564453,33.483333587646484,32.970001220703125,33.41666793823242,1992600
2002-12-23,32.900001525878906,32.9466667175293,32.483333587646484,32.849998474121094,2054700
2002-12-24,32.96666717529297,32.97999954223633,32.76666641235352,32.790000915527344,600900
2002-12-26,32.99333190917969,33.16666793823242,32.83333206176758,32.900001525878906,1018200
2002-12-27,32.616668701171875,32.75666809082031,32.30666732788086,32.383331298828125,1122000
2002-12-30,32.75666809082031,33.04999923706055,32.74333190917969,32.866668701171875,1253400
2002-12-31,33.20000076293945,33.20000076293945,32.67333221435547,33.00333404541016,1397700
2003-01-02,33.279998779296875,33.79666519165039,33.12333297729492,33.70000076293945,860700
2003-01-03,33.76666641235352,33.89666748046875,33.630001068115234,33.733333587646484,663000
2003-01-06,33.70000076293945,34.323333740234375,33.599998474121094,34.150001525878906,1602600
2003-01-07,33.61000061035156,33.779998779296875,33.41999816894531,33.616668701171875,6725400
2003-01-08,32.93333435058594,33.3466682434082,32.900001525878906,33.15999984741211,709200
2003-01-09,33.13666534423828,33.61333465576172,33.13666534423828,33.56666564941406,2422500
2003-01-10,33.47666549682617,33.733333587646484,33.336666107177734,33.52333450317383,675900
2003-01-13,33.78333282470703,33.88999938964844,33.42333221435547,33.59333419799805,1176900
2003-01-14,33.633331298828125,33.913333892822266,33.53333282470703,33.849998474121094,1388700
2003-01-15,33.69333267211914,33.69333267211914,33.38999938964844,33.526668548583984,499200
2003-01-16,33.70000076293945,33.71333312988281,33.5,33.66666793823242,717300
2003-01-17,33.46666717529297,33.5,33.17333221435547,33.313331604003906,805500
2003-01-21,32.93333435058594,33.03333282470703,32.599998474121094,32.72666549682617,1443900
2003-01-22,32.28333282470703,32.563331604003906,32.133331298828125,32.26666641235352,1064400
2003-01-23,32.83333206176758,32.83333206176758,32.336666107177734,32.49333190917969,821400
2003-01-24,32.54999923706055,32.54999923706055,32.00666809082031,32.150001525878906,541200
2003-01-27,31.450000762939453,31.683332443237305,31.170000076293945,31.293333053588867,1155300
2003-01-28,31.38333320617676,31.51000022888184,31.200000762939453,31.426666259765625,1166700
2003-01-29,31.100000381469727,31.61666679382324,31.08333206176757,31.350000381469727,1705500
2003-01-30,31.62333297729492,31.6299991607666,31.21666717529297,31.32999992370605,1506000
2003-01-31,31.31666755676269,31.726667404174805,31.203332901000977,31.58333206176757,1015800
2003-02-03,31.86333274841309,32.11333465576172,31.753332138061523,32.08000183105469,619200
2003-02-04,31.540000915527344,31.729999542236328,31.40333366394043,31.61666679382324,653400
2003-02-05,31.76000022888184,32.143333435058594,31.60333251953125,31.670000076293945,801000
2003-02-06,31.34000015258789,31.453332901000977,31.13666725158692,31.36333274841309,523200
2003-02-07,31.31666755676269,31.450000762939453,30.86666679382324,30.90999984741211,546600
2003-02-10,30.96999931335449,31.07333374023437,30.71666717529297,31.01666641235352,532200
2003-02-11,31.01666641235352,31.413333892822266,31.01666641235352,31.166667938232425,721800
2003-02-12,31.09333229064941,31.239999771118164,30.83666610717773,30.83666610717773,596700
2003-02-13,31.06666755676269,31.34666633605957,30.87666702270508,31.290000915527344,501000
2003-02-14,31.32999992370605,31.71999931335449,31.18666648864746,31.58666610717773,594300
2003-02-18,31.89999961853028,32.06666564941406,31.83333206176757,32.04999923706055,640200
2003-02-19,31.63999938964844,31.780000686645508,31.299999237060547,31.299999237060547,2189700
2003-02-20,31.63333320617676,31.63333320617676,31.286666870117188,31.33333206176757,250800
2003-02-21,31.233333587646484,31.57999992370605,31.233333587646484,31.53333282470703,1104000
2003-02-24,31.33666610717773,31.38333320617676,31.14666748046875,31.14999961853028,694800
2003-02-25,30.666667938232425,30.850000381469727,30.38666725158692,30.76666641235352,1611000
2003-02-26,30.39999961853028,30.51666641235352,30.233333587646484,30.39999961853028,1377600
2003-02-27,30.40999984741211,30.59000015258789,30.25,30.44333267211914,1026000
2003-02-28,30.74333381652832,30.916667938232425,30.606666564941406,30.916667938232425,899700
2003-03-03,31.293333053588867,31.31333351135254,30.89999961853028,31.049999237060547,718200
2003-03-04,30.83333206176757,30.83333206176757,30.5,30.600000381469727,1403700
2003-03-05,30.600000381469727,30.76333236694336,30.51666641235352,30.64999961853028,746700
2003-03-06,30.299999237060547,30.44333267211914,30.17333221435547,30.299999237060547,765300
2003-03-07,29.916667938232425,30.163333892822266,29.78333282470703,30.07999992370605,711000
2003-03-10,29.39999961853028,29.51666641235352,29.200000762939453,29.24666786193848,1649400
2003-03-11,29.26666641235352,29.406667709350582,29.14999961853028,29.14999961853028,1033500
2003-03-12,28.913333892822266,28.99666786193848,28.543333053588867,28.81333351135254,1614600
2003-03-13,29.253332138061523,29.773332595825195,29.15999984741211,29.63666725158692,2728800
2003-03-14,29.82333374023437,30.09333229064941,29.62333297729492,29.78333282470703,1962300
2003-03-17,29.60333251953125,30.71999931335449,29.58333206176757,30.62333297729492,2464200
2003-03-18,30.796667098999023,30.796667098999023,30.433332443237305,30.753332138061523,4454400
2003-03-19,30.83333206176757,31.03333282470703,30.670000076293945,30.916667938232425,1033800
2003-03-20,30.8933334350586,31.176666259765625,30.703332901000977,31.11333274841309,1044000
2003-03-21,31.536666870117188,32.063331604003906,31.350000381469727,31.86666679382324,2088600
2003-03-24,31.25,31.25,30.83333206176757,30.83333206176757,1530900
2003-03-25,30.799999237060547,31.18000030517578,30.799999237060547,31.176666259765625,1936500
2003-03-26,31.36666679382324,31.46333312988281,31.190000534057617,31.19333267211914,916500
2003-03-27,30.913333892822266,31.12333297729492,30.57333374023437,30.983333587646484,485100
2003-03-28,30.600000381469727,30.933332443237305,30.600000381469727,30.78333282470703,1169100
2003-03-31,30.25,30.456666946411133,30.03333282470703,30.200000762939453,1401900
2003-04-01,30.56333351135254,30.670000076293945,30.33333206176757,30.670000076293945,1181400
2003-04-02,31.06666755676269,31.23666763305664,31.02666664123535,31.176666259765625,2012400
2003-04-03,31.21333312988281,31.24666786193848,30.98666763305664,31.003332138061523,1245900
2003-04-04,31.26666641235352,31.51333236694336,31.206666946411133,31.420000076293945,621600
2003-04-07,32.22999954223633,32.28333282470703,31.82666778564453,31.82666778564453,1147800
2003-04-08,31.84333229064941,31.8799991607666,31.683332443237305,31.83333206176757,487500
2003-04-09,31.99666786193848,32.040000915527344,31.63333320617676,31.71333312988281,2949300
2003-04-10,31.733333587646484,31.733333587646484,31.446666717529297,31.549999237060547,639300
2003-04-11,31.700000762939453,31.706666946411133,31.36666679382324,31.3700008392334,327900
2003-04-14,31.56999969482422,31.88333320617676,31.43666648864746,31.84666633605957,1698600
2003-04-15,32.0966682434082,32.31999969482422,31.8700008392334,32.28333282470703,1128900
2003-04-16,32.206668853759766,32.31666564941406,32.0,32.06999969482422,1815000
2003-04-17,32.39666748046875,32.586666107177734,32.31999969482422,32.53333282470703,1543500
2003-04-21,32.43333435058594,32.529998779296875,32.26333236694336,32.41999816894531,1130400
2003-04-22,32.20333480834961,32.956668853759766,32.20333480834961,32.88999938964844,2584200
2003-04-23,32.96666717529297,33.28666687011719,32.88999938964844,33.18000030517578,5359200
2003-04-24,33.0,33.0,32.723331451416016,32.91999816894531,1192200
2003-04-25,32.43333435058594,32.456668853759766,32.3033332824707,32.336666107177734,1229100
2003-04-28,32.54999923706055,32.996665954589844,32.54999923706055,32.90999984741211,791400
2003-04-29,33.08333206176758,33.32666778564453,32.91999816894531,33.099998474121094,467700
2003-04-30,33.37666702270508,33.43000030517578,33.18333435058594,33.27000045776367,1732200
2003-05-01,33.35333251953125,33.5,33.04999923706055,33.40666580200195,913200
2003-05-02,33.310001373291016,33.79666519165039,33.176666259765625,33.6966667175293,778800
2003-05-05,34.03333282470703,34.12333297729492,33.869998931884766,33.95333480834961,1083600
2003-05-06,34.29999923706055,34.86000061035156,34.29999923706055,34.66999816894531,808200
2003-05-07,34.44333267211914,34.483333587646484,34.223331451416016,34.349998474121094,668700
2003-05-08,33.913333892822266,34.133331298828125,33.733333587646484,33.83333206176758,1073400
2003-05-09,33.93333435058594,34.37666702270508,33.93333435058594,34.2599983215332,957300
2003-05-12,34.33333206176758,34.68000030517578,34.15666580200195,34.53333282470703,860400
2003-05-13,34.3033332824707,34.68333435058594,34.3033332824707,34.529998779296875,952200
2003-05-14,34.813331604003906,34.81666564941406,34.45000076293945,34.540000915527344,522300
2003-05-15,34.75666809082031,34.75666809082031,34.5,34.599998474121094,612300
2003-05-16,34.776668548583984,35.07666778564453,34.70333480834961,35.026668548583984,459000
2003-05-19,34.65999984741211,34.71333312988281,34.03333282470703,34.08000183105469,676500
2003-05-20,34.233333587646484,34.496665954589844,34.17333221435547,34.41999816894531,693900
2003-05-21,34.119998931884766,34.186668395996094,33.936668395996094,34.063331604003906,1339800
2003-05-22,34.28333282470703,34.78333282470703,34.223331451416016,34.52000045776367,1334400
2003-05-23,34.58333206176758,34.790000915527344,34.470001220703125,34.71666717529297,632700
2003-05-27,34.54999923706055,35.0966682434082,34.483333587646484,35.01666641235352,763800
2003-05-28,35.03333282470703,35.313331604003906,34.98666763305664,35.18333435058594,801600
2003-05-29,35.233333587646484,35.619998931884766,35.223331451416016,35.349998474121094,594300
2003-05-30,35.46666717529297,35.633331298828125,35.33333206176758,35.41666793823242,1646400
2003-06-02,35.779998779296875,36.12666702270508,35.616668701171875,35.746665954589844,1393500
2003-06-03,35.746665954589844,35.866668701171875,35.52000045776367,35.83333206176758,1439400
2003-06-04,35.650001525878906,36.18000030517578,35.650001525878906,36.04999923706055,920100
2003-06-05,36.223331451416016,36.47999954223633,36.10333251953125,36.413333892822266,1451100
2003-06-06,36.79999923706055,36.959999084472656,36.44333267211914,36.633331298828125,1814100
2003-06-09,36.46666717529297,36.630001068115234,36.25,36.369998931884766,904500
2003-06-10,36.53666687011719,36.686668395996094,36.4033317565918,36.663333892822266,535800
2003-06-11,36.81666564941406,37.33333206176758,36.77000045776367,37.26666641235352,702300
2003-06-12,37.40999984741211,37.47999954223633,37.13666534423828,37.36666870117188,1860000
2003-06-13,37.426666259765625,37.46333312988281,37.04333114624024,37.150001525878906,1373100
2003-06-16,37.43000030517578,37.76666641235352,37.43000030517578,37.69333267211914,681300
2003-06-17,37.93000030517578,37.93000030517578,37.72999954223633,37.77000045776367,797700
2003-06-18,37.56666564941406,37.86000061035156,37.56666564941406,37.663333892822266,725100
2003-06-19,37.33333206176758,37.436668395996094,37.10333251953125,37.21666717529297,1944300
2003-06-20,37.43333435058594,37.52999877929688,37.0966682434082,37.26666641235352,1131300
2003-06-23,37.11000061035156,37.11000061035156,36.68333435058594,36.85333251953125,744000
2003-06-24,36.49333190917969,36.62666702270508,36.369998931884766,36.56333160400391,874800
2003-06-25,36.58000183105469,36.79666519165039,36.20000076293945,36.20000076293945,1455900
2003-06-26,36.34333419799805,36.59000015258789,36.186668395996094,36.36666870117188,417900
2003-06-27,36.40999984741211,36.46333312988281,36.06333160400391,36.09333419799805,1479000
2003-06-30,36.5099983215332,36.5099983215332,36.09999847412109,36.10333251953125,1613700
2003-07-01,36.0,36.426666259765625,35.893333435058594,36.31666564941406,1467000
2003-07-02,36.663333892822266,37.08333206176758,36.619998931884766,37.03333282470703,1419600
2003-07-03,36.86333465576172,36.96666717529297,36.74333190917969,36.83333206176758,1455300
2003-07-07,37.276668548583984,37.52999877929688,37.25666809082031,37.5099983215332,2078100
2003-07-08,37.150001525878906,37.51666641235352,37.10333251953125,37.33333206176758,719700
2003-07-09,37.24666595458984,37.34999847412109,36.93333435058594,37.13999938964844,635700
2003-07-10,36.71666717529297,37.09999847412109,36.71666717529297,36.95000076293945,2265900
2003-07-11,36.79666519165039,37.19333267211914,36.61333465576172,36.869998931884766,3879300
2003-07-14,37.28333282470703,37.650001525878906,37.10333251953125,37.26666641235352,1445400
2003-07-15,37.41666793823242,37.52999877929688,36.75,36.91666793823242,3166500
2003-07-16,36.913333892822266,36.9466667175293,36.426666259765625,36.63999938964844,1337100
2003-07-17,36.12666702270508,36.29666519165039,35.970001220703125,36.06666564941406,1727100
2003-07-18,36.28333282470703,36.6966667175293,36.23333358764648,36.633331298828125,683700
2003-07-21,36.4466667175293,36.4466667175293,36.25,36.35333251953125,1119000
2003-07-22,36.45000076293945,36.52999877929688,36.23333358764648,36.26666641235352,3241200
2003-07-23,36.59333419799805,36.90666580200195,36.5,36.8033332824707,724800
2003-07-24,37.21666717529297,37.28333282470703,36.86333465576172,36.86333465576172,1459200
2003-07-25,37.26333236694336,37.413333892822266,36.93999862670898,37.32666778564453,1580100
2003-07-28,37.31999969482422,37.49333190917969,37.31999969482422,37.42333221435547,1042500
2003-07-29,37.5966682434082,37.5966682434082,37.18333435058594,37.26666641235352,677700
2003-07-30,37.29999923706055,37.29999923706055,36.86333465576172,36.956668853759766,876600
2003-07-31,37.0966682434082,37.21666717529297,36.58666610717773,36.650001525878906,3659400
2003-08-01,36.66666793823242,36.70000076293945,36.53666687011719,36.643333435058594,1482000
2003-08-04,36.89666748046875,36.89666748046875,36.470001220703125,36.75,835800
2003-08-05,36.74666595458984,36.790000915527344,36.40666580200195,36.40666580200195,1669200
2003-08-06,36.51666641235352,36.51666641235352,36.33666610717773,36.34999847412109,1060500
2003-08-07,36.66666793823242,36.66666793823242,36.276668548583984,36.56666564941406,432300
2003-08-08,36.71666717529297,36.95000076293945,36.5533332824707,36.68000030517578,1206600
2003-08-11,36.94333267211914,37.073333740234375,36.76333236694336,37.03333282470703,571800
2003-08-12,37.186668395996094,37.26333236694336,37.00333404541016,37.18999862670898,808200
2003-08-13,37.1966667175293,37.33000183105469,37.12666702270508,37.21666717529297,637800
2003-08-14,37.56666564941406,37.78666687011719,37.33666610717773,37.74666595458984,1311000
2003-08-15,37.71333312988281,37.78333282470703,37.59999847412109,37.65999984741211,366000
2003-08-18,37.64666748046875,38.21333312988281,37.52999877929688,38.18333435058594,1170300
2003-08-19,38.08333206176758,38.12666702270508,37.87333297729492,38.09999847412109,831900
2003-08-20,38.06333160400391,38.06333160400391,37.88666534423828,38.02999877929688,754800
2003-08-21,38.11333465576172,38.220001220703125,37.93000030517578,38.09999847412109,606300
2003-08-22,38.22999954223633,38.22999954223633,37.82666778564453,37.880001068115234,555900
2003-08-25,37.81666564941406,37.83333206176758,37.5533332824707,37.72666549682617,991200
2003-08-26,37.54333114624024,37.68333435058594,37.25,37.52999877929688,1089600
2003-08-27,37.61333465576172,37.6966667175293,37.53666687011719,37.5966682434082,1442400
2003-08-28,37.66666793823242,37.83333206176758,37.51333236694336,37.81666564941406,1079700
2003-08-29,37.7400016784668,37.99666595458984,37.7400016784668,37.856666564941406,591000
2003-09-02,38.01666641235352,38.43999862670898,38.01666641235352,38.43000030517578,901500
2003-09-03,38.776668548583984,39.026668548583984,38.66666793823242,38.93333435058594,2043000
2003-09-04,38.84333419799805,38.92333221435547,38.58333206176758,38.88666534423828,1139700
2003-09-05,38.926666259765625,39.02333450317383,38.77000045776367,38.96333312988281,423900
2003-09-08,39.09000015258789,39.31666564941406,39.0099983215332,39.13666534423828,1236000
2003-09-09,39.133331298828125,39.29999923706055,39.04999923706055,39.21333312988281,1450500
2003-09-10,39.150001525878906,39.150001525878906,38.79999923706055,38.81666564941406,2636700
2003-09-11,39.03333282470703,39.09333419799805,38.8466682434082,39.03333282470703,690600
2003-09-12,39.25666809082031,39.29999923706055,38.883331298828125,39.20000076293945,630600
2003-09-15,39.33333206176758,39.39666748046875,39.18000030517578,39.31333160400391,4375500
2003-09-16,39.57666778564453,39.956668853759766,39.43333435058594,39.70333480834961,813300
2003-09-17,39.936668395996094,40.01333236694336,39.74333190917969,39.96333312988281,886200
2003-09-18,40.426666259765625,40.426666259765625,39.869998931884766,40.383331298828125,1835700
2003-09-19,40.143333435058594,40.37666702270508,40.11666870117188,40.23333358764648,1131300
2003-09-22,40.08000183105469,40.08000183105469,39.68333435058594,39.77999877929688,2204700
2003-09-23,39.78666687011719,39.96666717529297,39.69333267211914,39.869998931884766,2469900
2003-09-24,40.08333206176758,40.11666870117188,39.66666793823242,39.676666259765625,2603400
2003-09-25,39.81666564941406,39.970001220703125,39.16666793823242,39.16666793823242,1749600
2003-09-26,39.27000045776367,39.383331298828125,39.0,39.0,2462700
2003-09-29,39.2599983215332,39.7599983215332,39.13666534423828,39.5,765000
2003-09-30,39.5533332824707,39.5533332824707,38.93999862670898,39.0,2134200
2003-10-01,39.37333297729492,40.27999877929688,39.37333297729492,40.27999877929688,1397400
2003-10-02,40.24666595458984,40.27333450317383,40.03333282470703,40.21666717529297,1935000
2003-10-03,40.913333892822266,41.01666641235352,40.58333206176758,40.8033332824707,921600
2003-10-06,40.926666259765625,41.22999954223633,40.79999923706055,41.22999954223633,917400
2003-10-07,41.01333236694336,41.24333190917969,40.83333206176758,41.16666793823242,781800
2003-10-08,41.28333282470703,41.28666687011719,40.79999923706055,40.99666595458984,506700
2003-10-09,41.33000183105469,41.51666641235352,41.21666717529297,41.27999877929688,735600
2003-10-10,41.663333892822266,41.663333892822266,41.43333435058594,41.45333480834961,601500
2003-10-13,41.79333114624024,41.86666870117188,41.61666870117188,41.86333465576172,1119600
2003-10-14,41.709999084472656,42.09000015258789,41.5966682434082,42.08333206176758,448500
2003-10-15,41.92333221435547,42.06333160400391,41.66666793823242,41.68333435058594,667200
2003-10-16,41.79333114624024,42.150001525878906,41.709999084472656,41.93333435058594,570300
2003-10-17,41.93999862670898,41.959999084472656,41.68333435058594,41.71666717529297,444000
2003-10-20,41.9466667175293,42.163333892822266,41.75333404541016,42.163333892822266,521700
2003-10-21,42.06333160400391,42.20000076293945,41.883331298828125,42.02000045776367,1185300
2003-10-22,41.66666793823242,41.71333312988281,41.470001220703125,41.61000061035156,1143300
2003-10-23,40.83000183105469,41.22666549682617,40.70000076293945,41.08333206176758,679500
2003-10-24,41.05666732788086,41.26333236694336,40.93333435058594,41.163333892822266,556800
2003-10-27,41.16666793823242,41.49666595458984,41.16666793823242,41.3466682434082,843900
2003-10-28,41.560001373291016,41.93333435058594,41.50333404541016,41.83333206176758,876600
2003-10-29,41.86333465576172,42.0,41.68999862670898,41.78333282470703,804300
2003-10-30,42.26333236694336,42.29999923706055,41.75333404541016,41.83000183105469,1359300
2003-10-31,41.46666717529297,41.74333190917969,41.46666717529297,41.53333282470703,1472400
2003-11-03,42.08333206176758,42.11666870117188,41.61666870117188,41.74333190917969,2315100
2003-11-04,42.02999877929688,42.02999877929688,41.83333206176758,41.973331451416016,1264800
2003-11-05,41.663333892822266,41.79333114624024,41.57666778564453,41.73333358764648,1238400
2003-11-06,41.55666732788086,41.56666564941406,41.209999084472656,41.36666870117188,1919100
2003-11-07,41.83333206176758,41.99333190917969,41.58333206176758,41.75,6998100
2003-11-10,41.89666748046875,41.89666748046875,41.37333297729492,41.4033317565918,888300
2003-11-11,41.31666564941406,41.38999938964844,41.133331298828125,41.24666595458984,2766300
2003-11-12,41.61000061035156,42.186668395996094,41.52000045776367,42.106666564941406,891000
2003-11-13,42.24666595458984,42.393333435058594,42.11666870117188,42.3466682434082,1561800
2003-11-14,42.06999969482422,42.49333190917969,41.86666870117188,42.060001373291016,3168900
2003-11-17,41.64666748046875,41.663333892822266,41.09999847412109,41.33666610717773,988500
2003-11-18,41.56666564941406,41.74333190917969,41.5,41.5,674700
2003-11-19,41.5,41.7599983215332,41.34999847412109,41.59999847412109,1048200
2003-11-20,41.31333160400391,41.72999954223633,41.25,41.33333206176758,946800
2003-11-21,41.650001525878906,41.80666732788086,41.43333435058594,41.77999877929688,1952400
2003-11-24,41.83000183105469,42.25333404541016,41.73333358764648,42.09333419799805,1393500
2003-11-25,42.18000030517578,42.276668548583984,41.900001525878906,42.15999984741211,1729200
2003-11-26,42.54666519165039,42.54666519165039,42.20000076293945,42.51666641235352,1257900
2003-11-28,42.663333892822266,42.68333435058594,42.46666717529297,42.58333206176758,1150800
2003-12-01,43.26666641235352,43.45000076293945,43.04999923706055,43.426666259765625,1906500
2003-12-02,43.33333206176758,43.60333251953125,43.28333282470703,43.52999877929688,965100
2003-12-03,43.76666641235352,44.01666641235352,43.61666870117188,43.61666870117188,1653600
2003-12-04,43.913333892822266,43.93000030517578,43.58000183105469,43.71666717529297,1448700
2003-12-05,43.663333892822266,43.72999954223633,43.383331298828125,43.4033317565918,1191300
2003-12-08,43.663333892822266,43.81333160400391,43.29666519165039,43.76666641235352,1851900
2003-12-09,44.040000915527344,44.08000183105469,43.400001525878906,43.58333206176758,2191500
2003-12-10,43.45000076293945,43.45000076293945,43.18000030517578,43.27000045776367,2155500
2003-12-11,43.29666519165039,43.83000183105469,43.27000045776367,43.75,1652400
2003-12-12,43.96333312988281,43.96333312988281,43.67333221435547,43.893333435058594,967800
2003-12-15,44.39666748046875,44.39666748046875,43.59999847412109,43.59999847412109,2520000
2003-12-16,43.66666793823242,44.03333282470703,43.66666793823242,44.0,1147200
2003-12-17,43.99666595458984,43.99666595458984,43.76666641235352,43.89666748046875,1482900
2003-12-18,44.24666595458984,44.62333297729492,44.04999923706055,44.54999923706055,3238800
2003-12-19,44.5966682434082,44.5966682434082,44.16666793823242,44.29999923706055,1152300
2003-12-22,44.08000183105469,44.08333206176758,43.83333206176758,44.06666564941406,1556400
2003-12-23,44.0966682434082,44.22666549682617,43.926666259765625,44.15999984741211,1662000
2003-12-24,44.20000076293945,44.63666534423828,44.17333221435547,44.26666641235352,549000
2003-12-26,44.37666702270508,44.51666641235352,44.186668395996094,44.186668395996094,477300
2003-12-29,44.6966667175293,44.93333435058594,44.43999862670898,44.93000030517578,2037300
2003-12-30,44.79999923706055,45.223331451416016,44.79999923706055,45.01666641235352,3807000
2003-12-31,45.41666793823242,45.633331298828125,45.186668395996094,45.59333419799805,3129000
2004-01-02,45.60333251953125,46.01333236694336,45.5966682434082,45.71666717529297,1593300
2004-01-05,46.33000183105469,46.633331298828125,46.133331298828125,46.5966682434082,2562600
2004-01-06,46.5966682434082,46.73333358764648,46.39666748046875,46.66666793823242,1701000
2004-01-07,46.16666793823242,46.383331298828125,45.86666870117188,46.20000076293945,1582200
2004-01-08,46.913333892822266,46.913333892822266,46.50333404541016,46.86333465576172,1532100
2004-01-09,46.630001068115234,46.82666778564453,46.50333404541016,46.56666564941406,1413300
2004-01-12,46.6966667175293,47.33333206176758,46.43000030517578,46.5533332824707,1629600
2004-01-13,46.79666519165039,46.79666519165039,46.16666793823242,46.28333282470703,1532400
2004-01-14,46.6533317565918,46.83666610717773,46.52333450317383,46.68333435058594,1325400
2004-01-15,46.630001068115234,46.64666748046875,46.16666793823242,46.400001525878906,1477800
2004-01-16,46.3466682434082,46.45000076293945,46.03333282470703,46.23333358764648,2704800
2004-01-20,46.75,46.893333435058594,46.65999984741211,46.73333358764648,1307400
2004-01-21,46.959999084472656,47.40999984741211,46.7599983215332,47.29999923706055,2350200
2004-01-22,47.45000076293945,47.46333312988281,47.20000076293945,47.33000183105469,3117900
2004-01-23,47.1966667175293,47.27999877929688,46.60333251953125,46.823333740234375,1104900
2004-01-26,46.91999816894531,46.98666763305664,46.60333251953125,46.973331451416016,2091000
2004-01-27,47.05666732788086,47.05666732788086,46.71333312988281,46.76666641235352,1978500
2004-01-28,46.90999984741211,47.11666870117188,46.08000183105469,46.16666793823242,1808700
2004-01-29,46.16666793823242,46.28333282470703,45.66999816894531,46.22666549682617,2433300
2004-01-30,45.99333190917969,46.163333892822266,45.84999847412109,46.106666564941406,2088300
2004-02-02,46.04666519165039,46.2400016784668,45.86666870117188,46.0,1497900
2004-02-03,46.23666763305664,46.23666763305664,46.00333404541016,46.08333206176758,714000
2004-02-04,45.913333892822266,45.93999862670898,45.56333160400391,45.58333206176758,1631400
2004-02-05,46.1533317565918,46.206668853759766,45.73333358764648,45.77333450317383,1060800
2004-02-06,46.413333892822266,46.74666595458984,46.25666809082031,46.63666534423828,1552200
2004-02-09,47.33333206176758,47.33333206176758,46.790000915527344,46.93000030517578,1095300
2004-02-10,47.03666687011719,47.16666793823242,46.93000030517578,47.133331298828125,771000
2004-02-11,47.05666732788086,47.77333450317383,46.83333206176758,47.66666793823242,930000
2004-02-12,47.33000183105469,47.40999984741211,47.16999816894531,47.25,1710300
2004-02-13,47.71333312988281,47.71333312988281,47.06999969482422,47.18999862670898,732600
2004-02-17,48.08000183105469,48.2400016784668,47.84999847412109,48.09999847412109,1516800
2004-02-18,48.11333465576172,48.163333892822266,47.40666580200195,47.43333435058594,1000500
2004-02-19,48.06999969482422,48.163333892822266,47.720001220703125,47.75,809100
2004-02-20,47.79999923706055,47.79999923706055,46.83333206176758,47.16666793823242,2603100
2004-02-23,47.55666732788086,47.55666732788086,47.060001373291016,47.29999923706055,1345800
2004-02-24,46.93000030517578,47.33000183105469,46.81666564941406,47.11666870117188,1583400
2004-02-25,47.0966682434082,47.17333221435547,46.46666717529297,46.76666641235352,1878000
2004-02-26,46.663333892822266,46.96333312988281,46.48666763305664,46.78333282470703,1798800
2004-02-27,47.119998931884766,47.323333740234375,46.95000076293945,47.16666793823242,2097300
2004-03-01,47.663333892822266,47.8466682434082,47.5,47.79999923706055,1406700
2004-03-02,47.53666687011719,47.676666259765625,47.00666809082031,47.03333282470703,1731300
2004-03-03,46.893333435058594,46.99666595458984,46.46666717529297,46.93333435058594,1524300
2004-03-04,46.92333221435547,47.29333114624024,46.83333206176758,47.08333206176758,1689900
2004-03-05,47.1966667175293,47.72999954223633,47.1966667175293,47.633331298828125,1098300
2004-03-08,47.61333465576172,47.70000076293945,47.32666778564453,47.32666778564453,1105500
2004-03-09,47.4466667175293,47.47999954223633,46.970001220703125,47.0,1269600
2004-03-10,46.880001068115234,46.93333435058594,46.24666595458984,46.24666595458984,1806300
2004-03-11,45.76666641235352,46.08000183105469,45.49666595458984,45.49666595458984,2135400
2004-03-12,45.68000030517578,45.89666748046875,45.43333435058594,45.89666748046875,1599300
2004-03-15,45.45333480834961,45.65666580200195,45.0,45.11666870117188,2073000
2004-03-16,45.70333480834961,45.75,45.23333358764648,45.53333282470703,1427400
2004-03-17,46.24666595458984,46.48666763305664,46.00666809082031,46.48333358764648,1678200
2004-03-18,46.4466667175293,46.53333282470703,46.150001525878906,46.46666717529297,2881500
2004-03-19,46.29666519165039,46.31666564941406,45.86666870117188,45.86666870117188,1089900
2004-03-22,45.68000030517578,45.68000030517578,45.16666793823242,45.27000045776367,1711500
2004-03-23,45.76666641235352,45.91999816894531,45.5,45.61666870117188,1414500
2004-03-24,45.57666778564453,45.71333312988281,45.27000045776367,45.436668395996094,1770900
2004-03-25,45.91999816894531,46.33000183105469,45.75333404541016,46.29999923706055,2658000
2004-03-26,46.26333236694336,46.3466682434082,46.0,46.09999847412109,1619700
2004-03-29,46.62666702270508,46.87666702270508,46.58333206176758,46.76666641235352,1683300
2004-03-30,46.68000030517578,46.893333435058594,46.54999923706055,46.86666870117188,1302600
2004-03-31,47.14666748046875,47.39666748046875,47.03666687011719,47.20000076293945,2627100
2004-04-01,47.470001220703125,47.83333206176758,47.18333435058594,47.82666778564453,2286300
2004-04-02,47.74333190917969,48.413333892822266,47.633331298828125,47.96333312988281,2089800
2004-04-05,47.663333892822266,47.96666717529297,47.51666641235352,47.96333312988281,1556700
2004-04-06,47.77999877929688,47.86666870117188,47.52000045776367,47.81666564941406,1522800
2004-04-07,47.96333312988281,47.96333312988281,47.709999084472656,47.88999938964844,1743300
2004-04-08,47.99666595458984,47.99666595458984,47.53666687011719,47.790000915527344,1018800
2004-04-12,47.99666595458984,48.133331298828125,47.83333206176758,48.09999847412109,880500
2004-04-13,47.79666519165039,47.81333160400391,47.369998931884766,47.48333358764648,972900
2004-04-14,46.64666748046875,46.99333190917969,46.53333282470703,46.99333190917969,1487400
2004-04-15,46.650001525878906,46.94333267211914,46.49666595458984,46.66666793823242,2116800
2004-04-16,46.89666748046875,47.21666717529297,46.78666687011719,47.16666793823242,814800
2004-04-19,47.12666702270508,47.21666717529297,46.900001525878906,47.21666717529297,1103100
2004-04-20,47.31666564941406,47.380001068115234,46.5,46.56666564941406,874200
2004-04-21,46.686668395996094,46.973331451416016,46.573333740234375,46.883331298828125,1887900
2004-04-22,46.72999954223633,47.36333465576172,46.58666610717773,47.21666717529297,1066200
2004-04-23,47.11333465576172,47.18333435058594,46.85333251953125,47.150001525878906,1048500
2004-04-26,47.45000076293945,47.45000076293945,46.91666793823242,47.13666534423828,1864200
2004-04-27,47.00333404541016,47.36333465576172,47.00333404541016,47.18333435058594,1936800
2004-04-28,47.00333404541016,47.00333404541016,46.25,46.31333160400391,2226900
2004-04-29,46.31333160400391,46.46333312988281,45.676666259765625,45.81666564941406,2768100
2004-04-30,46.26333236694336,46.26333236694336,45.5,45.59999847412109,4595100
2004-05-03,45.96333312988281,46.06666564941406,45.83666610717773,46.06666564941406,1395900
2004-05-04,46.64666748046875,46.8466682434082,46.37666702270508,46.6533317565918,1985400
2004-05-05,46.95000076293945,47.26666641235352,46.90666580200195,47.16666793823242,1707900
2004-05-06,46.5,46.5,45.95333480834961,46.16666793823242,1749000
2004-05-07,45.686668395996094,45.74666595458984,44.91666793823242,44.91666793823242,3348900
2004-05-10,43.78333282470703,44.23666763305664,43.470001220703125,43.76666641235352,5254200
2004-05-11,43.83666610717773,44.16666793823242,43.79999923706055,44.08333206176758,1500300
2004-05-12,44.46333312988281,44.46666717529297,43.619998931884766,44.36666870117188,2675700
2004-05-13,43.9466667175293,44.20333480834961,43.720001220703125,43.900001525878906,1188600
2004-05-14,43.9466667175293,43.99666595458984,43.66666793823242,43.86333465576172,972000
2004-05-17,43.27000045776367,43.54999923706055,43.27000045776367,43.383331298828125,1040100
2004-05-18,43.77999877929688,43.86333465576172,43.62333297729492,43.84333419799805,657300
2004-05-19,44.79666519165039,44.96333312988281,44.276668548583984,44.276668548583984,2612100
2004-05-20,44.27000045776367,44.54999923706055,44.06999969482422,44.33333206176758,1387800
2004-05-21,45.163333892822266,45.163333892822266,44.58666610717773,44.65999984741211,1630500
2004-05-24,45.11333465576172,45.16666793823242,44.66666793823242,44.9466667175293,1747800
2004-05-25,44.95000076293945,45.77999877929688,44.900001525878906,45.61666870117188,1480800
2004-05-26,45.62333297729492,45.70000076293945,45.38666534423828,45.53333282470703,1150200
2004-05-27,46.29666519165039,46.48333358764648,46.13666534423828,46.400001525878906,1328100
2004-05-28,46.36333465576172,46.37666702270508,46.03333282470703,46.119998931884766,1154400
2004-06-01,46.220001220703125,46.28333282470703,45.883331298828125,46.22999954223633,1382400
2004-06-02,46.52999877929688,46.573333740234375,46.1533317565918,46.36333465576172,1918500
2004-06-03,46.02999877929688,46.18000030517578,45.78333282470703,45.91666793823242,1050000
2004-06-04,46.3466682434082,46.630001068115234,46.133331298828125,46.46666717529297,1358400
2004-06-07,47.163333892822266,47.49333190917969,46.970001220703125,47.49333190917969,1045200
2004-06-08,47.23333358764648,47.27333450317383,46.91999816894531,47.22666549682617,1406700
2004-06-09,46.96333312988281,46.96666717529297,46.33333206176758,46.41666793823242,2286900
2004-06-10,46.83000183105469,47.0533332824707,46.720001220703125,46.96666717529297,804300
2004-06-14,46.08000183105469,46.1533317565918,45.7400016784668,45.83666610717773,1386300
2004-06-15,46.46333312988281,46.96333312988281,46.33333206176758,46.650001525878906,2062800
2004-06-16,46.650001525878906,46.83333206176758,46.49666595458984,46.633331298828125,636900
2004-06-17,46.686668395996094,46.97999954223633,46.573333740234375,46.93333435058594,932400
2004-06-18,46.88999938964844,47.323333740234375,46.84000015258789,47.01666641235352,1888800
2004-06-21,47.06666564941406,47.16666793823242,46.81666564941406,46.84999847412109,897600
2004-06-22,46.74666595458984,46.93333435058594,46.43333435058594,46.869998931884766,1382100
2004-06-23,46.78333282470703,47.23333358764648,46.59999847412109,47.16666793823242,979200
2004-06-24,47.3466682434082,47.47999954223633,47.23333358764648,47.34999847412109,1119000
2004-06-25,47.13666534423828,47.33333206176758,47.119998931884766,47.176666259765625,1457400
2004-06-28,47.68333435058594,47.75,47.33333206176758,47.46666717529297,2811900
2004-06-29,47.3033332824707,47.413333892822266,47.23333358764648,47.36666870117188,2685900
2004-06-30,47.52999877929688,47.71666717529297,47.119998931884766,47.66666793823242,5310000
2004-07-01,47.52999877929688,47.5533332824707,46.883331298828125,47.06666564941406,2171100
2004-07-02,47.10333251953125,47.380001068115234,47.10333251953125,47.33000183105469,1066800
2004-07-06,46.8466682434082,46.86666870117188,46.54999923706055,46.54999923706055,1130400
2004-07-07,46.97999954223633,47.19333267211914,46.90666580200195,47.09999847412109,979500
2004-07-08,46.913333892822266,47.03333282470703,46.66666793823242,46.79999923706055,1184100
2004-07-09,47.18000030517578,47.1966667175293,47.0,47.1966667175293,1107000
2004-07-12,47.20000076293945,47.33333206176758,47.03333282470703,47.33333206176758,576000
2004-07-13,47.21666717529297,47.21666717529297,46.82666778564453,47.09999847412109,1331700
2004-07-14,46.73666763305664,47.09000015258789,46.6966667175293,46.83333206176758,1405200
2004-07-15,46.68000030517578,46.71666717529297,46.223331451416016,46.25,2289300
2004-07-16,46.79999923706055,46.97999954223633,46.62333297729492,46.62333297729492,1351500
2004-07-19,46.79666519165039,46.84999847412109,46.43333435058594,46.65999984741211,769200
2004-07-20,46.52999877929688,46.71666717529297,46.356666564941406,46.68333435058594,777000
2004-07-21,46.81333160400391,46.81333160400391,45.66999816894531,45.66999816894531,1611000
2004-07-22,46.02999877929688,46.08333206176758,45.706668853759766,45.91666793823242,2698500
2004-07-23,45.663333892822266,45.663333892822266,45.02333450317383,45.06999969482422,1337700
2004-07-26,45.380001068115234,45.380001068115234,44.94333267211914,45.06999969482422,1568400
2004-07-27,45.1533317565918,45.40666580200195,44.91666793823242,45.34999847412109,1640400
2004-07-28,45.22999954223633,45.526668548583984,44.913333892822266,45.40999984741211,1755300
2004-07-29,45.39666748046875,45.650001525878906,45.25,45.46666717529297,2150100
2004-07-30,45.6966667175293,45.74333190917969,45.456668853759766,45.633331298828125,2845200
2004-08-02,45.630001068115234,45.89666748046875,45.51666641235352,45.84999847412109,1519800
2004-08-03,45.74666595458984,45.90666580200195,45.54999923706055,45.54999923706055,1063800
2004-08-04,45.163333892822266,45.66666793823242,45.133331298828125,45.54333114624024,969300
2004-08-05,45.51333236694336,45.51333236694336,44.85333251953125,44.86666870117188,1332900
2004-08-06,45.31333160400391,45.31333160400391,44.723331451416016,44.79999923706055,966900
2004-08-09,44.93000030517578,44.98333358764648,44.7400016784668,44.75,888000
2004-08-10,45.133331298828125,45.31666564941406,44.98333358764648,45.11666870117188,853800
2004-08-11,44.79999923706055,45.040000915527344,44.630001068115234,44.96666717529297,870900
2004-08-12,44.83333206176758,44.84999847412109,44.46666717529297,44.46666717529297,828600
2004-08-13,44.89666748046875,44.89666748046875,44.64666748046875,44.73333358764648,742500
2004-08-16,44.70000076293945,45.31333160400391,44.6966667175293,45.18333435058594,1028700
2004-08-17,45.33000183105469,45.380001068115234,45.11666870117188,45.21666717529297,807600
2004-08-18,44.95000076293945,45.58333206176758,44.9033317565918,45.560001373291016,1868700
2004-08-19,45.54666519165039,45.64666748046875,45.33333206176758,45.45333480834961,1177500
2004-08-20,45.36333465576172,45.76666641235352,45.26666641235352,45.66666793823242,1521300
2004-08-23,45.71333312988281,45.71333312988281,45.24333190917969,45.29666519165039,1457700
2004-08-24,45.51666641235352,45.51666641235352,45.223331451416016,45.28666687011719,2878500
2004-08-25,45.36666870117188,45.83333206176758,45.25,45.76666641235352,2217900
2004-08-26,45.68333435058594,45.883331298828125,45.633331298828125,45.79999923706055,958200
2004-08-27,45.96666717529297,46.01666641235352,45.77333450317383,45.91666793823242,1377600
2004-08-30,45.73333358764648,45.89666748046875,45.71666717529297,45.75,1250700
2004-08-31,45.86000061035156,46.20000076293945,45.75,46.176666259765625,1728300
2004-09-01,46.20000076293945,46.27999877929688,46.06999969482422,46.21666717529297,1734000
2004-09-02,46.21666717529297,46.70000076293945,46.16666793823242,46.70000076293945,1131900
2004-09-03,46.23666763305664,46.33333206176758,46.0,46.08000183105469,1324500
2004-09-07,46.54999923706055,46.72999954223633,46.4033317565918,46.723331451416016,1623600
2004-09-08,46.400001525878906,46.79666519165039,46.34999847412109,46.70000076293945,1557900
2004-09-09,46.48333358764648,46.66666793823242,46.30666732788086,46.54999923706055,1449300
2004-09-10,46.81666564941406,46.96666717529297,46.66666793823242,46.900001525878906,1054200
2004-09-13,46.99333190917969,47.23333358764648,46.936668395996094,47.06666564941406,850200
2004-09-14,47.130001068115234,47.25,47.03333282470703,47.18333435058594,1271100
2004-09-15,46.83333206176758,46.83333206176758,46.369998931884766,46.50666809082031,921300
2004-09-16,46.53333282470703,46.823333740234375,46.47666549682617,46.81333160400391,974400
2004-09-17,46.9466667175293,46.97999954223633,46.74666595458984,46.96666717529297,789600
2004-09-20,46.59999847412109,46.810001373291016,46.48333358764648,46.67333221435547,889200
2004-09-21,47.19333267211914,47.54333114624024,46.9900016784668,47.4033317565918,1576200
2004-09-22,47.01666641235352,47.01666641235352,46.58666610717773,46.633331298828125,1800900
2004-09-23,46.76666641235352,46.77999877929688,46.470001220703125,46.50666809082031,1859400
2004-09-24,46.66666793823242,46.72999954223633,46.50333404541016,46.56666564941406,1443000
2004-09-27,46.31333160400391,46.47999954223633,46.25,46.33333206176758,1306800
2004-09-28,46.70333480834961,46.88666534423828,46.44333267211914,46.78666687011719,1361100
2004-09-29,46.79999923706055,46.96666717529297,46.66666793823242,46.96666717529297,1462500
2004-09-30,47.09999847412109,47.22999954223633,46.91666793823242,47.133331298828125,3372000
2004-10-01,47.400001525878906,47.880001068115234,47.400001525878906,47.86666870117188,1596300
2004-10-04,47.95000076293945,48.03333282470703,47.76666641235352,47.93999862670898,1882500
2004-10-05,47.98333358764648,48.14666748046875,47.86333465576172,47.96666717529297,1347000
2004-10-06,47.883331298828125,48.18000030517578,47.73333358764648,48.14666748046875,1263300
2004-10-07,48.04999923706055,48.06333160400391,47.75,47.81666564941406,1461300
2004-10-08,48.133331298828125,48.29666519165039,48.07666778564453,48.150001525878906,2474400
2004-10-11,48.16666793823242,48.26666641235352,48.12666702270508,48.26666641235352,651300
2004-10-12,47.43333435058594,47.79333114624024,47.25333404541016,47.71666717529297,1691700
2004-10-13,47.65999984741211,47.676666259765625,47.22666549682617,47.383331298828125,2155200
2004-10-14,47.59000015258789,48.0,47.11666870117188,47.133331298828125,910800
2004-10-15,47.59333419799805,47.93333435058594,47.16666793823242,47.66999816894531,1442100
2004-10-18,47.65666580200195,47.86666870117188,47.47999954223633,47.86000061035156,1239600
2004-10-19,48.133331298828125,48.19333267211914,47.73333358764648,47.76666641235352,2419200
2004-10-20,47.83333206176758,48.30666732788086,47.62666702270508,47.95000076293945,2554200
2004-10-21,48.00333404541016,48.29999923706055,47.96666717529297,48.22999954223633,1383000
2004-10-22,48.25,48.65666580200195,47.80666732788086,47.93333435058594,1916700
2004-10-25,47.98333358764648,48.26666641235352,47.81666564941406,47.883331298828125,1527600
2004-10-26,48.04999923706055,48.209999084472656,47.90666580200195,48.150001525878906,2247600
2004-10-27,48.223331451416016,48.66666793823242,48.20000076293945,48.650001525878906,1210200
2004-10-28,48.68333435058594,48.883331298828125,48.5,48.78333282470703,1447200
2004-10-29,48.77999877929688,48.85333251953125,48.58666610717773,48.78333282470703,2553300
2004-11-01,48.79333114624024,49.06333160400391,48.79333114624024,48.86666870117188,4493400
2004-11-02,49.1966667175293,49.46666717529297,49.10333251953125,49.24666595458984,1418700
2004-11-03,49.96333312988281,50.0,49.2400016784668,49.83000183105469,1863900
2004-11-04,49.93333435058594,50.56666564941406,49.83333206176758,50.526668548583984,2343600
2004-11-05,50.41666793823242,50.81666564941406,50.413333892822266,50.76333236694336,2557200
2004-11-08,50.29999923706055,50.48333358764648,50.27000045776367,50.40999984741211,1785000
2004-11-09,50.26333236694336,50.41666793823242,50.25,50.28333282470703,1497000
2004-11-10,50.380001068115234,50.43000030517578,49.66999816894531,50.186668395996094,2506200
2004-11-11,50.413333892822266,50.78333282470703,50.37333297729492,50.73333358764648,1201800
2004-11-12,50.86333465576172,51.400001525878906,50.72666549682617,51.33333206176758,3053700
2004-11-15,51.26666641235352,51.383331298828125,51.060001373291016,51.383331298828125,2940000
2004-11-16,51.040000915527344,51.380001068115234,50.46666717529297,50.95000076293945,2542500
2004-11-17,51.49666595458984,51.76666641235352,51.43333435058594,51.59999847412109,1379400
2004-11-18,51.47999954223633,51.53666687011719,51.29333114624024,51.48333358764648,1743600
2004-11-19,51.71333312988281,51.71666717529297,51.026668548583984,51.150001525878906,2092800
2004-11-22,50.9466667175293,51.33333206176758,50.85333251953125,51.29999923706055,3271200
2004-11-23,51.33333206176758,51.51333236694336,51.16666793823242,51.400001525878906,2788800
2004-11-24,51.49666595458984,51.663333892822266,51.28666687011719,51.633331298828125,2311200
2004-11-26,51.95000076293945,52.0966682434082,51.83333206176758,51.93333435058594,900300
2004-11-29,52.28333282470703,52.413333892822266,51.96666717529297,52.09999847412109,1688700
2004-11-30,52.09333419799805,52.176666259765625,51.66999816894531,51.75,2875800
2004-12-01,52.09999847412109,52.650001525878906,52.0,52.650001525878906,3296700
2004-12-02,52.70000076293945,52.70000076293945,52.02999877929688,52.56666564941406,1785000
2004-12-03,52.630001068115234,52.93333435058594,52.5533332824707,52.880001068115234,3707400
2004-12-06,52.6966667175293,53.53333282470703,52.5099983215332,52.55666732788086,1775700
2004-12-07,52.86666870117188,53.31666564941406,52.20333480834961,52.27000045776367,2475600
2004-12-08,51.93333435058594,52.70000076293945,51.76333236694336,52.23333358764648,1833900
2004-12-09,51.59999847412109,52.13999938964844,51.30666732788086,52.01666641235352,1636500
2004-12-10,51.23333358764648,51.59999847412109,51.21666717529297,51.50666809082031,2391600
2004-12-13,51.95000076293945,52.46666717529297,51.50666809082031,52.28333282470703,2657100
2004-12-14,52.163333892822266,52.41666793823242,52.05666732788086,52.29999923706055,2719500
2004-12-15,52.56999969482422,52.72999954223633,52.53333282470703,52.61666870117188,1904700
2004-12-16,52.41666793823242,52.54999923706055,52.0533332824707,52.28333282470703,2297400
2004-12-17,52.14666748046875,52.21666717529297,51.973331451416016,52.133331298828125,3940800
2004-12-20,52.880001068115234,53.03333282470703,52.20000076293945,52.61000061035156,2919000
2004-12-21,52.74666595458984,52.97999954223633,52.41666793823242,52.97999954223633,5990100
2004-12-22,52.97999954223633,53.0966682434082,52.88666534423828,53.060001373291016,2148000
2004-12-23,52.56333160400391,52.66666793823242,52.46666717529297,52.59999847412109,3845700
2004-12-27,52.89666748046875,53.32666778564453,52.81333160400391,53.01333236694336,1929300
2004-12-28,53.15999984741211,53.41666793823242,53.10333251953125,53.36666870117188,2246100
2004-12-29,52.8033332824707,53.21666717529297,52.79999923706055,53.11000061035156,6386700
2004-12-30,53.21333312988281,53.393333435058594,53.11000061035156,53.11666870117188,4646400
2004-12-31,53.33333206176758,53.459999084472656,52.96666717529297,53.41666793823242,3647400
2005-01-03,53.39666748046875,53.5,52.93333435058594,53.03333282470703,5273700
2005-01-04,52.93000030517578,52.95000076293945,51.87333297729492,52.01666641235352,2983800
2005-01-05,52.06666564941406,52.650001525878906,51.68999862670898,51.98333358764648,3143700
2005-01-06,52.09999847412109,52.18333435058594,51.86333465576172,51.98333358764648,2673300
2005-01-07,52.51333236694336,52.51333236694336,51.73666763305664,51.75,2475300
2005-01-10,52.150001525878906,52.21666717529297,51.91666793823242,51.98333358764648,1698600
2005-01-11,52.130001068115234,52.130001068115234,51.80666732788086,51.883331298828125,2209800
2005-01-12,52.1966667175293,52.36000061035156,51.99666595458984,52.29999923706055,2629200
2005-01-13,52.14666748046875,52.16666793823242,51.76666641235352,51.84999847412109,1655100
2005-01-14,51.97999954223633,52.18333435058594,51.46666717529297,52.09999847412109,2011200
2005-01-18,51.84999847412109,52.21666717529297,51.66666793823242,52.13999938964844,3630000
2005-01-19,52.23333358764648,52.3466682434082,51.59999847412109,51.59999847412109,2236500
2005-01-20,51.46333312988281,51.5,51.133331298828125,51.25666809082031,2893500
2005-01-21,51.53333282470703,51.79999923706055,51.4033317565918,51.459999084472656,1255800
2005-01-24,51.61333465576172,51.83000183105469,51.54999923706055,51.54999923706055,1333500
2005-01-25,51.60333251953125,51.88666534423828,51.540000915527344,51.56666564941406,1710300
2005-01-26,52.163333892822266,52.31666564941406,52.06999969482422,52.18999862670898,2575800
2005-01-27,52.08000183105469,52.34333419799805,51.9466667175293,52.26666641235352,1803600
2005-01-28,52.1966667175293,52.209999084472656,51.84999847412109,52.150001525878906,1708500
2005-01-31,52.16666793823242,52.43333435058594,52.16666793823242,52.400001525878906,3236700
2005-02-01,52.383331298828125,52.79999923706055,52.31666564941406,52.72666549682617,3320100
2005-02-02,52.86666870117188,52.869998931884766,52.68333435058594,52.79999923706055,2643600
2005-02-03,52.46666717529297,52.56666564941406,52.2400016784668,52.51333236694336,1950600
2005-02-04,52.50333404541016,52.81333160400391,52.4900016784668,52.78333282470703,2401500
2005-02-07,52.68000030517578,52.7400016784668,52.26333236694336,52.45000076293945,1713600
2005-02-08,52.31333160400391,52.53333282470703,52.25,52.45000076293945,1944000
2005-02-09,52.45000076293945,52.54333114624024,52.30666732788086,52.31666564941406,1885200
2005-02-10,52.66666793823242,52.913333892822266,52.63999938964844,52.86000061035156,1296000
2005-02-11,52.9466667175293,53.31999969482422,52.86000061035156,53.22666549682617,3481800
2005-02-14,53.61666870117188,53.75,53.33333206176758,53.63999938964844,2572800
2005-02-15,53.68000030517578,54.01333236694336,53.67333221435547,54.0,2157000
2005-02-16,53.67333221435547,53.71666717529297,53.33333206176758,53.52333450317383,6873900
2005-02-17,53.68999862670898,53.87666702270508,53.58333206176758,53.633331298828125,2853000
2005-02-18,53.84999847412109,53.96333312988281,53.78333282470703,53.900001525878906,1808100
2005-02-22,54.01666641235352,54.16666793823242,53.70000076293945,53.77333450317383,2227800
2005-02-23,53.71333312988281,53.87333297729492,53.55666732788086,53.79999923706055,3172200
2005-02-24,53.86333465576172,53.95333480834961,53.56666564941406,53.883331298828125,3470700
2005-02-25,54.15999984741211,54.59999847412109,54.01666641235352,54.5099983215332,2302800
2005-02-28,54.56666564941406,54.6966667175293,54.209999084472656,54.383331298828125,2276400
2005-03-01,54.54666519165039,54.75666809082031,54.5,54.68333435058594,2256000
2005-03-02,54.06666564941406,54.46666717529297,54.06666564941406,54.27333450317383,3374700
2005-03-03,54.49666595458984,54.56333160400391,54.18999862670898,54.29999923706055,2220000
2005-03-04,54.81999969482422,55.36333465576172,54.51666641235352,55.25,2952900
2005-03-07,54.9466667175293,55.11666870117188,54.883331298828125,55.01666641235352,2007600
2005-03-08,55.24333190917969,55.29999923706055,55.09333419799805,55.16666793823242,2472900
2005-03-09,55.18000030517578,55.29666519165039,54.88666534423828,54.91666793823242,2828400
2005-03-10,55.163333892822266,55.1966667175293,54.84000015258789,55.0966682434082,1933800
2005-03-11,55.1966667175293,55.31333160400391,55.00333404541016,55.08333206176758,2505900
2005-03-14,54.81333160400391,54.90666580200195,54.61000061035156,54.90666580200195,1933200
2005-03-15,55.06666564941406,55.08333206176758,54.53666687011719,54.56666564941406,2351400
2005-03-16,54.900001525878906,54.926666259765625,54.54999923706055,54.630001068115234,2791200
2005-03-17,54.48666763305664,54.70333480834961,54.459999084472656,54.56666564941406,1601400
2005-03-18,54.5966682434082,54.59999847412109,54.31999969482422,54.456668853759766,1447200
2005-03-21,54.31333160400391,54.31333160400391,54.0,54.08666610717773,2524500
2005-03-22,54.0533332824707,54.413333892822266,53.4033317565918,53.46666717529297,2239800
2005-03-23,53.33000183105469,53.33000183105469,53.0099983215332,53.11000061035156,3244800
2005-03-24,53.19333267211914,53.400001525878906,53.09999847412109,53.09999847412109,2715900
2005-03-28,53.133331298828125,53.323333740234375,53.09999847412109,53.09999847412109,1452300
2005-03-29,52.83333206176758,53.0099983215332,52.45333480834961,52.54999923706055,2633400
2005-03-30,52.86666870117188,53.13666534423828,52.83666610717773,52.97999954223633,3034200
2005-03-31,53.33000183105469,53.36666870117188,52.87666702270508,52.956668853759766,5814300
2005-04-01,53.400001525878906,53.47999954223633,52.70000076293945,52.83333206176758,2720700
2005-04-04,52.65999984741211,52.900001525878906,52.47666549682617,52.84999847412109,1936800
2005-04-05,52.96666717529297,53.16999816894531,52.91999816894531,53.133331298828125,3195000
2005-04-06,53.150001525878906,53.45000076293945,53.10333251953125,53.28333282470703,2424300
2005-04-07,53.400001525878906,53.706668853759766,53.400001525878906,53.5,1803300
2005-04-08,53.5,53.72999954223633,53.36666870117188,53.5,5148000
2005-04-11,53.79666519165039,53.883331298828125,53.59333419799805,53.70000076293945,1389000
2005-04-12,53.383331298828125,53.93999862670898,53.16666793823242,53.83333206176758,2382600
2005-04-13,53.46666717529297,53.706668853759766,53.21666717529297,53.26666641235352,2060400
2005-04-14,53.106666564941406,53.106666564941406,52.56666564941406,52.56666564941406,2802900
2005-04-15,52.66666793823242,52.709999084472656,51.91999816894531,51.92333221435547,3907800
2005-04-18,51.79999923706055,52.0,51.59999847412109,51.73333358764648,4774500
2005-04-19,52.20000076293945,52.46333312988281,52.14666748046875,52.41999816894531,2568600
2005-04-20,52.106666564941406,52.31666564941406,51.70000076293945,51.75,3272700
2005-04-21,52.33333206176758,52.6966667175293,52.119998931884766,52.686668395996094,4253100
2005-04-22,52.59999847412109,52.76666641235352,52.08666610717773,52.5,2785200
2005-04-25,52.650001525878906,52.79333114624024,52.5,52.776668548583984,1811100
2005-04-26,52.400001525878906,52.43333435058594,52.11666870117188,52.11666870117188,2562300
2005-04-27,51.83666610717773,52.06333160400391,51.75333404541016,51.97666549682617,2814900
2005-04-28,51.65666580200195,51.84333419799805,51.27000045776367,51.276668548583984,2952000
2005-04-29,52.0,52.11666870117188,51.59999847412109,52.09999847412109,3655800
2005-05-02,52.01666641235352,52.15999984741211,51.91666793823242,52.08333206176758,6243000
2005-05-03,52.11000061035156,52.29999923706055,51.97999954223633,52.1966667175293,2449500
2005-05-04,52.45000076293945,52.99666595458984,52.33333206176758,52.81666564941406,1389600
2005-05-05,52.96666717529297,53.06333160400391,52.72999954223633,52.893333435058594,2568000
2005-05-06,52.883331298828125,52.91666793823242,52.60333251953125,52.663333892822266,1951500
2005-05-09,52.58333206176758,52.79666519165039,52.48333358764648,52.78333282470703,2148900
2005-05-10,52.36666870117188,52.46666717529297,52.04999923706055,52.04999923706055,3199500
2005-05-11,52.26333236694336,52.34000015258789,51.99333190917969,52.28333282470703,1905000
2005-05-12,51.9900016784668,52.04999923706055,51.53333282470703,51.633331298828125,5169600
2005-05-13,51.58333206176758,51.663333892822266,51.119998931884766,51.33333206176758,2818800
2005-05-16,51.150001525878906,51.58000183105469,51.13666534423828,51.540000915527344,4869000
2005-05-17,51.18333435058594,51.59333419799805,51.133331298828125,51.53333282470703,3548100
2005-05-18,51.54999923706055,52.25333404541016,51.50666809082031,52.11666870117188,3137100
2005-05-19,51.973331451416016,52.163333892822266,51.93333435058594,52.1533317565918,1799400
2005-05-20,51.83333206176758,51.959999084472656,51.63999938964844,51.93333435058594,2433900
2005-05-23,52.06666564941406,52.426666259765625,52.00333404541016,52.36333465576172,3382800
2005-05-24,52.25,52.29333114624024,52.11000061035156,52.22666549682617,3470400
2005-05-25,52.1966667175293,52.1966667175293,51.926666259765625,52.08333206176758,3068400
2005-05-26,52.00666809082031,52.15999984741211,51.96666717529297,52.11666870117188,3284700
2005-05-27,52.18333435058594,52.36333465576172,52.09333419799805,52.33333206176758,2327100
2005-05-31,51.96333312988281,51.99333190917969,51.59999847412109,51.650001525878906,5366100
2005-06-01,51.686668395996094,52.11666870117188,51.686668395996094,51.96333312988281,2512500
2005-06-02,52.08666610717773,52.41666793823242,52.03666687011719,52.40666580200195,1892400
2005-06-03,52.21666717529297,52.31333160400391,51.82666778564453,51.91666793823242,1814700
2005-06-06,52.206668853759766,52.29666519165039,52.10333251953125,52.2599983215332,1891500
2005-06-07,52.473331451416016,52.73666763305664,52.44333267211914,52.526668548583984,3360600
2005-06-08,52.81666564941406,52.87666702270508,52.28333282470703,52.33333206176758,4509600
2005-06-09,52.18000030517578,52.59999847412109,52.130001068115234,52.540000915527344,2432300
2005-06-10,52.630001068115234,52.65999984741211,52.08000183105469,52.34000015258789,3986200
2005-06-13,51.959999084472656,52.209999084472656,51.84999847412109,52.15999984741211,1466900
2005-06-14,52.119998931884766,52.2599983215332,52.02000045776367,52.09999847412109,1955100
2005-06-15,52.34999847412109,52.5,52.09999847412109,52.40999984741211,3046500
2005-06-16,52.59999847412109,52.70000076293945,52.36000061035156,52.58000183105469,4516400
2005-06-17,53.06999969482422,53.43999862670898,53.060001373291016,53.369998931884766,2686500
2005-06-20,52.869998931884766,53.02999877929688,52.58000183105469,52.869998931884766,1714000
2005-06-21,52.869998931884766,53.27999877929688,52.75,53.27000045776367,1552400
2005-06-22,53.150001525878906,53.2400016784668,52.95000076293945,53.11000061035156,1439300
2005-06-23,52.95000076293945,53.060001373291016,52.470001220703125,52.5099983215332,2070900
2005-06-24,52.68999862670898,52.72999954223633,52.45000076293945,52.5,1790800
2005-06-27,52.380001068115234,52.54999923706055,52.2599983215332,52.380001068115234,2304000
2005-06-28,52.34999847412109,52.79999923706055,52.34999847412109,52.68000030517578,1779500
2005-06-29,52.540000915527344,52.75,52.400001525878906,52.459999084472656,4981800
2005-06-30,52.5099983215332,52.72999954223633,52.22999954223633,52.38999938964844,2959400
2005-07-01,52.45000076293945,52.650001525878906,52.27000045776367,52.31999969482422,2779400
2005-07-05,51.95000076293945,52.45000076293945,51.95000076293945,52.380001068115234,3690000
2005-07-06,52.34999847412109,52.5099983215332,52.119998931884766,52.2400016784668,1836900
2005-07-07,51.27999877929688,52.09999847412109,51.2400016784668,51.95000076293945,4927400
2005-07-08,52.02999877929688,52.650001525878906,51.95000076293945,52.650001525878906,4205300
2005-07-11,52.790000915527344,53.150001525878906,52.650001525878906,53.02999877929688,2530600
2005-07-12,53.380001068115234,53.68999862670898,53.20000076293945,53.58000183105469,1680200
2005-07-13,53.18000030517578,53.29999923706055,52.9900016784668,53.150001525878906,5145700
2005-07-14,53.459999084472656,53.61000061035156,53.2400016784668,53.29999923706055,2711100
2005-07-15,53.09999847412109,53.310001373291016,53.0099983215332,53.15999984741211,2391700
2005-07-18,53.150001525878906,53.27000045776367,53.0,53.0099983215332,1931900
2005-07-19,52.88999938964844,53.25,52.79999923706055,53.130001068115234,1868000
2005-07-20,53.09999847412109,53.709999084472656,52.7599983215332,53.4900016784668,2667900
2005-07-21,53.68000030517578,53.91999816894531,53.33000183105469,53.59999847412109,2875400
2005-07-22,53.630001068115234,53.630001068115234,53.25,53.54999923706055,1609300
2005-07-25,53.380001068115234,53.540000915527344,53.310001373291016,53.400001525878906,2713700
2005-07-26,53.27999877929688,53.41999816894531,53.15999984741211,53.2400016784668,2755800
2005-07-27,53.61000061035156,53.88999938964844,53.40999984741211,53.84999847412109,2259700
2005-07-28,53.91999816894531,54.2599983215332,53.7599983215332,54.220001220703125,3058500
2005-07-29,54.130001068115234,54.220001220703125,53.900001525878906,53.959999084472656,3734500
2005-08-01,54.59000015258789,54.65999984741211,54.38999938964844,54.4900016784668,4786100
2005-08-02,54.79999923706055,54.9900016784668,54.70000076293945,54.880001068115234,2443700
2005-08-03,55.09999847412109,55.31999969482422,55.02000045776367,55.290000915527344,1682100
2005-08-04,54.959999084472656,55.27999877929688,54.83000183105469,54.84000015258789,2716800
2005-08-05,54.90999984741211,54.90999984741211,54.41999816894531,54.63999938964844,1971000
2005-08-08,55.09999847412109,55.11000061035156,54.70000076293945,54.77000045776367,2064000
2005-08-09,55.16999816894531,55.540000915527344,55.09999847412109,55.470001220703125,2101000
2005-08-10,56.02999877929688,56.27999877929688,55.70000076293945,55.84999847412109,1998200
2005-08-11,56.31999969482422,56.77999877929688,56.31999969482422,56.75,1175700
2005-08-12,56.400001525878906,56.59999847412109,56.20000076293945,56.400001525878906,1606600
2005-08-15,56.29999923706055,56.61000061035156,56.25,56.5,1636600
2005-08-16,56.29999923706055,56.29999923706055,55.810001373291016,55.88999938964844,2163600
2005-08-17,55.72999954223633,55.9900016784668,55.70000076293945,55.75,2994700
2005-08-18,55.31999969482422,55.31999969482422,55.04999923706055,55.150001525878906,1395300
2005-08-19,55.43999862670898,55.59999847412109,55.36000061035156,55.41999816894531,920400
2005-08-22,55.95000076293945,56.20000076293945,55.810001373291016,56.02999877929688,1383500
2005-08-23,55.54999923706055,55.84999847412109,55.5,55.790000915527344,1682000
2005-08-24,55.59999847412109,55.7400016784668,55.20000076293945,55.20000076293945,1171500
2005-08-25,55.470001220703125,55.619998931884766,55.369998931884766,55.40999984741211,1069700
2005-08-26,55.59000015258789,55.68000030517578,55.15999984741211,55.22999954223633,2065900
2005-08-29,55.0,55.25,54.90999984741211,55.20000076293945,1701500
2005-08-30,54.97999954223633,55.040000915527344,54.709999084472656,55.040000915527344,1669300
2005-08-31,55.27000045776367,56.04999923706055,55.20000076293945,56.02999877929688,2073600
2005-09-01,56.470001220703125,56.880001068115234,56.41999816894531,56.70000076293945,2482600
2005-09-02,56.880001068115234,57.040000915527344,56.79999923706055,56.900001525878906,2426400
2005-09-06,57.400001525878906,57.68000030517578,57.310001373291016,57.59999847412109,1571100
2005-09-07,57.290000915527344,57.5,57.18999862670898,57.43999862670898,2873600
2005-09-08,57.16999816894531,57.220001220703125,56.91999816894531,57.0,1847100
2005-09-09,57.470001220703125,57.83000183105469,57.400001525878906,57.75,1313600
2005-09-12,57.36000061035156,57.470001220703125,57.27000045776367,57.29999923706055,1162200
2005-09-13,57.08000183105469,57.150001525878906,56.81999969482422,56.90999984741211,2819700
2005-09-14,57.08000183105469,57.25,56.91999816894531,56.95000076293945,1404200
2005-09-15,57.150001525878906,57.150001525878906,56.90999984741211,56.9900016784668,2431700
2005-09-16,57.380001068115234,57.650001525878906,57.209999084472656,57.630001068115234,1952800
2005-09-19,57.34000015258789,57.34000015258789,57.060001373291016,57.25,3151000
2005-09-20,57.5,57.650001525878906,56.900001525878906,57.040000915527344,1926100
2005-09-21,57.43999862670898,57.47999954223633,57.0099983215332,57.09999847412109,2342400
2005-09-22,57.04999923706055,57.119998931884766,56.77000045776367,57.040000915527344,2868600
2005-09-23,56.83000183105469,56.970001220703125,56.650001525878906,56.79999923706055,2273500
2005-09-26,57.31999969482422,57.56999969482422,57.18999862670898,57.41999816894531,3019800
2005-09-27,57.150001525878906,57.400001525878906,56.93000030517578,57.20000076293945,1901900
2005-09-28,57.70000076293945,57.88999938964844,57.560001373291016,57.790000915527344,3054500
2005-09-29,57.970001220703125,58.56999969482422,57.880001068115234,58.47999954223633,2540400
2005-09-30,57.970001220703125,58.220001220703125,57.869998931884766,58.09999847412109,2702900
2005-10-03,57.91999816894531,58.0,57.72999954223633,57.900001525878906,1985900
2005-10-04,57.9900016784668,58.209999084472656,57.5099983215332,57.52000045776367,2071900
2005-10-05,57.59999847412109,57.650001525878906,56.9900016784668,57.02000045776367,2813000
2005-10-06,57.0,57.18000030517578,56.33000183105469,56.75,3380300
2005-10-07,57.0,57.08000183105469,56.79999923706055,56.95000076293945,1555800
2005-10-10,56.9900016784668,57.04999923706055,56.5099983215332,56.66999816894531,1096400
2005-10-11,57.060001373291016,57.130001068115234,56.65999984741211,56.7400016784668,1497800
2005-10-12,56.84999847412109,56.93000030517578,56.22999954223633,56.36000061035156,3101400
2005-10-13,55.93000030517578,56.33000183105469,55.619998931884766,56.2400016784668,2196500
2005-10-14,56.310001373291016,56.84000015258789,56.15999984741211,56.77000045776367,1748600
2005-10-17,56.2400016784668,56.33000183105469,56.0099983215332,56.20000076293945,2955500
2005-10-18,55.7599983215332,55.84999847412109,55.470001220703125,55.54999923706055,3051300
2005-10-19,54.95000076293945,56.0,54.88999938964844,56.0,2472800
2005-10-20,55.43999862670898,55.459999084472656,54.54999923706055,54.720001220703125,2368500
2005-10-21,55.15999984741211,55.33000183105469,54.77999877929688,54.959999084472656,1385300
2005-10-24,55.220001220703125,55.83000183105469,55.150001525878906,55.81999969482422,2223400
2005-10-25,55.880001068115234,56.13999938964844,55.59000015258789,55.880001068115234,2192200
2005-10-26,55.95000076293945,56.25,55.70000076293945,55.77999877929688,3255800
2005-10-27,56.25,56.29999923706055,55.59999847412109,55.66999816894531,1573000
2005-10-28,55.79999923706055,56.20000076293945,55.56999969482422,56.150001525878906,3726800
2005-10-31,56.34999847412109,56.619998931884766,56.20000076293945,56.25,4862900
2005-11-01,56.68999862670898,56.84000015258789,56.5,56.72999954223633,2795300
2005-11-02,56.650001525878906,57.5099983215332,56.63999938964844,57.5099983215332,3075900
2005-11-03,57.58000183105469,57.70000076293945,57.27999877929688,57.47999954223633,2471300
2005-11-04,57.41999816894531,57.459999084472656,56.709999084472656,56.95000076293945,1951400
2005-11-07,57.04999923706055,57.34000015258789,56.900001525878906,57.27999877929688,1630300
2005-11-08,57.040000915527344,57.25,56.91999816894531,57.13999938964844,3971600
2005-11-09,56.869998931884766,57.20000076293945,56.720001220703125,57.09999847412109,3981500
2005-11-10,57.0,57.130001068115234,56.59999847412109,57.02999877929688,2539600
2005-11-11,56.9900016784668,57.36000061035156,56.9900016784668,57.33000183105469,1850000
2005-11-14,57.22999954223633,57.22999954223633,56.77000045776367,56.9900016784668,2313900
2005-11-15,56.65999984741211,56.900001525878906,56.040000915527344,56.68000030517578,2382200
2005-11-16,56.47999954223633,56.59000015258789,56.33000183105469,56.58000183105469,1761000
2005-11-17,57.0,57.54999923706055,57.0,57.54999923706055,2169700
2005-11-18,57.790000915527344,57.95000076293945,57.369998931884766,57.95000076293945,5674400
2005-11-21,57.9900016784668,58.09000015258789,57.68000030517578,58.02999877929688,2170100
2005-11-22,57.52999877929688,58.2599983215332,57.43000030517578,58.220001220703125,2834400
2005-11-23,58.20000076293945,58.54999923706055,58.13999938964844,58.5,3026800
2005-11-25,58.13999938964844,58.25,57.84999847412109,57.93999862670898,2582900
2005-11-28,58.119998931884766,58.2400016784668,57.84999847412109,58.09000015258789,3798500
2005-11-29,58.16999816894531,58.209999084472656,57.900001525878906,58.0,2672700
2005-11-30,57.880001068115234,57.93000030517578,57.43999862670898,57.54999923706055,4958500
2005-12-01,58.16999816894531,58.650001525878906,58.09999847412109,58.630001068115234,2846500
2005-12-02,58.66999816894531,58.86000061035156,58.45000076293945,58.84999847412109,2407900
2005-12-05,59.209999084472656,59.209999084472656,58.70000076293945,59.11000061035156,1974800
2005-12-06,59.209999084472656,59.59000015258789,59.0099983215332,59.290000915527344,2462800
2005-12-07,59.209999084472656,59.22999954223633,58.68999862670898,58.900001525878906,2433700
2005-12-08,58.88999938964844,59.27999877929688,58.65999984741211,58.88999938964844,6019200
2005-12-09,59.25,59.540000915527344,59.20000076293945,59.47999954223633,2044400
2005-12-12,60.13999938964844,60.25,60.0,60.22999954223633,2521200
2005-12-13,60.15999984741211,60.59999847412109,60.0099983215332,60.52000045776367,2861000
2005-12-14,60.400001525878906,60.619998931884766,60.29999923706055,60.4900016784668,1811000
2005-12-15,60.27999877929688,60.27999877929688,59.77000045776367,59.93000030517578,5016800
2005-12-16,60.400001525878906,60.59999847412109,60.29999923706055,60.400001525878906,2155700
2005-12-19,60.66999816894531,60.66999816894531,60.20000076293945,60.290000915527344,2335400
2005-12-20,60.41999816894531,60.45000076293945,60.13999938964844,60.29999923706055,3313900
2005-12-21,60.58000183105469,60.650001525878906,60.27999877929688,60.59000015258789,4912400
2005-12-22,60.68999862670898,60.95000076293945,59.59000015258789,60.93999862670898,2659000
2005-12-23,59.58000183105469,59.79999923706055,59.5099983215332,59.79999923706055,2142700
2005-12-27,59.900001525878906,59.900001525878906,59.119998931884766,59.25,3543800
2005-12-28,59.84000015258789,60.0,59.52000045776367,59.68000030517578,3248600
2005-12-29,59.79999923706055,59.9900016784668,59.619998931884766,59.70000076293945,6123300
2005-12-30,59.34999847412109,59.470001220703125,59.04999923706055,59.43000030517578,4236600
2006-01-03,60.5,61.470001220703125,60.27999877929688,61.41999816894531,7778500
2006-01-04,61.650001525878906,61.970001220703125,61.540000915527344,61.93000030517578,5231500
2006-01-05,61.619998931884766,61.72999954223633,61.47999954223633,61.619998931884766,4953800
2006-01-06,62.15999984741211,62.5,61.9900016784668,62.45000076293945,5326600
2006-01-09,62.369998931884766,62.47999954223633,62.18999862670898,62.47999954223633,3057200
2006-01-10,61.4900016784668,61.91999816894531,61.4900016784668,61.91999816894531,3608400
2006-01-11,61.88999938964844,62.47999954223633,61.88999938964844,62.45000076293945,4077000
2006-01-12,62.09999847412109,62.25,61.81999969482422,61.93999862670898,3438400
2006-01-13,61.790000915527344,62.86000061035156,61.75,62.18000030517578,2582100
2006-01-17,61.18999862670898,61.40999984741211,61.06999969482422,61.400001525878906,3501700
2006-01-18,60.66999816894531,60.86000061035156,60.27000045776367,60.56999969482422,3444800
2006-01-19,60.93000030517578,61.34000015258789,60.86000061035156,61.2599983215332,5194300
2006-01-20,61.400001525878906,61.45000076293945,60.209999084472656,60.33000183105469,5101100
2006-01-23,60.970001220703125,61.2599983215332,60.86000061035156,61.16999816894531,5957000
2006-01-24,61.220001220703125,61.77999877929688,61.15999984741211,61.47999954223633,3037100
2006-01-25,61.70000076293945,61.84999847412109,61.400001525878906,61.68999862670898,3563000
2006-01-26,62.220001220703125,62.59000015258789,62.119998931884766,62.41999816894531,3474100
2006-01-27,62.88999938964844,63.08000183105469,62.45000076293945,62.75,3571300
2006-01-30,62.720001220703125,62.84999847412109,62.619998931884766,62.79999923706055,3050100
2006-01-31,62.86000061035156,63.220001220703125,62.70000076293945,62.86000061035156,3681800
2006-02-01,62.880001068115234,63.209999084472656,62.83000183105469,63.04999923706055,4100900
2006-02-02,62.77000045776367,62.9900016784668,62.25,62.34000015258789,4136500
2006-02-03,61.93000030517578,62.45000076293945,61.81999969482422,62.18000030517578,7103400
2006-02-06,62.36000061035156,62.36000061035156,61.88999938964844,62.09000015258789,2528900
2006-02-07,62.02000045776367,62.130001068115234,61.43000030517578,61.630001068115234,3779000
2006-02-08,61.5,61.9900016784668,61.27999877929688,61.84999847412109,4463400
2006-02-09,62.119998931884766,62.4900016784668,61.880001068115234,61.970001220703125,3885000
2006-02-10,62.18000030517578,62.20000076293945,61.4900016784668,61.83000183105469,2125000
2006-02-13,61.29999923706055,61.59999847412109,61.25,61.400001525878906,3482600
2006-02-14,61.29999923706055,62.9900016784668,61.27000045776367,62.08000183105469,3066500
2006-02-15,61.709999084472656,62.0,61.27000045776367,61.52000045776367,6430600
2006-02-16,61.58000183105469,62.150001525878906,61.470001220703125,62.11000061035156,2418100
2006-02-17,61.650001525878906,62.130001068115234,61.54999923706055,61.93000030517578,6936300
2006-02-21,62.150001525878906,62.290000915527344,61.84999847412109,61.93999862670898,2872600
2006-02-22,62.09999847412109,62.5,61.93000030517578,62.40999984741211,6620200
2006-02-23,62.72999954223633,62.83000183105469,62.40999984741211,62.56999969482422,3203900
2006-02-24,62.70000076293945,62.869998931884766,62.59000015258789,62.77999877929688,3580600
2006-02-27,62.91999816894531,63.150001525878906,62.83000183105469,63.0,2755700
2006-02-28,62.77999877929688,62.84000015258789,62.400001525878906,62.41999816894531,11384100
2006-03-01,62.869998931884766,63.150001525878906,62.68000030517578,63.060001373291016,4076900
2006-03-02,62.650001525878906,62.95000076293945,62.40999984741211,62.93999862670898,2822200
2006-03-03,62.47999954223633,62.970001220703125,62.380001068115234,62.68000030517578,5237600
2006-03-06,62.90999984741211,62.90999984741211,62.310001373291016,62.43999862670898,2946500
2006-03-07,61.75,62.400001525878906,61.5099983215332,61.68000030517578,3858200
2006-03-08,61.5099983215332,61.97999954223633,61.36000061035156,61.88999938964844,2873700
2006-03-09,62.18000030517578,62.31999969482422,61.810001373291016,61.81999969482422,4765700
2006-03-10,62.119998931884766,62.810001373291016,61.90999984741211,62.7599983215332,3744300
2006-03-13,63.119998931884766,63.29999923706055,63.0,63.27999877929688,2515800
2006-03-14,63.25,64.05000305175781,63.150001525878906,63.95000076293945,3769000
2006-03-15,64.05999755859375,64.20999908447266,63.72999954223633,64.18000030517578,5171500
2006-03-16,64.0999984741211,64.55999755859375,64.0199966430664,64.38999938964844,3464200
2006-03-17,64.5999984741211,64.69999694824219,64.30999755859375,64.69999694824219,2797000
2006-03-20,65.01000213623047,65.04000091552734,64.63999938964844,64.83000183105469,2259000
2006-03-21,64.52999877929688,64.6500015258789,64.05000305175781,64.16000366210938,4341300
2006-03-22,64.4800033569336,64.9000015258789,64.37000274658203,64.76000213623047,3161400
2006-03-23,64.4000015258789,64.44000244140625,63.77000045776367,63.97999954223633,5467700
2006-03-24,64.06999969482422,64.5199966430664,63.93999862670898,64.48999786376953,3362600
2006-03-27,64.36000061035156,64.47000122070312,64.0999984741211,64.37999725341797,4893200
2006-03-28,64.33999633789062,64.5199966430664,63.650001525878906,63.7599983215332,3977600
2006-03-29,64.05000305175781,64.68000030517578,63.970001220703125,64.5999984741211,2738000
2006-03-30,64.87000274658203,65.5199966430664,64.86000061035156,65.37999725341797,5073200
2006-03-31,65.05000305175781,65.11000061035156,64.81999969482422,64.91999816894531,5380100
2006-04-03,65.18000030517578,65.86000061035156,65.12000274658203,65.62999725341797,6945100
2006-04-04,65.80000305175781,66.16999816894531,65.73999786376953,66.1500015258789,3560600
2006-04-05,66.16999816894531,66.58000183105469,66.05000305175781,66.37000274658203,3615600
2006-04-06,66.44999694824219,66.69999694824219,66.1500015258789,66.43000030517578,2806400
2006-04-07,66.41999816894531,66.86000061035156,65.51000213623047,65.66999816894531,4531900
2006-04-10,65.8499984741211,65.94999694824219,65.62999725341797,65.79000091552734,3222100
2006-04-11,65.8499984741211,65.9000015258789,65.1500015258789,65.3499984741211,5924600
2006-04-12,65.16000366210938,65.31999969482422,64.87000274658203,65.02999877929688,6929500
2006-04-13,64.97000122070312,65.27999877929688,64.87999725341797,65.19999694824219,3974900
2006-04-17,65.56999969482422,65.7699966430664,65.31999969482422,65.5,2309400
2006-04-18,66.06999969482422,66.8499984741211,65.6500015258789,66.83999633789062,4494100
2006-04-19,66.62000274658203,67.33000183105469,66.48999786376953,67.30000305175781,3753900
2006-04-20,66.9800033569336,67.19999694824219,66.80999755859375,67.0,6370500
2006-04-21,67.44999694824219,67.6500015258789,67.11000061035156,67.44999694824219,2464500
2006-04-24,67.37999725341797,67.63999938964844,67.13999938964844,67.5199966430664,1778000
2006-04-25,67.69999694824219,67.8499984741211,67.2300033569336,67.4800033569336,4088800
2006-04-26,67.75,67.97000122070312,67.6500015258789,67.9000015258789,4610400
2006-04-27,67.13999938964844,68.30000305175781,67.13999938964844,68.0199966430664,3101300
2006-04-28,67.8499984741211,68.27999877929688,67.22000122070312,68.02999877929688,3910500
2006-05-01,68.69999694824219,68.77999877929688,67.91000366210938,68.0,3377000
2006-05-02,68.81999969482422,69.04000091552734,68.69000244140625,69.04000091552734,6046400
2006-05-03,68.77999877929688,68.81999969482422,65.75,68.62999725341797,4595600
2006-05-04,68.62999725341797,69.23999786376953,68.55000305175781,69.16000366210938,2996100
2006-05-05,69.6500015258789,70.23999786376953,69.19999694824219,70.22000122070312,3404600
2006-05-08,70.4000015258789,70.4000015258789,70.0199966430664,70.16000366210938,3313400
2006-05-09,70.31999969482422,70.63999938964844,70.2300033569336,70.58000183105469,3747200
2006-05-10,70.3499984741211,70.6500015258789,70.13999938964844,70.36000061035156,4080100
2006-05-11,70.33000183105469,70.4000015258789,69.45999908447266,69.6500015258789,6549900
2006-05-12,69.41999816894531,69.61000061035156,68.61000061035156,68.75,5935200
2006-05-15,67.87000274658203,68.38999938964844,67.62999725341797,68.16000366210938,5947000
2006-05-16,68.27999877929688,68.37000274658203,67.68000030517578,68.05999755859375,2687500
2006-05-17,67.61000061035156,67.75,65.62000274658203,65.88999938964844,4996900
2006-05-18,66.23999786376953,66.72000122070312,65.52999877929688,65.69000244140625,5215300
2006-05-19,65.6500015258789,66.08999633789062,65.23999786376953,66.0199966430664,3712900
2006-05-22,64.3499984741211,64.91000366210938,63.93000030517578,64.56999969482422,5725300
2006-05-23,65.12000274658203,65.79000091552734,64.58999633789062,64.58999633789062,5083400
2006-05-24,64.66000366210938,64.7699966430664,63.75,64.55000305175781,4414000
2006-05-25,64.97000122070312,65.41999816894531,64.70999908447266,65.41999816894531,5204000
2006-05-26,65.94999694824219,66.0199966430664,65.3499984741211,65.94999694824219,5687200
2006-05-30,65.5,65.70999908447266,64.80000305175781,64.94999694824219,2933100
2006-05-31,65.33000183105469,65.55000305175781,64.97000122070312,65.43000030517578,5671700
2006-06-01,64.75,65.8499984741211,64.47000122070312,65.8499984741211,4111200
2006-06-02,66.63999938964844,66.77999877929688,66.05000305175781,66.48999786376953,4277800
2006-06-05,66.25,66.26000213623047,64.93000030517578,65.05000305175781,3549700
2006-06-06,64.55000305175781,64.61000061035156,63.70000076293945,64.26000213623047,4594400
2006-06-07,63.95000076293945,64.4000015258789,63.380001068115234,63.380001068115234,3892300
2006-06-08,62.04999923706055,62.150001525878906,61.09000015258789,61.97999954223633,12178100
2006-06-09,62.540000915527344,62.720001220703125,61.84000015258789,61.90999984741211,4961800
2006-06-12,62.29999923706055,62.470001220703125,61.310001373291016,61.380001068115234,3024300
2006-06-13,60.29999923706055,60.75,59.400001525878906,59.459999084472656,6131600
2006-06-14,60.40999984741211,60.72999954223633,59.84999847412109,60.31999969482422,5532100
2006-06-15,61.5099983215332,62.59000015258789,61.34999847412109,62.400001525878906,6355700
2006-06-16,62.13999938964844,62.2400016784668,61.7400016784668,61.900001525878906,4610800
2006-06-19,62.18999862670898,62.400001525878906,61.45000076293945,61.59000015258789,4358900
2006-06-20,61.84999847412109,62.29999923706055,61.59999847412109,61.959999084472656,3953400
2006-06-21,62.0,63.06999969482422,61.959999084472656,62.7599983215332,3138600
2006-06-22,62.63999938964844,63.650001525878906,62.16999816894531,62.43000030517578,4670300
2006-06-23,62.06999969482422,62.619998931884766,61.97999954223633,62.25,2508200
2006-06-26,62.47999954223633,62.77000045776367,62.22999954223633,62.7400016784668,2044000
2006-06-27,62.68000030517578,62.70000076293945,61.54999923706055,61.58000183105469,4121700
2006-06-28,62.09999847412109,62.34999847412109,61.810001373291016,62.27999877929688,4952700
2006-06-29,62.810001373291016,64.66999816894531,62.810001373291016,64.58000183105469,7741100
2006-06-30,65.27999877929688,65.41000366210938,64.93000030517578,65.38999938964844,5907200
2006-07-03,65.5,65.9000015258789,65.36000061035156,65.7300033569336,9164600
2006-07-05,64.9000015258789,64.94999694824219,64.19999694824219,64.4800033569336,6388500
2006-07-06,64.88999938964844,65.29000091552734,64.86000061035156,65.16000366210938,4385500
2006-07-07,65.44000244140625,65.58999633789062,64.8499984741211,64.86000061035156,3124800
2006-07-10,65.4000015258789,65.58999633789062,65.19000244140625,65.4000015258789,3957500
2006-07-11,65.1500015258789,65.6500015258789,64.69999694824219,65.58000183105469,4199400
2006-07-12,64.7699966430664,64.87999725341797,64.1500015258789,64.3499984741211,3154800
2006-07-13,63.75,63.900001525878906,63.09999847412109,63.220001220703125,4183900
2006-07-14,62.880001068115234,63.0,61.5,62.68000030517578,3555800
2006-07-17,61.630001068115234,62.0,61.560001373291016,61.79999923706055,2899700
2006-07-18,61.79999923706055,61.88999938964844,60.93000030517578,61.70000076293945,3659800
2006-07-19,63.4900016784668,63.4900016784668,61.38999938964844,63.220001220703125,5192700
2006-07-20,63.459999084472656,63.68000030517578,62.79999923706055,62.880001068115234,2644500
2006-07-21,63.27000045776367,63.34999847412109,62.79999923706055,62.880001068115234,3641900
2006-07-24,63.18000030517578,64.05999755859375,63.130001068115234,64.0199966430664,3025500
2006-07-25,64.05999755859375,64.31999969482422,63.619998931884766,64.0,4507400
2006-07-26,63.91999816894531,64.61000061035156,63.7400016784668,64.44999694824219,3045900
2006-07-27,65.41000366210938,65.52999877929688,64.58000183105469,64.8499984741211,4190200
2006-07-28,65.44999694824219,66.1500015258789,65.41000366210938,66.1500015258789,3029200
2006-07-31,65.94000244140625,66.0,65.75,65.91999816894531,3475500
2006-08-01,65.5,65.6500015258789,64.9800033569336,65.45999908447266,3778900
2006-08-02,65.81999969482422,66.3499984741211,65.81999969482422,66.18000030517578,3247200
2006-08-03,65.4800033569336,66.25,65.4000015258789,66.06999969482422,3939100
2006-08-04,66.54000091552734,66.80000305175781,65.87999725341797,66.12000274658203,4047200
2006-08-07,65.63999938964844,65.87999725341797,65.5,65.70999908447266,2061800
2006-08-08,65.69999694824219,66.20999908447266,65.31999969482422,65.4800033569336,2627000
2006-08-09,66.37000274658203,66.66999816894531,65.77999877929688,65.80000305175781,3065500
2006-08-10,65.7300033569336,65.97000122070312,65.47000122070312,65.94999694824219,3848800
2006-08-11,65.43000030517578,65.6500015258789,65.22000122070312,65.37999725341797,1996200
2006-08-14,65.88999938964844,66.1500015258789,65.58999633789062,65.5999984741211,2221000
2006-08-15,66.80000305175781,67.1500015258789,66.68000030517578,67.0199966430664,2887400
2006-08-16,67.55000305175781,67.69999694824219,67.37000274658203,67.62999725341797,2618500
2006-08-17,67.55000305175781,67.80000305175781,67.25,67.37999725341797,2464400
2006-08-18,67.55000305175781,67.68000030517578,67.16999816894531,67.66000366210938,2019400
2006-08-21,67.52999877929688,67.80000305175781,67.44000244140625,67.44999694824219,3163500
2006-08-22,67.19999694824219,67.4800033569336,67.0,67.26000213623047,2552400
2006-08-23,67.44999694824219,67.5999984741211,66.9000015258789,67.0199966430664,2570600
2006-08-24,67.3499984741211,67.38999938964844,66.66000366210938,66.83000183105469,2849700
2006-08-25,66.81999969482422,66.97000122070312,66.62999725341797,66.77999877929688,3690800
2006-08-28,66.83000183105469,67.30000305175781,66.76000213623047,67.05999755859375,3573200
2006-08-29,67.45999908447266,67.68000030517578,66.9800033569336,67.5999984741211,3565000
2006-08-30,67.87999725341797,67.87999725341797,67.4800033569336,67.5999984741211,5866400
2006-08-31,67.95999908447266,67.95999908447266,67.5,67.5999984741211,5035800
2006-09-01,67.81999969482422,68.22000122070312,67.75,68.0999984741211,2611300
2006-09-05,68.37999725341797,68.5199966430664,68.12000274658203,68.45999908447266,3383200
2006-09-06,67.68000030517578,67.69000244140625,67.2300033569336,67.30999755859375,3474200
2006-09-07,66.5999984741211,66.93000030517578,66.36000061035156,66.5,3539200
2006-09-08,66.4800033569336,66.66000366210938,66.36000061035156,66.5199966430664,2230400
2006-09-11,66.13999938964844,66.4000015258789,65.77999877929688,66.12000274658203,3626400
2006-09-12,66.37999725341797,66.97000122070312,66.25,66.87999725341797,3787600
2006-09-13,66.5999984741211,66.94999694824219,66.4800033569336,66.75,2231000
2006-09-14,66.87999725341797,66.95999908447266,66.72000122070312,66.83999633789062,2314600
2006-09-15,67.02999877929688,67.05000305175781,66.5199966430664,66.69999694824219,3204300
2006-09-18,66.5999984741211,67.0999984741211,66.54000091552734,66.9800033569336,3239400
2006-09-19,66.9000015258789,66.94999694824219,66.0,66.36000061035156,2981300
2006-09-20,66.9000015258789,67.23999786376953,66.8499984741211,67.01000213623047,2951400
2006-09-21,67.47000122070312,67.51000213623047,67.02999877929688,67.16999816894531,3259600
2006-09-22,67.30999755859375,67.30999755859375,66.70999908447266,66.83999633789062,2685200
2006-09-25,67.0,67.23999786376953,66.25,67.12000274658203,6174600
2006-09-26,66.80000305175781,67.30000305175781,66.80000305175781,67.27999877929688,4046900
2006-09-27,67.5,67.79000091552734,67.4800033569336,67.70999908447266,3299600
2006-09-28,67.87000274658203,68.0,67.62000274658203,67.9000015258789,3508000
2006-09-29,67.8499984741211,67.9000015258789,67.66000366210938,67.75,6423000
2006-10-02,68.05000305175781,68.37000274658203,67.9000015258789,67.94000244140625,4369800
2006-10-03,67.7699966430664,68.22000122070312,67.61000061035156,68.0,4013800
2006-10-04,67.83000183105469,68.72000122070312,67.7699966430664,68.6500015258789,5653600
2006-10-05,68.66999816894531,68.79000091552734,68.12000274658203,68.7300033569336,6165000
2006-10-06,68.2699966430664,68.41000366210938,67.91999816894531,68.12000274658203,4727600
2006-10-09,67.95999908447266,68.22000122070312,67.86000061035156,68.16999816894531,1671700
2006-10-10,68.33000183105469,68.37999725341797,68.01000213623047,68.25,2482800
2006-10-11,68.12999725341797,68.5999984741211,67.95999908447266,68.19999694824219,2174200
2006-10-12,68.43000030517578,69.0199966430664,68.43000030517578,68.93000030517578,3457900
2006-10-13,68.87999725341797,69.0999984741211,68.68000030517578,69.05000305175781,2296200
2006-10-16,69.22000122070312,69.3499984741211,69.08000183105469,69.30999755859375,3775800
2006-10-17,68.98999786376953,69.0,68.55000305175781,68.87999725341797,2322400
2006-10-18,69.19000244140625,69.30999755859375,68.80000305175781,69.05000305175781,3554300
2006-10-19,69.27999877929688,69.69000244140625,69.20999908447266,69.56999969482422,4728700
2006-10-20,69.79000091552734,69.83999633789062,69.38999938964844,69.79000091552734,3792600
2006-10-23,69.33999633789062,69.93000030517578,69.25,69.8499984741211,2221500
2006-10-24,69.63999938964844,69.94999694824219,69.55999755859375,69.86000061035156,3483600
2006-10-25,69.94999694824219,70.44999694824219,69.87999725341797,70.3499984741211,3332400
2006-10-26,70.72000122070312,70.97000122070312,70.41000366210938,70.88999938964844,5856600
2006-10-27,70.69999694824219,70.76000213623047,70.30000305175781,70.4000015258789,5966100
2006-10-30,70.18000030517578,70.41000366210938,70.04000091552734,70.25,2264000
2006-10-31,70.18000030517578,70.4800033569336,70.08000183105469,70.29000091552734,2783000
2006-11-01,70.91999816894531,70.98999786376953,70.05999755859375,70.16999816894531,5579400
2006-11-02,70.19000244140625,70.47000122070312,70.12000274658203,70.43000030517578,3685800
2006-11-03,70.44999694824219,70.5,70.06999969482422,70.16000366210938,3242300
2006-11-06,70.63999938964844,71.22000122070312,70.51000213623047,71.19999694824219,5598700
2006-11-07,71.4000015258789,71.7699966430664,71.19000244140625,71.27999877929688,6005500
2006-11-08,70.9000015258789,71.4000015258789,70.8499984741211,71.30000305175781,3607400
2006-11-09,71.01000213623047,71.30000305175781,70.83000183105469,70.94000244140625,3768800
2006-11-10,71.25,71.30000305175781,71.05000305175781,71.22000122070312,4116400
2006-11-13,70.87999725341797,71.0199966430664,70.70999908447266,70.7699966430664,4064600
2006-11-14,71.44000244140625,71.58999633789062,70.87999725341797,71.55000305175781,6901700
2006-11-15,71.0999984741211,71.63999938964844,71.0,71.52999877929688,2810700
2006-11-16,71.41999816894531,71.44999694824219,71.18000030517578,71.37999725341797,3451900
2006-11-17,70.62000274658203,71.16999816894531,70.44999694824219,71.16999816894531,3346400
2006-11-20,70.54000091552734,70.73999786376953,70.44000244140625,70.62999725341797,3933700
2006-11-21,70.79000091552734,71.04000091552734,70.68000030517578,70.9800033569336,3291700
2006-11-22,71.55999755859375,71.69999694824219,71.38999938964844,71.66999816894531,4944600
2006-11-24,71.43000030517578,71.66999816894531,71.29000091552734,71.29000091552734,3341800
2006-11-27,71.44999694824219,71.5,70.62999725341797,70.69999694824219,4632000
2006-11-28,70.80000305175781,71.36000061035156,70.77999877929688,71.33000183105469,5369000
2006-11-29,71.94999694824219,72.16999816894531,71.73999786376953,72.13999938964844,4843500
2006-11-30,72.5,72.66000366210938,72.19000244140625,72.44999694824219,7728700
2006-12-01,72.54000091552734,72.56999969482422,71.83000183105469,72.36000061035156,4977800
2006-12-04,72.30000305175781,72.94999694824219,72.19999694824219,72.83000183105469,4143500
2006-12-05,72.94000244140625,73.30000305175781,72.80999755859375,73.23999786376953,13172300
2006-12-06,72.94999694824219,73.2300033569336,72.8499984741211,73.08000183105469,4641000
2006-12-07,73.66000366210938,73.72000122070312,73.25,73.33000183105469,3735000
2006-12-08,73.44999694824219,73.62000274658203,72.98999786376953,73.1500015258789,5172700
2006-12-11,73.06999969482422,73.62999725341797,73.02999877929688,73.44999694824219,2909400
2006-12-12,73.55999755859375,73.80000305175781,73.2300033569336,73.75,4246600
2006-12-13,73.87999725341797,74.02999877929688,73.7300033569336,74.02999877929688,3111900
2006-12-14,74.12999725341797,74.37000274658203,74.05000305175781,74.33000183105469,6839800
2006-12-15,74.52999877929688,74.52999877929688,73.87999725341797,74.02999877929688,6932400
2006-12-18,74.30000305175781,74.30000305175781,73.80000305175781,73.91999816894531,3569600
2006-12-19,73.7699966430664,74.33000183105469,73.69000244140625,74.25,6391600
2006-12-20,74.52999877929688,74.66000366210938,74.05000305175781,74.12000274658203,4919700
2006-12-21,72.5999984741211,72.8499984741211,72.41999816894531,72.55000305175781,6433600
2006-12-22,72.80999755859375,72.80999755859375,72.08000183105469,72.37999725341797,5377900
2006-12-26,72.44999694824219,72.62000274658203,72.19999694824219,72.3499984741211,3353800
2006-12-27,72.86000061035156,73.25,72.83999633789062,73.25,3522400
2006-12-28,73.41000366210938,73.44000244140625,73.05000305175781,73.30000305175781,4539600
2006-12-29,73.18000030517578,73.44999694824219,73.0999984741211,73.22000122070312,5536000
2007-01-03,73.95999908447266,74.06999969482422,73.27999877929688,73.51000213623047,12081400
2007-01-04,73.30999755859375,73.47000122070312,73.0199966430664,73.30000305175781,8674000
2007-01-05,72.79000091552734,72.79000091552734,72.0999984741211,72.19999694824219,8961600
2007-01-08,72.47000122070312,72.47000122070312,72.11000061035156,72.30000305175781,6584100
2007-01-09,72.6500015258789,72.66999816894531,72.02999877929688,72.37000274658203,8505700
2007-01-10,71.69999694824219,71.91999816894531,71.5,71.81999969482422,5273600
2007-01-11,71.81999969482422,72.5199966430664,71.76000213623047,72.27999877929688,4562000
2007-01-12,72.61000061035156,73.16000366210938,72.58000183105469,73.0999984741211,6611900
2007-01-16,73.29000091552734,73.37999725341797,72.87000274658203,73.01000213623047,6899500
2007-01-17,72.91999816894531,73.31999969482422,72.81999969482422,73.05000305175781,3764900
2007-01-18,73.4000015258789,73.48999786376953,72.80000305175781,72.80000305175781,7926000
2007-01-19,73.12000274658203,73.77999877929688,73.08999633789062,73.69000244140625,7582600
2007-01-22,73.91999816894531,74.0,73.19999694824219,73.31999969482422,6171500
2007-01-23,73.6500015258789,74.12999725341797,73.5999984741211,73.97000122070312,5401500
2007-01-24,74.0999984741211,74.51000213623047,74.05999755859375,74.44999694824219,7744400
2007-01-25,74.12000274658203,74.16999816894531,73.0999984741211,73.23999786376953,5003800
2007-01-26,73.4000015258789,73.4800033569336,72.97000122070312,73.37999725341797,5965500
2007-01-29,73.4000015258789,73.66000366210938,73.26000213623047,73.45999908447266,5772600
2007-01-30,73.7300033569336,73.9800033569336,73.61000061035156,73.95999908447266,4124800
2007-01-31,73.44999694824219,74.33000183105469,73.27999877929688,74.23999786376953,5358500
2007-02-01,74.73999786376953,74.93000030517578,74.55999755859375,74.86000061035156,7254100
2007-02-02,74.75,74.80999755859375,74.5,74.70999908447266,7174500
2007-02-05,74.29000091552734,74.56999969482422,74.20999908447266,74.47000122070312,3339100
2007-02-06,74.98999786376953,75.11000061035156,74.66999816894531,75.05000305175781,4497700
2007-02-07,75.18000030517578,75.44999694824219,75.02999877929688,75.26000213623047,5121800
2007-02-08,74.58999633789062,75.0,74.45999908447266,74.95999908447266,3842600
2007-02-09,75.06999969482422,75.1500015258789,74.43000030517578,74.63999938964844,4636400
2007-02-12,74.52999877929688,74.56999969482422,74.22000122070312,74.3499984741211,5846900
2007-02-13,74.83000183105469,75.33999633789062,74.7699966430664,75.30000305175781,4569100
2007-02-14,75.66000366210938,76.4000015258789,75.62999725341797,76.31999969482422,5539000
2007-02-15,76.38999938964844,76.5199966430664,76.16999816894531,76.41000366210938,4191200
2007-02-16,76.31999969482422,76.94000244140625,75.5,76.37999725341797,4899400
2007-02-20,76.31999969482422,77.0,76.0,76.48999786376953,7949700
2007-02-21,75.83999633789062,76.37999725341797,75.69999694824219,76.0999984741211,6819200
2007-02-22,76.27999877929688,76.45999908447266,76.16999816894531,76.44000244140625,4327600
2007-02-23,76.55000305175781,76.79000091552734,76.4800033569336,76.68000030517578,3728100
2007-02-26,77.16000366210938,77.18000030517578,76.70999908447266,76.72000122070312,5972100
2007-02-27,75.66000366210938,75.76000213623047,73.01000213623047,73.62999725341797,12980000
2007-02-28,74.0,74.66000366210938,73.87999725341797,74.1500015258789,8136300
2007-03-01,72.9800033569336,73.66000366210938,72.0,73.38999938964844,11055900
2007-03-02,72.9000015258789,73.18000030517578,72.33999633789062,72.4000015258789,6951000
2007-03-05,71.45999908447266,72.23999786376953,70.9000015258789,70.9000015258789,8286300
2007-03-06,72.44000244140625,73.25,72.25,73.0999984741211,8908400
2007-03-07,73.06999969482422,73.58999633789062,72.94000244140625,73.12000274658203,6005700
2007-03-08,73.7699966430664,74.19999694824219,73.75,73.9800033569336,5305700
2007-03-09,74.18000030517578,74.30000305175781,73.77999877929688,74.0999984741211,8451700
2007-03-12,74.13999938964844,74.63999938964844,73.9800033569336,74.58000183105469,5143100
2007-03-13,73.97000122070312,74.18000030517578,72.69000244140625,72.80000305175781,5769600
2007-03-14,72.33000183105469,72.91000366210938,71.43000030517578,72.83000183105469,9299900
2007-03-15,72.69999694824219,73.30999755859375,72.66000366210938,73.16000366210938,4313700
2007-03-16,73.43000030517578,73.83999633789062,73.05999755859375,73.25,4659400
2007-03-19,74.0199966430664,74.37999725341797,73.87999725341797,74.37999725341797,6262200
2007-03-20,74.23999786376953,75.08000183105469,74.19999694824219,75.01000213623047,4477900
2007-03-21,75.25,76.72000122070312,75.01000213623047,76.61000061035156,6514700
2007-03-22,76.58000183105469,76.68000030517578,76.1500015258789,76.31999969482422,4099400
2007-03-23,76.5,76.69999694824219,76.37000274658203,76.5,5361600
2007-03-26,76.47000122070312,76.63999938964844,75.80999755859375,76.52999877929688,4736400
2007-03-27,76.52999877929688,76.52999877929688,75.94999694824219,76.19000244140625,4700700
2007-03-28,75.70999908447266,75.87999725341797,75.30000305175781,75.5199966430664,7258800
2007-03-29,76.2699966430664,76.37999725341797,75.75,76.18000030517578,6979600
2007-03-30,76.16000366210938,76.48999786376953,76.08000183105469,76.30000305175781,8504700
2007-04-02,76.30000305175781,76.62999725341797,76.05000305175781,76.5,7702400
2007-04-03,76.81999969482422,77.61000061035156,76.7699966430664,77.13999938964844,5387500
2007-04-04,77.25,77.5,77.05999755859375,77.45999908447266,7809700
2007-04-05,77.5,77.87999725341797,77.43000030517578,77.73999786376953,3051600
2007-04-09,77.75,77.8499984741211,77.52999877929688,77.68000030517578,4103200
2007-04-10,78.05000305175781,78.41000366210938,77.97000122070312,78.26000213623047,5112200
2007-04-11,78.4000015258789,78.44999694824219,77.68000030517578,77.87999725341797,7729600
2007-04-12,77.68000030517578,78.48999786376953,77.52999877929688,78.4000015258789,6007200
2007-04-13,78.54000091552734,78.69000244140625,78.23999786376953,78.66000366210938,3711700
2007-04-16,79.25,79.66999816894531,79.22000122070312,79.48999786376953,12054000
2007-04-17,79.48999786376953,79.62000274658203,79.1500015258789,79.5,24911200
2007-04-18,79.30000305175781,79.7300033569336,79.19000244140625,79.47000122070312,5797900
2007-04-19,78.66000366210938,79.37999725341797,78.62000274658203,79.16999816894531,6385900
2007-04-20,79.81999969482422,80.08000183105469,79.63999938964844,80.08000183105469,6654100
2007-04-23,79.5999984741211,79.68000030517578,79.23999786376953,79.30000305175781,6250100
2007-04-24,79.19000244140625,79.3499984741211,78.87999725341797,79.25,8034800
2007-04-25,79.6500015258789,80.02999877929688,79.30999755859375,79.98999786376953,6584200
2007-04-26,79.94999694824219,79.94999694824219,79.25,79.62000274658203,9558700
2007-04-27,79.30000305175781,79.58999633789062,79.11000061035156,79.44999694824219,3837700
2007-04-30,79.41999816894531,79.80000305175781,78.98999786376953,79.16000366210938,6285400
2007-05-01,79.3499984741211,79.4000015258789,78.63999938964844,79.08000183105469,5349800
2007-05-02,79.30000305175781,79.75,79.19999694824219,79.68000030517578,6366000
2007-05-03,79.70999908447266,79.79000091552734,79.41000366210938,79.79000091552734,5510700
2007-05-04,80.19999694824219,80.55999755859375,80.19999694824219,80.54000091552734,6404800
2007-05-07,80.68000030517578,80.80000305175781,80.5999984741211,80.66000366210938,4647500
2007-05-08,80.05000305175781,80.05999755859375,79.55999755859375,80.0,8882800
2007-05-09,80.08000183105469,80.48999786376953,79.94000244140625,80.44000244140625,7718100
2007-05-10,79.70999908447266,79.98999786376953,78.66000366210938,78.8499984741211,7110200
2007-05-11,79.33999633789062,80.23999786376953,79.33999633789062,80.18000030517578,5222000
2007-05-14,80.69000244140625,80.69000244140625,79.52999877929688,79.87999725341797,5662900
2007-05-15,79.72000122070312,80.55000305175781,79.62999725341797,80.0199966430664,6407900
2007-05-16,80.12000274658203,80.19999694824219,79.58999633789062,80.13999938964844,5397900
2007-05-17,79.66999816894531,79.91999816894531,79.45999908447266,79.7300033569336,3868000
2007-05-18,80.13999938964844,80.5,79.9800033569336,80.33999633789062,3817800
2007-05-21,80.1500015258789,80.27999877929688,79.94999694824219,79.97000122070312,7652800
2007-05-22,80.38999938964844,80.44000244140625,80.04000091552734,80.04000091552734,3605500
2007-05-23,80.83999633789062,80.9800033569336,80.33000183105469,80.44999694824219,11083800
2007-05-24,80.4800033569336,80.63999938964844,79.44999694824219,79.68000030517578,6064400
2007-05-25,79.94999694824219,80.19000244140625,79.79000091552734,80.19000244140625,6213100
2007-05-29,80.5199966430664,80.66999816894531,79.94000244140625,80.29000091552734,5330900
2007-05-30,79.5999984741211,80.62999725341797,79.55999755859375,80.62999725341797,5249800
2007-05-31,80.9000015258789,81.13999938964844,80.80000305175781,81.02999877929688,9318400
2007-06-01,81.36000061035156,81.5999984741211,81.30999755859375,81.55999755859375,3408400
2007-06-04,81.52999877929688,81.79000091552734,81.52999877929688,81.77999877929688,4870000
2007-06-05,81.66999816894531,81.7300033569336,81.01000213623047,81.36000061035156,4022000
2007-06-06,81.05000305175781,81.0999984741211,80.08000183105469,80.19000244140625,5453700
2007-06-07,78.83000183105469,80.19000244140625,78.68000030517578,78.81999969482422,10025900
2007-06-08,79.04000091552734,79.7699966430664,78.75,79.68000030517578,5170600
2007-06-11,79.4800033569336,80.13999938964844,79.33999633789062,79.94999694824219,3701900
2007-06-12,79.08000183105469,79.61000061035156,78.4800033569336,78.52999877929688,6530400
2007-06-13,78.80000305175781,79.63999938964844,78.70999908447266,79.55000305175781,8119500
2007-06-14,79.68000030517578,80.25,79.61000061035156,80.13999938964844,7109200
2007-06-15,81.02999877929688,81.30999755859375,80.79000091552734,80.79000091552734,4672300
2007-06-18,81.41000366210938,81.4800033569336,80.9800033569336,81.23999786376953,4333800
2007-06-19,81.12000274658203,81.41999816894531,80.9800033569336,81.31999969482422,3381500
2007-06-20,81.66999816894531,81.73999786376953,80.31999969482422,80.36000061035156,5157500
2007-06-21,80.5,81.44999694824219,80.26000213623047,81.08999633789062,4977900
2007-06-22,80.80000305175781,80.83999633789062,79.80000305175781,79.97000122070312,7624600
2007-06-25,80.05999755859375,80.69999694824219,79.68000030517578,79.94999694824219,6233400
2007-06-26,80.41999816894531,80.5,79.55000305175781,79.55000305175781,8359900
2007-06-27,79.2699966430664,80.1500015258789,79.22000122070312,80.12000274658203,6194900
2007-06-28,80.27999877929688,80.70999908447266,80.0999984741211,80.18000030517578,7796800
2007-06-29,80.7699966430664,81.16000366210938,80.33999633789062,80.7699966430664,10251500
2007-07-02,81.44999694824219,81.9800033569336,81.19000244140625,81.94000244140625,6357400
2007-07-03,82.18000030517578,82.61000061035156,82.06999969482422,82.33000183105469,2146300
2007-07-05,82.19999694824219,82.30000305175781,81.63999938964844,81.91999816894531,6216300
2007-07-06,82.12000274658203,82.55999755859375,81.95999908447266,82.51000213623047,3310600
2007-07-09,82.77999877929688,82.91999816894531,82.61000061035156,82.70999908447266,6013200
2007-07-10,82.25,82.4800033569336,81.61000061035156,81.69999694824219,5760000
2007-07-11,82.0,82.5199966430664,81.87000274658203,82.47000122070312,5451600
2007-07-12,82.62000274658203,83.80000305175781,82.62000274658203,83.62000274658203,5022800
2007-07-13,83.11000061035156,83.66000366210938,83.08999633789062,83.55999755859375,5231000
2007-07-16,83.55999755859375,83.69999694824219,83.27999877929688,83.37000274658203,3503000
2007-07-17,83.2699966430664,83.4800033569336,83.08999633789062,83.08999633789062,4005300
2007-07-18,82.80000305175781,83.08999633789062,82.22000122070312,82.80000305175781,10019900
2007-07-19,83.4800033569336,83.69000244140625,83.19000244140625,83.2699966430664,5586300
2007-07-20,83.19999694824219,83.2699966430664,82.18000030517578,82.41000366210938,5625600
2007-07-23,82.98999786376953,83.2699966430664,82.80000305175781,82.91000366210938,5016700
2007-07-24,82.68000030517578,82.68000030517578,81.2699966430664,81.66000366210938,9805600
2007-07-25,81.95999908447266,82.01000213623047,80.83999633789062,81.44000244140625,8867500
2007-07-26,81.05000305175781,81.05000305175781,78.04000091552734,78.7300033569336,13657300
2007-07-27,78.6500015258789,79.0,77.52999877929688,77.63999938964844,9895400
2007-07-30,78.7699966430664,79.30999755859375,78.37000274658203,79.0199966430664,9021100
2007-07-31,79.7699966430664,80.16000366210938,78.80000305175781,78.91999816894531,11469500
2007-08-01,78.6500015258789,79.63999938964844,77.7699966430664,79.05000305175781,11344300
2007-08-02,79.0,79.37000274658203,78.55000305175781,79.29000091552734,9015000
2007-08-03,78.68000030517578,79.01000213623047,77.52999877929688,77.86000061035156,7883200
2007-08-06,78.29000091552734,78.94999694824219,77.80000305175781,78.70999908447266,7220900
2007-08-07,78.1500015258789,79.41999816894531,78.08000183105469,78.9800033569336,8305700
2007-08-08,79.75,80.68000030517578,79.66999816894531,80.26000213623047,8609500
2007-08-09,78.26000213623047,78.94999694824219,77.80999755859375,77.97000122070312,8844100
2007-08-10,76.30000305175781,77.33999633789062,76.0,76.62999725341797,11124300
2007-08-13,77.55999755859375,77.7699966430664,76.77999877929688,76.77999877929688,5942900
2007-08-14,77.38999938964844,77.41999816894531,75.7699966430664,76.04000091552734,8083000
2007-08-15,75.08000183105469,76.5199966430664,74.08000183105469,74.26000213623047,11236300
2007-08-16,71.0,74.0,67.5,73.94000244140625,22832500
2007-08-17,74.94999694824219,75.37999725341797,73.80999755859375,74.62000274658203,11580600
2007-08-20,75.1500015258789,75.22000122070312,74.1500015258789,74.86000061035156,7638200
2007-08-21,74.75,75.25,74.5999984741211,74.80999755859375,6882500
2007-08-22,76.05999755859375,76.66999816894531,75.95999908447266,76.58000183105469,8277500
2007-08-23,77.41999816894531,77.44000244140625,76.47000122070312,76.91999816894531,4939500
2007-08-24,77.0999984741211,78.30000305175781,77.0199966430664,78.26000213623047,4861900
2007-08-27,77.95999908447266,77.9800033569336,77.43000030517578,77.43000030517578,7691500
2007-08-28,77.12000274658203,77.16000366210938,75.54000091552734,75.87000274658203,8262100
2007-08-29,76.69000244140625,77.75,76.43000030517578,77.61000061035156,5959300
2007-08-30,76.80000305175781,77.69999694824219,76.4000015258789,77.06999969482422,6076800
2007-08-31,78.70999908447266,78.97000122070312,78.18000030517578,78.41999816894531,7313400
2007-09-04,78.22000122070312,79.4800033569336,78.0999984741211,79.13999938964844,5454400
2007-09-05,78.13999938964844,78.22000122070312,77.6500015258789,77.98999786376953,7351400
2007-09-06,78.05000305175781,78.69000244140625,77.25,78.27999877929688,4950000
2007-09-07,77.4800033569336,77.72000122070312,77.02999877929688,77.33000183105469,7796000
2007-09-10,77.55000305175781,77.58999633789062,76.4000015258789,77.01000213623047,4196600
2007-09-11,77.62999725341797,78.36000061035156,77.54000091552734,78.33999633789062,7243200
2007-09-12,77.95999908447266,78.68000030517578,77.87999725341797,78.41999816894531,4960400
2007-09-13,78.72000122070312,79.06999969482422,78.45999908447266,78.75,7211100
2007-09-14,77.88999938964844,78.52999877929688,77.7699966430664,78.29000091552734,5239800
2007-09-17,77.55000305175781,77.83000183105469,76.91999816894531,77.19000244140625,5785200
2007-09-18,77.79000091552734,79.80999755859375,77.51000213623047,79.69999694824219,10021300
2007-09-19,80.5,80.91999816894531,80.18000030517578,80.41999816894531,6846200
2007-09-20,80.55999755859375,80.87000274658203,80.01000213623047,80.3499984741211,7612300
2007-09-21,80.86000061035156,81.19999694824219,80.69999694824219,80.69999694824219,5809500
2007-09-24,81.25,81.91000366210938,80.75,80.87999725341797,5901800
2007-09-25,80.4000015258789,81.05000305175781,80.4000015258789,80.9800033569336,4832900
2007-09-26,81.44999694824219,81.62000274658203,81.04000091552734,81.37999725341797,5547100
2007-09-27,82.41999816894531,82.5199966430664,80.45999908447266,82.45999908447266,6117100
2007-09-28,82.56999969482422,82.93000030517578,82.16999816894531,82.58999633789062,15156000
2007-10-01,82.73999786376953,83.94999694824219,82.6500015258789,83.6500015258789,8508100
2007-10-02,83.5999984741211,83.66999816894531,83.08000183105469,83.44000244140625,5801400
2007-10-03,83.41999816894531,83.44999694824219,82.93000030517578,83.05999755859375,6839700
2007-10-04,83.33999633789062,83.58999633789062,83.0199966430664,83.3499984741211,3061400
2007-10-05,83.6500015258789,84.44000244140625,83.6500015258789,84.19999694824219,5486700
2007-10-08,82.62000274658203,85.19999694824219,82.56999969482422,83.41999816894531,3801400
2007-10-09,83.56999969482422,84.38999938964844,83.56999969482422,84.3499984741211,4796200
2007-10-10,83.69999694824219,84.33000183105469,83.20999908447266,84.19000244140625,5991100
2007-10-11,85.5999984741211,85.5999984741211,84.26000213623047,84.58000183105469,7069500
2007-10-12,84.52999877929688,85.08999633789062,84.43000030517578,84.94999694824219,4354600
2007-10-15,84.87000274658203,84.91000366210938,83.8499984741211,84.26000213623047,5428100
2007-10-16,83.25,83.37000274658203,82.9000015258789,82.95999908447266,7389800
2007-10-17,83.94999694824219,84.08999633789062,83.16999816894531,83.83999633789062,6810300
2007-10-18,83.6500015258789,84.13999938964844,83.5999984741211,84.04000091552734,3925000
2007-10-19,83.5999984741211,83.5999984741211,82.13999938964844,82.19000244140625,9232400
2007-10-22,81.31999969482422,82.0999984741211,81.30999755859375,82.08999633789062,6704000
2007-10-23,83.12999725341797,83.41000366210938,82.5999984741211,83.25,7097000
2007-10-24,82.87999725341797,83.12000274658203,81.83999633789062,83.06999969482422,9818100
2007-10-25,83.29000091552734,83.44999694824219,82.76000213623047,83.44999694824219,8531500
2007-10-26,84.43000030517578,85.0199966430664,84.25,84.95999908447266,5992900
2007-10-29,85.26000213623047,85.69999694824219,85.16999816894531,85.58000183105469,5745100
2007-10-30,85.0,85.33999633789062,84.8499984741211,84.9000015258789,8347700
2007-10-31,85.36000061035156,86.5,85.2300033569336,86.0999984741211,8751300
2007-11-01,84.76000213623047,84.9000015258789,84.0,84.29000091552734,9412700
2007-11-02,84.27999877929688,84.76000213623047,83.7300033569336,84.76000213623047,9559700
2007-11-05,83.4800033569336,83.77999877929688,83.02999877929688,83.41000366210938,6812300
2007-11-06,84.02999877929688,84.68000030517578,83.94999694824219,84.66999816894531,6590000
2007-11-07,84.0,84.43000030517578,82.94000244140625,83.19999694824219,7956300
2007-11-08,83.01000213623047,83.77999877929688,82.54000091552734,83.3499984741211,9869300
2007-11-09,82.76000213623047,82.76000213623047,81.5,81.7300033569336,8293000
2007-11-12,80.80000305175781,81.55000305175781,80.30000305175781,80.38999938964844,7366400
2007-11-13,81.5,82.75,81.5,82.55000305175781,6678000
2007-11-14,83.73999786376953,83.73999786376953,82.12000274658203,82.41999816894531,9712300
2007-11-15,81.55000305175781,81.87999725341797,80.54000091552734,81.05999755859375,10754300
2007-11-16,81.56999969482422,81.58000183105469,80.63999938964844,81.31999969482422,13421500
2007-11-19,81.0,81.0,78.0,79.16999816894531,12391600
2007-11-20,80.2699966430664,81.20999908447266,80.02999877929688,80.94000244140625,11649200
2007-11-21,79.37999725341797,79.9800033569336,78.76000213623047,79.11000061035156,11096600
2007-11-23,80.30000305175781,81.12000274658203,80.30000305175781,81.0999984741211,3629400
2007-11-26,81.22000122070312,81.48999786376953,79.66999816894531,79.83000183105469,9880400
2007-11-27,80.9800033569336,81.12999725341797,80.11000061035156,80.91000366210938,10679800
2007-11-28,81.4000015258789,83.62999725341797,81.05000305175781,83.20999908447266,12647900
2007-11-29,82.0999984741211,83.0,82.0999984741211,82.52999877929688,8476000
2007-11-30,83.88999938964844,83.91000366210938,82.45999908447266,82.9800033569336,14157700
2007-12-03,83.11000061035156,83.11000061035156,82.52999877929688,82.66999816894531,11526100
2007-12-04,82.05000305175781,82.31999969482422,81.9000015258789,82.1500015258789,8961000
2007-12-05,82.76000213623047,83.41999816894531,82.76000213623047,83.0999984741211,8764100
2007-12-06,82.8499984741211,83.95999908447266,82.72000122070312,83.88999938964844,8492400
2007-12-07,83.76000213623047,83.80000305175781,83.43000030517578,83.55999755859375,9451900
2007-12-10,84.02999877929688,84.5199966430664,83.91000366210938,84.41999816894531,14407800
2007-12-11,84.29000091552734,84.54000091552734,82.0999984741211,82.22000122070312,15626400
2007-12-12,84.5,84.66999816894531,83.08999633789062,83.87000274658203,12330400
2007-12-13,82.23999786376953,82.44999694824219,81.38999938964844,82.16000366210938,26822200
2007-12-14,80.56999969482422,80.95999908447266,79.94000244140625,79.94000244140625,18638800
2007-12-17,79.0999984741211,79.27999877929688,78.20999908447266,78.23999786376953,21841800
2007-12-18,79.58999633789062,79.61000061035156,78.12000274658203,79.22000122070312,18508900
2007-12-19,78.93000030517578,79.13999938964844,78.13999938964844,78.56999969482422,13308700
2007-12-20,78.95999908447266,79.12999725341797,78.48999786376953,79.12999725341797,13827600
2007-12-21,79.83000183105469,80.26000213623047,79.62000274658203,80.26000213623047,26845200
2007-12-24,79.30000305175781,79.30000305175781,78.0,78.58000183105469,5156500
2007-12-26,78.83999633789062,79.12999725341797,78.5199966430664,78.80000305175781,7051800
2007-12-27,78.87999725341797,78.94000244140625,78.26000213623047,78.31999969482422,9729400
2007-12-28,79.2300033569336,79.2699966430664,78.8499984741211,78.98999786376953,6358300
2007-12-31,79.2300033569336,79.23999786376953,78.13999938964844,78.5,14091500
2008-01-02,79.02999877929688,79.22000122070312,78.0199966430664,78.22000122070312,13770500
2008-01-03,78.33999633789062,78.6500015258789,78.19999694824219,78.3499984741211,13924700
2008-01-04,78.0199966430664,78.0199966430664,76.5,76.56999969482422,11883900
2008-01-07,77.05000305175781,77.11000061035156,76.29000091552734,76.6500015258789,18197300
2008-01-08,77.43000030517578,77.77999877929688,76.08999633789062,76.22000122070312,15632600
2008-01-09,76.22000122070312,76.86000061035156,75.75,76.7699966430664,14863600
2008-01-10,75.87000274658203,77.0199966430664,75.72000122070312,76.69000244140625,14018200
2008-01-11,75.81999969482422,75.91000366210938,74.91999816894531,75.16000366210938,10759900
2008-01-14,76.5999984741211,76.62999725341797,76.0199966430664,76.36000061035156,10031000
2008-01-15,75.19000244140625,75.26000213623047,73.73999786376953,73.87999725341797,12630400
2008-01-16,73.3499984741211,73.94999694824219,72.13999938964844,72.38999938964844,16323300
2008-01-17,73.16999816894531,73.4000015258789,71.01000213623047,71.30000305175781,22476600
2008-01-18,72.5999984741211,72.97000122070312,71.1500015258789,71.70999908447266,21939600
2008-01-22,66.5,69.94000244140625,66.12999725341797,69.70999908447266,24637000
2008-01-23,66.25,69.37000274658203,65.62999725341797,69.30000305175781,33608600
2008-01-24,70.44999694824219,71.7300033569336,69.95999908447266,71.7300033569336,14649000
2008-01-25,72.7300033569336,72.77999877929688,70.20999908447266,70.69000244140625,15052900
2008-01-28,70.54000091552734,71.52999877929688,69.80000305175781,71.4800033569336,17770100
2008-01-29,71.80999755859375,71.9800033569336,71.1500015258789,71.91000366210938,12914400
2008-01-30,71.33999633789062,73.06999969482422,70.87999725341797,71.58000183105469,15417100
2008-01-31,70.25,72.76000213623047,70.20999908447266,72.33999633789062,18976200
2008-02-01,72.95999908447266,73.55000305175781,72.55000305175781,73.55000305175781,13916700
2008-02-04,73.41000366210938,73.43000030517578,72.72000122070312,72.80000305175781,11102300
2008-02-05,70.9800033569336,71.06999969482422,69.4000015258789,69.45999908447266,15487400
2008-02-06,70.20999908447266,70.54000091552734,69.31999969482422,69.4000015258789,15260200
2008-02-07,68.69999694824219,69.52999877929688,68.30999755859375,69.05000305175781,14439600
2008-02-08,68.3499984741211,69.0199966430664,67.9000015258789,68.33999633789062,12543800
2008-02-11,68.6500015258789,68.81999969482422,67.81999969482422,68.69999694824219,11886900
2008-02-12,69.76000213623047,70.70999908447266,69.62000274658203,70.18000030517578,14224000
2008-02-13,70.44000244140625,70.87000274658203,69.83000183105469,70.66000366210938,10028700
2008-02-14,71.27999877929688,71.33999633789062,70.2699966430664,70.33999633789062,9046200
2008-02-15,70.30000305175781,70.61000061035156,69.94999694824219,70.5999984741211,9362200
2008-02-19,72.19000244140625,72.2300033569336,71.08000183105469,71.29000091552734,10562000
2008-02-20,69.88999938964844,71.22000122070312,69.83000183105469,70.91999816894531,20118300
2008-02-21,71.69000244140625,71.83999633789062,70.73999786376953,70.79000091552734,11478900
2008-02-22,71.66999816894531,71.69000244140625,70.36000061035156,71.69000244140625,12524600
2008-02-25,71.91999816894531,72.86000061035156,71.52999877929688,72.83000183105469,12643600
2008-02-26,72.88999938964844,74.23999786376953,72.63999938964844,73.91000366210938,11409300
2008-02-27,73.4000015258789,74.52999877929688,73.37000274658203,74.1500015258789,12680700
2008-02-28,73.55999755859375,73.87000274658203,73.20999908447266,73.44000244140625,9345600
2008-02-29,72.54000091552734,72.5999984741211,71.45999908447266,71.5999984741211,16244300
2008-03-03,71.5199966430664,72.19000244140625,71.08999633789062,71.80999755859375,11907200
2008-03-04,70.52999877929688,70.9800033569336,69.94000244140625,70.72000122070312,14389700
2008-03-05,71.31999969482422,72.05999755859375,70.95999908447266,71.56999969482422,11441200
2008-03-06,71.5999984741211,71.7300033569336,70.52999877929688,70.55000305175781,11643200
2008-03-07,69.94999694824219,70.73999786376953,69.44999694824219,69.72000122070312,10738500
2008-03-10,70.19999694824219,72.5,68.97000122070312,69.37000274658203,25154900
2008-03-11,71.08000183105469,71.55999755859375,70.05000305175781,71.55999755859375,14641800
2008-03-12,71.80999755859375,72.0,71.25,71.55999755859375,15803200
2008-03-13,70.44000244140625,71.94999694824219,70.13999938964844,71.68000030517578,11435300
2008-03-14,71.63999938964844,71.79000091552734,69.43000030517578,69.94999694824219,13901300
2008-03-17,68.16000366210938,69.47000122070312,67.87999725341797,68.88999938964844,17473700
2008-03-18,70.05000305175781,71.0,69.80000305175781,71.0,18299700
2008-03-19,70.33999633789062,70.6500015258789,68.30999755859375,68.43000030517578,13885800
2008-03-20,68.0,69.58000183105469,67.79000091552734,69.45999908447266,14106800
2008-03-24,69.7699966430664,71.08000183105469,69.7699966430664,70.7300033569336,13955800
2008-03-25,71.30000305175781,71.91999816894531,70.87999725341797,71.76000213623047,18299600
2008-03-26,71.79000091552734,72.06999969482422,71.38999938964844,71.76000213623047,12468500
2008-03-27,72.86000061035156,72.86000061035156,71.68000030517578,71.69999694824219,10316600
2008-03-28,72.12000274658203,72.29000091552734,71.55999755859375,71.63999938964844,11224600
2008-03-31,71.69000244140625,72.38999938964844,71.62000274658203,71.9000015258789,15065500
2008-04-01,72.9000015258789,74.23999786376953,72.73999786376953,74.16999816894531,18534500
2008-04-02,74.1500015258789,74.58999633789062,73.77999877929688,74.33000183105469,10982700
2008-04-03,73.8499984741211,74.80999755859375,73.80999755859375,74.55000305175781,7069400
2008-04-04,74.77999877929688,75.13999938964844,74.26000213623047,74.80000305175781,9901600
2008-04-07,75.5,75.62000274658203,75.0999984741211,75.26000213623047,7494700
2008-04-08,74.23999786376953,74.6500015258789,74.13999938964844,74.47000122070312,7534000
2008-04-09,74.44999694824219,74.48999786376953,73.73999786376953,73.86000061035156,11748900
2008-04-10,73.68000030517578,74.04000091552734,73.23999786376953,73.62999725341797,12757700
2008-04-11,73.19999694824219,73.44999694824219,72.63999938964844,72.63999938964844,7246900
2008-04-14,72.87000274658203,73.11000061035156,72.58000183105469,72.80000305175781,7161800
2008-04-15,73.26000213623047,73.33999633789062,72.73999786376953,73.30999755859375,10849500
2008-04-16,74.4800033569336,75.62000274658203,74.41000366210938,75.62000274658203,10529100
2008-04-17,74.4000015258789,74.88999938964844,74.30000305175781,74.77999877929688,17629000
2008-04-18,75.26000213623047,75.66999816894531,75.01000213623047,75.30999755859375,19354900
2008-04-21,75.47000122070312,75.93000030517578,75.29000091552734,75.9000015258789,6355100
2008-04-22,75.3499984741211,75.44999694824219,74.81999969482422,75.11000061035156,7264100
2008-04-23,75.0999984741211,75.63999938964844,74.69000244140625,75.5,10522800
2008-04-24,74.73999786376953,75.43000030517578,74.23999786376953,75.01000213623047,8145200
2008-04-25,75.79000091552734,75.9800033569336,75.33999633789062,75.62999725341797,17696000
2008-04-28,76.25,76.37000274658203,76.01000213623047,76.06999969482422,7686400
2008-04-29,75.56999969482422,75.66000366210938,75.29000091552734,75.4000015258789,7570100
2008-04-30,75.62999725341797,76.4000015258789,75.62000274658203,75.80999755859375,9458000
2008-05-01,75.4000015258789,76.33999633789062,75.33999633789062,76.2699966430664,11560300
2008-05-02,76.80000305175781,76.9000015258789,76.08999633789062,76.4800033569336,15374600
2008-05-05,76.69999694824219,76.77999877929688,76.41999816894531,76.61000061035156,7669900
2008-05-06,76.3499984741211,77.2699966430664,76.2699966430664,77.18000030517578,8318300
2008-05-07,76.69000244140625,76.87000274658203,75.7300033569336,75.83000183105469,9339200
2008-05-08,76.43000030517578,76.7699966430664,76.2300033569336,76.48999786376953,6971300
2008-05-09,75.7300033569336,76.1500015258789,75.62999725341797,75.87999725341797,5649300
2008-05-12,76.1500015258789,76.7699966430664,76.02999877929688,76.63999938964844,6293200
2008-05-13,76.41000366210938,76.47000122070312,76.05000305175781,76.37999725341797,8349900
2008-05-14,76.56999969482422,76.97000122070312,76.37999725341797,76.37999725341797,7236300
2008-05-15,76.97000122070312,77.73999786376953,76.83000183105469,77.68000030517578,6406700
2008-05-16,78.0,78.52999877929688,77.80000305175781,78.5199966430664,8314200
2008-05-19,78.55999755859375,78.7699966430664,78.08000183105469,78.19999694824219,7394100
2008-05-20,77.95999908447266,78.01000213623047,77.37000274658203,77.4800033569336,11190900
2008-05-21,77.56999969482422,77.69000244140625,76.52999877929688,76.5999984741211,13505300
2008-05-22,77.45999908447266,77.7300033569336,77.25,77.48999786376953,9171800
2008-05-23,77.33000183105469,77.33999633789062,76.5,76.61000061035156,7094000
2008-05-27,76.13999938964844,76.47000122070312,75.91000366210938,76.45999908447266,7625800
2008-05-28,76.37000274658203,76.48999786376953,75.8499984741211,76.44999694824219,7705900
2008-05-29,75.87000274658203,76.55999755859375,75.80000305175781,76.27999877929688,9804200
2008-05-30,76.5999984741211,76.9000015258789,76.54000091552734,76.70999908447266,8651600
2008-06-02,76.08000183105469,76.1500015258789,75.6500015258789,75.91000366210938,9327700
2008-06-03,76.08000183105469,76.29000091552734,75.30999755859375,75.75,9969600
2008-06-04,75.27999877929688,75.80000305175781,75.12999725341797,75.30999755859375,8132200
2008-06-05,75.5,76.55999755859375,75.30000305175781,76.55999755859375,8738200
2008-06-06,75.58999633789062,75.63999938964844,74.3499984741211,74.36000061035156,9983700
2008-06-09,75.0,75.01000213623047,73.88999938964844,74.26000213623047,8157900
2008-06-10,72.97000122070312,73.4800033569336,72.81999969482422,73.0,8925100
2008-06-11,72.9000015258789,72.98999786376953,71.97000122070312,72.06999969482422,13177900
2008-06-12,71.8499984741211,72.25,71.54000091552734,71.81999969482422,11209500
2008-06-13,71.69999694824219,72.4800033569336,71.58000183105469,72.4800033569336,10236300
2008-06-16,72.4000015258789,72.94000244140625,72.29000091552734,72.8499984741211,9815600
2008-06-17,73.66000366210938,73.66000366210938,72.9000015258789,73.06999969482422,7013000
2008-06-18,72.33000183105469,72.62000274658203,72.06999969482422,72.47000122070312,14861100
2008-06-19,72.08999633789062,72.5,71.8499984741211,72.33000183105469,25370000
2008-06-20,71.30000305175781,71.36000061035156,70.5999984741211,70.75,14909700
2008-06-23,70.80999755859375,70.91000366210938,70.43000030517578,70.73999786376953,12852800
2008-06-24,70.30999755859375,70.86000061035156,70.0,70.41999816894531,18685000
2008-06-25,69.6500015258789,70.4800033569336,69.6500015258789,69.8499984741211,21446000
2008-06-26,69.19999694824219,69.30000305175781,68.08000183105469,68.08000183105469,18484600
2008-06-27,68.70999908447266,68.80999755859375,68.05999755859375,68.26000213623047,28977200
2008-06-30,68.70999908447266,69.05999755859375,68.6500015258789,68.66999816894531,16126000
2008-07-01,67.55000305175781,67.97000122070312,66.88999938964844,67.93000030517578,19350900
2008-07-02,68.3499984741211,68.37000274658203,66.66999816894531,66.8499984741211,16759900
2008-07-03,67.5,67.56999969482422,66.62999725341797,67.27999877929688,14420600
2008-07-07,67.04000091552734,67.43000030517578,66.2699966430664,66.69999694824219,13827600
2008-07-08,66.41000366210938,67.08999633789062,65.93000030517578,67.05000305175781,13982800
2008-07-09,67.37999725341797,67.5,66.18000030517578,66.18000030517578,12121800
2008-07-10,66.38999938964844,66.80999755859375,66.05999755859375,66.75,14732600
2008-07-11,65.69000244140625,66.11000061035156,64.9800033569336,65.69999694824219,15132800
2008-07-14,66.4000015258789,66.4000015258789,65.38999938964844,65.55999755859375,9231800
2008-07-15,64.63999938964844,65.19999694824219,64.06999969482422,64.51000213623047,21612800
2008-07-16,64.25,65.80000305175781,64.08000183105469,65.69999694824219,16201500
2008-07-17,66.62000274658203,66.87000274658203,66.16999816894531,66.69999694824219,13884100
2008-07-18,66.7699966430664,67.16000366210938,66.45999908447266,67.12999725341797,14274700
2008-07-21,67.7300033569336,67.75,67.19000244140625,67.5199966430664,9320000
2008-07-22,66.66999816894531,67.77999877929688,66.61000061035156,67.75,10336400
2008-07-23,67.97000122070312,68.38999938964844,67.81999969482422,68.0,10399000
2008-07-24,67.94999694824219,67.94999694824219,66.68000030517578,66.76000213623047,9628200
2008-07-25,66.87000274658203,67.22000122070312,66.55000305175781,66.9000015258789,7867600
2008-07-28,66.97000122070312,66.97000122070312,65.72000122070312,65.77999877929688,11142000
2008-07-29,65.69000244140625,66.45999908447266,65.66999816894531,66.43000030517578,10323600
2008-07-30,66.75,67.08999633789062,66.45999908447266,67.05000305175781,14376900
2008-07-31,66.69999694824219,67.0,66.23999786376953,66.38999938964844,11372800
2008-08-01,66.1500015258789,66.19000244140625,65.29000091552734,65.4000015258789,11859500
2008-08-04,65.3499984741211,65.37999725341797,64.7300033569336,64.77999877929688,8556700
2008-08-05,65.6500015258789,66.43000030517578,65.4800033569336,66.41999816894531,14263900
2008-08-06,65.95999908447266,66.55000305175781,65.73999786376953,66.44000244140625,11507700
2008-08-07,65.91000366210938,65.91999816894531,65.0,65.11000061035156,8099900
2008-08-08,64.23999786376953,65.55000305175781,64.06999969482422,65.37999725341797,10579200
2008-08-11,65.43000030517578,65.7300033569336,65.1500015258789,65.31999969482422,10024200
2008-08-12,65.31999969482422,65.33999633789062,64.62000274658203,64.8499984741211,9630900
2008-08-13,63.9900016784668,64.23999786376953,63.31999969482422,63.83000183105469,12559300
2008-08-14,63.36000061035156,63.97999954223633,63.25,63.58000183105469,10306700
2008-08-15,63.18999862670898,63.45000076293945,62.93999862670898,63.15999984741211,8640600
2008-08-18,63.77999877929688,63.79999923706055,62.59999847412109,62.84000015258789,11535300
2008-08-19,62.09999847412109,62.220001220703125,61.7599983215332,62.130001068115234,11853200
2008-08-20,62.29999923706055,62.5,61.900001525878906,62.5,15433500
2008-08-21,62.34000015258789,62.900001525878906,62.2400016784668,62.75,8964200
2008-08-22,62.83000183105469,63.18999862670898,62.70000076293945,63.040000915527344,6582300
2008-08-25,62.91999816894531,62.9900016784668,61.90999984741211,62.04999923706055,10955100
2008-08-26,62.119998931884766,62.650001525878906,61.93000030517578,62.36000061035156,7745000
2008-08-27,62.68999862670898,63.0099983215332,62.5,62.95000076293945,9295000
2008-08-28,63.720001220703125,63.83000183105469,63.5099983215332,63.7599983215332,11277400
2008-08-29,63.88999938964844,64.1500015258789,63.5099983215332,63.56999969482422,11080000
2008-09-02,63.41999816894531,63.540000915527344,62.540000915527344,62.59000015258789,14645400
2008-09-03,62.34999847412109,62.61000061035156,61.97999954223633,62.33000183105469,10635700
2008-09-04,61.61000061035156,61.68000030517578,59.619998931884766,59.65999984741211,16723100
2008-09-05,59.34999847412109,59.68000030517578,58.66999816894531,59.43999862670898,17543700
2008-09-08,61.33000183105469,61.38999938964844,59.959999084472656,60.77000045776367,19143200
2008-09-09,60.33000183105469,60.540000915527344,58.77000045776367,58.79999923706055,12860600
2008-09-10,59.68000030517578,59.83000183105469,59.060001373291016,59.369998931884766,15264600
2008-09-11,58.0,59.290000915527344,57.72999954223633,59.2400016784668,16722400
2008-09-12,59.36000061035156,60.5,59.06999969482422,60.400001525878906,16526900
2008-09-15,57.75,58.869998931884766,57.25,57.83000183105469,31607800
2008-09-16,56.15999984741211,57.709999084472656,55.75,57.400001525878906,26092500
2008-09-17,56.31999969482422,56.75,54.84999847412109,55.209999084472656,31227800
2008-09-18,56.630001068115234,58.15999984741211,55.2599983215332,57.720001220703125,30062000
2008-09-19,60.68999862670898,63.7400016784668,59.470001220703125,61.810001373291016,38923300
2008-09-22,61.36000061035156,61.61000061035156,59.70000076293945,59.70000076293945,27789800
2008-09-23,59.70000076293945,60.15999984741211,58.43999862670898,58.86000061035156,14862000
2008-09-24,59.68000030517578,59.7599983215332,58.75,59.02999877929688,12657200
2008-09-25,59.790000915527344,60.540000915527344,59.68999862670898,60.38999938964844,16568100
2008-09-26,59.09999847412109,59.81999969482422,58.88999938964844,59.75,22570500
2008-09-29,56.84000015258789,56.84999847412109,52.36000061035156,53.08000183105469,35675800
2008-09-30,55.2400016784668,56.29999923706055,54.84000015258789,56.29999923706055,29246900
2008-10-01,55.54999923706055,56.41999816894531,54.90999984741211,55.880001068115234,27952600
2008-10-02,54.810001373291016,54.95000076293945,53.29999923706055,53.43999862670898,23232500
2008-10-03,53.54999923706055,55.470001220703125,53.09000015258789,53.22999954223633,34402700
2008-10-06,51.18000030517578,51.25,48.150001525878906,50.220001220703125,53409500
2008-10-07,51.29999923706055,51.4900016784668,47.869998931884766,47.869998931884766,37326000
2008-10-08,47.150001525878906,48.84000015258789,46.29999923706055,46.79999923706055,42426500
2008-10-09,48.13999938964844,48.310001373291016,43.630001068115234,44.0,35533300
2008-10-10,41.310001373291016,43.7599983215332,40.02000045776367,42.36000061035156,59719300
2008-10-13,45.650001525878906,49.52000045776367,45.31999969482422,49.09000015258789,57779900
2008-10-14,50.40999984741211,50.88999938964844,47.060001373291016,48.08000183105469,41811500
2008-10-15,46.84999847412109,47.0,42.90999984741211,42.95000076293945,35975400
2008-10-16,44.2599983215332,45.540000915527344,41.97999954223633,45.47999954223633,44651300
2008-10-17,43.40999984741211,46.5,43.209999084472656,44.5099983215332,31032400
2008-10-20,45.65999984741211,47.34999847412109,45.36000061035156,47.34999847412109,29347500
2008-10-21,45.66999816894531,46.34000015258789,44.540000915527344,44.68000030517578,34623800
2008-10-22,43.209999084472656,43.34000015258789,40.459999084472656,41.41999816894531,31546700
2008-10-23,41.619998931884766,42.77000045776367,40.22999954223633,42.33000183105469,33626600
2008-10-24,38.47999954223633,40.77999877929688,38.18999862670898,39.59000015258789,32920600
2008-10-27,38.09999847412109,39.459999084472656,37.5,37.5099983215332,31682200
2008-10-28,39.790000915527344,43.04999923706055,38.33000183105469,42.68000030517578,41688400
2008-10-29,42.18999862670898,44.20000076293945,41.810001373291016,42.77999877929688,34384700
2008-10-30,44.91999816894531,45.04999923706055,43.18000030517578,44.27999877929688,33312100
2008-10-31,43.290000915527344,45.27999877929688,43.02000045776367,44.56999969482422,40976800
2008-11-03,44.380001068115234,45.040000915527344,44.2599983215332,44.75,20436100
2008-11-04,46.20000076293945,47.900001525878906,46.08000183105469,47.81999969482422,29640600
2008-11-05,46.93999862670898,47.75,45.119998931884766,45.220001220703125,29660700
2008-11-06,44.77000045776367,45.060001373291016,41.91999816894531,42.29999923706055,35121300
2008-11-07,43.84000015258789,44.810001373291016,43.59999847412109,44.68999862670898,28171200
2008-11-10,45.45000076293945,45.4900016784668,43.310001373291016,44.02000045776367,25590000
2008-11-11,43.02999877929688,43.31999969482422,41.81999969482422,42.56999969482422,34095000
2008-11-12,41.61000061035156,41.810001373291016,40.25,40.27999877929688,35248700
2008-11-13,40.79999923706055,43.709999084472656,39.310001373291016,43.709999084472656,51118000
2008-11-14,41.68000030517578,42.7400016784668,40.77000045776367,41.20000076293945,48148100
2008-11-17,40.7599983215332,41.650001525878906,40.040000915527344,40.45000076293945,30054400
2008-11-18,40.0,41.02999877929688,39.5,40.52000045776367,44628000
2008-11-19,40.09999847412109,40.5,37.7400016784668,37.810001373291016,45216100
2008-11-20,37.68000030517578,38.47999954223633,35.529998779296875,35.72999954223633,54184200
2008-11-21,37.709999084472656,38.33000183105469,35.84000015258789,38.27000045776367,49797000
2008-11-24,39.09000015258789,41.5099983215332,38.75,40.560001373291016,41988500
2008-11-25,41.83000183105469,41.97999954223633,40.150001525878906,41.29999923706055,46002000
2008-11-26,40.18999862670898,41.900001525878906,40.11000061035156,41.75,34099900
2008-11-28,41.290000915527344,41.90999984741211,41.09000015258789,41.72999954223633,17627900
2008-12-01,40.310001373291016,40.400001525878906,38.18000030517578,38.31999969482422,50272000
2008-12-02,39.7400016784668,40.59000015258789,39.2400016784668,40.400001525878906,44399000
2008-12-03,39.18000030517578,40.93999862670898,39.040000915527344,40.93999862670898,41980400
2008-12-04,39.630001068115234,40.52000045776367,38.81999969482422,39.68000030517578,41836300
2008-12-05,38.95000076293945,40.34999847412109,38.09000015258789,40.18000030517578,41059200
2008-12-08,41.34999847412109,42.400001525878906,41.119998931884766,42.09000015258789,45982000
2008-12-09,41.810001373291016,42.630001068115234,41.43999862670898,41.70000076293945,38538000
2008-12-10,42.459999084472656,43.0,42.04999923706055,42.79999923706055,39997900
2008-12-11,42.93999862670898,43.63999938964844,42.29999923706055,42.61000061035156,36787800
2008-12-12,41.81999969482422,43.29999923706055,41.720001220703125,43.02999877929688,42675200
2008-12-15,43.220001220703125,43.31999969482422,42.470001220703125,43.13999938964844,44527700
2008-12-16,43.04999923706055,45.790000915527344,43.04999923706055,45.619998931884766,47026500
2008-12-17,44.59000015258789,45.77999877929688,44.5099983215332,45.38999938964844,45054900
2008-12-18,45.27999877929688,45.29999923706055,43.43999862670898,44.0,42315200
2008-12-19,43.63999938964844,44.119998931884766,43.02000045776367,43.36000061035156,38356000
2008-12-22,43.619998931884766,43.70000076293945,42.45000076293945,43.060001373291016,36928300
2008-12-23,42.880001068115234,42.97999954223633,41.970001220703125,42.20000076293945,32553600
2008-12-24,42.65999984741211,42.83000183105469,42.310001373291016,42.7599983215332,16114600
2008-12-26,42.880001068115234,43.2400016784668,42.59999847412109,42.959999084472656,13297600
2008-12-29,43.59000015258789,43.65999984741211,42.68999862670898,42.970001220703125,29150100
2008-12-30,43.45000076293945,44.33000183105469,43.310001373291016,44.2599983215332,28477600
2008-12-31,44.119998931884766,45.150001525878906,43.88999938964844,44.86000061035156,26881200
2009-01-02,44.59000015258789,45.619998931884766,44.45000076293945,45.43999862670898,21928500
2009-01-05,44.68999862670898,45.060001373291016,44.40999984741211,44.709999084472656,27947600
2009-01-06,44.900001525878906,45.5,44.52999877929688,45.18999862670898,23282100
2009-01-07,44.84999847412109,44.9900016784668,44.130001068115234,44.40999984741211,23930600
2009-01-08,44.470001220703125,45.09999847412109,44.13999938964844,45.06999969482422,19883800
2009-01-09,44.54999923706055,44.59999847412109,43.470001220703125,43.5099983215332,31728900
2009-01-12,43.27999877929688,43.31999969482422,42.2599983215332,42.459999084472656,28816400
2009-01-13,41.619998931884766,42.02999877929688,41.27000045776367,41.68000030517578,29424100
2009-01-14,40.56999969482422,40.59000015258789,39.709999084472656,39.970001220703125,37212600
2009-01-15,40.2400016784668,40.709999084472656,39.209999084472656,40.33000183105469,42030800
2009-01-16,41.25,41.310001373291016,39.709999084472656,40.56999969482422,39032500
2009-01-20,39.13999938964844,39.20000076293945,37.56999969482422,37.59999847412109,58657300
2009-01-21,38.400001525878906,39.47999954223633,37.900001525878906,39.43999862670898,48048200
2009-01-22,38.13999938964844,38.810001373291016,37.68000030517578,38.52000045776367,40891400
2009-01-23,37.11000061035156,38.52999877929688,37.0,38.25,37917500
2009-01-26,38.619998931884766,39.52000045776367,38.470001220703125,39.0,38347800
2009-01-27,39.40999984741211,39.93000030517578,39.150001525878906,39.7599983215332,35276200
2009-01-28,40.75,41.2400016784668,40.5,40.93000030517578,37581800
2009-01-29,39.900001525878906,39.93999862670898,38.959999084472656,39.06999969482422,26066100
2009-01-30,39.4900016784668,39.58000183105469,38.5099983215332,38.70000076293945,33244900
2009-02-02,37.970001220703125,38.59999847412109,37.880001068115234,38.31999969482422,29679400
2009-02-03,38.810001373291016,39.77000045776367,38.47999954223633,39.41999816894531,28446900
2009-02-04,39.54999923706055,40.20000076293945,39.02000045776367,39.220001220703125,29274800
2009-02-05,38.9900016784668,40.11000061035156,38.68000030517578,39.77999877929688,31645600
2009-02-06,39.93999862670898,40.88999938964844,39.84999847412109,40.70000076293945,28635900
2009-02-09,40.68000030517578,40.959999084472656,40.40999984741211,40.68999862670898,27143500
2009-02-10,40.25,40.5099983215332,38.47999954223633,38.66999816894531,35169400
2009-02-11,39.27999877929688,39.43999862670898,38.5099983215332,39.09000015258789,24101600
2009-02-12,38.2599983215332,39.0,37.869998931884766,38.970001220703125,40755800
2009-02-13,38.790000915527344,39.08000183105469,38.47999954223633,38.54999923706055,21184200
2009-02-17,36.93000030517578,37.04999923706055,36.369998931884766,36.5,32955300
2009-02-18,36.77999877929688,36.790000915527344,36.02999877929688,36.470001220703125,35001300
2009-02-19,37.290000915527344,37.43999862670898,36.25,36.41999816894531,25953000
2009-02-20,35.29999923706055,36.33000183105469,35.25,35.88999938964844,52151800
2009-02-23,36.18000030517578,36.20000076293945,34.52000045776367,34.52000045776367,38218200
2009-02-24,34.86000061035156,36.09999847412109,34.58000183105469,35.959999084472656,36854600
2009-02-25,35.43000030517578,35.61000061035156,34.5099983215332,34.970001220703125,39168800
2009-02-26,35.58000183105469,35.79999923706055,34.61000061035156,34.68000030517578,27205700
2009-02-27,34.33000183105469,35.36000061035156,34.33000183105469,34.68000030517578,38490900
2009-03-02,33.63999938964844,33.79999923706055,32.61000061035156,32.689998626708984,42422600
2009-03-03,33.20000076293945,33.209999084472656,32.189998626708984,32.560001373291016,38727800
2009-03-04,33.36000061035156,34.45000076293945,33.220001220703125,34.0099983215332,52339900
2009-03-05,33.060001373291016,33.459999084472656,32.29999923706055,32.63999938964844,36082700
2009-03-06,33.08000183105469,33.45000076293945,31.8700008392334,32.58000183105469,42251800
2009-03-09,31.600000381469727,32.36000061035156,31.559999465942383,31.700000762939453,36485300
2009-03-10,32.97999954223633,34.02000045776367,32.91999816894531,33.83000183105469,50262200
2009-03-11,34.25,34.529998779296875,33.630001068115234,34.02000045776367,34253300
2009-03-12,33.65999984741211,34.880001068115234,33.34000015258789,34.790000915527344,32384600
2009-03-13,34.959999084472656,35.13999938964844,34.41999816894531,35.02000045776367,31335400
2009-03-16,35.61000061035156,36.22999954223633,35.310001373291016,35.400001525878906,29486900
2009-03-17,35.279998779296875,36.400001525878906,35.099998474121094,36.33000183105469,33219600
2009-03-18,35.90999984741211,37.54999923706055,35.54999923706055,37.369998931884766,40962300
2009-03-19,38.25,38.290000915527344,37.290000915527344,37.34999847412109,36731100
2009-03-20,37.400001525878906,37.560001373291016,36.65999984741211,36.83000183105469,35560500
2009-03-23,38.119998931884766,39.5099983215332,37.91999816894531,39.47999954223633,42113200
2009-03-24,38.459999084472656,39.02999877929688,38.18000030517578,38.2400016784668,30868900
2009-03-25,38.560001373291016,39.459999084472656,38.02000045776367,38.83000183105469,30873600
2009-03-26,39.130001068115234,39.560001373291016,38.7599983215332,39.34999847412109,30230400
2009-03-27,38.33000183105469,38.47999954223633,37.970001220703125,38.09000015258789,34326000
2009-03-30,36.959999084472656,37.0,36.310001373291016,36.63999938964844,25835700
2009-03-31,37.34999847412109,38.09000015258789,37.11000061035156,37.59000015258789,32838300
2009-04-01,37.36000061035156,38.7400016784668,37.27999877929688,38.56999969482422,25661700
2009-04-02,39.900001525878906,40.959999084472656,39.86000061035156,40.310001373291016,57242400
2009-04-03,40.13999938964844,40.540000915527344,39.79999923706055,40.540000915527344,41385200
2009-04-06,39.68000030517578,39.869998931884766,39.20000076293945,39.70000076293945,27320400
2009-04-07,39.09000015258789,39.34999847412109,38.7400016784668,38.869998931884766,19333900
2009-04-08,39.20000076293945,39.61000061035156,38.810001373291016,39.2599983215332,22120900
2009-04-09,40.150001525878906,40.36000061035156,39.83000183105469,40.310001373291016,23172500
2009-04-13,40.119998931884766,40.9900016784668,40.060001373291016,40.709999084472656,21135700
2009-04-14,40.34999847412109,40.900001525878906,40.209999084472656,40.31999969482422,41502500
2009-04-15,40.15999984741211,40.95000076293945,40.06999969482422,40.84999847412109,25623000
2009-04-16,41.02000045776367,41.400001525878906,40.650001525878906,41.11000061035156,25014400
2009-04-17,41.18999862670898,41.220001220703125,40.7599983215332,40.970001220703125,61325800
2009-04-20,40.02000045776367,40.06999969482422,39.27999877929688,39.290000915527344,26049700
2009-04-21,38.93999862670898,40.22999954223633,38.900001525878906,40.18999862670898,25499800
2009-04-22,39.560001373291016,40.58000183105469,39.41999816894531,39.869998931884766,25022000
2009-04-23,40.41999816894531,40.869998931884766,40.06999969482422,40.869998931884766,30545300
2009-04-24,41.4900016784668,41.790000915527344,41.22999954223633,41.5,25969200
2009-04-27,40.88999938964844,41.540000915527344,40.709999084472656,41.0099983215332,26745300
2009-04-28,40.220001220703125,41.02999877929688,40.16999816894531,40.619998931884766,18634000
2009-04-29,41.310001373291016,42.119998931884766,41.2400016784668,41.65999984741211,20784800
2009-04-30,42.2599983215332,42.61000061035156,41.61000061035156,41.91999816894531,26982200
2009-05-01,42.150001525878906,42.5,41.86000061035156,42.40999984741211,17786700
2009-05-04,42.88999938964844,44.18999862670898,42.869998931884766,44.16999816894531,23451200
2009-05-05,44.02999877929688,44.119998931884766,43.4900016784668,43.72999954223633,22298600
2009-05-06,44.59000015258789,44.900001525878906,43.970001220703125,44.790000915527344,21040600
2009-05-07,45.16999816894531,45.220001220703125,43.7400016784668,44.040000915527344,23946300
2009-05-08,45.02000045776367,46.02000045776367,44.7599983215332,45.95000076293945,22988400
2009-05-11,44.84000015258789,45.11000061035156,44.619998931884766,44.77999877929688,17460900
2009-05-12,45.380001068115234,45.4900016784668,44.66999816894531,45.2599983215332,26285000
2009-05-13,44.220001220703125,44.27999877929688,43.59000015258789,43.720001220703125,23257600
2009-05-14,43.68999862670898,44.459999084472656,43.58000183105469,44.150001525878906,27380600
2009-05-15,44.25,44.56999969482422,43.56999969482422,43.75,20457900
2009-05-18,44.68000030517578,45.5,44.52999877929688,45.41999816894531,18600700
2009-05-19,45.619998931884766,46.11000061035156,45.4900016784668,45.83000183105469,19522000
2009-05-20,46.2599983215332,46.84999847412109,46.02999877929688,46.130001068115234,18872900
2009-05-21,45.54999923706055,45.93000030517578,45.29999923706055,45.77999877929688,20081100
2009-05-22,46.209999084472656,46.34000015258789,45.84999847412109,46.040000915527344,14279100
2009-05-26,45.38999938964844,47.08000183105469,45.36000061035156,46.959999084472656,16247300
2009-05-27,46.959999084472656,47.02000045776367,45.959999084472656,46.04999923706055,16274500
2009-05-28,46.400001525878906,46.720001220703125,45.77000045776367,46.52000045776367,15523500
2009-05-29,47.18000030517578,47.45000076293945,46.810001373291016,47.45000076293945,24526200
2009-06-01,48.36000061035156,49.0,48.27000045776367,48.619998931884766,22592800
2009-06-02,48.470001220703125,49.119998931884766,48.380001068115234,49.040000915527344,22182800
2009-06-03,48.060001373291016,48.13999938964844,47.15999984741211,47.58000183105469,20937800
2009-06-04,47.720001220703125,48.0,47.43999862670898,47.880001068115234,17158800
2009-06-05,48.0,48.040000915527344,47.09999847412109,47.290000915527344,19216500
2009-06-08,46.77000045776367,47.4900016784668,46.43000030517578,47.18999862670898,13937000
2009-06-09,47.470001220703125,47.93999862670898,47.209999084472656,47.77000045776367,15957400
2009-06-10,48.4900016784668,48.52000045776367,47.27999877929688,47.86000061035156,18468000
2009-06-11,48.2599983215332,49.18000030517578,48.25,48.68000030517578,20225500
2009-06-12,48.15999984741211,48.5099983215332,47.91999816894531,48.43000030517578,21098000
2009-06-15,47.38999938964844,47.45000076293945,46.31999969482422,46.68999862670898,31484000
2009-06-16,47.02000045776367,47.04999923706055,46.09999847412109,46.150001525878906,23389000
2009-06-17,46.18000030517578,46.650001525878906,45.68999862670898,46.27999877929688,23802600
2009-06-18,46.15999984741211,46.7400016784668,45.970001220703125,46.20000076293945,22429300
2009-06-19,46.93000030517578,47.130001068115234,46.66999816894531,46.93000030517578,19576300
2009-06-22,46.11000061035156,46.150001525878906,45.2599983215332,45.41999816894531,21491900
2009-06-23,44.93999862670898,45.25,44.52999877929688,45.060001373291016,26980500
2009-06-24,45.58000183105469,45.9900016784668,44.93000030517578,45.09999847412109,25708600
2009-06-25,44.84000015258789,46.060001373291016,44.720001220703125,46.04999923706055,23606800
2009-06-26,45.91999816894531,46.18000030517578,45.66999816894531,45.959999084472656,20799800
2009-06-29,46.15999984741211,46.58000183105469,45.91999816894531,46.34999847412109,21139400
2009-06-30,46.34999847412109,46.45000076293945,45.47999954223633,45.810001373291016,31292000
2009-07-01,46.4900016784668,46.97999954223633,46.41999816894531,46.56999969482422,20169200
2009-07-02,45.630001068115234,45.68000030517578,45.060001373291016,45.22999954223633,20744600
2009-07-06,44.65999984741211,45.290000915527344,44.58000183105469,45.290000915527344,17299200
2009-07-07,45.02000045776367,45.06999969482422,44.11000061035156,44.18999862670898,20032700
2009-07-08,44.290000915527344,44.41999816894531,43.4900016784668,44.0099983215332,24263500
2009-07-09,44.52000045776367,44.70000076293945,44.20000076293945,44.54999923706055,22637100
2009-07-10,43.880001068115234,45.150001525878906,43.290000915527344,44.02999877929688,16245600
2009-07-13,44.130001068115234,44.93000030517578,43.81999969482422,44.79999923706055,19678700
2009-07-14,45.060001373291016,45.18999862670898,44.630001068115234,45.040000915527344,15241000
2009-07-15,46.0099983215332,46.68999862670898,45.93999862670898,46.58000183105469,21318700
2009-07-16,46.58000183105469,47.119998931884766,46.400001525878906,46.9900016784668,15476600
2009-07-17,46.68999862670898,46.959999084472656,46.5099983215332,46.81999969482422,16180900
2009-07-20,47.58000183105469,47.83000183105469,47.27999877929688,47.72999954223633,15950700
2009-07-21,48.310001373291016,48.31999969482422,47.5,48.02999877929688,19663900
2009-07-22,47.650001525878906,48.369998931884766,47.630001068115234,48.150001525878906,16927500
2009-07-23,48.06999969482422,49.220001220703125,48.02999877929688,48.959999084472656,19940000
2009-07-24,48.869998931884766,49.290000915527344,48.619998931884766,49.2599983215332,15432700
2009-07-27,49.06999969482422,49.369998931884766,48.7599983215332,49.310001373291016,14807400
2009-07-28,48.93999862670898,49.20000076293945,48.52000045776367,49.09999847412109,18335000
2009-07-29,48.959999084472656,49.11000061035156,48.45000076293945,48.70000076293945,20032100
2009-07-30,49.59000015258789,50.09999847412109,49.43000030517578,49.650001525878906,19165900
2009-07-31,49.91999816894531,50.52999877929688,49.70000076293945,50.40999984741211,20636100
2009-08-03,51.220001220703125,51.709999084472656,51.04999923706055,51.58000183105469,22184800
2009-08-04,51.09000015258789,51.58000183105469,50.380001068115234,51.5,18395300
2009-08-05,51.380001068115234,51.400001525878906,50.59999847412109,51.290000915527344,18679100
2009-08-06,51.41999816894531,51.5,50.59000015258789,50.970001220703125,16284900
2009-08-07,51.15999984741211,51.29999923706055,50.810001373291016,50.91999816894531,19822400
2009-08-10,50.70000076293945,50.86000061035156,50.34999847412109,50.61000061035156,14593800
2009-08-11,50.38999938964844,50.43999862670898,50.02999877929688,50.31999969482422,13047300
2009-08-12,50.29999923706055,51.290000915527344,50.27000045776367,50.88999938964844,18246400
2009-08-13,51.59999847412109,51.79999923706055,51.16999816894531,51.66999816894531,17806800
2009-08-14,51.790000915527344,51.790000915527344,50.84000015258789,51.22999954223633,17855000
2009-08-17,49.70000076293945,49.7599983215332,49.40999984741211,49.58000183105469,23357700
2009-08-18,49.90999984741211,50.630001068115234,49.68999862670898,50.43999862670898,17125200
2009-08-19,49.83000183105469,51.060001373291016,49.79999923706055,50.869998931884766,18921900
2009-08-20,50.84999847412109,51.5,50.7599983215332,51.22999954223633,14815500
2009-08-21,51.9900016784668,52.52999877929688,51.95000076293945,52.34999847412109,20819300
2009-08-24,52.56999969482422,52.84999847412109,52.209999084472656,52.34000015258789,19589500
2009-08-25,52.88999938964844,53.2400016784668,52.709999084472656,52.86000061035156,20682000
2009-08-26,52.43000030517578,52.66999816894531,52.16999816894531,52.63999938964844,16828400
2009-08-27,52.59000015258789,53.2599983215332,52.02999877929688,53.040000915527344,18976000
2009-08-28,53.52000045776367,53.630001068115234,52.84000015258789,53.06999969482422,17008900
2009-08-31,52.43999862670898,52.7599983215332,52.290000915527344,52.68000030517578,18793900
2009-09-01,52.13999938964844,52.88999938964844,51.22999954223633,51.369998931884766,33136100
2009-09-02,51.09000015258789,51.619998931884766,51.040000915527344,51.310001373291016,20632100
2009-09-03,51.83000183105469,51.84999847412109,51.25,51.709999084472656,14848800
2009-09-04,51.790000915527344,52.61000061035156,51.540000915527344,52.5,13312100
2009-09-08,53.650001525878906,53.70000076293945,53.27999877929688,53.540000915527344,17093100
2009-09-09,53.869998931884766,54.40999984741211,50.06999969482422,54.20000076293945,21243900
2009-09-10,54.09999847412109,54.77999877929688,53.75,54.68000030517578,17004400
2009-09-11,54.869998931884766,55.02000045776367,54.40999984741211,54.61000061035156,16105400
2009-09-14,54.0,54.75,53.970001220703125,54.720001220703125,18704400
2009-09-15,54.45000076293945,54.900001525878906,54.08000183105469,54.72999954223633,24528200
2009-09-16,55.36000061035156,55.83000183105469,55.119998931884766,55.810001373291016,22163300
2009-09-17,55.400001525878906,55.88999938964844,55.209999084472656,55.45000076293945,20940900
2009-09-18,55.84999847412109,55.880001068115234,55.34999847412109,55.59999847412109,15180700
2009-09-21,54.650001525878906,55.13999938964844,54.4900016784668,55.0099983215332,17452700
2009-09-22,55.869998931884766,55.91999816894531,55.540000915527344,55.77000045776367,13731800
2009-09-23,55.9900016784668,56.310001373291016,55.18000030517578,55.290000915527344,22848100
2009-09-24,55.650001525878906,55.77999877929688,54.16999816894531,54.47999954223633,27611900
2009-09-25,54.36000061035156,54.84000015258789,54.119998931884766,54.25,22919400
2009-09-28,54.43999862670898,55.369998931884766,54.369998931884766,54.9900016784668,15643900
2009-09-29,54.84000015258789,55.04999923706055,54.41999816894531,54.65999984741211,16359800
2009-09-30,55.11000061035156,55.18999862670898,54.25,54.68000030517578,25290400
2009-10-01,54.34000015258789,54.380001068115234,53.18999862670898,53.25,22406000
2009-10-02,52.45000076293945,53.11000061035156,52.41999816894531,52.65999984741211,27674800
2009-10-05,52.68999862670898,53.619998931884766,52.59999847412109,53.41999816894531,15838800
2009-10-06,54.040000915527344,54.72999954223633,54.0,54.31999969482422,18768200
2009-10-07,54.290000915527344,54.52999877929688,54.09999847412109,54.52000045776367,20064200
2009-10-08,55.220001220703125,55.650001525878906,54.900001525878906,55.310001373291016,14926100
2009-10-09,55.11000061035156,55.25,54.880001068115234,55.16999816894531,9190200
2009-10-12,55.72999954223633,55.900001525878906,55.38999938964844,55.5,9631800
2009-10-13,55.470001220703125,55.540000915527344,55.0,55.380001068115234,11697400
2009-10-14,56.459999084472656,56.77000045776367,56.209999084472656,56.709999084472656,16624600
2009-10-15,56.43000030517578,56.970001220703125,56.369998931884766,56.970001220703125,16062400
2009-10-16,56.02000045776367,56.34000015258789,55.75,56.11000061035156,19457400
2009-10-19,56.650001525878906,57.18999862670898,56.400001525878906,57.0099983215332,16127900
2009-10-20,57.18000030517578,57.18999862670898,56.29999923706055,56.709999084472656,14700400
2009-10-21,56.59000015258789,57.459999084472656,56.459999084472656,56.52000045776367,19720200
2009-10-22,56.47999954223633,57.22999954223633,56.02999877929688,57.06999969482422,15890400
2009-10-23,56.91999816894531,56.93000030517578,55.900001525878906,56.16999816894531,19383000
2009-10-26,56.369998931884766,56.790000915527344,55.09999847412109,55.31999969482422,21031300
2009-10-27,55.43000030517578,55.630001068115234,54.79999923706055,54.880001068115234,23313000
2009-10-28,54.34999847412109,54.61000061035156,53.40999984741211,53.560001373291016,25441000
2009-10-29,54.560001373291016,55.33000183105469,54.119998931884766,55.13999938964844,21274300
2009-10-30,54.77999877929688,54.959999084472656,53.209999084472656,53.29999923706055,31478700
2009-11-02,53.77000045776367,54.560001373291016,53.209999084472656,53.81999969482422,25878000
2009-11-03,52.84999847412109,53.720001220703125,52.77999877929688,53.61000061035156,19567300
2009-11-04,54.310001373291016,54.66999816894531,53.97999954223633,54.150001525878906,24340600
2009-11-05,54.68000030517578,55.13999938964844,54.5099983215332,54.84999847412109,13490700
2009-11-06,54.470001220703125,55.09000015258789,54.34999847412109,55.0099983215332,12750300
2009-11-09,56.0,56.560001373291016,55.90999984741211,56.54999923706055,17554500
2009-11-10,55.970001220703125,56.38999938964844,55.880001068115234,56.25,19583800
2009-11-11,56.63999938964844,56.90999984741211,56.150001525878906,56.41999816894531,14746200
2009-11-12,56.20000076293945,56.4900016784668,55.4900016784668,55.59999847412109,18177000
2009-11-13,55.93000030517578,56.560001373291016,55.619998931884766,56.380001068115234,20592200
2009-11-16,56.869998931884766,57.61000061035156,56.84000015258789,57.27999877929688,18105000
2009-11-17,56.68999862670898,56.95000076293945,56.34999847412109,56.900001525878906,15367600
2009-11-18,56.93999862670898,56.97999954223633,56.400001525878906,56.720001220703125,12114400
2009-11-19,55.90999984741211,55.90999984741211,55.209999084472656,55.650001525878906,21816500
2009-11-20,54.970001220703125,55.38999938964844,54.93000030517578,55.34000015258789,15379300
2009-11-23,56.459999084472656,56.77000045776367,56.16999816894531,56.33000183105469,17112800
2009-11-24,56.20000076293945,56.33000183105469,55.68000030517578,56.09999847412109,23601500
2009-11-25,56.56999969482422,56.88999938964844,56.29999923706055,56.84999847412109,15283000
2009-11-27,54.52000045776367,55.619998931884766,54.43999862670898,55.209999084472656,14507600
2009-11-30,55.2400016784668,55.75,54.900001525878906,55.38999938964844,20857000
2009-12-01,56.470001220703125,57.09000015258789,56.369998931884766,56.90999984741211,17952200
2009-12-02,56.880001068115234,57.310001373291016,56.7599983215332,57.0,13034600
2009-12-03,57.33000183105469,57.630001068115234,56.709999084472656,56.869998931884766,15714100
2009-12-04,57.36000061035156,57.65999984741211,56.29999923706055,56.66999816894531,17862600
2009-12-07,56.310001373291016,56.83000183105469,56.2599983215332,56.36000061035156,13057600
2009-12-08,55.790000915527344,55.79999923706055,55.22999954223633,55.380001068115234,16547700
2009-12-09,55.25,55.5,54.720001220703125,55.310001373291016,16435300
2009-12-10,55.59999847412109,55.77999877929688,54.77000045776367,55.47999954223633,12430600
2009-12-11,55.650001525878906,55.7400016784668,55.33000183105469,55.459999084472656,22797300
2009-12-14,55.86000061035156,56.02000045776367,55.63999938964844,56.0,23188500
2009-12-15,55.290000915527344,55.709999084472656,55.2400016784668,55.380001068115234,16211400
2009-12-16,55.90999984741211,56.310001373291016,55.84999847412109,56.02999877929688,17313400
2009-12-17,55.02000045776367,55.130001068115234,54.56999969482422,54.709999084472656,20345600
2009-12-18,54.93999862670898,55.060001373291016,54.22999954223633,54.84000015258789,18769700
2009-12-21,54.95000076293945,55.27999877929688,54.88999938964844,55.0,15019700
2009-12-22,54.77000045776367,54.97999954223633,54.58000183105469,54.84999847412109,15589200
2009-12-23,55.150001525878906,55.34999847412109,54.90999984741211,55.34999847412109,10683500
2009-12-24,55.560001373291016,55.650001525878906,55.45000076293945,55.56999969482422,4979300
2009-12-28,55.84999847412109,55.84999847412109,55.630001068115234,55.810001373291016,11762300
2009-12-29,56.18999862670898,56.20000076293945,55.68999862670898,55.900001525878906,10648300
2009-12-30,55.38999938964844,55.66999816894531,55.2599983215332,55.66999816894531,12566200
2009-12-31,55.91999816894531,55.95000076293945,55.220001220703125,55.27999877929688,13893400
2010-01-04,56.41999816894531,56.93999862670898,56.40999984741211,56.72999954223633,18556900
2010-01-05,56.869998931884766,57.09999847412109,56.5099983215332,56.77999877929688,14352800
2010-01-06,56.68000030517578,57.09000015258789,56.66999816894531,57.02000045776367,11888100
2010-01-07,56.63999938964844,56.84000015258789,56.369998931884766,56.79999923706055,10906600
2010-01-08,56.900001525878906,57.310001373291016,56.7400016784668,57.25,12826500
2010-01-11,57.83000183105469,57.86000061035156,57.470001220703125,57.720001220703125,12387500
2010-01-12,57.11000061035156,57.380001068115234,56.59999847412109,57.040000915527344,19029700
2010-01-13,57.27999877929688,57.70000076293945,56.93999862670898,57.52000045776367,15446600
2010-01-14,57.5,58.0,57.5,57.959999084472656,13362600
2010-01-15,57.5099983215332,57.61000061035156,56.77999877929688,57.04999923706055,19281700
2010-01-19,56.880001068115234,57.68000030517578,56.84000015258789,57.61000061035156,17507700
2010-01-20,56.369998931884766,56.400001525878906,55.619998931884766,56.13999938964844,24510100
2010-01-21,56.040000915527344,56.18000030517578,54.58000183105469,54.93999862670898,22979100
2010-01-22,54.70000076293945,55.04999923706055,53.790000915527344,53.869998931884766,27432500
2010-01-25,54.86000061035156,54.97999954223633,54.38999938964844,54.52999877929688,20242700
2010-01-26,54.04999923706055,54.68000030517578,53.90999984741211,54.220001220703125,22135300
2010-01-27,53.880001068115234,54.209999084472656,53.380001068115234,54.15999984741211,27156000
2010-01-28,54.18999862670898,54.20000076293945,52.84999847412109,53.25,26142600
2010-01-29,53.31999969482422,53.630001068115234,52.33000183105469,52.47999954223633,28917200
2010-02-01,53.20000076293945,53.52000045776367,52.47999954223633,53.43999862670898,23123800
2010-02-02,53.81999969482422,54.459999084472656,53.650001525878906,54.33000183105469,19720200
2010-02-03,53.97999954223633,54.20000076293945,53.47999954223633,53.7599983215332,20225900
2010-02-04,52.7400016784668,52.79999923706055,51.540000915527344,51.56999969482422,32202200
2010-02-05,51.290000915527344,51.47999954223633,49.93999862670898,51.47999954223633,43046100
2010-02-08,50.970001220703125,51.45000076293945,50.45000076293945,50.459999084472656,19238000
2010-02-09,51.59000015258789,52.52000045776367,51.09000015258789,52.04999923706055,30811800
2010-02-10,51.77000045776367,51.95000076293945,51.209999084472656,51.720001220703125,23502500
2010-02-11,51.540000915527344,52.290000915527344,51.150001525878906,52.20000076293945,19397300
2010-02-12,51.29999923706055,51.84999847412109,51.04999923706055,51.75,18994900
2010-02-16,51.9900016784668,53.0099983215332,51.810001373291016,52.900001525878906,19592800
2010-02-17,53.13999938964844,53.27000045776367,52.75,52.970001220703125,19682000
2010-02-18,52.810001373291016,53.34999847412109,52.810001373291016,53.27000045776367,13747600
2010-02-19,52.52999877929688,53.06999969482422,52.380001068115234,52.93999862670898,16069000
2010-02-22,53.22999954223633,53.310001373291016,52.90999984741211,53.040000915527344,14422100
2010-02-23,52.79999923706055,53.040000915527344,52.119998931884766,52.290000915527344,18038800
2010-02-24,52.369998931884766,52.93000030517578,52.22999954223633,52.619998931884766,15789800
2010-02-25,51.58000183105469,52.310001373291016,51.470001220703125,52.29999923706055,18544400
2010-02-26,52.18999862670898,52.84999847412109,51.90999984741211,52.619998931884766,19714200
2010-03-01,52.7400016784668,53.130001068115234,52.59999847412109,53.02999877929688,14774400
2010-03-02,53.38999938964844,53.790000915527344,53.16999816894531,53.43000030517578,14135700
2010-03-03,53.90999984741211,54.40999984741211,53.83000183105469,54.06999969482422,15292400
2010-03-04,54.130001068115234,54.22999954223633,53.619998931884766,53.93000030517578,12645600
2010-03-05,54.310001373291016,55.060001373291016,54.209999084472656,54.97999954223633,18656300
2010-03-08,55.060001373291016,55.209999084472656,54.810001373291016,54.97999954223633,11336100
2010-03-09,54.470001220703125,55.11000061035156,54.45000076293945,54.84999847412109,15356500
2010-03-10,54.84999847412109,55.34000015258789,54.77999877929688,55.08000183105469,13641100
2010-03-11,55.04999923706055,55.34999847412109,54.810001373291016,55.290000915527344,13015300
2010-03-12,55.72999954223633,55.75,55.369998931884766,55.65999984741211,11743300
2010-03-15,55.20000076293945,55.34000015258789,54.84999847412109,55.27000045776367,10182300
2010-03-16,55.459999084472656,56.02999877929688,55.31999969482422,55.970001220703125,15718300
2010-03-17,56.18000030517578,56.5099983215332,56.11000061035156,56.27000045776367,17400500
2010-03-18,56.08000183105469,56.18999862670898,55.58000183105469,55.93999862670898,15899600
2010-03-19,55.369998931884766,55.90999984741211,55.11000061035156,55.369998931884766,17819700
2010-03-22,54.63999938964844,55.59999847412109,54.59999847412109,55.52999877929688,17473800
2010-03-23,55.560001373291016,56.0099983215332,55.34999847412109,55.91999816894531,15533000
2010-03-24,55.0,55.209999084472656,54.7599983215332,55.0,18234000
2010-03-25,55.45000076293945,55.65999984741211,54.900001525878906,54.970001220703125,18633000
2010-03-26,55.33000183105469,55.720001220703125,55.15999984741211,55.5099983215332,23466200
2010-03-29,55.77999877929688,56.040000915527344,55.68000030517578,55.97999954223633,13605700
2010-03-30,56.15999984741211,56.310001373291016,55.720001220703125,55.97999954223633,16768000
2010-03-31,55.77000045776367,56.18000030517578,55.63999938964844,55.97999954223633,22702600
2010-04-01,56.54999923706055,56.9900016784668,56.52000045776367,56.970001220703125,20493900
2010-04-05,56.93999862670898,57.20000076293945,56.75,57.02999877929688,14434000
2010-04-06,56.43999862670898,56.95000076293945,56.380001068115234,56.869998931884766,15025700
2010-04-07,56.560001373291016,56.68000030517578,56.2599983215332,56.470001220703125,19574500
2010-04-08,55.86000061035156,56.459999084472656,55.7400016784668,56.40999984741211,13853000
2010-04-09,56.58000183105469,57.220001220703125,56.560001373291016,57.150001525878906,17131200
2010-04-12,57.34000015258789,57.5,57.209999084472656,57.33000183105469,11992200
2010-04-13,57.38999938964844,57.43999862670898,56.84999847412109,57.27999877929688,9094000
2010-04-14,57.68999862670898,58.08000183105469,57.52000045776367,58.040000915527344,20763800
2010-04-15,57.68999862670898,58.09000015258789,57.63999938964844,58.0,13534200
2010-04-16,57.47999954223633,57.709999084472656,56.43000030517578,56.720001220703125,30341100
2010-04-19,56.08000183105469,56.61000061035156,55.88999938964844,56.56999969482422,19657000
2010-04-20,57.0,57.08000183105469,56.77999877929688,56.91999816894531,14039800
2010-04-21,56.68999862670898,56.790000915527344,56.2599983215332,56.54999923706055,15597400
2010-04-22,55.68000030517578,56.13999938964844,55.31999969482422,56.040000915527344,22128200
2010-04-23,55.810001373291016,56.4900016784668,55.630001068115234,56.459999084472656,18250100
2010-04-26,56.619998931884766,56.75,56.400001525878906,56.52000045776367,19670500
2010-04-27,55.70000076293945,56.08000183105469,54.119998931884766,54.25,39699100
2010-04-28,54.68999862670898,54.790000915527344,53.68000030517578,54.2599983215332,32895300
2010-04-29,54.84999847412109,55.22999954223633,54.709999084472656,55.09999847412109,21405900
2010-04-30,55.119998931884766,55.18000030517578,54.27000045776367,54.40999984741211,24817100
2010-05-03,54.5099983215332,54.9900016784668,54.40999984741211,54.79999923706055,22046300
2010-05-04,53.38999938964844,53.41999816894531,52.40999984741211,52.630001068115234,42932500
2010-05-05,51.45000076293945,52.2400016784668,51.34000015258789,51.619998931884766,40791300
2010-05-06,51.27999877929688,51.59999847412109,47.2599983215332,49.31999969482422,64526400
2010-05-07,49.810001373291016,50.310001373291016,48.29999923706055,49.209999084472656,66179200
2010-05-10,52.45000076293945,52.84999847412109,51.95000076293945,52.400001525878906,63301700
2010-05-11,51.209999084472656,52.36000061035156,51.15999984741211,51.54999923706055,42343600
2010-05-12,51.9900016784668,52.43999862670898,51.900001525878906,52.130001068115234,27785600
2010-05-13,51.7599983215332,52.119998931884766,51.31999969482422,51.45000076293945,29675400
2010-05-14,50.81999969482422,50.91999816894531,49.54999923706055,49.9900016784668,40366200
2010-05-17,50.16999816894531,50.400001525878906,48.900001525878906,50.060001373291016,33131000
2010-05-18,50.540000915527344,50.630001068115234,48.72999954223633,48.97999954223633,39152500
2010-05-19,48.880001068115234,49.34000015258789,48.34999847412109,49.16999816894531,41441600
2010-05-20,47.709999084472656,48.27000045776367,46.970001220703125,47.459999084472656,50013100
2010-05-21,47.02000045776367,48.68000030517578,46.90999984741211,48.619998931884766,52184600
2010-05-24,47.93999862670898,48.31999969482422,47.470001220703125,47.5,26489400
2010-05-25,46.09000015258789,47.38999938964844,45.84999847412109,47.31999969482422,53441800
2010-05-26,47.369998931884766,47.77999877929688,46.5099983215332,46.619998931884766,42125600
2010-05-27,48.29999923706055,49.29999923706055,48.0099983215332,49.27000045776367,33506900
2010-05-28,49.02999877929688,49.150001525878906,48.11000061035156,48.31999969482422,39482100
2010-06-01,47.88999938964844,49.02000045776367,47.79999923706055,47.84000015258789,34753600
2010-06-02,48.060001373291016,49.150001525878906,47.790000915527344,49.119998931884766,25336300
2010-06-03,49.369998931884766,49.459999084472656,48.52000045776367,48.970001220703125,27019600
2010-06-04,47.7599983215332,48.02000045776367,46.650001525878906,46.880001068115234,36685200
2010-06-07,47.06999969482422,47.29999923706055,46.27999877929688,46.290000915527344,24384100
2010-06-08,46.54999923706055,47.09000015258789,46.130001068115234,47.02999877929688,33911600
2010-06-09,47.34000015258789,47.83000183105469,46.630001068115234,46.86000061035156,30395500
2010-06-10,48.2400016784668,48.880001068115234,48.08000183105469,48.84000015258789,30506000
2010-06-11,48.290000915527344,48.93000030517578,48.20000076293945,48.90999984741211,22459100
2010-06-14,49.630001068115234,49.93000030517578,49.130001068115234,49.220001220703125,29477200
2010-06-15,50.0,50.810001373291016,49.81999969482422,50.77999877929688,28365100
2010-06-16,50.150001525878906,50.7400016784668,50.040000915527344,50.540000915527344,21785900
2010-06-17,50.77999877929688,50.79999923706055,50.20000076293945,50.70000076293945,23402900
2010-06-18,50.630001068115234,50.84999847412109,50.45000076293945,50.61000061035156,20182700
2010-06-21,51.38999938964844,51.4900016784668,50.400001525878906,50.59999847412109,26081200
2010-06-22,50.720001220703125,50.93000030517578,49.869998931884766,49.959999084472656,29123900
2010-06-23,49.459999084472656,49.77999877929688,48.83000183105469,49.43000030517578,31159100
2010-06-24,49.09999847412109,49.16999816894531,48.43000030517578,48.56999969482422,24218700
2010-06-25,48.540000915527344,48.9900016784668,48.16999816894531,48.84999847412109,31883900
2010-06-28,48.75,49.11000061035156,48.380001068115234,48.4900016784668,23915000
2010-06-29,47.59999847412109,47.59999847412109,46.66999816894531,46.83000183105469,39759300
2010-06-30,46.900001525878906,47.380001068115234,46.47999954223633,46.5099983215332,40112000
2010-07-01,47.09999847412109,47.2599983215332,46.45000076293945,47.18999862670898,43453600
2010-07-02,47.470001220703125,47.65999984741211,46.77000045776367,47.09000015258789,24580500
2010-07-06,48.43000030517578,48.790000915527344,47.709999084472656,48.02999877929688,26225800
2010-07-07,48.31999969482422,49.59000015258789,48.27000045776367,49.52999877929688,31096500
2010-07-08,49.70000076293945,50.02000045776367,49.33000183105469,50.0099983215332,30704400
2010-07-09,49.560001373291016,50.08000183105469,49.47999954223633,50.060001373291016,19807000
2010-07-12,49.650001525878906,49.9900016784668,49.5099983215332,49.869998931884766,19512900
2010-07-13,50.5099983215332,50.90999984741211,50.40999984741211,50.790000915527344,21027200
2010-07-14,50.56999969482422,51.02000045776367,50.43000030517578,50.970001220703125,17036100
2010-07-15,51.08000183105469,51.310001373291016,50.41999816894531,51.220001220703125,21741000
2010-07-16,50.61000061035156,50.619998931884766,49.5099983215332,49.58000183105469,29092500
2010-07-19,49.9900016784668,50.15999984741211,49.47999954223633,49.900001525878906,15344100
2010-07-20,49.13999938964844,50.310001373291016,49.119998931884766,50.2400016784668,17648600
2010-07-21,50.220001220703125,50.25,49.16999816894531,49.33000183105469,18248500
2010-07-22,50.52000045776367,51.16999816894531,50.52000045776367,50.9900016784668,25412400
2010-07-23,50.90999984741211,51.59999847412109,50.7400016784668,51.59000015258789,26349100
2010-07-26,51.310001373291016,51.970001220703125,51.18999862670898,51.95000076293945,29416900
2010-07-27,52.25,52.29999923706055,51.709999084472656,52.09999847412109,31043800
2010-07-28,51.959999084472656,52.119998931884766,51.66999816894531,51.83000183105469,18472800
2010-07-29,52.58000183105469,52.810001373291016,51.61000061035156,52.06999969482422,20313700
2010-07-30,51.459999084472656,52.25,51.400001525878906,51.90999984741211,25265700
2010-08-02,53.09000015258789,53.75,52.959999084472656,53.65999984741211,20257000
2010-08-03,53.41999816894531,53.7599983215332,53.15999984741211,53.58000183105469,18383000
2010-08-04,53.5099983215332,53.77000045776367,53.220001220703125,53.630001068115234,15891400
2010-08-05,53.43000030517578,53.59000015258789,53.150001525878906,53.59000015258789,13158500
2010-08-06,53.27000045776367,53.79999923706055,53.09000015258789,53.75,18078700
2010-08-09,53.88999938964844,53.95000076293945,53.68000030517578,53.810001373291016,13579600
2010-08-10,52.880001068115234,53.630001068115234,52.58000183105469,53.380001068115234,20251800
2010-08-11,51.70000076293945,51.709999084472656,50.869998931884766,50.95000076293945,40518300
2010-08-12,50.5099983215332,51.04999923706055,50.5,50.88999938964844,22039000
2010-08-13,50.869998931884766,51.16999816894531,50.68999862670898,50.709999084472656,18869200
2010-08-16,50.720001220703125,51.310001373291016,50.58000183105469,51.119998931884766,16634800
2010-08-17,51.68999862670898,51.97999954223633,51.400001525878906,51.68999862670898,13630600
2010-08-18,51.83000183105469,52.02000045776367,51.459999084472656,51.66999816894531,14140600
2010-08-19,51.70000076293945,51.84000015258789,50.59999847412109,50.84000015258789,20836400
2010-08-20,50.29999923706055,50.41999816894531,50.0,50.310001373291016,16366900
2010-08-23,50.560001373291016,50.88999938964844,50.20000076293945,50.209999084472656,13331200
2010-08-24,49.52999877929688,49.86000061035156,49.15999984741211,49.52000045776367,21659600
2010-08-25,49.08000183105469,49.66999816894531,48.81999969482422,49.56999969482422,18816000
2010-08-26,49.84999847412109,50.13999938964844,49.400001525878906,49.54999923706055,16038800
2010-08-27,50.130001068115234,50.58000183105469,49.47999954223633,50.52000045776367,16814200
2010-08-30,50.18999862670898,50.400001525878906,49.77999877929688,49.790000915527344,17372300
2010-08-31,49.7400016784668,50.27000045776367,49.540000915527344,49.93999862670898,24164600
2010-09-01,51.15999984741211,51.900001525878906,51.060001373291016,51.720001220703125,25500500
2010-09-02,51.70000076293945,52.0099983215332,51.540000915527344,52.0099983215332,14665200
2010-09-03,52.43000030517578,52.650001525878906,52.150001525878906,52.4900016784668,16061700
2010-09-07,52.09999847412109,52.13999938964844,51.72999954223633,51.7599983215332,17975300
2010-09-08,52.11000061035156,52.540000915527344,52.08000183105469,52.15999984741211,13422600
2010-09-09,53.0,53.0,52.400001525878906,52.650001525878906,14184700
2010-09-10,52.66999816894531,52.86000061035156,52.59999847412109,52.810001373291016,10187700
2010-09-13,53.540000915527344,53.810001373291016,53.459999084472656,53.77000045776367,23197400
2010-09-14,53.58000183105469,54.34000015258789,53.41999816894531,54.130001068115234,20933000
2010-09-15,53.77999877929688,54.209999084472656,53.540000915527344,54.150001525878906,19914900
2010-09-16,53.7599983215332,54.02999877929688,53.61000061035156,53.88999938964844,18005000
2010-09-17,53.880001068115234,53.97999954223633,53.33000183105469,53.630001068115234,18965300
2010-09-20,53.90999984741211,54.65999984741211,53.77000045776367,54.560001373291016,17245100
2010-09-21,54.56999969482422,54.97999954223633,54.04999923706055,54.54999923706055,24148000
2010-09-22,54.720001220703125,55.0099983215332,54.31999969482422,54.470001220703125,21603200
2010-09-23,53.86000061035156,54.40999984741211,53.7599983215332,53.880001068115234,20424200
2010-09-24,54.93000030517578,55.47999954223633,54.88999938964844,55.380001068115234,21041700
2010-09-27,55.36000061035156,55.40999984741211,55.04999923706055,55.09999847412109,13161000
2010-09-28,55.220001220703125,55.54999923706055,54.63999938964844,55.41999816894531,30726600
2010-09-29,55.43000030517578,55.619998931884766,55.150001525878906,55.33000183105469,18717500
2010-09-30,55.61000061035156,55.810001373291016,54.630001068115234,54.91999816894531,30372500
2010-10-01,55.47999954223633,55.59000015258789,55.02000045776367,55.470001220703125,15814900
2010-10-04,54.9900016784668,55.209999084472656,54.459999084472656,54.66999816894531,14760400
2010-10-05,55.650001525878906,56.380001068115234,55.540000915527344,56.220001220703125,25199800
2010-10-06,56.470001220703125,56.709999084472656,56.34999847412109,56.68999862670898,24251900
2010-10-07,57.11000061035156,57.119998931884766,56.20000076293945,56.5,22281600
2010-10-08,56.619998931884766,56.970001220703125,56.43000030517578,56.869998931884766,16558500
2010-10-11,56.970001220703125,57.02999877929688,56.59999847412109,56.79999923706055,9960700
2010-10-12,56.36000061035156,56.83000183105469,55.95000076293945,56.68000030517578,13383900
2010-10-13,57.209999084472656,57.619998931884766,57.08000183105469,57.31999969482422,15517400
2010-10-14,57.72999954223633,57.93000030517578,57.380001068115234,57.720001220703125,16135400
2010-10-15,57.88999938964844,57.93000030517578,57.119998931884766,57.52999877929688,20830900
2010-10-18,57.41999816894531,57.90999984741211,57.25,57.65999984741211,12315200
2010-10-19,56.650001525878906,57.0099983215332,56.11000061035156,56.38999938964844,20471000
2010-10-20,56.72999954223633,57.66999816894531,56.68999862670898,57.45000076293945,15578900
2010-10-21,57.5,57.869998931884766,56.810001373291016,57.13999938964844,14836300
2010-10-22,57.40999984741211,57.5,57.119998931884766,57.290000915527344,12456000
2010-10-25,57.88999938964844,58.09999847412109,57.47999954223633,57.5099983215332,13979000
2010-10-26,56.88999938964844,57.20000076293945,56.75,57.13999938964844,14724600
2010-10-27,56.630001068115234,56.77000045776367,56.06999969482422,56.59000015258789,15964500
2010-10-28,57.18000030517578,57.20000076293945,56.720001220703125,57.02999877929688,15896800
2010-10-29,56.93999862670898,57.13999938964844,56.77000045776367,57.0099983215332,13268100
2010-11-01,57.09999847412109,57.29999923706055,56.5,56.79999923706055,14155000
2010-11-02,57.68000030517578,57.84999847412109,57.52999877929688,57.7400016784668,13020600
2010-11-03,57.81999969482422,58.13999938964844,57.16999816894531,58.13999938964844,24589500
2010-11-04,59.18999862670898,59.5099983215332,59.119998931884766,59.459999084472656,19768900
2010-11-05,59.150001525878906,59.43000030517578,58.900001525878906,59.20000076293945,14176200
2010-11-08,58.7400016784668,58.959999084472656,58.4900016784668,58.84000015258789,11752500
2010-11-09,59.20000076293945,59.34999847412109,58.04999923706055,58.25,17333500
2010-11-10,58.45000076293945,58.56999969482422,57.650001525878906,58.41999816894531,19340700
2010-11-11,57.84000015258789,58.0099983215332,57.59000015258789,57.91999816894531,21357400
2010-11-12,57.75,58.060001373291016,57.130001068115234,57.43999862670898,19040600
2010-11-15,57.83000183105469,57.93000030517578,57.38999938964844,57.400001525878906,15067500
2010-11-16,56.900001525878906,57.0,55.79999923706055,56.04999923706055,40455500
2010-11-17,56.34999847412109,56.66999816894531,56.220001220703125,56.36000061035156,22315000
2010-11-18,57.54999923706055,57.83000183105469,57.5,57.77000045776367,19343000
2010-11-19,57.310001373291016,57.79999923706055,57.02999877929688,57.77000045776367,14201100
2010-11-22,57.09999847412109,57.400001525878906,56.4900016784668,57.150001525878906,28197600
2010-11-23,55.869998931884766,56.06999969482422,55.290000915527344,55.43000030517578,22439100
2010-11-24,55.959999084472656,56.33000183105469,55.93999862670898,56.310001373291016,18834800
2010-11-26,55.369998931884766,55.68000030517578,55.27000045776367,55.369998931884766,8691400
2010-11-29,54.77000045776367,55.0099983215332,54.22999954223633,54.880001068115234,25857100
2010-11-30,53.880001068115234,54.540000915527344,53.84999847412109,54.2599983215332,26227300
2010-12-01,55.33000183105469,55.84000015258789,55.220001220703125,55.79999923706055,21834400
2010-12-02,55.68999862670898,56.900001525878906,55.63999938964844,56.86000061035156,22405800
2010-12-03,56.900001525878906,57.459999084472656,56.84999847412109,57.40999984741211,17799200
2010-12-06,56.900001525878906,57.2599983215332,56.810001373291016,57.150001525878906,15412000
2010-12-07,57.90999984741211,57.97999954223633,57.119998931884766,57.18000030517578,24787900
2010-12-08,57.2400016784668,57.560001373291016,56.900001525878906,57.34999847412109,13426500
2010-12-09,57.52000045776367,57.58000183105469,57.09000015258789,57.5,14969800
2010-12-10,57.459999084472656,57.68999862670898,57.220001220703125,57.630001068115234,13417000
2010-12-13,58.09000015258789,58.560001373291016,57.9900016784668,58.25,15149500
2010-12-14,58.36000061035156,58.709999084472656,58.220001220703125,58.34000015258789,16046600
2010-12-15,57.95000076293945,58.18999862670898,57.41999816894531,57.56999969482422,19335800
2010-12-16,57.59999847412109,57.97999954223633,57.40999984741211,57.88999938964844,15424700
2010-12-17,57.560001373291016,57.61000061035156,57.2599983215332,57.56999969482422,16830000
2010-12-20,57.84999847412109,57.86000061035156,57.45000076293945,57.70000076293945,12685600
2010-12-21,57.650001525878906,57.720001220703125,57.52000045776367,57.63999938964844,18172500
2010-12-22,57.650001525878906,57.7599983215332,57.54999923706055,57.75,9188800
2010-12-23,57.56999969482422,57.7599983215332,57.54999923706055,57.720001220703125,10404000
2010-12-27,57.380001068115234,57.619998931884766,57.27999877929688,57.59999847412109,6348600
2010-12-28,57.90999984741211,57.91999816894531,57.52000045776367,57.650001525878906,9601200
2010-12-29,58.0099983215332,58.290000915527344,57.93999862670898,58.150001525878906,9244900
2010-12-30,58.02999877929688,58.08000183105469,57.650001525878906,57.869998931884766,10546300
2010-12-31,57.869998931884766,58.619998931884766,57.84999847412109,58.220001220703125,28390800
2011-01-03,58.61000061035156,58.869998931884766,58.560001373291016,58.70000076293945,16245400
2011-01-04,58.95000076293945,58.97999954223633,58.22999954223633,58.52000045776367,14583100
2011-01-05,57.65999984741211,58.27000045776367,57.650001525878906,58.27000045776367,13008800
2011-01-06,58.310001373291016,58.34999847412109,57.470001220703125,57.59999847412109,23622100
2011-01-07,57.68999862670898,57.83000183105469,57.06999969482422,57.369998931884766,16347400
2011-01-10,56.970001220703125,57.34000015258789,56.720001220703125,57.27000045776367,12666500
2011-01-11,57.619998931884766,57.7599983215332,57.36000061035156,57.65999984741211,15014100
2011-01-12,58.34999847412109,58.93000030517578,58.25,58.93000030517578,20472100
2011-01-13,59.34000015258789,59.5099983215332,59.0,59.09000015258789,16441100
2011-01-14,58.91999816894531,59.5099983215332,58.880001068115234,59.45000076293945,21884200
2011-01-18,59.709999084472656,59.95000076293945,59.630001068115234,59.84000015258789,11977100
2011-01-19,60.02999877929688,60.06999969482422,59.2599983215332,59.43000030517578,19678600
2011-01-20,58.900001525878906,59.150001525878906,58.43999862670898,58.91999816894531,17207900
2011-01-21,59.41999816894531,59.540000915527344,59.08000183105469,59.2400016784668,13671500
2011-01-24,59.13999938964844,59.869998931884766,59.13999938964844,59.869998931884766,13494000
2011-01-25,59.38999938964844,59.7599983215332,59.20000076293945,59.75,13323300
2011-01-26,60.02999877929688,60.2400016784668,59.84999847412109,60.130001068115234,20444700
2011-01-27,60.18999862670898,60.40999984741211,59.93999862670898,60.27000045776367,11889000
2011-01-28,59.90999984741211,60.08000183105469,58.810001373291016,58.93000030517578,18244200
2011-01-31,59.40999984741211,59.68999862670898,59.27000045776367,59.43999862670898,20763600
2011-02-01,60.20000076293945,60.970001220703125,60.119998931884766,60.84999847412109,25762500
2011-02-02,60.720001220703125,60.970001220703125,60.619998931884766,60.79999923706055,17063200
2011-02-03,60.5099983215332,60.84000015258789,60.06999969482422,60.810001373291016,11593300
2011-02-04,60.61000061035156,60.810001373291016,60.22999954223633,60.790000915527344,12648400
2011-02-07,60.65999984741211,61.060001373291016,60.630001068115234,60.97999954223633,13215000
2011-02-08,61.040000915527344,61.400001525878906,60.83000183105469,61.380001068115234,14437700
2011-02-09,61.02999877929688,61.31999969482422,60.869998931884766,61.20000076293945,17360700
2011-02-10,60.36000061035156,60.81999969482422,60.18000030517578,60.79999923706055,13190600
2011-02-11,60.2599983215332,60.93000030517578,60.25,60.83000183105469,12115100
2011-02-14,60.70000076293945,61.02999877929688,60.63999938964844,60.95000076293945,9851200
2011-02-15,60.88999938964844,60.95000076293945,60.630001068115234,60.77000045776367,14695100
2011-02-16,61.0,61.560001373291016,60.93999862670898,61.5,14665300
2011-02-17,61.36000061035156,61.86000061035156,61.33000183105469,61.709999084472656,15745900
2011-02-18,61.70000076293945,61.97999954223633,61.56999969482422,61.91999816894531,10151400
2011-02-22,60.630001068115234,61.09000015258789,60.09000015258789,60.150001525878906,24077500
2011-02-23,60.41999816894531,60.630001068115234,59.869998931884766,60.22999954223633,18757300
2011-02-24,60.34999847412109,60.52000045776367,59.79999923706055,60.27999877929688,17689600
2011-02-25,60.68999862670898,61.040000915527344,60.650001525878906,61.0,15585300
2011-02-28,61.619998931884766,61.79999923706055,61.2599983215332,61.54999923706055,19750700
2011-03-01,61.7599983215332,61.79999923706055,60.650001525878906,60.68999862670898,20476500
2011-03-02,60.810001373291016,61.29999923706055,60.7400016784668,61.0099983215332,17851200
2011-03-03,61.52999877929688,61.810001373291016,61.27000045776367,61.790000915527344,16087800
2011-03-04,61.56999969482422,61.68999862670898,60.81999969482422,61.22999954223633,18174100
2011-03-07,61.4900016784668,61.630001068115234,60.47999954223633,60.63999938964844,16467500
2011-03-08,60.540000915527344,61.02999877929688,60.209999084472656,60.83000183105469,13435000
2011-03-09,60.84000015258789,60.9900016784668,60.58000183105469,60.84999847412109,13058500
2011-03-10,59.7400016784668,59.75,59.25,59.34000015258789,24970100
2011-03-11,58.84000015258789,59.4900016784668,58.84000015258789,59.34000015258789,17713200
2011-03-14,57.869998931884766,58.33000183105469,57.63999938964844,58.27999877929688,31231300
2011-03-15,55.20000076293945,57.380001068115234,55.04999923706055,57.060001373291016,43537200
2011-03-16,56.66999816894531,56.86000061035156,54.09999847412109,55.290000915527344,40797800
2011-03-17,57.220001220703125,57.45000076293945,56.77000045776367,57.130001068115234,30662400
2011-03-18,57.9900016784668,58.09999847412109,57.650001525878906,57.91999816894531,44500400
2011-03-21,58.970001220703125,59.43999862670898,58.83000183105469,59.34999847412109,24131500
2011-03-22,59.310001373291016,59.36000061035156,58.88999938964844,59.18000030517578,16722000
2011-03-23,58.81999969482422,59.40999984741211,58.59000015258789,59.25,17400800
2011-03-24,59.5099983215332,60.040000915527344,59.34000015258789,60.040000915527344,14473700
2011-03-25,59.58000183105469,59.86000061035156,59.36000061035156,59.380001068115234,12687500
2011-03-28,59.54999923706055,59.7400016784668,59.310001373291016,59.34999847412109,11879900
2011-03-29,59.20000076293945,59.66999816894531,58.97999954223633,59.65999984741211,14375800
2011-03-30,60.09000015258789,60.43999862670898,59.959999084472656,60.369998931884766,13689000
2011-03-31,60.0,60.290000915527344,59.84000015258789,60.08000183105469,21688400
2011-04-01,60.18999862670898,60.72999954223633,59.91999816894531,60.650001525878906,15132800
2011-04-04,60.81999969482422,60.86000061035156,60.4900016784668,60.72999954223633,19410800
2011-04-05,60.209999084472656,60.77000045776367,60.15999984741211,60.58000183105469,14536800
2011-04-06,60.83000183105469,61.15999984741211,60.79999923706055,61.08000183105469,14204000
2011-04-07,60.93000030517578,61.130001068115234,60.43000030517578,60.77999877929688,16050000
2011-04-08,61.5,61.59000015258789,61.11000061035156,61.27999877929688,12447100
2011-04-11,61.43999862670898,61.61000061035156,61.02999877929688,61.15999984741211,10165800
2011-04-12,60.880001068115234,60.95000076293945,60.40999984741211,60.59000015258789,14527800
2011-04-13,61.25,61.290000915527344,60.61000061035156,60.77000045776367,14659800
2011-04-14,60.58000183105469,61.13999938964844,60.40999984741211,61.040000915527344,15109800
2011-04-15,60.84000015258789,61.060001373291016,60.59999847412109,60.95000076293945,14660500
2011-04-18,59.61000061035156,59.81999969482422,59.02999877929688,59.70000076293945,20667200
2011-04-19,60.02000045776367,60.22999954223633,59.83000183105469,60.13999938964844,11675700
2011-04-20,61.540000915527344,61.72999954223633,61.43000030517578,61.66999816894531,16665900
2011-04-21,62.119998931884766,62.16999816894531,61.86000061035156,62.06999969482422,12811800
2011-04-25,62.13999938964844,62.18999862670898,61.83000183105469,62.06999969482422,11593100
2011-04-26,62.22999954223633,62.65999984741211,62.11000061035156,62.54999923706055,11400000
2011-04-27,62.7599983215332,63.38999938964844,62.34999847412109,63.33000183105469,16032300
2011-04-28,63.290000915527344,63.790000915527344,63.27999877929688,63.7599983215332,19808900
2011-04-29,63.790000915527344,64.06999969482422,63.459999084472656,63.459999084472656,17700000
2011-05-02,64.12999725341797,64.3499984741211,63.77999877929688,63.869998931884766,18704300
2011-05-03,63.650001525878906,63.83000183105469,63.060001373291016,63.34999847412109,14222300
2011-05-04,63.43000030517578,63.43999862670898,62.59000015258789,62.810001373291016,18561500
2011-05-05,62.11000061035156,62.27999877929688,61.31999969482422,61.56999969482422,25543500
2011-05-06,62.43000030517578,62.650001525878906,61.2599983215332,61.59999847412109,24517800
2011-05-09,61.619998931884766,62.09000015258789,61.36000061035156,62.040000915527344,17228200
2011-05-10,62.25,62.65999984741211,62.119998931884766,62.630001068115234,15708200
2011-05-11,62.29999923706055,62.369998931884766,61.130001068115234,61.369998931884766,33177300
2011-05-12,61.18000030517578,61.86000061035156,60.79999923706055,61.56999969482422,22162200
2011-05-13,61.45000076293945,61.4900016784668,60.27999877929688,60.61000061035156,20874000
2011-05-16,60.45000076293945,61.15999984741211,60.310001373291016,60.5,19340700
2011-05-17,60.18000030517578,60.65999984741211,59.900001525878906,60.630001068115234,18296900
2011-05-18,60.560001373291016,61.18000030517578,60.41999816894531,61.0,12848200
2011-05-19,61.18000030517578,61.41999816894531,60.810001373291016,61.34999847412109,10888100
2011-05-20,60.93000030517578,61.0,60.25,60.47999954223633,18552000
2011-05-23,59.08000183105469,59.33000183105469,58.81999969482422,59.08000183105469,20519400
2011-05-24,59.56999969482422,59.77000045776367,59.2400016784668,59.41999816894531,17309500
2011-05-25,59.2400016784668,59.959999084472656,59.20000076293945,59.79999923706055,15848600
2011-05-26,60.060001373291016,60.5099983215332,59.709999084472656,60.36000061035156,18511100
2011-05-27,60.68000030517578,60.9900016784668,60.59000015258789,60.79999923706055,17160100
2011-05-31,61.810001373291016,62.060001373291016,61.45000076293945,62.060001373291016,33441600
2011-06-01,61.720001220703125,61.790000915527344,60.52000045776367,60.59000015258789,25264400
2011-06-02,60.880001068115234,61.02000045776367,60.2400016784668,60.900001525878906,19489600
2011-06-03,60.27999877929688,61.27999877929688,60.2599983215332,60.93000030517578,21376300
2011-06-06,60.77999877929688,60.83000183105469,60.09999847412109,60.13999938964844,16339800
2011-06-07,60.900001525878906,61.13999938964844,60.65999984741211,60.68999862670898,23850300
2011-06-08,60.2400016784668,60.43999862670898,59.81999969482422,59.90999984741211,18499300
2011-06-09,60.11000061035156,60.68000030517578,59.970001220703125,60.52999877929688,14991000
2011-06-10,60.0,60.02000045776367,58.95000076293945,59.130001068115234,23965600
2011-06-13,59.34999847412109,59.58000183105469,58.88999938964844,59.220001220703125,26144800
2011-06-14,60.06999969482422,60.43999862670898,60.02000045776367,60.27000045776367,16389900
2011-06-15,59.08000183105469,59.310001373291016,58.150001525878906,58.290000915527344,26678400
2011-06-16,58.02000045776367,58.40999984741211,57.59000015258789,58.09000015258789,21331500
2011-06-17,58.880001068115234,58.959999084472656,58.5099983215332,58.65999984741211,22489900
2011-06-20,58.2400016784668,58.75,58.2400016784668,58.59000015258789,16304000
2011-06-21,59.15999984741211,59.88999938964844,59.09000015258789,59.86000061035156,17407400
2011-06-22,58.41999816894531,58.77000045776367,58.119998931884766,58.150001525878906,20975200
2011-06-23,57.060001373291016,57.68000030517578,56.70000076293945,57.650001525878906,22617400
2011-06-24,57.68000030517578,57.70000076293945,57.0099983215332,57.09999847412109,18681900
2011-06-27,57.060001373291016,57.720001220703125,56.93999862670898,57.56999969482422,16916400
2011-06-28,57.81999969482422,58.310001373291016,57.75,58.2599983215332,20936100
2011-06-29,58.900001525878906,59.33000183105469,58.560001373291016,59.27999877929688,28707600
2011-06-30,59.56999969482422,60.33000183105469,59.47999954223633,60.13999938964844,30800700
2011-07-01,60.04999923706055,60.86000061035156,59.880001068115234,60.79999923706055,17093200
2011-07-05,60.540000915527344,60.720001220703125,60.27999877929688,60.43999862670898,17598300
2011-07-06,59.93000030517578,60.150001525878906,59.63999938964844,60.060001373291016,12980200
2011-07-07,60.40999984741211,60.709999084472656,60.31999969482422,60.58000183105469,15687200
2011-07-08,59.91999816894531,60.150001525878906,59.5,59.83000183105469,17211100
2011-07-11,58.5099983215332,58.65999984741211,57.90999984741211,58.02000045776367,25138000
2011-07-12,57.66999816894531,58.290000915527344,57.560001373291016,57.630001068115234,17446900
2011-07-13,58.27999877929688,59.08000183105469,58.150001525878906,58.4900016784668,22333600
2011-07-14,58.79999923706055,58.91999816894531,57.84999847412109,57.97999954223633,24454000
2011-07-15,58.27000045776367,58.4900016784668,57.88999938964844,58.18000030517578,20163000
2011-07-18,57.43999862670898,57.61000061035156,56.84999847412109,57.31999969482422,23639200
2011-07-19,57.810001373291016,58.31999969482422,57.810001373291016,58.18000030517578,20782400
2011-07-20,58.70000076293945,58.95000076293945,58.38999938964844,58.869998931884766,15577400
2011-07-21,59.470001220703125,60.220001220703125,59.369998931884766,60.119998931884766,26791900
2011-07-22,60.15999984741211,60.25,59.72999954223633,60.18000030517578,11854600
2011-07-25,59.79999923706055,60.06999969482422,59.66999816894531,59.79999923706055,15580200
2011-07-26,60.119998931884766,60.369998931884766,59.84999847412109,60.15999984741211,14454200
2011-07-27,59.77000045776367,59.790000915527344,58.59000015258789,58.70000076293945,29604200
2011-07-28,58.61000061035156,59.15999984741211,58.5,58.560001373291016,17540500
2011-07-29,58.459999084472656,59.2400016784668,58.220001220703125,58.709999084472656,28563800
2011-08-01,59.369998931884766,59.400001525878906,57.5,57.970001220703125,26159000
2011-08-02,57.310001373291016,57.810001373291016,56.43000030517578,56.43999862670898,25546200
2011-08-03,56.79999923706055,56.88999938964844,55.790000915527344,56.77000045776367,36176300
2011-08-04,54.88999938964844,55.0099983215332,52.7400016784668,52.810001373291016,39911200
2011-08-05,54.0099983215332,54.209999084472656,51.77999877929688,53.7400016784668,61793400
2011-08-08,51.720001220703125,52.40999984741211,49.630001068115234,49.72999954223633,53894700
2011-08-09,51.68000030517578,53.08000183105469,50.18999862670898,53.08000183105469,55660900
2011-08-10,51.630001068115234,51.68000030517578,49.84000015258789,49.90999984741211,43347500
2011-08-11,50.15999984741211,52.68000030517578,50.08000183105469,52.29999923706055,35724500
2011-08-12,52.84999847412109,53.310001373291016,52.20000076293945,52.900001525878906,26243500
2011-08-15,53.540000915527344,54.13999938964844,53.52999877929688,54.130001068115234,20913700
2011-08-16,53.18999862670898,53.959999084472656,52.790000915527344,53.34000015258789,23238300
2011-08-17,53.84999847412109,54.29999923706055,53.33000183105469,53.650001525878906,20680200
2011-08-18,51.70000076293945,51.81999969482422,50.59000015258789,51.040000915527344,32657800
2011-08-19,50.43999862670898,51.68999862670898,50.09999847412109,50.16999816894531,29395100
2011-08-22,51.720001220703125,51.7599983215332,50.45000076293945,50.4900016784668,23408300
2011-08-23,51.09000015258789,52.18000030517578,50.7599983215332,52.130001068115234,24830200
2011-08-24,51.709999084472656,52.45000076293945,51.41999816894531,52.150001525878906,18042600
2011-08-25,52.02000045776367,52.22999954223633,50.72999954223633,50.88999938964844,18597700
2011-08-26,50.720001220703125,51.86000061035156,50.15999984741211,51.68999862670898,26600900
2011-08-29,52.43999862670898,52.95000076293945,52.41999816894531,52.91999816894531,18267000
2011-08-30,52.33000183105469,52.84999847412109,51.93000030517578,52.61000061035156,16811400
2011-08-31,53.45000076293945,53.900001525878906,53.220001220703125,53.56999969482422,29114100
2011-09-01,53.310001373291016,53.79999923706055,52.90999984741211,52.90999984741211,21110800
2011-09-02,51.95000076293945,52.27000045776367,51.619998931884766,51.72999954223633,23310400
2011-09-06,49.29999923706055,50.060001373291016,49.150001525878906,50.02999877929688,27238100
2011-09-07,50.72999954223633,51.52999877929688,50.56999969482422,51.52000045776367,18331400
2011-09-08,50.790000915527344,51.38999938964844,50.369998931884766,50.5,17412400
2011-09-09,49.52999877929688,49.72999954223633,48.540000915527344,48.75,23270800
2011-09-12,47.7599983215332,48.560001373291016,47.40999984741211,48.540000915527344,31133200
2011-09-13,48.540000915527344,49.22999954223633,48.369998931884766,49.060001373291016,27622400
2011-09-14,49.22999954223633,50.18000030517578,48.40999984741211,49.79999923706055,26017000
2011-09-15,50.56999969482422,50.91999816894531,50.209999084472656,50.880001068115234,36415500
2011-09-16,50.970001220703125,51.130001068115234,50.36000061035156,50.900001525878906,19035400
2011-09-19,49.209999084472656,49.83000183105469,48.900001525878906,49.5,22184900
2011-09-20,49.709999084472656,50.2400016784668,49.310001373291016,49.70000076293945,27969100
2011-09-21,49.650001525878906,49.84000015258789,48.20000076293945,48.220001220703125,74730700
2011-09-22,46.709999084472656,47.0,46.08000183105469,46.65999984741211,49431400
2011-09-23,46.29999923706055,47.27999877929688,46.22999954223633,47.18999862670898,39581500
2011-09-26,47.5,48.20000076293945,46.79999923706055,48.15999984741211,24237700
2011-09-27,49.52999877929688,50.15999984741211,49.060001373291016,49.34999847412109,35316000
2011-09-28,49.630001068115234,49.900001525878906,48.45000076293945,48.5099983215332,32537000
2011-09-29,49.810001373291016,49.9900016784668,48.75,49.459999084472656,29540100
2011-09-30,48.25,48.65999984741211,47.75,47.77999877929688,29785700
2011-10-03,47.310001373291016,47.97999954223633,46.5,46.52000045776367,31113700
2011-10-04,46.02000045776367,47.310001373291016,45.45000076293945,47.29999923706055,37700000
2011-10-05,47.2400016784668,48.08000183105469,46.880001068115234,48.02999877929688,33843200
2011-10-06,48.0,49.34999847412109,47.86000061035156,49.31999969482422,30835600
2011-10-07,49.56999969482422,49.83000183105469,48.86000061035156,48.97999954223633,32306700
2011-10-10,50.150001525878906,50.88999938964844,50.150001525878906,50.84999847412109,22300800
2011-10-11,50.16999816894531,50.81999969482422,50.09000015258789,50.7599983215332,22967800
2011-10-12,51.45000076293945,52.0,51.369998931884766,51.5,40438500
2011-10-13,51.18000030517578,51.56999969482422,50.7400016784668,51.52000045776367,16967200
2011-10-14,52.0099983215332,52.209999084472656,51.630001068115234,52.119998931884766,16226500
2011-10-17,51.720001220703125,51.7400016784668,50.790000915527344,50.91999816894531,15645500
2011-10-18,50.81999969482422,52.02000045776367,50.22999954223633,51.650001525878906,27807500
2011-10-19,51.36000061035156,51.540000915527344,50.63999938964844,50.720001220703125,18229900
2011-10-20,50.869998931884766,50.93999862670898,50.060001373291016,50.84999847412109,23120200
2011-10-21,51.65999984741211,52.11000061035156,51.58000183105469,52.08000183105469,21149500
2011-10-24,52.060001373291016,52.95000076293945,52.04999923706055,52.86000061035156,16040000
2011-10-25,52.5099983215332,52.58000183105469,51.7599983215332,51.95000076293945,25668900
2011-10-26,52.84000015258789,52.95000076293945,51.61000061035156,52.65999984741211,19159800
2011-10-27,55.060001373291016,55.869998931884766,54.58000183105469,55.56999969482422,27559600
2011-10-28,54.869998931884766,55.2599983215332,54.72999954223633,55.25,41372400
2011-10-31,53.63999938964844,53.68000030517578,52.369998931884766,52.380001068115234,29378700
2011-11-01,50.27000045776367,51.310001373291016,50.150001525878906,50.7400016784668,34733100
2011-11-02,51.15999984741211,51.560001373291016,50.86000061035156,51.16999816894531,24423500
2011-11-03,51.9900016784668,52.650001525878906,51.220001220703125,52.459999084472656,23891000
2011-11-04,51.84999847412109,52.040000915527344,51.209999084472656,51.79999923706055,23089500
2011-11-07,51.7400016784668,52.11000061035156,51.34999847412109,52.02000045776367,21383700
2011-11-08,52.29999923706055,52.79999923706055,51.81999969482422,52.650001525878906,22483600
2011-11-09,50.68999862670898,50.84000015258789,49.83000183105469,49.95000076293945,28669400
2011-11-10,50.95000076293945,50.9900016784668,50.040000915527344,50.540000915527344,25065000
2011-11-11,51.33000183105469,51.959999084472656,51.29999923706055,51.79999923706055,19095800
2011-11-14,51.18999862670898,51.33000183105469,50.63999938964844,50.880001068115234,16886200
2011-11-15,50.720001220703125,51.060001373291016,50.34000015258789,50.7400016784668,23477400
2011-11-16,50.20000076293945,50.66999816894531,49.75,49.77000045776367,26147100
2011-11-17,50.0099983215332,50.220001220703125,49.02999877929688,49.22999954223633,28385300
2011-11-18,49.810001373291016,49.84000015258789,49.29999923706055,49.400001525878906,16813600
2011-11-21,48.38999938964844,48.45000076293945,47.790000915527344,48.150001525878906,25465000
2011-11-22,48.09999847412109,48.310001373291016,47.720001220703125,48.0099983215332,29937500
2011-11-23,47.40999984741211,47.470001220703125,46.63999938964844,46.68999862670898,27206700
2011-11-25,46.59999847412109,47.11000061035156,46.45000076293945,46.45000076293945,10871200
2011-11-28,48.470001220703125,48.619998931884766,48.119998931884766,48.43000030517578,21753000
2011-11-29,48.65999984741211,49.0,48.470001220703125,48.75,23035900
2011-11-30,50.68999862670898,51.29999923706055,50.58000183105469,51.2400016784668,43525100
2011-12-01,50.97999954223633,51.36000061035156,50.630001068115234,50.79999923706055,19770900
2011-12-02,51.459999084472656,51.47999954223633,50.77000045776367,50.790000915527344,17848000
2011-12-05,51.7599983215332,51.810001373291016,51.060001373291016,51.369998931884766,18107200
2011-12-06,51.08000183105469,51.470001220703125,50.95000076293945,51.130001068115234,21382100
2011-12-07,50.790000915527344,51.70000076293945,50.56999969482422,51.4900016784668,29174100
2011-12-08,50.77999877929688,50.86000061035156,49.7400016784668,49.79999923706055,26351100
2011-12-09,50.2599983215332,51.06999969482422,50.2400016784668,51.040000915527344,20706100
2011-12-12,49.95000076293945,49.959999084472656,49.2599983215332,49.54999923706055,23868300
2011-12-13,49.77999877929688,50.13999938964844,48.650001525878906,48.880001068115234,33861500
2011-12-14,48.59999847412109,48.77999877929688,48.13999938964844,48.29999923706055,28164100
2011-12-15,48.880001068115234,48.95000076293945,48.369998931884766,48.540000915527344,25474900
2011-12-16,48.70000076293945,48.84999847412109,48.119998931884766,48.34000015258789,28537100
2011-12-19,48.58000183105469,48.66999816894531,47.83000183105469,47.88999938964844,21443400
2011-12-20,48.41999816894531,49.040000915527344,48.400001525878906,48.9900016784668,34746000
2011-12-21,48.66999816894531,48.790000915527344,48.290000915527344,48.72999954223633,27654000
2011-12-22,48.7400016784668,49.18999862670898,48.68999862670898,49.16999816894531,25753700
2011-12-23,49.25,49.5099983215332,49.13999938964844,49.5099983215332,14901700
2011-12-27,49.34000015258789,49.400001525878906,49.20000076293945,49.290000915527344,14440000
2011-12-28,49.150001525878906,49.16999816894531,48.38999938964844,48.400001525878906,20384600
2011-12-29,48.54999923706055,49.34999847412109,48.5,49.290000915527344,25565500
2011-12-30,49.27000045776367,49.59999847412109,49.22999954223633,49.52999877929688,32979100
2012-01-03,50.540000915527344,51.02000045776367,50.5099983215332,50.880001068115234,33352000
2012-01-04,50.56999969482422,50.66999816894531,50.20000076293945,50.58000183105469,14692800
2012-01-05,49.75,49.900001525878906,49.459999084472656,49.83000183105469,16354900
2012-01-06,49.650001525878906,49.68000030517578,49.06999969482422,49.150001525878906,28504800
2012-01-09,49.45000076293945,49.45000076293945,48.9900016784668,49.34000015258789,12756100
2012-01-10,50.18000030517578,50.220001220703125,49.970001220703125,50.09000015258789,13409900
2012-01-11,49.68999862670898,49.970001220703125,49.4900016784668,49.93000030517578,13372300
2012-01-12,50.13999938964844,50.25,49.77000045776367,50.13999938964844,13774400
2012-01-13,49.56999969482422,49.63999938964844,49.04999923706055,49.59999847412109,17154100
2012-01-17,50.25,50.5,50.130001068115234,50.18999862670898,19915900
2012-01-18,50.4900016784668,51.06999969482422,50.43000030517578,51.02999877929688,15999300
2012-01-19,51.38999938964844,52.18999862670898,51.18000030517578,51.65999984741211,17256900
2012-01-20,51.59000015258789,51.93000030517578,51.540000915527344,51.93000030517578,23922600
2012-01-23,52.02000045776367,52.34999847412109,51.93999862670898,52.130001068115234,18529000
2012-01-24,51.58000183105469,51.93000030517578,51.400001525878906,51.84000015258789,18320600
2012-01-25,51.59999847412109,52.5099983215332,51.380001068115234,52.380001068115234,24497400
2012-01-26,52.880001068115234,52.97999954223633,52.290000915527344,52.400001525878906,20276800
2012-01-27,52.2400016784668,52.619998931884766,52.2400016784668,52.4900016784668,22868700
2012-01-30,51.650001525878906,51.97999954223633,51.560001373291016,51.869998931884766,21139400
2012-01-31,52.41999816894531,52.41999816894531,51.83000183105469,52.13999938964844,26358300
2012-02-01,52.84000015258789,53.2400016784668,52.790000915527344,52.959999084472656,28274600
2012-02-02,53.08000183105469,53.290000915527344,52.91999816894531,53.06999969482422,19337400
2012-02-03,53.41999816894531,53.93000030517578,53.34999847412109,53.900001525878906,15187000
2012-02-06,53.369998931884766,53.70000076293945,53.31999969482422,53.63999938964844,15349200
2012-02-07,53.68000030517578,54.0099983215332,53.41999816894531,53.970001220703125,26462700
2012-02-08,54.09999847412109,54.290000915527344,53.83000183105469,54.15999984741211,13873200
2012-02-09,54.369998931884766,54.43000030517578,54.02000045776367,54.29999923706055,16265900
2012-02-10,53.29999923706055,53.43000030517578,53.11000061035156,53.27000045776367,19405700
2012-02-13,53.93000030517578,54.0,53.66999816894531,53.880001068115234,16406900
2012-02-14,53.630001068115234,53.72999954223633,53.11000061035156,53.47999954223633,17037300
2012-02-15,53.93000030517578,53.95000076293945,53.459999084472656,53.540000915527344,25177100
2012-02-16,53.400001525878906,54.310001373291016,53.34999847412109,54.27999877929688,17583900
2012-02-17,54.59000015258789,54.59999847412109,54.220001220703125,54.52000045776367,14472400
2012-02-21,54.709999084472656,54.90999984741211,54.45000076293945,54.52999877929688,17594800
2012-02-22,54.43000030517578,54.59000015258789,54.25,54.369998931884766,15857800
2012-02-23,54.43000030517578,54.86000061035156,54.18999862670898,54.81999969482422,12721100
2012-02-24,55.04999923706055,55.310001373291016,55.040000915527344,55.150001525878906,25346500
2012-02-27,54.40999984741211,55.0099983215332,54.290000915527344,54.869998931884766,20054200
2012-02-28,55.02999877929688,55.400001525878906,54.880001068115234,55.380001068115234,16619300
2012-02-29,55.4900016784668,55.63999938964844,54.630001068115234,54.65999984741211,33950800
2012-03-01,54.959999084472656,55.34999847412109,54.91999816894531,55.27999877929688,20340800
2012-03-02,54.88999938964844,54.93000030517578,54.59999847412109,54.77000045776367,14435600
2012-03-05,54.65999984741211,54.66999816894531,54.310001373291016,54.47999954223633,10047900
2012-03-06,53.20000076293945,53.25,52.59000015258789,52.7400016784668,21589300
2012-03-07,53.119998931884766,53.45000076293945,52.79999923706055,53.38999938964844,18013000
2012-03-08,54.2400016784668,54.77000045776367,54.09000015258789,54.540000915527344,21590500
2012-03-09,54.27999877929688,54.52999877929688,54.15999984741211,54.36000061035156,23096900
2012-03-12,54.15999984741211,54.290000915527344,53.88999938964844,54.220001220703125,13724200
2012-03-13,54.43000030517578,55.11000061035156,54.36000061035156,55.09999847412109,24475900
2012-03-14,54.9900016784668,55.06999969482422,54.45000076293945,54.61000061035156,18872700
2012-03-15,54.79999923706055,55.20000076293945,54.650001525878906,55.130001068115234,13721000
2012-03-16,55.540000915527344,55.720001220703125,55.459999084472656,55.5099983215332,15837000
2012-03-19,55.34000015258789,55.90999984741211,55.310001373291016,55.79999923706055,17182000
2012-03-20,55.02000045776367,55.220001220703125,54.790000915527344,55.13999938964844,14092600
2012-03-21,54.93000030517578,54.959999084472656,54.54999923706055,54.77999877929688,16614400
2012-03-22,54.20000076293945,54.5,54.130001068115234,54.400001525878906,17106600
2012-03-23,54.34999847412109,54.790000915527344,54.060001373291016,54.77999877929688,14777400
2012-03-26,55.18999862670898,55.5099983215332,55.18000030517578,55.47999954223633,19961800
2012-03-27,55.560001373291016,55.560001373291016,55.11000061035156,55.130001068115234,14826100
2012-03-28,55.150001525878906,55.18999862670898,54.470001220703125,54.75,20448500
2012-03-29,54.209999084472656,54.459999084472656,53.970001220703125,54.400001525878906,25848400
2012-03-30,54.84000015258789,54.93999862670898,54.5,54.88999938964844,22341500
2012-04-02,54.63999938964844,55.68000030517578,54.52999877929688,55.52999877929688,25434800
2012-04-03,55.209999084472656,55.2400016784668,54.25,54.560001373291016,20840000
2012-04-04,53.4900016784668,53.59999847412109,53.04999923706055,53.34000015258789,20326700
2012-04-05,52.869998931884766,53.33000183105469,52.86000061035156,53.02000045776367,13507000
2012-04-09,52.459999084472656,52.959999084472656,52.43999862670898,52.790000915527344,12950500
2012-04-10,52.61000061035156,52.7599983215332,51.650001525878906,51.65999984741211,25615800
2012-04-11,52.650001525878906,52.7400016784668,52.31999969482422,52.380001068115234,22972100
2012-04-12,52.630001068115234,53.40999984741211,52.59999847412109,53.34000015258789,21024400
2012-04-13,52.869998931884766,52.869998931884766,52.25,52.31999969482422,27100500
2012-04-16,52.72999954223633,52.91999816894531,52.290000915527344,52.70000076293945,20447400
2012-04-17,53.18999862670898,53.66999816894531,52.9900016784668,53.540000915527344,12959800
2012-04-18,53.16999816894531,53.5099983215332,53.08000183105469,53.2599983215332,19804600
2012-04-19,53.22999954223633,53.52999877929688,52.66999816894531,52.93999862670898,27862900
2012-04-20,53.31999969482422,53.630001068115234,53.290000915527344,53.45000076293945,15499300
2012-04-23,52.40999984741211,52.5,52.040000915527344,52.380001068115234,23904000
2012-04-24,52.61000061035156,53.04999923706055,52.58000183105469,52.79999923706055,14529100
2012-04-25,53.41999816894531,53.58000183105469,53.18000030517578,53.52000045776367,21423800
2012-04-26,53.29999923706055,53.93000030517578,53.2400016784668,53.84000015258789,13428200
2012-04-27,54.0,54.15999984741211,53.72999954223633,54.060001373291016,16016300
2012-04-30,53.81999969482422,53.84999847412109,53.52999877929688,53.75,16865300
2012-05-01,53.630001068115234,54.220001220703125,53.58000183105469,53.970001220703125,15437300
2012-05-02,53.310001373291016,53.630001068115234,53.09999847412109,53.54999923706055,15890700
2012-05-03,53.43999862670898,53.52999877929688,52.97999954223633,53.08000183105469,14260300
2012-05-04,52.79999923706055,52.880001068115234,52.220001220703125,52.27000045776367,20026500
2012-05-07,52.27000045776367,52.70000076293945,52.22999954223633,52.650001525878906,21882700
2012-05-08,52.02999877929688,52.08000183105469,51.290000915527344,51.84000015258789,21062600
2012-05-09,50.84000015258789,51.52000045776367,50.61000061035156,51.2400016784668,31090500
2012-05-10,51.75,51.81999969482422,51.400001525878906,51.47999954223633,15309000
2012-05-11,50.880001068115234,51.61000061035156,50.880001068115234,51.15999984741211,14493200
2012-05-14,50.36000061035156,50.58000183105469,50.18000030517578,50.18000030517578,22125400
2012-05-15,49.900001525878906,50.150001525878906,49.4900016784668,49.54999923706055,18011800
2012-05-16,49.560001373291016,49.81999969482422,49.02000045776367,49.060001373291016,23983300
2012-05-17,49.0,49.060001373291016,48.45000076293945,48.459999084472656,26475900
2012-05-18,48.68000030517578,48.68999862670898,47.68000030517578,48.11000061035156,21407900
2012-05-21,48.5,49.20000076293945,48.380001068115234,49.16999816894531,22460000
2012-05-22,49.20000076293945,49.58000183105469,48.77999877929688,48.9900016784668,17114800
2012-05-23,48.41999816894531,48.59000015258789,47.75,48.59000015258789,42276400
2012-05-24,48.52999877929688,48.65999984741211,47.9900016784668,48.27000045776367,27309500
2012-05-25,48.02999877929688,48.34999847412109,48.02000045776367,48.09999847412109,13397100
2012-05-29,48.68999862670898,48.93999862670898,48.310001373291016,48.709999084472656,22042200
2012-05-30,47.970001220703125,47.97999954223633,47.5099983215332,47.560001373291016,19349900
2012-05-31,47.77000045776367,47.91999816894531,47.220001220703125,47.7599983215332,41638100
2012-06-01,46.93000030517578,47.13999938964844,46.52999877929688,46.54999923706055,34294700
2012-06-04,46.9900016784668,47.13999938964844,46.59999847412109,46.93999862670898,19574500
2012-06-05,46.90999984741211,47.31999969482422,46.869998931884766,47.27999877929688,20139100
2012-06-06,47.65999984741211,48.619998931884766,47.61000061035156,48.59999847412109,19868200
2012-06-07,49.27000045776367,49.290000915527344,48.560001373291016,48.66999816894531,18578800
2012-06-08,47.93999862670898,48.560001373291016,47.79999923706055,48.5099983215332,14439600
2012-06-11,49.02000045776367,49.040000915527344,47.9900016784668,48.040000915527344,19296200
2012-06-12,48.5,48.86000061035156,48.09000015258789,48.84000015258789,16053900
2012-06-13,48.470001220703125,48.91999816894531,48.31999969482422,48.45000076293945,16202800
2012-06-14,48.41999816894531,48.9900016784668,48.29999923706055,48.810001373291016,14670400
2012-06-15,49.09999847412109,49.560001373291016,48.9900016784668,49.5,20066100
2012-06-18,49.2400016784668,49.5,49.11000061035156,49.36000061035156,19122200
2012-06-19,49.869998931884766,50.5099983215332,49.810001373291016,50.18000030517578,23104500
2012-06-20,50.41999816894531,50.83000183105469,50.04999923706055,50.470001220703125,27983500
2012-06-21,49.22999954223633,49.33000183105469,47.9900016784668,48.02999877929688,25741600
2012-06-22,48.5099983215332,48.56999969482422,48.130001068115234,48.43999862670898,16488100
2012-06-25,47.630001068115234,47.650001525878906,47.25,47.36000061035156,32410900
2012-06-26,47.619998931884766,47.79999923706055,47.2599983215332,47.66999816894531,26606100
2012-06-27,47.84000015258789,48.209999084472656,47.720001220703125,48.119998931884766,19727600
2012-06-28,47.77999877929688,48.2599983215332,47.56999969482422,48.220001220703125,22778500
2012-06-29,49.72999954223633,49.9900016784668,49.630001068115234,49.959999084472656,31235200
2012-07-02,50.09999847412109,50.34000015258789,49.86000061035156,50.290000915527344,30092900
2012-07-03,50.33000183105469,50.790000915527344,50.27999877929688,50.75,12175100
2012-07-05,49.95000076293945,50.06999969482422,49.66999816894531,49.90999984741211,14389900
2012-07-06,49.470001220703125,49.560001373291016,49.13999938964844,49.43999862670898,15075800
2012-07-09,49.16999816894531,49.34999847412109,48.970001220703125,49.33000183105469,16313700
2012-07-10,49.54999923706055,49.63999938964844,48.880001068115234,49.0,20026100
2012-07-11,49.22999954223633,49.36000061035156,48.86000061035156,49.150001525878906,19418100
2012-07-12,48.5099983215332,48.810001373291016,48.22999954223633,48.65999984741211,21406500
2012-07-13,48.68999862670898,49.43999862670898,48.66999816894531,49.34999847412109,12613300
2012-07-16,49.209999084472656,49.4900016784668,48.959999084472656,49.34000015258789,12207500
2012-07-17,49.47999954223633,49.61000061035156,48.86000061035156,49.47999954223633,17158600
2012-07-18,49.31999969482422,49.91999816894531,49.290000915527344,49.869998931884766,13588000
2012-07-19,50.119998931884766,50.41999816894531,50.0,50.33000183105469,14039600
2012-07-20,49.400001525878906,49.43999862670898,49.02999877929688,49.150001525878906,24165100
2012-07-23,47.84000015258789,48.25,47.65999984741211,48.13999938964844,16082900
2012-07-24,48.08000183105469,48.119998931884766,47.290000915527344,47.619998931884766,18959800
2012-07-25,48.040000915527344,48.11000061035156,47.630001068115234,47.869998931884766,10156700
2012-07-26,49.18000030517578,49.720001220703125,49.060001373291016,49.33000183105469,18177000
2012-07-27,49.79999923706055,50.58000183105469,49.68999862670898,50.369998931884766,24134200
2012-07-30,50.09000015258789,50.47999954223633,50.08000183105469,50.310001373291016,24850000
2012-07-31,50.27000045776367,50.400001525878906,49.97999954223633,50.0,38450700
2012-08-01,50.34999847412109,50.45000076293945,49.9900016784668,50.0099983215332,17751600
2012-08-02,49.470001220703125,49.900001525878906,48.93999862670898,49.310001373291016,23218900
2012-08-03,50.38999938964844,51.130001068115234,50.34999847412109,50.9900016784668,26429600
2012-08-06,51.209999084472656,51.52000045776367,51.130001068115234,51.34999847412109,15028700
2012-08-07,51.77999877929688,52.04999923706055,51.72999954223633,51.77999877929688,17651200
2012-08-08,51.4900016784668,51.86000061035156,51.470001220703125,51.75,13491300
2012-08-09,51.630001068115234,51.95000076293945,51.56999969482422,51.77999877929688,12183000
2012-08-10,51.369998931884766,51.869998931884766,51.25,51.869998931884766,15265100
2012-08-13,51.72999954223633,51.880001068115234,51.45000076293945,51.619998931884766,15320400
2012-08-14,51.77000045776367,51.84999847412109,51.619998931884766,51.7400016784668,10610200
2012-08-15,51.56999969482422,51.72999954223633,51.52000045776367,51.59000015258789,14045700
2012-08-16,51.86000061035156,52.310001373291016,51.70000076293945,52.22999954223633,13498000
2012-08-17,52.31999969482422,52.369998931884766,52.08000183105469,52.29999923706055,17243500
2012-08-20,52.15999984741211,52.290000915527344,51.93999862670898,52.2400016784668,10066600
2012-08-21,52.650001525878906,52.91999816894531,52.380001068115234,52.540000915527344,19489800
2012-08-22,52.09000015258789,52.59000015258789,52.040000915527344,52.47999954223633,12494200
2012-08-23,52.27000045776367,52.43000030517578,52.06999969482422,52.18000030517578,16203200
2012-08-24,51.810001373291016,52.369998931884766,51.709999084472656,52.09999847412109,15841400
2012-08-27,52.2400016784668,52.38999938964844,52.060001373291016,52.130001068115234,12419900
2012-08-28,51.91999816894531,52.16999816894531,51.83000183105469,52.08000183105469,14528900
2012-08-29,52.02999877929688,52.11000061035156,51.84000015258789,51.91999816894531,11418300
2012-08-30,51.630001068115234,51.65999984741211,51.150001525878906,51.150001525878906,24315600
2012-08-31,51.77999877929688,51.93999862670898,51.33000183105469,51.59999847412109,26992000
2012-09-04,51.470001220703125,51.52999877929688,51.130001068115234,51.34000015258789,23863200
2012-09-05,51.34000015258789,51.43000030517578,51.119998931884766,51.20000076293945,17360500
2012-09-06,51.619998931884766,52.61000061035156,51.61000061035156,52.470001220703125,23697600
2012-09-07,53.04999923706055,53.400001525878906,53.0099983215332,53.2599983215332,17210600
2012-09-10,53.04999923706055,53.20000076293945,52.7599983215332,52.84000015258789,12831800
2012-09-11,53.060001373291016,53.59000015258789,53.060001373291016,53.43999862670898,15417500
2012-09-12,53.88999938964844,53.91999816894531,53.59999847412109,53.790000915527344,14731600
2012-09-13,53.72999954223633,54.86000061035156,53.56999969482422,54.61000061035156,21654700
2012-09-14,55.18000030517578,55.58000183105469,55.06999969482422,55.150001525878906,36185500
2012-09-17,55.09000015258789,55.20000076293945,54.720001220703125,54.86000061035156,14851900
2012-09-18,54.560001373291016,54.7599983215332,54.45000076293945,54.630001068115234,16695300
2012-09-19,54.720001220703125,54.970001220703125,54.54999923706055,54.86000061035156,17193300
2012-09-20,54.16999816894531,54.540000915527344,54.02000045776367,54.5099983215332,21727600
2012-09-21,54.86000061035156,54.900001525878906,54.52000045776367,54.540000915527344,21583300
2012-09-24,54.11000061035156,54.47999954223633,54.060001373291016,54.34999847412109,16172500
2012-09-25,54.4900016784668,54.7400016784668,53.970001220703125,53.970001220703125,22290200
2012-09-26,53.540000915527344,53.61000061035156,53.220001220703125,53.43000030517578,22161700
2012-09-27,53.790000915527344,54.2599983215332,53.619998931884766,54.06999969482422,20720800
2012-09-28,53.5,53.54999923706055,52.90999984741211,53.0,43265100
2012-10-01,53.56999969482422,53.97999954223633,53.36000061035156,53.43000030517578,18016800
2012-10-02,53.95000076293945,53.9900016784668,53.459999084472656,53.63999938964844,14274000
2012-10-03,53.59999847412109,53.63999938964844,53.29999923706055,53.41999816894531,17416800
2012-10-04,53.810001373291016,54.130001068115234,53.70000076293945,54.06999969482422,15963600
2012-10-05,54.5099983215332,54.650001525878906,54.040000915527344,54.13999938964844,13420500
2012-10-08,53.810001373291016,53.900001525878906,53.709999084472656,53.81999969482422,6656000
2012-10-09,53.47999954223633,53.58000183105469,53.040000915527344,53.040000915527344,15400300
2012-10-10,53.04999923706055,53.13999938964844,52.720001220703125,52.88999938964844,13899400
2012-10-11,53.41999816894531,53.650001525878906,53.150001525878906,53.22999954223633,13497700
2012-10-12,53.369998931884766,53.56999969482422,53.09000015258789,53.16999816894531,9295500
2012-10-15,53.52999877929688,53.75,53.2599983215332,53.68999862670898,21186600
2012-10-16,54.22999954223633,54.619998931884766,54.220001220703125,54.58000183105469,19155600
2012-10-17,54.84999847412109,55.150001525878906,54.720001220703125,55.09000015258789,15644700
2012-10-18,54.900001525878906,55.22999954223633,54.720001220703125,54.880001068115234,18096200
2012-10-19,54.72999954223633,54.7400016784668,54.060001373291016,54.13999938964844,19565700
2012-10-22,54.5099983215332,54.59999847412109,54.150001525878906,54.52000045776367,14263400
2012-10-23,53.41999816894531,53.470001220703125,53.040000915527344,53.34999847412109,18033600
2012-10-24,53.68000030517578,53.7599983215332,53.369998931884766,53.380001068115234,11683400
2012-10-25,54.0,54.08000183105469,53.5,53.70000076293945,15728800
2012-10-26,53.54999923706055,53.72999954223633,53.369998931884766,53.619998931884766,11745100
2012-10-31,53.91999816894531,53.97999954223633,53.43999862670898,53.58000183105469,21750700
2012-11-01,53.84999847412109,54.220001220703125,53.77999877929688,54.209999084472656,18856700
2012-11-02,54.16999816894531,54.16999816894531,53.61000061035156,53.68999862670898,16524400
2012-11-05,53.560001373291016,53.65999984741211,53.38999938964844,53.560001373291016,9714000
2012-11-06,53.77000045776367,54.150001525878906,53.75,54.06999969482422,11045300
2012-11-07,53.5,53.52000045776367,52.970001220703125,53.2599983215332,20992600
2012-11-08,53.060001373291016,53.310001373291016,52.7599983215332,52.77999877929688,19833000
2012-11-09,52.5099983215332,53.02999877929688,52.5,52.79999923706055,20872100
2012-11-12,52.810001373291016,52.91999816894531,52.630001068115234,52.7599983215332,11864800
2012-11-13,52.2599983215332,52.900001525878906,52.209999084472656,52.5,14507400
2012-11-14,52.68999862670898,52.7400016784668,51.86000061035156,51.95000076293945,20602900
2012-11-15,52.18999862670898,52.36000061035156,51.91999816894531,52.119998931884766,15479300
2012-11-16,52.130001068115234,52.209999084472656,51.630001068115234,52.09000015258789,18052300
2012-11-19,52.790000915527344,53.220001220703125,52.77999877929688,53.220001220703125,15934900
2012-11-20,53.0,53.310001373291016,52.900001525878906,53.29999923706055,13642300
2012-11-21,53.34999847412109,53.45000076293945,53.27000045776367,53.38999938964844,10368200
2012-11-23,54.20000076293945,54.540000915527344,54.16999816894531,54.540000915527344,8397700
2012-11-26,54.2400016784668,54.41999816894531,54.11000061035156,54.40999984741211,13682100
2012-11-27,54.290000915527344,54.43999862670898,54.119998931884766,54.13999938964844,13987200
2012-11-28,53.83000183105469,54.59000015258789,53.720001220703125,54.52999877929688,23549600
2012-11-29,54.959999084472656,55.130001068115234,54.709999084472656,55.0,19765500
2012-11-30,55.02999877929688,55.25,54.970001220703125,55.06999969482422,23565800
2012-12-03,55.34000015258789,55.369998931884766,55.060001373291016,55.13999938964844,22076600
2012-12-04,55.31999969482422,55.400001525878906,55.18999862670898,55.27999877929688,18736900
2012-12-05,55.29999923706055,55.59999847412109,55.11000061035156,55.36000061035156,22117800
2012-12-06,55.45000076293945,55.5099983215332,55.18000030517578,55.470001220703125,12963300
2012-12-07,55.34999847412109,55.5099983215332,53.400001525878906,55.4900016784668,11949100
2012-12-10,55.33000183105469,55.58000183105469,55.31999969482422,55.54999923706055,17617400
2012-12-11,55.720001220703125,55.95000076293945,55.720001220703125,55.869998931884766,15684400
2012-12-12,56.040000915527344,56.369998931884766,55.959999084472656,56.04999923706055,18266500
2012-12-13,55.95000076293945,56.09999847412109,55.75,55.880001068115234,13693600
2012-12-14,55.93999862670898,56.2599983215332,55.900001525878906,56.08000183105469,18514600
2012-12-17,56.040000915527344,56.369998931884766,56.0,56.310001373291016,22550700
2012-12-18,55.95000076293945,56.34999847412109,55.869998931884766,56.27999877929688,24270800
2012-12-19,56.720001220703125,56.77000045776367,56.459999084472656,56.47999954223633,19356300
2012-12-20,56.68000030517578,56.880001068115234,56.540000915527344,56.86000061035156,18545600
2012-12-21,56.08000183105469,56.52000045776367,56.060001373291016,56.5099983215332,22418300
2012-12-24,56.43999862670898,56.47999954223633,56.25,56.36000061035156,7699100
2012-12-26,56.52000045776367,56.56999969482422,56.119998931884766,56.34999847412109,11718000
2012-12-27,56.65999984741211,56.68000030517578,56.15999984741211,56.61000061035156,14207500
2012-12-28,56.13999938964844,56.29999923706055,55.970001220703125,56.0099983215332,18734500
2012-12-31,56.2400016784668,56.869998931884766,56.06999969482422,56.86000061035156,22820800
2013-01-02,57.66999816894531,57.77999877929688,57.38999938964844,57.7400016784668,26056300
2013-01-03,57.33000183105469,57.540000915527344,57.09000015258789,57.18000030517578,23239700
2013-01-04,57.06999969482422,57.540000915527344,57.0099983215332,57.470001220703125,15522200
2013-01-07,57.02000045776367,57.27999877929688,56.93999862670898,57.220001220703125,14102600
2013-01-08,57.02000045776367,57.08000183105469,56.68999862670898,56.900001525878906,15592300
2013-01-09,57.09000015258789,57.27000045776367,57.02999877929688,57.18999862670898,12779400
2013-01-10,57.79999923706055,58.0099983215332,57.59000015258789,57.91999816894531,17718600
2013-01-11,58.0099983215332,58.11000061035156,57.84000015258789,58.040000915527344,12624700
2013-01-14,58.04999923706055,58.150001525878906,57.869998931884766,58.11000061035156,9980400
2013-01-15,57.75,58.04999923706055,57.68999862670898,58.02000045776367,12534000
2013-01-16,57.619998931884766,57.810001373291016,57.52000045776367,57.7400016784668,12907000
2013-01-17,58.13999938964844,58.31999969482422,58.0,58.209999084472656,14936200
2013-01-18,58.13999938964844,58.220001220703125,57.88999938964844,58.150001525878906,18844000
2013-01-22,58.02999877929688,58.18000030517578,57.83000183105469,58.18000030517578,12090100
2013-01-23,58.040000915527344,58.15999984741211,57.880001068115234,58.119998931884766,10139900
2013-01-24,58.220001220703125,58.540000915527344,58.18999862670898,58.400001525878906,13640100
2013-01-25,58.95000076293945,59.02999877929688,58.70000076293945,59.02999877929688,16643500
2013-01-28,58.810001373291016,58.84999847412109,58.540000915527344,58.7400016784668,14802900
2013-01-29,58.869998931884766,59.20000076293945,58.84999847412109,59.13999938964844,13403300
2013-01-30,59.16999816894531,59.43000030517578,59.130001068115234,59.20000076293945,18943400
2013-01-31,59.11000061035156,59.27999877929688,58.93999862670898,58.97999954223633,22252200
2013-02-01,59.36000061035156,59.59000015258789,59.209999084472656,59.45000076293945,19989200
2013-02-04,58.790000915527344,58.88999938964844,58.2599983215332,58.380001068115234,18125200
2013-02-05,58.540000915527344,58.810001373291016,58.4900016784668,58.650001525878906,15418900
2013-02-06,58.27999877929688,58.66999816894531,58.2400016784668,58.63999938964844,26336000
2013-02-07,58.59000015258789,58.63999938964844,57.86000061035156,58.15999984741211,21947700
2013-02-08,58.36000061035156,58.59000015258789,58.36000061035156,58.52999877929688,18326200
2013-02-11,58.52999877929688,58.540000915527344,58.25,58.470001220703125,12677200
2013-02-12,58.5,58.880001068115234,58.45000076293945,58.7599983215332,11534200
2013-02-13,59.040000915527344,59.16999816894531,58.84000015258789,58.900001525878906,8955200
2013-02-14,58.380001068115234,58.619998931884766,58.36000061035156,58.58000183105469,10409900
2013-02-15,58.65999984741211,58.709999084472656,58.2599983215332,58.43000030517578,12095000
2013-02-19,58.93000030517578,59.15999984741211,58.91999816894531,59.119998931884766,20173800
2013-02-20,59.25,59.290000915527344,58.52999877929688,58.540000915527344,17523500
2013-02-21,57.84000015258789,57.869998931884766,57.400001525878906,57.65999984741211,34195200
2013-02-22,58.119998931884766,58.5099983215332,57.95000076293945,58.4900016784668,23364000
2013-02-25,58.83000183105469,58.93000030517578,57.02000045776367,57.09000015258789,40205000
2013-02-26,57.68000030517578,57.84000015258789,57.18999862670898,57.54999923706055,25416500
2013-02-27,57.470001220703125,58.34999847412109,57.400001525878906,58.27999877929688,16819600
2013-02-28,58.2599983215332,58.560001373291016,58.150001525878906,58.220001220703125,17815100
2013-03-01,57.79999923706055,58.20000076293945,57.58000183105469,58.09999847412109,18241800
2013-03-04,57.95000076293945,58.36000061035156,57.84999847412109,58.34999847412109,14580300
2013-03-05,58.81999969482422,59.040000915527344,58.79999923706055,58.93000030517578,16168000
2013-03-06,59.18000030517578,59.220001220703125,58.81999969482422,59.08000183105469,17189600
2013-03-07,59.220001220703125,59.34000015258789,59.18000030517578,59.25,11797900
2013-03-08,59.290000915527344,59.41999816894531,59.040000915527344,59.380001068115234,23305900
2013-03-11,59.290000915527344,59.560001373291016,59.220001220703125,59.560001373291016,10873200
2013-03-12,59.52999877929688,59.59999847412109,59.150001525878906,59.2599983215332,16015600
2013-03-13,59.130001068115234,59.33000183105469,58.869998931884766,59.16999816894531,20517900
2013-03-14,59.43000030517578,59.810001373291016,59.400001525878906,59.75,12158300
2013-03-15,59.91999816894531,59.9900016784668,59.709999084472656,59.869998931884766,18191100
2013-03-18,59.119998931884766,59.650001525878906,59.09000015258789,59.209999084472656,25132800
2013-03-19,59.36000061035156,59.43999862670898,58.630001068115234,59.02999877929688,25745200
2013-03-20,59.43999862670898,59.540000915527344,59.290000915527344,59.38999938964844,16134800
2013-03-21,58.900001525878906,59.22999954223633,58.81999969482422,58.84999847412109,18106800
2013-03-22,59.18000030517578,59.45000076293945,59.08000183105469,59.36000061035156,18090400
2013-03-25,59.38999938964844,59.470001220703125,58.470001220703125,58.619998931884766,31933000
2013-03-26,58.83000183105469,59.0,58.65999984741211,58.9900016784668,15040700
2013-03-27,58.310001373291016,58.720001220703125,58.20000076293945,58.70000076293945,14990300
2013-03-28,58.81999969482422,59.040000915527344,58.7400016784668,58.97999954223633,28690100
2013-04-01,58.56999969482422,58.619998931884766,58.09000015258789,58.18999862670898,24852900
2013-04-02,58.84000015258789,59.09999847412109,58.72999954223633,58.810001373291016,19636600
2013-04-03,59.060001373291016,59.13999938964844,58.470001220703125,58.52000045776367,16961000
2013-04-04,58.720001220703125,59.09999847412109,58.59000015258789,59.040000915527344,14924900
2013-04-05,58.220001220703125,58.77999877929688,58.15999984741211,58.77000045776367,18160400
2013-04-08,58.7400016784668,59.0,58.63999938964844,59.0,17117700
2013-04-09,58.97999954223633,59.40999984741211,58.75,59.209999084472656,17406300
2013-04-10,59.75,60.220001220703125,59.7400016784668,60.09000015258789,18195500
2013-04-11,60.470001220703125,60.84000015258789,60.380001068115234,60.560001373291016,19865300
2013-04-12,60.27999877929688,60.43000030517578,60.02999877929688,60.40999984741211,16777400
2013-04-15,59.869998931884766,59.900001525878906,59.18999862670898,59.220001220703125,22699900
2013-04-16,59.900001525878906,60.060001373291016,59.59999847412109,60.060001373291016,14675700
2013-04-17,59.34000015258789,59.369998931884766,58.52000045776367,58.810001373291016,30730800
2013-04-18,58.91999816894531,58.95000076293945,58.43999862670898,58.630001068115234,19211400
2013-04-19,59.0099983215332,59.119998931884766,58.84000015258789,59.09999847412109,24725900
2013-04-22,59.09999847412109,59.43999862670898,58.790000915527344,59.34999847412109,16899700
2013-04-23,59.84000015258789,60.22999954223633,59.81999969482422,60.18999862670898,21257700
2013-04-24,60.52000045776367,60.880001068115234,60.45000076293945,60.709999084472656,18269400
2013-04-25,61.0099983215332,61.29999923706055,60.959999084472656,61.02999877929688,20079200
2013-04-26,60.959999084472656,61.13999938964844,60.88999938964844,61.08000183105469,13910200
2013-04-29,61.36000061035156,61.93000030517578,61.34999847412109,61.86000061035156,14721000
2013-04-30,61.84000015258789,61.9900016784668,61.709999084472656,61.93999862670898,22261300
2013-05-01,62.0,62.02000045776367,61.43999862670898,61.56999969482422,19104600
2013-05-02,61.41999816894531,61.88999938964844,61.36000061035156,61.7599983215332,18247200
2013-05-03,62.310001373291016,62.630001068115234,62.27999877929688,62.54999923706055,19161200
2013-05-06,62.27999877929688,62.470001220703125,62.220001220703125,62.470001220703125,7583700
2013-05-07,62.560001373291016,62.65999984741211,62.36000061035156,62.56999969482422,15724500
2013-05-08,62.900001525878906,63.2599983215332,62.900001525878906,63.22999954223633,17768200
2013-05-09,62.900001525878906,62.959999084472656,62.369998931884766,62.619998931884766,16372400
2013-05-10,62.54999923706055,62.720001220703125,62.34000015258789,62.68999862670898,15403400
2013-05-13,62.619998931884766,62.70000076293945,62.459999084472656,62.65999984741211,11911400
2013-05-14,62.560001373291016,62.880001068115234,62.54999923706055,62.77999877929688,26158800
2013-05-15,62.68999862670898,63.06999969482422,62.68000030517578,63.04999923706055,15961600
2013-05-16,62.72999954223633,62.95000076293945,62.4900016784668,62.619998931884766,16669100
2013-05-17,62.650001525878906,63.06999969482422,62.59000015258789,63.04999923706055,12925700
2013-05-20,63.08000183105469,63.43999862670898,63.06999969482422,63.400001525878906,16117200
2013-05-21,63.150001525878906,63.65999984741211,63.02999877929688,63.52999877929688,15283700
2013-05-22,63.540000915527344,64.13999938964844,62.70000076293945,62.88999938964844,21713500
2013-05-23,61.33000183105469,62.0099983215332,60.9900016784668,61.9900016784668,27055200
2013-05-24,61.16999816894531,61.470001220703125,60.9900016784668,61.45000076293945,19956800
2013-05-28,61.970001220703125,62.15999984741211,61.470001220703125,61.61000061035156,20275800
2013-05-29,61.08000183105469,61.15999984741211,60.72999954223633,61.02000045776367,18099400
2013-05-30,61.02999877929688,61.45000076293945,60.9900016784668,61.2599983215332,27382900
2013-05-31,60.5099983215332,60.650001525878906,60.02999877929688,60.06999969482422,36549400
2013-06-03,60.08000183105469,60.5099983215332,59.77000045776367,60.29999923706055,30340700
2013-06-04,60.790000915527344,60.88999938964844,60.20000076293945,60.52000045776367,17024400
2013-06-05,59.83000183105469,59.84999847412109,59.150001525878906,59.16999816894531,28821600
2013-06-06,59.15999984741211,59.52999877929688,58.869998931884766,59.5,24386900
2013-06-07,59.540000915527344,60.310001373291016,59.400001525878906,60.29999923706055,19245200
2013-06-10,60.470001220703125,60.4900016784668,60.130001068115234,60.36000061035156,14559800
2013-06-11,59.47999954223633,59.95000076293945,59.34999847412109,59.619998931884766,16619000
2013-06-12,60.29999923706055,60.36000061035156,59.470001220703125,59.54999923706055,14378100
2013-06-13,59.68999862670898,60.56999969482422,59.59000015258789,60.459999084472656,20158400
2013-06-14,60.0099983215332,60.33000183105469,59.61000061035156,59.79999923706055,17334200
2013-06-17,60.869998931884766,61.04999923706055,60.29999923706055,60.65999984741211,17560400
2013-06-18,60.869998931884766,61.20000076293945,60.84999847412109,61.09000015258789,13168500
2013-06-19,61.040000915527344,61.18000030517578,59.93999862670898,59.95000076293945,33232800
2013-06-20,58.709999084472656,58.7400016784668,57.65999984741211,57.75,40517100
2013-06-21,58.41999816894531,58.470001220703125,57.43000030517578,57.93999862670898,30474300
2013-06-24,56.7400016784668,57.33000183105469,56.43999862670898,57.02999877929688,24351500
2013-06-25,57.52999877929688,57.84999847412109,57.09999847412109,57.7599983215332,24494900
2013-06-26,58.02999877929688,58.18000030517578,57.77999877929688,57.9900016784668,27142000
2013-06-27,57.33000183105469,57.709999084472656,57.33000183105469,57.40999984741211,17753800
2013-06-28,57.310001373291016,57.59999847412109,57.09000015258789,57.29999923706055,31174100
2013-07-01,57.810001373291016,58.08000183105469,57.75,57.84000015258789,15315900
2013-07-02,57.77999877929688,58.09000015258789,57.33000183105469,57.54999923706055,13492800
2013-07-03,57.11000061035156,57.68000030517578,57.02000045776367,57.56999969482422,11748500
2013-07-05,57.959999084472656,57.97999954223633,57.40999984741211,57.84000015258789,10197800
2013-07-08,58.04999923706055,58.31999969482422,58.0,58.20000076293945,11993200
2013-07-09,58.63999938964844,58.63999938964844,58.15999984741211,58.52000045776367,11624200
2013-07-10,58.5099983215332,59.11000061035156,58.45000076293945,58.68999862670898,16162300
2013-07-11,59.77999877929688,60.27000045776367,59.540000915527344,60.209999084472656,20284600
2013-07-12,59.77000045776367,59.91999816894531,59.630001068115234,59.810001373291016,15189800
2013-07-15,60.02999877929688,60.18999862670898,59.93000030517578,60.18000030517578,17063200
2013-07-16,60.130001068115234,60.22999954223633,59.97999954223633,60.13999938964844,10894600
2013-07-17,60.619998931884766,60.619998931884766,60.18000030517578,60.31999969482422,13744500
2013-07-18,60.4900016784668,60.77999877929688,60.11000061035156,60.720001220703125,11036600
2013-07-19,60.5099983215332,60.77000045776367,60.400001525878906,60.66999816894531,23299300
2013-07-22,60.810001373291016,61.06999969482422,60.77999877929688,61.0099983215332,16518900
2013-07-23,61.209999084472656,61.2599983215332,60.95000076293945,61.13999938964844,11132000
2013-07-24,61.369998931884766,61.380001068115234,60.810001373291016,61.060001373291016,12887500
2013-07-25,60.5,61.209999084472656,60.4900016784668,61.18000030517578,14467100
2013-07-26,60.630001068115234,60.79999923706055,60.29999923706055,60.79999923706055,15499000
2013-07-29,60.2400016784668,60.34000015258789,60.119998931884766,60.220001220703125,11063600
2013-07-30,60.470001220703125,60.5099983215332,60.02000045776367,60.209999084472656,10712500
2013-07-31,60.060001373291016,60.75,60.060001373291016,60.34999847412109,22989900
2013-08-01,61.119998931884766,61.2599983215332,60.959999084472656,61.16999816894531,24484500
2013-08-02,61.22999954223633,61.66999816894531,61.209999084472656,61.66999816894531,15475000
2013-08-05,61.400001525878906,61.560001373291016,61.22999954223633,61.540000915527344,11483000
2013-08-06,61.68999862670898,61.7400016784668,61.29999923706055,61.45000076293945,18325300
2013-08-07,61.20000076293945,61.29999923706055,61.09999847412109,61.18000030517578,11989700
2013-08-08,61.52000045776367,61.83000183105469,61.34000015258789,61.72999954223633,12612700
2013-08-09,61.650001525878906,61.93999862670898,61.61000061035156,61.84000015258789,14951500
2013-08-12,61.5099983215332,61.72999954223633,61.5,61.66999816894531,13785000
2013-08-13,61.83000183105469,62.13999938964844,61.4900016784668,62.06999969482422,13189100
2013-08-14,62.09999847412109,62.18999862670898,61.9900016784668,62.09999847412109,14258600
2013-08-15,61.33000183105469,61.65999984741211,60.93999862670898,61.58000183105469,23650000
2013-08-16,61.709999084472656,61.83000183105469,61.59000015258789,61.68999862670898,15219600
2013-08-19,61.619998931884766,61.65999984741211,61.209999084472656,61.25,13596700
2013-08-20,61.02999877929688,61.33000183105469,60.91999816894531,61.16999816894531,12885800
2013-08-21,60.77000045776367,61.0,60.22999954223633,60.45000076293945,12755200
2013-08-22,60.900001525878906,61.130001068115234,60.880001068115234,61.040000915527344,8041700
2013-08-23,61.380001068115234,61.58000183105469,61.209999084472656,61.56999969482422,10141600
2013-08-26,61.27999877929688,61.400001525878906,61.11000061035156,61.119998931884766,8471000
2013-08-27,60.43000030517578,60.630001068115234,60.040000915527344,60.08000183105469,18839100
2013-08-28,59.75,60.220001220703125,59.68000030517578,60.0099983215332,10521700
2013-08-29,59.86000061035156,60.15999984741211,59.79999923706055,59.90999984741211,10555800
2013-08-30,59.619998931884766,59.63999938964844,59.15999984741211,59.16999816894531,21045300
2013-09-03,60.5099983215332,60.59000015258789,60.040000915527344,60.310001373291016,18912700
2013-09-04,60.209999084472656,60.93999862670898,60.150001525878906,60.84999847412109,11868800
2013-09-05,60.59000015258789,60.86000061035156,60.58000183105469,60.79999923706055,10523400
2013-09-06,61.060001373291016,61.310001373291016,60.650001525878906,61.130001068115234,16398000
2013-09-09,61.4900016784668,62.0,61.4900016784668,61.970001220703125,17398000
2013-09-10,62.47999954223633,62.70000076293945,62.40999984741211,62.66999816894531,15972400
2013-09-11,62.41999816894531,62.90999984741211,62.40999984741211,62.88999938964844,11864200
2013-09-12,62.56999969482422,62.810001373291016,62.52000045776367,62.52999877929688,16745000
2013-09-13,62.61000061035156,62.84000015258789,62.43000030517578,62.83000183105469,13590900
2013-09-16,63.650001525878906,63.650001525878906,63.27000045776367,63.31999969482422,18909500
2013-09-17,63.16999816894531,63.36000061035156,63.16999816894531,63.36000061035156,10370400
2013-09-18,63.40999984741211,65.11000061035156,63.2400016784668,65.05000305175781,21359000
2013-09-19,65.06999969482422,65.08000183105469,64.6500015258789,64.73999786376953,19195600
2013-09-20,64.62999725341797,64.62999725341797,64.23999786376953,64.2699966430664,18878600
2013-09-23,64.29000091552734,64.36000061035156,63.95000076293945,64.25,17860700
2013-09-24,64.19999694824219,64.41000366210938,63.97999954223633,64.1500015258789,14979200
2013-09-25,64.11000061035156,64.36000061035156,64.01000213623047,64.22000122070312,14478100
2013-09-26,64.30000305175781,64.58999633789062,64.25,64.48999786376953,15653800
2013-09-27,64.19000244140625,64.41999816894531,64.12999725341797,64.26000213623047,17705800
2013-09-30,63.61000061035156,63.970001220703125,63.54999923706055,63.79999923706055,22274400
2013-10-01,63.869998931884766,64.30000305175781,63.75,64.13999938964844,15392400
2013-10-02,63.90999984741211,64.16000366210938,63.59000015258789,64.12000274658203,12620200
2013-10-03,63.9900016784668,64.02999877929688,63.59000015258789,63.70000076293945,16212700
2013-10-04,63.61000061035156,63.91999816894531,63.58000183105469,63.84999847412109,11699000
2013-10-07,63.060001373291016,63.4900016784668,63.040000915527344,63.18999862670898,17360800
2013-10-08,63.220001220703125,63.310001373291016,62.68000030517578,62.70000076293945,19635600
2013-10-09,62.93000030517578,63.09000015258789,62.540000915527344,62.970001220703125,19659500
2013-10-10,63.5099983215332,64.19999694824219,63.5,64.0999984741211,16423300
2013-10-11,64.11000061035156,64.47000122070312,64.06999969482422,64.44000244140625,13279100
2013-10-14,64.16999816894531,64.70999908447266,64.12000274658203,64.66000366210938,7213800
2013-10-15,64.4000015258789,64.5199966430664,64.27999877929688,64.3499984741211,15599400
2013-10-16,64.54000091552734,64.8499984741211,64.48999786376953,64.83000183105469,17389900
2013-10-17,65.19000244140625,65.72000122070312,65.12999725341797,65.69000244140625,21850200
2013-10-18,65.88999938964844,66.11000061035156,65.77999877929688,66.08000183105469,16283000
2013-10-21,65.98999786376953,66.18000030517578,65.93000030517578,66.18000030517578,11068000
2013-10-22,66.5199966430664,66.95999908447266,66.5199966430664,66.83999633789062,13015200
2013-10-23,66.20999908447266,66.25,65.97000122070312,66.19000244140625,13384700
2013-10-24,66.55999755859375,66.69000244140625,66.4000015258789,66.6500015258789,11820900
2013-10-25,66.44999694824219,66.47000122070312,66.27999877929688,66.45999908447266,16688300
2013-10-28,66.27999877929688,66.4800033569336,66.19000244140625,66.3499984741211,9936700
2013-10-29,66.41000366210938,66.51000213623047,66.30999755859375,66.48999786376953,12121400
2013-10-30,66.55999755859375,66.58999633789062,65.91999816894531,66.25,18774000
2013-10-31,66.06999969482422,66.25,65.77999877929688,65.87999725341797,22366900
2013-11-01,65.52999877929688,65.58999633789062,65.19000244140625,65.55999755859375,18921000
2013-11-04,65.68000030517578,65.87999725341797,65.55000305175781,65.87999725341797,27539500
2013-11-05,65.19999694824219,65.41999816894531,64.98999786376953,65.30999755859375,13129600
2013-11-06,65.88999938964844,66.05000305175781,65.75,65.87999725341797,16260600
2013-11-07,65.62000274658203,65.66999816894531,64.76000213623047,64.83999633789062,22820200
2013-11-08,64.69999694824219,65.23999786376953,64.69000244140625,65.22000122070312,15873000
2013-11-11,65.23999786376953,65.37000274658203,65.16000366210938,65.36000061035156,14206100
2013-11-12,65.18000030517578,65.31999969482422,64.97000122070312,65.13999938964844,13391000
2013-11-13,64.63999938964844,65.41999816894531,64.62000274658203,65.3499984741211,12669400
2013-11-14,65.3499984741211,65.7300033569336,65.29000091552734,65.6500015258789,14537100
2013-11-15,66.02999877929688,66.31999969482422,65.95999908447266,66.18000030517578,25278400
2013-11-18,66.55999755859375,66.5999984741211,66.08999633789062,66.18000030517578,12776200
2013-11-19,66.0199966430664,66.19999694824219,65.87999725341797,66.01000213623047,10664300
2013-11-20,66.08000183105469,66.22000122070312,65.37999725341797,65.55000305175781,18220600
2013-11-21,65.7699966430664,65.97000122070312,65.66000366210938,65.95999908447266,15963400
2013-11-22,65.94999694824219,66.2300033569336,65.91000366210938,66.1500015258789,18657100
2013-11-25,66.0999984741211,66.11000061035156,65.87000274658203,65.94999694824219,11835000
2013-11-26,65.81999969482422,66.01000213623047,65.75,65.94999694824219,14620200
2013-11-27,66.18000030517578,66.29000091552734,66.02999877929688,66.11000061035156,9667100
2013-11-29,66.5199966430664,66.58000183105469,66.23999786376953,66.23999786376953,13964200
2013-12-02,66.01000213623047,66.11000061035156,65.73999786376953,65.75,17686300
2013-12-03,65.41999816894531,65.54000091552734,65.08999633789062,65.29000091552734,14776300
2013-12-04,64.52999877929688,65.0,64.5199966430664,64.94000244140625,18603800
2013-12-05,64.7300033569336,64.87000274658203,64.4800033569336,64.56999969482422,13115500
2013-12-06,65.12999725341797,65.4000015258789,65.01000213623047,65.37000274658203,12965100
2013-12-09,65.25,65.41000366210938,65.20999908447266,65.30000305175781,11275800
2013-12-10,65.1500015258789,65.29000091552734,65.0,65.19000244140625,13978200
2013-12-11,65.19999694824219,65.20999908447266,64.55000305175781,64.58000183105469,14151000
2013-12-12,64.27999877929688,64.33999633789062,63.95000076293945,64.11000061035156,14118200
2013-12-13,64.0999984741211,64.1500015258789,63.84999847412109,64.06999969482422,12214200
2013-12-16,64.51000213623047,64.7300033569336,64.47000122070312,64.52999877929688,13338900
2013-12-17,64.36000061035156,64.37999725341797,64.08000183105469,64.25,15966500
2013-12-18,64.22000122070312,64.86000061035156,63.5,64.69999694824219,28970800
2013-12-19,64.48999786376953,64.80999755859375,64.41999816894531,64.69999694824219,20647100
2013-12-20,64.91000366210938,65.18000030517578,64.87999725341797,65.06999969482422,18427500
2013-12-23,65.48999786376953,65.76000213623047,65.4000015258789,65.73999786376953,15767500
2013-12-24,65.62999725341797,65.87000274658203,65.55999755859375,65.87000274658203,6708500
2013-12-26,66.16000366210938,66.27999877929688,66.1500015258789,66.2300033569336,8510500
2013-12-27,66.76000213623047,66.7699966430664,66.51000213623047,66.56999969482422,18585400
2013-12-30,66.73999786376953,66.91000366210938,66.68000030517578,66.8499984741211,14432400
2013-12-31,67.04000091552734,67.36000061035156,67.0,67.0999984741211,21704700
2014-01-02,66.20999908447266,66.2699966430664,65.73999786376953,65.91000366210938,26240600
2014-01-03,66.0199966430664,66.19000244140625,65.87000274658203,65.9800033569336,19270100
2014-01-06,66.05000305175781,66.11000061035156,65.83999633789062,65.9000015258789,14737600
2014-01-07,66.16999816894531,66.3499984741211,66.12999725341797,66.2699966430664,12075700
2014-01-08,66.31999969482422,66.37000274658203,66.0999984741211,66.25,17555600
2014-01-09,66.27999877929688,66.27999877929688,65.80000305175781,66.19999694824219,13128600
2014-01-10,66.5,66.8499984741211,66.43000030517578,66.80999755859375,19676400
2014-01-13,66.5199966430664,66.68000030517578,66.11000061035156,66.2300033569336,19464700
2014-01-14,66.41999816894531,66.80999755859375,66.22000122070312,66.76000213623047,12268900
2014-01-15,66.72000122070312,67.08000183105469,66.69000244140625,67.04000091552734,12388800
2014-01-16,66.93000030517578,67.01000213623047,66.69999694824219,67.01000213623047,21172000
2014-01-17,66.9800033569336,67.02999877929688,66.70999908447266,66.80999755859375,22526900
2014-01-21,67.19999694824219,67.22000122070312,66.81999969482422,67.12999725341797,18600200
2014-01-22,67.11000061035156,67.16999816894531,66.94999694824219,67.12999725341797,12664100
2014-01-23,66.88999938964844,66.91000366210938,66.41000366210938,66.68000030517578,17691700
2014-01-24,65.69000244140625,65.69999694824219,64.8499984741211,64.8499984741211,25036300
2014-01-27,64.87999725341797,64.93000030517578,64.1500015258789,64.55000305175781,21487100
2014-01-28,64.86000061035156,65.18000030517578,64.83000183105469,65.11000061035156,15857600
2014-01-29,64.26000213623047,64.72000122070312,64.19000244140625,64.37999725341797,21210400
2014-01-30,64.66000366210938,64.80999755859375,64.37999725341797,64.70999908447266,14681000
2014-01-31,63.33000183105469,64.0199966430664,63.310001373291016,63.61000061035156,39572600
2014-02-03,63.540000915527344,63.619998931884766,62.27999877929688,62.310001373291016,45762000
2014-02-04,62.77000045776367,63.06999969482422,62.58000183105469,63.02999877929688,26309300
2014-02-05,63.0,63.209999084472656,62.7599983215332,63.15999984741211,17503900
2014-02-06,63.720001220703125,64.30999755859375,63.709999084472656,64.27999877929688,16589100
2014-02-07,64.62000274658203,65.12999725341797,64.47000122070312,65.12000274658203,14500900
2014-02-10,64.93000030517578,64.94000244140625,64.75,64.9000015258789,13885400
2014-02-11,65.2699966430664,66.05000305175781,65.25,65.93000030517578,18061900
2014-02-12,65.94999694824219,66.11000061035156,65.8499984741211,66.04000091552734,14801400
2014-02-13,65.45999908447266,66.27999877929688,65.43000030517578,66.23999786376953,17329500
2014-02-14,66.16999816894531,66.55999755859375,66.0999984741211,66.48999786376953,18540700
2014-02-18,66.94000244140625,67.13999938964844,66.76000213623047,67.05999755859375,16668600
2014-02-19,66.91999816894531,67.22000122070312,66.56999969482422,66.61000061035156,13139900
2014-02-20,66.54000091552734,66.93000030517578,66.4000015258789,66.83999633789062,14098500
2014-02-21,67.1500015258789,67.33000183105469,66.95999908447266,66.97000122070312,12629800
2014-02-24,67.22000122070312,67.87000274658203,67.19000244140625,67.55000305175781,22573000
2014-02-25,67.56999969482422,67.76000213623047,67.2699966430664,67.38999938964844,16833800
2014-02-26,67.26000213623047,67.33000183105469,66.94000244140625,67.16000366210938,14872400
2014-02-27,66.9800033569336,67.41000366210938,66.8499984741211,67.38999938964844,11392500
2014-02-28,67.5,67.87000274658203,67.30000305175781,67.51000213623047,41960000
2014-03-03,66.37999725341797,66.54000091552734,65.91000366210938,66.08000183105469,27783400
2014-03-04,67.4000015258789,67.48999786376953,67.29000091552734,67.38999938964844,29272000
2014-03-05,67.29000091552734,67.45999908447266,67.20999908447266,67.33000183105469,16872800
2014-03-06,68.0199966430664,68.19000244140625,67.93000030517578,68.02999877929688,15087000
2014-03-07,67.91000366210938,67.95999908447266,67.31999969482422,67.66000366210938,21133800
2014-03-10,67.20999908447266,67.29000091552734,66.83000183105469,67.23999786376953,23329100
2014-03-11,67.11000061035156,67.33999633789062,66.68000030517578,66.75,17811900
2014-03-12,66.16000366210938,66.5999984741211,66.01000213623047,66.5,14151000
2014-03-13,66.63999938964844,66.69000244140625,65.13999938964844,65.26000213623047,35340200
2014-03-14,64.87000274658203,65.43000030517578,64.87000274658203,65.12000274658203,24796000
2014-03-17,65.62999725341797,66.0199966430664,65.5999984741211,65.94000244140625,24052700
2014-03-18,65.98999786376953,66.4800033569336,65.9800033569336,66.3499984741211,19417000
2014-03-19,66.27999877929688,66.30999755859375,65.12000274658203,65.54000091552734,22330200
2014-03-20,64.95999908447266,65.41999816894531,64.81999969482422,65.29000091552734,18788100
2014-03-21,65.61000061035156,65.80999755859375,65.12000274658203,65.16000366210938,17668300
2014-03-24,65.61000061035156,65.6500015258789,64.93000030517578,65.33000183105469,17552900
2014-03-25,65.83000183105469,66.19000244140625,65.62999725341797,66.04000091552734,20785500
2014-03-26,66.56999969482422,66.5999984741211,66.0199966430664,66.02999877929688,27028900
2014-03-27,66.27999877929688,66.48999786376953,66.13999938964844,66.36000061035156,22352000
2014-03-28,66.86000061035156,67.05999755859375,66.80000305175781,66.86000061035156,13875500
2014-03-31,67.37000274658203,67.47000122070312,67.13999938964844,67.19999694824219,24498300
2014-04-01,67.5999984741211,67.66999816894531,67.44000244140625,67.62999725341797,13738100
2014-04-02,67.63999938964844,67.9000015258789,67.55999755859375,67.76000213623047,15497500
2014-04-03,67.68000030517578,67.7699966430664,67.38999938964844,67.56999969482422,14943500
2014-04-04,67.83999633789062,67.94000244140625,67.26000213623047,67.36000061035156,20967400
2014-04-07,67.26000213623047,67.36000061035156,66.88999938964844,67.04000091552734,16647900
2014-04-08,66.79000091552734,67.13999938964844,66.7300033569336,67.0,12246200
2014-04-09,67.55000305175781,67.9000015258789,67.2699966430664,67.86000061035156,18492100
2014-04-10,67.55000305175781,67.62000274658203,66.5999984741211,66.66000366210938,23677900
2014-04-11,66.3499984741211,66.76000213623047,66.25,66.26000213623047,18550700
2014-04-14,66.5999984741211,66.76000213623047,66.31999969482422,66.63999938964844,13239000
2014-04-15,66.52999877929688,66.62999725341797,65.68000030517578,66.36000061035156,21055100
2014-04-16,66.91000366210938,67.20999908447266,66.7300033569336,67.18000030517578,19643900
2014-04-17,67.27999877929688,67.63999938964844,67.12999725341797,67.52999877929688,19204100
2014-04-21,67.52999877929688,67.6500015258789,67.41000366210938,67.62000274658203,10723800
2014-04-22,67.83000183105469,67.97000122070312,67.76000213623047,67.9000015258789,12342500
2014-04-23,67.83999633789062,67.83999633789062,67.62999725341797,67.73999786376953,11595300
2014-04-24,67.72000122070312,67.79000091552734,67.27999877929688,67.7300033569336,17646700
2014-04-25,67.61000061035156,67.62999725341797,67.19999694824219,67.4000015258789,19435900
2014-04-28,67.62000274658203,67.77999877929688,67.13999938964844,67.61000061035156,19986000
2014-04-29,67.95999908447266,68.19000244140625,67.88999938964844,68.05000305175781,16162500
2014-04-30,68.05000305175781,68.4000015258789,67.95999908447266,68.31999969482422,29172800
2014-05-01,68.38999938964844,68.62000274658203,68.30000305175781,68.51000213623047,17645400
2014-05-02,68.26000213623047,68.54000091552734,68.19000244140625,68.4000015258789,14332800
2014-05-05,67.9000015258789,68.37999725341797,67.76000213623047,68.3499984741211,18715300
2014-05-06,68.36000061035156,68.4000015258789,68.16000366210938,68.2300033569336,10209100
2014-05-07,68.20999908447266,68.3499984741211,67.94000244140625,68.30999755859375,12801700
2014-05-08,68.41000366210938,68.63999938964844,68.22000122070312,68.31999969482422,13187500
2014-05-09,68.2699966430664,68.31999969482422,67.9800033569336,68.22000122070312,8089900
2014-05-12,68.4800033569336,68.69000244140625,68.41999816894531,68.66999816894531,13953600
2014-05-13,68.7699966430664,68.80000305175781,68.61000061035156,68.7699966430664,18673500
2014-05-14,68.75,68.9000015258789,68.55000305175781,68.63999938964844,15816700
2014-05-15,68.48999786376953,68.52999877929688,68.08000183105469,68.33999633789062,20007500
2014-05-16,68.3499984741211,68.48999786376953,68.2300033569336,68.48999786376953,12874500
2014-05-19,68.12000274658203,68.4000015258789,68.0999984741211,68.3499984741211,9415200
2014-05-20,68.11000061035156,68.1500015258789,67.72000122070312,67.91999816894531,13695200
2014-05-21,68.19999694824219,68.47000122070312,68.16999816894531,68.44999694824219,10953400
2014-05-22,68.45999908447266,68.61000061035156,68.41000366210938,68.54000091552734,8121800
2014-05-23,68.48999786376953,68.79000091552734,68.48999786376953,68.72000122070312,7649000
2014-05-27,69.22000122070312,69.26000213623047,68.9800033569336,69.20999908447266,9819700
2014-05-28,69.0199966430664,69.05999755859375,68.8499984741211,68.9800033569336,8894300
2014-05-29,69.27999877929688,69.4000015258789,69.13999938964844,69.4000015258789,16668400
2014-05-30,69.31999969482422,69.44999694824219,69.26000213623047,69.41000366210938,15728200
2014-06-02,69.63999938964844,69.63999938964844,69.4000015258789,69.55000305175781,8915100
2014-06-03,69.31999969482422,69.41000366210938,69.29000091552734,69.37999725341797,9629100
2014-06-04,69.2300033569336,69.43000030517578,69.16000366210938,69.36000061035156,10850800
2014-06-05,69.55999755859375,69.9000015258789,69.30999755859375,69.83999633789062,11099400
2014-06-06,70.0199966430664,70.22000122070312,69.91000366210938,70.22000122070312,11780100
2014-06-09,69.94999694824219,70.19000244140625,69.91999816894531,70.1500015258789,12685200
2014-06-10,69.8499984741211,70.0,69.73999786376953,70.0,11347600
2014-06-11,69.69000244140625,69.77999877929688,69.56999969482422,69.6500015258789,8827200
2014-06-12,69.87000274658203,69.94000244140625,69.55000305175781,69.66999816894531,10679500
2014-06-13,69.72000122070312,69.86000061035156,69.55000305175781,69.72000122070312,22214700
2014-06-16,69.5999984741211,69.80999755859375,69.55999755859375,69.73999786376953,9584600
2014-06-17,69.41000366210938,69.69999694824219,69.38999938964844,69.69000244140625,9222700
2014-06-18,69.7699966430664,70.30999755859375,69.54000091552734,70.29000091552734,14870300
2014-06-19,70.7300033569336,70.79000091552734,70.54000091552734,70.66999816894531,12490400
2014-06-20,70.56999969482422,70.61000061035156,70.41999816894531,70.55000305175781,16113100
2014-06-23,70.2300033569336,70.38999938964844,70.04000091552734,70.36000061035156,9836000
2014-06-24,70.20999908447266,70.27999877929688,69.83999633789062,69.91999816894531,17809900
2014-06-25,67.88999938964844,68.27999877929688,67.87999725341797,68.22000122070312,17373100
2014-06-26,68.12000274658203,68.27999877929688,67.66999816894531,68.2699966430664,14342000
2014-06-27,68.04000091552734,68.33999633789062,67.97000122070312,68.30999755859375,9721300
2014-06-30,68.16000366210938,68.44000244140625,68.1500015258789,68.37000274658203,16580700
2014-07-01,68.72000122070312,69.08000183105469,68.68000030517578,68.97000122070312,12975000
2014-07-02,68.94999694824219,69.08999633789062,68.87000274658203,69.08000183105469,11254400
2014-07-03,69.05999755859375,69.29000091552734,69.02999877929688,69.22000122070312,7757300
2014-07-07,68.69000244140625,68.79000091552734,68.58000183105469,68.68000030517578,8533400
2014-07-08,68.27999877929688,68.29000091552734,67.77999877929688,67.95999908447266,11505200
2014-07-09,67.88999938964844,68.2699966430664,67.8499984741211,68.18000030517578,15042700
2014-07-10,66.95999908447266,67.44999694824219,66.91999816894531,67.43000030517578,12905700
2014-07-11,67.33999633789062,67.5199966430664,67.16999816894531,67.47000122070312,11225800
2014-07-14,68.11000061035156,68.12000274658203,67.94000244140625,67.97000122070312,9020800
2014-07-15,68.02999877929688,68.08999633789062,67.5199966430664,67.80000305175781,12444500
2014-07-16,68.27999877929688,68.31999969482422,68.11000061035156,68.22000122070312,9427600
2014-07-17,67.81999969482422,68.0999984741211,67.30999755859375,67.3499984741211,15085100
2014-07-18,67.5199966430664,67.98999786376953,67.4800033569336,67.87999725341797,11615300
2014-07-21,67.45999908447266,67.66999816894531,67.31999969482422,67.62999725341797,12114800
2014-07-22,67.98999786376953,68.05999755859375,67.88999938964844,67.93000030517578,12232800
2014-07-23,68.19999694824219,68.19999694824219,68.0,68.06999969482422,8668200
2014-07-24,68.26000213623047,68.31999969482422,68.13999938964844,68.2300033569336,6826200
2014-07-25,68.11000061035156,68.1500015258789,67.69000244140625,67.94999694824219,8885700
2014-07-28,67.95999908447266,68.05999755859375,67.58000183105469,67.95999908447266,8065900
2014-07-29,68.1500015258789,68.19000244140625,67.77999877929688,67.81999969482422,9154800
2014-07-30,67.81999969482422,67.95999908447266,67.45999908447266,67.72000122070312,11169300
2014-07-31,67.02999877929688,67.12000274658203,66.5199966430664,66.58999633789062,26161000
2014-08-01,66.31999969482422,66.56999969482422,66.0,66.12999725341797,25398300
2014-08-04,66.41000366210938,66.55999755859375,66.02999877929688,66.44000244140625,15220800
2014-08-05,66.06999969482422,66.12000274658203,65.45999908447266,65.58999633789062,20914100
2014-08-06,65.08999633789062,65.61000061035156,65.08000183105469,65.43000030517578,16592700
2014-08-07,65.56999969482422,65.63999938964844,64.7300033569336,64.9000015258789,17344900
2014-08-08,64.83999633789062,65.31999969482422,64.70999908447266,65.27999877929688,15434200
2014-08-11,65.56999969482422,65.69000244140625,65.47000122070312,65.52999877929688,10497600
2014-08-12,65.43000030517578,65.58000183105469,65.31999969482422,65.4800033569336,12398400
2014-08-13,65.87000274658203,65.98999786376953,65.72000122070312,65.8499984741211,12378700
2014-08-14,66.0999984741211,66.20999908447266,66.0,66.19999694824219,11941600
2014-08-15,66.51000213623047,66.62000274658203,65.5999984741211,66.12999725341797,23432900
2014-08-18,66.43000030517578,66.58999633789062,66.38999938964844,66.55999755859375,11630700
2014-08-19,66.58999633789062,66.72000122070312,66.55999755859375,66.72000122070312,8514300
2014-08-20,66.33000183105469,66.5999984741211,66.31999969482422,66.51000213623047,11419400
2014-08-21,66.69000244140625,66.88999938964844,66.6500015258789,66.79000091552734,8522800
2014-08-22,66.5999984741211,66.6500015258789,66.23999786376953,66.47000122070312,9000900
2014-08-25,66.77999877929688,67.08000183105469,66.73999786376953,66.9000015258789,13867600
2014-08-26,66.9800033569336,67.19000244140625,66.88999938964844,66.91000366210938,22103600
2014-08-27,67.19000244140625,67.19999694824219,66.97000122070312,67.04000091552734,10792900
2014-08-28,66.62999725341797,66.79000091552734,66.56999969482422,66.73999786376953,10674300
2014-08-29,66.72000122070312,66.7699966430664,66.45999908447266,66.70999908447266,19832700
2014-09-02,66.91000366210938,66.91000366210938,66.61000061035156,66.83999633789062,14537000
2014-09-03,67.44999694824219,67.47000122070312,67.19000244140625,67.30999755859375,15490700
2014-09-04,67.22000122070312,67.41000366210938,66.83000183105469,66.98999786376953,11043000
2014-09-05,66.80000305175781,67.0199966430664,66.63999938964844,67.0,9374300
2014-09-08,66.5,66.61000061035156,66.16000366210938,66.29000091552734,13282600
2014-09-09,66.20999908447266,66.20999908447266,65.87999725341797,66.0999984741211,15015000
2014-09-10,66.0999984741211,66.4800033569336,66.02999877929688,66.4800033569336,14634800
2014-09-11,66.01000213623047,66.13999938964844,65.83999633789062,66.11000061035156,12136700
2014-09-12,66.05000305175781,66.0999984741211,65.83999633789062,66.0199966430664,12022900
2014-09-15,65.93000030517578,65.97000122070312,65.76000213623047,65.87999725341797,8709500
2014-09-16,65.52999877929688,66.25,65.51000213623047,66.16000366210938,14405100
2014-09-17,65.97000122070312,66.0999984741211,65.52999877929688,65.69000244140625,19753900
2014-09-18,66.05999755859375,66.26000213623047,66.05000305175781,66.19999694824219,14467500
2014-09-19,66.29000091552734,66.30999755859375,65.91999816894531,65.97000122070312,11800500
2014-09-22,65.88999938964844,65.9000015258789,65.52999877929688,65.68000030517578,29390800
2014-09-23,65.23999786376953,65.44000244140625,65.05000305175781,65.12999725341797,18721700
2014-09-24,65.13999938964844,65.51000213623047,64.94999694824219,65.45999908447266,12589900
2014-09-25,65.12000274658203,65.12000274658203,64.43000030517578,64.5,15639300
2014-09-26,64.70999908447266,64.97000122070312,64.55000305175781,64.7699966430664,14040200
2014-09-29,64.08000183105469,64.3499984741211,63.9900016784668,64.16999816894531,17351800
2014-09-30,63.9900016784668,64.33000183105469,63.84999847412109,64.12000274658203,17807600
2014-10-01,63.75,63.83000183105469,63.22999954223633,63.36000061035156,21791100
2014-10-02,63.0099983215332,63.08000183105469,62.09999847412109,62.68000030517578,21687600
2014-10-03,62.59000015258789,62.7599983215332,62.43000030517578,62.68000030517578,11116900
2014-10-06,63.02000045776367,63.16999816894531,62.66999816894531,63.08000183105469,16614000
2014-10-07,62.65999984741211,62.68999862670898,62.0,62.0099983215332,15615700
2014-10-08,62.08000183105469,63.09000015258789,61.84999847412109,62.9900016784668,18310300
2014-10-09,62.380001068115234,62.5099983215332,61.22999954223633,61.29999923706055,23813400
2014-10-10,61.0099983215332,61.18000030517578,60.36000061035156,60.380001068115234,26414400
2014-10-13,61.04999923706055,61.20000076293945,60.27999877929688,60.29999923706055,16363600
2014-10-14,60.7400016784668,60.95000076293945,60.34000015258789,60.45000076293945,22292200
2014-10-15,60.04999923706055,60.15999984741211,58.970001220703125,60.09000015258789,37303900
2014-10-16,58.68000030517578,60.09000015258789,58.61000061035156,59.52999877929688,49006500
2014-10-17,60.459999084472656,60.79999923706055,60.27999877929688,60.63999938964844,22794100
2014-10-20,60.56999969482422,61.119998931884766,60.54999923706055,61.02000045776367,22996200
2014-10-21,61.34000015258789,61.79999923706055,61.290000915527344,61.75,16849600
2014-10-22,61.709999084472656,61.880001068115234,61.25,61.29999923706055,13982300
2014-10-23,61.81999969482422,62.209999084472656,61.75,61.88999938964844,17097000
2014-10-24,62.060001373291016,62.25,61.869998931884766,62.22999954223633,12251100
2014-10-27,61.68000030517578,62.15999984741211,61.59000015258789,61.880001068115234,17838400
2014-10-28,62.52999877929688,62.83000183105469,62.45000076293945,62.81999969482422,14653100
2014-10-29,63.0,63.119998931884766,62.13999938964844,62.34000015258789,21781800
2014-10-30,62.13999938964844,62.97999954223633,62.08000183105469,62.790000915527344,14596000
2014-10-31,63.709999084472656,63.97999954223633,63.52999877929688,63.95000076293945,22786800
2014-11-03,63.52000045776367,63.61000061035156,63.20000076293945,63.400001525878906,14384800
2014-11-04,62.93999862670898,63.06999969482422,62.65999984741211,63.040000915527344,12741800
2014-11-05,63.18000030517578,63.25,62.880001068115234,63.15999984741211,13033500
2014-11-06,63.02000045776367,63.18000030517578,62.65999984741211,62.81999969482422,13624500
2014-11-07,62.61000061035156,62.869998931884766,62.380001068115234,62.84999847412109,10950900
2014-11-10,63.09000015258789,63.20000076293945,62.900001525878906,63.130001068115234,10235200
2014-11-11,63.290000915527344,63.58000183105469,63.15999984741211,63.5099983215332,12372800
2014-11-12,62.810001373291016,63.08000183105469,62.79999923706055,62.970001220703125,9970700
2014-11-13,63.040000915527344,63.400001525878906,63.0,63.27000045776367,18654700
2014-11-14,62.880001068115234,63.38999938964844,62.869998931884766,63.36000061035156,13368600
2014-11-17,62.84000015258789,63.16999816894531,62.810001373291016,63.11000061035156,11203700
2014-11-18,63.58000183105469,63.90999984741211,63.540000915527344,63.79999923706055,19695400
2014-11-19,63.630001068115234,63.83000183105469,63.34000015258789,63.61000061035156,13908800
2014-11-20,62.970001220703125,63.400001525878906,62.95000076293945,63.22999954223633,16494400
2014-11-21,64.0199966430664,64.05999755859375,63.56999969482422,63.77999877929688,22414400
2014-11-24,64.05999755859375,64.16000366210938,63.93000030517578,64.1500015258789,16662600
2014-11-25,64.16000366210938,64.33000183105469,64.0199966430664,64.26000213623047,18289600
2014-11-26,64.33999633789062,64.54000091552734,64.23999786376953,64.51000213623047,9788000
2014-11-28,64.0999984741211,64.16000366210938,63.93999862670898,63.9900016784668,8429300
2014-12-01,64.02999877929688,64.08000183105469,63.72999954223633,63.93000030517578,14827800
2014-12-02,64.05999755859375,64.12999725341797,63.91999816894531,64.11000061035156,19349300
2014-12-03,63.95000076293945,64.08999633789062,63.86000061035156,64.02999877929688,10722400
2014-12-04,63.86000061035156,64.08999633789062,63.61000061035156,63.81999969482422,18286400
2014-12-05,63.97999954223633,64.16000366210938,63.810001373291016,63.959999084472656,13947000
2014-12-08,63.59000015258789,63.709999084472656,63.34999847412109,63.400001525878906,14590200
2014-12-09,62.810001373291016,63.11000061035156,62.619998931884766,63.060001373291016,18136300
2014-12-10,62.900001525878906,62.900001525878906,62.15999984741211,62.2599983215332,27669700
2014-12-11,62.36000061035156,62.68000030517578,62.11000061035156,62.18000030517578,19542600
2014-12-12,62.0099983215332,62.119998931884766,60.93999862670898,60.97999954223633,31169600
2014-12-15,61.15999984741211,61.2599983215332,59.77999877929688,59.970001220703125,38599900
2014-12-16,60.02000045776367,61.15999984741211,59.91999816894531,60.400001525878906,38250500
2014-12-17,60.02000045776367,60.959999084472656,59.9900016784668,60.52999877929688,28795300
2014-12-18,61.220001220703125,61.70000076293945,61.119998931884766,61.61000061035156,33053700
2014-12-19,61.470001220703125,61.880001068115234,61.33000183105469,61.70000076293945,29690700
2014-12-22,61.970001220703125,62.040000915527344,61.75,62.0,24782500
2014-12-23,61.869998931884766,61.95000076293945,61.709999084472656,61.79999923706055,21929200
2014-12-24,61.880001068115234,62.220001220703125,61.77999877929688,62.08000183105469,12379400
2014-12-26,62.27000045776367,62.34999847412109,62.18999862670898,62.2400016784668,17681100
2014-12-29,61.709999084472656,62.0099983215332,61.70000076293945,61.790000915527344,22005600
2014-12-30,61.43999862670898,61.5,61.20000076293945,61.220001220703125,20271600
2014-12-31,61.45000076293945,61.459999084472656,60.810001373291016,60.84000015258789,22495000
2015-01-02,61.04999923706055,61.130001068115234,60.459999084472656,60.58000183105469,24674800
2015-01-05,59.72999954223633,59.77999877929688,59.0,59.150001525878906,28468200
2015-01-06,59.09999847412109,59.310001373291016,58.290000915527344,58.47999954223633,21711600
2015-01-07,58.95000076293945,59.22999954223633,58.56999969482422,59.130001068115234,19048900
2015-01-08,59.4900016784668,60.13999938964844,59.459999084472656,59.93000030517578,16680000
2015-01-09,60.0,60.0,59.34000015258789,59.63999938964844,17938200
2015-01-12,59.709999084472656,59.7599983215332,59.209999084472656,59.5,18561200
2015-01-13,60.2400016784668,60.38999938964844,59.380001068115234,59.79999923706055,15396200
2015-01-14,59.5099983215332,59.75,59.220001220703125,59.630001068115234,16051900
2015-01-15,60.34999847412109,60.40999984741211,59.86000061035156,60.0099983215332,21885100
2015-01-16,60.08000183105469,60.84000015258789,59.9900016784668,60.790000915527344,29675500
2015-01-20,61.27000045776367,61.310001373291016,60.7599983215332,61.0,19318000
2015-01-21,60.97999954223633,61.5,60.88999938964844,61.47999954223633,26882500
2015-01-22,61.29999923706055,61.869998931884766,61.16999816894531,61.709999084472656,15610400
2015-01-23,61.59999847412109,61.77000045776367,61.34000015258789,61.36000061035156,19495700
2015-01-26,61.86000061035156,62.34000015258789,61.70000076293945,62.20000076293945,18463300
2015-01-27,62.06999969482422,62.41999816894531,61.93000030517578,62.290000915527344,20064300
2015-01-28,62.310001373291016,62.380001068115234,61.33000183105469,61.36000061035156,20033100
2015-01-29,61.88999938964844,62.25,61.66999816894531,62.20000076293945,31207900
2015-01-30,61.59000015258789,61.810001373291016,61.20000076293945,61.220001220703125,39271000
2015-02-02,61.630001068115234,62.09999847412109,61.459999084472656,61.959999084472656,24878700
2015-02-03,62.34000015258789,63.060001373291016,62.31999969482422,62.95000076293945,27679400
2015-02-04,62.619998931884766,62.95000076293945,62.380001068115234,62.43000030517578,17454200
2015-02-05,62.84000015258789,63.29999923706055,62.7599983215332,63.290000915527344,23933500
2015-02-06,62.68999862670898,62.900001525878906,62.31999969482422,62.5,18530100
2015-02-09,61.9900016784668,62.380001068115234,61.9900016784668,62.20000076293945,15940500
2015-02-10,62.59000015258789,62.81999969482422,62.310001373291016,62.77000045776367,14302500
2015-02-11,62.36000061035156,62.560001373291016,62.119998931884766,62.43000030517578,16405400
2015-02-12,62.86000061035156,63.40999984741211,62.86000061035156,63.400001525878906,16664700
2015-02-13,63.65999984741211,63.84000015258789,63.650001525878906,63.81999969482422,17919100
2015-02-17,63.70000076293945,64.0999984741211,63.540000915527344,63.970001220703125,13660300
2015-02-18,64.16000366210938,64.54000091552734,64.04000091552734,64.3499984741211,16777800
2015-02-19,64.3499984741211,64.66999816894531,64.30999755859375,64.43000030517578,17091000
2015-02-20,64.23999786376953,65.2699966430664,64.12999725341797,65.02999877929688,34658700
2015-02-23,64.68000030517578,64.91000366210938,64.62999725341797,64.80000305175781,13630900
2015-02-24,64.77999877929688,65.29000091552734,64.66000366210938,65.19999694824219,16373400
2015-02-25,65.0999984741211,65.33000183105469,65.0199966430664,65.25,10224800
2015-02-26,65.0999984741211,65.23999786376953,64.93000030517578,65.06999969482422,12791000
2015-02-27,65.12999725341797,65.3499984741211,65.02999877929688,65.0999984741211,22960900
2015-03-02,65.08000183105469,65.22000122070312,64.97000122070312,65.19999694824219,21297800
2015-03-03,64.95999908447266,65.05000305175781,64.62999725341797,64.80000305175781,12564400
2015-03-04,64.44000244140625,64.58999633789062,64.08000183105469,64.54000091552734,15625100
2015-03-05,64.73999786376953,64.88999938964844,64.56999969482422,64.69000244140625,15540900
2015-03-06,64.18000030517578,64.31999969482422,63.75,63.810001373291016,24040500
2015-03-09,63.77999877929688,63.9900016784668,63.709999084472656,63.90999984741211,11909000
2015-03-10,62.86000061035156,62.97999954223633,62.4900016784668,62.52000045776367,20980000
2015-03-11,62.630001068115234,62.81999969482422,62.38999938964844,62.68000030517578,20000400
2015-03-12,63.400001525878906,63.47999954223633,63.130001068115234,63.459999084472656,16362200
2015-03-13,62.95000076293945,63.13999938964844,62.68999862670898,63.09000015258789,16277200
2015-03-16,63.52999877929688,63.900001525878906,63.5,63.79999923706055,15828700
2015-03-17,63.47999954223633,63.72999954223633,63.29999923706055,63.63999938964844,16273300
2015-03-18,63.630001068115234,65.0999984741211,63.61000061035156,65.0,28290700
2015-03-19,64.23999786376953,64.41000366210938,64.06999969482422,64.23999786376953,20155100
2015-03-20,65.31999969482422,65.9000015258789,65.11000061035156,65.66000366210938,28789300
2015-03-23,65.87999725341797,66.12999725341797,65.72000122070312,65.98999786376953,13958700
2015-03-24,66.11000061035156,66.20999908447266,65.8499984741211,65.8499984741211,18037300
2015-03-25,66.08999633789062,66.19000244140625,65.5,65.54000091552734,17853700
2015-03-26,64.9800033569336,65.12000274658203,64.54000091552734,64.97000122070312,24344500
2015-03-27,64.9800033569336,65.20999908447266,64.81999969482422,65.13999938964844,16596700
2015-03-30,65.12999725341797,65.33000183105469,65.0999984741211,65.18000030517578,27480200
2015-03-31,64.13999938964844,64.54000091552734,64.06999969482422,64.16999816894531,27717200
2015-04-01,64.66000366210938,64.66000366210938,64.16999816894531,64.62999725341797,30907000
2015-04-02,65.01000213623047,65.23999786376953,64.93000030517578,65.19000244140625,15597200
2015-04-06,65.58999633789062,66.1500015258789,65.41000366210938,65.8499984741211,16304600
2015-04-07,65.94999694824219,66.23999786376953,65.7300033569336,65.76000213623047,13742900
2015-04-08,66.4000015258789,66.43000030517578,65.75,66.04000091552734,16148300
2015-04-09,66.0999984741211,66.13999938964844,65.80999755859375,66.12999725341797,17741100
2015-04-10,65.98999786376953,66.2699966430664,65.93000030517578,66.26000213623047,12665800
2015-04-13,65.95999908447266,66.12000274658203,65.72000122070312,65.83999633789062,15048700
2015-04-14,66.23999786376953,66.37000274658203,66.12999725341797,66.33000183105469,13929800
2015-04-15,66.51000213623047,66.73999786376953,66.22000122070312,66.62999725341797,13210600
2015-04-16,66.69999694824219,67.0,66.41000366210938,66.80999755859375,17461200
2015-04-17,65.94000244140625,66.04000091552734,65.69000244140625,65.97000122070312,18805200
2015-04-20,66.01000213623047,66.2300033569336,65.95999908447266,66.04000091552734,12557400
2015-04-21,66.62000274658203,66.79000091552734,66.48999786376953,66.62999725341797,10696800
2015-04-22,66.6500015258789,66.77999877929688,66.31999969482422,66.76000213623047,8776100
2015-04-23,66.38999938964844,67.11000061035156,66.3499984741211,67.01000213623047,12240700
2015-04-24,67.2699966430664,67.51000213623047,66.98999786376953,67.4000015258789,11090300
2015-04-27,67.7699966430664,68.05999755859375,67.66000366210938,67.7300033569336,18320600
2015-04-28,67.55999755859375,67.83000183105469,67.3499984741211,67.80999755859375,13769200
2015-04-29,67.30000305175781,67.5199966430664,66.95999908447266,67.22000122070312,19465500
2015-04-30,66.75,66.91999816894531,66.43000030517578,66.51000213623047,27726500
2015-05-01,66.86000061035156,67.4000015258789,66.6500015258789,67.25,28710200
2015-05-04,67.20999908447266,67.30000305175781,67.05000305175781,67.18000030517578,18863100
2015-05-05,66.9000015258789,66.91000366210938,66.08000183105469,66.18000030517578,21317400
2015-05-06,66.5999984741211,66.69999694824219,66.06999969482422,66.3499984741211,16573500
2015-05-07,66.05999755859375,66.22000122070312,65.8499984741211,66.12999725341797,17710600
2015-05-08,67.27999877929688,67.76000213623047,67.26000213623047,67.66000366210938,30634400
2015-05-11,67.16000366210938,67.37999725341797,67.04000091552734,67.06999969482422,14535400
2015-05-12,66.94999694824219,67.19999694824219,66.83000183105469,67.02999877929688,12054200
2015-05-13,67.72000122070312,67.9000015258789,67.43000030517578,67.52999877929688,14542800
2015-05-14,68.12999725341797,68.36000061035156,68.0,68.33999633789062,18271700
2015-05-15,68.11000061035156,68.4800033569336,67.9800033569336,68.41999816894531,14671800
2015-05-18,68.0999984741211,68.25,67.98999786376953,68.19000244140625,11873600
2015-05-19,67.91999816894531,68.08999633789062,67.83999633789062,67.93000030517578,11406600
2015-05-20,67.9000015258789,68.27999877929688,67.80000305175781,68.05999755859375,13862700
2015-05-21,68.16000366210938,68.5199966430664,68.11000061035156,68.41999816894531,11439500
2015-05-22,68.06999969482422,68.12999725341797,67.91999816894531,67.9800033569336,12172900
2015-05-26,67.36000061035156,67.38999938964844,66.62999725341797,66.76000213623047,20327400
2015-05-27,66.83999633789062,67.4800033569336,66.80999755859375,67.41000366210938,17786100
2015-05-28,67.05999755859375,67.36000061035156,66.76000213623047,67.29000091552734,12744700
2015-05-29,66.94999694824219,67.08000183105469,66.31999969482422,66.63999938964844,23778800
2015-06-01,66.80000305175781,66.8499984741211,66.19000244140625,66.45999908447266,19068900
2015-06-02,66.63999938964844,67.08999633789062,66.5199966430664,66.7699966430664,14239100
2015-06-03,67.02999877929688,67.4800033569336,67.02999877929688,67.13999938964844,21307800
2015-06-04,66.69999694824219,67.19000244140625,66.20999908447266,66.41999816894531,17187400
2015-06-05,65.47000122070312,65.87999725341797,65.23999786376953,65.62999725341797,14624100
2015-06-08,65.52999877929688,65.5999984741211,65.29000091552734,65.54000091552734,14677000
2015-06-09,65.19999694824219,65.36000061035156,64.87000274658203,65.18000030517578,13114600
2015-06-10,66.1500015258789,66.7300033569336,66.06999969482422,66.55000305175781,17291600
2015-06-11,66.80999755859375,66.94999694824219,66.43000030517578,66.7300033569336,20555100
2015-06-12,66.04000091552734,66.45999908447266,65.81999969482422,66.19999694824219,15305800
2015-06-15,65.38999938964844,65.8499984741211,65.33999633789062,65.80000305175781,15121100
2015-06-16,65.47000122070312,65.83999633789062,65.36000061035156,65.77999877929688,11991200
2015-06-17,65.54000091552734,65.79000091552734,64.98999786376953,65.62999725341797,17100700
2015-06-18,65.83000183105469,66.77999877929688,65.77999877929688,66.22000122070312,24587300
2015-06-19,66.16000366210938,66.26000213623047,66.0199966430664,66.05999755859375,15281900
2015-06-22,67.33000183105469,67.72000122070312,67.19000244140625,67.30999755859375,28716900
2015-06-23,67.41999816894531,67.5999984741211,67.4000015258789,67.48999786376953,13661300
2015-06-24,67.12999725341797,67.30000305175781,66.87000274658203,66.91000366210938,21326500
2015-06-25,66.06999969482422,66.06999969482422,65.72000122070312,65.7699966430664,16402800
2015-06-26,65.87000274658203,66.02999877929688,65.58000183105469,65.73999786376953,19240800
2015-06-29,64.43000030517578,64.66999816894531,63.56999969482422,63.720001220703125,33747100
2015-06-30,64.37000274658203,64.37999725341797,63.2599983215332,63.4900016784668,32195400
2015-07-01,64.2300033569336,64.31999969482422,63.650001525878906,63.900001525878906,31824800
2015-07-02,64.08000183105469,64.11000061035156,63.81999969482422,63.97999954223633,20988500
2015-07-06,62.63999938964844,63.2400016784668,62.4900016784668,62.68999862670898,21103800
2015-07-07,62.25,62.81999969482422,61.43000030517578,62.709999084472656,36633400
2015-07-08,61.720001220703125,61.7599983215332,61.119998931884766,61.25,32728200
2015-07-09,62.650001525878906,62.720001220703125,62.130001068115234,62.2599983215332,19963400
2015-07-10,64.18000030517578,64.38999938964844,63.86000061035156,64.30000305175781,28190400
2015-07-13,64.51000213623047,64.66999816894531,64.44000244140625,64.54000091552734,14287600
2015-07-14,64.79000091552734,65.16000366210938,64.69999694824219,65.08000183105469,19816200
2015-07-15,64.91999816894531,65.06999969482422,64.66999816894531,64.83999633789062,14709600
2015-07-16,65.44999694824219,65.55999755859375,65.33999633789062,65.4000015258789,20763400
2015-07-17,65.37000274658203,65.37000274658203,65.20999908447266,65.29000091552734,14773600
2015-07-20,65.48999786376953,65.61000061035156,65.30999755859375,65.45999908447266,8767800
2015-07-21,65.23999786376953,65.37000274658203,65.13999938964844,65.2699966430664,14081800
2015-07-22,64.58999633789062,64.80999755859375,64.58999633789062,64.7699966430664,10181700
2015-07-23,64.87999725341797,64.9000015258789,64.48999786376953,64.5999984741211,10900900
2015-07-24,64.44999694824219,64.47000122070312,63.81999969482422,63.88999938964844,13709400
2015-07-27,63.7400016784668,63.75,63.31999969482422,63.41999816894531,19026100
2015-07-28,63.869998931884766,64.25,63.56999969482422,64.22000122070312,14788100
2015-07-29,64.16999816894531,64.66000366210938,64.12999725341797,64.44999694824219,15938900
2015-07-30,64.20999908447266,64.41000366210938,63.91999816894531,64.4000015258789,17496700
2015-07-31,64.9800033569336,65.0199966430664,64.58999633789062,64.77999877929688,20646900
2015-08-03,64.8499984741211,64.87999725341797,64.41000366210938,64.61000061035156,25131600
2015-08-04,64.75,64.86000061035156,64.51000213623047,64.66000366210938,13359000
2015-08-05,65.0199966430664,65.19000244140625,64.91999816894531,65.0,13602700
2015-08-06,64.87999725341797,64.95999908447266,64.54000091552734,64.7300033569336,12451300
2015-08-07,64.38999938964844,64.6500015258789,64.30999755859375,64.61000061035156,14351200
2015-08-10,64.77999877929688,65.43000030517578,64.7699966430664,65.4000015258789,13702900
2015-08-11,64.5,64.58000183105469,64.12999725341797,64.4000015258789,15705800
2015-08-12,63.52000045776367,63.93999862670898,63.150001525878906,63.93999862670898,27756600
2015-08-13,63.83000183105469,64.0199966430664,63.650001525878906,63.900001525878906,12709600
2015-08-14,63.68000030517578,64.02999877929688,63.619998931884766,64.0,16930100
2015-08-17,63.459999084472656,63.88999938964844,63.34999847412109,63.880001068115234,8885600
2015-08-18,63.470001220703125,63.59999847412109,63.27999877929688,63.400001525878906,10943800
2015-08-19,62.900001525878906,63.130001068115234,62.47999954223633,62.84000015258789,16573300
2015-08-20,62.119998931884766,62.220001220703125,61.29999923706055,61.31999969482422,32339100
2015-08-21,61.13999938964844,61.29999923706055,59.7599983215332,59.91999816894531,47017700
2015-08-24,57.34999847412109,59.119998931884766,56.5099983215332,57.84999847412109,62952900
2015-08-25,60.380001068115234,60.38999938964844,58.29999923706055,58.400001525878906,50627000
2015-08-26,59.68000030517578,59.810001373291016,58.380001068115234,59.77999877929688,49202900
2015-08-27,60.06999969482422,60.70000076293945,59.970001220703125,60.5099983215332,39984000
2015-08-28,60.11000061035156,60.540000915527344,60.06999969482422,60.41999816894531,24230800
2015-08-31,60.040000915527344,60.27000045776367,59.7599983215332,59.970001220703125,35806800
2015-09-01,58.25,58.56999969482422,57.77000045776367,57.959999084472656,42250400
2015-09-02,58.93000030517578,58.93999862670898,58.20000076293945,58.81999969482422,23372700
2015-09-03,59.02000045776367,59.40999984741211,58.81999969482422,58.959999084472656,23500600
2015-09-04,57.709999084472656,57.93999862670898,57.34000015258789,57.61000061035156,25772900
2015-09-08,59.04999923706055,59.33000183105469,58.86000061035156,59.29999923706055,21504500
2015-09-09,60.22999954223633,60.25,59.0,59.060001373291016,29179700
2015-09-10,59.11000061035156,59.68999862670898,59.0,59.45000076293945,20800900
2015-09-11,59.02000045776367,59.43999862670898,58.90999984741211,59.43999862670898,12954100
2015-09-14,58.93000030517578,59.02999877929688,58.720001220703125,58.9900016784668,12187400
2015-09-15,58.880001068115234,59.43999862670898,58.790000915527344,59.38999938964844,18168800
2015-09-16,59.900001525878906,60.31999969482422,59.810001373291016,60.29999923706055,28218500
2015-09-17,59.93999862670898,61.02000045776367,59.91999816894531,60.33000183105469,24074700
2015-09-18,59.18999862670898,59.47999954223633,58.790000915527344,58.81999969482422,36952900
2015-09-21,59.0,59.11000061035156,58.540000915527344,58.790000915527344,17896300
2015-09-22,57.40999984741211,57.56999969482422,56.97999954223633,57.38999938964844,29234800
2015-09-23,57.470001220703125,57.52000045776367,56.900001525878906,57.119998931884766,17145200
2015-09-24,56.63999938964844,57.09000015258789,56.29999923706055,56.959999084472656,22895100
2015-09-25,57.81999969482422,57.93999862670898,57.220001220703125,57.459999084472656,21771400
2015-09-28,57.02000045776367,57.060001373291016,56.2400016784668,56.33000183105469,18785000
2015-09-29,56.130001068115234,56.36000061035156,55.880001068115234,56.25,20216400
2015-09-30,57.150001525878906,57.369998931884766,56.7400016784668,57.31999969482422,37769800
2015-10-01,57.66999816894531,57.77999877929688,56.9900016784668,57.5,20445200
2015-10-02,57.25,58.4900016784668,57.119998931884766,58.47999954223633,20793800
2015-10-05,59.220001220703125,59.66999816894531,59.220001220703125,59.63999938964844,27746500
2015-10-06,59.63999938964844,59.95000076293945,59.56999969482422,59.709999084472656,18133100
2015-10-07,60.369998931884766,60.619998931884766,59.959999084472656,60.459999084472656,20499100
2015-10-08,60.060001373291016,60.93999862670898,60.060001373291016,60.93999862670898,16875500
2015-10-09,61.04999923706055,61.18999862670898,60.84999847412109,61.04999923706055,16867900
2015-10-12,60.93000030517578,61.02000045776367,60.79999923706055,60.93000030517578,9238000
2015-10-13,60.119998931884766,60.630001068115234,60.09999847412109,60.15999984741211,19519200
2015-10-14,60.31999969482422,60.5099983215332,60.09999847412109,60.27999877929688,20762200
2015-10-15,60.7599983215332,61.34000015258789,60.70000076293945,61.310001373291016,21855600
2015-10-16,61.220001220703125,61.31999969482422,61.0099983215332,61.2599983215332,23372400
2015-10-19,61.0,61.060001373291016,60.810001373291016,61.04999923706055,11784700
2015-10-20,60.77999877929688,60.959999084472656,60.720001220703125,60.79999923706055,12930000
2015-10-21,61.16999816894531,61.20000076293945,60.72999954223633,60.77000045776367,12731700
2015-10-22,61.11000061035156,61.70000076293945,61.09000015258789,61.45000076293945,28347500
2015-10-23,61.9900016784668,62.18999862670898,61.79999923706055,62.060001373291016,16648500
2015-10-26,61.970001220703125,61.9900016784668,61.77999877929688,61.83000183105469,14032900
2015-10-27,61.369998931884766,61.47999954223633,61.20000076293945,61.290000915527344,14566400
2015-10-28,61.540000915527344,62.02999877929688,61.119998931884766,61.68999862670898,17326300
2015-10-29,60.959999084472656,61.290000915527344,60.959999084472656,61.2400016784668,12843000
2015-10-30,61.2599983215332,61.52000045776367,61.08000183105469,61.11000061035156,19115300
2015-11-02,61.43999862670898,61.68999862670898,61.369998931884766,61.68999862670898,14749700
2015-11-03,61.290000915527344,61.81999969482422,61.209999084472656,61.66999816894531,14282900
2015-11-04,61.720001220703125,61.75,61.150001525878906,61.33000183105469,21019300
2015-11-05,61.45000076293945,61.52999877929688,61.06999969482422,61.220001220703125,21648100
2015-11-06,60.84000015258789,61.0,60.540000915527344,60.93999862670898,17523200
2015-11-09,60.560001373291016,60.630001068115234,60.06999969482422,60.310001373291016,23887600
2015-11-10,60.02999877929688,60.290000915527344,59.93000030517578,60.27000045776367,14471900
2015-11-11,60.79999923706055,60.84000015258789,60.47999954223633,60.58000183105469,14220000
2015-11-12,60.060001373291016,60.290000915527344,59.790000915527344,59.790000915527344,31911300
2015-11-13,59.5,59.59000015258789,59.18999862670898,59.290000915527344,26248400
2015-11-16,59.34000015258789,60.04999923706055,59.31999969482422,60.040000915527344,16939200
2015-11-17,60.29999923706055,60.52000045776367,60.09000015258789,60.20000076293945,22458600
2015-11-18,60.38999938964844,60.83000183105469,60.27000045776367,60.75,15481000
2015-11-19,61.11000061035156,61.29999923706055,61.02000045776367,61.060001373291016,19981100
2015-11-20,61.2400016784668,61.34999847412109,60.880001068115234,60.91999816894531,18499800
2015-11-23,60.7599983215332,60.900001525878906,60.41999816894531,60.540000915527344,19432800
2015-11-24,60.09999847412109,60.63999938964844,60.060001373291016,60.54999923706055,21727000
2015-11-25,60.63999938964844,60.81999969482422,60.47999954223633,60.68999862670898,13351700
2015-11-27,60.7599983215332,60.79999923706055,60.650001525878906,60.70000076293945,6400400
2015-11-30,60.790000915527344,60.81999969482422,60.59000015258789,60.650001525878906,23366700
2015-12-01,61.13999938964844,61.33000183105469,60.97999954223633,61.290000915527344,34990700
2015-12-02,61.0099983215332,61.16999816894531,60.560001373291016,60.63999938964844,21426000
2015-12-03,60.95000076293945,60.97999954223633,60.09999847412109,60.34999847412109,26897100
2015-12-04,60.13999938964844,60.90999984741211,60.11000061035156,60.84000015258789,23382100
2015-12-07,60.560001373291016,60.59000015258789,60.22999954223633,60.45000076293945,29861700
2015-12-08,59.41999816894531,59.68000030517578,59.2400016784668,59.560001373291016,26323000
2015-12-09,59.56999969482422,60.02000045776367,58.9900016784668,59.290000915527344,26646700
2015-12-10,59.560001373291016,59.630001068115234,59.220001220703125,59.29999923706055,20267800
2015-12-11,58.5,58.59000015258789,58.09000015258789,58.16999816894531,29945000
2015-12-14,58.41999816894531,58.5,57.650001525878906,58.2599983215332,32246600
2015-12-15,58.619998931884766,58.81999969482422,58.41999816894531,58.54999923706055,37876700
2015-12-16,59.220001220703125,59.84000015258789,58.95000076293945,59.72999954223633,45167400
2015-12-17,59.65999984741211,59.66999816894531,58.959999084472656,58.970001220703125,40456800
2015-12-18,58.68999862670898,58.77000045776367,58.34000015258789,58.34999847412109,41659100
2015-12-21,58.5,58.560001373291016,57.84000015258789,58.11000061035156,28869600
2015-12-22,58.290000915527344,58.630001068115234,58.09000015258789,58.54999923706055,29319500
2015-12-23,59.09999847412109,59.560001373291016,59.06999969482422,59.52999877929688,29782200
2015-12-24,59.27999877929688,59.59000015258789,59.27999877929688,59.43000030517578,10950500
2015-12-28,59.29999923706055,59.33000183105469,59.09999847412109,59.290000915527344,28946900
2015-12-29,59.72999954223633,60.02999877929688,59.709999084472656,59.880001068115234,30796100
2015-12-30,59.650001525878906,59.7400016784668,59.47999954223633,59.52000045776367,18855500
2015-12-31,59.130001068115234,59.20000076293945,58.720001220703125,58.720001220703125,31818900
2016-01-04,57.81999969482422,57.84999847412109,57.150001525878906,57.81999969482422,34260200
2016-01-05,57.709999084472656,57.79999923706055,57.33000183105469,57.72999954223633,23891500
2016-01-06,56.52999877929688,56.91999816894531,56.45000076293945,56.77999877929688,22412600
2016-01-07,55.720001220703125,56.20000076293945,55.52999877929688,55.59999847412109,37579400
2016-01-08,55.93000030517578,55.9900016784668,54.84000015258789,54.93000030517578,31301100
2016-01-11,55.560001373291016,55.58000183105469,54.66999816894531,55.15999984741211,33017900
2016-01-12,55.630001068115234,55.709999084472656,54.95000076293945,55.41999816894531,29930200
2016-01-13,55.79999923706055,55.900001525878906,54.40999984741211,54.560001373291016,33481800
2016-01-14,54.77000045776367,55.5,54.36000061035156,55.2599983215332,35140200
2016-01-15,53.459999084472656,53.84999847412109,53.02000045776367,53.2599983215332,60554300
2016-01-19,54.18999862670898,54.220001220703125,53.369998931884766,53.75,35709800
2016-01-20,52.65999984741211,52.86000061035156,51.52000045776367,52.52999877929688,47944200
2016-01-21,52.31999969482422,53.22999954223633,51.93000030517578,52.91999816894531,48974700
2016-01-22,54.20000076293945,54.540000915527344,54.08000183105469,54.47999954223633,44855900
2016-01-25,54.060001373291016,54.27999877929688,53.709999084472656,53.75,36799400
2016-01-26,54.04999923706055,54.7400016784668,53.97999954223633,54.709999084472656,26789300
2016-01-27,54.59999847412109,55.15999984741211,54.150001525878906,54.36000061035156,32829200
2016-01-28,54.86000061035156,54.93000030517578,54.04999923706055,54.52000045776367,31267000
2016-01-29,54.75,55.52000045776367,54.70000076293945,55.47999954223633,37109700
2016-02-01,55.02000045776367,55.58000183105469,54.83000183105469,55.41999816894531,31082700
2016-02-02,54.630001068115234,54.630001068115234,53.93999862670898,54.130001068115234,29809100
2016-02-03,54.41999816894531,54.59000015258789,53.41999816894531,54.58000183105469,36337300
2016-02-04,54.22999954223633,54.84000015258789,54.130001068115234,54.650001525878906,28236200
2016-02-05,54.40999984741211,54.47999954223633,53.58000183105469,53.810001373291016,31548100
2016-02-08,52.93999862670898,52.959999084472656,52.31999969482422,52.810001373291016,37822400
2016-02-09,51.66999816894531,52.43000030517578,51.630001068115234,52.20000076293945,34142700
2016-02-10,52.380001068115234,52.77999877929688,52.04999923706055,52.13999938964844,32088400
2016-02-11,51.43000030517578,51.650001525878906,50.93999862670898,51.380001068115234,41750200
2016-02-12,51.52999877929688,52.290000915527344,51.310001373291016,52.27999877929688,38730500
2016-02-16,53.20000076293945,53.369998931884766,52.77000045776367,53.34000015258789,31605800
2016-02-17,53.790000915527344,54.33000183105469,53.7599983215332,54.2599983215332,25594700
2016-02-18,54.4900016784668,54.4900016784668,53.93999862670898,53.97999954223633,32694100
2016-02-19,53.56999969482422,53.970001220703125,53.400001525878906,53.91999816894531,26685400
2016-02-22,54.31999969482422,54.58000183105469,54.29999923706055,54.52999877929688,19217000
2016-02-23,54.18000030517578,54.220001220703125,53.54999923706055,53.63999938964844,19709000
2016-02-24,52.75,53.52999877929688,52.4900016784668,53.45000076293945,26718800
2016-02-25,53.75,54.09999847412109,53.5,54.09000015258789,25167000
2016-02-26,54.369998931884766,54.400001525878906,53.84999847412109,53.95000076293945,19604500
2016-02-29,53.84000015258789,54.130001068115234,53.59999847412109,53.630001068115234,30315200
2016-03-01,54.40999984741211,55.06999969482422,54.27999877929688,55.02999877929688,24585800
2016-03-02,55.0,55.45000076293945,54.880001068115234,55.40999984741211,22549400
2016-03-03,55.560001373291016,55.97999954223633,55.5099983215332,55.95000076293945,21109600
2016-03-04,56.34000015258789,56.65999984741211,56.209999084472656,56.36000061035156,22752200
2016-03-07,55.77999877929688,56.47999954223633,55.7400016784668,56.290000915527344,24047500
2016-03-08,56.04999923706055,56.04999923706055,55.66999816894531,55.7400016784668,16893200
2016-03-09,55.9900016784668,56.11000061035156,55.810001373291016,55.95000076293945,15467400
2016-03-10,56.400001525878906,56.7599983215332,55.41999816894531,55.86000061035156,28133500
2016-03-11,56.869998931884766,57.34999847412109,56.81999969482422,57.31999969482422,24374600
2016-03-14,57.2400016784668,57.34999847412109,57.06999969482422,57.20000076293945,15953300
2016-03-15,56.61000061035156,56.66999816894531,56.45000076293945,56.65999984741211,19646300
2016-03-16,56.22999954223633,57.209999084472656,56.22999954223633,57.15999984741211,25413000
2016-03-17,57.18999862670898,57.709999084472656,57.0,57.59999847412109,17906600
2016-03-18,57.5099983215332,57.68999862670898,57.41999816894531,57.5,30733400
2016-03-21,57.36000061035156,57.540000915527344,57.22999954223633,57.40999984741211,17625800
2016-03-22,56.95000076293945,57.400001525878906,56.900001525878906,57.310001373291016,15926700
2016-03-23,57.15999984741211,57.18000030517578,56.650001525878906,56.72999954223633,18291400
2016-03-24,56.02000045776367,56.34999847412109,55.95000076293945,56.34999847412109,18326500
2016-03-28,56.7400016784668,56.77999877929688,56.54999923706055,56.68999862670898,18491100
2016-03-29,56.41999816894531,57.33000183105469,56.27999877929688,57.29999923706055,22376800
2016-03-30,57.790000915527344,58.060001373291016,57.63999938964844,57.72999954223633,18999500
2016-03-31,57.459999084472656,57.59000015258789,57.130001068115234,57.15999984741211,37335100
2016-04-01,55.9900016784668,56.619998931884766,55.93000030517578,56.54999923706055,30396100
2016-04-04,56.70000076293945,56.77000045776367,56.36000061035156,56.43000030517578,16977200
2016-04-05,55.41999816894531,55.5,55.2400016784668,55.31999969482422,20199600
2016-04-06,55.5099983215332,56.2599983215332,55.41999816894531,56.220001220703125,20465500
2016-04-07,55.7599983215332,55.91999816894531,55.27000045776367,55.400001525878906,19855600
2016-04-08,56.5099983215332,56.65999984741211,56.31999969482422,56.459999084472656,18462800
2016-04-11,56.83000183105469,57.06999969482422,56.47999954223633,56.4900016784668,15640400
2016-04-12,56.93999862670898,57.43999862670898,56.61000061035156,57.33000183105469,25164700
2016-04-13,58.13999938964844,58.36000061035156,58.0099983215332,58.2400016784668,25583900
2016-04-14,58.540000915527344,58.650001525878906,58.33000183105469,58.43000030517578,26844400
2016-04-15,58.38999938964844,58.5,58.290000915527344,58.29999923706055,17558000
2016-04-18,58.220001220703125,58.86000061035156,58.16999816894531,58.79999923706055,20200400
2016-04-19,59.68999862670898,59.93999862670898,59.59999847412109,59.81999969482422,24251400
2016-04-20,59.790000915527344,60.15999984741211,59.70000076293945,59.869998931884766,14402600
2016-04-21,59.77999877929688,59.83000183105469,59.40999984741211,59.5099983215332,19135100
2016-04-22,59.45000076293945,59.63999938964844,59.290000915527344,59.540000915527344,17262700
2016-04-25,59.2400016784668,59.290000915527344,59.02000045776367,59.2400016784668,13518400
2016-04-26,59.470001220703125,59.560001373291016,59.2599983215332,59.45000076293945,15657800
2016-04-27,59.27000045776367,59.61000061035156,59.18000030517578,59.4900016784668,13054700
2016-04-28,58.77999877929688,59.2599983215332,58.54999923706055,58.68000030517578,25204500
2016-04-29,58.720001220703125,58.810001373291016,58.220001220703125,58.43000030517578,27642900
2016-05-02,58.900001525878906,59.06999969482422,58.720001220703125,58.97999954223633,25207300
2016-05-03,58.400001525878906,58.40999984741211,57.93000030517578,58.0099983215332,25287100
2016-05-04,57.52000045776367,57.61000061035156,57.16999816894531,57.34000015258789,20213100
2016-05-05,57.29999923706055,57.45000076293945,57.040000915527344,57.220001220703125,21552600
2016-05-06,56.970001220703125,57.40999984741211,56.91999816894531,57.380001068115234,21498200
2016-05-09,57.52000045776367,57.630001068115234,57.22999954223633,57.2599983215332,17842700
2016-05-10,57.68999862670898,58.08000183105469,57.63999938964844,58.08000183105469,21333600
2016-05-11,57.70000076293945,57.93000030517578,57.58000183105469,57.58000183105469,20180500
2016-05-12,58.06999969482422,58.09000015258789,57.310001373291016,57.560001373291016,17642000
2016-05-13,57.11000061035156,57.36000061035156,56.810001373291016,56.970001220703125,19052400
2016-05-16,57.15999984741211,57.68000030517578,57.130001068115234,57.650001525878906,24500500
2016-05-17,57.54999923706055,57.7400016784668,57.16999816894531,57.22999954223633,25116900
2016-05-18,57.290000915527344,57.84999847412109,57.040000915527344,57.25,34940400
2016-05-19,56.90999984741211,57.0099983215332,56.66999816894531,56.84000015258789,26976000
2016-05-20,57.31999969482422,57.459999084472656,57.18999862670898,57.310001373291016,23377800
2016-05-23,57.09999847412109,57.27999877929688,57.0099983215332,57.119998931884766,18828700
2016-05-24,57.5099983215332,58.060001373291016,57.5,57.95000076293945,28901600
2016-05-25,58.380001068115234,58.68000030517578,58.34999847412109,58.560001373291016,35575000
2016-05-26,58.77999877929688,58.84999847412109,58.58000183105469,58.720001220703125,21115400
2016-05-27,58.619998931884766,58.75,58.52000045776367,58.65999984741211,16066600
2016-05-31,58.900001525878906,58.9900016784668,58.2400016784668,58.380001068115234,25438500
2016-06-01,58.09999847412109,58.380001068115234,58.02999877929688,58.33000183105469,19567300
2016-06-02,58.0,58.34999847412109,57.93000030517578,58.33000183105469,32992100
2016-06-03,58.540000915527344,58.72999954223633,58.22999954223633,58.709999084472656,27770200
2016-06-06,58.900001525878906,59.18000030517578,58.84999847412109,59.040000915527344,22191900
2016-06-07,59.4900016784668,59.630001068115234,59.41999816894531,59.470001220703125,15311700
2016-06-08,59.650001525878906,59.7400016784668,59.540000915527344,59.59000015258789,14673400
2016-06-09,58.86000061035156,59.0099983215332,58.68000030517578,58.86000061035156,18489100
2016-06-10,57.619998931884766,57.709999084472656,56.9900016784668,57.150001525878906,29812900
2016-06-13,56.40999984741211,56.86000061035156,56.15999984741211,56.31999969482422,25323100
2016-06-14,55.72999954223633,55.86000061035156,55.119998931884766,55.41999816894531,69490000
2016-06-15,55.900001525878906,56.09999847412109,55.66999816894531,55.790000915527344,34010400
2016-06-16,55.0,55.95000076293945,54.59000015258789,55.90999984741211,27677700
2016-06-17,56.09999847412109,56.59999847412109,55.83000183105469,56.459999084472656,51689600
2016-06-20,58.20000076293945,58.27000045776367,57.84000015258789,57.86000061035156,38890400
2016-06-21,58.34000015258789,58.77999877929688,58.09000015258789,58.33000183105469,37705500
2016-06-22,57.38999938964844,57.66999816894531,57.119998931884766,57.119998931884766,45176500
2016-06-23,58.34000015258789,58.79999923706055,57.93000030517578,58.70000076293945,33064500
2016-06-24,53.88999938964844,55.09000015258789,53.630001068115234,53.65999984741211,85314600
2016-06-27,52.90999984741211,52.93999862670898,51.93000030517578,52.630001068115234,58864400
2016-06-28,53.86000061035156,54.040000915527344,53.369998931884766,54.0099983215332,45213500
2016-06-29,54.810001373291016,55.18999862670898,54.720001220703125,55.0,33914900
2016-06-30,55.11000061035156,55.81999969482422,54.959999084472656,55.81999969482422,48143600
2016-07-01,55.84000015258789,56.0,55.7400016784668,55.81999969482422,22693400
2016-07-05,55.13999938964844,55.20000076293945,54.58000183105469,54.7400016784668,33647400
2016-07-06,54.11000061035156,54.66999816894531,53.77000045776367,54.63999938964844,28451400
2016-07-07,54.7400016784668,54.93999862670898,54.25,54.41999816894531,24824900
2016-07-08,55.040000915527344,55.34000015258789,54.90999984741211,55.25,26189500
2016-07-11,55.9900016784668,56.290000915527344,55.95000076293945,56.060001373291016,25474900
2016-07-12,56.86000061035156,57.09000015258789,56.75,56.81999969482422,29839000
2016-07-13,56.959999084472656,57.09999847412109,56.709999084472656,56.7599983215332,27351600
2016-07-14,57.290000915527344,57.43000030517578,57.16999816894531,57.25,28145500
2016-07-15,57.09999847412109,57.130001068115234,56.84000015258789,56.959999084472656,29705400
2016-07-18,56.959999084472656,57.27000045776367,56.84999847412109,57.09999847412109,17614300
2016-07-19,56.650001525878906,56.7400016784668,56.5,56.650001525878906,19896900
2016-07-20,57.0099983215332,57.22999954223633,56.900001525878906,57.15999984741211,20885200
2016-07-21,56.97999954223633,57.18999862670898,56.83000183105469,56.93000030517578,19635000
2016-07-22,57.04999923706055,57.08000183105469,56.880001068115234,57.040000915527344,16069300
2016-07-25,57.08000183105469,57.09999847412109,56.810001373291016,56.970001220703125,13277400
2016-07-26,57.18999862670898,57.380001068115234,56.970001220703125,57.209999084472656,15025700
2016-07-27,57.47999954223633,57.58000183105469,57.0,57.41999816894531,17126900
2016-07-28,57.380001068115234,57.459999084472656,57.08000183105469,57.36000061035156,14445300
2016-07-29,57.84000015258789,58.150001525878906,57.709999084472656,58.040000915527344,21590400
2016-08-01,57.86000061035156,57.97999954223633,57.59000015258789,57.65999984741211,21623700
2016-08-02,57.52999877929688,57.56999969482422,57.150001525878906,57.369998931884766,20476100
2016-08-03,56.88999938964844,57.18999862670898,56.84999847412109,57.16999816894531,19684400
2016-08-04,57.34999847412109,57.52999877929688,57.2400016784668,57.5,16761800
2016-08-05,57.5,57.77999877929688,57.4900016784668,57.7599983215332,15143500
2016-08-08,57.86000061035156,57.91999816894531,57.790000915527344,57.880001068115234,10326800
2016-08-09,58.13999938964844,58.52000045776367,58.11000061035156,58.34000015258789,27514400
2016-08-10,58.720001220703125,58.7599983215332,58.52000045776367,58.540000915527344,17539500
2016-08-11,58.81999969482422,59.11000061035156,58.77000045776367,58.959999084472656,19675800
2016-08-12,58.9900016784668,59.060001373291016,58.7400016784668,58.810001373291016,11331600
2016-08-15,59.0,59.18000030517578,58.9900016784668,59.040000915527344,9048700
2016-08-16,58.93000030517578,59.11000061035156,58.84999847412109,58.95000076293945,14286200
2016-08-17,58.790000915527344,59.09000015258789,58.540000915527344,58.93000030517578,12103600
2016-08-18,58.88999938964844,59.22999954223633,58.79999923706055,59.22999954223633,17723900
2016-08-19,58.619998931884766,58.81999969482422,58.45000076293945,58.790000915527344,12142800
2016-08-22,58.61000061035156,58.88999938964844,58.5,58.84999847412109,10095600
2016-08-23,59.2400016784668,59.34999847412109,59.08000183105469,59.09999847412109,12534100
2016-08-24,59.130001068115234,59.20000076293945,58.88999938964844,58.959999084472656,12206600
2016-08-25,58.7599983215332,58.88999938964844,58.66999816894531,58.720001220703125,10953500
2016-08-26,58.810001373291016,59.33000183105469,58.11000061035156,58.369998931884766,19518100
2016-08-29,58.2400016784668,58.58000183105469,58.220001220703125,58.54999923706055,10482100
2016-08-30,58.59999847412109,58.68999862670898,58.36000061035156,58.470001220703125,10046300
2016-08-31,58.400001525878906,58.52999877929688,58.13999938964844,58.34999847412109,20437200
2016-09-01,58.619998931884766,58.77999877929688,58.40999984741211,58.75,18389800
2016-09-02,59.29999923706055,59.5,59.11000061035156,59.43000030517578,19151600
2016-09-06,59.560001373291016,59.86000061035156,59.540000915527344,59.83000183105469,14730600
2016-09-07,59.9900016784668,60.09999847412109,59.75,59.86000061035156,17917500
2016-09-08,59.810001373291016,59.97999954223633,59.619998931884766,59.68999862670898,15572700
2016-09-09,59.25,59.25,58.5099983215332,58.52999877929688,23547000
2016-09-12,58.09999847412109,59.040000915527344,58.04999923706055,59.0099983215332,26966800
2016-09-13,58.25,58.36000061035156,57.56999969482422,57.81999969482422,24865900
2016-09-14,57.7400016784668,58.060001373291016,57.630001068115234,57.7400016784668,16841500
2016-09-15,57.790000915527344,58.34999847412109,57.630001068115234,58.2400016784668,20280700
2016-09-16,57.61000061035156,57.63999938964844,57.33000183105469,57.4900016784668,47897900
2016-09-19,58.060001373291016,58.13999938964844,57.7400016784668,57.790000915527344,24184400
2016-09-20,58.34000015258789,58.38999938964844,58.06999969482422,58.13999938964844,23968200
2016-09-21,58.70000076293945,59.220001220703125,58.4900016784668,59.15999984741211,28804000
2016-09-22,60.02999877929688,60.15999984741211,59.68999862670898,59.7599983215332,27047600
2016-09-23,59.27999877929688,59.45000076293945,59.2400016784668,59.2599983215332,19380000
2016-09-26,58.75,58.83000183105469,58.619998931884766,58.709999084472656,23824900
2016-09-27,58.470001220703125,59.0,58.40999984741211,58.9900016784668,19862100
2016-09-28,58.9900016784668,59.43000030517578,58.79999923706055,59.40999984741211,21673400
2016-09-29,59.40999984741211,59.40999984741211,58.470001220703125,58.66999816894531,16703800
2016-09-30,58.810001373291016,59.290000915527344,58.72999954223633,59.130001068115234,29074600
2016-10-03,58.970001220703125,59.09000015258789,58.84000015258789,58.970001220703125,17903600
2016-10-04,59.2400016784668,59.34999847412109,58.72999954223633,58.959999084472656,28707500
2016-10-05,59.18000030517578,59.290000915527344,59.040000915527344,59.20000076293945,14774300
2016-10-06,58.900001525878906,58.95000076293945,58.72999954223633,58.880001068115234,11592200
2016-10-07,58.630001068115234,58.68000030517578,58.119998931884766,58.58000183105469,16684900
2016-10-10,58.58000183105469,58.900001525878906,58.58000183105469,58.75,7860700
2016-10-11,58.47999954223633,58.5099983215332,57.75,57.91999816894531,18434600
2016-10-12,57.84000015258789,57.93999862670898,57.630001068115234,57.790000915527344,13537300
2016-10-13,57.150001525878906,57.70000076293945,56.9900016784668,57.56999969482422,13090900
2016-10-14,57.959999084472656,58.06999969482422,57.650001525878906,57.66999816894531,19288400
2016-10-17,57.540000915527344,57.65999984741211,57.40999984741211,57.5,12641000
2016-10-18,58.18999862670898,58.2400016784668,57.97999954223633,58.06999969482422,13028000
2016-10-19,58.15999984741211,58.369998931884766,58.119998931884766,58.22999954223633,12500100
2016-10-20,58.150001525878906,58.43000030517578,58.09000015258789,58.31999969482422,9959000
2016-10-21,57.91999816894531,58.209999084472656,57.86000061035156,58.18999862670898,12584900
2016-10-24,58.36000061035156,58.369998931884766,58.04999923706055,58.18000030517578,12723000
2016-10-25,58.04999923706055,58.18999862670898,57.90999984741211,58.13999938964844,12430400
2016-10-26,57.84000015258789,58.06999969482422,57.77000045776367,57.880001068115234,12169500
2016-10-27,58.0099983215332,58.040000915527344,57.75,57.810001373291016,9309300
2016-10-28,57.709999084472656,57.91999816894531,57.650001525878906,57.790000915527344,15377800
2016-10-31,57.75,57.900001525878906,57.58000183105469,57.81999969482422,19266200
2016-11-01,57.959999084472656,57.97999954223633,57.380001068115234,57.56999969482422,19495200
2016-11-02,57.52999877929688,57.61000061035156,57.09999847412109,57.18000030517578,17538900
2016-11-03,57.380001068115234,57.41999816894531,57.040000915527344,57.119998931884766,12959100
2016-11-04,56.7400016784668,56.90999984741211,56.54999923706055,56.56999969482422,17423800
2016-11-07,57.27999877929688,57.380001068115234,57.150001525878906,57.34999847412109,21383600
2016-11-08,57.18000030517578,57.68000030517578,57.130001068115234,57.5099983215332,17403900
2016-11-09,57.06999969482422,57.790000915527344,57.0099983215332,57.560001373291016,27175100
2016-11-10,57.52999877929688,57.66999816894531,56.93000030517578,57.400001525878906,37382800
2016-11-11,57.150001525878906,57.20000076293945,56.7400016784668,57.04999923706055,18430100
2016-11-14,56.630001068115234,56.75,56.47999954223633,56.7400016784668,20650900
2016-11-15,56.59000015258789,57.02000045776367,56.52999877929688,56.9900016784668,15311700
2016-11-16,56.43000030517578,56.619998931884766,56.34000015258789,56.38999938964844,22261200
2016-11-17,56.66999816894531,56.88999938964844,56.619998931884766,56.81999969482422,18459300
2016-11-18,56.310001373291016,56.380001068115234,56.09999847412109,56.20000076293945,17047300
2016-11-21,56.41999816894531,56.709999084472656,56.40999984741211,56.68000030517578,18504500
2016-11-22,56.810001373291016,56.84999847412109,56.58000183105469,56.81999969482422,17866500
2016-11-23,56.25,56.619998931884766,56.18999862670898,56.619998931884766,13840300
2016-11-25,56.81999969482422,56.83000183105469,56.709999084472656,56.790000915527344,7842800
2016-11-28,56.630001068115234,56.68999862670898,56.459999084472656,56.4900016784668,13608000
2016-11-29,56.52999877929688,56.97999954223633,56.470001220703125,56.84999847412109,14719800
2016-11-30,56.97999954223633,56.9900016784668,56.70000076293945,56.790000915527344,23874700
2016-12-01,56.72999954223633,56.7599983215332,56.4900016784668,56.56999969482422,22693500
2016-12-02,56.470001220703125,56.84000015258789,56.400001525878906,56.709999084472656,16077700
2016-12-05,57.0,57.380001068115234,56.9900016784668,57.27000045776367,19686200
2016-12-06,57.33000183105469,57.7400016784668,57.29999923706055,57.65999984741211,19217500
2016-12-07,57.880001068115234,58.619998931884766,57.86000061035156,58.52000045776367,25749300
2016-12-08,58.52000045776367,58.56999969482422,58.27000045776367,58.470001220703125,23427000
2016-12-09,58.470001220703125,58.720001220703125,58.43000030517578,58.720001220703125,20886500
2016-12-12,58.5,58.68999862670898,58.38999938964844,58.459999084472656,16612700
2016-12-13,58.97999954223633,59.25,58.95000076293945,59.09000015258789,22116800
2016-12-14,58.959999084472656,59.09000015258789,58.130001068115234,58.220001220703125,26473700
2016-12-15,58.0,58.18999862670898,57.959999084472656,58.09000015258789,25317900
2016-12-16,58.04999923706055,58.290000915527344,58.02000045776367,58.130001068115234,24359100
2016-12-19,58.15999984741211,58.310001373291016,58.040000915527344,58.040000915527344,17705200
2016-12-20,58.11000061035156,58.290000915527344,58.06999969482422,58.2400016784668,17813500
2016-12-21,57.650001525878906,57.70000076293945,57.58000183105469,57.65999984741211,17793900
2016-12-22,57.619998931884766,57.68999862670898,57.5099983215332,57.52999877929688,16310200
2016-12-23,57.58000183105469,57.68000030517578,57.540000915527344,57.68000030517578,14821600
2016-12-27,57.630001068115234,57.720001220703125,57.59999847412109,57.61000061035156,13327700
2016-12-28,57.560001373291016,57.58000183105469,57.310001373291016,57.38999938964844,19569400
2016-12-29,57.5,57.65999984741211,57.47999954223633,57.52999877929688,16406100
2016-12-30,57.970001220703125,57.97999954223633,57.59999847412109,57.72999954223633,25266000
2017-01-03,57.95000076293945,58.11000061035156,57.84999847412109,58.09000015258789,27938300
2017-01-04,58.400001525878906,58.77999877929688,58.34999847412109,58.75,25670000
2017-01-05,58.900001525878906,59.310001373291016,58.900001525878906,59.25,22063100
2017-01-06,58.970001220703125,59.11000061035156,58.90999984741211,59.04999923706055,22073700
2017-01-09,58.83000183105469,58.9900016784668,58.75,58.959999084472656,13962400
2017-01-10,58.91999816894531,59.130001068115234,58.91999816894531,58.970001220703125,16296600
2017-01-11,58.84999847412109,59.29999923706055,58.77999877929688,59.27999877929688,31352400
2017-01-12,59.36000061035156,59.380001068115234,59.11000061035156,59.369998931884766,25127300
2017-01-13,59.41999816894531,59.59999847412109,59.33000183105469,59.59000015258789,20901900
2017-01-17,59.40999984741211,59.43999862670898,59.27000045776367,59.369998931884766,22524800
2017-01-18,59.18999862670898,59.31999969482422,59.02000045776367,59.20000076293945,14581400
2017-01-19,59.09999847412109,59.18000030517578,58.869998931884766,59.04999923706055,17619300
2017-01-20,59.2599983215332,59.40999984741211,59.18000030517578,59.38999938964844,24974100
2017-01-23,59.310001373291016,59.540000915527344,59.18000030517578,59.540000915527344,43093600
2017-01-24,59.43999862670898,59.720001220703125,59.41999816894531,59.68999862670898,18176000
2017-01-25,60.0099983215332,60.33000183105469,59.9900016784668,60.310001373291016,27237600
2017-01-26,60.18999862670898,60.25,59.9900016784668,60.06999969482422,20838800
2017-01-27,60.02000045776367,60.04999923706055,59.86000061035156,59.970001220703125,13061000
2017-01-30,59.45000076293945,59.58000183105469,59.2599983215332,59.540000915527344,19146200
2017-01-31,59.650001525878906,59.7400016784668,59.38999938964844,59.630001068115234,29996800
2017-02-01,60.0,60.02999877929688,59.709999084472656,59.869998931884766,26726400
2017-02-02,59.93000030517578,59.9900016784668,59.72999954223633,59.900001525878906,14796700
2017-02-03,60.0099983215332,60.18000030517578,59.93000030517578,60.13999938964844,13963800
2017-02-06,59.52000045776367,59.709999084472656,59.47999954223633,59.709999084472656,16220200
2017-02-07,59.58000183105469,59.68000030517578,59.52999877929688,59.650001525878906,12123000
2017-02-08,59.59000015258789,59.810001373291016,59.52000045776367,59.75,16749200
2017-02-09,59.83000183105469,60.02000045776367,59.75,60.0,14299600
2017-02-10,59.93000030517578,60.18000030517578,59.90999984741211,60.13999938964844,13212100
2017-02-13,60.38999938964844,60.470001220703125,60.27999877929688,60.380001068115234,12694400
2017-02-14,60.16999816894531,60.290000915527344,59.91999816894531,60.290000915527344,14256600
2017-02-15,60.02999877929688,60.52000045776367,60.0099983215332,60.52000045776367,15460100
2017-02-16,60.540000915527344,60.65999984741211,60.459999084472656,60.65999984741211,14416500
2017-02-17,60.31999969482422,60.52000045776367,60.27000045776367,60.5,14938000
2017-02-21,60.43999862670898,60.70000076293945,60.41999816894531,60.70000076293945,11550300
2017-02-22,60.38999938964844,60.7400016784668,60.38999938964844,60.70000076293945,17129400
2017-02-23,60.880001068115234,60.93000030517578,60.66999816894531,60.83000183105469,12410600
2017-02-24,60.16999816894531,60.43000030517578,60.13999938964844,60.38999938964844,16198700
2017-02-27,60.18999862670898,60.43999862670898,60.18000030517578,60.43000030517578,14039000
2017-02-28,60.31999969482422,60.52000045776367,60.22999954223633,60.34000015258789,20439100
2017-03-01,60.75,61.119998931884766,60.72999954223633,60.970001220703125,20198000
2017-03-02,60.709999084472656,60.77999877929688,60.560001373291016,60.56999969482422,16452800
2017-03-03,60.70000076293945,61.0,60.61000061035156,60.93000030517578,19149100
2017-03-06,60.72999954223633,60.75,60.56999969482422,60.7400016784668,10965800
2017-03-07,60.470001220703125,60.630001068115234,60.380001068115234,60.52999877929688,16308800
2017-03-08,60.4900016784668,60.54999923706055,60.25,60.310001373291016,11568200
2017-03-09,60.470001220703125,60.56999969482422,60.380001068115234,60.540000915527344,13369300
2017-03-10,60.959999084472656,61.119998931884766,60.84999847412109,61.04999923706055,18987900
2017-03-13,61.20000076293945,61.380001068115234,61.18999862670898,61.369998931884766,19718700
2017-03-14,60.91999816894531,60.970001220703125,60.790000915527344,60.900001525878906,15953500
2017-03-15,61.02999877929688,61.77999877929688,61.02000045776367,61.77000045776367,22841100
2017-03-16,62.09999847412109,62.130001068115234,61.93000030517578,62.06999969482422,24380100
2017-03-17,62.18000030517578,62.34999847412109,62.060001373291016,62.22999954223633,20697400
2017-03-20,62.25,62.34000015258789,62.02000045776367,62.09999847412109,13484400
2017-03-21,62.58000183105469,62.630001068115234,61.77999877929688,61.81999969482422,23331500
2017-03-22,61.619998931884766,61.88999938964844,61.56999969482422,61.83000183105469,14492800
2017-03-23,61.72999954223633,62.09999847412109,61.72999954223633,61.970001220703125,25394800
2017-03-24,62.11000061035156,62.27000045776367,62.040000915527344,62.13999938964844,25264500
2017-03-27,62.09000015258789,62.380001068115234,62.02000045776367,62.29999923706055,30294500
2017-03-28,62.38999938964844,62.650001525878906,62.36000061035156,62.59999847412109,23196000
2017-03-29,62.290000915527344,62.630001068115234,62.27999877929688,62.59999847412109,19090800
2017-03-30,62.43000030517578,65.36000061035156,62.31999969482422,62.380001068115234,16049800
2017-03-31,62.11000061035156,62.36000061035156,62.04999923706055,62.290000915527344,30871700
2017-04-03,62.18999862670898,62.2400016784668,61.7599983215332,62.20000076293945,32855200
2017-04-04,61.93000030517578,62.18000030517578,61.84999847412109,62.18000030517578,16793800
2017-04-05,62.130001068115234,62.290000915527344,61.83000183105469,61.84999847412109,22710400
2017-04-06,61.880001068115234,61.97999954223633,61.75,61.86000061035156,17795900
2017-04-07,61.75,61.93000030517578,61.7400016784668,61.81999969482422,15848900
2017-04-10,61.72999954223633,61.84999847412109,61.68000030517578,61.75,11321500
2017-04-11,62.0,62.06999969482422,61.619998931884766,62.040000915527344,18663100
2017-04-12,61.95000076293945,62.02999877929688,61.720001220703125,61.9900016784668,25045600
2017-04-13,61.70000076293945,61.77999877929688,61.52999877929688,61.59000015258789,16760100
2017-04-17,61.84999847412109,62.02000045776367,61.84000015258789,61.970001220703125,15573500
2017-04-18,61.54999923706055,61.68999862670898,61.34999847412109,61.68999862670898,21171100
2017-04-19,61.7599983215332,61.79999923706055,61.369998931884766,61.43999862670898,13263100
2017-04-20,61.959999084472656,62.09999847412109,61.91999816894531,61.93000030517578,20485300
2017-04-21,61.93000030517578,62.02000045776367,61.84000015258789,61.970001220703125,18989800
2017-04-24,63.40999984741211,63.61000061035156,63.380001068115234,63.540000915527344,32694900
2017-04-25,63.84999847412109,64.08000183105469,63.77999877929688,63.9900016784668,24975200
2017-04-26,63.810001373291016,64.02999877929688,63.810001373291016,63.810001373291016,20489600
2017-04-27,63.91999816894531,63.91999816894531,63.75,63.869998931884766,13855700
2017-04-28,63.88999938964844,63.90999984741211,63.77000045776367,63.79999923706055,25361200
2017-05-01,63.9900016784668,64.19999694824219,63.90999984741211,64.05999755859375,22211300
2017-05-02,64.25,64.41999816894531,64.19000244140625,64.38999938964844,23500000
2017-05-03,64.22000122070312,64.33000183105469,64.0999984741211,64.26000213623047,12811000
2017-05-04,64.4800033569336,64.88999938964844,64.43000030517578,64.87000274658203,16359700
2017-05-05,64.94000244140625,65.58999633789062,64.91999816894531,65.58999633789062,18990900
2017-05-08,65.11000061035156,65.11000061035156,64.95999908447266,65.0999984741211,19823800
2017-05-09,64.9800033569336,65.04000091552734,64.80999755859375,64.94000244140625,28186600
2017-05-10,64.9800033569336,65.04000091552734,64.88999938964844,65.04000091552734,18524300
2017-05-11,64.7699966430664,64.9000015258789,64.61000061035156,64.87999725341797,18381600
2017-05-12,64.94000244140625,65.23999786376953,64.94000244140625,65.23999786376953,27683000
2017-05-15,65.37999725341797,65.56999969482422,65.36000061035156,65.56999969482422,20493900
2017-05-16,65.94999694824219,66.0,65.86000061035156,65.98999786376953,21931200
2017-05-17,65.66999816894531,65.75,65.22000122070312,65.23999786376953,30198700
2017-05-18,65.08000183105469,65.4000015258789,65.0199966430664,65.3499984741211,19242600
2017-05-19,65.80999755859375,66.12000274658203,65.77999877929688,66.11000061035156,34855500
2017-05-22,66.18000030517578,66.30999755859375,66.11000061035156,66.19000244140625,14692600
2017-05-23,66.33999633789062,66.37999725341797,66.11000061035156,66.19999694824219,12489200
2017-05-24,66.0199966430664,66.25,65.9800033569336,66.23999786376953,15075500
2017-05-25,66.23999786376953,66.33999633789062,66.1500015258789,66.23999786376953,13265300
2017-05-26,65.87000274658203,66.05999755859375,65.8499984741211,66.05000305175781,25971500
2017-05-30,65.87000274658203,66.02999877929688,65.8499984741211,65.9800033569336,14415300
2017-05-31,66.31999969482422,66.37999725341797,66.02999877929688,66.05999755859375,31167900
2017-06-01,66.30999755859375,66.51000213623047,66.25,66.48999786376953,25610000
2017-06-02,66.95999908447266,67.23999786376953,66.86000061035156,67.22000122070312,22765300
2017-06-05,66.86000061035156,66.9000015258789,66.7699966430664,66.8499984741211,14304500
2017-06-06,66.58000183105469,66.70999908447266,66.55999755859375,66.66000366210938,11387200
2017-06-07,66.7699966430664,66.87999725341797,66.44999694824219,66.68000030517578,15346400
2017-06-08,66.41999816894531,66.56999969482422,66.33999633789062,66.55999755859375,15425200
2017-06-09,66.22000122070312,66.45999908447266,66.05999755859375,66.30999755859375,20807900
2017-06-12,66.12000274658203,66.19000244140625,65.9800033569336,66.05999755859375,17937200
2017-06-13,66.47000122070312,66.61000061035156,66.37999725341797,66.56999969482422,19123700
2017-06-14,66.94999694824219,66.95999908447266,66.30000305175781,66.5199966430664,18739500
2017-06-15,65.51000213623047,65.87000274658203,65.48999786376953,65.83000183105469,22870900
2017-06-16,66.1500015258789,66.41000366210938,66.06999969482422,66.38999938964844,24571500
2017-06-19,66.63999938964844,66.79000091552734,66.5999984741211,66.66000366210938,26706100
2017-06-20,65.41999816894531,65.43000030517578,64.91999816894531,65.06999969482422,23798500
2017-06-21,64.91999816894531,65.05000305175781,64.83000183105469,64.98999786376953,10989000
2017-06-22,64.97000122070312,65.0999984741211,64.88999938964844,64.9800033569336,13521700
2017-06-23,64.98999786376953,65.25,64.9000015258789,65.13999938964844,15138700
2017-06-26,65.55999755859375,65.62000274658203,65.22000122070312,65.25,21872800
2017-06-27,65.27999877929688,65.44000244140625,65.16999816894531,65.23999786376953,17466000
2017-06-28,65.48999786376953,65.87000274658203,65.45999908447266,65.80999755859375,26317300
2017-06-29,65.61000061035156,65.62000274658203,64.87999725341797,65.16000366210938,35923300
2017-06-30,65.33000183105469,65.3499984741211,64.83000183105469,65.19999694824219,28866100
2017-07-03,65.12000274658203,65.27999877929688,65.0999984741211,65.12000274658203,9564300
2017-07-05,64.93000030517578,65.16000366210938,64.81999969482422,65.12000274658203,26253300
2017-07-06,64.69999694824219,64.97000122070312,64.62999725341797,64.83000183105469,22874100
2017-07-07,64.6500015258789,64.91999816894531,64.55999755859375,64.83999633789062,18885700
2017-07-10,64.80000305175781,65.0199966430664,64.76000213623047,65.0,10674800
2017-07-11,64.83000183105469,65.16000366210938,64.73999786376953,65.1500015258789,13584000
2017-07-12,65.55000305175781,65.75,65.52999877929688,65.66999816894531,15995600
2017-07-13,65.75,65.91000366210938,65.66000366210938,65.86000061035156,22520700
2017-07-14,66.05000305175781,66.33000183105469,66.0,66.31999969482422,14145100
2017-07-17,66.19000244140625,66.27999877929688,66.12000274658203,66.19000244140625,10326100
2017-07-18,66.12999725341797,66.25,66.08000183105469,66.25,11718200
2017-07-19,66.36000061035156,66.54000091552734,66.3499984741211,66.54000091552734,12542300
2017-07-20,66.70999908447266,66.8499984741211,66.5999984741211,66.80999755859375,13792700
2017-07-21,66.45999908447266,66.55000305175781,66.23999786376953,66.55000305175781,18391200
2017-07-24,66.25,66.38999938964844,66.08000183105469,66.37000274658203,17486100
2017-07-25,66.70999908447266,66.73999786376953,66.44000244140625,66.45999908447266,12297600
2017-07-26,66.6500015258789,66.9800033569336,66.54000091552734,66.87000274658203,19186700
2017-07-27,67.0,67.04000091552734,66.5,66.72000122070312,13754400
2017-07-28,66.55000305175781,66.80000305175781,66.4800033569336,66.79000091552734,15080800
2017-07-31,66.87999725341797,67.01000213623047,66.7300033569336,66.93000030517578,20998800
2017-08-01,67.44000244140625,67.54000091552734,67.30000305175781,67.30000305175781,16206800
2017-08-02,67.33999633789062,67.41999816894531,67.16000366210938,67.33000183105469,8948300
2017-08-03,67.30999755859375,67.48999786376953,67.26000213623047,67.37000274658203,11245900
2017-08-04,67.44000244140625,67.51000213623047,67.19999694824219,67.45999908447266,14178000
2017-08-07,67.31999969482422,67.5,67.31999969482422,67.48999786376953,11865600
2017-08-08,67.37000274658203,67.45999908447266,67.08999633789062,67.12999725341797,13510100
2017-08-09,66.7300033569336,67.05000305175781,66.69000244140625,67.0199966430664,15080100
2017-08-10,66.62000274658203,66.62000274658203,66.01000213623047,66.06999969482422,28825100
2017-08-11,66.02999877929688,66.12999725341797,65.86000061035156,65.94999694824219,27456400
2017-08-14,66.43000030517578,66.5999984741211,66.4000015258789,66.43000030517578,13311500
2017-08-15,66.3499984741211,66.41999816894531,66.13999938964844,66.37999725341797,13212200
2017-08-16,66.5999984741211,66.83999633789062,66.58000183105469,66.76000213623047,14030700
2017-08-17,66.5199966430664,66.62999725341797,66.01000213623047,66.01000213623047,18647700
2017-08-18,66.12000274658203,66.33000183105469,65.98999786376953,66.19000244140625,16347200
2017-08-21,66.16000366210938,66.2699966430664,66.0,66.16999816894531,11760800
2017-08-22,66.30999755859375,66.5199966430664,66.29000091552734,66.48999786376953,11528800
2017-08-23,66.30000305175781,66.51000213623047,66.29000091552734,66.5,13007000
2017-08-24,66.5199966430664,66.58999633789062,66.33999633789062,66.3499984741211,13150600
2017-08-25,66.58999633789062,66.91000366210938,66.56999969482422,66.75,14942000
2017-08-28,66.81999969482422,66.8499984741211,66.70999908447266,66.75,13422100
2017-08-29,66.37999725341797,66.6500015258789,66.36000061035156,66.4800033569336,11536900
2017-08-30,66.37000274658203,66.44999694824219,66.27999877929688,66.38999938964844,10510300
2017-08-31,66.6500015258789,66.94999694824219,66.62000274658203,66.9000015258789,20277900
2017-09-01,67.1500015258789,67.16999816894531,66.94999694824219,66.98999786376953,15541800
2017-09-05,66.98999786376953,66.98999786376953,66.33000183105469,66.54000091552734,18682300
2017-09-06,66.9000015258789,67.0999984741211,66.81999969482422,66.94999694824219,21335800
2017-09-07,67.5,67.52999877929688,67.33000183105469,67.5,14599300
2017-09-08,67.66000366210938,67.69000244140625,67.51000213623047,67.51000213623047,16168800
2017-09-11,67.95999908447266,68.16000366210938,67.94999694824219,68.04000091552734,19127300
2017-09-12,68.04000091552734,68.29000091552734,68.04000091552734,68.25,11803000
2017-09-13,68.11000061035156,68.1500015258789,67.81999969482422,67.87999725341797,14672800
2017-09-14,67.76000213623047,68.01000213623047,67.73999786376953,68.0,14862300
2017-09-15,68.05999755859375,68.0999984741211,67.94000244140625,68.05999755859375,16315500
2017-09-18,68.2300033569336,68.33999633789062,68.02999877929688,68.1500015258789,13594900
2017-09-19,68.43000030517578,68.48999786376953,68.30000305175781,68.47000122070312,8877200
2017-09-20,68.48999786376953,68.70999908447266,68.0,68.31999969482422,15309700
2017-09-21,68.16000366210938,68.27999877929688,68.08999633789062,68.18000030517578,10250100
2017-09-22,68.37999725341797,68.5,68.31999969482422,68.38999938964844,8442800
2017-09-25,68.11000061035156,68.2699966430664,67.87000274658203,68.0,13473900
2017-09-26,67.88999938964844,67.94000244140625,67.63999938964844,67.8499984741211,20026600
2017-09-27,67.76000213623047,68.0,67.72000122070312,67.9000015258789,17751800
2017-09-28,67.9000015258789,68.18000030517578,67.9000015258789,68.08000183105469,11704000
2017-09-29,68.08000183105469,68.55000305175781,68.08000183105469,68.4800033569336,24981400
2017-10-02,68.2699966430664,68.48999786376953,68.23999786376953,68.41999816894531,16475600
2017-10-03,68.45999908447266,68.66000366210938,68.43000030517578,68.6500015258789,12073300
2017-10-04,68.47000122070312,68.58999633789062,68.45999908447266,68.5199966430664,12518600
2017-10-05,68.38999938964844,68.51000213623047,68.3499984741211,68.4800033569336,11871200
2017-10-06,68.16999816894531,68.44000244140625,68.13999938964844,68.43000030517578,16923300
2017-10-09,68.5199966430664,68.54000091552734,68.38999938964844,68.44999694824219,5155600
2017-10-10,68.8499984741211,69.11000061035156,68.79000091552734,69.0999984741211,16626700
2017-10-11,69.06999969482422,69.29000091552734,69.05999755859375,69.2699966430664,16732400
2017-10-12,69.1500015258789,69.33000183105469,69.08999633789062,69.20999908447266,10774000
2017-10-13,69.5999984741211,69.66000366210938,69.51000213623047,69.56999969482422,12928900
2017-10-16,69.56999969482422,69.62000274658203,69.47000122070312,69.5199966430664,8800600
2017-10-17,69.3499984741211,69.38999938964844,69.20999908447266,69.33999633789062,8286800
2017-10-18,69.44999694824219,69.56999969482422,69.36000061035156,69.54000091552734,11793200
2017-10-19,69.2300033569336,69.43000030517578,69.19000244140625,69.43000030517578,10368300
2017-10-20,69.37999725341797,69.37999725341797,69.2300033569336,69.33999633789062,12636300
2017-10-23,69.37000274658203,69.4000015258789,69.13999938964844,69.19000244140625,8422200
2017-10-24,69.27999877929688,69.44000244140625,69.19999694824219,69.30000305175781,10586500
2017-10-25,69.2699966430664,69.30999755859375,68.7699966430664,69.02999877929688,11495500
2017-10-26,69.20999908447266,69.26000213623047,69.01000213623047,69.0199966430664,12355500
2017-10-27,68.9800033569336,69.19999694824219,68.88999938964844,69.18000030517578,18853800
2017-10-30,69.22000122070312,69.36000061035156,69.19999694824219,69.33999633789062,14308400
2017-10-31,69.4800033569336,69.66999816894531,69.4000015258789,69.62999725341797,24418400
2017-11-01,69.93000030517578,70.0,69.66999816894531,69.69999694824219,23674500
2017-11-02,69.6500015258789,69.91000366210938,69.62999725341797,69.91000366210938,20430900
2017-11-03,69.80000305175781,69.80000305175781,69.55999755859375,69.80000305175781,14078700
2017-11-06,69.61000061035156,69.91999816894531,69.5999984741211,69.9000015258789,11959000
2017-11-07,69.7699966430664,69.86000061035156,69.45999908447266,69.63999938964844,13024200
2017-11-08,69.75,69.9800033569336,69.70999908447266,69.87000274658203,15924200
2017-11-09,69.29000091552734,69.5,69.04000091552734,69.47000122070312,22577000
2017-11-10,69.23999786376953,69.36000061035156,69.12999725341797,69.27999877929688,11070800
2017-11-13,68.58999633789062,69.0199966430664,68.58000183105469,68.98999786376953,13605200
2017-11-14,68.86000061035156,68.98999786376953,68.69999694824219,68.94000244140625,13850100
2017-11-15,68.37000274658203,68.68000030517578,68.27999877929688,68.61000061035156,18547300
2017-11-16,69.05000305175781,69.23999786376953,68.97000122070312,69.16000366210938,17372500
2017-11-17,68.97000122070312,69.02999877929688,68.83999633789062,68.91000366210938,24773400
2017-11-20,69.12999725341797,69.2699966430664,69.05999755859375,69.05999755859375,20689600
2017-11-21,69.52999877929688,69.66999816894531,69.48999786376953,69.58000183105469,17104800
2017-11-22,69.87000274658203,69.91999816894531,69.55000305175781,69.7699966430664,17943200
2017-11-24,70.3499984741211,70.38999938964844,70.25,70.33999633789062,11732300
2017-11-27,70.19999694824219,70.26000213623047,69.91999816894531,69.91999816894531,17066500
2017-11-28,70.13999938964844,70.33999633789062,70.01000213623047,70.31999969482422,19389400
2017-11-29,70.37000274658203,70.43000030517578,69.94000244140625,70.04000091552734,19328300
2017-11-30,70.33000183105469,70.41000366210938,70.05000305175781,70.11000061035156,24443400
2017-12-01,69.76000213623047,70.01000213623047,69.4800033569336,69.83000183105469,33370400
2017-12-04,69.6500015258789,69.98999786376953,69.56999969482422,69.58000183105469,19355500
2017-12-05,69.47000122070312,69.73999786376953,69.41999816894531,69.43000030517578,15853700
2017-12-06,69.33000183105469,69.43000030517578,69.18000030517578,69.29000091552734,12481600
2017-12-07,69.54000091552734,69.63999938964844,69.2699966430664,69.47000122070312,16966100
2017-12-08,69.79000091552734,69.87999725341797,69.62999725341797,69.83999633789062,19106800
2017-12-11,69.9800033569336,70.04000091552734,69.87999725341797,70.0199966430664,20038600
2017-12-12,70.11000061035156,70.16999816894531,69.91000366210938,70.11000061035156,16514700
2017-12-13,70.22000122070312,70.51000213623047,70.16999816894531,70.37999725341797,25920500
2017-12-14,70.33000183105469,70.36000061035156,69.94999694824219,69.98999786376953,27424600
2017-12-15,69.91999816894531,70.06999969482422,69.76000213623047,69.97000122070312,32906900
2017-12-18,70.72000122070312,70.95999908447266,70.69999694824219,70.80000305175781,38998500
2017-12-19,69.94999694824219,69.9800033569336,69.69000244140625,69.80000305175781,37373700
2017-12-20,69.87000274658203,69.91000366210938,69.62999725341797,69.68000030517578,18729500
2017-12-21,69.7699966430664,70.11000061035156,69.75,69.93000030517578,22930000
2017-12-22,69.9000015258789,70.12000274658203,69.86000061035156,70.11000061035156,18767000
2017-12-26,69.9800033569336,70.16999816894531,69.91999816894531,70.08999633789062,15995000
2017-12-27,70.19000244140625,70.33000183105469,70.0999984741211,70.22000122070312,19835400
2017-12-28,70.4000015258789,70.45999908447266,70.22000122070312,70.26000213623047,20811200
2017-12-29,70.56999969482422,70.58000183105469,70.26000213623047,70.30999755859375,16214700
2018-01-02,70.52999877929688,70.8499984741211,70.41999816894531,70.83000183105469,26530000
2018-01-03,70.88999938964844,71.26000213623047,70.8499984741211,71.16999816894531,33384900
2018-01-04,71.86000061035156,72.05999755859375,71.80999755859375,71.94999694824219,23974400
2018-01-05,72.1500015258789,72.4000015258789,72.06999969482422,72.3499984741211,17483800
2018-01-08,72.26000213623047,72.3499984741211,72.18000030517578,72.33000183105469,21733700
2018-01-09,72.33999633789062,72.44000244140625,72.12000274658203,72.41000366210938,19138900
2018-01-10,72.41999816894531,72.44999694824219,72.22000122070312,72.2699966430664,18118900
2018-01-11,72.47000122070312,72.77999877929688,72.41000366210938,72.7699966430664,17314400
2018-01-12,73.02999877929688,73.51000213623047,72.95999908447266,73.5,22694300
2018-01-16,73.70999908447266,73.83999633789062,73.33999633789062,73.43000030517578,24617800
2018-01-17,73.62999725341797,74.08000183105469,73.47000122070312,73.80999755859375,21424400
2018-01-18,73.61000061035156,73.80000305175781,73.48999786376953,73.72000122070312,19094600
2018-01-19,74.08999633789062,74.13999938964844,73.86000061035156,74.12999725341797,19622600
2018-01-22,74.19000244140625,74.54000091552734,74.1500015258789,74.51000213623047,14992500
2018-01-23,74.5999984741211,74.80000305175781,74.51000213623047,74.75,15575400
2018-01-24,75.16000366210938,75.2300033569336,74.62999725341797,74.87999725341797,24383800
2018-01-25,75.18000030517578,75.20999908447266,74.44000244140625,74.58999633789062,23272500
2018-01-26,74.9800033569336,75.2699966430664,74.93000030517578,75.25,19192600
2018-01-29,74.6500015258789,74.72000122070312,74.41999816894531,74.55999755859375,26906700
2018-01-30,74.31999969482422,74.37000274658203,73.8499984741211,73.94000244140625,113986300
2018-01-31,74.19000244140625,74.2300033569336,73.70999908447266,73.83999633789062,38465500
2018-02-01,73.72000122070312,74.19000244140625,73.68000030517578,74.05000305175781,30876200
2018-02-02,73.33000183105469,73.33000183105469,72.47000122070312,72.55000305175781,36590600
2018-02-05,71.63999938964844,71.97000122070312,69.30999755859375,69.51000213623047,78968000
2018-02-06,69.41999816894531,71.06999969482422,69.26000213623047,70.87999725341797,84302300
2018-02-07,70.25,70.86000061035156,69.98999786376953,70.12999725341797,44411300
2018-02-08,70.16999816894531,70.19999694824219,68.27999877929688,68.30000305175781,59223600
2018-02-09,68.75,68.95999908447266,66.88999938964844,68.58999633789062,67466800
2018-02-12,69.0999984741211,69.77999877929688,68.87999725341797,69.63999938964844,37528600
2018-02-13,69.08999633789062,69.5,69.06999969482422,69.43000030517578,20574300
2018-02-14,69.01000213623047,70.69999694824219,68.9800033569336,70.66000366210938,31475400
2018-02-15,71.05999755859375,71.20999908447266,70.51000213623047,71.0999984741211,31600600
2018-02-16,71.20999908447266,71.72000122070312,71.18000030517578,71.41999816894531,23606400
2018-02-20,70.87999725341797,71.19999694824219,70.58000183105469,70.75,25286900
2018-02-21,70.94999694824219,71.4000015258789,70.37999725341797,70.41000366210938,30247700
2018-02-22,70.70999908447266,71.0999984741211,70.54000091552734,70.77999877929688,20537000
2018-02-23,71.04000091552734,71.43000030517578,70.9000015258789,71.33999633789062,30298500
2018-02-26,71.63999938964844,72.02999877929688,71.38999938964844,72.01000213623047,21007200
2018-02-27,71.55999755859375,71.63999938964844,70.9000015258789,70.94000244140625,22449300
2018-02-28,71.04000091552734,71.08000183105469,70.16999816894531,70.2699966430664,31642500
2018-03-01,69.69999694824219,70.04000091552734,68.75,69.08999633789062,51282100
2018-03-02,68.8499984741211,69.44000244140625,68.56999969482422,69.41999816894531,35512000
2018-03-05,68.91000366210938,69.83999633789062,68.88999938964844,69.79000091552734,18968500
2018-03-06,70.3499984741211,70.38999938964844,70.01000213623047,70.19999694824219,20996900
2018-03-07,69.86000061035156,70.22000122070312,69.66000366210938,70.18000030517578,14492500
2018-03-08,70.37999725341797,70.48999786376953,70.0999984741211,70.33000183105469,14883300
2018-03-09,70.43000030517578,70.79000091552734,70.31999969482422,70.77999877929688,17319800
2018-03-12,70.86000061035156,71.01000213623047,70.70999908447266,70.86000061035156,12801300
2018-03-13,71.0999984741211,71.1500015258789,70.26000213623047,70.38999938964844,19138100
2018-03-14,70.93000030517578,70.9800033569336,70.30999755859375,70.55999755859375,13670800
2018-03-15,70.55999755859375,70.8499984741211,70.4000015258789,70.5199966430664,21712300
2018-03-16,70.38999938964844,70.66000366210938,70.36000061035156,70.47000122070312,16119900
2018-03-19,70.20999908447266,70.22000122070312,69.52999877929688,69.9000015258789,24159700
2018-03-20,69.81999969482422,70.04000091552734,69.72000122070312,69.88999938964844,20578800
2018-03-21,69.77999877929688,70.27999877929688,69.70999908447266,70.0,17479200
2018-03-22,69.29000091552734,69.44000244140625,68.68000030517578,68.69999694824219,42084300
2018-03-23,68.81999969482422,68.91999816894531,67.91000366210938,67.94000244140625,44983200
2018-03-26,68.9800033569336,69.20999908447266,68.29000091552734,69.16000366210938,31279000
2018-03-27,69.5,69.56999969482422,68.38999938964844,68.6500015258789,36493900
2018-03-28,69.08000183105469,69.55999755859375,68.77999877929688,69.05000305175781,35737600
2018-03-29,69.55000305175781,69.9800033569336,69.37000274658203,69.68000030517578,34745000
2018-04-02,69.41000366210938,69.58000183105469,68.25,68.72000122070312,52362500
2018-04-03,69.08999633789062,69.26000213623047,68.73999786376953,69.16000366210938,30413600
2018-04-04,68.3499984741211,69.43000030517578,68.31999969482422,69.4000015258789,26041500
2018-04-05,69.7300033569336,70.05000305175781,69.69000244140625,69.86000061035156,22625800
2018-04-06,69.80999755859375,70.05999755859375,69.16999816894531,69.4000015258789,24999600
2018-04-09,70.06999969482422,70.44000244140625,69.86000061035156,69.97000122070312,18498700
2018-04-10,70.66999816894531,70.88999938964844,70.5199966430664,70.72000122070312,19233800
2018-04-11,70.56999969482422,70.86000061035156,70.4000015258789,70.44999694824219,21099100
2018-04-12,70.54000091552734,70.81999969482422,70.5,70.72000122070312,18012500
2018-04-13,70.95999908447266,70.97000122070312,70.55000305175781,70.79000091552734,14515400
2018-04-16,70.97000122070312,71.0,70.73999786376953,70.9000015258789,15678300
2018-04-17,71.02999877929688,71.36000061035156,70.95999908447266,71.22000122070312,17545600
2018-04-18,71.5199966430664,71.69000244140625,71.44999694824219,71.58999633789062,17035100
2018-04-19,71.51000213623047,71.61000061035156,71.11000061035156,71.31999969482422,20004000
2018-04-20,71.08999633789062,71.1500015258789,70.91000366210938,71.05000305175781,27586500
2018-04-23,70.98999786376953,71.06999969482422,70.7699966430664,70.95999908447266,17696000
2018-04-24,71.08999633789062,71.18000030517578,70.45999908447266,70.66999816894531,22013400
2018-04-25,70.41000366210938,70.63999938964844,70.19000244140625,70.55000305175781,18280700
2018-04-26,70.9000015258789,71.01000213623047,70.72000122070312,70.9000015258789,23697700
2018-04-27,70.87999725341797,71.05000305175781,70.69000244140625,70.97000122070312,15395400
2018-04-30,70.88999938964844,71.13999938964844,70.69000244140625,70.73999786376953,21883700
2018-05-01,70.66000366210938,70.72000122070312,70.16999816894531,70.48999786376953,17308000
2018-05-02,70.8499984741211,70.94000244140625,70.41000366210938,70.45999908447266,16409400
2018-05-03,70.58000183105469,70.7699966430664,70.05000305175781,70.68000030517578,19854600
2018-05-04,70.16999816894531,71.0,70.12999725341797,70.93000030517578,17022600
2018-05-07,70.87999725341797,71.12000274658203,70.80999755859375,70.94000244140625,8172600
2018-05-08,70.69000244140625,70.94999694824219,70.55999755859375,70.94999694824219,12400300
2018-05-09,70.8499984741211,71.19999694824219,70.79000091552734,71.12000274658203,15414000
2018-05-10,71.33999633789062,71.58000183105469,71.20999908447266,71.58000183105469,18107500
2018-05-11,71.80000305175781,71.91000366210938,71.68000030517578,71.7699966430664,19083700
2018-05-14,72.02999877929688,72.0999984741211,71.81999969482422,71.9000015258789,17790300
2018-05-15,71.27999877929688,71.5199966430664,71.0999984741211,71.37999725341797,18330100
2018-05-16,71.30999755859375,71.52999877929688,71.2300033569336,71.4800033569336,13758300
2018-05-17,71.51000213623047,71.70999908447266,71.38999938964844,71.58999633789062,16191300
2018-05-18,71.37999725341797,71.44999694824219,71.2300033569336,71.33000183105469,21815600
2018-05-21,71.69000244140625,71.77999877929688,71.5999984741211,71.77999877929688,13441700
2018-05-22,71.87999725341797,71.94000244140625,71.61000061035156,71.69000244140625,12897900
2018-05-23,70.77999877929688,70.91999816894531,70.55999755859375,70.9000015258789,23332600
2018-05-24,70.77999877929688,70.80999755859375,70.20999908447266,70.68000030517578,21542400
2018-05-25,70.16999816894531,70.31999969482422,70.02999877929688,70.22000122070312,17225600
2018-05-29,69.13999938964844,69.37999725341797,68.52999877929688,68.79000091552734,57008900
2018-05-30,69.37999725341797,69.88999938964844,69.19000244140625,69.83999633789062,25531900
2018-05-31,69.62999725341797,69.69999694824219,69.11000061035156,69.4000015258789,47992800
2018-06-01,69.91999816894531,70.0199966430664,69.63999938964844,70.0,39232600
2018-06-04,70.45999908447266,70.54000091552734,70.18000030517578,70.20999908447266,18561900
2018-06-05,70.22000122070312,70.25,69.91999816894531,70.0999984741211,16641000
2018-06-06,70.3499984741211,70.7300033569336,70.18000030517578,70.7300033569336,25445400
2018-06-07,70.79000091552734,70.81999969482422,70.19999694824219,70.33000183105469,25977000
2018-06-08,70.2699966430664,70.5,70.08999633789062,70.41000366210938,23206300
2018-06-11,70.66999816894531,71.02999877929688,70.61000061035156,70.86000061035156,26145100
2018-06-12,70.72000122070312,70.76000213623047,70.3499984741211,70.41000366210938,22706300
2018-06-13,70.63999938964844,70.70999908447266,70.22000122070312,70.51000213623047,20486700
2018-06-14,70.51000213623047,70.72000122070312,70.31999969482422,70.36000061035156,24099000
2018-06-15,70.02999877929688,70.04000091552734,69.7300033569336,70.0,31433500
2018-06-18,69.2300033569336,69.5199966430664,69.13999938964844,69.5,30778500
2018-06-19,67.16000366210938,67.56999969482422,67.05999755859375,67.5199966430664,30397600
2018-06-20,67.77999877929688,67.83000183105469,67.4000015258789,67.56999969482422,38687300
2018-06-21,67.38999938964844,67.38999938964844,67.0199966430664,67.08999633789062,23793400
2018-06-22,67.94999694824219,68.12999725341797,67.66000366210938,67.80000305175781,26146100
2018-06-25,67.31999969482422,67.38999938964844,66.68000030517578,66.86000061035156,39388300
2018-06-26,67.08000183105469,67.11000061035156,66.70999908447266,66.9800033569336,23117500
2018-06-27,67.04000091552734,67.30000305175781,66.31999969482422,66.3499984741211,29616800
2018-06-28,66.33000183105469,66.68000030517578,66.19000244140625,66.5999984741211,21384800
2018-06-29,67.12000274658203,67.37000274658203,66.91000366210938,66.97000122070312,32031400
2018-07-02,66.0199966430664,66.43000030517578,66.0,66.36000061035156,39167900
2018-07-03,66.88999938964844,66.98999786376953,66.52999877929688,66.55999755859375,14919900
2018-07-05,67.16999816894531,67.2699966430664,66.97000122070312,67.22000122070312,18593200
2018-07-06,67.30999755859375,67.72000122070312,67.23999786376953,67.58000183105469,16641600
2018-07-09,68.12000274658203,68.25,67.94999694824219,68.2300033569336,20682100
2018-07-10,68.11000061035156,68.2699966430664,68.06999969482422,68.19999694824219,18981400
2018-07-11,67.43000030517578,67.61000061035156,66.86000061035156,67.05999755859375,30172400
2018-07-12,67.41999816894531,67.6500015258789,67.30000305175781,67.58000183105469,18810600
2018-07-13,67.61000061035156,67.81999969482422,67.47000122070312,67.79000091552734,17206900
2018-07-16,67.7699966430664,67.86000061035156,67.6500015258789,67.76000213623047,15422200
2018-07-17,67.58000183105469,67.95999908447266,67.54000091552734,67.87999725341797,16965000
2018-07-18,67.83000183105469,68.04000091552734,67.72000122070312,67.88999938964844,13712400
2018-07-19,67.54000091552734,67.87999725341797,67.47000122070312,67.75,26316500
2018-07-20,67.7699966430664,68.18000030517578,67.76000213623047,68.06999969482422,28610200
2018-07-23,68.06999969482422,68.13999938964844,67.94000244140625,68.06999969482422,10192900
2018-07-24,68.63999938964844,68.80000305175781,68.36000061035156,68.47000122070312,17645500
2018-07-25,68.45999908447266,69.08999633789062,68.23999786376953,68.9800033569336,29698900
2018-07-26,68.72000122070312,68.8499984741211,68.5999984741211,68.66999816894531,23009400
2018-07-27,68.97000122070312,69.11000061035156,68.7300033569336,68.80000305175781,28911800
2018-07-30,69.04000091552734,69.08999633789062,68.7699966430664,68.79000091552734,17630300
2018-07-31,69.04000091552734,69.0999984741211,68.75,68.87999725341797,25087500
2018-08-01,68.7699966430664,68.80000305175781,68.44000244140625,68.52999877929688,25402700
2018-08-02,67.79000091552734,68.08000183105469,67.72000122070312,68.08000183105469,24343200
2018-08-03,67.81999969482422,68.1500015258789,67.77999877929688,68.12000274658203,14176200
2018-08-06,67.69999694824219,67.93000030517578,67.58000183105469,67.83000183105469,12077900
2018-08-07,68.51000213623047,68.54000091552734,68.30000305175781,68.36000061035156,17495500
2018-08-08,68.27999877929688,68.43000030517578,68.12999725341797,68.30000305175781,13812800
2018-08-09,68.31999969482422,68.38999938964844,68.05999755859375,68.0999984741211,11964700
2018-08-10,66.86000061035156,66.98999786376953,66.61000061035156,66.73999786376953,28624600
2018-08-13,66.6500015258789,66.77999877929688,66.3499984741211,66.5,24817700
2018-08-14,66.58999633789062,66.6500015258789,66.37000274658203,66.48999786376953,22596700
2018-08-15,65.61000061035156,65.69000244140625,65.1500015258789,65.52999877929688,41602700
2018-08-16,65.95999908447266,66.23999786376953,65.93000030517578,65.98999786376953,23297100
2018-08-17,65.97000122070312,66.55000305175781,65.91000366210938,66.37999725341797,25722900
2018-08-20,66.63999938964844,66.81999969482422,66.62000274658203,66.73999786376953,16229300
2018-08-21,67.16999816894531,67.36000061035156,66.98999786376953,67.1500015258789,15670100
2018-08-22,67.44999694824219,67.52999877929688,67.33000183105469,67.41000366210938,13217500
2018-08-23,67.06999969482422,67.22000122070312,66.87000274658203,66.93000030517578,22030700
2018-08-24,67.2300033569336,67.45999908447266,67.13999938964844,67.31999969482422,21816600
2018-08-27,67.91000366210938,68.2699966430664,67.87000274658203,68.22000122070312,24820300
2018-08-28,68.38999938964844,68.44999694824219,68.12000274658203,68.16000366210938,19866800
2018-08-29,68.16000366210938,68.54000091552734,68.08000183105469,68.52999877929688,18107700
2018-08-30,67.94999694824219,68.05000305175781,67.70999908447266,67.87999725341797,20743000
2018-08-31,67.45999908447266,67.69000244140625,67.08000183105469,67.33999633789062,30945900
2018-09-04,66.5,66.77999877929688,66.41999816894531,66.7699966430664,25303400
2018-09-05,66.33999633789062,66.41999816894531,65.95999908447266,66.16000366210938,26850800
2018-09-06,66.05999755859375,66.22000122070312,65.6500015258789,65.95999908447266,25557900
2018-09-07,65.33000183105469,65.62999725341797,65.23999786376953,65.43000030517578,22989400
2018-09-10,65.94999694824219,65.98999786376953,65.75,65.83000183105469,15646700
2018-09-11,65.5,65.91000366210938,65.4000015258789,65.88999938964844,17652700
2018-09-12,65.95999908447266,66.33000183105469,65.91000366210938,66.16999816894531,19372500
2018-09-13,66.80999755859375,66.87000274658203,66.48999786376953,66.66000366210938,26009600
2018-09-14,66.86000061035156,66.94000244140625,66.5999984741211,66.76000213623047,21047500
2018-09-17,67.08999633789062,67.20999908447266,66.80999755859375,66.81999969482422,13679100
2018-09-18,67.30999755859375,67.62000274658203,67.30000305175781,67.5199966430664,20734400
2018-09-19,67.58999633789062,67.86000061035156,67.58999633789062,67.76000213623047,15330300
2018-09-20,68.47000122070312,68.68000030517578,68.29000091552734,68.5999984741211,24625300
2018-09-21,68.58000183105469,68.73999786376953,68.5199966430664,68.62999725341797,19003300
2018-09-24,68.63999938964844,68.66000366210938,68.31999969482422,68.31999969482422,20382700
2018-09-25,68.8499984741211,68.88999938964844,68.63999938964844,68.66000366210938,19623000
2018-09-26,68.62999725341797,69.12999725341797,68.62000274658203,68.69000244140625,26899900
2018-09-27,68.55999755859375,68.86000061035156,68.4800033569336,68.55000305175781,21555300
2018-09-28,67.93000030517578,68.2699966430664,67.8499984741211,67.98999786376953,37330500
2018-10-01,68.20999908447266,68.31999969482422,68.05000305175781,68.06999969482422,27922300
2018-10-02,67.55000305175781,67.77999877929688,67.47000122070312,67.72000122070312,18689200
2018-10-03,67.83999633789062,67.87999725341797,67.54000091552734,67.5999984741211,19372300
2018-10-04,67.16999816894531,67.19999694824219,66.5,66.80999755859375,38671500
2018-10-05,66.6500015258789,66.70999908447266,66.16000366210938,66.41000366210938,28116900
2018-10-08,65.69000244140625,66.11000061035156,65.54000091552734,66.08999633789062,24471300
2018-10-09,65.4000015258789,66.01000213623047,65.31999969482422,65.91999816894531,23011200
2018-10-10,65.68000030517578,65.68000030517578,64.37999725341797,64.5199966430664,64586200
2018-10-11,64.33000183105469,64.54000091552734,63.18999862670898,63.619998931884766,119275100
2018-10-12,64.11000061035156,64.13999938964844,63.18000030517578,63.84999847412109,66647600
2018-10-15,63.68999862670898,64.04000091552734,63.5099983215332,63.70000076293945,32702300
2018-10-16,64.52999877929688,64.91999816894531,64.43000030517578,64.79000091552734,35959100
2018-10-17,64.58999633789062,64.66999816894531,64.12000274658203,64.41999816894531,26566600
2018-10-18,64.16999816894531,64.25,63.18000030517578,63.380001068115234,48286500
2018-10-19,63.720001220703125,64.0999984741211,63.70000076293945,63.7400016784668,31924100
2018-10-22,63.79999923706055,63.84999847412109,63.27000045776367,63.459999084472656,28641300
2018-10-23,62.41999816894531,63.130001068115234,62.04999923706055,62.86000061035156,54694300
2018-10-24,62.5,62.540000915527344,61.040000915527344,61.08000183105469,62942300
2018-10-25,61.58000183105469,62.16999816894531,61.34000015258789,61.84999847412109,47758100
2018-10-26,61.09000015258789,61.83000183105469,60.58000183105469,61.43000030517578,72008800
2018-10-29,62.09999847412109,62.22999954223633,60.77000045776367,61.2599983215332,60675300
2018-10-30,61.38999938964844,62.0099983215332,61.29999923706055,62.0,50851500
2018-10-31,62.5099983215332,62.79999923706055,62.400001525878906,62.459999084472656,49348900
2018-11-01,63.0,63.27000045776367,62.7599983215332,63.2599983215332,42760200
2018-11-02,63.83000183105469,63.91999816894531,62.97999954223633,63.34999847412109,39087900
2018-11-05,63.38999938964844,63.5099983215332,63.15999984741211,63.34999847412109,23002700
2018-11-06,63.369998931884766,63.65999984741211,63.310001373291016,63.61000061035156,18973700
2018-11-07,64.19000244140625,64.5,63.97999954223633,64.45999908447266,34148400
2018-11-08,64.22000122070312,64.3499984741211,63.68999862670898,63.83000183105469,31336600
2018-11-09,63.40999984741211,63.52000045776367,63.11000061035156,63.40999984741211,27581700
2018-11-12,62.970001220703125,62.9900016784668,62.290000915527344,62.369998931884766,31068900
2018-11-13,62.52999877929688,63.08000183105469,62.369998931884766,62.63999938964844,37193900
2018-11-14,63.08000183105469,63.130001068115234,62.34000015258789,62.68999862670898,51506100
2018-11-15,62.27999877929688,63.02000045776367,61.970001220703125,62.88999938964844,54666300
2018-11-16,62.47999954223633,63.02999877929688,62.380001068115234,62.959999084472656,30723600
2018-11-19,62.91999816894531,62.95000076293945,62.25,62.40999984741211,30409700
2018-11-20,61.56999969482422,61.83000183105469,61.18000030517578,61.33000183105469,41209700
2018-11-21,62.09000015258789,62.43999862670898,61.9900016784668,62.18999862670898,32720600
2018-11-23,61.65999984741211,61.97999954223633,61.65999984741211,61.77999877929688,13336500
2018-11-26,62.560001373291016,62.77000045776367,62.5,62.709999084472656,31007400
2018-11-27,62.34000015258789,62.5099983215332,62.15999984741211,62.470001220703125,38111400
2018-11-28,62.560001373291016,63.40999984741211,62.27999877929688,63.36000061035156,40600800
2018-11-29,62.9900016784668,63.25,62.83000183105469,63.040000915527344,31259700
2018-11-30,62.68000030517578,62.84000015258789,62.4900016784668,62.77000045776367,32068600
2018-12-03,63.75,63.75,63.36000061035156,63.59999847412109,43673900
2018-12-04,63.27999877929688,63.34000015258789,61.88999938964844,61.95000076293945,50079600
2018-12-06,60.900001525878906,61.41999816894531,60.22999954223633,61.369998931884766,78905500
2018-12-07,61.459999084472656,61.70000076293945,60.61000061035156,60.75,54090300
2018-12-10,60.4900016784668,60.59999847412109,59.65999984741211,60.27999877929688,61630500
2018-12-11,60.900001525878906,60.91999816894531,60.11000061035156,60.470001220703125,71163600
2018-12-12,61.41999816894531,61.77999877929688,61.36000061035156,61.36000061035156,45925600
2018-12-13,61.47999954223633,61.630001068115234,61.18999862670898,61.25,44498200
2018-12-14,60.59000015258789,60.84999847412109,60.40999984741211,60.459999084472656,50416200
2018-12-17,60.45000076293945,60.52000045776367,59.72999954223633,59.97999954223633,58508500
2018-12-18,59.619998931884766,59.81999969482422,59.20000076293945,59.38999938964844,48896500
2018-12-19,59.63999938964844,60.09999847412109,58.58000183105469,58.81999969482422,68491500
2018-12-20,58.900001525878906,59.06999969482422,58.34999847412109,58.58000183105469,97602600
2018-12-21,58.16999816894531,58.5099983215332,57.47999954223633,57.560001373291016,93622500
2018-12-24,57.560001373291016,57.790000915527344,56.84000015258789,56.88999938964844,47120300
2018-12-26,57.25,58.29999923706055,56.77000045776367,58.209999084472656,69827600
2018-12-27,57.54999923706055,58.380001068115234,57.11000061035156,58.380001068115234,76591200
2018-12-28,58.959999084472656,58.9900016784668,58.52000045776367,58.68999862670898,68541800
2018-12-31,59.02000045776367,59.060001373291016,58.58000183105469,58.77999877929688,62878800
2019-01-02,58.0,58.66999816894531,57.97999954223633,58.65999984741211,38723200
2019-01-03,58.52000045776367,58.54999923706055,58.02999877929688,58.130001068115234,35012600
2019-01-04,59.08000183105469,60.119998931884766,58.9900016784668,59.90999984741211,47001700
2019-01-07,59.9900016784668,60.41999816894531,59.81999969482422,60.13999938964844,30335900
2019-01-08,60.72999954223633,60.7599983215332,60.34999847412109,60.52999877929688,26444600
2019-01-09,61.08000183105469,61.34000015258789,60.90999984741211,61.209999084472656,34615300
2019-01-10,60.970001220703125,61.459999084472656,60.91999816894531,61.45000076293945,33699300
2019-01-11,60.97999954223633,61.15999984741211,60.84999847412109,61.02999877929688,40655600
2019-01-14,60.58000183105469,60.95000076293945,60.54999923706055,60.75,28319800
2019-01-15,60.90999984741211,61.15999984741211,60.709999084472656,61.06999969482422,35202700
2019-01-16,61.130001068115234,61.310001373291016,61.09999847412109,61.2400016784668,38473900
2019-01-17,60.880001068115234,61.56999969482422,60.86000061035156,61.459999084472656,28896000
2019-01-18,62.06999969482422,62.150001525878906,61.84000015258789,62.08000183105469,39380800
2019-01-22,61.43000030517578,61.5099983215332,61.0,61.119998931884766,36637900
2019-01-23,61.63999938964844,61.68999862670898,61.150001525878906,61.400001525878906,21725600
2019-01-24,61.43000030517578,61.650001525878906,61.2599983215332,61.470001220703125,21843800
2019-01-25,62.060001373291016,62.27999877929688,62.02000045776367,62.16999816894531,31128800
2019-01-28,61.66999816894531,61.88999938964844,61.58000183105469,61.83000183105469,28738200
2019-01-29,62.209999084472656,62.34000015258789,61.970001220703125,61.970001220703125,23933700
2019-01-30,62.27000045776367,62.900001525878906,62.11000061035156,62.650001525878906,30465700
2019-01-31,62.560001373291016,62.83000183105469,62.40999984741211,62.68000030517578,33012500
2019-02-01,62.68999862670898,62.83000183105469,62.5,62.65999984741211,22056000
2019-02-04,62.56999969482422,62.91999816894531,62.45000076293945,62.88999938964844,20260600
2019-02-05,63.290000915527344,63.43000030517578,63.20000076293945,63.380001068115234,29367100
2019-02-06,63.220001220703125,63.29999923706055,62.959999084472656,63.060001373291016,19675600
2019-02-07,62.56999969482422,62.66999816894531,62.09000015258789,62.220001220703125,33930700
2019-02-08,61.81999969482422,62.02999877929688,61.61000061035156,62.02000045776367,21440400
2019-02-11,61.959999084472656,62.09000015258789,61.81999969482422,61.959999084472656,22453000
2019-02-12,62.540000915527344,62.709999084472656,62.5,62.68000030517578,28176300
2019-02-13,62.900001525878906,63.04999923706055,62.68999862670898,62.68999862670898,22923500
2019-02-14,62.70000076293945,62.91999816894531,62.52999877929688,62.709999084472656,23166900
2019-02-15,63.34000015258789,63.619998931884766,62.709999084472656,63.619998931884766,29544700
2019-02-19,63.40999984741211,63.970001220703125,63.40999984741211,63.86000061035156,19126800
2019-02-20,63.93999862670898,64.30000305175781,63.93000030517578,64.04000091552734,27833100
2019-02-21,63.9900016784668,64.04000091552734,63.75,63.90999984741211,19709600
2019-02-22,64.0999984741211,64.2699966430664,64.0199966430664,64.12000274658203,19653800
2019-02-25,64.5199966430664,64.58000183105469,64.27999877929688,64.30999755859375,21208900
2019-02-26,64.41999816894531,64.7699966430664,64.38999938964844,64.62000274658203,23246200
2019-02-27,64.5,64.58000183105469,64.30000305175781,64.36000061035156,19933400
2019-02-28,64.30999755859375,64.45999908447266,64.19999694824219,64.2699966430664,27730700
2019-03-01,64.63999938964844,64.75,64.38999938964844,64.62000274658203,26191800
2019-03-04,64.68000030517578,64.70999908447266,64.12000274658203,64.37999725341797,22255100
2019-03-05,64.36000061035156,64.61000061035156,64.2699966430664,64.44000244140625,22315100
2019-03-06,64.55000305175781,64.56999969482422,64.25,64.27999877929688,14060100
2019-03-07,64.0,64.06999969482422,63.45000076293945,63.459999084472656,29445800
2019-03-08,63.06999969482422,63.470001220703125,63.060001373291016,63.470001220703125,21427600
2019-03-11,63.5099983215332,64.04000091552734,63.5099983215332,64.0199966430664,16204800
2019-03-12,63.9900016784668,64.11000061035156,63.900001525878906,63.97999954223633,31559400
2019-03-13,64.22000122070312,64.58999633789062,64.22000122070312,64.52999877929688,17856300
2019-03-14,64.48999786376953,64.6500015258789,64.38999938964844,64.5199966430664,20861400
2019-03-15,64.97000122070312,65.23999786376953,64.93000030517578,65.22000122070312,44272000
2019-03-18,65.33000183105469,65.4800033569336,65.22000122070312,65.44999694824219,27734300
2019-03-19,65.83999633789062,65.87999725341797,65.44000244140625,65.58000183105469,32094800
2019-03-20,65.33000183105469,65.91999816894531,65.11000061035156,65.61000061035156,33136000
2019-03-21,65.16999816894531,65.62999725341797,65.16000366210938,65.56999969482422,34686500
2019-03-22,64.8499984741211,64.95999908447266,64.27999877929688,64.30999755859375,36194200
2019-03-25,64.26000213623047,64.44999694824219,64.0999984741211,64.4000015258789,26707900
2019-03-26,64.87000274658203,64.94000244140625,64.61000061035156,64.72000122070312,36734400
2019-03-27,64.88999938964844,64.97000122070312,64.30999755859375,64.75,21772300
2019-03-28,64.62999725341797,64.70999908447266,64.36000061035156,64.58999633789062,16531200
2019-03-29,64.87000274658203,64.9000015258789,64.56999969482422,64.86000061035156,23423900
2019-04-01,65.4800033569336,65.70999908447266,65.38999938964844,65.69000244140625,33228100
2019-04-02,65.5999984741211,65.73999786376953,65.43000030517578,65.70999908447266,18209100
2019-04-03,66.16999816894531,66.37999725341797,66.08999633789062,66.22000122070312,25471600
2019-04-04,65.98999786376953,66.12999725341797,65.95999908447266,66.08000183105469,23580500
2019-04-05,66.02999877929688,66.25,66.02999877929688,66.25,27828800
2019-04-08,66.23999786376953,66.29000091552734,66.08000183105469,66.29000091552734,21464100
2019-04-09,66.05000305175781,66.05999755859375,65.83999633789062,65.87000274658203,17074900
2019-04-10,65.95999908447266,66.13999938964844,65.87999725341797,66.12000274658203,25289300
2019-04-11,66.05000305175781,66.12999725341797,65.8499984741211,65.9800033569336,16309400
2019-04-12,66.41999816894531,66.47000122070312,66.29000091552734,66.44000244140625,31507700
2019-04-15,66.48999786376953,66.51000213623047,66.33000183105469,66.47000122070312,11608000
2019-04-16,66.7300033569336,66.73999786376953,66.47000122070312,66.5199966430664,19958100
2019-04-17,66.8499984741211,66.87000274658203,66.5999984741211,66.70999908447266,23540000
2019-04-18,66.70999908447266,66.75,66.51000213623047,66.66999816894531,21794000
2019-04-22,66.45999908447266,66.66999816894531,66.41999816894531,66.55999755859375,21336700
2019-04-23,66.44000244140625,66.72000122070312,66.4000015258789,66.69000244140625,17741400
2019-04-24,66.33999633789062,66.4000015258789,66.11000061035156,66.2300033569336,26417500
2019-04-25,66.0199966430664,66.19999694824219,65.95999908447266,66.18000030517578,16020300
2019-04-26,66.30000305175781,66.45999908447266,66.19999694824219,66.44999694824219,17705700
2019-04-29,66.4800033569336,66.73999786376953,66.43000030517578,66.72000122070312,16992700
2019-04-30,66.69999694824219,66.87000274658203,66.4800033569336,66.76000213623047,36645900
2019-05-01,66.86000061035156,66.9800033569336,66.33000183105469,66.37999725341797,25870800
2019-05-02,66.44000244140625,66.47000122070312,66.11000061035156,66.27999877929688,21120700
2019-05-03,66.58999633789062,66.98999786376953,66.55000305175781,66.98999786376953,22117400
2019-05-06,65.5199966430664,66.31999969482422,65.5,66.2300033569336,24641100
2019-05-07,65.62999725341797,65.69000244140625,64.86000061035156,65.06999969482422,30661400
2019-05-08,65.08999633789062,65.38999938964844,64.97000122070312,65.1500015258789,31028300
2019-05-09,64.44000244140625,64.91999816894531,64.2300033569336,64.8499984741211,28991500
2019-05-10,64.83999633789062,65.3499984741211,64.47000122070312,65.33000183105469,34968000
2019-05-13,64.12999725341797,64.22000122070312,63.709999084472656,63.810001373291016,42253200
2019-05-14,64.2699966430664,64.62000274658203,64.20999908447266,64.44999694824219,32214000
2019-05-15,63.97999954223633,64.79000091552734,63.95000076293945,64.68000030517578,39054900
2019-05-16,64.91999816894531,65.41000366210938,64.91000366210938,65.19999694824219,27414300
2019-05-17,64.80000305175781,65.11000061035156,64.72000122070312,64.7699966430664,35566300
2019-05-20,64.51000213623047,64.7300033569336,64.3499984741211,64.51000213623047,27914500
2019-05-21,64.86000061035156,65.02999877929688,64.69999694824219,64.94000244140625,20838900
2019-05-22,64.62000274658203,64.83000183105469,64.61000061035156,64.68000030517578,22818000
2019-05-23,64.0,64.16000366210938,63.81999969482422,64.08999633789062,29106800
2019-05-24,64.7699966430664,64.79000091552734,64.54000091552734,64.77999877929688,23320000
2019-05-28,64.7300033569336,64.83999633789062,64.12999725341797,64.1500015258789,32637000
2019-05-29,63.68000030517578,63.75,63.43999862670898,63.7400016784668,32910400
2019-05-30,63.81999969482422,63.9900016784668,63.7400016784668,63.97999954223633,28874300
2019-05-31,63.130001068115234,63.470001220703125,63.06999969482422,63.400001525878906,34278600
2019-06-03,63.59000015258789,63.869998931884766,63.40999984741211,63.77000045776367,36735900
2019-06-04,64.20999908447266,64.55999755859375,64.04000091552734,64.5,34241600
2019-06-05,64.79000091552734,64.80000305175781,64.37999725341797,64.4800033569336,19015300
2019-06-06,64.7300033569336,64.87999725341797,64.55999755859375,64.73999786376953,28586900
2019-06-07,65.36000061035156,65.7300033569336,65.33000183105469,65.55999755859375,31020100
2019-06-10,65.7300033569336,65.91999816894531,65.66999816894531,65.73999786376953,21435800
2019-06-11,66.33999633789062,66.36000061035156,65.9800033569336,66.06999969482422,22255000
2019-06-12,65.80999755859375,65.9000015258789,65.55000305175781,65.58000183105469,17110500
2019-06-13,65.73999786376953,65.7699966430664,65.47000122070312,65.63999938964844,24194500
2019-06-14,65.25,65.25,65.08999633789062,65.16000366210938,37202100
2019-06-17,63.79999923706055,63.959999084472656,63.7599983215332,63.83000183105469,22615800
2019-06-18,64.3499984741211,64.70999908447266,64.33000183105469,64.68000030517578,34024300
2019-06-19,64.83000183105469,65.19999694824219,64.77999877929688,65.08000183105469,25092700
2019-06-20,65.83000183105469,65.86000061035156,65.44000244140625,65.6500015258789,32817400
2019-06-21,65.37000274658203,65.55999755859375,65.31999969482422,65.37000274658203,25032400
2019-06-24,65.55999755859375,65.63999938964844,65.48999786376953,65.51000213623047,23238800
2019-06-25,65.58000183105469,65.5999984741211,65.12000274658203,65.12000274658203,24373000
2019-06-26,65.37000274658203,65.41000366210938,65.19999694824219,65.19999694824219,13170700
2019-06-27,65.37000274658203,65.47000122070312,65.33000183105469,65.36000061035156,14439800
2019-06-28,65.63999938964844,65.80000305175781,65.5999984741211,65.7300033569336,27667900
2019-07-01,66.38999938964844,66.38999938964844,65.87999725341797,66.04000091552734,25538600
2019-07-02,66.16999816894531,66.29000091552734,66.12999725341797,66.2300033569336,26045900
2019-07-03,66.58999633789062,66.72000122070312,66.55000305175781,66.68000030517578,14359300
2019-07-05,66.0999984741211,66.20999908447266,65.76000213623047,66.16999816894531,21696200
2019-07-08,65.80000305175781,65.91999816894531,65.75,65.79000091552734,15839500
2019-07-09,65.33000183105469,65.54000091552734,65.30000305175781,65.51000213623047,11661800
2019-07-10,65.81999969482422,65.93000030517578,65.62000274658203,65.73999786376953,15051500
2019-07-11,65.87000274658203,65.9000015258789,65.55000305175781,65.72000122070312,14023800
2019-07-12,65.69000244140625,65.80000305175781,65.58999633789062,65.80000305175781,14459500
2019-07-15,65.87000274658203,65.91999816894531,65.76000213623047,65.86000061035156,12363200
2019-07-16,65.66999816894531,65.80000305175781,65.52999877929688,65.58999633789062,23641400
2019-07-17,65.76000213623047,65.76000213623047,65.47000122070312,65.5,13318800
2019-07-18,65.25,65.69999694824219,65.18000030517578,65.69999694824219,18639700
2019-07-19,65.66999816894531,65.75,65.4800033569336,65.51000213623047,16908600
2019-07-22,65.5999984741211,65.66000366210938,65.47000122070312,65.58000183105469,15203900
2019-07-23,65.9800033569336,66.05000305175781,65.83999633789062,65.98999786376953,22078400
2019-07-24,65.80999755859375,66.04000091552734,65.80000305175781,66.04000091552734,11192500
2019-07-25,65.83999633789062,65.86000061035156,65.30000305175781,65.37000274658203,24288100
2019-07-26,65.55000305175781,65.5999984741211,65.47000122070312,65.5,16616500
2019-07-29,65.72000122070312,65.7300033569336,65.52999877929688,65.63999938964844,11655500
2019-07-30,64.9000015258789,64.94000244140625,64.7300033569336,64.87999725341797,24945300
2019-07-31,64.8499984741211,65.04000091552734,64.0,64.44999694824219,32619000
2019-08-01,64.52999877929688,65.06999969482422,64.01000213623047,64.2699966430664,38568600
2019-08-02,64.0199966430664,64.0199966430664,63.45000076293945,63.70000076293945,37778000
2019-08-05,62.77999877929688,62.77999877929688,61.83000183105469,62.11000061035156,54766700
2019-08-06,62.59999847412109,62.68999862670898,62.08000183105469,62.52999877929688,33907400
2019-08-07,62.27000045776367,62.88999938964844,62.09000015258789,62.77000045776367,41814700
2019-08-08,63.02000045776367,63.540000915527344,62.93999862670898,63.380001068115234,29156400
2019-08-09,63.18999862670898,63.2400016784668,62.790000915527344,62.93999862670898,23227400
2019-08-12,62.68999862670898,62.869998931884766,62.33000183105469,62.43999862670898,21906000
2019-08-13,62.31999969482422,63.20000076293945,62.2599983215332,63.02999877929688,30781900
2019-08-14,61.86000061035156,61.93999862670898,61.29999923706055,61.29999923706055,39692900
2019-08-15,61.58000183105469,61.70000076293945,61.2599983215332,61.5099983215332,40936100
2019-08-16,61.86000061035156,62.310001373291016,61.86000061035156,62.25,22856400
2019-08-19,62.81999969482422,62.84999847412109,62.619998931884766,62.630001068115234,22998600
2019-08-20,62.61000061035156,62.630001068115234,62.34000015258789,62.41999816894531,21710200
2019-08-21,63.09999847412109,63.09999847412109,62.86000061035156,62.86000061035156,25971800
2019-08-22,62.88999938964844,62.970001220703125,62.5099983215332,62.7400016784668,20505100
2019-08-23,62.59000015258789,63.0099983215332,61.95000076293945,61.959999084472656,34410500
2019-08-26,62.59000015258789,62.61000061035156,62.2599983215332,62.470001220703125,27774800
2019-08-27,62.77000045776367,62.81999969482422,62.41999816894531,62.41999816894531,24511400
2019-08-28,62.27000045776367,62.630001068115234,62.09000015258789,62.41999816894531,25028400
2019-08-29,63.02000045776367,63.09000015258789,62.79999923706055,62.959999084472656,19046700
2019-08-30,63.400001525878906,63.41999816894531,62.93000030517578,63.209999084472656,33527300
2019-09-03,62.84999847412109,63.09999847412109,62.77999877929688,63.09000015258789,33998200
2019-09-04,63.7400016784668,63.97999954223633,63.65999984741211,63.97999954223633,25619300
2019-09-05,64.43000030517578,64.56999969482422,64.30999755859375,64.31999969482422,22265900
2019-09-06,64.51000213623047,64.69000244140625,64.45999908447266,64.52999877929688,21338300
2019-09-09,64.7300033569336,64.7300033569336,64.56999969482422,64.72000122070312,15965600
2019-09-10,64.5999984741211,64.88999938964844,64.47000122070312,64.83000183105469,19028800
2019-09-11,65.0199966430664,65.20999908447266,64.95999908447266,65.19000244140625,18413200
2019-09-12,65.23999786376953,65.66000366210938,65.1500015258789,65.56999969482422,30292200
2019-09-13,65.88999938964844,66.08000183105469,65.80000305175781,65.94000244140625,22132200
2019-09-16,65.52999877929688,65.56999969482422,65.30999755859375,65.3499984741211,31083600
2019-09-17,65.25,65.62000274658203,65.19000244140625,65.56999969482422,23554300
2019-09-18,65.41000366210938,65.58000183105469,65.11000061035156,65.48999786376953,17807600
2019-09-19,65.83000183105469,65.94000244140625,65.69000244140625,65.70999908447266,18972500
2019-09-20,65.79000091552734,65.9000015258789,65.4800033569336,65.55999755859375,35368700
2019-09-23,65.19999694824219,65.44000244140625,65.12999725341797,65.38999938964844,15457000
2019-09-24,65.55000305175781,65.61000061035156,65.0999984741211,65.13999938964844,32233100
2019-09-25,64.79000091552734,65.05000305175781,64.55999755859375,64.94999694824219,21342600
2019-09-26,65.30000305175781,65.3499984741211,65.08000183105469,65.19000244140625,25098000
2019-09-27,65.19000244140625,65.30000305175781,64.83000183105469,64.97000122070312,20607400
2019-09-30,64.97000122070312,65.23999786376953,64.94999694824219,65.20999908447266,25423400
2019-10-01,65.0199966430664,65.06999969482422,64.45999908447266,64.56999969482422,42550500
2019-10-02,63.72999954223633,63.77999877929688,63.09999847412109,63.25,43464100
2019-10-03,63.2599983215332,63.68999862670898,62.97999954223633,63.66999816894531,39571700
2019-10-04,63.720001220703125,64.19999694824219,63.68000030517578,64.16999816894531,18837500
2019-10-07,64.12000274658203,64.41000366210938,64.08000183105469,64.08999633789062,19228000
2019-10-08,63.7599983215332,63.810001373291016,63.43999862670898,63.4900016784668,27797800
2019-10-09,63.91999816894531,64.08000183105469,63.77000045776367,63.95000076293945,22989500
2019-10-10,63.91999816894531,64.43000030517578,63.880001068115234,64.4000015258789,25532400
2019-10-11,65.37000274658203,65.81999969482422,65.37000274658203,65.55000305175781,37665600
2019-10-14,65.23999786376953,65.41000366210938,65.19999694824219,65.27999877929688,12662000
2019-10-15,65.55999755859375,66.25,65.51000213623047,66.04000091552734,24932600
2019-10-16,66.0199966430664,66.29000091552734,65.97000122070312,66.13999938964844,28518700
2019-10-17,66.4800033569336,66.52999877929688,66.12999725341797,66.30000305175781,26853900
2019-10-18,66.20999908447266,66.37999725341797,66.01000213623047,66.2699966430664,21446100
2019-10-21,66.70999908447266,66.75,66.58999633789062,66.62999725341797,29016200
2019-10-22,66.68000030517578,66.91000366210938,66.45999908447266,66.47000122070312,21293000
2019-10-23,66.5999984741211,66.83000183105469,66.5199966430664,66.83000183105469,14206200
2019-10-24,67.06999969482422,67.08000183105469,66.81999969482422,66.94999694824219,23429100
2019-10-25,66.76000213623047,67.06999969482422,66.75,67.0199966430664,17184200
2019-10-28,67.12000274658203,67.33999633789062,67.11000061035156,67.31999969482422,16490600
2019-10-29,67.05999755859375,67.33000183105469,67.02999877929688,67.30000305175781,15251900
2019-10-30,67.23999786376953,67.58000183105469,66.91999816894531,67.58000183105469,22592900
2019-10-31,67.37000274658203,67.41999816894531,67.11000061035156,67.41999816894531,22047900
2019-11-01,67.8499984741211,68.0199966430664,67.80999755859375,68.0199966430664,32338600
2019-11-04,68.4800033569336,68.52999877929688,68.2300033569336,68.37000274658203,20429900
2019-11-05,68.29000091552734,68.3499984741211,68.11000061035156,68.23999786376953,15727300
2019-11-06,68.30999755859375,68.37999725341797,68.11000061035156,68.20999908447266,16600200
2019-11-07,68.58999633789062,68.63999938964844,68.38999938964844,68.41999816894531,21271500
2019-11-08,68.18000030517578,68.37999725341797,68.02999877929688,68.37999725341797,10298800
2019-11-11,68.0199966430664,68.30999755859375,68.0199966430664,68.29000091552734,8544000
2019-11-12,68.27999877929688,68.45999908447266,68.18000030517578,68.31999969482422,18570100
2019-11-13,67.83999633789062,68.12000274658203,67.81999969482422,68.08000183105469,21006500
2019-11-14,67.7300033569336,67.93000030517578,67.66000366210938,67.88999938964844,17870900
2019-11-15,68.05000305175781,68.31999969482422,68.05000305175781,68.31999969482422,23494600
2019-11-18,68.23999786376953,68.45999908447266,68.12999725341797,68.4000015258789,20587500
2019-11-19,68.5999984741211,68.62999725341797,68.22000122070312,68.30999755859375,18664800
2019-11-20,67.94000244140625,68.0999984741211,67.68000030517578,67.87999725341797,20655200
2019-11-21,67.87000274658203,67.9000015258789,67.62000274658203,67.79000091552734,14293400
2019-11-22,68.05999755859375,68.11000061035156,67.81999969482422,67.9800033569336,14969300
2019-11-25,68.27999877929688,68.5199966430664,68.27999877929688,68.5199966430664,19329100
2019-11-26,68.41000366210938,68.54000091552734,68.36000061035156,68.4800033569336,24276000
2019-11-27,68.56999969482422,68.69000244140625,68.54000091552734,68.66000366210938,16942100
2019-11-29,68.22000122070312,68.33999633789062,68.13999938964844,68.18000030517578,11587200
2019-12-02,68.0999984741211,68.13999938964844,67.52999877929688,67.83000183105469,38855400
2019-12-03,67.2300033569336,67.62000274658203,67.0199966430664,67.58000183105469,28161500
2019-12-04,68.0,68.20999908447266,67.94000244140625,68.19999694824219,21762200
2019-12-05,68.23999786376953,68.23999786376953,67.95999908447266,68.06999969482422,21039700
2019-12-06,68.62000274658203,68.70999908447266,68.55000305175781,68.69000244140625,23179600
2019-12-09,68.56999969482422,68.68000030517578,68.33000183105469,68.33000183105469,21946200
2019-12-10,68.26000213623047,68.5,68.13999938964844,68.36000061035156,23419000
2019-12-11,68.38999938964844,68.79000091552734,68.37000274658203,68.72000122070312,16546800
2019-12-12,68.63999938964844,69.25,68.5999984741211,69.18000030517578,30690900
2019-12-13,69.55999755859375,69.9800033569336,69.4000015258789,69.66000366210938,46988400
2019-12-16,69.5999984741211,69.70999908447266,69.51000213623047,69.62000274658203,34004700
2019-12-17,69.30000305175781,69.4000015258789,69.22000122070312,69.22000122070312,28111100
2019-12-18,69.13999938964844,69.20999908447266,69.01000213623047,69.12999725341797,18590900
2019-12-19,68.98999786376953,69.1500015258789,68.93000030517578,69.12999725341797,25939200
2019-12-20,69.29000091552734,69.31999969482422,69.16000366210938,69.18000030517578,38587700
2019-12-23,69.23999786376953,69.33000183105469,69.18000030517578,69.29000091552734,21313800
2019-12-24,69.27999877929688,69.27999877929688,69.16000366210938,69.22000122070312,5947000
2019-12-26,69.3499984741211,69.54000091552734,69.2699966430664,69.5199966430664,8372000
2019-12-27,69.83999633789062,69.8499984741211,69.58999633789062,69.63999938964844,16281600
2019-12-30,69.76000213623047,69.7699966430664,69.0999984741211,69.12000274658203,24069000
2019-12-31,69.19000244140625,69.4800033569336,68.97000122070312,69.44000244140625,20142100
2020-01-02,69.95999908447266,70.16000366210938,69.83999633789062,70.13999938964844,24749300
2020-01-03,69.19000244140625,69.69999694824219,69.19000244140625,69.2699966430664,29921500
2020-01-06,69.16000366210938,69.56999969482422,69.1500015258789,69.54000091552734,22636400
2020-01-07,69.5199966430664,69.54000091552734,69.30000305175781,69.3499984741211,15107500
2020-01-08,69.2699966430664,69.73999786376953,69.26000213623047,69.55000305175781,14249500
2020-01-09,69.68000030517578,69.75,69.54000091552734,69.70999908447266,13749100
2020-01-10,69.66000366210938,69.77999877929688,69.37000274658203,69.44999694824219,33832300
2020-01-13,69.51000213623047,69.8499984741211,69.37000274658203,69.80999755859375,16443000
2020-01-14,69.68000030517578,70.0,69.66999816894531,69.87999725341797,28826600
2020-01-15,69.81999969482422,69.98999786376953,69.79000091552734,69.87999725341797,12217900
2020-01-16,69.98999786376953,70.19999694824219,69.91000366210938,70.16999816894531,12883400
2020-01-17,70.36000061035156,70.41999816894531,70.20999908447266,70.37999725341797,18473700
2020-01-21,70.05999755859375,70.13999938964844,69.80999755859375,69.81999969482422,20026600
2020-01-22,70.13999938964844,70.16000366210938,69.91000366210938,69.95999908447266,14047000
2020-01-23,69.69999694824219,69.86000061035156,69.36000061035156,69.79000091552734,18720200
2020-01-24,70.08000183105469,70.08000183105469,69.37000274658203,69.48999786376953,24107500
2020-01-27,68.1500015258789,68.41999816894531,68.05000305175781,68.05000305175781,32766700
2020-01-28,68.36000061035156,68.73999786376953,68.26000213623047,68.69000244140625,18001700
2020-01-29,68.81999969482422,68.93000030517578,68.5999984741211,68.69999694824219,14916600
2020-01-30,68.1500015258789,68.66999816894531,67.9800033569336,68.63999938964844,26285300
2020-01-31,68.0,68.02999877929688,67.26000213623047,67.4800033569336,40101600
2020-02-03,67.66999816894531,67.98999786376953,67.5999984741211,67.63999938964844,35288000
2020-02-04,68.66000366210938,68.87000274658203,68.58999633789062,68.7699966430664,32540000
2020-02-05,69.43000030517578,69.4800033569336,69.19999694824219,69.43000030517578,28162100
2020-02-06,69.63999938964844,69.68000030517578,69.5,69.62000274658203,23422500
2020-02-07,69.20999908447266,69.25,68.94000244140625,68.95999908447266,22188200
2020-02-10,68.8499984741211,69.12999725341797,68.8499984741211,69.0999984741211,13957600
2020-02-11,69.58000183105469,69.70999908447266,69.43000030517578,69.56999969482422,16040600
2020-02-12,69.80000305175781,69.86000061035156,69.68000030517578,69.80999755859375,13218100
2020-02-13,69.18000030517578,69.51000213623047,69.0999984741211,69.31999969482422,20113100
2020-02-14,69.30999755859375,69.33000183105469,69.0199966430664,69.19999694824219,15005100
2020-02-18,68.69999694824219,68.9000015258789,68.62000274658203,68.76000213623047,29201900
2020-02-19,69.0,69.11000061035156,68.94000244140625,68.98999786376953,16232700
2020-02-20,68.72000122070312,68.87000274658203,68.19000244140625,68.58000183105469,24607700
2020-02-21,68.36000061035156,68.41999816894531,68.05999755859375,68.26000213623047,24361900
2020-02-24,65.51000213623047,66.02999877929688,65.5,65.52999877929688,51653500
2020-02-25,65.83000183105469,65.88999938964844,64.3499984741211,64.44999694824219,55520000
2020-02-26,65.0,65.43000030517578,64.4800033569336,64.52999877929688,64966000
2020-02-27,63.5099983215332,64.19999694824219,62.59000015258789,62.619998931884766,80201400
2020-02-28,61.2599983215332,62.34999847412109,60.66999816894531,62.2400016784668,122342000
2020-03-02,62.22999954223633,63.16999816894531,61.709999084472656,63.040000915527344,78735900
2020-03-03,63.56999969482422,64.2699966430664,62.04999923706055,62.52999877929688,77691700
2020-03-04,63.630001068115234,64.47000122070312,63.09999847412109,64.4000015258789,41681700
2020-03-05,62.959999084472656,63.369998931884766,62.40999984741211,62.68999862670898,46294000
2020-03-06,61.560001373291016,62.09999847412109,61.15999984741211,61.75,64277200
2020-03-09,57.630001068115234,58.810001373291016,56.7599983215332,56.959999084472656,68431000
2020-03-10,59.20000076293945,59.369998931884766,57.18999862670898,59.060001373291016,110061600
2020-03-11,57.540000915527344,57.68999862670898,55.68999862670898,56.04999923706055,77459000
2020-03-12,51.79999923706055,51.959999084472656,49.209999084472656,49.88999938964844,91385100
2020-03-13,53.119998931884766,53.29999923706055,49.77000045776367,52.90999984741211,73588700
2020-03-16,46.59000015258789,49.06999969482422,45.77000045776367,47.45000076293945,54122400
2020-03-17,48.119998931884766,49.900001525878906,47.36000061035156,49.7599983215332,55045400
2020-03-18,46.68000030517578,48.119998931884766,45.72999954223633,46.90999984741211,74919600
2020-03-19,46.86000061035156,48.70000076293945,46.459999084472656,47.63999938964844,65863000
2020-03-20,48.869998931884766,49.38999938964844,47.0,47.04999923706055,62803000
2020-03-23,47.34000015258789,47.630001068115234,46.18999862670898,46.5,61708000
2020-03-24,50.02999877929688,50.810001373291016,49.43000030517578,50.43999862670898,51118500
2020-03-25,51.0,52.90999984741211,50.27999877929688,52.08000183105469,60405600
2020-03-26,52.380001068115234,54.5,52.380001068115234,54.40999984741211,60511800
2020-03-27,52.43999862670898,53.7400016784668,52.040000915527344,52.86000061035156,53372400
2020-03-30,53.04999923706055,53.970001220703125,52.70000076293945,53.93000030517578,45987700
2020-03-31,53.09000015258789,53.93999862670898,52.79999923706055,53.459999084472656,64906600
2020-04-01,51.72999954223633,52.27000045776367,51.04999923706055,51.09000015258789,40960200
2020-04-02,51.16999816894531,52.29999923706055,51.0099983215332,52.09000015258789,38008700
2020-04-03,51.2599983215332,51.470001220703125,50.59000015258789,50.900001525878906,33029800
2020-04-06,52.75,53.79999923706055,52.59000015258789,53.59999847412109,42257500
2020-04-07,55.41999816894531,55.4900016784668,53.79999923706055,53.900001525878906,36678000
2020-04-08,54.04999923706055,54.58000183105469,53.59999847412109,54.34000015258789,35282900
2020-04-09,55.18000030517578,55.77000045776367,55.0,55.56999969482422,42218200
2020-04-13,55.400001525878906,55.4900016784668,54.619998931884766,55.040000915527344,33424700
2020-04-14,55.91999816894531,56.43000030517578,55.810001373291016,56.02000045776367,36915600
2020-04-15,54.45000076293945,54.70000076293945,54.119998931884766,54.27000045776367,30158700
2020-04-16,54.47999954223633,54.560001373291016,53.77999877929688,54.29999923706055,37284200
2020-04-17,55.59999847412109,55.810001373291016,55.119998931884766,55.7400016784668,36205100
2020-04-20,55.060001373291016,55.77000045776367,54.900001525878906,54.90999984741211,25077400
2020-04-21,54.09999847412109,54.52000045776367,53.66999816894531,53.84000015258789,35535300
2020-04-22,54.7599983215332,54.869998931884766,54.5099983215332,54.75,28732700
2020-04-23,54.86000061035156,55.650001525878906,54.45000076293945,54.58000183105469,34733400
2020-04-24,54.9900016784668,55.2599983215332,54.56999969482422,55.209999084472656,30445100
2020-04-27,55.58000183105469,56.06999969482422,55.4900016784668,55.93999862670898,30786900
2020-04-28,57.08000183105469,57.09999847412109,56.31999969482422,56.36000061035156,35115400
2020-04-29,57.540000915527344,57.970001220703125,57.40999984741211,57.77000045776367,34921800
2020-04-30,56.9900016784668,57.09000015258789,56.2599983215332,56.56999969482422,52183100
2020-05-01,55.72999954223633,55.810001373291016,55.11000061035156,55.34000015258789,32088300
2020-05-04,54.91999816894531,55.33000183105469,54.70000076293945,55.31999969482422,23432000
2020-05-05,55.72999954223633,55.93999862670898,55.33000183105469,55.41999816894531,23459100
2020-05-06,55.84999847412109,55.88999938964844,55.060001373291016,55.060001373291016,22596000
2020-05-07,55.869998931884766,56.15999984741211,55.619998931884766,55.88999938964844,30628700
2020-05-08,56.58000183105469,56.84999847412109,56.4900016784668,56.84000015258789,20445800
2020-05-11,56.5,56.95000076293945,56.40999984741211,56.790000915527344,30772300
2020-05-12,56.959999084472656,57.02000045776367,56.06999969482422,56.06999969482422,59246700
2020-05-13,56.40999984741211,56.41999816894531,55.369998931884766,55.63999938964844,31920300
2020-05-14,54.34999847412109,55.18999862670898,54.0099983215332,55.11000061035156,41217500
2020-05-15,55.040000915527344,55.380001068115234,54.79999923706055,55.15999984741211,34086000
2020-05-18,56.560001373291016,57.52000045776367,56.52999877929688,57.38999938964844,39999500
2020-05-19,56.970001220703125,57.22999954223633,56.59000015258789,56.59999847412109,31462400
2020-05-20,57.68000030517578,58.060001373291016,57.54999923706055,57.77999877929688,32827600
2020-05-21,57.59000015258789,57.75,56.93999862670898,57.11000061035156,27554400
2020-05-22,56.83000183105469,56.9900016784668,56.58000183105469,56.95000076293945,27513100
2020-05-26,58.68999862670898,58.90999984741211,58.540000915527344,58.58000183105469,46679700
2020-05-27,59.310001373291016,59.34000015258789,58.66999816894531,59.290000915527344,33723400
2020-05-28,60.060001373291016,60.52000045776367,59.81999969482422,59.84999847412109,40630200
2020-05-29,59.7599983215332,59.79999923706055,59.0099983215332,59.63999938964844,47437100
2020-06-01,60.130001068115234,60.9900016784668,60.08000183105469,60.970001220703125,30195300
2020-06-02,61.34000015258789,61.65999984741211,61.25,61.540000915527344,31663000
2020-06-03,62.31999969482422,63.18999862670898,62.29999923706055,63.0099983215332,29773100
2020-06-04,62.61000061035156,63.119998931884766,62.56999969482422,62.7400016784668,26190300
2020-06-05,63.97999954223633,64.31999969482422,63.70000076293945,63.81999969482422,31208000
2020-06-08,64.16999816894531,64.66000366210938,63.790000915527344,64.6500015258789,29644000
2020-06-09,63.540000915527344,64.02999877929688,63.45000076293945,63.810001373291016,30176500
2020-06-10,64.04000091552734,64.22000122070312,63.43000030517578,63.66999816894531,27492200
2020-06-11,61.97999954223633,62.18000030517578,60.130001068115234,60.2599983215332,54699700
2020-06-12,61.86000061035156,62.0099983215332,60.43999862670898,61.29999923706055,57668900
2020-06-15,59.31999969482422,60.84000015258789,59.130001068115234,60.68999862670898,30698700
2020-06-16,61.900001525878906,62.02000045776367,60.7599983215332,61.43999862670898,37029400
2020-06-17,61.91999816894531,62.02000045776367,61.4900016784668,61.66999816894531,26238300
2020-06-18,61.16999816894531,61.54999923706055,61.04999923706055,61.34000015258789,20035700
2020-06-19,62.040000915527344,62.060001373291016,60.95000076293945,61.040000915527344,32270800
2020-06-22,61.45000076293945,61.84999847412109,61.209999084472656,61.77000045776367,20743000
2020-06-23,62.4900016784668,62.61000061035156,62.040000915527344,62.11000061035156,20897800
2020-06-24,61.38999938964844,61.52999877929688,60.34000015258789,60.52000045776367,34030900
2020-06-25,60.58000183105469,61.43999862670898,60.29999923706055,61.380001068115234,26357100
2020-06-26,61.22999954223633,61.290000915527344,60.400001525878906,60.4900016784668,32279300
2020-06-29,60.790000915527344,61.09999847412109,60.43999862670898,60.97999954223633,23749700
2020-06-30,60.54999923706055,61.09999847412109,60.45000076293945,60.869998931884766,32612900
2020-07-01,60.79999923706055,61.290000915527344,60.75,61.09999847412109,25243100
2020-07-02,61.95000076293945,62.2599983215332,61.68000030517578,61.77000045776367,20854100
2020-07-06,62.70000076293945,62.88999938964844,62.45000076293945,62.77999877929688,21537100
2020-07-07,62.209999084472656,62.47999954223633,61.84000015258789,61.86000061035156,17394200
2020-07-08,61.869998931884766,62.40999984741211,61.7599983215332,62.380001068115234,17363400
2020-07-09,62.290000915527344,62.29999923706055,61.25,61.66999816894531,26098200
2020-07-10,61.91999816894531,62.36000061035156,61.72999954223633,62.33000183105469,22008800
2020-07-13,62.68000030517578,63.02999877929688,61.84000015258789,61.93000030517578,20515500
2020-07-14,62.04999923706055,62.90999984741211,61.97999954223633,62.84000015258789,35121300
2020-07-15,63.790000915527344,63.9900016784668,63.380001068115234,63.54999923706055,28888600
2020-07-16,63.150001525878906,63.40999984741211,63.02999877929688,63.13999938964844,24677200
2020-07-17,63.290000915527344,63.52000045776367,63.130001068115234,63.5099983215332,19641800
2020-07-20,63.5099983215332,63.84000015258789,63.33000183105469,63.81999969482422,17996600
2020-07-21,64.1500015258789,64.31999969482422,63.90999984741211,63.95000076293945,21179700
2020-07-22,63.95000076293945,64.20999908447266,63.84000015258789,64.12000274658203,18023400
2020-07-23,63.970001220703125,64.22000122070312,63.45000076293945,63.61000061035156,16080700
2020-07-24,63.220001220703125,63.459999084472656,63.08000183105469,63.2599983215332,16017900
2020-07-27,63.869998931884766,64.19999694824219,63.810001373291016,64.08999633789062,16368200
2020-07-28,63.75,64.05000305175781,63.650001525878906,63.68000030517578,20470300
2020-07-29,63.970001220703125,64.45999908447266,63.84000015258789,64.3499984741211,20055900
2020-07-30,62.83000183105469,63.52000045776367,62.310001373291016,63.400001525878906,24664100
2020-07-31,63.0099983215332,63.02000045776367,61.65999984741211,62.04999923706055,36002300
2020-08-03,62.68999862670898,63.27000045776367,62.540000915527344,63.2599983215332,23609700
2020-08-04,62.970001220703125,63.61000061035156,62.93999862670898,63.61000061035156,16236800
2020-08-05,64.08999633789062,64.26000213623047,63.72999954223633,63.81999969482422,17901300
2020-08-06,63.56999969482422,63.9900016784668,63.400001525878906,63.88999938964844,17210500
2020-08-07,63.27000045776367,63.63999938964844,63.20000076293945,63.630001068115234,14988900
2020-08-10,63.68000030517578,63.84999847412109,63.470001220703125,63.84000015258789,10049000
2020-08-11,64.93000030517578,64.97000122070312,64.0199966430664,64.06999969482422,31465500
2020-08-12,65.3499984741211,65.76000213623047,65.26000213623047,65.48999786376953,28638500
2020-08-13,65.41000366210938,65.58000183105469,65.01000213623047,65.19999694824219,17783100
2020-08-14,64.73999786376953,64.94000244140625,64.62000274658203,64.80000305175781,10874100
2020-08-17,65.11000061035156,65.31999969482422,65.0999984741211,65.29000091552734,11429900
2020-08-18,65.52999877929688,65.62000274658203,65.05999755859375,65.25,23832500
2020-08-19,65.54000091552734,65.62000274658203,64.91999816894531,64.95999908447266,15591900
2020-08-20,64.3499984741211,64.86000061035156,64.29000091552734,64.75,19825800
2020-08-21,64.01000213623047,64.43000030517578,63.97999954223633,64.41999816894531,15926400
2020-08-24,65.38999938964844,65.4000015258789,65.0,65.2699966430664,14627700
2020-08-25,65.62999725341797,65.63999938964844,64.95999908447266,65.30999755859375,18507500
2020-08-26,65.33999633789062,65.7699966430664,65.26000213623047,65.69000244140625,19549800
2020-08-27,65.7300033569336,65.76000213623047,64.77999877929688,65.0199966430664,24413900
2020-08-28,65.41000366210938,65.51000213623047,65.05999755859375,65.4800033569336,15197300
2020-08-31,65.30999755859375,65.5199966430664,64.94999694824219,64.9800033569336,24929800
2020-09-01,65.0199966430664,65.18000030517578,64.76000213623047,65.05000305175781,23945500
2020-09-02,65.5199966430664,65.97000122070312,65.2699966430664,65.91999816894531,20748400
2020-09-03,65.70999908447266,65.7699966430664,64.16000366210938,64.43000030517578,43834300
2020-09-04,64.69000244140625,64.8499984741211,63.34999847412109,64.5199966430664,33992800
2020-09-08,63.72999954223633,64.2699966430664,63.5,63.72999954223633,26869600
2020-09-09,64.75,65.16000366210938,64.62999725341797,64.91999816894531,23374000
2020-09-10,65.2699966430664,65.37000274658203,64.16000366210938,64.16000366210938,30361000
2020-09-11,64.94999694824219,65.13999938964844,64.52999877929688,64.80000305175781,29958900
2020-09-14,65.3499984741211,65.44999694824219,65.0999984741211,65.1500015258789,14663300
2020-09-15,65.80999755859375,65.83999633789062,65.43000030517578,65.56999969482422,17678700
2020-09-16,65.76000213623047,66.0199966430664,65.44999694824219,65.56999969482422,18052600
2020-09-17,65.18000030517578,65.68000030517578,65.12000274658203,65.66000366210938,18149700
2020-09-18,65.47000122070312,65.5,64.91000366210938,65.12999725341797,27897500
2020-09-21,63.5099983215332,63.560001373291016,62.79999923706055,63.47999954223633,39928700
2020-09-22,63.47999954223633,63.54999923706055,62.88999938964844,63.459999084472656,15810800
2020-09-23,63.84000015258789,63.880001068115234,62.86000061035156,62.93000030517578,18325800
2020-09-24,62.77000045776367,63.27999877929688,62.45000076293945,62.869998931884766,25234900
2020-09-25,62.33000183105469,63.09999847412109,62.13999938964844,63.08000183105469,24180700
2020-09-28,63.88999938964844,64.05000305175781,63.77999877929688,64.02999877929688,18102700
2020-09-29,64.02999877929688,64.2300033569336,63.720001220703125,63.959999084472656,16168300
2020-09-30,63.720001220703125,64.12999725341797,63.43000030517578,63.650001525878906,37083000
2020-10-01,64.0,64.06999969482422,63.63999938964844,64.0199966430664,33266700
2020-10-02,63.2400016784668,64.05000305175781,63.20000076293945,63.88999938964844,25285500
2020-10-05,64.41000366210938,64.87999725341797,64.38999938964844,64.86000061035156,14564100
2020-10-06,64.91000366210938,64.94999694824219,64.04000091552734,64.16999816894531,22901400
2020-10-07,64.62000274658203,64.80999755859375,64.48999786376953,64.72000122070312,17055500
2020-10-08,65.01000213623047,65.19000244140625,64.94000244140625,65.16999816894531,13385000
2020-10-09,65.51000213623047,65.72000122070312,65.41999816894531,65.68000030517578,22181600
2020-10-12,65.83000183105469,66.11000061035156,65.7699966430664,66.05999755859375,9676100
2020-10-13,65.5199966430664,65.5199966430664,65.19000244140625,65.31999969482422,16260500
2020-10-14,65.52999877929688,65.63999938964844,65.1500015258789,65.20999908447266,13144000
2020-10-15,63.93999862670898,64.5,63.91999816894531,64.44000244140625,20631800
2020-10-16,64.6500015258789,65.0199966430664,64.5999984741211,64.73999786376953,15792600
2020-10-19,65.08999633789062,65.16999816894531,64.41999816894531,64.5,14736400
2020-10-20,64.97000122070312,65.18000030517578,64.80999755859375,64.81999969482422,23268000
2020-10-21,64.72000122070312,65.04000091552734,64.48999786376953,64.51000213623047,21699100
2020-10-22,64.44000244140625,64.66999816894531,64.0999984741211,64.55999755859375,20533700
2020-10-23,64.94999694824219,64.9800033569336,64.58000183105469,64.9800033569336,19334200
2020-10-26,64.16000366210938,64.23999786376953,63.41999816894531,63.810001373291016,17745700
2020-10-27,63.70000076293945,63.72999954223633,63.220001220703125,63.310001373291016,19616900
2020-10-28,61.90999984741211,62.040000915527344,61.369998931884766,61.41999816894531,36132600
2020-10-29,61.459999084472656,61.90999984741211,61.13999938964844,61.709999084472656,30898400
2020-10-30,61.43999862670898,61.52999877929688,60.970001220703125,61.38999938964844,35889900
2020-11-02,62.08000183105469,62.2400016784668,61.77000045776367,62.18999862670898,24388600
2020-11-03,63.40999984741211,64.05000305175781,63.33000183105469,63.81999969482422,26474500
2020-11-04,64.0999984741211,65.06999969482422,63.84000015258789,64.5199966430664,26490200
2020-11-05,66.01000213623047,66.19000244140625,65.66999816894531,66.06999969482422,28528300
2020-11-06,66.31999969482422,66.48999786376953,66.0999984741211,66.20999908447266,21980100
2020-11-09,69.36000061035156,69.37999725341797,68.12000274658203,68.13999938964844,43606500
2020-11-10,68.7300033569336,69.12000274658203,68.55000305175781,68.75,37172600
2020-11-11,69.23999786376953,69.37999725341797,69.05000305175781,69.33000183105469,16643200
2020-11-12,68.75,68.97000122070312,68.16000366210938,68.31999969482422,24076600
2020-11-13,68.75,69.41000366210938,68.72000122070312,69.37000274658203,21594600
2020-11-16,70.06999969482422,70.13999938964844,69.70999908447266,70.08999633789062,20294600
2020-11-17,69.83999633789062,70.22000122070312,69.66000366210938,70.0199966430664,18574500
2020-11-18,70.12999725341797,70.3499984741211,69.6500015258789,69.6500015258789,15018000
2020-11-19,69.63999938964844,70.19000244140625,69.5199966430664,70.13999938964844,24048000
2020-11-20,70.12000274658203,70.44000244140625,70.05000305175781,70.3499984741211,18571900
2020-11-23,70.5999984741211,70.69000244140625,70.01000213623047,70.26000213623047,14340300
2020-11-24,70.91000366210938,71.37999725341797,70.83000183105469,71.30999755859375,23399300
2020-11-25,70.88999938964844,71.4000015258789,70.76000213623047,71.22000122070312,19214900
2020-11-27,71.37999725341797,71.7699966430664,71.37000274658203,71.70999908447266,11839100
2020-11-30,71.45999908447266,71.52999877929688,70.08999633789062,70.1500015258789,46146500
2020-12-01,71.33999633789062,71.86000061035156,71.30000305175781,71.80000305175781,29860500
2020-12-02,71.44999694824219,71.87999725341797,71.4000015258789,71.80999755859375,20864700
2020-12-03,72.05999755859375,72.2699966430664,71.80999755859375,71.93000030517578,16572700
2020-12-04,72.33999633789062,72.55999755859375,72.30999755859375,72.54000091552734,18956100
2020-12-07,72.0199966430664,72.22000122070312,71.77999877929688,71.94999694824219,19537700
2020-12-08,71.77999877929688,72.23999786376953,71.77999877929688,72.19999694824219,12428100
2020-12-09,72.63999938964844,72.63999938964844,71.83999633789062,72.30000305175781,18355000
2020-12-10,71.91000366210938,72.55999755859375,71.91000366210938,72.4000015258789,20871300
2020-12-11,71.95999908447266,72.19000244140625,71.75,72.18000030517578,21812000
2020-12-14,71.95999908447266,72.06999969482422,71.4800033569336,71.52999877929688,26176400
2020-12-15,71.81999969482422,72.30999755859375,71.70999908447266,72.26000213623047,24075700
2020-12-16,72.37000274658203,72.62000274658203,72.1500015258789,72.54000091552734,15642300
2020-12-17,73.16999816894531,73.27999877929688,72.9800033569336,73.05000305175781,18633100
2020-12-18,73.0,73.0199966430664,72.55999755859375,72.66999816894531,27367900
2020-12-21,70.88999938964844,71.91000366210938,70.66999816894531,71.73999786376953,31488000
2020-12-22,71.58999633789062,71.66999816894531,71.33999633789062,71.55999755859375,20355000
2020-12-23,72.16999816894531,72.44000244140625,72.11000061035156,72.33000183105469,13577300
2020-12-24,72.30000305175781,72.44000244140625,72.19000244140625,72.36000061035156,7252900
2020-12-28,73.12000274658203,73.1500015258789,72.8499984741211,72.94999694824219,11142200
2020-12-29,73.80000305175781,73.86000061035156,73.31999969482422,73.41999816894531,17541500
2020-12-30,73.80999755859375,74.0,73.47000122070312,73.5199966430664,15147100
2020-12-31,73.44000244140625,73.44999694824219,72.79000091552734,72.95999908447266,34218500
2021-01-04,74.38999938964844,74.41999816894531,73.05000305175781,73.33999633789062,26703400
2021-01-05,73.58000183105469,74.27999877929688,73.5199966430664,74.0999984741211,19748500
2021-01-06,74.30000305175781,75.31999969482422,74.22000122070312,74.94999694824219,25426900
2021-01-07,74.8499984741211,75.13999938964844,74.77999877929688,75.02999877929688,18783700
2021-01-08,75.58000183105469,75.7300033569336,74.94999694824219,75.7300033569336,25272200
2021-01-11,74.3499984741211,74.95999908447266,74.33000183105469,74.73999786376953,23190200
2021-01-12,74.68000030517578,75.12999725341797,74.47000122070312,75.08000183105469,20914000
2021-01-13,74.95999908447266,75.16000366210938,74.81999969482422,74.9800033569336,15580700
2021-01-14,75.20999908447266,75.75,75.19999694824219,75.58000183105469,22607500
2021-01-15,74.61000061035156,74.76000213623047,73.97000122070312,74.4000015258789,27355900
2021-01-19,74.97000122070312,75.0199966430664,74.62999725341797,74.94000244140625,20162300
2021-01-20,75.05000305175781,75.45999908447266,74.91000366210938,75.44999694824219,14419000
2021-01-21,75.5,75.56999969482422,75.04000091552734,75.51000213623047,20536300
2021-01-22,74.86000061035156,75.27999877929688,74.83000183105469,75.1500015258789,18854700
2021-01-25,74.58000183105469,75.06999969482422,74.13999938964844,75.05999755859375,21748100
2021-01-26,75.16999816894531,75.2699966430664,74.9000015258789,75.16999816894531,14175200
2021-01-27,73.79000091552734,74.2300033569336,73.18000030517578,73.44999694824219,31245200
2021-01-28,73.63999938964844,74.33999633789062,73.56999969482422,73.91999816894531,26658600
2021-01-29,73.04000091552734,73.26000213623047,72.0,72.38999938964844,42149500
2021-02-01,73.27999877929688,73.33000183105469,72.93000030517578,73.25,23243900
2021-02-02,73.6500015258789,74.05000305175781,73.47000122070312,73.98999786376953,20388500
2021-02-03,74.0199966430664,74.20999908447266,73.80999755859375,74.16999816894531,11345800
2021-02-04,73.88999938964844,74.25,73.81999969482422,74.25,10500300
2021-02-05,74.61000061035156,74.75,74.31999969482422,74.70999908447266,10955600
2021-02-08,75.25,75.43000030517578,75.02999877929688,75.2300033569336,16405600
2021-02-09,75.33999633789062,75.69000244140625,75.26000213623047,75.63999938964844,16337600
2021-02-10,75.87000274658203,75.93000030517578,75.06999969482422,75.37999725341797,15402800
2021-02-11,75.79000091552734,75.9000015258789,75.5,75.88999938964844,12314100
2021-02-12,75.68000030517578,76.3499984741211,75.66999816894531,76.30999755859375,11946800
2021-02-16,76.98999786376953,77.16999816894531,76.72000122070312,76.86000061035156,20225600
2021-02-17,76.30000305175781,76.52999877929688,76.01000213623047,76.41000366210938,19198800
2021-02-18,75.8499984741211,76.08000183105469,75.48999786376953,76.02999877929688,19191700
2021-02-19,76.33999633789062,76.58999633789062,76.13999938964844,76.25,14962300
2021-02-22,76.0199966430664,76.5199966430664,75.97000122070312,76.05999755859375,19515800
2021-02-23,75.97000122070312,76.37000274658203,75.30000305175781,76.12999725341797,25014500
2021-02-24,75.66000366210938,76.44999694824219,75.47000122070312,76.37000274658203,21877600
2021-02-25,76.5,76.68000030517578,74.94000244140625,75.06999969482422,36921800
2021-02-26,74.86000061035156,74.86000061035156,73.95999908447266,74.01000213623047,48798100
2021-03-01,74.9000015258789,75.45999908447266,74.86000061035156,75.4000015258789,24268100
2021-03-02,75.33999633789062,75.58000183105469,75.11000061035156,75.31999969482422,22204900
2021-03-03,75.08999633789062,75.41000366210938,74.75,74.86000061035156,20856100
2021-03-04,74.93000030517578,75.23999786376953,73.72000122070312,74.1500015258789,34648600
2021-03-05,74.61000061035156,74.75,73.55999755859375,74.62999725341797,29694200
2021-03-08,74.31999969482422,74.9000015258789,74.13999938964844,74.37000274658203,25080900
2021-03-09,75.18000030517578,75.5199966430664,75.05999755859375,75.37000274658203,19060200
2021-03-10,75.69999694824219,75.79000091552734,75.33000183105469,75.69000244140625,19467400
2021-03-11,75.93000030517578,76.22000122070312,75.75,76.08999633789062,15485300
2021-03-12,75.68000030517578,76.30999755859375,75.6500015258789,76.27999877929688,16342500
2021-03-15,76.16999816894531,76.37999725341797,75.72000122070312,76.33999633789062,17320100
2021-03-16,76.5199966430664,76.58000183105469,76.33999633789062,76.47000122070312,16662600
2021-03-17,76.20999908447266,77.01000213623047,76.11000061035156,76.91999816894531,16305000
2021-03-18,76.54000091552734,77.05999755859375,76.20999908447266,76.22000122070312,23176300
2021-03-19,76.20999908447266,76.51000213623047,75.7699966430664,76.43000030517578,31465200
2021-03-22,76.30000305175781,76.69000244140625,76.23999786376953,76.5,27978200
2021-03-23,75.9800033569336,76.08999633789062,75.33999633789062,75.44000244140625,22514200
2021-03-24,75.2300033569336,75.58999633789062,75.05000305175781,75.05999755859375,20717000
2021-03-25,75.0,75.66000366210938,74.83000183105469,75.62000274658203,25183000
2021-03-26,75.87999725341797,76.62000274658203,75.87000274658203,76.5999984741211,27419100
2021-03-29,76.13999938964844,76.43000030517578,75.91999816894531,76.30000305175781,18381600
2021-03-30,75.88999938964844,76.2699966430664,75.80999755859375,76.19999694824219,15377400
2021-03-31,75.87999725341797,76.2300033569336,75.81999969482422,75.87000274658203,32191600
2021-04-01,76.26000213623047,76.93000030517578,76.20999908447266,76.86000061035156,26312600
2021-04-05,77.48999786376953,78.05000305175781,77.36000061035156,77.9800033569336,20340500
2021-04-06,77.05000305175781,77.2699966430664,76.95999908447266,77.1500015258789,18995900
2021-04-07,77.16999816894531,77.41999816894531,77.11000061035156,77.30999755859375,14349400
2021-04-08,77.66000366210938,77.87000274658203,77.5199966430664,77.75,15502500
2021-04-09,77.69000244140625,78.05000305175781,77.69000244140625,77.98999786376953,16330500
2021-04-12,77.66999816894531,77.73999786376953,77.44000244140625,77.55999755859375,13729500
2021-04-13,77.66999816894531,78.02999877929688,77.62000274658203,78.01000213623047,12712500
2021-04-14,78.05000305175781,78.3499984741211,78.0,78.06999969482422,13079200
2021-04-15,78.55999755859375,78.75,78.48999786376953,78.72000122070312,20480100
2021-04-16,79.0199966430664,79.30999755859375,78.9000015258789,79.29000091552734,17058700
2021-04-19,79.37000274658203,79.41999816894531,78.94000244140625,79.1500015258789,15206800
2021-04-20,78.23999786376953,78.33000183105469,77.55000305175781,77.7300033569336,29570100
2021-04-21,77.58000183105469,78.55999755859375,77.55999755859375,78.52999877929688,15615600
2021-04-22,78.70999908447266,78.77999877929688,78.13999938964844,78.2699966430664,22677800
2021-04-23,78.55000305175781,79.2300033569336,78.52999877929688,79.06999969482422,18607900
2021-04-26,79.0999984741211,79.2300033569336,79.0,79.12999725341797,14052100
2021-04-27,78.73999786376953,78.93000030517578,78.63999938964844,78.87000274658203,13612200
2021-04-28,78.80999755859375,79.26000213623047,78.73999786376953,79.06999969482422,14288600
2021-04-29,79.33999633789062,79.37999725341797,78.61000061035156,79.0999984741211,16411000
2021-04-30,78.62000274658203,78.75,77.83000183105469,78.11000061035156,28951400
2021-05-03,78.75,79.05999755859375,78.56999969482422,78.97000122070312,21382200
2021-05-04,78.11000061035156,78.30999755859375,77.41000366210938,77.80000305175781,29144900
2021-05-05,78.6500015258789,79.02999877929688,78.47000122070312,78.86000061035156,17680000
2021-05-06,78.95999908447266,79.54000091552734,78.70999908447266,79.51000213623047,21533100
2021-05-07,79.6500015258789,80.44999694824219,79.56999969482422,80.41000366210938,23316000
2021-05-10,80.66999816894531,80.66999816894531,79.91999816894531,79.9800033569336,16927500
2021-05-11,78.52999877929688,79.11000061035156,78.41999816894531,78.93000030517578,34624600
2021-05-12,78.38999938964844,78.73999786376953,77.51000213623047,77.66999816894531,32608200
2021-05-13,77.69000244140625,78.41999816894531,77.66000366210938,78.25,36208800
2021-05-14,79.01000213623047,79.63999938964844,78.95999908447266,79.55999755859375,18601700
2021-05-17,79.0999984741211,79.41999816894531,79.02999877929688,79.41000366210938,16699500
2021-05-18,80.04000091552734,80.06999969482422,79.58000183105469,79.58000183105469,16526900
2021-05-19,78.58999633789062,79.19000244140625,78.22000122070312,78.87999725341797,30391700
2021-05-20,79.38999938964844,80.05000305175781,79.36000061035156,79.91999816894531,21650300
2021-05-21,80.18000030517578,80.20999908447266,79.76000213623047,80.02999877929688,26751600
2021-05-24,80.25,80.62000274658203,80.19000244140625,80.5199966430664,12267900
2021-05-25,80.7699966430664,80.83999633789062,80.41000366210938,80.54000091552734,14338900
2021-05-26,80.44999694824219,80.62999725341797,80.3499984741211,80.48999786376953,12732000
2021-05-27,80.62000274658203,80.79000091552734,80.4000015258789,80.63999938964844,16211200
2021-05-28,80.83999633789062,81.1500015258789,80.79000091552734,80.83000183105469,21449500
2021-06-01,81.5,81.5199966430664,81.0199966430664,81.12000274658203,27524200
2021-06-02,81.2699966430664,81.51000213623047,81.16000366210938,81.38999938964844,13561200
2021-06-03,80.95999908447266,81.08999633789062,80.75,80.98999786376953,16987600
2021-06-04,81.52999877929688,81.73999786376953,81.4000015258789,81.68000030517578,13335200
2021-06-07,81.87000274658203,81.98999786376953,81.7699966430664,81.94999694824219,16738700
2021-06-08,82.02999877929688,82.11000061035156,81.7699966430664,81.91000366210938,13218700
2021-06-09,81.87999725341797,81.94000244140625,81.61000061035156,81.69000244140625,20203600
2021-06-10,80.66999816894531,80.94999694824219,80.58000183105469,80.80999755859375,16555200
2021-06-11,80.91000366210938,81.05999755859375,80.69000244140625,81.0,12864700
2021-06-14,80.93000030517578,81.16000366210938,80.87999725341797,81.13999938964844,17044400
2021-06-15,81.20999908447266,81.2699966430664,81.06999969482422,81.23999786376953,17729200
2021-06-16,81.30999755859375,81.4000015258789,80.47000122070312,80.73999786376953,21706700
2021-06-17,80.22000122070312,80.38999938964844,79.80000305175781,80.18000030517578,27756300
2021-06-18,78.7300033569336,78.93000030517578,78.43000030517578,78.5199966430664,36755100
2021-06-21,78.87000274658203,79.5999984741211,78.75,79.55000305175781,20228000
2021-06-22,79.31999969482422,79.75,79.1500015258789,79.55999755859375,14010200
2021-06-23,79.47000122070312,79.52999877929688,78.93000030517578,79.05000305175781,17074600
2021-06-24,79.63999938964844,79.8499984741211,79.58999633789062,79.80999755859375,19833300
2021-06-25,79.98999786376953,80.05000305175781,79.83000183105469,79.9800033569336,12418800
2021-06-28,79.69999694824219,79.76000213623047,79.36000061035156,79.47000122070312,26952900
2021-06-29,79.62999725341797,79.68000030517578,79.38999938964844,79.48999786376953,9357500
2021-06-30,78.76000213623047,79.05999755859375,78.55000305175781,78.87999725341797,33578500
2021-07-01,78.88999938964844,79.12000274658203,78.69999694824219,79.06999969482422,28075400
2021-07-02,79.08000183105469,79.36000061035156,78.87999725341797,79.33999633789062,13712600
2021-07-06,79.37999725341797,79.4000015258789,78.54000091552734,78.81999969482422,21289800
2021-07-07,79.16000366210938,79.3499984741211,78.83000183105469,79.25,21686400
2021-07-08,77.9800033569336,78.37000274658203,77.75,78.2300033569336,24175500
2021-07-09,79.05000305175781,79.61000061035156,78.97000122070312,79.55999755859375,35200100
2021-07-12,79.58000183105469,79.94000244140625,79.51000213623047,79.9000015258789,11995800
2021-07-13,79.61000061035156,79.79000091552734,79.36000061035156,79.4800033569336,15689500
2021-07-14,79.81999969482422,79.83000183105469,79.55999755859375,79.66000366210938,14023600
2021-07-15,78.9000015258789,79.0999984741211,78.5999984741211,78.9000015258789,21637900
2021-07-16,78.8499984741211,78.9000015258789,78.18000030517578,78.31999969482422,23034100
2021-07-19,77.08999633789062,77.2300033569336,76.4800033569336,76.9000015258789,44844800
2021-07-20,76.72000122070312,77.61000061035156,76.62000274658203,77.45999908447266,30309900
2021-07-21,78.01000213623047,78.69000244140625,77.97000122070312,78.63999938964844,22928600
2021-07-22,78.93000030517578,78.97000122070312,78.4800033569336,78.66999816894531,15874000
2021-07-23,79.19000244140625,79.37000274658203,79.02999877929688,79.22000122070312,16550600
2021-07-26,79.06999969482422,79.36000061035156,79.06999969482422,79.33000183105469,14870900
2021-07-27,78.97000122070312,79.06999969482422,78.62999725341797,79.01000213623047,20952500
2021-07-28,79.0199966430664,79.5,78.88999938964844,79.3499984741211,19700600
2021-07-29,80.01000213623047,80.12000274658203,79.87999725341797,79.9000015258789,23670000
2021-07-30,79.58999633789062,79.83999633789062,79.33000183105469,79.48999786376953,23997100
2021-08-02,80.13999938964844,80.27999877929688,79.73999786376953,79.88999938964844,25364000
2021-08-03,80.2300033569336,80.4800033569336,79.9000015258789,80.45999908447266,19028100
2021-08-04,80.51000213623047,80.6500015258789,80.19000244140625,80.22000122070312,12852000
2021-08-05,80.62999725341797,80.70999908447266,80.5199966430664,80.61000061035156,11868900
2021-08-06,80.43000030517578,80.5199966430664,80.18000030517578,80.30999755859375,10892500
2021-08-09,80.33000183105469,80.37999725341797,80.18000030517578,80.2699966430664,7897000
2021-08-10,80.2699966430664,80.44999694824219,80.22000122070312,80.44999694824219,10438200
2021-08-11,80.93000030517578,81.05000305175781,80.76000213623047,81.0,14996100
2021-08-12,80.83000183105469,80.95999908447266,80.66999816894531,80.93000030517578,12443200
2021-08-13,81.19000244140625,81.44999694824219,81.12000274658203,81.41999816894531,14590400
2021-08-16,80.79000091552734,81.01000213623047,80.52999877929688,81.0,19192300
2021-08-17,80.23999786376953,80.41999816894531,79.88999938964844,80.23999786376953,23555000
2021-08-18,80.22000122070312,80.52999877929688,79.91999816894531,79.93000030517578,16384700
2021-08-19,78.88999938964844,79.3499984741211,78.8499984741211,79.13999938964844,30515300
2021-08-20,78.91000366210938,79.47000122070312,78.81999969482422,79.44999694824219,15774200
2021-08-23,79.87999725341797,80.27999877929688,79.8499984741211,80.19000244140625,22524800
2021-08-24,80.16000366210938,80.48999786376953,80.08000183105469,80.36000061035156,13722900
2021-08-25,80.27999877929688,80.47000122070312,80.1500015258789,80.38999938964844,12891400
2021-08-26,80.12999725341797,80.23999786376953,79.8499984741211,79.97000122070312,16927900
2021-08-27,79.98999786376953,80.7699966430664,79.95999908447266,80.69999694824219,24935800
2021-08-30,80.66999816894531,80.80000305175781,80.55999755859375,80.68000030517578,8142000
2021-08-31,80.81999969482422,80.83000183105469,80.48999786376953,80.63999938964844,18738400
2021-09-01,81.26000213623047,81.58999633789062,81.20999908447266,81.37000274658203,30472100
2021-09-02,81.70999908447266,81.87999725341797,81.61000061035156,81.69999694824219,13827400
2021-09-03,81.80000305175781,82.18000030517578,81.69000244140625,82.06999969482422,16303200
2021-09-07,82.19999694824219,82.29000091552734,82.08000183105469,82.12999725341797,13967800
2021-09-08,81.77999877929688,81.91999816894531,81.3499984741211,81.4800033569336,22764200
2021-09-09,81.44999694824219,81.76000213623047,81.2699966430664,81.33999633789062,18963300
2021-09-10,81.91999816894531,81.9800033569336,81.13999938964844,81.16000366210938,26709900
2021-09-13,81.94999694824219,81.95999908447266,81.5199966430664,81.80000305175781,22335000
2021-09-14,82.04000091552734,82.05000305175781,81.37999725341797,81.45999908447266,19177500
2021-09-15,81.37999725341797,81.70999908447266,81.22000122070312,81.69999694824219,26233800
2021-09-16,81.3499984741211,81.58999633789062,81.12999725341797,81.56999969482422,25765500
2021-09-17,81.06999969482422,81.20999908447266,80.2300033569336,80.5,37070600
2021-09-20,78.73999786376953,79.19999694824219,78.33000183105469,79.01000213623047,45028000
2021-09-21,80.08000183105469,80.20999908447266,79.68000030517578,79.79000091552734,37472300
2021-09-22,80.18000030517578,80.80000305175781,80.12000274658203,80.19000244140625,28718400
2021-09-23,80.81999969482422,81.22000122070312,80.7699966430664,81.05999755859375,31257800
2021-09-24,80.22000122070312,80.5,80.16999816894531,80.30000305175781,20066300
2021-09-27,80.06999969482422,80.33000183105469,79.97000122070312,80.25,15526500
2021-09-28,79.04000091552734,79.08000183105469,78.23999786376953,78.5,48064900
2021-09-29,78.70999908447266,78.76000213623047,78.23999786376953,78.31999969482422,31733200
2021-09-30,78.4000015258789,78.5199966430664,77.81999969482422,78.01000213623047,39506300
2021-10-01,78.05000305175781,78.37999725341797,77.5,78.19999694824219,44524800
2021-10-04,77.95999908447266,78.05999755859375,77.0999984741211,77.37999725341797,32751400
2021-10-05,77.55000305175781,78.19000244140625,77.45999908447266,77.91000366210938,25903300
2021-10-06,76.6500015258789,77.43000030517578,76.43000030517578,77.38999938964844,36917200
2021-10-07,77.80999755859375,78.30999755859375,77.80000305175781,77.98999786376953,19908700
2021-10-08,78.19000244140625,78.25,77.83999633789062,77.9800033569336,23628700
2021-10-11,78.16000366210938,78.41000366210938,77.72000122070312,77.7300033569336,23542500
2021-10-12,77.87000274658203,78.04000091552734,77.62999725341797,77.7699966430664,18697400
2021-10-13,78.18000030517578,78.63999938964844,78.0,78.54000091552734,23073600
2021-10-14,79.29000091552734,79.4000015258789,79.11000061035156,79.31999969482422,19304400
2021-10-15,79.76000213623047,80.0,79.66999816894531,79.9800033569336,24447200
2021-10-18,79.37999725341797,79.68000030517578,79.23999786376953,79.63999938964844,19044700
2021-10-19,79.94999694824219,80.25,79.9000015258789,80.12000274658203,14649000
2021-10-20,80.19999694824219,80.5,80.12000274658203,80.4000015258789,11235500
2021-10-21,79.87999725341797,80.1500015258789,79.83999633789062,80.0199966430664,16278800
2021-10-22,80.37000274658203,80.66000366210938,80.1500015258789,80.5,22173500
2021-10-25,80.29000091552734,80.47000122070312,80.05999755859375,80.33999633789062,13658000
2021-10-26,80.83000183105469,80.83000183105469,80.38999938964844,80.5,10552900
2021-10-27,80.51000213623047,80.62999725341797,80.16000366210938,80.18000030517578,18449000
2021-10-28,80.56999969482422,81.0199966430664,80.55000305175781,80.95999908447266,15260200
2021-10-29,80.2699966430664,80.55000305175781,80.19000244140625,80.48999786376953,25406900
2021-11-01,80.94999694824219,81.30000305175781,80.79000091552734,81.2699966430664,20337400
2021-11-02,81.02999877929688,81.20999908447266,80.9800033569336,81.0999984741211,10184500
2021-11-03,81.06999969482422,81.79000091552734,80.94000244140625,81.76000213623047,14911000
2021-11-04,81.52999877929688,81.70999908447266,81.3499984741211,81.70999908447266,14083300
2021-11-05,81.69999694824219,81.83000183105469,81.4800033569336,81.83000183105469,15593600
2021-11-08,81.87000274658203,82.0,81.7300033569336,81.81999969482422,9065900
2021-11-09,81.87000274658203,81.91999816894531,81.38999938964844,81.63999938964844,16011200
2021-11-10,81.30000305175781,81.44000244140625,80.54000091552734,80.6500015258789,21546800
2021-11-11,81.05999755859375,81.16000366210938,80.88999938964844,80.94000244140625,9264600
2021-11-12,81.20999908447266,81.44000244140625,81.0999984741211,81.37999725341797,14817900
2021-11-15,81.58000183105469,81.5999984741211,81.18000030517578,81.2300033569336,14064500
2021-11-16,81.22000122070312,81.30999755859375,81.0199966430664,81.05000305175781,12167900
2021-11-17,80.87999725341797,81.02999877929688,80.80000305175781,80.94999694824219,10415400
2021-11-18,80.94000244140625,81.08000183105469,80.6500015258789,81.02999877929688,13236800
2021-11-19,80.58999633789062,80.66999816894531,80.29000091552734,80.33999633789062,20761900
2021-11-22,80.2300033569336,80.47000122070312,79.8499984741211,79.87000274658203,17802300
2021-11-23,79.69999694824219,79.98999786376953,79.37000274658203,79.79000091552734,26736800
2021-11-24,78.66000366210938,79.2699966430664,78.62000274658203,79.26000213623047,20238700
2021-11-26,77.7300033569336,77.81999969482422,76.86000061035156,77.12999725341797,37776000
2021-11-29,77.73999786376953,77.80999755859375,77.16999816894531,77.5199966430664,31913600
2021-11-30,77.3499984741211,77.58999633789062,76.16999816894531,76.83999633789062,52770800
2021-12-01,77.88999938964844,78.25,76.38999938964844,76.4000015258789,43883900
2021-12-02,76.87999725341797,77.58999633789062,76.80000305175781,77.3499984741211,42264500
2021-12-03,77.5999984741211,77.69999694824219,76.56999969482422,77.02999877929688,46147500
2021-12-06,77.55000305175781,77.91999816894531,77.27999877929688,77.7699966430664,30884300
2021-12-07,78.7699966430664,79.43000030517578,78.7699966430664,79.41000366210938,28244900
2021-12-08,79.47000122070312,79.68000030517578,79.27999877929688,79.55999755859375,21619400
2021-12-09,79.04000091552734,79.12999725341797,78.83999633789062,78.9000015258789,32026500
2021-12-10,79.04000091552734,79.13999938964844,78.77999877929688,79.06999969482422,23412200
2021-12-13,77.38999938964844,77.48999786376953,76.9000015258789,76.98999786376953,27594700
2021-12-14,76.66999816894531,76.95999908447266,76.23999786376953,76.58000183105469,30040400
2021-12-15,76.79000091552734,77.63999938964844,76.43000030517578,77.62000274658203,31109400
2021-12-16,78.0,78.08000183105469,77.44000244140625,77.62999725341797,44621100
2021-12-17,77.05999755859375,77.25,76.5999984741211,76.6500015258789,44476200
2021-12-20,76.19999694824219,76.52999877929688,76.0,76.4800033569336,26303400
2021-12-21,76.8499984741211,77.37000274658203,76.79000091552734,77.33000183105469,22744100
2021-12-22,77.22000122070312,78.0999984741211,77.18000030517578,78.05000305175781,21609700
2021-12-23,78.12999725341797,78.69000244140625,78.12000274658203,78.51000213623047,28320000
2021-12-27,78.55000305175781,79.12000274658203,78.54000091552734,79.12000274658203,15219700
2021-12-28,79.19999694824219,79.38999938964844,79.11000061035156,79.1500015258789,15631300
2021-12-29,79.05000305175781,79.22000122070312,78.93000030517578,79.12000274658203,15046900
2021-12-30,79.02999877929688,79.12999725341797,78.69000244140625,78.75,20617500
2021-12-31,78.73999786376953,79.08000183105469,78.62999725341797,78.68000030517578,23252200
2022-01-03,79.13999938964844,79.22000122070312,78.77999877929688,79.19000244140625,24096900
2022-01-04,79.68000030517578,79.87999725341797,79.43000030517578,79.63999938964844,24314300
2022-01-05,79.94000244140625,80.04000091552734,78.94000244140625,78.94000244140625,24704100
2022-01-06,78.68000030517578,78.91999816894531,78.33000183105469,78.54000091552734,32472900
2022-01-07,78.5,78.88999938964844,78.19999694824219,78.7699966430664,22833900
2022-01-10,77.88999938964844,78.08999633789062,77.36000061035156,78.04000091552734,45587600
2022-01-11,78.08999633789062,78.91999816894531,77.87000274658203,78.88999938964844,30847000
2022-01-12,79.37999725341797,79.72000122070312,79.30000305175781,79.66000366210938,30780700
2022-01-13,79.88999938964844,79.94000244140625,78.9800033569336,79.08000183105469,24991200
2022-01-14,78.77999877929688,79.16000366210938,78.51000213623047,79.0,26136500
2022-01-18,78.06999969482422,78.26000213623047,77.66000366210938,77.83999633789062,37504600
2022-01-19,78.2300033569336,78.37999725341797,77.70999908447266,77.7699966430664,34437700
2022-01-20,78.05000305175781,78.44999694824219,77.29000091552734,77.38999938964844,38225400
2022-01-21,77.1500015258789,77.23999786376953,76.20999908447266,76.33999633789062,60761300
2022-01-24,74.91000366210938,75.61000061035156,73.55000305175781,75.58000183105469,85455900
2022-01-25,74.68000030517578,75.62999725341797,74.0999984741211,75.12000274658203,54516800
2022-01-26,76.04000091552734,76.16999816894531,74.45999908447266,74.83000183105469,55217000
2022-01-27,74.97000122070312,75.30999755859375,74.19000244140625,74.4800033569336,46252100
2022-01-28,73.9800033569336,74.73999786376953,73.52999877929688,74.7300033569336,44588300
2022-01-31,74.70999908447266,75.86000061035156,74.69000244140625,75.81999969482422,38299200
2022-02-01,76.29000091552734,76.55000305175781,75.75,76.54000091552734,53240700
2022-02-02,77.16000366210938,77.20999908447266,76.7300033569336,77.11000061035156,35225900
2022-02-03,76.38999938964844,76.6500015258789,75.87000274658203,75.88999938964844,46207200
2022-02-04,75.75,76.41999816894531,75.5199966430664,76.06999969482422,32188300
2022-02-07,76.12999725341797,76.58999633789062,76.05999755859375,76.19999694824219,17045500
2022-02-08,76.19000244140625,76.69999694824219,76.0,76.58999633789062,27066900
2022-02-09,77.66000366210938,77.8499984741211,77.5199966430664,77.83000183105469,26858900
2022-02-10,76.72000122070312,77.9000015258789,76.68000030517578,76.83999633789062,27349500
2022-02-11,76.80999755859375,77.11000061035156,75.45999908447266,75.68000030517578,51519400
2022-02-14,75.37000274658203,75.44999694824219,74.66999816894531,75.19000244140625,45356000
2022-02-15,76.08000183105469,76.61000061035156,76.0,76.56999969482422,30223600
2022-02-16,76.2699966430664,77.0199966430664,76.2300033569336,76.86000061035156,22557600
2022-02-17,76.29000091552734,76.33000183105469,75.58999633789062,75.62000274658203,34691300
2022-02-18,75.66000366210938,75.86000061035156,75.08000183105469,75.30000305175781,34752000
2022-02-22,74.62000274658203,75.05000305175781,73.93000030517578,74.41999816894531,32967600
2022-02-23,75.16999816894531,75.18000030517578,73.66000366210938,73.80999755859375,39771800
2022-02-24,71.11000061035156,72.86000061035156,70.9800033569336,72.81999969482422,72044600
2022-02-25,73.45999908447266,74.68000030517578,73.4000015258789,74.63999938964844,47641800
2022-02-28,73.11000061035156,74.16000366210938,72.87999725341797,73.22000122070312,50821600
2022-03-01,72.91000366210938,73.12000274658203,71.2300033569336,71.62000274658203,49003900
2022-03-02,72.12999725341797,72.72000122070312,71.87000274658203,72.5199966430664,43906000
2022-03-03,72.22000122070312,72.2699966430664,70.87999725341797,71.08999633789062,44389700
2022-03-04,69.11000061035156,69.27999877929688,68.43000030517578,69.02999877929688,54455500
2022-03-07,68.58999633789062,68.69999694824219,66.54000091552734,66.83999633789062,55499400
2022-03-08,67.48999786376953,68.73999786376953,66.55000305175781,67.41999816894531,56682500
2022-03-09,69.54000091552734,70.70999908447266,69.1500015258789,70.23999786376953,55565000
2022-03-10,69.25,69.86000061035156,68.98999786376953,69.4000015258789,33804200
2022-03-11,69.95999908447266,70.05999755859375,68.55000305175781,68.6500015258789,32380700
2022-03-14,69.69000244140625,70.16999816894531,69.13999938964844,69.27999877929688,32048200
2022-03-15,69.6500015258789,70.0999984741211,69.30999755859375,69.94000244140625,36961200
2022-03-16,71.4000015258789,72.5,70.77999877929688,72.44999694824219,44821400
2022-03-17,72.13999938964844,73.20999908447266,72.08000183105469,73.05999755859375,35025600
2022-03-18,72.44999694824219,73.83000183105469,72.31999969482422,73.7699966430664,36684100
2022-03-21,73.55999755859375,73.72000122070312,72.93000030517578,73.30999755859375,29985700
2022-03-22,73.76000213623047,74.13999938964844,73.69999694824219,74.0,21840800
2022-03-23,73.18000030517578,73.5199966430664,73.02999877929688,73.04000091552734,22375800
2022-03-24,73.27999877929688,73.72000122070312,73.16000366210938,73.72000122070312,22098200
2022-03-25,73.66000366210938,73.86000061035156,73.25,73.76000213623047,18372100
2022-03-28,73.29000091552734,73.56999969482422,72.95999908447266,73.5199966430664,24829900
2022-03-29,75.18000030517578,75.37999725341797,74.48999786376953,75.1500015258789,25591200
2022-03-30,74.87999725341797,75.13999938964844,74.55999755859375,74.83999633789062,22487000
2022-03-31,74.30000305175781,74.58000183105469,73.5199966430664,73.5999984741211,31677200
2022-04-01,74.05999755859375,74.30999755859375,73.73999786376953,74.29000091552734,23182800
2022-04-04,74.12999725341797,74.62000274658203,74.05000305175781,74.58999633789062,20875700
2022-04-05,74.11000061035156,74.37999725341797,73.38999938964844,73.58000183105469,27759400
2022-04-06,72.66000366210938,73.08999633789062,72.29000091552734,72.69999694824219,30692700
2022-04-07,72.7699966430664,73.0999984741211,72.23999786376953,72.86000061035156,27838500
2022-04-08,72.58999633789062,73.19000244140625,72.48999786376953,72.88999938964844,21937200
2022-04-11,72.58000183105469,72.75,72.06999969482422,72.12000274658203,22149900
2022-04-12,72.2300033569336,72.41000366210938,71.4000015258789,71.58000183105469,28916200
2022-04-13,71.56999969482422,72.38999938964844,71.56999969482422,72.3499984741211,20164900
2022-04-14,72.48999786376953,72.62000274658203,71.9800033569336,72.0199966430664,19861900
2022-04-18,71.69999694824219,72.12999725341797,71.47000122070312,71.5999984741211,18508900
2022-04-19,71.18000030517578,72.02999877929688,71.18000030517578,71.94000244140625,24863500
2022-04-20,72.5,72.66000366210938,72.19999694824219,72.41999816894531,30249800
2022-04-21,73.08999633789062,73.22000122070312,71.51000213623047,71.63999938964844,32960800
2022-04-22,71.52999877929688,71.54000091552734,70.4000015258789,70.47000122070312,34878400
2022-04-25,69.70999908447266,70.19000244140625,69.16000366210938,70.12999725341797,37193600
2022-04-26,69.56999969482422,69.61000061035156,68.12999725341797,68.16999816894531,41284200
2022-04-27,68.43000030517578,68.94999694824219,68.06999969482422,68.4800033569336,43593100
2022-04-28,68.91000366210938,69.62000274658203,68.30000305175781,69.44999694824219,32154000
2022-04-29,69.69999694824219,70.12000274658203,68.56999969482422,68.63999938964844,54305300
2022-05-02,68.38999938964844,68.73999786376953,67.66000366210938,68.47000122070312,45813900
2022-05-03,68.93000030517578,69.23999786376953,68.69999694824219,68.9800033569336,39643500
2022-05-04,69.0,70.30999755859375,68.19999694824219,70.19000244140625,47419100
2022-05-05,69.18000030517578,69.22000122070312,67.41999816894531,67.93000030517578,38827000
2022-05-06,67.44000244140625,67.69000244140625,66.8499984741211,67.2699966430664,48268900
2022-05-09,66.04000091552734,66.1500015258789,65.11000061035156,65.23999786376953,50145000
2022-05-10,66.4000015258789,66.44000244140625,65.23999786376953,65.7300033569336,57682400
2022-05-11,65.91000366210938,66.7699966430664,65.26000213623047,65.33999633789062,49751100
2022-05-12,64.93000030517578,65.80000305175781,64.62999725341797,65.18000030517578,39410900
2022-05-13,66.13999938964844,67.0199966430664,66.12000274658203,66.98999786376953,34682200
2022-05-16,66.69000244140625,67.3499984741211,66.47000122070312,67.05000305175781,21254300
2022-05-17,68.16000366210938,68.3499984741211,67.77999877929688,68.30000305175781,31487000
2022-05-18,67.70999908447266,67.80999755859375,66.56999969482422,66.66999816894531,23553000
2022-05-19,66.58999633789062,67.69999694824219,66.56999969482422,67.30999755859375,35999600
2022-05-20,68.08000183105469,68.1500015258789,66.91000366210938,67.7699966430664,36357000
2022-05-23,68.48999786376953,69.06999969482422,68.37000274658203,68.91999816894531,23838500
2022-05-24,68.69999694824219,69.04000091552734,68.33999633789062,68.80999755859375,19504600
2022-05-25,68.33999633789062,69.13999938964844,68.33999633789062,68.83000183105469,18826400
2022-05-26,68.93000030517578,69.76000213623047,68.91999816894531,69.58999633789062,20930500
2022-05-27,70.04000091552734,70.44999694824219,70.0,70.43000030517578,13697600
2022-05-31,70.19000244140625,70.47000122070312,69.83999633789062,70.01000213623047,25025200
2022-06-01,70.41999816894531,70.45999908447266,69.05999755859375,69.2699966430664,28336400
2022-06-02,69.83000183105469,70.7300033569336,69.58000183105469,70.70999908447266,21642000
2022-06-03,69.80999755859375,70.0,69.5,69.69999694824219,21327200
2022-06-06,70.51000213623047,70.61000061035156,69.83000183105469,69.9800033569336,15192300
2022-06-07,69.27999877929688,70.22000122070312,69.2699966430664,70.19000244140625,19039600
2022-06-08,69.41999816894531,69.72000122070312,69.12999725341797,69.20999908447266,21219400
2022-06-09,67.3499984741211,67.51000213623047,66.26000213623047,66.29000091552734,25675700
2022-06-10,65.05999755859375,65.12999725341797,64.48999786376953,64.69000244140625,34102000
2022-06-13,63.02999877929688,63.369998931884766,62.43999862670898,62.54999923706055,54218000
2022-06-14,62.52999877929688,62.72999954223633,61.41999816894531,61.959999084472656,38601700
2022-06-15,62.63999938964844,63.470001220703125,61.86000061035156,63.119998931884766,37790700
2022-06-16,61.59000015258789,62.18000030517578,61.34000015258789,61.72999954223633,38025300
2022-06-17,61.68000030517578,62.0,61.119998931884766,61.47999954223633,43097500
2022-06-21,62.56999969482422,62.77000045776367,62.380001068115234,62.40999984741211,31891400
2022-06-22,61.709999084472656,62.56999969482422,61.619998931884766,61.9900016784668,30368200
2022-06-23,61.84999847412109,62.0,61.27000045776367,61.91999816894531,26482500
2022-06-24,62.790000915527344,63.790000915527344,62.7400016784668,63.77000045776367,31235000
2022-06-27,63.65999984741211,63.93999862670898,63.43000030517578,63.5,20987600
2022-06-28,64.0199966430664,64.22000122070312,63.04999923706055,63.06999969482422,19187400
2022-06-29,63.09999847412109,63.290000915527344,62.790000915527344,62.83000183105469,18226800
2022-06-30,61.709999084472656,62.59000015258789,61.470001220703125,62.4900016784668,37316200
2022-07-01,61.709999084472656,62.650001525878906,61.5,62.63999938964844,26046600
2022-07-05,60.65999984741211,61.31999969482422,60.40999984741211,61.29999923706055,30911300
2022-07-06,61.20000076293945,61.4900016784668,60.86000061035156,61.34999847412109,18030000
2022-07-07,61.86000061035156,62.290000915527344,61.84999847412109,62.27999877929688,17215100
2022-07-08,62.119998931884766,62.560001373291016,61.84999847412109,62.34999847412109,13135200
2022-07-11,61.56999969482422,61.75,61.290000915527344,61.34000015258789,15757900
2022-07-12,61.2400016784668,61.83000183105469,61.18999862670898,61.33000183105469,16350500
2022-07-13,60.58000183105469,61.54999923706055,60.5099983215332,61.29999923706055,17907500
2022-07-14,59.9900016784668,60.4900016784668,59.540000915527344,60.43999862670898,25329100
2022-07-15,60.880001068115234,61.43999862670898,60.61000061035156,61.400001525878906,28570100
2022-07-18,62.2599983215332,62.41999816894531,61.54999923706055,61.650001525878906,23785600
2022-07-19,62.81999969482422,63.34999847412109,62.7599983215332,63.33000183105469,25474500
2022-07-20,63.130001068115234,63.31999969482422,62.59000015258789,62.90999984741211,18738200
2022-07-21,62.77000045776367,63.630001068115234,62.68999862670898,63.560001373291016,19165500
2022-07-22,63.83000183105469,64.19000244140625,63.150001525878906,63.400001525878906,18771500
2022-07-25,63.880001068115234,63.970001220703125,63.54999923706055,63.88999938964844,17451300
2022-07-26,63.41999816894531,63.47999954223633,63.0,63.0,11610000
2022-07-27,63.63999938964844,64.55999755859375,63.43000030517578,64.48999786376953,20945500
2022-07-28,64.38999938964844,64.94000244140625,64.01000213623047,64.81999969482422,19385400
2022-07-29,64.94000244140625,65.76000213623047,64.76000213623047,65.72000122070312,23958000
2022-08-01,65.69999694824219,66.08000183105469,65.48999786376953,65.80999755859375,19450500
2022-08-02,65.27999877929688,65.45999908447266,64.73999786376953,64.76000213623047,17857700
2022-08-03,65.05000305175781,65.26000213623047,64.6500015258789,65.13999938964844,16011100
2022-08-04,65.26000213623047,65.58999633789062,65.18000030517578,65.47000122070312,15153600
2022-08-05,64.66000366210938,65.12000274658203,64.56999969482422,65.01000213623047,15130400
2022-08-08,65.52999877929688,65.76000213623047,65.04000091552734,65.16000366210938,12069100
2022-08-09,65.12999725341797,65.23999786376953,64.69999694824219,64.80999755859375,10867800
2022-08-10,66.16999816894531,66.48999786376953,65.94000244140625,66.2699966430664,16870800
2022-08-11,66.52999877929688,66.73999786376953,66.13999938964844,66.25,11539400
2022-08-12,66.29000091552734,66.7699966430664,66.12999725341797,66.76000213623047,13680300
2022-08-15,66.19000244140625,66.41000366210938,66.05999755859375,66.36000061035156,15733100
2022-08-16,65.94999694824219,66.45999908447266,65.94999694824219,66.33999633789062,13497100
2022-08-17,65.69999694824219,66.16999816894531,65.47000122070312,65.80999755859375,14822100
2022-08-18,65.7300033569336,65.76000213623047,65.36000061035156,65.58999633789062,14303900
2022-08-19,64.97000122070312,65.04000091552734,64.54000091552734,64.69000244140625,20257600
2022-08-22,63.9900016784668,64.01000213623047,63.43000030517578,63.59000015258789,20062200
2022-08-23,63.43000030517578,64.08999633789062,63.34999847412109,63.619998931884766,19101400
2022-08-24,63.34999847412109,63.90999984741211,63.27999877929688,63.70000076293945,12086600
2022-08-25,63.86000061035156,64.41999816894531,63.720001220703125,64.4000015258789,13980500
2022-08-26,64.43000030517578,64.5,62.66999816894531,62.709999084472656,19338300
2022-08-29,62.43000030517578,62.83000183105469,62.369998931884766,62.56999969482422,16199700
2022-08-30,62.9900016784668,63.060001373291016,61.9900016784668,62.119998931884766,24907400
2022-08-31,62.119998931884766,62.34999847412109,61.68000030517578,61.70000076293945,32178200
2022-09-01,60.79999923706055,60.93000030517578,60.22999954223633,60.869998931884766,33526300
2022-09-02,61.38999938964844,61.84000015258789,60.27999877929688,60.470001220703125,28234000
2022-09-06,60.7599983215332,60.88999938964844,60.11000061035156,60.31999969482422,21862300
2022-09-07,59.84000015258789,60.86000061035156,59.83000183105469,60.84999847412109,21289000
2022-09-08,60.16999816894531,60.970001220703125,60.060001373291016,60.88999938964844,17589900
2022-09-09,62.060001373291016,62.5,62.02000045776367,62.43999862670898,22655100
2022-09-12,63.220001220703125,63.59000015258789,63.150001525878906,63.310001373291016,22338600
2022-09-13,62.130001068115234,62.47999954223633,61.060001373291016,61.11000061035156,26513900
2022-09-14,61.29999923706055,61.56999969482422,60.95000076293945,61.310001373291016,19052800
2022-09-15,60.86000061035156,61.400001525878906,60.66999816894531,60.77000045776367,23181900
2022-09-16,60.2400016784668,60.619998931884766,60.060001373291016,60.400001525878906,31914300
2022-09-19,59.709999084472656,60.650001525878906,59.70000076293945,60.61000061035156,19597500
2022-09-20,59.77000045776367,59.900001525878906,59.22999954223633,59.58000183105469,23429600
2022-09-21,59.52999877929688,60.040000915527344,58.75,58.79999923706055,22678800
2022-09-22,59.02999877929688,59.150001525878906,58.34999847412109,58.630001068115234,25400900
2022-09-23,57.290000915527344,57.34999847412109,56.310001373291016,56.7599983215332,33958900
2022-09-26,56.18000030517578,56.68999862670898,55.619998931884766,55.91999816894531,41892400
2022-09-27,56.18999862670898,56.4900016784668,55.220001220703125,55.540000915527344,38742700
2022-09-28,55.52000045776367,57.02999877929688,55.34999847412109,56.880001068115234,35116000
2022-09-29,56.0099983215332,56.25,55.43999862670898,56.209999084472656,30971600
2022-09-30,55.959999084472656,56.70000076293945,55.88999938964844,56.0099983215332,38527600
2022-10-03,56.59000015258789,57.36000061035156,56.36000061035156,57.119998931884766,37451600
2022-10-04,58.630001068115234,59.5,58.61000061035156,59.40999984741211,32480200
2022-10-05,58.41999816894531,59.11000061035156,58.09000015258789,58.77999877929688,28550700
2022-10-06,58.09000015258789,58.380001068115234,57.68999862670898,57.75,28668800
2022-10-07,57.47999954223633,57.54999923706055,56.63999938964844,56.83000183105469,22200000
2022-10-10,56.79999923706055,56.86000061035156,56.18000030517578,56.5099983215332,26510200
2022-10-11,56.13999938964844,56.790000915527344,55.709999084472656,55.88999938964844,26577200
2022-10-12,55.7400016784668,56.040000915527344,55.54999923706055,55.709999084472656,24455800
2022-10-13,54.7400016784668,57.119998931884766,54.61000061035156,56.86000061035156,48010100
2022-10-14,57.220001220703125,57.400001525878906,55.95000076293945,56.0099983215332,28145900
2022-10-17,57.22999954223633,57.650001525878906,57.220001220703125,57.38999938964844,32731000
2022-10-18,58.2400016784668,58.29999923706055,57.380001068115234,57.79999923706055,26876700
2022-10-19,57.2599983215332,57.5,56.709999084472656,57.09000015258789,22958200
2022-10-20,57.13999938964844,57.79999923706055,56.83000183105469,56.959999084472656,25989700
2022-10-21,56.43999862670898,58.0099983215332,56.220001220703125,57.9900016784668,37761800
2022-10-24,57.77999877929688,58.25,57.4900016784668,58.0,20327600
2022-10-25,58.41999816894531,59.33000183105469,58.40999984741211,59.27999877929688,21583300
2022-10-26,59.2599983215332,60.25,59.2400016784668,59.84000015258789,27095500
2022-10-27,59.630001068115234,60.08000183105469,59.25,59.27999877929688,20349600
2022-10-28,59.18999862670898,59.869998931884766,59.08000183105469,59.869998931884766,19235500
2022-10-31,59.20000076293945,59.43999862670898,59.11000061035156,59.310001373291016,27032700
2022-11-01,60.5,60.52000045776367,59.5099983215332,59.77999877929688,42687000
2022-11-02,59.869998931884766,60.650001525878906,58.90999984741211,58.90999984741211,30497700
2022-11-03,58.11000061035156,58.68999862670898,58.060001373291016,58.40999984741211,23604200
2022-11-04,60.16999816894531,60.81999969482422,59.790000915527344,60.75,33756400
2022-11-07,60.970001220703125,61.209999084472656,60.709999084472656,60.93999862670898,19904600
2022-11-08,61.36000061035156,62.0099983215332,61.220001220703125,61.630001068115234,19882900
2022-11-09,61.20000076293945,61.63999938964844,60.7599983215332,60.77000045776367,22418600
2022-11-10,63.27000045776367,64.18000030517578,62.91999816894531,64.18000030517578,29640900
2022-11-11,64.76000213623047,65.55999755859375,64.51000213623047,65.45999908447266,24071300
2022-11-14,64.93000030517578,65.3499984741211,64.7699966430664,64.7699966430664,21599900
2022-11-15,65.81999969482422,65.93000030517578,64.5999984741211,65.19999694824219,34956600
2022-11-16,65.30000305175781,65.41000366210938,64.86000061035156,65.05000305175781,22730400
2022-11-17,64.22000122070312,65.05999755859375,64.19999694824219,65.0199966430664,21271100
2022-11-18,65.31999969482422,65.33000183105469,64.93000030517578,65.1500015258789,18431100
2022-11-21,64.5999984741211,64.77999877929688,64.37000274658203,64.66000366210938,21877400
2022-11-22,65.06999969482422,65.58000183105469,64.97000122070312,65.55999755859375,14698700
2022-11-23,65.68000030517578,66.37999725341797,65.68000030517578,66.27999877929688,13400800
2022-11-25,66.36000061035156,66.76000213623047,66.36000061035156,66.62000274658203,10934400
2022-11-28,66.29000091552734,66.56999969482422,65.72000122070312,65.76000213623047,18618500
2022-11-29,65.91999816894531,66.31999969482422,65.79000091552734,65.94999694824219,17666900
2022-11-30,66.47000122070312,67.3499984741211,65.83000183105469,67.12000274658203,41966500
2022-12-01,67.87000274658203,68.05999755859375,67.41999816894531,67.7699966430664,24209700
2022-12-02,67.13999938964844,67.93000030517578,67.13999938964844,67.72000122070312,36230700
2022-12-05,67.48999786376953,67.68000030517578,66.63999938964844,66.83000183105469,26304900
2022-12-06,66.97000122070312,67.11000061035156,66.25,66.52999877929688,25663000
2022-12-07,66.55999755859375,66.80999755859375,66.27999877929688,66.52999877929688,23274300
2022-12-08,66.5199966430664,66.94000244140625,66.31999969482422,66.87000274658203,20080400
2022-12-09,67.02999877929688,67.41999816894531,66.87000274658203,66.91000366210938,25772900
2022-12-12,66.9000015258789,67.11000061035156,66.68000030517578,67.11000061035156,18725400
2022-12-13,68.6500015258789,68.77999877929688,67.54000091552734,67.79000091552734,29377300
2022-12-14,67.88999938964844,68.33000183105469,67.29000091552734,67.7300033569336,23707700
2022-12-15,66.88999938964844,67.01000213623047,65.7699966430664,66.0,25617500
2022-12-16,65.45999908447266,65.76000213623047,65.12999725341797,65.41999816894531,23998700
2022-12-19,65.62999725341797,65.72000122070312,65.08999633789062,65.26000213623047,21180700
2022-12-20,65.4000015258789,65.8499984741211,65.30999755859375,65.5199966430664,21440600
2022-12-21,65.91999816894531,66.38999938964844,65.83000183105469,66.19999694824219,17112200
2022-12-22,65.94999694824219,65.95999908447266,65.11000061035156,65.66000366210938,21251200
2022-12-23,65.55000305175781,65.98999786376953,65.41000366210938,65.88999938964844,12536600
2022-12-27,65.94000244140625,66.23999786376953,65.81999969482422,65.98999786376953,16247400
2022-12-28,66.12999725341797,66.33000183105469,65.29000091552734,65.29000091552734,14526900
2022-12-29,66.04000091552734,66.5,66.0,66.31999969482422,17455400
2022-12-30,65.94999694824219,66.18000030517578,65.56999969482422,65.63999938964844,25629000
2023-01-03,66.45999908447266,66.83000183105469,65.9000015258789,66.22000122070312,25179300
2023-01-04,67.18000030517578,67.31999969482422,66.70999908447266,67.0999984741211,26751400
2023-01-05,66.47000122070312,66.69000244140625,66.30000305175781,66.43000030517578,17376900
2023-01-06,66.83000183105469,68.16999816894531,66.44000244140625,68.12999725341797,17951400
2023-01-09,68.6500015258789,69.05999755859375,68.37999725341797,68.41999816894531,23392800
2023-01-10,68.33000183105469,68.62999725341797,68.16999816894531,68.62000274658203,18811500
2023-01-11,68.94999694824219,69.1500015258789,68.73999786376953,69.13999938964844,17732700
2023-01-12,69.70999908447266,70.27999877929688,69.0,70.16000366210938,19767100
2023-01-13,69.80999755859375,70.55000305175781,69.80999755859375,70.52999877929688,18092100
2023-01-17,70.77999877929688,71.05999755859375,70.55999755859375,70.75,25184100
2023-01-18,71.55000305175781,71.68000030517578,70.5,70.5,35935300
2023-01-19,70.27999877929688,70.54000091552734,70.0199966430664,70.38999938964844,23519000
2023-01-20,70.36000061035156,71.02999877929688,70.18000030517578,71.01000213623047,28289500
2023-01-23,70.69999694824219,71.30999755859375,70.66999816894531,71.30000305175781,24252900
2023-01-24,70.91000366210938,71.36000061035156,70.66999816894531,71.20999908447266,12996500
2023-01-25,70.9800033569336,71.73999786376953,70.93000030517578,71.68000030517578,14250500
2023-01-26,71.73999786376953,71.81999969482422,71.16000366210938,71.73999786376953,13272300
2023-01-27,71.30000305175781,71.76000213623047,71.20999908447266,71.5999984741211,13986800
2023-01-30,71.33999633789062,71.66999816894531,71.13999938964844,71.13999938964844,14111500
2023-01-31,70.94000244140625,71.58999633789062,70.80000305175781,71.55000305175781,23544400
2023-02-01,71.48999786376953,72.44000244140625,70.94000244140625,72.19000244140625,27861400
2023-02-02,72.37999725341797,72.43000030517578,71.63999938964844,72.08999633789062,15588000
2023-02-03,71.38999938964844,72.0,71.26000213623047,71.41999816894531,18589800
2023-02-06,70.72000122070312,70.87999725341797,70.33000183105469,70.69000244140625,18409500
2023-02-07,70.36000061035156,71.37999725341797,70.22000122070312,71.29000091552734,19440100
2023-02-08,71.18000030517578,71.29000091552734,70.72000122070312,70.8499984741211,18281400
2023-02-09,71.87000274658203,71.93000030517578,70.8499984741211,70.9800033569336,10875300
2023-02-10,70.72000122070312,70.7699966430664,70.36000061035156,70.66999816894531,16681200
2023-02-13,70.7699966430664,71.37999725341797,70.69000244140625,71.37999725341797,11806300
2023-02-14,71.05000305175781,71.83000183105469,70.86000061035156,71.51000213623047,14082900
2023-02-15,70.62999725341797,71.19000244140625,70.56999969482422,71.19000244140625,14031200
2023-02-16,70.56999969482422,71.2699966430664,70.48999786376953,70.83999633789062,13151000
2023-02-17,70.51000213623047,71.0999984741211,70.38999938964844,71.0199966430664,13768200
2023-02-21,70.5199966430664,70.7699966430664,70.19000244140625,70.23999786376953,14419700
2023-02-22,70.12000274658203,70.23999786376953,69.69999694824219,69.8499984741211,12991700
2023-02-23,70.1500015258789,70.29000091552734,69.56999969482422,70.20999908447266,25783700
2023-02-24,69.0199966430664,69.2699966430664,68.76000213623047,69.04000091552734,25120200
2023-02-27,69.83999633789062,70.04000091552734,69.63999938964844,69.86000061035156,19736300
2023-02-28,69.66000366210938,69.81999969482422,69.31999969482422,69.3499984741211,28408000
2023-03-01,69.9000015258789,70.05999755859375,69.45999908447266,69.72000122070312,20961000
2023-03-02,69.2300033569336,69.91999816894531,69.20999908447266,69.86000061035156,20540100
2023-03-03,70.25,70.91999816894531,70.05999755859375,70.87999725341797,23663300
2023-03-06,70.72000122070312,71.0,70.62000274658203,70.69999694824219,22289600
2023-03-07,70.5999984741211,70.66000366210938,69.44000244140625,69.5199966430664,26319800
2023-03-08,69.73999786376953,70.11000061035156,69.56999969482422,69.9000015258789,21016200
2023-03-09,70.02999877929688,70.2699966430664,69.2699966430664,69.38999938964844,25914100
2023-03-10,69.41000366210938,69.56999969482422,68.58000183105469,68.6500015258789,31703800
2023-03-13,67.93000030517578,68.73999786376953,67.80999755859375,68.18000030517578,27005100
2023-03-14,68.88999938964844,69.0999984741211,68.55999755859375,69.08999633789062,18054000
2023-03-15,66.52999877929688,67.05000305175781,66.06999969482422,66.94999694824219,37928500
2023-03-16,66.61000061035156,67.98999786376953,66.55000305175781,67.98999786376953,33179100
2023-03-17,67.37999725341797,67.52999877929688,66.91000366210938,67.18000030517578,23846200
2023-03-20,67.93000030517578,68.45999908447266,67.80999755859375,68.2300033569336,24003200
2023-03-21,69.2300033569336,69.33000183105469,68.86000061035156,69.26000213623047,16669400
2023-03-22,69.37000274658203,70.22000122070312,68.9800033569336,69.0199966430664,16277900
2023-03-23,69.62999725341797,70.04000091552734,68.72000122070312,69.02999877929688,23067200
2023-03-24,68.54000091552734,68.86000061035156,68.13999938964844,68.81999969482422,27879000
2023-03-27,69.23999786376953,69.52999877929688,69.08000183105469,69.47000122070312,23269300
2023-03-28,69.43000030517578,69.66000366210938,69.33000183105469,69.5,20324500
2023-03-29,70.18000030517578,70.4000015258789,70.05000305175781,70.33999633789062,29119300
2023-03-30,71.1500015258789,71.26000213623047,70.98999786376953,71.16000366210938,21615800
2023-03-31,71.3499984741211,71.68000030517578,71.3499984741211,71.5199966430664,28532600
2023-04-03,71.69000244140625,72.11000061035156,71.58999633789062,72.08999633789062,20737100
2023-04-04,72.0999984741211,72.31999969482422,71.88999938964844,72.0999984741211,15364600
2023-04-05,71.72000122070312,71.91999816894531,71.36000061035156,71.5999984741211,16313900
2023-04-06,71.61000061035156,72.12999725341797,71.5199966430664,71.94000244140625,13659900
2023-04-10,71.48999786376953,71.9000015258789,71.37999725341797,71.88999938964844,12854000
2023-04-11,72.05000305175781,72.25,71.98999786376953,72.12999725341797,11264100
2023-04-12,72.77999877929688,72.94000244140625,72.37000274658203,72.58999633789062,13241500
2023-04-13,73.19000244140625,73.58000183105469,73.11000061035156,73.5199966430664,12233000
2023-04-14,73.48999786376953,73.69000244140625,72.94000244140625,73.22000122070312,14209900
2023-04-17,73.0199966430664,73.12000274658203,72.73999786376953,73.08999633789062,17323800
2023-04-18,73.45999908447266,73.55000305175781,73.29000091552734,73.48999786376953,13753400
2023-04-19,73.12000274658203,73.33999633789062,73.0999984741211,73.26000213623047,8840800
2023-04-20,73.08999633789062,73.44000244140625,73.06999969482422,73.26000213623047,12478600
2023-04-21,73.3499984741211,73.68000030517578,73.02999877929688,73.62999725341797,14053000
2023-04-24,73.62999725341797,73.8499984741211,73.61000061035156,73.81999969482422,12864900
2023-04-25,73.4800033569336,73.5199966430664,72.77999877929688,72.79000091552734,12582200
2023-04-26,73.23999786376953,73.25,72.6500015258789,72.73999786376953,16928600
2023-04-27,73.12000274658203,73.66000366210938,72.97000122070312,73.6500015258789,14505700
2023-04-28,73.02999877929688,73.62999725341797,73.01000213623047,73.62000274658203,16936800
2023-05-01,73.69000244140625,73.88999938964844,73.48999786376953,73.51000213623047,24499500
2023-05-02,72.83000183105469,72.83999633789062,72.33000183105469,72.7699966430664,12907200
2023-05-03,73.04000091552734,73.55000305175781,72.94999694824219,72.95999908447266,13977300
2023-05-04,72.75,73.06999969482422,72.55999755859375,72.80999755859375,17411200
2023-05-05,73.16999816894531,73.98999786376953,73.12000274658203,73.87999725341797,11096900
2023-05-08,74.02999877929688,74.05000305175781,73.7699966430664,73.9000015258789,7533200
2023-05-09,73.29000091552734,73.69999694824219,73.25,73.5999984741211,14835400
2023-05-10,73.68000030517578,73.69000244140625,72.98999786376953,73.44999694824219,14009800
2023-05-11,73.02999877929688,73.2699966430664,72.72000122070312,73.2699966430664,14971700
2023-05-12,73.36000061035156,73.41000366210938,72.87000274658203,73.13999938964844,15823200
2023-05-15,73.36000061035156,73.70999908447266,73.27999877929688,73.69999694824219,10580600
2023-05-16,73.31999969482422,73.44000244140625,72.97000122070312,73.0,13335700
2023-05-17,73.08999633789062,73.38999938964844,72.81999969482422,73.33999633789062,21491300
2023-05-18,73.16999816894531,73.26000213623047,72.83000183105469,73.2300033569336,10657000
2023-05-19,73.55000305175781,73.83999633789062,73.47000122070312,73.66000366210938,15971200
2023-05-22,73.55999755859375,73.81999969482422,73.55000305175781,73.68000030517578,12122700
2023-05-23,73.04000091552734,73.1500015258789,72.56999969482422,72.5999984741211,19215100
2023-05-24,71.88999938964844,71.91000366210938,71.5,71.54000091552734,21758100
2023-05-25,71.51000213623047,71.56999969482422,71.1500015258789,71.44000244140625,17393700
2023-05-26,71.75,72.19999694824219,71.73999786376953,72.13999938964844,11189800
2023-05-30,71.91999816894531,71.94000244140625,71.20999908447266,71.41000366210938,13979800
2023-05-31,70.69000244140625,70.80000305175781,70.12999725341797,70.66999816894531,32754700
2023-06-01,71.05000305175781,71.77999877929688,71.0,71.72000122070312,29681600
2023-06-02,72.6500015258789,72.76000213623047,72.47000122070312,72.6500015258789,18693500
2023-06-05,72.54000091552734,72.61000061035156,72.18000030517578,72.2300033569336,18029700
2023-06-06,72.37999725341797,72.87000274658203,72.3499984741211,72.83000183105469,17811900
2023-06-07,71.25,71.5,70.83000183105469,70.88999938964844,29259200
2023-06-08,71.2300033569336,71.6500015258789,71.11000061035156,71.63999938964844,15781000
2023-06-09,71.56999969482422,71.68000030517578,71.4000015258789,71.5199966430664,15419000
2023-06-12,71.76000213623047,71.86000061035156,71.58999633789062,71.83000183105469,15814700
2023-06-13,72.48999786376953,72.69000244140625,72.37999725341797,72.51000213623047,17620600
2023-06-14,72.97000122070312,73.18000030517578,72.37999725341797,72.77999877929688,17305800
2023-06-15,72.7699966430664,73.58999633789062,72.72000122070312,73.55000305175781,14597200
2023-06-16,73.87999725341797,73.91000366210938,73.36000061035156,73.38999938964844,20036200
2023-06-20,72.58999633789062,72.72000122070312,72.2699966430664,72.41999816894531,16873000
2023-06-21,72.30000305175781,72.77999877929688,72.19000244140625,72.52999877929688,11322700
2023-06-22,72.01000213623047,72.19999694824219,71.94000244140625,72.08000183105469,11313300
2023-06-23,70.83000183105469,71.1500015258789,70.80999755859375,70.95999908447266,15929700
2023-06-26,71.05000305175781,71.19000244140625,70.94000244140625,71.05000305175781,12950900
2023-06-27,71.26000213623047,71.72000122070312,71.05000305175781,71.66999816894531,11034100
2023-06-28,71.6500015258789,71.86000061035156,71.5199966430664,71.72000122070312,9256500
2023-06-29,71.38999938964844,71.62000274658203,71.3499984741211,71.62000274658203,6736000
2023-06-30,72.29000091552734,72.55000305175781,72.20999908447266,72.5,28381100
2023-07-03,72.47000122070312,72.58000183105469,72.30999755859375,72.41999816894531,13375500
2023-07-05,71.9000015258789,71.93000030517578,71.54000091552734,71.61000061035156,15971500
2023-07-06,70.54000091552734,70.55999755859375,69.94000244140625,70.37000274658203,17415300
2023-07-07,70.44000244140625,71.22000122070312,70.41000366210938,70.9000015258789,16721300
2023-07-10,70.77999877929688,71.12999725341797,70.75,71.0999984741211,9486000
2023-07-11,71.41000366210938,71.76000213623047,71.22000122070312,71.73999786376953,12811300
2023-07-12,72.69000244140625,73.19000244140625,72.56999969482422,73.11000061035156,16111100
2023-07-13,74.06999969482422,74.37999725341797,74.04000091552734,74.27999877929688,12707500
2023-07-14,74.2300033569336,74.29000091552734,73.83000183105469,73.86000061035156,12549100
2023-07-17,73.52999877929688,73.86000061035156,73.41000366210938,73.7699966430664,15876600
2023-07-18,73.9000015258789,74.33999633789062,73.83000183105469,74.25,11519400
2023-07-19,74.30000305175781,74.44999694824219,74.0199966430664,74.20999908447266,11138700
2023-07-20,74.05000305175781,74.25,73.70999908447266,73.83000183105469,14843900
2023-07-21,74.0,74.05999755859375,73.7699966430664,73.9800033569336,10318400
2023-07-24,73.66000366210938,73.95999908447266,73.62000274658203,73.80000305175781,9421100
2023-07-25,73.68000030517578,74.05999755859375,73.66000366210938,73.87999725341797,9151000
2023-07-26,73.54000091552734,74.31999969482422,73.5,74.08000183105469,12325300
2023-07-27,74.69000244140625,74.69000244140625,73.8499984741211,73.91000366210938,12775700
2023-07-28,74.45999908447266,74.73999786376953,74.30000305175781,74.44000244140625,15891100
2023-07-31,74.51000213623047,74.70999908447266,74.36000061035156,74.45999908447266,13797600
2023-08-01,73.7300033569336,73.94000244140625,73.37999725341797,73.52999877929688,16707800
2023-08-02,72.62000274658203,72.7300033569336,72.08000183105469,72.16000366210938,16805400
2023-08-03,71.58999633789062,72.16000366210938,71.52999877929688,71.95999908447266,12745700
2023-08-04,72.33000183105469,72.91000366210938,72.0999984741211,72.16000366210938,14079600
2023-08-07,72.62999725341797,72.79000091552734,72.30000305175781,72.7699966430664,12940600
2023-08-08,71.97000122070312,72.38999938964844,71.79000091552734,72.33000183105469,14144400
2023-08-09,72.43000030517578,72.62000274658203,72.19000244140625,72.30999755859375,12188700
2023-08-10,73.08999633789062,73.51000213623047,72.55000305175781,72.62000274658203,16788900
2023-08-11,72.11000061035156,72.37000274658203,71.97000122070312,72.12999725341797,14863700
2023-08-14,71.4000015258789,71.87999725341797,71.20999908447266,71.80999755859375,9959400
2023-08-15,71.38999938964844,71.41000366210938,70.79000091552734,70.91999816894531,13863600
2023-08-16,70.69000244140625,70.97000122070312,70.31999969482422,70.33999633789062,10940100
2023-08-17,70.55999755859375,70.63999938964844,69.75,69.83999633789062,14730500
2023-08-18,69.31999969482422,69.95999908447266,69.30999755859375,69.83999633789062,13617500
2023-08-21,70.0199966430664,70.18000030517578,69.70999908447266,70.0999984741211,15838400
2023-08-22,70.43000030517578,70.44999694824219,69.91000366210938,69.97000122070312,10563000
2023-08-23,70.25,70.83000183105469,70.23999786376953,70.7300033569336,12670000
2023-08-24,70.37999725341797,70.5999984741211,69.7300033569336,69.76000213623047,14879000
2023-08-25,70.19999694824219,70.47000122070312,69.5999984741211,70.2300033569336,11617700
2023-08-28,70.70999908447266,71.0199966430664,70.69000244140625,70.97000122070312,12320400
2023-08-29,70.83000183105469,71.9000015258789,70.76000213623047,71.8499984741211,12224400
2023-08-30,71.91000366210938,72.1500015258789,71.70999908447266,71.80999755859375,12235800
2023-08-31,71.83999633789062,71.9000015258789,71.30999755859375,71.52999877929688,13375200
2023-09-01,72.1500015258789,72.18000030517578,71.30000305175781,71.48999786376953,17069800
2023-09-05,71.30999755859375,71.33000183105469,70.86000061035156,70.87000274658203,12085000
2023-09-06,70.8499984741211,71.0,70.47000122070312,70.72000122070312,11294600
2023-09-07,70.5,70.63999938964844,70.27999877929688,70.48999786376953,13543000
2023-09-08,70.38999938964844,70.62000274658203,70.30000305175781,70.38999938964844,11813900
2023-09-11,70.9800033569336,71.18000030517578,70.79000091552734,71.12000274658203,11650900
2023-09-12,70.76000213623047,71.08000183105469,70.72000122070312,70.83000183105469,7947100
2023-09-13,70.68000030517578,70.87999725341797,70.47000122070312,70.61000061035156,10047900
2023-09-14,71.1500015258789,71.61000061035156,71.12999725341797,71.54000091552734,13519800
2023-09-15,71.69000244140625,71.93000030517578,71.3499984741211,71.37999725341797,13678500
2023-09-18,71.08000183105469,71.20999908447266,70.83000183105469,71.12999725341797,9121300
2023-09-19,71.25,71.37999725341797,71.01000213623047,71.19000244140625,10339900
2023-09-20,71.52999877929688,71.87999725341797,70.9800033569336,71.0199966430664,14523400
2023-09-21,70.3499984741211,70.48999786376953,69.83999633789062,69.83999633789062,17619900
2023-09-22,70.22000122070312,70.45999908447266,69.83999633789062,69.9000015258789,14714800
2023-09-25,69.31999969482422,69.62999725341797,69.16000366210938,69.58999633789062,16853100
2023-09-26,69.04000091552734,69.25,68.62999725341797,68.69000244140625,17756900
2023-09-27,68.94999694824219,69.0,68.08000183105469,68.55999755859375,16390400
2023-09-28,68.62000274658203,69.33000183105469,68.52999877929688,69.12000274658203,19507400
2023-09-29,69.75,69.76000213623047,68.75,68.91999816894531,20292800
2023-10-02,68.47000122070312,68.52999877929688,67.68000030517578,67.91000366210938,23671400
2023-10-03,67.30000305175781,67.48999786376953,66.83000183105469,67.05999755859375,19913200
2023-10-04,67.2300033569336,67.2699966430664,66.62000274658203,67.18000030517578,19586200
2023-10-05,67.56999969482422,67.87000274658203,67.33999633789062,67.7699966430664,18327200
2023-10-06,67.63999938964844,68.68000030517578,67.2300033569336,68.5199966430664,17758900
2023-10-09,67.87999725341797,68.5,67.80999755859375,68.41999816894531,11015700
2023-10-10,69.19000244140625,69.63999938964844,69.0999984741211,69.36000061035156,23682800
2023-10-11,69.76000213623047,69.86000061035156,69.26000213623047,69.6500015258789,15393600
2023-10-12,69.73999786376953,69.76000213623047,68.80999755859375,69.06999969482422,16764600
2023-10-13,68.87000274658203,69.02999877929688,68.26000213623047,68.43000030517578,19900300
2023-10-16,68.55000305175781,69.0,68.45999908447266,68.93000030517578,20119600
2023-10-17,68.36000061035156,69.29000091552734,68.3499984741211,68.97000122070312,12155100
2023-10-18,68.36000061035156,68.43000030517578,67.69000244140625,67.7699966430664,16945900
2023-10-19,67.55000305175781,67.91000366210938,67.05000305175781,67.16999816894531,27204100
2023-10-20,66.93000030517578,67.08999633789062,66.54000091552734,66.56999969482422,28251800
2023-10-23,66.31999969482422,67.04000091552734,66.06999969482422,66.62000274658203,18574700
2023-10-24,66.73999786376953,67.05999755859375,66.6500015258789,67.0,22138700
2023-10-25,66.81999969482422,67.08000183105469,66.44000244140625,66.5199966430664,17400900
2023-10-26,66.3499984741211,66.48999786376953,65.83000183105469,66.04000091552734,22914700
2023-10-27,66.5,66.52999877929688,65.68000030517578,65.83999633789062,24116300
2023-10-30,66.55999755859375,66.70999908447266,66.2699966430664,66.68000030517578,23954500
2023-10-31,66.76000213623047,66.97000122070312,66.52999877929688,66.91999816894531,18291300
2023-11-01,67.08000183105469,67.56999969482422,66.88999938964844,67.55000305175781,21115000
2023-11-02,68.68000030517578,68.94000244140625,68.4800033569336,68.93000030517578,19669400
2023-11-03,69.51000213623047,70.0,69.41000366210938,69.66000366210938,20752900
2023-11-06,69.55999755859375,69.62999725341797,69.16999816894531,69.30999755859375,15938000
2023-11-07,68.7699966430664,69.0199966430664,68.63999938964844,68.88999938964844,15747100
2023-11-08,68.86000061035156,69.0999984741211,68.5999984741211,68.80000305175781,10916500
2023-11-09,69.41000366210938,69.58000183105469,68.76000213623047,68.79000091552734,14557600
2023-11-10,68.73999786376953,69.1500015258789,68.26000213623047,69.0999984741211,12518800
2023-11-13,68.81999969482422,69.37999725341797,68.70999908447266,69.27999877929688,11354700
2023-11-14,70.45999908447266,71.13999938964844,70.44999694824219,71.05000305175781,21166800
2023-11-15,71.08000183105469,71.29000091552734,70.9000015258789,70.94000244140625,12980000
2023-11-16,70.81999969482422,71.11000061035156,70.63999938964844,70.88999938964844,13769700
2023-11-17,71.55000305175781,71.86000061035156,71.41000366210938,71.8499984741211,14314300
2023-11-20,71.73999786376953,72.19999694824219,71.73999786376953,72.12000274658203,10334700
2023-11-21,72.08000183105469,72.1500015258789,71.75,71.83999633789062,12300200
2023-11-22,71.94999694824219,72.04000091552734,71.62999725341797,72.01000213623047,12162900
2023-11-24,72.23999786376953,72.58000183105469,72.2300033569336,72.55999755859375,8083500
2023-11-27,72.33999633789062,72.43000030517578,72.16000366210938,72.30999755859375,10365000
2023-11-28,72.11000061035156,72.55000305175781,72.0199966430664,72.33000183105469,11129900
2023-11-29,72.54000091552734,72.76000213623047,72.30000305175781,72.4800033569336,10462200
2023-11-30,72.48999786376953,72.61000061035156,72.16999816894531,72.41999816894531,19444200
2023-12-01,72.37999725341797,73.23999786376953,72.3499984741211,73.18000030517578,21091900
2023-12-04,72.45999908447266,72.7699966430664,72.33000183105469,72.61000061035156,14778700
2023-12-05,72.37999725341797,72.81999969482422,72.2300033569336,72.3499984741211,17529500
2023-12-06,73.06999969482422,73.22000122070312,72.55000305175781,72.56999969482422,16547400
2023-12-07,72.72000122070312,73.12999725341797,72.43000030517578,72.91999816894531,14513200
2023-12-08,72.73999786376953,73.25,72.72000122070312,73.13999938964844,13323600
2023-12-11,73.02999877929688,73.36000061035156,73.0199966430664,73.31999969482422,12372000
2023-12-12,73.19999694824219,73.44999694824219,72.95999908447266,73.44999694824219,13210000
2023-12-13,73.51000213623047,74.58999633789062,73.16000366210938,74.5199966430664,16760700
2023-12-14,74.88999938964844,75.33000183105469,74.72000122070312,75.06999969482422,21959600
2023-12-15,74.70999908447266,74.8499984741211,74.29000091552734,74.33999633789062,22420700
2023-12-18,74.6500015258789,74.70999908447266,74.30000305175781,74.5199966430664,14409900
2023-12-19,74.93000030517578,75.19999694824219,74.93000030517578,75.1500015258789,15551800
2023-12-20,74.23999786376953,74.41999816894531,73.41999816894531,73.47000122070312,23019200
2023-12-21,74.26000213623047,74.66000366210938,74.0999984741211,74.66000366210938,15837400
2023-12-22,74.81999969482422,74.97000122070312,74.52999877929688,74.7300033569336,12184500
2023-12-26,74.80999755859375,75.19000244140625,74.80999755859375,75.06999969482422,8915400
2023-12-27,75.12000274658203,75.52999877929688,75.11000061035156,75.47000122070312,13103800
2023-12-28,75.44999694824219,75.66000366210938,75.26000213623047,75.2699966430664,16832000
2023-12-29,75.37999725341797,75.58999633789062,75.1500015258789,75.3499984741211,21346400
2024-01-02,74.54000091552734,74.87000274658203,74.41000366210938,74.51000213623047,18177600
2024-01-03,73.77999877929688,74.16000366210938,73.58000183105469,73.94999694824219,18637700
2024-01-04,73.94000244140625,74.48999786376953,73.94000244140625,74.12000274658203,11977100
2024-01-05,74.02999877929688,74.81999969482422,73.95999908447266,74.16999816894531,20636700
2024-01-08,74.33000183105469,74.9800033569336,74.2699966430664,74.95999908447266,16250100
2024-01-09,74.29000091552734,74.47000122070312,74.18000030517578,74.29000091552734,10218300
2024-01-10,74.61000061035156,74.87999725341797,74.52999877929688,74.7699966430664,12191300
2024-01-11,74.97000122070312,75.06999969482422,74.0999984741211,74.76000213623047,16434300
2024-01-12,75.26000213623047,75.5,74.93000030517578,75.06999969482422,11329300
2024-01-16,74.16000366210938,74.26000213623047,73.66000366210938,73.80999755859375,19802700
2024-01-17,72.83000183105469,73.13999938964844,72.58000183105469,73.11000061035156,16381400
2024-01-18,73.41999816894531,73.77999877929688,73.26000213623047,73.76000213623047,16391400
2024-01-19,73.55999755859375,73.94000244140625,73.30000305175781,73.93000030517578,15792200
2024-01-22,74.11000061035156,74.37999725341797,74.04000091552734,74.16000366210938,15424800
2024-01-23,73.77999877929688,74.0,73.62000274658203,73.94999694824219,13575400
2024-01-24,74.93000030517578,75.0,74.5,74.51000213623047,16314600
2024-01-25,74.69000244140625,74.7300033569336,74.33000183105469,74.72000122070312,15268800
2024-01-26,75.11000061035156,75.23999786376953,74.98999786376953,75.05000305175781,16478600
2024-01-29,75.0199966430664,75.56999969482422,74.93000030517578,75.48999786376953,13341500
2024-01-30,75.37999725341797,75.4800033569336,75.0999984741211,75.38999938964844,11708400
2024-01-31,75.7300033569336,75.97000122070312,74.9000015258789,75.01000213623047,23907300
2024-02-01,75.19000244140625,75.7699966430664,75.02999877929688,75.75,17189400
2024-02-02,75.12999725341797,75.19999694824219,74.80999755859375,75.1500015258789,15579800
2024-02-05,74.69999694824219,74.91999816894531,74.33000183105469,74.75,15617900
2024-02-06,74.72000122070312,75.2300033569336,74.68000030517578,75.20999908447266,13886600
2024-02-07,75.16999816894531,75.29000091552734,75.0,75.16999816894531,10485100
2024-02-08,75.05000305175781,75.0999984741211,74.81999969482422,75.04000091552734,9578500
2024-02-09,75.05000305175781,75.3499984741211,74.87999725341797,75.30000305175781,11001100
2024-02-12,75.2699966430664,75.66000366210938,75.25,75.43000030517578,6911500
2024-02-13,74.62000274658203,74.72000122070312,74.0199966430664,74.2699966430664,14942500
2024-02-14,74.76000213623047,75.12000274658203,74.69999694824219,75.0999984741211,13248000
2024-02-15,75.45999908447266,75.97000122070312,75.44999694824219,75.94999694824219,14128600
2024-02-16,75.9800033569336,76.38999938964844,75.80000305175781,76.06999969482422,13381600
2024-02-20,76.55000305175781,76.62999725341797,76.18000030517578,76.37999725341797,15285800
2024-02-21,76.22000122070312,76.47000122070312,76.08999633789062,76.44000244140625,11433700
2024-02-22,77.06999969482422,77.31999969482422,76.93000030517578,77.30000305175781,15476000
2024-02-23,77.37999725341797,77.52999877929688,77.2699966430664,77.4000015258789,11400000
2024-02-26,77.45999908447266,77.45999908447266,77.1500015258789,77.29000091552734,15015200
2024-02-27,77.33999633789062,77.55999755859375,77.29000091552734,77.5,11110900
2024-02-28,76.9800033569336,77.1500015258789,76.91999816894531,77.05000305175781,12196600
2024-02-29,77.41999816894531,77.55000305175781,76.86000061035156,77.25,17221700
2024-03-01,77.56999969482422,78.02999877929688,77.25,78.0,18930500
2024-03-04,77.76000213623047,77.95999908447266,77.68000030517578,77.80000305175781,13961000
2024-03-05,77.8499984741211,78.12999725341797,77.44000244140625,77.66000366210938,12874400
2024-03-06,78.51000213623047,78.80999755859375,78.36000061035156,78.58000183105469,24098100
2024-03-07,79.16999816894531,79.61000061035156,79.0999984741211,79.51000213623047,18279100
2024-03-08,79.77999877929688,79.86000061035156,79.12999725341797,79.25,14926900
2024-03-11,78.72000122070312,78.83000183105469,78.41000366210938,78.80000305175781,10496000
2024-03-12,78.91000366210938,79.44000244140625,78.61000061035156,79.43000030517578,15296000
2024-03-13,79.3499984741211,79.62000274658203,79.31999969482422,79.44000244140625,14166600
2024-03-14,79.41999816894531,79.47000122070312,78.56999969482422,78.86000061035156,25572000
2024-03-15,79.04000091552734,79.11000061035156,78.62999725341797,78.88999938964844,17529100
2024-03-18,79.08999633789062,79.12000274658203,78.80999755859375,78.87000274658203,13472200
2024-03-19,78.81999969482422,79.22000122070312,78.70999908447266,79.01000213623047,13222100
2024-03-20,78.95999908447266,79.9000015258789,78.9000015258789,79.8499984741211,18834900
2024-03-21,79.9000015258789,80.02999877929688,79.79000091552734,79.80999755859375,13021000
2024-03-22,79.77999877929688,79.83000183105469,79.55000305175781,79.63999938964844,12832800
2024-03-25,79.38999938964844,79.76000213623047,79.38999938964844,79.47000122070312,9418000
2024-03-26,79.8499984741211,79.87999725341797,79.55999755859375,79.55999755859375,12343100
2024-03-27,79.73999786376953,80.05999755859375,79.63999938964844,80.04000091552734,12337200
2024-03-28,79.7300033569336,79.97000122070312,79.72000122070312,79.86000061035156,17180400
2024-04-01,79.72000122070312,79.87000274658203,79.33000183105469,79.5199966430664,15419500
2024-04-02,78.88999938964844,78.95999908447266,78.69000244140625,78.95999908447266,17414900
2024-04-03,78.81999969482422,79.5199966430664,78.80999755859375,79.4000015258789,15898300
2024-04-04,79.91999816894531,79.94999694824219,78.6500015258789,78.72000122070312,19950400
2024-04-05,78.61000061035156,79.12999725341797,78.45999908447266,78.97000122070312,21091800
2024-04-08,79.41999816894531,79.52999877929688,79.22000122070312,79.36000061035156,12350900
2024-04-09,79.7300033569336,79.80000305175781,79.0,79.3499984741211,12469100
2024-04-10,78.20999908447266,78.63999938964844,78.0,78.30000305175781,21567300
2024-04-11,78.56999969482422,78.61000061035156,77.6500015258789,78.51000213623047,11967000
2024-04-12,77.86000061035156,78.08999633789062,77.13999938964844,77.23999786376953,17934600
2024-04-15,78.13999938964844,78.23999786376953,76.88999938964844,77.01000213623047,21610100
2024-04-16,76.38999938964844,76.62000274658203,76.0,76.25,24161800
2024-04-17,76.68000030517578,76.72000122070312,75.95999908447266,76.30000305175781,15748000
2024-04-18,76.2699966430664,76.61000061035156,75.97000122070312,76.08999633789062,12884200
2024-04-19,76.18000030517578,76.41000366210938,75.88999938964844,76.12000274658203,16925000
2024-04-22,76.54000091552734,77.2699966430664,76.47000122070312,77.01000213623047,17314200
2024-04-23,77.2699966430664,77.94999694824219,77.20999908447266,77.8499984741211,13466000
2024-04-24,77.97000122070312,77.97000122070312,77.38999938964844,77.69999694824219,8530000
2024-04-25,76.61000061035156,77.44999694824219,76.41999816894531,77.33999633789062,11479600
2024-04-26,77.68000030517578,78.05999755859375,77.6500015258789,77.95999908447266,12676400
2024-04-29,78.16000366210938,78.4000015258789,78.04000091552734,78.26000213623047,10560000
2024-04-30,78.0,78.22000122070312,77.20999908447266,77.2699966430664,18994300
2024-05-01,77.25,78.0199966430664,76.91000366210938,77.0999984741211,17900300
2024-05-02,77.93000030517578,78.27999877929688,77.5,78.13999938964844,14993300
2024-05-03,78.9800033569336,79.22000122070312,78.44000244140625,78.91999816894531,15055600
2024-05-06,79.30999755859375,79.5199966430664,79.25,79.45999908447266,9411400
2024-05-07,79.72000122070312,79.8499984741211,79.55000305175781,79.66999816894531,9065800
2024-05-08,79.31999969482422,79.5999984741211,79.30000305175781,79.58000183105469,6667500
2024-05-09,79.56999969482422,80.19999694824219,79.56999969482422,80.19000244140625,13256000
2024-05-10,80.45999908447266,80.5199966430664,80.23999786376953,80.33999633789062,8022000
2024-05-13,80.41000366210938,80.55000305175781,80.2300033569336,80.33999633789062,6990500
2024-05-14,80.6500015258789,80.94999694824219,80.56999969482422,80.94000244140625,15228300
2024-05-15,81.31999969482422,81.80000305175781,81.16000366210938,81.80000305175781,10823700
2024-05-16,81.63999938964844,81.70999908447266,81.33000183105469,81.36000061035156,13042100
2024-05-17,81.37999725341797,81.68000030517578,81.26000213623047,81.63999938964844,10219600
2024-05-20,81.72000122070312,81.93000030517578,81.66000366210938,81.69999694824219,5836800
2024-05-21,81.4000015258789,81.62999725341797,81.36000061035156,81.56999969482422,6222000
2024-05-22,81.0199966430664,81.0999984741211,80.58000183105469,80.80000305175781,10721200
2024-05-23,81.5,81.51000213623047,80.23999786376953,80.38999938964844,8805800
2024-05-24,80.80000305175781,81.16999816894531,80.76000213623047,81.05000305175781,9289500
2024-05-28,81.3499984741211,81.37000274658203,80.77999877929688,81.0199966430664,13036500
2024-05-29,79.9800033569336,80.11000061035156,79.70999908447266,79.73999786376953,13662100
2024-05-30,80.23999786376953,80.61000061035156,80.20999908447266,80.41000366210938,7456100
2024-05-31,80.95999908447266,81.22000122070312,80.55999755859375,81.18000030517578,19932400
2024-06-03,81.44000244140625,81.6500015258789,81.08000183105469,81.41000366210938,17127700
2024-06-04,81.2300033569336,81.44000244140625,80.97000122070312,81.30999755859375,12565500
2024-06-05,81.70999908447266,81.91000366210938,81.2699966430664,81.87999725341797,8661500
2024-06-06,81.91000366210938,82.16000366210938,81.86000061035156,82.16000366210938,13195600
2024-06-07,81.44000244140625,81.70999908447266,81.19000244140625,81.2699966430664,21589700
2024-06-10,80.72000122070312,81.30000305175781,80.5999984741211,81.20999908447266,8995400
2024-06-11,78.88999938964844,79.06999969482422,78.47000122070312,78.91000366210938,17004600
2024-06-12,80.18000030517578,80.38999938964844,79.69999694824219,79.83999633789062,15188900
2024-06-13,79.18000030517578,79.18000030517578,78.37999725341797,78.69999694824219,12784200
2024-06-14,77.66000366210938,77.91000366210938,77.36000061035156,77.83000183105469,17500000
2024-06-17,77.62999725341797,78.16000366210938,77.37000274658203,78.13999938964844,13582700
2024-06-18,78.13999938964844,78.4800033569336,78.12000274658203,78.44999694824219,16057100
2024-06-20,78.29000091552734,78.62000274658203,78.20999908447266,78.5,10942900
2024-06-21,77.88999938964844,78.05000305175781,77.66999816894531,77.94999694824219,14237600
2024-06-24,78.58999633789062,78.95999908447266,78.5199966430664,78.56999969482422,12193700
2024-06-25,78.55999755859375,78.87999725341797,78.47000122070312,78.76000213623047,8751700
2024-06-26,78.05999755859375,78.33999633789062,77.94000244140625,78.18000030517578,10509700
2024-06-27,78.31999969482422,78.5199966430664,78.08000183105469,78.23999786376953,14156000
2024-06-28,78.2300033569336,78.56999969482422,78.0,78.33000183105469,17425000
2024-07-01,78.76000213623047,79.02999877929688,78.2699966430664,78.47000122070312,19845700
2024-07-02,78.22000122070312,78.69000244140625,78.1500015258789,78.66000366210938,10331700
2024-07-03,79.25,79.62000274658203,79.25,79.55999755859375,8107900
2024-07-05,80.22000122070312,80.2300033569336,79.5199966430664,80.08999633789062,8408800
2024-07-08,80.13999938964844,80.22000122070312,79.6500015258789,79.69000244140625,6031700
2024-07-09,79.5199966430664,79.58000183105469,79.16999816894531,79.37000274658203,8069800
2024-07-10,80.01000213623047,80.54000091552734,79.97000122070312,80.48999786376953,8189200
2024-07-11,81.04000091552734,81.18000030517578,80.66999816894531,80.72000122070312,8930000
2024-07-12,81.36000061035156,81.87000274658203,81.31999969482422,81.58000183105469,9289700
2024-07-15,81.38999938964844,81.4000015258789,80.79000091552734,80.86000061035156,7418700
2024-07-16,80.6500015258789,81.27999877929688,80.55000305175781,81.25,10902900
2024-07-17,80.8499984741211,81.13999938964844,80.7300033569336,80.81999969482422,11634200
2024-07-18,80.95999908447266,81.04000091552734,79.83999633789062,80.0199966430664,16481500
2024-07-19,79.77999877929688,79.81999969482422,79.44999694824219,79.52999877929688,15570300
2024-07-22,80.23999786376953,80.4000015258789,80.02999877929688,80.37000274658203,13762800
2024-07-23,79.94999694824219,80.08000183105469,79.86000061035156,79.91999816894531,12043000
2024-07-24,79.66999816894531,79.77999877929688,78.87000274658203,78.91000366210938,10698000
2024-07-25,78.23999786376953,79.11000061035156,77.9800033569336,78.41000366210938,17719800
2024-07-26,79.0199966430664,79.55000305175781,78.94000244140625,79.41000366210938,10574700
2024-07-29,79.2300033569336,79.26000213623047,78.81999969482422,79.05999755859375,9305600
2024-07-30,79.37000274658203,79.44999694824219,78.91999816894531,79.23999786376953,8551600
2024-07-31,80.4000015258789,80.70999908447266,80.12000274658203,80.36000061035156,20969400
2024-08-01,79.33999633789062,79.54000091552734,77.8499984741211,78.2300033569336,18129800
2024-08-02,77.16999816894531,77.36000061035156,76.37999725341797,77.0,25136200
2024-08-05,74.2300033569336,75.83000183105469,73.91000366210938,75.31999969482422,28088800
2024-08-06,74.70999908447266,75.9000015258789,74.61000061035156,75.44999694824219,22307500
2024-08-07,76.8499984741211,77.08999633789062,75.7699966430664,75.80999755859375,24592600
2024-08-08,76.55000305175781,77.16000366210938,76.20999908447266,77.08000183105469,14824700
2024-08-09,76.87000274658203,77.38999938964844,76.72000122070312,77.37999725341797,11022700
2024-08-12,77.33000183105469,77.52999877929688,77.05999755859375,77.30999755859375,7988700
2024-08-13,77.88999938964844,78.69999694824219,77.8499984741211,78.63999938964844,11927500
2024-08-14,78.79000091552734,79.0,78.63999938964844,78.93000030517578,7127600
2024-08-15,79.63999938964844,80.05000305175781,79.55999755859375,79.88999938964844,10364200
2024-08-16,79.9800033569336,80.4000015258789,79.95999908447266,80.33000183105469,10287800
2024-08-19,80.80999755859375,81.4000015258789,80.80000305175781,81.30999755859375,6741000
2024-08-20,81.16999816894531,81.36000061035156,80.91000366210938,81.05999755859375,5177900
2024-08-21,81.58000183105469,81.97000122070312,81.4000015258789,81.80999755859375,10653500
2024-08-22,82.11000061035156,82.13999938964844,81.27999877929688,81.33000183105469,7290700
2024-08-23,81.98999786376953,82.87000274658203,81.88999938964844,82.81999969482422,10779000
2024-08-26,82.55999755859375,82.72000122070312,82.36000061035156,82.44999694824219,6719900
2024-08-27,82.6500015258789,82.97000122070312,82.54000091552734,82.83000183105469,9597100
2024-08-28,82.73999786376953,82.91000366210938,82.19999694824219,82.54000091552734,7883900
2024-08-29,82.93000030517578,83.27999877929688,82.70999908447266,82.8499984741211,9112100
2024-08-30,83.12000274658203,83.25,82.58999633789062,82.9800033569336,15627600
2024-09-03,82.55999755859375,82.66000366210938,81.47000122070312,81.66999816894531,9886700
2024-09-04,81.06999969482422,81.69000244140625,80.9800033569336,81.30999755859375,10324400
2024-09-05,81.41000366210938,81.55999755859375,80.97000122070312,81.33000183105469,12147400
2024-09-06,81.12000274658203,81.33000183105469,79.66999816894531,79.80000305175781,12344400
2024-09-09,80.41000366210938,80.9000015258789,80.4000015258789,80.5999984741211,10635000
2024-09-10,80.30999755859375,80.31999969482422,79.58000183105469,80.19999694824219,9742900
2024-09-11,80.2699966430664,80.70999908447266,79.37999725341797,80.68000030517578,12999100
2024-09-12,80.61000061035156,81.37000274658203,80.38999938964844,81.33999633789062,11685600
2024-09-13,81.44999694824219,81.83000183105469,81.38999938964844,81.52999877929688,7340500
2024-09-16,81.87999725341797,82.2300033569336,81.69000244140625,82.19000244140625,9869500
2024-09-17,82.08999633789062,82.13999938964844,81.45999908447266,81.7300033569336,7307300
2024-09-18,81.80999755859375,82.45999908447266,81.29000091552734,81.47000122070312,8454200
2024-09-19,82.95999908447266,83.23999786376953,82.47000122070312,83.08000183105469,9974100
2024-09-20,82.58999633789062,82.61000061035156,81.97000122070312,82.26000213623047,7892400
2024-09-23,82.38999938964844,82.66000366210938,82.3499984741211,82.56999969482422,6997700
2024-09-24,82.81999969482422,83.12000274658203,82.61000061035156,83.05999755859375,6855800
2024-09-25,83.20999908447266,83.2300033569336,82.58999633789062,82.61000061035156,11869000
2024-09-26,84.19000244140625,84.52999877929688,83.8499984741211,84.43000030517578,12875000
2024-09-27,84.2699966430664,84.55999755859375,83.80000305175781,83.91999816894531,10690700
2024-09-30,83.95999908447266,83.97000122070312,83.18000030517578,83.62999725341797,13424400
2024-10-01,83.66000366210938,83.69000244140625,82.56999969482422,83.01000213623047,18430900
2024-10-02,82.86000061035156,83.02999877929688,82.44999694824219,82.83999633789062,8335200
2024-10-03,82.12000274658203,82.27999877929688,81.7699966430664,82.06999969482422,9890500
2024-10-04,82.12999725341797,82.56999969482422,82.05000305175781,82.55000305175781,8536100
2024-10-07,82.30000305175781,82.41000366210938,81.79000091552734,82.08999633789062,7365100
2024-10-08,81.9000015258789,81.97000122070312,81.69000244140625,81.95999908447266,6339100
2024-10-09,81.5199966430664,82.05000305175781,81.45999908447266,81.9800033569336,5370800
2024-10-10,81.7699966430664,81.91000366210938,81.43000030517578,81.87999725341797,5794400
2024-10-11,81.83999633789062,82.37999725341797,81.83000183105469,82.30000305175781,6914900
2024-10-14,82.11000061035156,82.58000183105469,82.01000213623047,82.54000091552734,6646200
2024-10-15,82.23999786376953,82.26000213623047,81.0999984741211,81.16999816894531,17667300
2024-10-16,81.37999725341797,81.45999908447266,81.22000122070312,81.37999725341797,5931800
2024-10-17,81.68000030517578,81.70999908447266,81.30999755859375,81.38999938964844,8904600
2024-10-18,81.80999755859375,81.97000122070312,81.62000274658203,81.94000244140625,5863100
2024-10-21,81.48999786376953,81.55000305175781,80.83000183105469,80.97000122070312,8009100
2024-10-22,80.44000244140625,80.62999725341797,80.37000274658203,80.51000213623047,5844200
2024-10-23,79.79000091552734,79.97000122070312,79.3499984741211,79.69999694824219,7556000
2024-10-24,80.33000183105469,80.3499984741211,79.80000305175781,80.1500015258789,6522400
2024-10-25,80.33999633789062,80.45999908447266,79.75,79.87999725341797,9288100
2024-10-28,80.23999786376953,80.62999725341797,80.18000030517578,80.5199966430664,6985000
2024-10-29,80.25,80.41999816894531,80.05000305175781,80.2300033569336,8778400
2024-10-30,79.56999969482422,80.05999755859375,79.51000213623047,79.70999908447266,8828100
2024-10-31,79.31999969482422,79.31999969482422,78.47000122070312,79.22000122070312,19247600
2024-11-01,79.6500015258789,79.86000061035156,79.30999755859375,79.37999725341797,9951300
2024-11-04,79.81999969482422,80.02999877929688,79.38999938964844,79.44000244140625,10280100
2024-11-05,79.6500015258789,80.30000305175781,79.58999633789062,80.2300033569336,9596400
2024-11-06,79.05000305175781,79.16000366210938,78.41999816894531,79.06999969482422,11746200
2024-11-07,79.9800033569336,80.33999633789062,79.83999633789062,80.2699966430664,11634100
2024-11-08,79.37999725341797,79.37999725341797,78.77999877929688,79.16000366210938,11540300
2024-11-11,79.41000366210938,79.44999694824219,79.0999984741211,79.18000030517578,5839600
2024-11-12,78.41999816894531,78.41999816894531,77.31999969482422,77.70999908447266,16613700
2024-11-13,77.4000015258789,77.45999908447266,76.80000305175781,77.25,14828900
2024-11-14,77.80999755859375,77.97000122070312,77.33000183105469,77.41000366210938,19039000
2024-11-15,77.30999755859375,77.33000183105469,76.95999908447266,77.12999725341797,15433500
2024-11-18,77.06999969482422,77.69000244140625,77.0199966430664,77.55000305175781,7772600
2024-11-19,76.9000015258789,77.5999984741211,76.79000091552734,77.44999694824219,13402300
2024-11-20,77.12999725341797,77.23999786376953,76.69999694824219,77.23999786376953,12442000
2024-11-21,77.12000274658203,77.37999725341797,76.8499984741211,77.26000213623047,9161200
2024-11-22,77.16999816894531,77.69999694824219,77.16000366210938,77.55999755859375,16809800
2024-11-25,78.16000366210938,78.2699966430664,77.72000122070312,77.95999908447266,24934100
2024-11-26,77.83000183105469,77.8499984741211,77.2699966430664,77.51000213623047,9360800
2024-11-27,77.83999633789062,78.08000183105469,77.69000244140625,77.93000030517578,7477900
2024-11-29,78.23999786376953,79.01000213623047,78.20999908447266,78.97000122070312,11643900
2024-12-02,79.08000183105469,79.33000183105469,78.56999969482422,79.19000244140625,15721100
2024-12-03,79.70999908447266,79.87000274658203,79.4000015258789,79.63999938964844,13289900
2024-12-04,79.73999786376953,79.87999725341797,79.58000183105469,79.69999694824219,10434400
2024-12-05,80.0999984741211,80.22000122070312,79.94000244140625,80.08999633789062,11910800
2024-12-06,80.38999938964844,80.38999938964844,79.9000015258789,80.08000183105469,7072500
2024-12-09,80.52999877929688,80.62999725341797,80.0,80.02999877929688,7801100
2024-12-10,79.83000183105469,79.8499984741211,79.29000091552734,79.30999755859375,10662800
2024-12-11,79.7300033569336,79.87000274658203,79.48999786376953,79.80999755859375,11858900
2024-12-12,79.38999938964844,79.70999908447266,79.05000305175781,79.11000061035156,8623800
2024-12-13,79.20999908447266,79.20999908447266,78.68000030517578,78.88999938964844,10116600
2024-12-16,78.58000183105469,78.9000015258789,78.5,78.62999725341797,25547700
2024-12-17,77.43000030517578,77.70999908447266,77.37000274658203,77.44999694824219,13934900
2024-12-18,77.37999725341797,77.54000091552734,75.41000366210938,75.55000305175781,16470400
2024-12-19,75.80000305175781,75.87000274658203,75.26000213623047,75.30999755859375,17486600
2024-12-20,74.37999725341797,75.7300033569336,74.37000274658203,75.0999984741211,20878200
2024-12-23,75.23999786376953,75.63999938964844,74.94000244140625,75.58999633789062,10491200
2024-12-24,75.62000274658203,75.91999816894531,75.43000030517578,75.86000061035156,5585200
2024-12-26,75.98999786376953,76.3499984741211,75.93000030517578,76.22000122070312,10784900
2024-12-27,76.08000183105469,76.27999877929688,75.83000183105469,76.11000061035156,15819700
2024-12-30,75.63999938964844,75.87999725341797,75.27999877929688,75.61000061035156,16427600
2024-12-31,75.86000061035156,75.9800033569336,75.44000244140625,75.61000061035156,21393500
2025-01-02,75.69999694824219,75.87000274658203,75.13999938964844,75.3499984741211,12756600
2025-01-03,75.52999877929688,75.73999786376953,75.23999786376953,75.68000030517578,12548800
2025-01-06,76.33000183105469,76.88999938964844,76.25,76.4000015258789,16201800
2025-01-07,77.05999755859375,77.05999755859375,76.2300033569336,76.33999633789062,9393200
2025-01-08,75.9000015258789,76.33000183105469,75.68000030517578,76.22000122070312,7894800
2025-01-10,75.6500015258789,75.66999816894531,74.9000015258789,75.05999755859375,12021900
2025-01-13,74.25,74.88999938964844,74.23999786376953,74.8499984741211,12019700
2025-01-14,75.0199966430664,75.26000213623047,74.76000213623047,75.12000274658203,9963200
2025-01-15,76.19999694824219,76.26000213623047,75.76000213623047,76.08000183105469,12144700
2025-01-16,76.25,76.69000244140625,76.08999633789062,76.47000122070312,17925700
2025-01-17,76.86000061035156,77.19000244140625,76.68000030517578,76.77999877929688,10667100
2025-01-21,77.80000305175781,78.3499984741211,77.68000030517578,78.33000183105469,13169100
2025-01-22,78.48999786376953,78.5,78.12000274658203,78.1500015258789,8666700
2025-01-23,78.33999633789062,78.79000091552734,78.19000244140625,78.79000091552734,10977200
2025-01-24,79.1500015258789,79.45999908447266,79.08000183105469,79.2300033569336,7578400
2025-01-27,78.83999633789062,79.2699966430664,78.81999969482422,79.2300033569336,13559100
2025-01-28,79.11000061035156,79.18000030517578,78.66000366210938,79.12999725341797,9458300
2025-01-29,79.13999938964844,79.36000061035156,78.8499984741211,79.12000274658203,7875400
2025-01-30,79.87999725341797,80.31999969482422,79.63999938964844,79.98999786376953,13792100
2025-01-31,79.86000061035156,80.16999816894531,79.16999816894531,79.23999786376953,14935000
2025-02-03,77.91000366210938,78.80000305175781,77.6500015258789,78.30999755859375,14997600
2025-02-04,78.79000091552734,79.30000305175781,78.70999908447266,79.22000122070312,10608300
2025-02-05,79.70999908447266,80.08000183105469,79.55000305175781,79.98999786376953,7857000
2025-02-06,80.25,80.54000091552734,80.19000244140625,80.37000274658203,7806500
2025-02-07,80.41999816894531,80.4800033569336,79.4800033569336,79.61000061035156,13110800
2025-02-10,79.9800033569336,80.18000030517578,79.91999816894531,80.1500015258789,7287300
2025-02-11,80.05999755859375,80.61000061035156,80.02999877929688,80.52999877929688,7583700
2025-02-12,80.01000213623047,80.98999786376953,79.88999938964844,80.83000183105469,17271400
2025-02-13,81.19999694824219,81.8499984741211,81.12000274658203,81.80999755859375,17212300
2025-02-14,82.2699966430664,82.3499984741211,81.91000366210938,81.93000030517578,8051800
2025-02-18,82.47000122070312,82.62999725341797,82.31999969482422,82.5199966430664,9485900
2025-02-19,81.6500015258789,81.80000305175781,81.37999725341797,81.66999816894531,11042200
2025-02-20,81.91000366210938,82.0999984741211,81.58000183105469,82.05000305175781,9177400
2025-02-21,82.12000274658203,82.13999938964844,81.37999725341797,81.54000091552734,11630000
2025-02-24,81.87000274658203,81.98999786376953,81.33999633789062,81.48999786376953,11135700
2025-02-25,82.51000213623047,82.51000213623047,81.87999725341797,82.2300033569336,10091400
2025-02-26,82.47000122070312,82.98999786376953,82.16999816894531,82.33999633789062,11254600
2025-02-27,82.11000061035156,82.11000061035156,81.36000061035156,81.41000366210938,19003200
2025-02-28,81.33000183105469,81.6500015258789,80.80999755859375,81.58000183105469,20717700
2025-03-03,83.16999816894531,83.38999938964844,82.02999877929688,82.4800033569336,16234700
2025-03-04,81.88999938964844,83.33000183105469,81.20999908447266,82.45999908447266,18408500
2025-03-05,83.58000183105469,84.56999969482422,83.58000183105469,84.43000030517578,17092500
2025-03-06,83.80999755859375,84.48999786376953,83.5,83.55999755859375,18421000
2025-03-07,83.70999908447266,84.54000091552734,83.54000091552734,84.43000030517578,13184300
2025-03-10,83.04000091552734,83.33999633789062,81.87999725341797,82.44000244140625,19368400
2025-03-11,82.52999877929688,82.6500015258789,81.61000061035156,82.16000366210938,18088800
2025-03-12,82.70999908447266,82.93000030517578,82.18000030517578,82.75,15886300
2025-03-13,82.2699966430664,82.5,81.94000244140625,82.19999694824219,18561400
2025-03-14,83.0,83.7300033569336,82.8499984741211,83.70999908447266,13971300
2025-03-17,83.93000030517578,84.77999877929688,83.87000274658203,84.6500015258789,12966800
2025-03-18,84.58000183105469,84.7699966430664,84.1500015258789,84.63999938964844,10513400
2025-03-19,84.33999633789062,85.19000244140625,84.27999877929688,84.88999938964844,16362400
2025-03-20,83.66999816894531,84.25,83.6500015258789,84.18000030517578,11820500
2025-03-21,83.55000305175781,83.81999969482422,83.37000274658203,83.66000366210938,18771200
2025-03-24,83.58999633789062,83.83000183105469,83.3499984741211,83.6500015258789,12201700
2025-03-25,84.22000122070312,84.31999969482422,83.91000366210938,84.11000061035156,10478200
2025-03-26,83.55000305175781,83.77999877929688,82.87999725341797,83.0199966430664,17010400
2025-03-27,82.88999938964844,83.38999938964844,82.8499984741211,83.19999694824219,10331900
2025-03-28,82.79000091552734,82.88999938964844,82.29000091552734,82.45999908447266,14242300
2025-03-31,81.2699966430664,81.87999725341797,80.91999816894531,81.7300033569336,25560500
2025-04-01,81.77999877929688,82.11000061035156,81.3499984741211,81.8499984741211,15154000
2025-04-02,81.25,82.12999725341797,81.19000244140625,82.04000091552734,14451600
2025-04-03,81.23999786376953,81.44000244140625,80.22000122070312,80.31999969482422,18718400
2025-04-04,77.25,77.5199966430664,74.97000122070312,75.0199966430664,40904300
2025-04-07,72.69000244140625,76.25,72.1500015258789,73.20999908447266,63057500
2025-04-08,75.83000183105469,75.91999816894531,72.22000122070312,72.95999908447266,36425000
2025-04-09,73.16000366210938,78.86000061035156,72.76000213623047,78.58999633789062,60645100
2025-04-10,77.19999694824219,77.48999786376953,75.29000091552734,77.04000091552734,36697600
2025-04-11,77.33999633789062,79.1500015258789,77.22000122070312,78.97000122070312,28909900
2025-04-14,79.44999694824219,80.23999786376953,79.16999816894531,79.81999969482422,15749900
2025-04-15,80.44999694824219,80.91000366210938,80.36000061035156,80.54000091552734,13679800
2025-04-16,80.55000305175781,81.05999755859375,79.94000244140625,80.2300033569336,16542600
2025-04-17,80.95999908447266,81.58999633789062,80.80999755859375,81.0999984741211,14072500
2025-04-21,81.47000122070312,81.55999755859375,80.08999633789062,80.66000366210938,15883900
2025-04-22,81.7699966430664,82.69999694824219,81.75,82.33000183105469,14923200
2025-04-23,83.12000274658203,83.62999725341797,82.43000030517578,82.66000366210938,15223500
2025-04-24,83.02999877929688,83.79000091552734,82.88999938964844,83.76000213623047,11194200
2025-04-25,83.5999984741211,84.1500015258789,83.4800033569336,84.12000274658203,10485300
2025-04-28,84.2300033569336,84.7699966430664,84.1500015258789,84.68000030517578,10085400
2025-04-29,84.58999633789062,85.02999877929688,84.55999755859375,84.8499984741211,8303800
2025-04-30,84.27999877929688,85.01000213623047,83.86000061035156,84.75,24147900
2025-05-01,84.9800033569336,84.98999786376953,84.37000274658203,84.4800033569336,10070900
2025-05-02,85.95999908447266,86.30000305175781,85.80999755859375,86.0999984741211,14798400
2025-05-05,86.37000274658203,86.4800033569336,86.2300033569336,86.25,8119800
2025-05-06,86.20999908447266,86.44000244140625,86.05000305175781,86.13999938964844,8661700
2025-05-07,85.93000030517578,86.19000244140625,85.58999633789062,85.8499984741211,8536600
2025-05-08,86.08999633789062,86.08999633789062,85.5,85.55000305175781,12228300
2025-05-09,86.20999908447266,86.20999908447266,85.73999786376953,85.97000122070312,9149000
2025-05-12,86.08999633789062,86.41999816894531,85.6500015258789,86.41000366210938,12602500
2025-05-13,86.30000305175781,86.7300033569336,86.19999694824219,86.5199966430664,13242900
2025-05-14,86.80999755859375,86.83000183105469,86.04000091552734,86.0999984741211,10173300
2025-05-15,86.72000122070312,87.0999984741211,86.5,87.04000091552734,11283200
2025-05-16,86.94000244140625,87.27999877929688,86.7699966430664,87.23999786376953,8372100
2025-05-19,87.23999786376953,88.08000183105469,87.22000122070312,88.06999969482422,9062900
2025-05-20,88.26000213623047,88.52999877929688,88.20999908447266,88.48999786376953,23335500
2025-05-21,88.5999984741211,88.88999938964844,87.93000030517578,87.97000122070312,15278800
2025-05-22,87.62999725341797,88.1500015258789,87.48999786376953,87.91999816894531,12787300
2025-05-23,87.19999694824219,88.19999694824219,87.1500015258789,88.04000091552734,16959600
2025-05-27,89.30000305175781,89.45999908447266,89.12000274658203,89.31999969482422,12435700
2025-05-28,88.44999694824219,88.55000305175781,88.12000274658203,88.29000091552734,16812400
2025-05-29,88.73999786376953,88.75,88.25,88.68000030517578,11454200
2025-05-30,88.75,88.9000015258789,88.16999816894531,88.80999755859375,18590200
2025-06-02,88.97000122070312,89.79000091552734,88.66999816894531,89.76000213623047,25710500
2025-06-03,88.86000061035156,89.16999816894531,88.62999725341797,89.08000183105469,11787400
2025-06-04,89.29000091552734,89.75,89.2300033569336,89.4800033569336,11593300
2025-06-05,89.76000213623047,89.86000061035156,89.2300033569336,89.41999816894531,14543100
2025-06-06,89.62000274658203,89.8499984741211,89.5,89.73999786376953,10301000
2025-06-09,89.62000274658203,90.0,89.55999755859375,89.7300033569336,9641600
2025-06-10,90.05000305175781,90.08999633789062,89.6500015258789,89.8499984741211,10254100
2025-06-11,90.01000213623047,90.16000366210938,89.63999938964844,89.69999694824219,12329600
2025-06-12,90.1999969482422,90.51000213623048,90.1500015258789,90.38999938964844,13288000
2025-06-13,89.22000122070312,89.72000122070312,89.0199966430664,89.2300033569336,22177100
2025-06-16,88.41000366210938,88.86000061035156,88.04000091552734,88.04000091552734,17843400
2025-06-17,87.66999816894531,87.75,86.86000061035156,86.95999908447266,16726300
2025-06-18,87.20999908447266,87.58999633789062,86.9000015258789,87.11000061035156,18504400
2025-06-20,87.04000091552734,87.05000305175781,86.30999755859375,86.33000183105469,16900600
2025-06-23,85.73999786376953,87.01000213623047,85.68000030517578,86.9800033569336,23100600
2025-06-24,87.66000366210938,88.16999816894531,87.55999755859375,88.04000091552734,14900600
2025-06-25,87.56999969482422,87.68000030517578,87.36000061035156,87.55999755859375,14422100
2025-06-26,88.23999786376953,88.61000061035156,88.12999725341797,88.54000091552734,15791500
2025-06-27,89.18000030517578,89.62000274658203,88.95999908447266,89.33999633789062,15987700
2025-06-30,89.12000274658203,89.48999786376953,88.94999694824219,89.38999938964844,28062100
2025-07-01,89.11000061035156,89.38999938964844,89.02999877929688,89.23999786376953,11406100
2025-07-02,88.97000122070312,89.55999755859375,88.83999633789062,89.5,13133600
2025-07-03,89.44000244140625,89.68000030517578,89.38999938964844,89.5199966430664,5311100
2025-07-07,88.94000244140625,89.0999984741211,88.30000305175781,88.55000305175781,12925000
2025-07-08,88.69999694824219,89.29000091552734,88.5999984741211,89.19999694824219,9061400
2025-07-09,89.58999633789062,89.9000015258789,89.37999725341797,89.87000274658203,8699900
2025-07-10,89.62999725341797,89.87999725341797,89.43000030517578,89.80999755859375,8554400
2025-07-11,89.0999984741211,89.12999725341797,88.80999755859375,88.94999694824219,8468000
2025-07-14,88.6500015258789,89.0199966430664,88.56999969482422,88.94999694824219,7969900
2025-07-15,88.95999908447266,88.97000122070312,87.95999908447266,88.0199966430664,10572000
2025-07-16,87.9800033569336,88.44000244140625,87.72000122070312,88.37999725341797,16776500
2025-07-17,88.1500015258789,88.62000274658203,88.08999633789062,88.61000061035156,9542000
2025-07-18,89.0199966430664,89.02999877929688,88.27999877929688,88.36000061035156,11044700
2025-07-21,88.77999877929688,89.27999877929688,88.61000061035156,88.83000183105469,9324000
2025-07-22,88.93000030517578,89.38999938964844,88.70999908447266,89.31999969482422,12134300
2025-07-23,90.54000091552734,91.56999969482422,90.48999786376952,91.54000091552734,18088200
2025-07-24,91.06999969482422,91.2699966430664,90.86000061035156,90.86000061035156,12025500
2025-07-25,90.19000244140624,90.76000213623048,90.08999633789062,90.75,9583200
2025-07-28,89.80999755859375,89.86000061035156,89.0999984741211,89.29000091552734,13654000
2025-07-29,89.30000305175781,89.30000305175781,88.93000030517578,89.11000061035156,11888600
2025-07-30,88.83000183105469,89.08000183105469,88.13999938964844,88.47000122070312,14623000
2025-07-31,88.0999984741211,88.13999938964844,87.3499984741211,87.5199966430664,29271500
2025-08-01,87.27999877929688,87.43000030517578,86.73999786376953,87.29000091552734,18658100
2025-08-04,88.2300033569336,88.47000122070312,88.11000061035156,88.44999694824219,14718100
2025-08-05,88.5999984741211,88.63999938964844,88.16999816894531,88.44000244140625,11634100
2025-08-06,88.83999633789062,89.16999816894531,88.7699966430664,89.0199966430664,11499900
2025-08-07,90.0199966430664,90.08999633789062,89.44000244140625,89.81999969482422,11525600
2025-08-08,90.1500015258789,90.52999877929688,90.08000183105467,90.37000274658205,10367200
2025-08-11,90.12000274658205,90.1999969482422,89.87999725341797,89.98999786376953,8516600
2025-08-12,90.38999938964844,91.1500015258789,90.27999877929688,91.08999633789062,12302700
2025-08-13,91.38999938964844,91.66000366210938,91.37000274658205,91.63999938964844,9490500
2025-08-14,91.2300033569336,91.68000030517578,91.1999969482422,91.6500015258789,11790600
2025-08-15,92.22000122070312,92.27999877929688,92.04000091552734,92.19000244140624,11864300
2025-08-18,91.9499969482422,92.13999938964844,91.8000030517578,92.08999633789062,11577800
2025-08-19,92.33000183105467,92.48999786376952,92.0199966430664,92.0999984741211,10721600
2025-08-20,92.2699966430664,92.45999908447266,92.11000061035156,92.43000030517578,15871100
2025-08-21,91.91999816894533,92.06999969482422,91.69000244140624,91.8499984741211,11258900
2025-08-22,92.20999908447266,93.37999725341795,92.18000030517578,93.2300033569336,15827500
2025-08-25,92.79000091552734,92.9499969482422,91.9800033569336,92.0,11700800
2025-08-26,91.73999786376952,91.9499969482422,91.66999816894533,91.9000015258789,11788900
2025-08-27,91.22000122070312,91.72000122070312,91.04000091552734,91.68000030517578,13054200
2025-08-28,92.0,92.13999938964844,91.83000183105467,92.0199966430664,11136400
2025-08-29,91.52999877929688,91.6500015258789,91.33000183105467,91.4800033569336,18544500
2025-09-02,90.0999984741211,90.73999786376952,90.04000091552734,90.58000183105467,15496100
2025-09-03,90.4499969482422,90.8000030517578,90.37000274658205,90.72000122070312,14418600
2025-09-04,91.0,91.4000015258789,90.94000244140624,91.37999725341795,10348000
2025-09-05,92.12000274658205,92.38999938964844,91.5,91.79000091552734,15510600
2025-09-08,92.45999908447266,92.73999786376952,92.23999786376952,92.70999908447266,12010700
2025-09-09,92.33000183105467,92.5,92.1500015258789,92.4000015258789,10893200
2025-09-10,92.6500015258789,92.7699966430664,92.2699966430664,92.37999725341795,11838300
2025-09-11,92.77999877929688,93.38999938964844,92.75,93.36000061035156,11013000
2025-09-12,92.98999786376952,93.12999725341795,92.7699966430664,92.98999786376952,10010500
2025-09-15,93.4499969482422,93.68000030517578,93.31999969482422,93.61000061035156,18108000
2025-09-16,93.5199966430664,93.54000091552734,93.08000183105467,93.3499984741211,25226900
2025-09-17,93.23999786376952,93.7699966430664,92.61000061035156,93.0,17013600
2025-09-18,93.0999984741211,93.4800033569336,92.81999969482422,93.36000061035156,15791600
2025-09-19,93.04000091552734,93.1500015258789,92.76000213623048,93.0,21889300
2025-09-22,92.95999908447266,93.33999633789062,92.7300033569336,93.3000030517578,13692200
2025-09-23,93.51000213623048,93.66999816894533,93.0199966430664,93.12000274658205,14688400
2025-09-24,92.69000244140624,92.91999816894533,92.45999908447266,92.58000183105467,14910700
2025-09-25,91.9499969482422,92.0199966430664,91.52999877929688,91.91999816894533,22434600
2025-09-26,92.30999755859376,92.63999938964844,92.2300033569336,92.62999725341795,18138000
2025-09-29,92.91999816894533,93.05999755859376,92.7699966430664,92.98999786376952,13807100
2025-09-30,92.88999938964844,93.45999908447266,92.86000061035156,93.37000274658205,24295000
2025-10-01,93.87999725341795,94.2699966430664,93.86000061035156,94.13999938964844,17167900
2025-10-02,94.54000091552734,94.5999984741211,93.87000274658205,94.29000091552734,15300500
2025-10-03,94.97000122070312,95.2699966430664,94.8499984741211,95.08000183105467,13985500
2025-10-06,95.25,95.52999877929688,95.1500015258789,95.3000030517578,12812500
2025-10-07,94.95999908447266,95.01000213623048,94.43000030517578,94.47000122070312,9075000
2025-10-08,94.79000091552734,94.93000030517578,94.5500030517578,94.75,11159400
2025-10-09,94.79000091552734,94.79000091552734,93.73999786376952,93.97000122070312,10567900
2025-10-10,93.69000244140624,93.7699966430664,92.12000274658205,92.23999786376952,26137200
2025-10-13,92.6500015258789,93.08000183105467,92.52999877929688,92.9800033569336,11132900
2025-10-14,92.4499969482422,93.68000030517578,92.33999633789062,93.4000015258789,15119000
2025-10-15,93.86000061035156,94.12999725341795,93.31999969482422,93.8499984741211,15005400
2025-10-16,94.41999816894533,94.73999786376952,94.0,94.33999633789062,24970300
2025-10-17,94.04000091552734,94.56999969482422,93.91999816894533,94.51000213623048,16789400
2025-10-20,94.9499969482422,95.37999725341795,94.93000030517578,95.29000091552734,12951100
2025-10-21,94.86000061035156,95.0,94.5500030517578,94.58999633789062,16644300
2025-10-22,94.5999984741211,94.76000213623048,94.0500030517578,94.4499969482422,15028600
2025-10-23,94.62000274658205,95.0,94.62000274658205,94.88999938964844,10584400
2025-10-24,95.08000183105467,95.20999908447266,94.94000244140624,95.04000091552734,8967800
2025-10-27,95.55999755859376,95.7300033569336,95.4800033569336,95.6999969482422,10612600
2025-10-28,95.62999725341795,95.9499969482422,95.47000122070312,95.66000366210938,9187600
2025-10-29,95.66000366210938,95.75,94.6500015258789,95.12000274658205,17914300
2025-10-30,94.56999969482422,95.08000183105467,94.5,94.6999969482422,13967800
2025-10-31,94.58999633789062,94.61000061035156,94.12999725341795,94.48999786376952,19459200
2025-11-03,94.55999755859376,94.63999938964844,94.26000213623048,94.52999877929688,10681400
2025-11-04,93.52999877929688,94.02999877929688,93.4499969482422,93.55999755859376,10349000
2025-11-05,93.68000030517578,94.31999969482422,93.66999816894533,94.16000366210938,12451300
2025-11-06,94.2699966430664,94.36000061035156,93.70999908447266,93.9499969482422,16176000
2025-11-07,93.56999969482422,94.31999969482422,93.33999633789062,94.3000030517578,13976900
2025-11-10,94.86000061035156,95.3499984741211,94.58999633789062,95.29000091552734,15682400
2025-11-11,95.66999816894533,96.13999938964844,95.66999816894533,95.98999786376952,12959400
2025-11-12,96.30999755859376,96.69000244140624,96.30999755859376,96.55999755859376,9532200
2025-11-13,96.3499984741211,96.45999908447266,95.43000030517578,95.52999877929688,15864800
2025-11-14,94.87999725341795,95.52999877929688,94.77999877929688,95.26000213623048,17396400
2025-11-17,94.5999984741211,94.87999725341795,93.68000030517578,94.0199966430664,18850900
2025-11-18,92.80999755859376,93.1500015258789,92.3000030517578,92.8000030517578,22482300
2025-11-19,92.70999908447266,93.06999969482422,92.13999938964844,92.5199966430664,15425200
2025-11-20,93.12999725341795,93.25,91.20999908447266,91.23999786376952,26720600
2025-11-21,92.0999984741211,92.9000015258789,91.76000213623048,92.6500015258789,27211400
2025-11-24,92.4499969482422,92.87999725341795,92.33999633789062,92.7300033569336,18550900
2025-11-25,93.12999725341795,93.87999725341795,92.88999938964844,93.83999633789062,19903700
2025-11-26,94.26000213623048,95.01000213623048,94.2300033569336,94.87000274658205,13481200
2025-11-28,94.83999633789062,95.22000122070312,94.73999786376952,95.19000244140624,8136000
2025-12-01,94.91999816894533,95.1500015258789,94.69000244140624,94.72000122070312,21791500
2025-12-02,95.08000183105467,95.12999725341795,94.75,95.04000091552734,14267600
2025-12-03,95.12000274658205,95.58999633789062,95.0999984741211,95.5500030517578,14439800
2025-12-04,96.08000183105467,96.18000030517578,95.6500015258789,95.80999755859376,13862900
2025-12-05,96.0999984741211,96.2300033569336,95.63999938964844,95.80999755859376,15829800
2025-12-08,95.81999969482422,95.81999969482422,95.36000061035156,95.51000213623048,13589200
2025-12-09,95.5999984741211,95.83000183105467,95.36000061035156,95.37999725341795,15966700
2025-12-10,95.55999755859376,96.5999984741211,95.5,96.44000244140624,21171700
2025-12-11,96.72000122070312,97.1500015258789,96.62999725341795,97.01000213623048,19221400
2025-12-12,97.05999755859376,97.18000030517578,96.1500015258789,96.5,20514900
2025-12-15,97.30999755859376,97.41999816894533,96.87000274658205,97.08999633789062,22751500
2025-12-16,95.13999938964844,95.2300033569336,94.5999984741211,94.91999816894533,29380500
2025-12-17,94.7300033569336,94.9499969482422,94.12999725341795,94.1500015258789,34926000
2025-12-18,94.9499969482422,95.30999755859376,94.58000183105467,94.81999969482422,29971400
2025-12-19,95.26000213623048,95.7300033569336,95.20999908447266,95.45999908447266,31094700
2025-12-22,95.47000122070312,95.76000213623048,95.4000015258789,95.6999969482422,15861200
2025-12-23,96.27999877929688,96.44000244140624,96.16999816894533,96.29000091552734,16485700
2025-12-24,96.33000183105467,96.45999908447266,96.19000244140624,96.41000366210938,5609700
2025-12-26,96.52999877929688,96.5999984741211,96.33999633789062,96.56999969482422,9304200
2025-12-29,96.26000213623048,96.47000122070312,96.05999755859376,96.27999877929688,16705400
2025-12-30,96.62999725341795,96.8000030517578,96.41999816894533,96.44000244140624,15877000
2025-12-31,96.33000183105467,96.38999938964844,95.91999816894533,96.02999877929688,27618000
2026-01-02,97.02999877929688,97.11000061035156,96.51000213623048,97.04000091552734,42922400
2026-01-05,97.26000213623048,98.1500015258789,97.2300033569336,98.1500015258789,25187000
2026-01-06,98.30999755859376,98.4800033569336,98.12999725341795,98.3000030517578,14557900
2026-01-07,98.13999938964844,98.20999908447266,97.83999633789062,97.93000030517578,15468900
2026-01-08,97.55999755859376,97.9499969482422,97.52999877929688,97.94000244140624,14090500
2026-01-09,98.41999816894533,98.88999938964844,98.33000183105467,98.80999755859376,16001700
2026-01-12,99.1500015258789,99.44000244140624,99.12000274658205,99.41000366210938,15313500
2026-01-13,99.2300033569336,99.25,98.6500015258789,98.83999633789062,17697700
2026-01-14,99.19000244140624,99.37000274658205,98.9800033569336,99.3000030517578,19947400
2026-01-15,99.62000274658205,99.62000274658205,99.22000122070312,99.26000213623048,24662400
2026-01-16,99.41999816894533,99.54000091552734,99.05999755859376,99.52999877929688,18699200
2026-01-20,98.0,98.69000244140624,97.86000061035156,98.0199966430664,26893300
2026-01-21,98.2699966430664,99.27999877929688,97.88999938964844,99.02999877929688,26150500
2026-01-22,99.38999938964844,99.66999816894533,99.18000030517578,99.41999816894533,16592800
2026-01-23,99.16999816894533,100.0,99.0,99.97000122070312,16753500
2026-01-26,100.54000091552734,100.83000183105467,100.45999908447266,100.47000122070312,14959300
2026-01-27,101.47000122070312,102.31999969482422,101.43000030517578,102.08999633789062,19754300
2026-01-28,101.19000244140624,101.36000061035156,100.55999755859376,101.01000213623048,21938700
2026-01-29,102.0199966430664,102.0999984741211,100.55999755859376,101.69000244140624,29236200
2026-01-30,101.3499984741211,101.54000091552734,100.37000274658205,100.73999786376952,27813400
2026-02-02,100.87999725341795,101.5500030517578,100.81999969482422,101.4000015258789,21725500
2026-02-03,101.13999938964844,101.66000366210938,100.63999938964844,101.4499969482422,23625500
2026-02-04,102.47000122070312,102.66999816894533,101.37000274658205,101.77999877929688,25576700
2026-02-05,100.62000274658205,101.1500015258789,100.2699966430664,100.33000183105467,22760200
2026-02-06,101.69000244140624,102.6500015258789,101.63999938964844,102.61000061035156,17343700
2026-02-09,103.2300033569336,104.16999816894533,103.12000274658205,103.98999786376952,20137400
2026-02-10,104.58000183105467,104.66999816894533,104.23999786376952,104.23999786376952,16861700
2026-02-11,104.83999633789062,105.16999816894533,104.16000366210938,104.94000244140624,20493500
2026-02-12,105.08999633789062,105.23999786376952,103.80999755859376,104.1500015258789,29385300
2026-02-13,103.87999725341795,104.43000030517578,103.4499969482422,104.23999786376952,22651300
2026-02-17,103.36000061035156,104.33999633789062,103.0199966430664,104.22000122070312,19647200
2026-02-18,104.37000274658205,104.91000366210938,104.12000274658205,104.33999633789062,16099000
2026-02-19,103.54000091552734,104.08999633789062,103.37000274658205,104.0500030517578,15994100
2026-02-20,103.86000061035156,105.0500030517578,103.86000061035156,104.9000015258789,25737500
2026-02-23,104.80999755859376,105.11000061035156,104.19000244140624,104.47000122070312,14151800
2026-02-24,104.16999816894533,104.91999816894533,104.08000183105467,104.66000366210938,17358000
2026-02-25,105.26000213623048,105.8000030517578,105.1500015258789,105.66000366210938,14783800
2026-02-26,105.63999938964844,105.72000122070312,104.87000274658205,105.56999969482422,28482700
2026-02-27,105.5199966430664,105.94000244140624,105.26000213623048,105.37999725341795,25575500
2026-03-02,102.76000213623048,103.7300033569336,102.72000122070312,103.3000030517578,38046600
2026-03-03,98.6500015258789,100.55999755859376,97.75,100.08999633789062,52567300
2026-03-04,100.79000091552734,101.48999786376952,100.4000015258789,101.37999725341795,30766400
2026-03-05,99.77999877929688,100.2699966430664,98.22000122070312,99.16000366210938,34508300
2026-03-06,97.2699966430664,98.69000244140624,97.05999755859376,98.27999877929688,27734400
2026-03-09,96.77999877929688,99.41000366210938,95.9800033569336,98.98999786376952,37484700
2026-03-10,99.73999786376952,100.87999725341795,99.06999969482422,99.22000122070312,44802900
2026-03-11,98.63999938964844,99.37999725341795,98.29000091552734,99.01000213623048,21345300
2026-03-12,98.04000091552734,98.12999725341795,97.01000213623048,97.45999908447266,34724600
2026-03-13,97.66999816894533,98.11000061035156,96.13999938964844,96.3000030517578,27628100
2026-03-16,97.63999938964844,98.31999969482422,97.4499969482422,98.0999984741211,17384000
2026-03-17,98.73999786376952,98.97000122070312,98.23999786376952,98.37000274658205,16411500
2026-03-18,97.80999755859376,98.01000213623048,96.61000061035156,96.69000244140624,26644800
2026-03-19,94.94000244140624,97.11000061035156,94.8000030517578,96.5199966430664,34858300
2026-03-20,96.12999725341795,96.12999725341795,93.08000183105467,93.58999633789062,45493400
2026-03-23,95.52999877929688,97.0199966430664,94.9499969482422,95.83999633789062,40781200
2026-03-24,94.48999786376952,95.80999755859376,94.3499984741211,95.2699966430664,22695800
2026-03-25,96.91999816894533,97.1500015258789,96.1500015258789,96.66000366210938,20476300
2026-03-26,95.47000122070312,96.2300033569336,94.62000274658205,94.66000366210938,19676500
2026-03-27,94.29000091552734,94.83999633789062,93.5199966430664,93.8000030517578,22341100
2026-03-30,94.72000122070312,94.9800033569336,93.66999816894533,94.06999969482422,16136400
2026-03-31,95.56999969482422,97.16000366210938,95.05999755859376,97.12999725341795,39448000
2026-04-01,98.5199966430664,99.31999969482422,98.22000122070312,98.61000061035156,27123200
2026-04-02,96.54000091552734,98.41999816894533,96.36000061035156,98.0,17276100
2026-04-06,98.12999725341795,98.7300033569336,98.02999877929688,98.48999786376952,11810900
2026-04-07,97.66999816894533,98.5,96.79000091552734,98.3499984741211,19809700
2026-04-08,102.48999786376952,102.63999938964844,101.5199966430664,102.19000244140624,22300800
2026-04-09,101.08999633789062,102.47000122070312,100.91000366210938,101.9499969482422,14958400
2026-04-10,102.62999725341795,102.69000244140624,101.80999755859376,102.18000030517578,8670300
2026-04-13,101.2699966430664,102.8499984741211,101.18000030517578,102.80999755859376,19346900
2026-04-14,103.33999633789062,103.81999969482422,103.20999908447266,103.63999938964844,16581000
2026-04-15,103.38999938964844,103.4499969482422,102.94000244140624,103.30999755859376,8786300
2026-04-16,103.55999755859376,103.58000183105467,102.6500015258789,103.01000213623048,13227600
2026-04-17,104.45999908447266,105.12999725341795,104.20999908447266,104.31999969482422,17321500
2026-04-20,103.72000122070312,103.93000030517578,103.12999725341795,103.91000366210938,12896100
2026-04-21,103.12999725341795,103.2699966430664,101.51000213623048,101.62999725341795,18105400
2026-04-22,102.33000183105467,102.37999725341795,101.6500015258789,101.97000122070312,9990800
2026-04-23,101.75,102.12000274658205,100.1500015258789,101.23999786376952,15773900
2026-04-24,101.41000366210938,101.95999908447266,101.1500015258789,101.7699966430664,14219400
2026-04-27,101.83000183105467,102.05999755859376,101.33999633789062,101.37999725341795,10091700
2026-04-28,100.93000030517578,101.12999725341795,100.55999755859376,100.95999908447266,11008800
2026-04-29,100.4000015258789,100.4800033569336,99.51000213623048,99.93000030517578,10986800
2026-04-30,101.31999969482422,102.58000183105467,101.08999633789062,102.31999969482422,16585800
2026-05-01,102.29000091552734,102.87000274658205,102.06999969482422,102.0999984741211,14447200
2026-05-04,101.44000244140624,101.72000122070312,100.26000213623048,100.6999969482422,21026300
2026-05-05,101.66999816894533,102.16000366210938,101.19000244140624,102.04000091552734,12347300
2026-05-06,104.5,104.91999816894533,104.30999755859376,104.80999755859376,14755500
2026-05-07,104.81999969482422,104.86000061035156,102.81999969482422,102.88999938964844,19257500
2026-05-08,103.7699966430664,104.04000091552734,103.38999938964844,103.95999908447266,12280100
2026-05-11,103.80999755859376,104.0,103.56999969482422,103.73999786376952,10717500
2026-05-12,103.0,103.27999877929688,102.3499984741211,103.13999938964844,15770900
2026-05-13,103.01000213623048,103.87999725341795,102.93000030517578,103.83000183105467,9578900
2026-05-14,103.79000091552734,103.93000030517578,103.41000366210938,103.45999908447266,8943600
2026-05-15,102.01000213623048,102.13999938964844,101.5500030517578,101.72000122070312,17916800
2026-05-18,102.4800033569336,102.81999969482422,101.77999877929688,102.66000366210938,15944000
2026-05-19,102.08000183105467,102.47000122070312,101.69000244140624,101.91999816894533,13211800
2026-05-20,102.16000366210938,103.91000366210938,101.97000122070312,103.62000274658205,16511800
2026-05-21,102.81999969482422,104.55999755859376,102.5999984741211,104.19000244140624,14357600
2026-05-22,104.22000122070312,104.4800033569336,103.79000091552734,103.9800033569336,12012200
2026-05-26,105.3499984741211,105.45999908447266,104.76000213623048,105.12999725341795,12884900
2026-05-27,105.05999755859376,105.08999633789062,104.5199966430664,104.7699966430664,12599500
2026-05-28,104.12000274658205,105.01000213623048,103.97000122070312,104.69000244140624,13606000
2026-05-29,105.12999725341795,105.5199966430664,104.7300033569336,104.8000030517578,16926000
2026-06-01,103.98999786376952,104.91999816894533,103.5999984741211,104.44000244140624,17412600
2026-06-02,104.58999633789062,105.16000366210938,104.52999877929688,105.0199966430664,8400600
2026-06-03,104.58000183105467,104.63999938964844,104.06999969482422,104.12000274658205,11807100
2026-06-04,104.54000091552734,105.0199966430664,104.43000030517578,104.9499969482422,10158700
2026-06-05,104.13999938964844,104.19000244140624,101.91000366210938,102.26000213623048,16937500
2026-06-08,103.2699966430664,103.5,102.72000122070312,102.87999725341795,13550300
2026-06-09,103.88999938964844,104.23999786376952,101.33999633789062,102.9000015258789,21878000
2026-06-10,102.2300033569336,102.9000015258789,101.48999786376952,101.56999969482422,22737700
2026-06-11,102.4800033569336,104.8499984741211,102.22000122070312,104.7300033569336,20415000
2026-06-12,104.6500015258789,105.36000061035156,104.19000244140624,105.0199966430664,14219900
2026-06-15,104.69000244140624,104.73999786376952,103.98999786376952,104.08000183105467,14053600
2026-06-16,104.72000122070312,104.8000030517578,104.2300033569336,104.30999755859376,12047000
2026-06-17,105.04000091552734,105.41999816894533,103.58999633789062,103.77999877929688,20717600
2026-06-18,104.58000183105467,104.66000366210938,104.18000030517578,104.41000366210938,15466300
2026-06-22,104.58999633789062,104.83999633789062,104.43000030517578,104.58000183105467,9596200
2026-06-23,102.37999725341795,103.0199966430664,102.31999969482422,102.45999908447266,17425700
2026-06-24,102.23999786376952,102.6500015258789,101.91999816894533,102.26000213623048,12504200
2026-06-25,103.4800033569336,103.7300033569336,102.7300033569336,103.1500015258789,13135400
2026-06-26,102.45999908447266,103.06999969482422,102.3000030517578,102.54000091552734,21219200
2026-06-29,102.87000274658205,103.47000122070312,102.22000122070312,103.4499969482422,10788600
2026-06-30,103.31999969482422,103.88999938964844,103.19000244140624,103.87999725341795,16945900
2026-07-01,103.06999969482422,103.43000030517578,102.87000274658205,103.0199966430664,13487100
2026-07-02,104.58999633789062,105.2699966430664,103.75,104.37000274658205,12686000
2026-07-06,105.0,105.5199966430664,104.87999725341795,105.45999908447266,9803200
2026-07-07,105.0199966430664,105.16000366210938,103.8499984741211,104.16000366210938,10714800
2026-07-08,102.80999755859376,103.41000366210938,102.26000213623048,103.36000061035156,8642800
2026-07-09,103.61000061035156,104.19000244140624,103.5500030517578,103.91999816894533,7586400
2026-07-10,104.18000030517578,104.5999984741211,103.61000061035156,104.33000183105467,8286800
2026-07-13,103.8499984741211,103.9800033569336,103.08999633789062,103.23999786376952,10953700
2026-07-14,104.37999725341795,105.08999633789062,103.91000366210938,103.95999908447266,9932200
2026-07-15,104.27999877929688,104.80999755859376,103.8000030517578,104.6500015258789,7415800
2026-07-16,103.66999816894533,104.22000122070312,103.47000122070312,103.80999755859376,9966800
2026-07-17,102.51000213623048,103.51000213623048,102.51000213623048,103.33000183105467,10969800
2026-07-20,103.33999633789062,103.48999786376952,102.47000122070312,102.56999969482422,14834400
2026-07-21,103.51000213623048,104.19000244140624,103.08999633789062,104.05999755859376,9826900
2026-07-22,104.44000244140624,104.63999938964844,104.22000122070312,104.25,14694400
2026-07-23,102.76000213623048,103.29000091552734,102.54000091552734,102.9000015258789,12596100
2026-07-24,103.5,104.02999877929688,103.26000213623048,103.41000366210938,9032100
2026-07-27,104.36000061035156,104.45999908447266,103.4499969482422,103.91000366210938,9299900
2026-07-28,103.19000244140624,104.18000030517578,103.12000274658205,103.88999938964844,9580400
2026-07-29,103.72000122070312,104.8499984741211,102.9800033569336,103.37000274658205,11646400
2026-07-30,105.01000213623048,106.31999969482422,104.80999755859376,106.23999786376952,13263500
2026-07-31,105.75,105.83000183105467,104.5999984741211,105.58000183105467,14260700
2026-08-03,105.72000122070312,106.08000183105467,105.54000091552734,106.0199966430664,9956800
2026-08-04,106.72000122070312,107.47000122070312,106.61000061035156,107.31999969482422,10410000
2026-08-05,107.98999786376952,108.0,107.4000015258789,107.43000030517578,9007600
2026-08-06,107.66000366210938,107.91000366210938,107.26000213623048,107.36000061035156,8510700
2026-08-07,108.75,108.76000213623048,108.19000244140624,108.5500030517578,9430900
2026-08-10,108.20999908447266,108.30999755859376,107.97000122070312,108.01000213623048,7015400
2026-08-11,108.44000244140624,108.62999725341795,107.87999725341795,108.08999633789062,6368300
2026-08-12,108.75,108.81999969482422,108.31999969482422,108.5,9901400
2026-08-13,108.66999816894533,108.88999938964844,108.51000213623048,108.69000244140624,7237900
2026-08-14,108.76000213623048,108.88999938964844,108.45999908447266,108.63999938964844,5660100
2026-08-17,108.66000366210938,108.87000274658205,108.3499984741211,108.4499969482422,9375500
2026-08-18,107.75,108.02999877929688,107.18000030517578,107.2699966430664,14561300
2026-08-19,107.87000274658205,108.06999969482422,107.41000366210938,107.66000366210938,10829600
2026-08-20,107.29000091552734,107.86000061035156,107.16000366210938,107.3499984741211,10578400
2026-08-21,108.12999725341797,108.37000274658203,108.05000305175781,108.23999786376953,9935600
2026-08-24,107.98999786376953,108.19000244140625,107.77999877929688,108.02999877929688,6095400
2026-08-25,108.51000213623047,108.83000183105469,108.23999786376953,108.80999755859375,6438700
2026-08-26,108.68000030517578,108.81999969482422,108.1500015258789,108.2699966430664,5219100
2026-08-27,108.04000091552734,108.13999938964844,107.61000061035156,108.0199966430664,5371900
2026-08-28,108.5199966430664,108.73999786376953,107.52999877929688,107.72000122070312,13244900
2026-08-31,108.04000091552734,108.06999969482422,107.2699966430664,107.44999694824219,9539200
2026-09-01,107.04000091552734,107.2699966430664,106.29000091552734,106.48999786376953,10129300
2026-09-02,106.7300033569336,107.0999984741211,106.63999938964844,107.05999755859375,6461400
2026-09-03,108.0199966430664,108.41000366210938,107.5999984741211,108.20999908447266,12746200
2026-09-04,107.8499984741211,108.58000183105469,107.8499984741211,108.3499984741211,5730300
