Date,Open,High,Low,Close,Volume
2013-04-18,50.91999816894531,50.91999816894531,50.91999816894531,50.91999816894531,400
2013-04-19,50.91999816894531,50.91999816894531,50.91999816894531,50.91999816894531,0
2013-04-22,50.91999816894531,50.91999816894531,50.91999816894531,50.91999816894531,0
2013-04-23,52.220001220703125,52.220001220703125,52.220001220703125,52.220001220703125,600
2013-04-24,51.70000076293945,51.70000076293945,51.560001373291016,51.560001373291016,1100
2013-04-25,51.810001373291016,51.810001373291016,51.810001373291016,51.810001373291016,400
2013-04-26,51.77000045776367,51.77000045776367,51.77000045776367,51.77000045776367,100
2013-04-29,51.84999847412109,52.20000076293945,51.84999847412109,52.06999969482422,4800
2013-04-30,51.619998931884766,51.93000030517578,51.619998931884766,51.84000015258789,1400
2013-05-01,51.79999923706055,51.79999923706055,51.79999923706055,51.79999923706055,100
2013-05-02,51.81999969482422,52.040000915527344,51.81999969482422,52.02999877929688,2500
2013-05-03,52.650001525878906,52.72999954223633,52.59999847412109,52.619998931884766,1000
2013-05-06,53.060001373291016,53.060001373291016,52.5,52.540000915527344,19500
2013-05-07,52.59000015258789,52.59000015258789,52.54999923706055,52.560001373291016,1500
2013-05-08,52.7400016784668,52.81999969482422,52.7400016784668,52.81999969482422,1600
2013-05-09,52.86000061035156,52.90999984741211,52.77000045776367,52.83000183105469,4700
2013-05-10,53.4900016784668,53.4900016784668,52.95000076293945,52.95000076293945,700
2013-05-13,53.18999862670898,53.20000076293945,53.09000015258789,53.09000015258789,4200
2013-05-14,53.31999969482422,53.560001373291016,53.31999969482422,53.54999923706055,2200
2013-05-15,53.7400016784668,54.02999877929688,53.709999084472656,53.72999954223633,3400
2013-05-16,53.58000183105469,53.619998931884766,53.5,53.5,5700
2013-05-17,53.59999847412109,53.59999847412109,53.369998931884766,53.38999938964844,2800
2013-05-20,53.400001525878906,53.400001525878906,53.29999923706055,53.31999969482422,4300
2013-05-21,53.540000915527344,53.54999923706055,53.540000915527344,53.54999923706055,600
2013-05-22,53.880001068115234,53.880001068115234,53.2599983215332,53.2599983215332,1900
2013-05-23,52.66999816894531,53.13999938964844,52.66999816894531,53.13999938964844,700
2013-05-24,53.18000030517578,53.18000030517578,53.130001068115234,53.16999816894531,1200
2013-05-28,53.810001373291016,53.86000061035156,53.2599983215332,53.40999984741211,4000
2013-05-29,53.0,53.0,52.619998931884766,52.68999862670898,2500
2013-05-30,52.88999938964844,52.91999816894531,52.72999954223633,52.72999954223633,13000
2013-05-31,52.52999877929688,52.540000915527344,52.0,52.0,2400
2013-06-03,51.5,51.709999084472656,51.43999862670898,51.709999084472656,2100
2013-06-04,51.63999938964844,51.68000030517578,51.27999877929688,51.68000030517578,8400
2013-06-05,51.2599983215332,51.27000045776367,50.810001373291016,50.970001220703125,5400
2013-06-06,50.65999984741211,51.34999847412109,50.65999984741211,51.34999847412109,9900
2013-06-07,52.0099983215332,52.209999084472656,51.90999984741211,52.209999084472656,1300
2013-06-10,53.0,53.0,52.0,52.11000061035156,8500
2013-06-11,51.59000015258789,52.130001068115234,51.59000015258789,51.869998931884766,14500
2013-06-12,52.13999938964844,52.13999938964844,51.29999923706055,51.33000183105469,3400
2013-06-13,51.02000045776367,51.97999954223633,51.02000045776367,51.97999954223633,2100
2013-06-14,52.130001068115234,52.130001068115234,52.02999877929688,52.02999877929688,700
2013-06-17,52.5,52.5,52.150001525878906,52.150001525878906,600
2013-06-18,52.41999816894531,52.41999816894531,52.369998931884766,52.369998931884766,1000
2013-06-19,52.5,52.5,51.869998931884766,51.869998931884766,1100
2013-06-20,51.09999847412109,51.09999847412109,50.18999862670898,50.18999862670898,2300
2013-06-21,50.619998931884766,50.619998931884766,50.04999923706055,50.43999862670898,1600
2013-06-24,50.06999969482422,50.119998931884766,49.709999084472656,50.119998931884766,600
2013-06-25,50.52000045776367,50.56999969482422,50.5099983215332,50.56999969482422,14600
2013-06-26,51.4900016784668,51.4900016784668,50.97999954223633,51.02000045776367,1400
2013-06-27,51.45000076293945,51.5,51.369998931884766,51.369998931884766,2500
2013-06-28,51.13999938964844,51.470001220703125,51.13999938964844,51.369998931884766,2500
2013-07-01,51.52000045776367,51.52000045776367,51.470001220703125,51.470001220703125,900
2013-07-02,51.59999847412109,51.59999847412109,51.369998931884766,51.369998931884766,1300
2013-07-03,51.209999084472656,51.43000030517578,51.209999084472656,51.43000030517578,700
2013-07-05,51.83000183105469,51.93999862670898,51.70000076293945,51.93999862670898,2200
2013-07-08,52.20000076293945,52.22999954223633,52.130001068115234,52.22999954223633,700
2013-07-09,52.560001373291016,52.66999816894531,52.560001373291016,52.59000015258789,1900
2013-07-10,52.619998931884766,52.68000030517578,52.61000061035156,52.61000061035156,201100
2013-07-11,53.290000915527344,53.58000183105469,53.27999877929688,53.58000183105469,27300
2013-07-12,53.619998931884766,53.720001220703125,53.540000915527344,53.70000076293945,11000
2013-07-15,53.709999084472656,53.90999984741211,53.70000076293945,53.81999969482422,102400
2013-07-16,53.900001525878906,53.93000030517578,53.5,53.61000061035156,37100
2013-07-17,53.75,53.86000061035156,53.7400016784668,53.86000061035156,33400
2013-07-18,53.88999938964844,54.11000061035156,53.88999938964844,54.11000061035156,30400
2013-07-19,54.27999877929688,54.38999938964844,54.27999877929688,54.34999847412109,1700
2013-07-22,55.04999923706055,55.04999923706055,54.34000015258789,54.41999816894531,1700
2013-07-23,54.5,54.5,54.27000045776367,54.33000183105469,2000
2013-07-24,54.47999954223633,54.47999954223633,54.02000045776367,54.13999938964844,88900
2013-07-25,54.2599983215332,54.54999923706055,54.15999984741211,54.54999923706055,128000
2013-07-26,54.34000015258789,54.68000030517578,54.119998931884766,54.68000030517578,31600
2013-07-29,54.709999084472656,54.709999084472656,54.40999984741211,54.59999847412109,4600
2013-07-30,54.790000915527344,54.790000915527344,54.43000030517578,54.4900016784668,25600
2013-07-31,54.75,54.75,54.43000030517578,54.43999862670898,4200
2013-08-01,54.959999084472656,54.959999084472656,54.72999954223633,54.900001525878906,11100
2013-08-02,54.900001525878906,55.15999984741211,54.83000183105469,55.15999984741211,25400
2013-08-05,55.040000915527344,55.09000015258789,54.97999954223633,55.0,7500
2013-08-06,55.40999984741211,55.40999984741211,54.560001373291016,54.79999923706055,15100
2013-08-07,55.119998931884766,55.119998931884766,54.369998931884766,54.59999847412109,57200
2013-08-08,54.79999923706055,54.79999923706055,54.470001220703125,54.65999984741211,6000
2013-08-09,54.84999847412109,54.84999847412109,54.380001068115234,54.52000045776367,7300
2013-08-12,54.77000045776367,54.77000045776367,54.27000045776367,54.369998931884766,1200
2013-08-13,54.43999862670898,54.560001373291016,54.13999938964844,54.41999816894531,8500
2013-08-14,54.400001525878906,54.400001525878906,53.959999084472656,53.970001220703125,7600
2013-08-15,54.18999862670898,54.18999862670898,52.95000076293945,53.040000915527344,6300
2013-08-16,52.75,52.970001220703125,52.70000076293945,52.790000915527344,7600
2013-08-19,53.09000015258789,60.09999847412109,52.59999847412109,52.70000076293945,6300
2013-08-20,52.400001525878906,52.9900016784668,52.400001525878906,52.959999084472656,9900
2013-08-21,52.95000076293945,52.95000076293945,52.41999816894531,52.59999847412109,10600
2013-08-22,52.72999954223633,55.25,52.72999954223633,53.0099983215332,12400
2013-08-23,52.88999938964844,53.15999984741211,52.88999938964844,53.15999984741211,6400
2013-08-26,53.2400016784668,53.38999938964844,52.970001220703125,53.04999923706055,6700
2013-08-27,52.52000045776367,52.59000015258789,52.290000915527344,52.290000915527344,6000
2013-08-28,51.86000061035156,52.560001373291016,51.86000061035156,52.400001525878906,7000
2013-08-29,52.75,52.83000183105469,52.66999816894531,52.66999816894531,5700
2013-08-30,52.4900016784668,52.54999923706055,52.41999816894531,52.5,6000
2013-09-03,52.84999847412109,52.95000076293945,52.59999847412109,52.79999923706055,24700
2013-09-04,52.93999862670898,53.09999847412109,52.900001525878906,53.0,8100
2013-09-05,53.08000183105469,53.08000183105469,52.93999862670898,52.93999862670898,3000
2013-09-06,53.130001068115234,53.15999984741211,52.9900016784668,52.9900016784668,6200
2013-09-09,53.13999938964844,53.380001068115234,53.09000015258789,53.369998931884766,113300
2013-09-10,54.150001525878906,54.150001525878906,53.4900016784668,53.7400016784668,12900
2013-09-11,53.66999816894531,53.869998931884766,53.56999969482422,53.869998931884766,3300
2013-09-12,53.650001525878906,54.119998931884766,53.650001525878906,53.9900016784668,27700
2013-09-13,54.130001068115234,54.2599983215332,54.130001068115234,54.25,3300
2013-09-16,54.720001220703125,54.77999877929688,54.560001373291016,54.630001068115234,6100
2013-09-17,54.650001525878906,54.790000915527344,54.650001525878906,54.7599983215332,20900
2013-09-18,54.65999984741211,55.540000915527344,54.65999984741211,55.41999816894531,2400
2013-09-19,55.869998931884766,55.869998931884766,55.27999877929688,55.40999984741211,17000
2013-09-20,55.27000045776367,55.27000045776367,55.02000045776367,55.060001373291016,1300
2013-09-23,54.65999984741211,54.9900016784668,54.59999847412109,54.68999862670898,3000
2013-09-24,54.93999862670898,54.93999862670898,54.27999877929688,54.290000915527344,13500
2013-09-25,54.2400016784668,54.310001373291016,54.0,54.02000045776367,2300
2013-09-26,54.33000183105469,54.34999847412109,54.09000015258789,54.2400016784668,4700
2013-09-27,54.130001068115234,54.29999923706055,54.04999923706055,54.209999084472656,15100
2013-09-30,53.91999816894531,54.06999969482422,53.86000061035156,53.880001068115234,13400
2013-10-01,54.119998931884766,54.40999984741211,54.0099983215332,54.34000015258789,8800
2013-10-02,54.119998931884766,54.369998931884766,53.959999084472656,54.369998931884766,13100
2013-10-03,54.150001525878906,54.18000030517578,53.68999862670898,53.84999847412109,3500
2013-10-04,54.25,54.290000915527344,54.18999862670898,54.2400016784668,7000
2013-10-07,53.84000015258789,53.970001220703125,53.84000015258789,53.88999938964844,3800
2013-10-08,53.59999847412109,53.619998931884766,53.02999877929688,53.18999862670898,3000
2013-10-09,52.83000183105469,53.119998931884766,52.83000183105469,52.9900016784668,4600
2013-10-10,53.790000915527344,53.970001220703125,53.72999954223633,53.970001220703125,2900
2013-10-11,54.36000061035156,54.59999847412109,54.36000061035156,54.59000015258789,1400
2013-10-14,54.209999084472656,54.810001373291016,54.209999084472656,54.7599983215332,4600
2013-10-15,54.7599983215332,54.880001068115234,54.54999923706055,54.54999923706055,14600
2013-10-16,55.0,55.43999862670898,54.86000061035156,55.43999862670898,11700
2013-10-17,55.560001373291016,56.130001068115234,55.43000030517578,56.130001068115234,24900
2013-10-18,56.369998931884766,56.43000030517578,56.0099983215332,56.43000030517578,18300
2013-10-21,56.400001525878906,56.400001525878906,56.09000015258789,56.20000076293945,7000
2013-10-22,56.560001373291016,56.95000076293945,56.560001373291016,56.88999938964844,9100
2013-10-23,56.68999862670898,56.7400016784668,56.58000183105469,56.72999954223633,3000
2013-10-24,56.90999984741211,56.90999984741211,56.720001220703125,56.810001373291016,6200
2013-10-25,56.95000076293945,56.95000076293945,56.70000076293945,56.84999847412109,700
2013-10-28,57.0,57.119998931884766,57.0,57.040000915527344,1900
2013-10-29,57.2400016784668,57.43999862670898,57.2400016784668,57.380001068115234,2100
2013-10-30,57.720001220703125,57.720001220703125,56.95000076293945,57.060001373291016,6100
2013-10-31,56.79999923706055,57.11000061035156,56.790000915527344,56.880001068115234,2700
2013-11-01,56.959999084472656,57.02999877929688,56.810001373291016,57.02999877929688,6500
2013-11-04,57.27999877929688,57.27999877929688,56.88999938964844,56.88999938964844,1200
2013-11-05,56.91999816894531,56.9900016784668,56.68999862670898,56.97999954223633,20500
2013-11-06,57.150001525878906,57.150001525878906,56.81999969482422,56.84000015258789,7800
2013-11-07,56.90999984741211,56.90999984741211,56.27999877929688,56.27999877929688,41400
2013-11-08,56.09999847412109,56.560001373291016,55.970001220703125,56.560001373291016,7300
2013-11-11,56.790000915527344,56.79999923706055,56.63999938964844,56.65999984741211,3500
2013-11-12,56.40999984741211,56.630001068115234,56.400001525878906,56.59999847412109,18400
2013-11-13,56.59999847412109,57.20000076293945,56.59999847412109,57.20000076293945,2300
2013-11-14,57.380001068115234,57.630001068115234,57.33000183105469,57.630001068115234,3000
2013-11-15,57.72999954223633,57.810001373291016,57.65999984741211,57.810001373291016,7500
2013-11-18,58.09000015258789,58.09000015258789,57.54999923706055,57.650001525878906,9900
2013-11-19,57.5,57.70000076293945,57.5,57.5,4800
2013-11-20,57.77000045776367,57.77999877929688,57.470001220703125,57.470001220703125,8100
2013-11-21,57.650001525878906,57.86000061035156,57.619998931884766,57.84000015258789,1800
2013-11-22,58.2400016784668,58.43999862670898,58.20000076293945,58.43999862670898,4100
2013-11-25,58.59000015258789,58.59000015258789,58.34999847412109,58.47999954223633,19900
2013-11-26,58.43999862670898,58.560001373291016,58.380001068115234,58.380001068115234,1400
2013-11-27,58.47999954223633,58.540000915527344,58.470001220703125,58.470001220703125,1300
2013-11-29,58.66999816894531,58.709999084472656,58.66999816894531,58.66999816894531,2400
2013-12-02,58.52999877929688,58.52999877929688,58.310001373291016,58.310001373291016,1600
2013-12-03,58.04999923706055,58.2599983215332,57.83000183105469,58.09000015258789,11900
2013-12-04,57.880001068115234,57.880001068115234,57.56999969482422,57.84999847412109,1100
2013-12-05,57.790000915527344,57.95000076293945,57.709999084472656,57.810001373291016,11300
2013-12-06,58.470001220703125,58.4900016784668,58.150001525878906,58.470001220703125,6000
2013-12-09,58.58000183105469,58.7599983215332,58.54999923706055,58.56999969482422,11600
2013-12-10,58.4900016784668,58.709999084472656,58.470001220703125,58.54999923706055,6100
2013-12-11,58.61000061035156,58.61000061035156,57.72999954223633,57.72999954223633,8300
2013-12-12,57.970001220703125,58.040000915527344,57.75,57.77999877929688,10900
2013-12-13,57.900001525878906,58.15999984741211,57.880001068115234,58.09000015258789,10000
2013-12-16,58.38999938964844,58.38999938964844,58.209999084472656,58.29999923706055,7800
2013-12-17,58.25,58.38999938964844,58.040000915527344,58.31999969482422,15600
2013-12-18,58.20000076293945,59.11000061035156,57.75,59.11000061035156,9300
2013-12-19,59.04999923706055,59.31999969482422,58.959999084472656,59.31999969482422,12100
2013-12-20,59.5,59.86000061035156,59.400001525878906,59.68999862670898,6800
2013-12-23,59.7400016784668,59.77999877929688,59.650001525878906,59.7400016784668,5600
2013-12-24,59.86000061035156,59.869998931884766,59.68999862670898,59.81999969482422,8900
2013-12-26,59.95000076293945,60.18999862670898,59.880001068115234,60.130001068115234,10600
2013-12-27,60.84000015258789,63.790000915527344,59.83000183105469,59.84999847412109,8600
2013-12-30,59.66999816894531,59.77999877929688,59.65999984741211,59.75,11600
2013-12-31,59.880001068115234,60.02999877929688,59.75,60.02999877929688,8600
2014-01-02,59.650001525878906,59.650001525878906,59.29999923706055,59.40999984741211,5100
2014-01-03,59.709999084472656,59.77000045776367,59.5,59.5099983215332,14800
2014-01-06,59.31999969482422,59.459999084472656,59.11000061035156,59.380001068115234,12300
2014-01-07,59.63999938964844,59.95000076293945,59.63999938964844,59.869998931884766,5700
2014-01-08,60.0,60.36000061035156,60.0,60.310001373291016,15200
2014-01-09,60.36000061035156,60.43999862670898,60.220001220703125,60.41999816894531,74800
2014-01-10,60.31999969482422,60.540000915527344,60.22999954223633,60.540000915527344,8200
2014-01-13,60.560001373291016,60.59999847412109,59.38999938964844,59.47999954223633,9400
2014-01-14,59.61000061035156,60.38999938964844,59.59999847412109,60.38999938964844,7900
2014-01-15,60.52000045776367,60.540000915527344,60.27000045776367,60.38999938964844,60200
2014-01-16,60.310001373291016,60.5,60.310001373291016,60.43000030517578,6500
2014-01-17,60.41999816894531,60.5099983215332,60.11000061035156,60.11000061035156,8600
2014-01-21,60.70000076293945,60.70000076293945,60.150001525878906,60.58000183105469,16100
2014-01-22,60.72999954223633,60.880001068115234,60.59999847412109,60.86000061035156,10700
2014-01-23,60.20000076293945,60.209999084472656,59.869998931884766,60.16999816894531,12500
2014-01-24,59.7599983215332,59.7599983215332,58.66999816894531,58.66999816894531,51700
2014-01-27,58.52000045776367,58.54999923706055,57.83000183105469,58.06999969482422,8700
2014-01-28,58.25,58.709999084472656,58.25,58.709999084472656,6700
2014-01-29,58.29999923706055,58.29999923706055,57.7599983215332,57.88999938964844,3300
2014-01-30,58.84000015258789,59.25,58.720001220703125,59.15999984741211,10500
2014-01-31,57.709999084472656,58.959999084472656,57.709999084472656,58.63999938964844,15600
2014-02-03,58.68000030517578,58.68000030517578,57.040000915527344,57.06999969482422,25700
2014-02-04,57.40999984741211,57.810001373291016,57.15999984741211,57.68000030517578,16500
2014-02-05,57.54999923706055,57.709999084472656,56.72999954223633,57.5,19700
2014-02-06,57.630001068115234,58.18000030517578,57.630001068115234,58.16999816894531,4000
2014-02-07,58.59999847412109,59.40999984741211,58.59999847412109,59.40999984741211,4100
2014-02-10,59.619998931884766,59.619998931884766,59.41999816894531,59.4900016784668,9700
2014-02-11,59.709999084472656,60.41999816894531,59.68999862670898,60.290000915527344,17000
2014-02-12,60.52000045776367,60.52000045776367,60.22999954223633,60.31999969482422,7400
2014-02-13,59.959999084472656,60.9900016784668,59.959999084472656,60.95000076293945,5400
2014-02-14,60.95000076293945,61.20000076293945,60.93999862670898,61.150001525878906,6400
2014-02-18,61.41999816894531,61.650001525878906,61.20000076293945,61.58000183105469,11100
2014-02-19,61.31999969482422,61.790000915527344,61.130001068115234,61.18000030517578,21800
2014-02-20,61.369998931884766,61.77000045776367,61.04999923706055,61.77000045776367,9700
2014-02-21,61.91999816894531,61.970001220703125,61.650001525878906,61.650001525878906,10300
2014-02-24,61.88999938964844,62.5,61.869998931884766,62.27000045776367,10900
2014-02-25,62.40999984741211,62.40999984741211,62.15999984741211,62.18999862670898,5500
2014-02-26,62.5,62.68999862670898,62.04999923706055,62.150001525878906,194100
2014-02-27,62.220001220703125,62.59000015258789,62.130001068115234,62.540000915527344,14100
2014-02-28,62.75,62.93999862670898,62.04999923706055,62.58000183105469,34900
2014-03-03,61.93000030517578,62.2599983215332,61.70000076293945,62.040000915527344,32400
2014-03-04,62.959999084472656,63.34000015258789,62.869998931884766,63.29999923706055,19800
2014-03-05,63.40999984741211,63.459999084472656,63.29999923706055,63.400001525878906,15400
2014-03-06,63.63999938964844,63.68000030517578,63.04999923706055,63.27999877929688,217200
2014-03-07,63.619998931884766,63.619998931884766,62.86000061035156,63.09999847412109,34000
2014-03-10,63.13999938964844,63.13999938964844,62.619998931884766,63.13999938964844,14200
2014-03-11,63.310001373291016,63.5099983215332,62.59999847412109,62.68000030517578,45100
2014-03-12,62.33000183105469,62.810001373291016,62.13999938964844,62.7599983215332,19500
2014-03-13,63.09999847412109,63.09999847412109,61.72999954223633,61.84999847412109,25600
2014-03-14,61.790000915527344,61.970001220703125,61.560001373291016,61.56999969482422,21100
2014-03-17,62.0,62.38999938964844,61.95000076293945,62.18000030517578,26000
2014-03-18,62.380001068115234,62.75,62.380001068115234,62.72999954223633,23200
2014-03-19,62.880001068115234,62.880001068115234,61.900001525878906,62.209999084472656,54100
2014-03-20,62.16999816894531,62.310001373291016,61.95000076293945,62.25,13200
2014-03-21,62.59999847412109,62.65999984741211,61.560001373291016,61.560001373291016,18600
2014-03-24,61.400001525878906,61.400001525878906,60.25,60.72999954223633,45000
2014-03-25,60.84000015258789,61.27999877929688,60.34000015258789,60.7599983215332,27200
2014-03-26,60.970001220703125,61.0,59.970001220703125,60.0,8900
2014-03-27,59.900001525878906,59.900001525878906,59.220001220703125,59.650001525878906,21500
2014-03-28,59.650001525878906,60.34000015258789,59.63999938964844,59.7400016784668,13200
2014-03-31,60.209999084472656,60.45000076293945,60.18999862670898,60.34000015258789,10700
2014-04-01,60.5099983215332,61.06999969482422,60.5099983215332,61.04999923706055,9500
2014-04-02,61.25,61.4900016784668,61.209999084472656,61.4900016784668,14600
2014-04-03,61.459999084472656,61.459999084472656,60.65999984741211,60.90999984741211,18100
2014-04-04,61.20000076293945,61.20000076293945,59.4900016784668,59.59999847412109,38600
2014-04-07,59.25,59.63999938964844,58.290000915527344,58.83000183105469,31300
2014-04-08,58.970001220703125,59.16999816894531,58.47999954223633,59.0099983215332,60100
2014-04-09,59.459999084472656,60.27999877929688,59.25,60.27000045776367,123200
2014-04-10,60.18999862670898,60.18999862670898,58.27000045776367,58.41999816894531,63500
2014-04-11,57.9900016784668,58.310001373291016,57.5,57.65999984741211,73000
2014-04-14,58.27999877929688,58.41999816894531,57.45000076293945,57.97999954223633,12000
2014-04-15,58.400001525878906,58.619998931884766,57.15999984741211,58.5,29200
2014-04-16,58.959999084472656,59.40999984741211,58.79999923706055,59.33000183105469,16500
2014-04-17,59.369998931884766,59.720001220703125,59.2599983215332,59.56999969482422,7400
2014-04-21,59.56999969482422,60.0,59.380001068115234,60.0,7800
2014-04-22,60.41999816894531,60.68999862670898,60.220001220703125,60.4900016784668,117000
2014-04-23,60.45000076293945,60.45000076293945,60.18000030517578,60.18000030517578,19100
2014-04-24,60.59000015258789,60.630001068115234,59.630001068115234,59.970001220703125,11600
2014-04-25,59.16999816894531,59.2400016784668,58.869998931884766,58.95000076293945,16700
2014-04-28,59.040000915527344,59.33000183105469,58.0,58.790000915527344,12800
2014-04-29,58.900001525878906,59.33000183105469,58.790000915527344,59.27999877929688,14000
2014-04-30,59.470001220703125,59.7400016784668,59.34000015258789,59.7400016784668,7600
2014-05-01,59.88999938964844,60.29999923706055,59.880001068115234,59.880001068115234,5700
2014-05-02,60.11000061035156,60.11000061035156,59.720001220703125,59.880001068115234,4300
2014-05-05,59.97999954223633,60.33000183105469,59.97999954223633,60.31999969482422,76200
2014-05-06,60.04999923706055,60.2599983215332,59.43999862670898,59.43999862670898,30600
2014-05-07,59.40999984741211,59.459999084472656,59.040000915527344,59.41999816894531,7600
2014-05-08,59.43000030517578,60.04999923706055,59.31999969482422,59.33000183105469,5500
2014-05-09,59.33000183105469,59.72999954223633,59.119998931884766,59.68000030517578,9100
2014-05-12,60.08000183105469,60.66999816894531,60.08000183105469,60.66999816894531,12100
2014-05-13,60.79999923706055,60.97999954223633,60.68000030517578,60.7400016784668,18500
2014-05-14,60.619998931884766,60.65999984741211,60.27000045776367,60.27000045776367,47500
2014-05-15,60.119998931884766,60.130001068115234,59.18999862670898,59.59999847412109,15200
2014-05-16,59.59999847412109,59.86000061035156,59.41999816894531,59.84000015258789,7900
2014-05-19,59.63999938964844,60.369998931884766,59.63999938964844,60.369998931884766,4000
2014-05-20,60.150001525878906,60.31999969482422,59.63999938964844,59.880001068115234,29900
2014-05-21,60.27999877929688,60.59999847412109,60.20000076293945,60.59999847412109,11100
2014-05-22,60.81999969482422,61.09000015258789,60.810001373291016,60.9900016784668,10300
2014-05-23,61.0099983215332,61.310001373291016,61.0099983215332,61.310001373291016,22800
2014-05-27,61.68999862670898,61.93000030517578,61.68999862670898,61.93000030517578,26100
2014-05-28,61.86000061035156,62.0,61.86000061035156,61.970001220703125,11100
2014-05-29,61.95000076293945,62.22999954223633,61.95000076293945,62.209999084472656,75600
2014-05-30,62.18000030517578,62.18999862670898,62.02000045776367,62.16999816894531,6800
2014-06-02,62.209999084472656,62.34999847412109,62.11000061035156,62.34999847412109,243800
2014-06-03,62.040000915527344,62.34999847412109,62.040000915527344,62.22999954223633,13700
2014-06-04,62.18999862670898,62.45000076293945,61.970001220703125,62.36000061035156,10800
2014-06-05,62.45000076293945,62.83000183105469,62.36000061035156,62.66999816894531,17700
2014-06-06,62.77999877929688,62.88999938964844,62.77999877929688,62.81999969482422,7200
2014-06-09,62.86000061035156,62.959999084472656,62.65999984741211,62.7599983215332,35100
2014-06-10,62.81999969482422,62.84999847412109,62.43999862670898,62.77000045776367,6800
2014-06-11,62.52000045776367,62.77000045776367,62.52000045776367,62.7400016784668,9400
2014-06-12,62.79999923706055,62.79999923706055,62.209999084472656,62.209999084472656,18700
2014-06-13,62.209999084472656,62.45000076293945,62.130001068115234,62.310001373291016,97100
2014-06-16,62.22999954223633,62.52999877929688,62.22999954223633,62.34000015258789,4300
2014-06-17,62.33000183105469,62.61000061035156,62.22999954223633,62.540000915527344,38400
2014-06-18,62.650001525878906,63.13999938964844,62.5099983215332,63.13999938964844,16400
2014-06-19,63.02999877929688,63.16999816894531,62.959999084472656,63.15999984741211,4300
2014-06-20,63.369998931884766,63.56999969482422,63.20000076293945,63.56999969482422,7400
2014-06-23,63.59999847412109,63.59999847412109,63.400001525878906,63.470001220703125,15200
2014-06-24,63.290000915527344,63.7400016784668,63.040000915527344,63.09000015258789,10600
2014-06-25,62.77000045776367,63.33000183105469,62.77000045776367,63.33000183105469,61100
2014-06-26,63.02999877929688,63.33000183105469,62.970001220703125,63.27999877929688,15600
2014-06-27,63.25,63.34000015258789,63.130001068115234,63.34000015258789,89900
2014-06-30,63.38999938964844,63.40999984741211,63.2400016784668,63.2599983215332,94300
2014-07-01,63.52999877929688,64.0,63.52999877929688,63.810001373291016,24300
2014-07-02,63.79999923706055,63.90999984741211,63.68000030517578,63.68000030517578,23300
2014-07-03,63.95000076293945,64.0,63.83000183105469,64.0,10000
2014-07-07,63.97999954223633,63.97999954223633,63.41999816894531,63.43000030517578,24300
2014-07-08,63.25,63.25,62.63999938964844,62.91999816894531,23000
2014-07-09,63.09999847412109,63.31999969482422,63.08000183105469,63.31999969482422,6200
2014-07-10,62.68000030517578,63.29999923706055,62.65999984741211,63.11000061035156,8200
2014-07-11,63.13999938964844,63.34999847412109,63.09999847412109,63.34999847412109,12000
2014-07-14,63.650001525878906,63.7400016784668,63.59999847412109,63.65999984741211,24100
2014-07-15,63.68000030517578,63.72999954223633,63.27000045776367,63.36000061035156,4300
2014-07-16,63.650001525878906,63.650001525878906,63.25,63.40999984741211,19200
2014-07-17,63.130001068115234,63.13999938964844,62.52999877929688,62.52999877929688,2900
2014-07-18,62.93999862670898,63.4900016784668,62.93999862670898,63.45000076293945,3800
2014-07-21,63.25,63.47999954223633,63.25,63.470001220703125,86100
2014-07-22,63.720001220703125,63.95000076293945,63.720001220703125,63.900001525878906,70900
2014-07-23,64.08999633789062,64.19999694824219,64.0,64.19999694824219,9200
2014-07-24,64.41999816894531,64.55000305175781,64.37000274658203,64.41000366210938,6200
2014-07-25,64.37000274658203,64.45999908447266,64.18000030517578,64.19999694824219,27200
2014-07-28,64.33999633789062,64.33999633789062,63.869998931884766,64.08999633789062,18900
2014-07-29,64.30999755859375,64.3499984741211,63.880001068115234,63.880001068115234,19100
2014-07-30,64.1500015258789,64.1500015258789,63.79999923706055,63.97999954223633,79400
2014-07-31,63.400001525878906,63.400001525878906,62.59999847412109,62.59999847412109,147300
2014-08-01,62.650001525878906,62.900001525878906,62.25,62.61000061035156,18600
2014-08-04,62.77000045776367,63.16999816894531,62.40999984741211,63.09000015258789,169000
2014-08-05,62.7599983215332,63.060001373291016,61.97999954223633,62.380001068115234,18600
2014-08-06,61.95000076293945,62.29999923706055,61.88999938964844,62.11000061035156,9600
2014-08-07,62.08000183105469,62.150001525878906,61.72999954223633,61.790000915527344,5400
2014-08-08,61.77999877929688,62.459999084472656,61.77999877929688,62.459999084472656,180100
2014-08-11,62.81999969482422,62.900001525878906,62.650001525878906,62.68999862670898,8900
2014-08-12,62.68999862670898,62.68999862670898,62.5,62.630001068115234,5200
2014-08-13,62.86000061035156,63.2400016784668,62.86000061035156,63.15999984741211,36500
2014-08-14,63.400001525878906,63.56999969482422,63.400001525878906,63.5,4500
2014-08-15,63.84000015258789,63.86000061035156,63.33000183105469,63.63999938964844,10900
2014-08-18,63.93999862670898,64.20999908447266,63.93999862670898,64.05000305175781,20900
2014-08-19,64.26000213623047,64.5199966430664,64.2300033569336,64.51000213623047,17200
2014-08-20,64.37999725341797,64.7699966430664,64.37999725341797,64.7699966430664,8200
2014-08-21,64.12000274658203,64.91999816894531,64.12000274658203,64.88999938964844,9500
2014-08-22,64.83999633789062,65.0,64.7699966430664,64.91999816894531,7500
2014-08-25,65.23999786376953,65.33000183105469,65.18000030517578,65.25,18200
2014-08-26,65.2699966430664,65.43000030517578,65.26000213623047,65.30999755859375,21900
2014-08-27,65.37000274658203,65.37000274658203,65.16000366210938,65.22000122070312,16000
2014-08-28,65.08999633789062,65.19000244140625,65.02999877929688,65.16000366210938,7900
2014-08-29,65.33999633789062,65.4800033569336,65.2300033569336,65.4800033569336,15500
2014-09-02,65.5199966430664,65.80999755859375,65.43000030517578,65.68000030517578,24700
2014-09-03,65.9800033569336,65.9800033569336,65.63999938964844,65.68000030517578,217000
2014-09-04,65.7300033569336,66.0999984741211,65.52999877929688,65.55999755859375,6900
2014-09-05,65.68000030517578,65.94999694824219,65.33999633789062,65.94999694824219,6300
2014-09-08,65.81999969482422,66.04000091552734,65.73999786376953,65.94999694824219,25700
2014-09-09,65.80000305175781,65.80000305175781,65.41999816894531,65.4800033569336,16100
2014-09-10,65.38999938964844,65.81999969482422,65.38999938964844,65.81999969482422,9200
2014-09-11,65.66000366210938,65.69999694824219,65.5,65.69999694824219,7400
2014-09-12,65.47000122070312,65.62999725341797,65.1500015258789,65.29000091552734,23700
2014-09-15,65.13999938964844,65.1500015258789,64.72000122070312,64.94000244140625,144200
2014-09-16,65.08999633789062,65.76000213623047,65.08000183105469,65.66000366210938,77100
2014-09-17,65.75,66.08000183105469,65.5199966430664,65.76000213623047,56600
2014-09-18,65.93000030517578,66.12000274658203,65.93000030517578,66.12000274658203,56500
2014-09-19,66.31999969482422,66.33999633789062,65.83000183105469,66.04000091552734,58600
2014-09-22,65.95999908447266,65.95999908447266,65.12999725341797,65.29000091552734,94600
2014-09-23,65.0,65.43000030517578,65.0,65.05999755859375,42700
2014-09-24,65.04000091552734,65.63999938964844,65.04000091552734,65.58000183105469,41100
2014-09-25,65.47000122070312,65.47000122070312,64.66000366210938,64.69000244140625,75900
2014-09-26,64.79000091552734,65.3499984741211,64.72000122070312,65.2300033569336,10700
2014-09-29,64.88999938964844,65.31999969482422,64.69000244140625,65.18000030517578,41000
2014-09-30,64.94000244140625,65.41000366210938,64.87000274658203,64.87000274658203,26300
2014-10-01,64.69999694824219,64.69999694824219,63.70000076293945,63.91999816894531,143000
2014-10-02,63.84000015258789,64.0199966430664,63.060001373291016,63.869998931884766,46600
2014-10-03,64.26000213623047,64.91000366210938,64.26000213623047,64.80000305175781,31500
2014-10-06,65.1500015258789,65.1500015258789,64.45999908447266,64.63999938964844,128900
2014-10-07,64.31999969482422,64.31999969482422,63.52000045776367,63.52000045776367,51800
2014-10-08,63.65999984741211,64.80000305175781,63.16999816894531,64.79000091552734,28000
2014-10-09,64.6500015258789,64.6500015258789,63.25,63.25,84100
2014-10-10,63.16999816894531,63.36000061035156,62.33000183105469,62.33000183105469,20600
2014-10-13,62.290000915527344,62.400001525878906,60.869998931884766,60.869998931884766,35800
2014-10-14,61.06999969482422,61.400001525878906,60.29999923706055,60.59999847412109,70100
2014-10-15,59.9900016784668,60.38999938964844,58.68999862670898,60.290000915527344,92600
2014-10-16,59.2400016784668,61.130001068115234,59.2400016784668,60.68000030517578,26400
2014-10-17,61.33000183105469,62.040000915527344,61.33000183105469,61.709999084472656,64400
2014-10-20,61.52999877929688,62.2400016784668,61.52999877929688,62.20000076293945,12700
2014-10-21,62.75,63.75,62.75,63.75,111600
2014-10-22,64.0,64.01000213623047,63.27000045776367,63.290000915527344,206600
2014-10-23,64.1500015258789,64.63999938964844,64.08999633789062,64.27999877929688,14600
2014-10-24,64.44000244140625,64.9800033569336,64.38999938964844,64.95999908447266,13200
2014-10-27,64.75,64.87999725341797,64.45999908447266,64.79000091552734,20200
2014-10-28,65.12999725341797,65.55999755859375,65.02999877929688,65.55999755859375,13300
2014-10-29,65.44000244140625,65.51000213623047,64.83999633789062,65.16000366210938,11400
2014-10-30,65.05000305175781,65.83000183105469,65.0,65.66000366210938,81200
2014-10-31,66.56999969482422,66.56999969482422,66.18000030517578,66.36000061035156,68100
2014-11-03,66.56999969482422,66.70999908447266,66.37999725341797,66.45999908447266,86700
2014-11-04,66.4000015258789,66.4000015258789,66.02999877929688,66.3499984741211,22500
2014-11-05,66.81999969482422,66.83000183105469,66.43000030517578,66.68000030517578,16800
2014-11-06,66.80000305175781,67.08000183105469,66.69000244140625,67.02999877929688,34100
2014-11-07,67.19999694824219,67.19999694824219,66.58999633789062,66.75,25000
2014-11-10,66.77999877929688,67.01000213623047,66.69999694824219,66.98999786376953,9100
2014-11-11,67.04000091552734,67.1500015258789,66.93000030517578,67.0199966430664,8700
2014-11-12,66.87999725341797,67.08000183105469,66.80000305175781,67.05000305175781,13900
2014-11-13,67.23999786376953,67.30999755859375,66.7699966430664,66.91999816894531,12300
2014-11-14,66.91999816894531,66.91999816894531,66.72000122070312,66.83999633789062,35600
2014-11-17,66.72000122070312,67.16999816894531,66.72000122070312,66.95999908447266,69100
2014-11-18,67.33000183105469,67.83999633789062,67.33000183105469,67.7699966430664,14900
2014-11-19,67.4800033569336,67.61000061035156,67.30000305175781,67.4800033569336,64900
2014-11-20,67.3499984741211,67.58999633789062,67.12999725341797,67.43000030517578,29000
2014-11-21,68.12999725341797,68.12999725341797,67.69000244140625,67.80000305175781,27900
2014-11-24,68.16000366210938,68.16999816894531,68.0199966430664,68.13999938964844,76900
2014-11-25,68.33999633789062,68.37999725341797,68.12000274658203,68.25,23600
2014-11-26,68.44999694824219,68.7300033569336,68.36000061035156,68.7300033569336,21700
2014-11-28,68.83000183105469,69.22000122070312,68.83000183105469,68.8499984741211,14800
2014-12-01,68.37999725341797,68.69999694824219,68.30999755859375,68.37000274658203,28600
2014-12-02,68.45999908447266,68.9000015258789,68.45999908447266,68.81999969482422,35100
2014-12-03,68.87999725341797,69.02999877929688,68.7300033569336,68.94999694824219,16600
2014-12-04,68.94000244140625,69.12999725341797,68.75,68.9800033569336,16400
2014-12-05,69.23999786376953,69.31999969482422,69.04000091552734,69.20999908447266,25000
2014-12-08,69.30999755859375,69.44999694824219,68.73999786376953,68.97000122070312,60600
2014-12-09,68.25,68.94999694824219,68.04000091552734,68.94999694824219,34800
2014-12-10,68.66999816894531,68.66999816894531,67.8499984741211,67.91000366210938,22100
2014-12-11,68.08000183105469,68.95999908447266,68.08000183105469,68.27999877929688,29400
2014-12-12,67.66999816894531,68.37999725341797,67.48999786376953,67.51000213623047,44500
2014-12-15,67.80000305175781,67.86000061035156,66.7300033569336,67.04000091552734,22000
2014-12-16,66.80000305175781,67.70999908447266,66.30000305175781,66.30000305175781,15700
2014-12-17,66.47000122070312,67.5199966430664,66.41999816894531,67.43000030517578,34900
2014-12-18,68.22000122070312,69.19999694824219,68.22000122070312,69.19999694824219,18300
2014-12-19,69.62999725341797,69.75,69.12999725341797,69.2300033569336,56400
2014-12-22,69.08000183105469,69.29000091552734,68.94000244140625,69.23999786376953,15600
2014-12-23,69.58000183105469,69.58999633789062,68.66000366210938,68.87999725341797,32600
2014-12-24,68.7300033569336,68.93000030517578,68.7300033569336,68.73999786376953,35800
2014-12-26,69.0199966430664,69.22000122070312,68.94999694824219,69.05999755859375,36000
2014-12-29,69.0,69.23999786376953,68.93000030517578,69.04000091552734,99700
2014-12-30,69.06999969482422,69.06999969482422,68.5,68.5,209500
2014-12-31,68.81999969482422,69.01000213623047,67.97000122070312,68.05999755859375,25900
2015-01-02,68.38999938964844,68.55999755859375,67.52999877929688,67.94999694824219,13500
2015-01-05,67.62999725341797,67.62999725341797,66.94999694824219,67.06999969482422,27400
2015-01-06,67.37999725341797,67.5199966430664,66.19999694824219,66.5,73600
2015-01-07,67.25,67.77999877929688,67.0999984741211,67.5999984741211,193100
2015-01-08,68.31999969482422,69.06999969482422,68.18000030517578,68.9800033569336,109000
2015-01-09,69.30999755859375,69.30999755859375,68.37999725341797,68.62000274658203,46900
2015-01-12,68.75,68.75,68.05999755859375,68.22000122070312,41900
2015-01-13,68.91000366210938,69.20999908447266,67.58000183105469,67.98999786376953,45300
2015-01-14,67.33999633789062,67.91000366210938,67.33999633789062,67.76000213623047,71200
2015-01-15,67.87999725341797,68.08000183105469,67.16999816894531,67.30999755859375,44100
2015-01-16,67.31999969482422,68.23999786376953,67.1500015258789,68.12999725341797,36900
2015-01-20,68.56999969482422,68.62999725341797,67.73999786376953,68.5,92600
2015-01-21,68.37999725341797,68.97000122070312,68.33999633789062,68.7699966430664,27700
2015-01-22,69.30000305175781,69.94999694824219,68.58000183105469,69.94999694824219,224000
2015-01-23,69.98999786376953,70.0999984741211,69.69999694824219,69.80999755859375,40300
2015-01-26,69.83000183105469,69.95999908447266,69.41999816894531,69.87999725341797,40000
2015-01-27,69.18000030517578,69.36000061035156,68.44999694824219,68.98999786376953,30800
2015-01-28,69.2300033569336,69.56999969482422,68.19999694824219,68.19999694824219,48400
2015-01-29,68.30000305175781,68.9800033569336,67.7699966430664,68.8499984741211,61300
2015-01-30,68.30999755859375,68.66999816894531,67.5,67.58999633789062,31300
2015-02-02,67.5999984741211,68.0999984741211,66.9000015258789,68.08999633789062,79200
2015-02-03,68.47000122070312,68.76000213623047,67.91000366210938,68.73999786376953,53100
2015-02-04,68.4800033569336,69.05000305175781,68.38999938964844,68.62999725341797,48400
2015-02-05,68.94999694824219,69.4000015258789,68.94999694824219,69.37999725341797,123500
2015-02-06,69.5,69.51000213623047,68.63999938964844,68.70999908447266,21400
2015-02-09,68.5999984741211,68.66000366210938,68.0999984741211,68.27999877929688,21000
2015-02-10,68.72000122070312,69.38999938964844,68.54000091552734,69.2300033569336,26600
2015-02-11,69.44000244140625,69.68000030517578,69.16999816894531,69.58999633789062,85000
2015-02-12,69.9800033569336,70.04000091552734,69.5999984741211,70.04000091552734,41200
2015-02-13,70.20999908447266,70.20999908447266,69.83000183105469,70.12999725341797,21600
2015-02-17,70.23999786376953,70.4800033569336,70.0999984741211,70.43000030517578,16600
2015-02-18,70.1500015258789,70.63999938964844,70.1500015258789,70.63999938964844,24300
2015-02-19,70.66999816894531,70.9000015258789,70.56999969482422,70.68000030517578,59200
2015-02-20,70.69000244140625,71.30999755859375,70.5199966430664,71.26000213623047,33700
2015-02-23,71.41999816894531,71.55999755859375,71.36000061035156,71.51000213623047,20700
2015-02-24,71.5,71.66999816894531,71.37999725341797,71.58999633789062,92200
2015-02-25,71.37999725341797,71.69000244140625,71.31999969482422,71.41999816894531,27500
2015-02-26,71.54000091552734,71.58000183105469,71.25,71.52999877929688,28600
2015-02-27,71.55000305175781,71.55000305175781,71.22000122070312,71.26000213623047,30500
2015-03-02,71.47000122070312,71.75,71.43000030517578,71.69999694824219,39600
2015-03-03,71.69999694824219,71.69999694824219,70.87000274658203,71.22000122070312,55800
2015-03-04,71.0999984741211,71.19999694824219,70.63999938964844,71.12999725341797,32400
2015-03-05,71.38999938964844,71.47000122070312,71.0199966430664,71.29000091552734,29300
2015-03-06,70.88999938964844,71.01000213623047,70.1500015258789,70.1500015258789,36300
2015-03-09,70.37000274658203,70.63999938964844,70.19999694824219,70.58000183105469,24500
2015-03-10,70.02999877929688,70.02999877929688,69.48999786376953,69.48999786376953,35700
2015-03-11,69.69999694824219,69.77999877929688,69.33999633789062,69.33999633789062,35000
2015-03-12,69.5,70.1500015258789,69.4000015258789,70.12000274658203,30800
2015-03-13,70.05999755859375,70.0999984741211,69.4800033569336,69.81999969482422,15700
2015-03-16,70.02999877929688,70.95999908447266,70.02999877929688,70.88999938964844,19100
2015-03-17,70.55999755859375,70.97000122070312,70.55000305175781,70.94000244140625,20100
2015-03-18,70.77999877929688,71.93000030517578,70.3499984741211,71.69999694824219,22200
2015-03-19,71.77999877929688,71.87999725341797,71.55000305175781,71.80000305175781,14700
2015-03-20,72.01000213623047,72.48999786376953,72.01000213623047,72.33999633789062,21000
2015-03-23,72.1500015258789,72.31999969482422,71.97000122070312,71.97000122070312,37600
2015-03-24,71.93000030517578,72.23999786376953,71.61000061035156,71.61000061035156,26600
2015-03-25,71.30999755859375,71.48999786376953,69.91000366210938,69.91999816894531,26600
2015-03-26,69.58000183105469,70.30000305175781,69.2699966430664,69.94000244140625,25200
2015-03-27,70.20999908447266,70.5999984741211,69.97000122070312,70.45999908447266,23900
2015-03-30,71.01000213623047,71.18000030517578,70.91999816894531,71.11000061035156,24000
2015-03-31,70.5999984741211,70.9000015258789,70.18000030517578,70.30000305175781,85700
2015-04-01,70.05999755859375,70.05999755859375,69.25,69.72000122070312,77100
2015-04-02,69.86000061035156,70.1500015258789,69.80000305175781,69.88999938964844,13900
2015-04-06,69.5,70.4800033569336,69.5,70.23999786376953,25600
2015-04-07,70.4000015258789,70.72000122070312,70.22000122070312,70.22000122070312,82000
2015-04-08,70.44000244140625,70.61000061035156,70.29000091552734,70.45999908447266,18400
2015-04-09,70.58999633789062,70.80000305175781,70.29000091552734,70.69999694824219,15800
2015-04-10,70.76000213623047,71.12000274658203,70.69000244140625,71.0999984741211,55200
2015-04-13,71.2300033569336,71.33999633789062,70.7300033569336,70.7300033569336,37200
2015-04-14,70.63999938964844,70.81999969482422,70.30000305175781,70.6500015258789,121000
2015-04-15,70.98999786376953,71.12000274658203,70.79000091552734,70.87999725341797,69000
2015-04-16,70.83999633789062,71.02999877929688,70.72000122070312,70.91999816894531,110700
2015-04-17,70.55000305175781,70.55000305175781,69.7699966430664,70.05999755859375,28700
2015-04-20,70.5,70.91999816894531,70.45999908447266,70.81999969482422,72600
2015-04-21,71.04000091552734,71.30000305175781,70.91999816894531,71.02999877929688,28200
2015-04-22,71.25,71.33000183105469,70.69999694824219,71.2699966430664,32900
2015-04-23,71.06999969482422,71.56999969482422,70.9800033569336,71.37000274658203,11500
2015-04-24,71.37000274658203,71.58000183105469,71.37000274658203,71.48999786376953,14100
2015-04-27,71.76000213623047,71.76000213623047,70.87000274658203,70.93000030517578,22500
2015-04-28,70.91999816894531,71.2300033569336,70.30999755859375,71.0,29800
2015-04-29,70.80999755859375,70.87000274658203,70.12000274658203,70.54000091552734,97200
2015-04-30,70.3499984741211,70.3499984741211,69.23999786376953,69.56999969482422,22800
2015-05-01,69.93000030517578,70.66999816894531,69.93000030517578,70.62999725341797,22000
2015-05-04,70.97000122070312,71.13999938964844,70.75,70.80000305175781,14500
2015-05-05,70.61000061035156,70.61000061035156,69.7300033569336,69.75,13600
2015-05-06,70.05000305175781,70.05000305175781,69.06999969482422,69.47000122070312,24500
2015-05-07,69.69999694824219,70.12999725341797,69.55000305175781,70.05999755859375,38400
2015-05-08,70.70999908447266,71.04000091552734,70.70999908447266,70.95999908447266,18900
2015-05-11,71.02999877929688,71.11000061035156,70.69000244140625,70.7300033569336,29700
2015-05-12,70.3499984741211,70.68000030517578,70.0199966430664,70.4800033569336,14300
2015-05-13,70.69000244140625,70.9800033569336,70.47000122070312,70.55999755859375,19100
2015-05-14,70.98999786376953,71.61000061035156,70.86000061035156,71.55000305175781,13200
2015-05-15,71.66000366210938,71.83999633789062,71.47000122070312,71.69999694824219,55300
2015-05-18,71.70999908447266,72.19999694824219,71.70999908447266,72.08000183105469,20100
2015-05-19,72.26000213623047,72.27999877929688,71.95999908447266,72.05999755859375,27300
2015-05-20,72.0999984741211,72.31999969482422,71.80000305175781,72.04000091552734,35200
2015-05-21,71.91000366210938,72.2699966430664,71.91000366210938,72.13999938964844,34500
2015-05-22,72.0,72.27999877929688,72.0,72.02999877929688,32200
2015-05-26,71.94999694824219,71.94999694824219,71.16999816894531,71.30000305175781,22400
2015-05-27,71.55000305175781,72.26000213623047,71.55000305175781,72.23999786376953,13800
2015-05-28,72.13999938964844,72.16000366210938,71.83999633789062,72.13999938964844,10700
2015-05-29,72.04000091552734,72.16999816894531,71.55000305175781,71.91000366210938,50300
2015-06-01,72.1500015258789,72.22000122070312,71.55000305175781,71.97000122070312,23300
2015-06-02,71.80000305175781,71.94000244140625,71.58000183105469,71.66000366210938,19000
2015-06-03,71.83000183105469,71.97000122070312,71.69000244140625,71.7699966430664,24700
2015-06-04,71.5999984741211,71.7300033569336,71.02999877929688,71.20999908447266,34400
2015-06-05,71.08000183105469,71.20999908447266,70.81999969482422,71.0,16500
2015-06-08,70.81999969482422,70.93000030517578,70.54000091552734,70.58000183105469,10700
2015-06-09,70.68000030517578,70.69999694824219,70.01000213623047,70.63999938964844,21200
2015-06-10,70.80999755859375,71.55999755859375,70.80000305175781,71.5,10100
2015-06-11,71.68000030517578,71.91999816894531,71.66000366210938,71.69999694824219,21500
2015-06-12,71.44999694824219,71.48999786376953,71.23999786376953,71.30999755859375,13200
2015-06-15,70.98999786376953,71.44999694824219,70.75,71.26000213623047,12200
2015-06-16,71.33999633789062,71.79000091552734,71.33999633789062,71.7300033569336,17300
2015-06-17,72.04000091552734,72.08999633789062,71.52999877929688,71.83999633789062,21000
2015-06-18,72.12000274658203,72.93000030517578,72.12000274658203,72.86000061035156,17700
2015-06-19,72.80999755859375,72.98999786376953,72.70999908447266,72.80000305175781,104900
2015-06-22,73.20999908447266,73.4000015258789,73.08999633789062,73.12999725341797,14200
2015-06-23,73.30999755859375,73.30999755859375,73.05999755859375,73.2699966430664,19900
2015-06-24,73.0199966430664,73.0199966430664,72.3499984741211,72.4000015258789,23300
2015-06-25,72.61000061035156,72.91000366210938,72.55999755859375,72.80000305175781,12800
2015-06-26,72.86000061035156,73.01000213623047,72.37999725341797,72.58000183105469,26700
2015-06-29,71.95999908447266,72.22000122070312,71.11000061035156,71.2300033569336,54400
2015-06-30,71.76000213623047,71.83000183105469,71.25,71.44000244140625,17100
2015-07-01,72.0199966430664,72.12999725341797,71.81999969482422,72.11000061035156,38200
2015-07-02,72.30999755859375,72.30999755859375,71.69000244140625,71.94999694824219,19700
2015-07-06,71.33999633789062,72.08999633789062,71.33999633789062,71.80000305175781,37300
2015-07-07,72.05000305175781,72.26000213623047,70.93000030517578,72.25,205700
2015-07-08,71.91999816894531,71.91999816894531,71.1500015258789,71.19000244140625,49800
2015-07-09,71.9800033569336,71.9800033569336,71.3499984741211,71.4800033569336,85600
2015-07-10,72.08999633789062,72.69000244140625,72.08999633789062,72.58999633789062,121000
2015-07-13,73.0999984741211,73.4000015258789,73.02999877929688,73.36000061035156,228100
2015-07-14,73.43000030517578,73.86000061035156,73.41999816894531,73.77999877929688,54400
2015-07-15,73.73999786376953,73.83999633789062,73.47000122070312,73.63999938964844,58100
2015-07-16,73.95999908447266,74.06999969482422,73.61000061035156,74.05999755859375,45400
2015-07-17,74.05999755859375,74.05999755859375,73.72000122070312,74.05999755859375,121100
2015-07-20,74.19999694824219,74.45999908447266,74.0999984741211,74.30000305175781,427000
2015-07-21,74.30000305175781,74.30000305175781,73.5999984741211,73.87999725341797,95100
2015-07-22,73.48999786376953,73.94999694824219,73.44999694824219,73.91000366210938,232800
2015-07-23,74.13999938964844,74.19000244140625,73.47000122070312,73.54000091552734,71800
2015-07-24,74.55000305175781,74.55000305175781,73.23999786376953,73.37000274658203,39600
2015-07-27,73.08000183105469,73.19999694824219,72.80000305175781,72.80000305175781,119500
2015-07-28,73.30999755859375,73.76000213623047,72.88999938964844,73.7300033569336,37500
2015-07-29,73.94000244140625,74.20999908447266,73.80000305175781,74.20999908447266,65700
2015-07-30,74.0,74.22000122070312,73.62000274658203,74.13999938964844,44600
2015-07-31,74.30000305175781,74.45999908447266,74.06999969482422,74.1500015258789,41600
2015-08-03,74.33000183105469,74.43000030517578,73.69000244140625,74.06999969482422,278000
2015-08-04,73.94999694824219,73.9800033569336,73.56999969482422,73.79000091552734,53800
2015-08-05,73.73999786376953,74.23999786376953,73.69999694824219,74.08999633789062,137800
2015-08-06,74.20999908447266,74.20999908447266,72.63999938964844,72.76000213623047,208300
2015-08-07,72.72000122070312,72.87999725341797,72.08999633789062,72.70999908447266,86800
2015-08-10,73.18000030517578,73.5199966430664,73.08999633789062,73.26000213623047,141200
2015-08-11,72.83000183105469,73.16000366210938,72.5,72.81999969482422,55100
2015-08-12,72.18000030517578,72.70999908447266,71.41000366210938,72.58999633789062,119800
2015-08-13,72.70999908447266,73.20999908447266,72.68000030517578,72.8499984741211,114000
2015-08-14,72.69000244140625,73.05999755859375,72.6500015258789,73.02999877929688,75700
2015-08-17,72.9000015258789,73.7699966430664,72.69999694824219,73.7699966430664,221700
2015-08-18,73.91999816894531,73.9800033569336,73.61000061035156,73.66999816894531,76200
2015-08-19,73.45999908447266,73.80999755859375,72.93000030517578,73.37999725341797,157000
2015-08-20,72.79000091552734,72.79000091552734,71.58000183105469,71.58000183105469,90600
2015-08-21,71.12000274658203,71.12000274658203,69.19999694824219,69.19999694824219,117400
2015-08-24,68.30999755859375,68.73999786376953,55.0,66.45999908447266,262900
2015-08-25,67.12000274658203,69.08999633789062,66.25,66.27999877929688,108100
2015-08-26,67.91999816894531,69.04000091552734,66.79000091552734,68.91000366210938,129100
2015-08-27,69.98999786376953,76.30000305175781,69.2300033569336,70.5999984741211,294800
2015-08-28,70.30999755859375,70.68000030517578,70.05999755859375,70.47000122070312,112300
2015-08-31,70.30999755859375,70.5,69.55999755859375,69.69999694824219,532900
2015-09-01,69.0,69.0,67.4800033569336,67.80999755859375,744600
2015-09-02,68.4800033569336,69.33999633789062,68.22000122070312,69.33999633789062,64400
2015-09-03,69.62999725341797,70.19000244140625,69.08999633789062,69.33000183105469,67600
2015-09-04,68.69999694824219,68.88999938964844,68.04000091552734,68.63999938964844,329100
2015-09-08,69.61000061035156,70.37000274658203,69.36000061035156,70.30999755859375,135700
2015-09-09,70.91999816894531,70.9800033569336,69.30999755859375,69.36000061035156,39000
2015-09-10,69.30000305175781,70.20999908447266,69.30000305175781,69.73999786376953,38700
2015-09-11,69.5999984741211,70.56999969482422,69.5999984741211,70.56999969482422,157000
2015-09-14,70.80000305175781,70.80000305175781,70.13999938964844,70.16999816894531,68000
2015-09-15,70.43000030517578,71.2699966430664,70.20999908447266,71.06999969482422,95300
2015-09-16,71.1500015258789,71.58000183105469,70.81999969482422,71.55999755859375,117600
2015-09-17,71.41000366210938,72.69000244140625,71.41000366210938,71.75,302600
2015-09-18,70.8499984741211,71.55999755859375,70.69999694824219,70.70999908447266,38300
2015-09-21,71.26000213623047,71.66999816894531,70.55000305175781,71.19999694824219,197300
2015-09-22,70.26000213623047,70.55000305175781,69.94999694824219,70.38999938964844,111000
2015-09-23,70.44000244140625,70.70999908447266,70.19000244140625,70.4800033569336,88000
2015-09-24,69.94000244140625,70.08999633789062,69.12000274658203,69.94999694824219,75100
2015-09-25,70.5,70.5,68.91000366210938,69.36000061035156,66300
2015-09-28,68.95999908447266,68.9800033569336,66.73999786376953,67.19999694824219,97400
2015-09-29,67.16999816894531,67.7300033569336,66.23999786376953,66.69999694824219,94900
2015-09-30,67.58000183105469,68.26000213623047,67.31999969482422,68.20999908447266,471400
2015-10-01,68.30999755859375,68.79000091552734,67.81999969482422,68.79000091552734,718000
2015-10-02,67.9000015258789,69.80000305175781,67.5999984741211,69.79000091552734,111100
2015-10-05,70.25,70.63999938964844,70.12000274658203,70.5199966430664,131600
2015-10-06,70.44999694824219,70.52999877929688,69.19999694824219,69.62000274658203,142400
2015-10-07,69.95999908447266,69.9800033569336,69.16999816894531,69.83000183105469,315900
2015-10-08,69.68000030517578,70.41000366210938,69.18000030517578,70.30000305175781,1045900
2015-10-09,70.36000061035156,70.75,70.25,70.68000030517578,162700
2015-10-12,70.52999877929688,71.05000305175781,70.43000030517578,70.94999694824219,162400
2015-10-13,70.68000030517578,71.33000183105469,70.5,70.55000305175781,58800
2015-10-14,70.61000061035156,70.8499984741211,69.94999694824219,69.98999786376953,63700
2015-10-15,70.19000244140625,70.95999908447266,70.0199966430664,70.95999908447266,70700
2015-10-16,71.20999908447266,71.55000305175781,71.11000061035156,71.55000305175781,74000
2015-10-19,71.3499984741211,71.94999694824219,71.33999633789062,71.87999725341797,76300
2015-10-20,71.81999969482422,71.83999633789062,71.02999877929688,71.2699966430664,84900
2015-10-21,71.43000030517578,71.43000030517578,70.3499984741211,70.69999694824219,93600
2015-10-22,70.97000122070312,71.19999694824219,70.69999694824219,71.16999816894531,341500
2015-10-23,72.33999633789062,72.36000061035156,71.62999725341797,72.11000061035156,226300
2015-10-26,72.02999877929688,72.63999938964844,72.02999877929688,72.51000213623047,169000
2015-10-27,72.30000305175781,72.76000213623047,72.27999877929688,72.76000213623047,99900
2015-10-28,72.87999725341797,73.38999938964844,72.48999786376953,73.3499984741211,82700
2015-10-29,73.27999877929688,73.62999725341797,73.27999877929688,73.47000122070312,213700
2015-10-30,73.5199966430664,73.6500015258789,73.19999694824219,73.19999694824219,87700
2015-11-02,73.33000183105469,73.66999816894531,73.13999938964844,73.56999969482422,286600
2015-11-03,73.41999816894531,73.62000274658203,73.06999969482422,73.41999816894531,116800
2015-11-04,73.61000061035156,73.66000366210938,73.0999984741211,73.44000244140625,150300
2015-11-05,73.6500015258789,74.06999969482422,73.38999938964844,73.93000030517578,90600
2015-11-06,73.48999786376953,73.80000305175781,73.22000122070312,73.47000122070312,63800
2015-11-09,73.37000274658203,73.37000274658203,72.4000015258789,72.80999755859375,129600
2015-11-10,72.66000366210938,73.37999725341797,72.66000366210938,73.31999969482422,497400
2015-11-11,73.61000061035156,73.69999694824219,73.19000244140625,73.22000122070312,62500
2015-11-12,72.81999969482422,73.08000183105469,72.22000122070312,72.2300033569336,266300
2015-11-13,71.94000244140625,72.02999877929688,71.05000305175781,71.05000305175781,248800
2015-11-16,70.91000366210938,72.01000213623047,70.86000061035156,71.97000122070312,111700
2015-11-17,72.19999694824219,72.72000122070312,72.05000305175781,72.26000213623047,64900
2015-11-18,72.45999908447266,73.55000305175781,72.4000015258789,73.5,113900
2015-11-19,73.19000244140625,73.41999816894531,73.01000213623047,73.05000305175781,111200
2015-11-20,73.48999786376953,73.86000061035156,73.48999786376953,73.7699966430664,60900
2015-11-23,73.80000305175781,74.18000030517578,73.7300033569336,73.93000030517578,108300
2015-11-24,73.5,74.0,73.16999816894531,73.8499984741211,89000
2015-11-25,73.9800033569336,74.19999694824219,73.9800033569336,74.0999984741211,161300
2015-11-27,74.16999816894531,74.36000061035156,74.02999877929688,74.26000213623047,75600
2015-11-30,74.38999938964844,74.38999938964844,73.55000305175781,73.58999633789062,84900
2015-12-01,73.91000366210938,74.4800033569336,73.81999969482422,74.44000244140625,92200
2015-12-02,74.47000122070312,74.63999938964844,73.97000122070312,74.05000305175781,165800
2015-12-03,74.26000213623047,74.2699966430664,72.58999633789062,72.83999633789062,262800
2015-12-04,73.04000091552734,74.54000091552734,73.02999877929688,74.44000244140625,86100
2015-12-07,74.51000213623047,74.58999633789062,73.75,74.12999725341797,247700
2015-12-08,73.44999694824219,74.37000274658203,73.44999694824219,74.20999908447266,82100
2015-12-09,73.91000366210938,74.30000305175781,72.9000015258789,73.16999816894531,133500
2015-12-10,73.11000061035156,73.7699966430664,73.05999755859375,73.2300033569336,126200
2015-12-11,72.5,72.80000305175781,71.93000030517578,71.97000122070312,143600
2015-12-14,72.11000061035156,72.76000213623047,71.58000183105469,72.72000122070312,506900
2015-12-15,73.43000030517578,73.63999938964844,73.08000183105469,73.1500015258789,239100
2015-12-16,73.58999633789062,74.44000244140625,73.30999755859375,74.30000305175781,353800
2015-12-17,74.43000030517578,74.43000030517578,73.43000030517578,73.44999694824219,562500
2015-12-18,73.20999908447266,73.20999908447266,72.31999969482422,72.33000183105469,194300
2015-12-21,72.81999969482422,73.0199966430664,72.4800033569336,72.97000122070312,227900
2015-12-22,73.37999725341797,73.55000305175781,72.83000183105469,73.38999938964844,682300
2015-12-23,73.83999633789062,73.83999633789062,73.56999969482422,73.83000183105469,212500
2015-12-24,73.55000305175781,73.69999694824219,73.43000030517578,73.44999694824219,161200
2015-12-28,73.33000183105469,73.63999938964844,73.08999633789062,73.63999938964844,386000
2015-12-29,74.02999877929688,74.66000366210938,74.02999877929688,74.52999877929688,148600
2015-12-30,74.4800033569336,74.5,74.06999969482422,74.12999725341797,208900
2015-12-31,73.88999938964844,74.08999633789062,73.29000091552734,73.29000091552734,178800
2016-01-04,72.08000183105469,72.08000183105469,71.12999725341797,71.80999755859375,494400
2016-01-05,72.05999755859375,72.45999908447266,71.80000305175781,72.1500015258789,319800
2016-01-06,71.22000122070312,72.11000061035156,71.22000122070312,71.7699966430664,262600
2016-01-07,70.4800033569336,71.37000274658203,70.04000091552734,70.16999816894531,212000
2016-01-08,70.70999908447266,70.79000091552734,69.33999633789062,69.5,568300
2016-01-11,69.79000091552734,70.16000366210938,69.0199966430664,69.91999816894531,460100
2016-01-12,70.55999755859375,70.87000274658203,69.86000061035156,70.66999816894531,211500
2016-01-13,70.9000015258789,70.9000015258789,68.36000061035156,68.48999786376953,338200
2016-01-14,68.62000274658203,69.77999877929688,67.7300033569336,69.26000213623047,347100
2016-01-15,67.3499984741211,68.30999755859375,60.7400016784668,67.94999694824219,322900
2016-01-19,68.76000213623047,68.9800033569336,67.86000061035156,68.43000030517578,279800
2016-01-20,67.43000030517578,68.33999633789062,65.81999969482422,67.79000091552734,883400
2016-01-21,67.95999908447266,68.76000213623047,67.5,68.0199966430664,942500
2016-01-22,68.87000274658203,69.4800033569336,68.80000305175781,69.36000061035156,793200
2016-01-25,69.26000213623047,69.5199966430664,68.56999969482422,68.62000274658203,489500
2016-01-26,68.86000061035156,69.36000061035156,68.58999633789062,69.22000122070312,371800
2016-01-27,69.22000122070312,69.44999694824219,67.80999755859375,68.19000244140625,525400
2016-01-28,69.12999725341797,69.38999938964844,68.23999786376953,69.18000030517578,278200
2016-01-29,69.05999755859375,70.5199966430664,68.98999786376953,70.5,302100
2016-02-01,70.19000244140625,71.18000030517578,70.18000030517578,70.87999725341797,426400
2016-02-02,70.45999908447266,70.56999969482422,69.62999725341797,69.87000274658203,758900
2016-02-03,70.13999938964844,70.36000061035156,68.12000274658203,69.13999938964844,611700
2016-02-04,68.83000183105469,68.86000061035156,67.95999908447266,68.44000244140625,406600
2016-02-05,68.2300033569336,68.2300033569336,66.16000366210938,66.38999938964844,427100
2016-02-08,65.3499984741211,65.37999725341797,63.91999816894531,64.87999725341797,631000
2016-02-09,64.19000244140625,65.91000366210938,64.19000244140625,65.2300033569336,609900
2016-02-10,65.87999725341797,66.87999725341797,65.87000274658203,65.94000244140625,668300
2016-02-11,64.91999816894531,65.83999633789062,64.70999908447266,65.43000030517578,304900
2016-02-12,66.08000183105469,66.36000061035156,65.76000213623047,66.31999969482422,506200
2016-02-16,67.11000061035156,67.47000122070312,66.69999694824219,67.45999908447266,146200
2016-02-17,67.94000244140625,68.69999694824219,67.75,68.54000091552734,205100
2016-02-18,68.66000366210938,68.66000366210938,67.8499984741211,67.97000122070312,125800
2016-02-19,67.69999694824219,68.37999725341797,67.45999908447266,68.36000061035156,92600
2016-02-22,68.91999816894531,69.4800033569336,68.91999816894531,69.38999938964844,189000
2016-02-23,69.37999725341797,69.5999984741211,69.0,69.05000305175781,118400
2016-02-24,68.4800033569336,69.54000091552734,68.01000213623047,69.44999694824219,110100
2016-02-25,69.62999725341797,70.5,69.43000030517578,70.5,248100
2016-02-26,70.83999633789062,70.87999725341797,70.12999725341797,70.26000213623047,107300
2016-02-29,70.16000366210938,70.58999633789062,69.5999984741211,69.5999984741211,240400
2016-03-01,70.19000244140625,71.19999694824219,69.98999786376953,71.19999694824219,295300
2016-03-02,71.08999633789062,71.1500015258789,70.62999725341797,71.05999755859375,288300
2016-03-03,70.91000366210938,71.0199966430664,70.4000015258789,71.01000213623047,268000
2016-03-04,71.08999633789062,71.25,70.6500015258789,70.91000366210938,573000
2016-03-07,70.55000305175781,70.58999633789062,69.73999786376953,70.16000366210938,334800
2016-03-08,69.7699966430664,70.55000305175781,69.62999725341797,69.9000015258789,608000
2016-03-09,70.27999877929688,70.29000091552734,69.8499984741211,70.25,75900
2016-03-10,70.55999755859375,70.86000061035156,69.66999816894531,70.33000183105469,125400
2016-03-11,70.91999816894531,71.47000122070312,70.81999969482422,71.44999694824219,163000
2016-03-14,71.2300033569336,71.7300033569336,71.2300033569336,71.5999984741211,231400
2016-03-15,71.13999938964844,71.62999725341797,71.13999938964844,71.55999755859375,194300
2016-03-16,71.54000091552734,72.08999633789062,71.30999755859375,71.94999694824219,281000
2016-03-17,71.83999633789062,72.05999755859375,71.5199966430664,71.91000366210938,454400
2016-03-18,72.23999786376953,72.30999755859375,71.80999755859375,72.05000305175781,187300
2016-03-21,72.0,72.26000213623047,71.80999755859375,72.18000030517578,234500
2016-03-22,71.83999633789062,72.44999694824219,71.83999633789062,72.20999908447266,286800
2016-03-23,71.81999969482422,72.16000366210938,71.69999694824219,71.93000030517578,82100
2016-03-24,71.66000366210938,71.91000366210938,71.37999725341797,71.91000366210938,253900
2016-03-28,72.05999755859375,72.33000183105469,71.9800033569336,72.12000274658203,262400
2016-03-29,72.0,72.98999786376953,72.0,72.94000244140625,404000
2016-03-30,73.31999969482422,73.4800033569336,73.19999694824219,73.30000305175781,143000
2016-03-31,73.27999877929688,73.44999694824219,73.01000213623047,73.0999984741211,426600
2016-04-01,72.7699966430664,73.94999694824219,72.7699966430664,73.9000015258789,366200
2016-04-04,73.95999908447266,73.95999908447266,73.3499984741211,73.52999877929688,416500
2016-04-05,72.91999816894531,73.08999633789062,72.66999816894531,72.7699966430664,308300
2016-04-06,72.81999969482422,73.69000244140625,72.81999969482422,73.66999816894531,180000
2016-04-07,73.37999725341797,73.44999694824219,72.6500015258789,72.95999908447266,329500
2016-04-08,73.37999725341797,73.37999725341797,72.63999938964844,72.83999633789062,345400
2016-04-11,73.05999755859375,73.20999908447266,72.36000061035156,72.38999938964844,180900
2016-04-12,72.41000366210938,72.87999725341797,72.08000183105469,72.80999755859375,781000
2016-04-13,73.23999786376953,73.29000091552734,72.83000183105469,73.22000122070312,191000
2016-04-14,73.27999877929688,73.47000122070312,73.11000061035156,73.1500015258789,115100
2016-04-15,73.2300033569336,73.33000183105469,73.05000305175781,73.31999969482422,331400
2016-04-18,73.1500015258789,73.87000274658203,73.1500015258789,73.8499984741211,203300
2016-04-19,74.20999908447266,74.20999908447266,73.27999877929688,73.58999633789062,224600
2016-04-20,73.69000244140625,74.0199966430664,73.44999694824219,73.72000122070312,185500
2016-04-21,73.79000091552734,73.79000091552734,73.16999816894531,73.23999786376953,179800
2016-04-22,72.83000183105469,72.94000244140625,72.19000244140625,72.7699966430664,233100
2016-04-25,72.51000213623047,72.9000015258789,72.41999816894531,72.9000015258789,140000
2016-04-26,73.0199966430664,73.20999908447266,72.6500015258789,72.81999969482422,172900
2016-04-27,72.81999969482422,73.0,72.38999938964844,72.80999755859375,262500
2016-04-28,72.94999694824219,73.43000030517578,72.33999633789062,72.5199966430664,173600
2016-04-29,72.6500015258789,72.75,72.08999633789062,72.63999938964844,334600
2016-05-02,72.79000091552734,73.61000061035156,72.79000091552734,73.55999755859375,353100
2016-05-03,73.04000091552734,73.4000015258789,72.83999633789062,73.05999755859375,177200
2016-05-04,72.62999725341797,73.08999633789062,72.58000183105469,72.98999786376953,146500
2016-05-05,72.95999908447266,73.18000030517578,72.77999877929688,72.87000274658203,50600
2016-05-06,72.79000091552734,73.33999633789062,72.54000091552734,73.33000183105469,137300
2016-05-09,73.30999755859375,74.05000305175781,73.30999755859375,73.8499984741211,101500
2016-05-10,74.20999908447266,74.83999633789062,74.12000274658203,74.83999633789062,140800
2016-05-11,74.79000091552734,74.79000091552734,74.02999877929688,74.02999877929688,208500
2016-05-12,74.4000015258789,74.48999786376953,73.75,74.20999908447266,78000
2016-05-13,74.11000061035156,74.33999633789062,73.69000244140625,73.80000305175781,68000
2016-05-16,73.81999969482422,74.4800033569336,73.62999725341797,74.27999877929688,180400
2016-05-17,74.11000061035156,74.18000030517578,73.05999755859375,73.25,203000
2016-05-18,73.0199966430664,73.6500015258789,72.75,73.2300033569336,270100
2016-05-19,72.80000305175781,73.0999984741211,72.52999877929688,72.9800033569336,125800
2016-05-20,73.16999816894531,73.52999877929688,73.16999816894531,73.30999755859375,104600
2016-05-23,73.30999755859375,73.37000274658203,72.98999786376953,73.01000213623047,439800
2016-05-24,73.2699966430664,74.25,73.2699966430664,74.18000030517578,231500
2016-05-25,74.30000305175781,74.41999816894531,74.12999725341797,74.22000122070312,145500
2016-05-26,74.3499984741211,74.47000122070312,74.19000244140625,74.37000274658203,111300
2016-05-27,74.47000122070312,74.69999694824219,74.41000366210938,74.62000274658203,89600
2016-05-31,74.75,74.7699966430664,74.16000366210938,74.41999816894531,339200
2016-06-01,74.20999908447266,74.63999938964844,74.20999908447266,74.62999725341797,149300
2016-06-02,74.52999877929688,74.83000183105469,74.43000030517578,74.83000183105469,177600
2016-06-03,74.88999938964844,75.23999786376953,74.66999816894531,75.12000274658203,201100
2016-06-06,75.19000244140625,75.2699966430664,74.87000274658203,75.08000183105469,415600
2016-06-07,75.19000244140625,75.37000274658203,75.06999969482422,75.0999984741211,223900
2016-06-08,75.18000030517578,75.62000274658203,75.11000061035156,75.55999755859375,173600
2016-06-09,75.37999725341797,75.91000366210938,75.37999725341797,75.83999633789062,162800
2016-06-10,75.44999694824219,75.58999633789062,75.16000366210938,75.4000015258789,174200
2016-06-13,75.1500015258789,75.45999908447266,74.87999725341797,74.91999816894531,190500
2016-06-14,74.7699966430664,75.0,74.56999969482422,75.0,163700
2016-06-15,75.0999984741211,75.20999908447266,74.7699966430664,74.83000183105469,423100
2016-06-16,74.62000274658203,75.16999816894531,74.4000015258789,75.12999725341797,224400
2016-06-17,75.19000244140625,75.19000244140625,74.30999755859375,74.66000366210938,216200
2016-06-20,75.19999694824219,75.44999694824219,75.05000305175781,75.0999984741211,159600
2016-06-21,75.06999969482422,75.19999694824219,74.98999786376953,75.04000091552734,139500
2016-06-22,75.12000274658203,75.19000244140625,74.83000183105469,74.86000061035156,159200
2016-06-23,75.27999877929688,75.54000091552734,75.08000183105469,75.54000091552734,223400
2016-06-24,73.7699966430664,74.91000366210938,73.31999969482422,73.94000244140625,309600
2016-06-27,73.51000213623047,73.69000244140625,73.1500015258789,73.58999633789062,337200
2016-06-28,74.12999725341797,74.5199966430664,73.9000015258789,74.48999786376953,277000
2016-06-29,74.91000366210938,75.38999938964844,74.91000366210938,75.33999633789062,423300
2016-06-30,75.47000122070312,76.4000015258789,75.44999694824219,76.4000015258789,295100
2016-07-01,76.48999786376953,76.72000122070312,76.44999694824219,76.47000122070312,178600
2016-07-05,76.41999816894531,76.80999755859375,76.41999816894531,76.72000122070312,209000
2016-07-06,76.4800033569336,77.19999694824219,76.44999694824219,77.19000244140625,324600
2016-07-07,77.16000366210938,77.16999816894531,76.55999755859375,76.77999877929688,352700
2016-07-08,77.19999694824219,77.70999908447266,76.94000244140625,77.69999694824219,282000
2016-07-11,77.83999633789062,78.02999877929688,77.66000366210938,77.86000061035156,403800
2016-07-12,77.97000122070312,78.04000091552734,77.68000030517578,77.68000030517578,340600
2016-07-13,77.87000274658203,77.94000244140625,77.70999908447266,77.80000305175781,243300
2016-07-14,77.97000122070312,78.12000274658203,77.77999877929688,77.94000244140625,178100
2016-07-15,78.12999725341797,78.16999816894531,77.66999816894531,77.8499984741211,425900
2016-07-18,77.97000122070312,78.05000305175781,77.83000183105469,78.0199966430664,330500
2016-07-19,77.83000183105469,78.19999694824219,77.80000305175781,78.19999694824219,226800
2016-07-20,78.37999725341797,78.44999694824219,78.22000122070312,78.33999633789062,219700
2016-07-21,78.33000183105469,78.33000183105469,77.79000091552734,77.94999694824219,136500
2016-07-22,77.97000122070312,78.48999786376953,77.97000122070312,78.48999786376953,225600
2016-07-25,78.44999694824219,78.4800033569336,78.05000305175781,78.27999877929688,220300
2016-07-26,78.27999877929688,78.33999633789062,77.81999969482422,78.02999877929688,138700
2016-07-27,78.16000366210938,78.20999908447266,77.45999908447266,77.7699966430664,212500
2016-07-28,77.91999816894531,78.2300033569336,77.69999694824219,78.13999938964844,97700
2016-07-29,78.27999877929688,78.76000213623047,78.20999908447266,78.44999694824219,209200
2016-08-01,78.41999816894531,78.75,78.37999725341797,78.56999969482422,190600
2016-08-02,78.55000305175781,78.55000305175781,77.98999786376953,78.2300033569336,211100
2016-08-03,78.1500015258789,78.23999786376953,77.7699966430664,77.91999816894531,155200
2016-08-04,77.98999786376953,78.27999877929688,77.91000366210938,78.08999633789062,138500
2016-08-05,78.30000305175781,78.38999938964844,78.20999908447266,78.33999633789062,337800
2016-08-08,78.4000015258789,78.44000244140625,78.05000305175781,78.1500015258789,120300
2016-08-09,78.18000030517578,78.62000274658203,78.08999633789062,78.3499984741211,400700
2016-08-10,78.41000366210938,78.5,78.30999755859375,78.47000122070312,101600
2016-08-11,78.55000305175781,78.75,78.5,78.70999908447266,164100
2016-08-12,78.62000274658203,78.77999877929688,78.54000091552734,78.68000030517578,244600
2016-08-15,78.73999786376953,78.73999786376953,78.44000244140625,78.45999908447266,131200
2016-08-16,78.30000305175781,78.30000305175781,77.66999816894531,77.69999694824219,166600
2016-08-17,77.70999908447266,77.97000122070312,77.33999633789062,77.95999908447266,187300
2016-08-18,77.9000015258789,77.98999786376953,77.80000305175781,77.98999786376953,161200
2016-08-19,77.80000305175781,77.8499984741211,77.55000305175781,77.7300033569336,275300
2016-08-22,77.7300033569336,77.93000030517578,77.5999984741211,77.83999633789062,117900
2016-08-23,78.06999969482422,78.16999816894531,77.86000061035156,77.87999725341797,166900
2016-08-24,77.83000183105469,77.83000183105469,77.29000091552734,77.44000244140625,146700
2016-08-25,77.23999786376953,77.5999984741211,77.0,77.4000015258789,176800
2016-08-26,77.45999908447266,77.87999725341797,76.8499984741211,77.16999816894531,270600
2016-08-29,77.23999786376953,77.69000244140625,77.2300033569336,77.66999816894531,145600
2016-08-30,77.62999725341797,77.75,77.16999816894531,77.33999633789062,179800
2016-08-31,77.25,77.31999969482422,76.97000122070312,77.27999877929688,260200
2016-09-01,77.30999755859375,77.41999816894531,77.05000305175781,77.41000366210938,129400
2016-09-02,77.63999938964844,78.0,77.58000183105469,77.81999969482422,237900
2016-09-06,77.98999786376953,78.27999877929688,77.86000061035156,78.2699966430664,366600
2016-09-07,78.25,78.25,77.86000061035156,78.05999755859375,199200
2016-09-08,77.94999694824219,77.95999908447266,77.61000061035156,77.69000244140625,648600
2016-09-09,77.23999786376953,77.23999786376953,75.5999984741211,75.61000061035156,245300
2016-09-12,75.3499984741211,76.83999633789062,75.26000213623047,76.75,193000
2016-09-13,76.30000305175781,76.33000183105469,75.4800033569336,75.68000030517578,151300
2016-09-14,75.70999908447266,76.16000366210938,75.55999755859375,75.79000091552734,200600
2016-09-15,75.7300033569336,76.62999725341797,75.62999725341797,76.5,177600
2016-09-16,76.38999938964844,76.58999633789062,76.11000061035156,76.4000015258789,152500
2016-09-19,76.5999984741211,76.83999633789062,76.37000274658203,76.51000213623047,91400
2016-09-20,76.75,76.88999938964844,76.52999877929688,76.58999633789062,263900
2016-09-21,76.77999877929688,77.72000122070312,76.63999938964844,77.66999816894531,213300
2016-09-22,77.9800033569336,78.36000061035156,77.9800033569336,78.26000213623047,107800
2016-09-23,78.05999755859375,78.0999984741211,77.8499984741211,77.91000366210938,218100
2016-09-26,77.38999938964844,77.38999938964844,77.0999984741211,77.12999725341797,129700
2016-09-27,77.19000244140625,77.80000305175781,77.18000030517578,77.62999725341797,80800
2016-09-28,77.69000244140625,77.79000091552734,77.3499984741211,77.75,177600
2016-09-29,77.70999908447266,77.80000305175781,76.95999908447266,77.0999984741211,187900
2016-09-30,77.3499984741211,77.62999725341797,77.19000244140625,77.37000274658203,97800
2016-10-03,77.22000122070312,77.22000122070312,76.86000061035156,77.08999633789062,312500
2016-10-04,77.16000366210938,77.16000366210938,76.06999969482422,76.33999633789062,181900
2016-10-05,76.5199966430664,76.6500015258789,76.19000244140625,76.29000091552734,95800
2016-10-06,76.22000122070312,76.5999984741211,76.06999969482422,76.5199966430664,136600
2016-10-07,76.52999877929688,76.61000061035156,75.8499984741211,76.22000122070312,90100
2016-10-10,76.45999908447266,76.62999725341797,76.45999908447266,76.55999755859375,571600
2016-10-11,76.4000015258789,76.4000015258789,75.43000030517578,75.61000061035156,375000
2016-10-12,75.6500015258789,76.2300033569336,75.6500015258789,76.11000061035156,129800
2016-10-13,75.68000030517578,76.2300033569336,75.47000122070312,76.02999877929688,193400
2016-10-14,76.26000213623047,76.5,75.94999694824219,75.94999694824219,226800
2016-10-17,75.95999908447266,76.04000091552734,75.75,75.80999755859375,140700
2016-10-18,76.2699966430664,76.47000122070312,76.05000305175781,76.20999908447266,201700
2016-10-19,76.29000091552734,76.30999755859375,76.0,76.16999816894531,154600
2016-10-20,76.12999725341797,76.2300033569336,75.9000015258789,76.08000183105469,329900
2016-10-21,75.97000122070312,76.16000366210938,75.86000061035156,76.13999938964844,124500
2016-10-24,76.38999938964844,76.66000366210938,76.38999938964844,76.6500015258789,334100
2016-10-25,76.61000061035156,76.75,76.20999908447266,76.22000122070312,282400
2016-10-26,76.0,76.12000274658203,75.6500015258789,75.76000213623047,145300
2016-10-27,76.0,76.05000305175781,75.25,75.2699966430664,164400
2016-10-28,75.23999786376953,75.93000030517578,75.23999786376953,75.43000030517578,430100
2016-10-31,75.56999969482422,75.94999694824219,75.51000213623047,75.87000274658203,206900
2016-11-01,75.94999694824219,76.05999755859375,74.79000091552734,75.13999938964844,292800
2016-11-02,75.02999877929688,75.13999938964844,74.55000305175781,74.62000274658203,189500
2016-11-03,74.5,74.62999725341797,74.12000274658203,74.19999694824219,214700
2016-11-04,74.20999908447266,74.54000091552734,74.06999969482422,74.12000274658203,170200
2016-11-07,74.98999786376953,75.62999725341797,74.93000030517578,75.5999984741211,142500
2016-11-08,75.5999984741211,76.37999725341797,75.5999984741211,76.1500015258789,177500
2016-11-09,75.31999969482422,75.98999786376953,75.0,75.83000183105469,335000
2016-11-10,76.05000305175781,76.05000305175781,74.30999755859375,74.86000061035156,742000
2016-11-11,74.87000274658203,75.0199966430664,74.54000091552734,74.76000213623047,157300
2016-11-14,74.88999938964844,74.88999938964844,74.05999755859375,74.1500015258789,396500
2016-11-15,74.37000274658203,74.87999725341797,74.30999755859375,74.8499984741211,300600
2016-11-16,74.66999816894531,75.06999969482422,74.66999816894531,75.06999969482422,224000
2016-11-17,75.1500015258789,75.51000213623047,75.08999633789062,75.4800033569336,179700
2016-11-18,75.56999969482422,75.62000274658203,75.16999816894531,75.2699966430664,212100
2016-11-21,75.36000061035156,75.79000091552734,75.36000061035156,75.77999877929688,707700
2016-11-22,76.01000213623047,76.16000366210938,75.8499984741211,76.04000091552734,253300
2016-11-23,75.87999725341797,76.19999694824219,75.75,76.19999694824219,221300
2016-11-25,76.12000274658203,76.37000274658203,76.12000274658203,76.33000183105469,52400
2016-11-28,76.25,76.51000213623047,76.25,76.30000305175781,176200
2016-11-29,76.36000061035156,76.76000213623047,76.36000061035156,76.5999984741211,228800
2016-11-30,76.4800033569336,76.4800033569336,75.41999816894531,75.41999816894531,209100
2016-12-01,75.41999816894531,75.41999816894531,73.9000015258789,74.0,360900
2016-12-02,74.0999984741211,74.6500015258789,74.01000213623047,74.44000244140625,216900
2016-12-05,74.77999877929688,75.05000305175781,74.58000183105469,74.98999786376953,362700
2016-12-06,75.11000061035156,75.20999908447266,74.95999908447266,75.18000030517578,261500
2016-12-07,75.1500015258789,76.22000122070312,75.06999969482422,76.16000366210938,133300
2016-12-08,76.16999816894531,76.38999938964844,76.04000091552734,76.12999725341797,151300
2016-12-09,76.37999725341797,76.37999725341797,76.11000061035156,76.3499984741211,432100
2016-12-12,76.13999938964844,76.29000091552734,75.94999694824219,76.26000213623047,155900
2016-12-13,76.45999908447266,77.16000366210938,76.45999908447266,76.88999938964844,193300
2016-12-14,76.9800033569336,77.22000122070312,76.33000183105469,76.43000030517578,191300
2016-12-15,76.48999786376953,77.0,76.4800033569336,76.81999969482422,204000
2016-12-16,76.9800033569336,77.30000305175781,76.44000244140625,76.61000061035156,140200
2016-12-19,76.7699966430664,77.06999969482422,76.70999908447266,76.87000274658203,289700
2016-12-20,77.12999725341797,77.26000213623047,77.0,77.12000274658203,262500
2016-12-21,77.12999725341797,77.13999938964844,76.9800033569336,77.02999877929688,421100
2016-12-22,76.68000030517578,76.7699966430664,76.4000015258789,76.61000061035156,405000
2016-12-23,76.4800033569336,76.75,76.4800033569336,76.75,177100
2016-12-27,76.77999877929688,77.16000366210938,76.77999877929688,77.08999633789062,119000
2016-12-28,77.20999908447266,77.20999908447266,76.23999786376953,76.30000305175781,106800
2016-12-29,76.25,76.45999908447266,76.16000366210938,76.45999908447266,126900
2016-12-30,76.54000091552734,76.5999984741211,75.6500015258789,75.86000061035156,224000
2017-01-03,76.12999725341797,76.45999908447266,75.7300033569336,76.08000183105469,284100
2017-01-04,76.23999786376953,76.66000366210938,76.23999786376953,76.52999877929688,215400
2017-01-05,76.54000091552734,76.81999969482422,76.38999938964844,76.77999877929688,393500
2017-01-06,76.7699966430664,77.37000274658203,76.5999984741211,77.22000122070312,248900
2017-01-09,77.25,77.36000061035156,77.08000183105469,77.19000244140625,158100
2017-01-10,77.22000122070312,77.4000015258789,77.01000213623047,77.1500015258789,182200
2017-01-11,77.22000122070312,77.4000015258789,76.91000366210938,77.4000015258789,175300
2017-01-12,77.16999816894531,77.33000183105469,76.66999816894531,77.30999755859375,168800
2017-01-13,77.3499984741211,77.61000061035156,77.0999984741211,77.5,1059900
2017-01-17,77.44000244140625,77.5199966430664,77.11000061035156,77.31999969482422,394900
2017-01-18,77.41999816894531,77.61000061035156,77.30000305175781,77.55000305175781,451700
2017-01-19,77.55000305175781,77.72000122070312,77.27999877929688,77.45999908447266,274300
2017-01-20,77.7699966430664,78.01000213623047,77.51000213623047,77.62000274658203,260000
2017-01-23,77.47000122070312,77.6500015258789,77.1500015258789,77.44999694824219,157400
2017-01-24,77.56999969482422,78.19000244140625,77.55999755859375,78.08000183105469,337800
2017-01-25,78.41000366210938,78.72000122070312,78.33999633789062,78.72000122070312,424600
2017-01-26,78.69999694824219,78.70999908447266,78.4800033569336,78.61000061035156,458000
2017-01-27,78.7699966430664,78.81999969482422,78.5999984741211,78.7300033569336,206100
2017-01-30,78.5,78.5999984741211,77.91000366210938,78.25,125100
2017-01-31,78.02999877929688,78.27999877929688,77.88999938964844,78.25,312100
2017-02-01,78.52999877929688,78.52999877929688,77.95999908447266,78.43000030517578,551300
2017-02-02,78.23999786376953,78.62000274658203,78.05999755859375,78.56999969482422,267200
2017-02-03,78.62999725341797,78.9800033569336,78.62999725341797,78.88999938964844,153100
2017-02-06,78.88999938964844,78.88999938964844,78.6500015258789,78.8499984741211,162000
2017-02-07,79.08999633789062,79.19000244140625,78.91000366210938,79.08999633789062,345300
2017-02-08,79.02999877929688,79.30999755859375,78.94000244140625,79.29000091552734,633900
2017-02-09,79.3499984741211,79.58000183105469,79.29000091552734,79.44000244140625,246100
2017-02-10,79.56999969482422,79.80999755859375,79.43000030517578,79.69000244140625,149600
2017-02-13,79.87000274658203,79.9800033569336,79.80000305175781,79.93000030517578,177900
2017-02-14,79.80999755859375,79.94999694824219,79.58000183105469,79.91999816894531,321900
2017-02-15,79.87000274658203,80.37000274658203,79.86000061035156,80.30000305175781,355800
2017-02-16,80.33000183105469,80.47000122070312,80.11000061035156,80.44000244140625,150600
2017-02-17,80.25,80.54000091552734,80.11000061035156,80.54000091552734,108100
2017-02-21,80.66000366210938,81.16999816894531,80.66000366210938,81.11000061035156,137000
2017-02-22,81.0,81.19999694824219,80.9800033569336,81.19000244140625,154700
2017-02-23,81.2699966430664,81.29000091552734,80.62000274658203,80.98999786376953,168100
2017-02-24,80.5999984741211,81.18000030517578,80.51000213623047,81.16000366210938,108700
2017-02-27,81.16000366210938,81.33999633789062,81.0199966430664,81.33000183105469,107400
2017-02-28,81.30999755859375,81.4000015258789,81.08000183105469,81.22000122070312,393500
2017-03-01,81.61000061035156,82.22000122070312,81.56999969482422,82.06999969482422,256600
2017-03-02,82.0,82.0,81.58000183105469,81.58000183105469,431400
2017-03-03,81.5999984741211,81.7300033569336,81.4000015258789,81.70999908447266,79100
2017-03-06,81.41999816894531,81.66000366210938,81.26000213623047,81.55999755859375,226800
2017-03-07,81.38999938964844,81.80000305175781,81.38999938964844,81.55999755859375,154400
2017-03-08,81.54000091552734,81.77999877929688,81.41999816894531,81.52999877929688,192300
2017-03-09,81.48999786376953,81.7300033569336,81.3499984741211,81.66999816894531,165100
2017-03-10,82.01000213623047,82.16000366210938,81.76000213623047,82.16000366210938,227900
2017-03-13,82.16000366210938,82.45999908447266,82.12999725341797,82.44999694824219,142300
2017-03-14,82.30000305175781,82.31999969482422,81.91999816894531,82.1500015258789,140300
2017-03-15,82.27999877929688,83.04000091552734,82.20999908447266,82.87999725341797,202900
2017-03-16,82.95999908447266,82.97000122070312,82.5199966430664,82.66999816894531,126100
2017-03-17,82.87000274658203,83.12000274658203,82.80000305175781,82.87000274658203,127100
2017-03-20,82.87999725341797,83.08999633789062,82.75,82.91000366210938,196800
2017-03-21,83.06999969482422,83.26000213623047,81.87999725341797,81.94000244140625,175900
2017-03-22,81.9000015258789,82.43000030517578,81.87000274658203,82.37000274658203,158700
2017-03-23,82.2300033569336,82.62000274658203,82.0999984741211,82.20999908447266,520400
2017-03-24,82.33999633789062,82.5199966430664,81.79000091552734,82.1500015258789,136200
2017-03-27,81.5,82.16999816894531,81.37000274658203,82.05000305175781,157800
2017-03-28,81.97000122070312,82.51000213623047,81.86000061035156,82.37999725341797,103500
2017-03-29,82.26000213623047,82.63999938964844,82.13999938964844,82.62000274658203,193400
2017-03-30,82.5999984741211,82.83000183105469,82.54000091552734,82.6500015258789,294700
2017-03-31,82.62000274658203,82.94000244140625,82.55999755859375,82.6500015258789,159300
2017-04-03,82.7699966430664,82.83999633789062,82.18000030517578,82.6500015258789,529300
2017-04-04,82.37999725341797,82.61000061035156,82.30000305175781,82.5999984741211,205700
2017-04-05,82.72000122070312,83.26000213623047,82.4000015258789,82.48999786376953,196800
2017-04-06,82.55999755859375,82.7699966430664,82.3499984741211,82.63999938964844,110600
2017-04-07,82.68000030517578,82.86000061035156,82.44999694824219,82.61000061035156,102400
2017-04-10,82.70999908447266,82.87000274658203,82.44000244140625,82.58999633789062,183700
2017-04-11,82.4800033569336,82.54000091552734,81.95999908447266,82.5,127000
2017-04-12,82.44999694824219,82.44999694824219,82.06999969482422,82.19000244140625,286400
2017-04-13,82.06999969482422,82.37999725341797,81.80000305175781,81.80000305175781,186900
2017-04-17,81.97000122070312,82.68000030517578,81.97000122070312,82.66000366210938,142100
2017-04-18,82.41000366210938,82.73999786376953,82.41000366210938,82.61000061035156,1459700
2017-04-19,82.9000015258789,83.08000183105469,82.63999938964844,82.73999786376953,381600
2017-04-20,82.91000366210938,83.33999633789062,82.6500015258789,83.22000122070312,177300
2017-04-21,83.18000030517578,83.30000305175781,83.0199966430664,83.19999694824219,156500
2017-04-24,83.91999816894531,84.16000366210938,83.80000305175781,84.05000305175781,143200
2017-04-25,84.25,84.62000274658203,84.22000122070312,84.52999877929688,241400
2017-04-26,84.58999633789062,84.61000061035156,84.20999908447266,84.25,241600
2017-04-27,84.3499984741211,84.79000091552734,84.33999633789062,84.6500015258789,181700
2017-04-28,85.01000213623047,85.06999969482422,84.61000061035156,84.77999877929688,128100
2017-05-01,84.97000122070312,85.30999755859375,84.81999969482422,85.22000122070312,297000
2017-05-02,85.26000213623047,85.26000213623047,84.94000244140625,85.06999969482422,1341700
2017-05-03,84.97000122070312,85.0999984741211,84.63999938964844,84.83000183105469,288300
2017-05-04,84.94999694824219,85.04000091552734,84.69000244140625,84.97000122070312,1751200
2017-05-05,85.23999786376953,85.41999816894531,85.06999969482422,85.41000366210938,167100
2017-05-08,85.48999786376953,85.48999786376953,85.1500015258789,85.3499984741211,476400
2017-05-09,85.47000122070312,85.56999969482422,85.19999694824219,85.31999969482422,1369300
2017-05-10,85.63999938964844,85.94000244140625,85.44000244140625,85.93000030517578,246300
2017-05-11,85.69000244140625,85.9800033569336,85.43000030517578,85.9000015258789,106300
2017-05-12,85.94999694824219,86.05000305175781,85.83999633789062,86.05000305175781,896700
2017-05-15,86.2300033569336,86.72000122070312,86.05999755859375,86.70999908447266,295200
2017-05-16,86.88999938964844,86.88999938964844,86.58999633789062,86.8499984741211,150800
2017-05-17,86.19999694824219,86.4000015258789,85.19000244140625,85.22000122070312,145300
2017-05-18,85.16999816894531,86.11000061035156,85.0,85.8499984741211,286000
2017-05-19,86.19000244140625,86.5999984741211,85.97000122070312,86.37000274658203,145300
2017-05-22,86.5999984741211,87.18000030517578,86.5999984741211,87.16000366210938,150900
2017-05-23,87.36000061035156,87.37999725341797,87.12999725341797,87.27999877929688,155100
2017-05-24,87.5199966430664,87.76000213623047,87.44999694824219,87.7300033569336,317200
2017-05-25,88.05000305175781,88.56999969482422,87.88999938964844,88.43000030517578,262200
2017-05-26,88.45999908447266,88.56999969482422,88.25,88.56999969482422,148100
2017-05-30,88.5199966430664,88.80999755859375,88.51000213623047,88.7699966430664,134200
2017-05-31,88.98999786376953,89.05999755859375,88.48999786376953,88.81999969482422,120000
2017-06-01,89.0199966430664,89.44999694824219,88.73999786376953,89.44999694824219,652000
2017-06-02,89.47000122070312,90.12000274658205,89.30999755859375,89.91999816894531,366200
2017-06-05,89.98999786376953,90.16000366210938,89.72000122070312,89.76000213623047,428400
2017-06-06,89.54000091552734,89.8499984741211,89.43000030517578,89.54000091552734,714600
2017-06-07,89.81999969482422,90.16999816894533,89.7300033569336,90.08000183105467,323500
2017-06-08,90.25,90.5199966430664,89.88999938964844,90.37999725341795,260700
2017-06-09,90.69000244140624,91.04000091552734,88.62000274658203,89.45999908447266,338500
2017-06-12,89.05999755859375,89.23999786376953,88.37999725341797,89.16999816894531,2192200
2017-06-13,89.5199966430664,89.93000030517578,89.3499984741211,89.91000366210938,300000
2017-06-14,89.91000366210938,89.91999816894531,89.19000244140625,89.7300033569336,167000
2017-06-15,88.94999694824219,89.63999938964844,88.88999938964844,89.55999755859375,143600
2017-06-16,89.6500015258789,89.6500015258789,89.16999816894531,89.44999694824219,134700
2017-06-19,89.97000122070312,90.83000183105467,89.7699966430664,90.79000091552734,162500
2017-06-20,90.61000061035156,90.70999908447266,89.9800033569336,90.0199966430664,839900
2017-06-21,90.2699966430664,90.31999969482422,89.91999816894531,90.05999755859375,237400
2017-06-22,89.9800033569336,90.13999938964844,89.72000122070312,89.8499984741211,235700
2017-06-23,89.91999816894531,89.98999786376953,89.54000091552734,89.69000244140625,107600
2017-06-26,90.05000305175781,90.23999786376952,89.30000305175781,89.5999984741211,222700
2017-06-27,89.23999786376953,89.5199966430664,88.58000183105469,88.58000183105469,173400
2017-06-28,89.0199966430664,89.86000061035156,88.98999786376953,89.75,203600
2017-06-29,90.04000091552734,90.04000091552734,88.11000061035156,88.91999816894531,355700
2017-06-30,89.3499984741211,89.4000015258789,88.77999877929688,88.88999938964844,177800
2017-07-03,89.38999938964844,89.5,88.88999938964844,88.88999938964844,80000
2017-07-05,89.1500015258789,89.77999877929688,89.0,89.69999694824219,1277900
2017-07-06,89.26000213623047,89.70999908447266,88.91999816894531,89.13999938964844,430100
2017-07-07,89.48999786376953,90.22000122070312,89.48999786376953,90.01000213623047,228700
2017-07-10,89.9800033569336,90.58000183105467,89.8499984741211,90.41999816894533,655900
2017-07-11,90.38999938964844,90.61000061035156,89.93000030517578,90.37999725341795,447000
2017-07-12,90.80999755859376,91.26000213623048,90.8000030517578,91.1999969482422,249600
2017-07-13,91.26000213623048,91.51000213623048,91.04000091552734,91.3000030517578,216700
2017-07-14,91.19000244140624,91.83000183105467,90.97000122070312,91.66000366210938,1932700
2017-07-17,91.69000244140624,91.8000030517578,91.44000244140624,91.63999938964844,207500
2017-07-18,91.36000061035156,91.56999969482422,91.0199966430664,91.56999969482422,315700
2017-07-19,91.80999755859376,92.0500030517578,91.70999908447266,92.04000091552734,203100
2017-07-20,92.1500015258789,92.44000244140624,91.52999877929688,91.9499969482422,167200
2017-07-21,91.70999908447266,91.98999786376952,91.63999938964844,91.93000030517578,148500
2017-07-24,91.9000015258789,92.04000091552734,91.73999786376952,91.9800033569336,326400
2017-07-25,92.3499984741211,92.4800033569336,92.13999938964844,92.25,210200
2017-07-26,92.55999755859376,92.69000244140624,92.11000061035156,92.2699966430664,285200
2017-07-27,92.58999633789062,92.61000061035156,90.95999908447266,91.75,370000
2017-07-28,91.43000030517578,91.86000061035156,91.36000061035156,91.76000213623048,439500
2017-07-31,92.26000213623048,92.41999816894533,91.87000274658205,91.9800033569336,518700
2017-08-01,92.31999969482422,92.55999755859376,92.05999755859376,92.26000213623048,356500
2017-08-02,92.33999633789062,92.7300033569336,91.81999969482422,92.3000030517578,317600
2017-08-03,92.45999908447266,92.45999908447266,91.9800033569336,92.19000244140624,275600
2017-08-04,92.48999786376952,92.9000015258789,92.4800033569336,92.62999725341795,408700
2017-08-07,92.9800033569336,93.11000061035156,92.72000122070312,93.08999633789062,483700
2017-08-08,93.18000030517578,93.69000244140624,92.76000213623048,92.98999786376952,1063500
2017-08-09,92.69000244140624,93.06999969482422,92.3499984741211,93.0500030517578,289800
2017-08-10,92.66000366210938,92.6999969482422,91.29000091552734,91.3499984741211,358200
2017-08-11,91.55999755859376,91.68000030517578,91.19000244140624,91.43000030517578,303400
2017-08-14,92.27999877929688,93.04000091552734,92.27999877929688,92.93000030517578,292600
2017-08-15,93.36000061035156,93.45999908447266,92.80999755859376,92.9499969482422,245800
2017-08-16,93.3499984741211,93.41999816894533,92.77999877929688,93.0999984741211,322600
2017-08-17,92.86000061035156,92.87999725341795,91.29000091552734,91.3000030517578,244600
2017-08-18,91.1999969482422,91.9000015258789,90.94000244140624,91.29000091552734,292800
2017-08-21,91.3000030517578,91.3499984741211,90.66999816894533,91.1999969482422,300600
2017-08-22,91.62999725341795,92.68000030517578,91.62000274658205,92.5999984741211,359900
2017-08-23,92.45999908447266,92.45999908447266,92.0500030517578,92.16999816894533,276300
2017-08-24,92.58000183105467,92.58000183105467,91.8499984741211,92.05999755859376,253100
2017-08-25,92.47000122070312,92.62999725341795,91.98999786376952,92.0999984741211,212000
2017-08-28,92.37999725341795,92.37999725341795,91.97000122070312,92.16999816894533,152500
2017-08-29,91.94000244140624,92.36000061035156,91.37000274658205,92.1999969482422,200400
2017-08-30,92.31999969482422,92.94000244140624,92.12000274658205,92.81999969482422,270100
2017-08-31,93.27999877929688,93.41999816894533,93.0,93.33000183105467,275600
2017-09-01,93.56999969482422,93.73999786376952,93.5,93.56999969482422,379600
2017-09-05,93.18000030517578,93.18000030517578,91.9499969482422,92.4000015258789,280900
2017-09-06,92.8499984741211,92.87000274658205,92.30999755859376,92.68000030517578,631300
2017-09-07,92.8499984741211,92.8499984741211,91.9800033569336,92.16999816894533,221100
2017-09-08,92.01000213623048,92.4800033569336,92.01000213623048,92.20999908447266,194300
2017-09-11,92.9800033569336,93.41999816894533,92.9800033569336,93.37999725341795,203200
2017-09-12,93.63999938964844,93.93000030517578,93.51000213623048,93.83000183105467,185800
2017-09-13,93.6999969482422,94.01000213623048,93.58999633789062,93.9499969482422,182800
2017-09-14,93.86000061035156,94.16999816894533,93.75,93.81999969482422,274200
2017-09-15,93.83999633789062,94.29000091552734,93.66999816894533,94.29000091552734,172500
2017-09-18,94.58999633789062,95.12999725341795,94.58999633789062,94.91999816894533,281200
2017-09-19,95.11000061035156,95.27999877929688,94.80999755859376,95.13999938964844,266400
2017-09-20,95.25,95.25,94.62999725341795,95.12000274658205,236000
2017-09-21,95.25,95.25,94.5500030517578,94.8499984741211,321800
2017-09-22,94.62000274658205,94.93000030517578,94.5500030517578,94.88999938964844,129800
2017-09-25,94.7300033569336,94.7300033569336,93.58000183105467,94.0,251600
2017-09-26,94.29000091552734,94.29000091552734,93.58999633789062,93.76000213623048,429100
2017-09-27,94.5,95.2699966430664,94.3000030517578,94.98999786376952,633200
2017-09-28,95.12999725341795,95.12999725341795,94.61000061035156,95.08999633789062,179300
2017-09-29,95.29000091552734,95.72000122070312,95.08999633789062,95.68000030517578,256000
2017-10-02,96.01000213623048,96.12000274658205,95.6999969482422,96.06999969482422,337400
2017-10-03,96.44000244140624,96.4499969482422,96.11000061035156,96.37000274658205,489100
2017-10-04,96.33999633789062,96.47000122070312,96.06999969482422,96.4000015258789,272300
2017-10-05,96.79000091552734,97.0,96.4499969482422,96.98999786376952,252700
2017-10-06,96.9800033569336,97.08999633789062,96.81999969482422,97.08999633789062,278400
2017-10-09,97.3000030517578,97.3000030517578,96.75,96.97000122070312,347800
2017-10-10,97.25,97.29000091552734,96.72000122070312,97.1500015258789,206900
2017-10-11,97.27999877929688,97.27999877929688,96.86000061035156,97.27999877929688,489100
2017-10-12,97.3499984741211,97.36000061035156,96.9000015258789,96.98999786376952,581200
2017-10-13,97.26000213623048,97.30999755859376,96.77999877929688,97.1999969482422,421600
2017-10-16,97.41000366210938,97.73999786376952,97.38999938964844,97.73999786376952,219500
2017-10-17,97.91999816894533,97.91999816894533,97.68000030517578,97.77999877929688,363300
2017-10-18,98.08000183105467,98.22000122070312,97.7699966430664,98.02999877929688,401800
2017-10-19,97.91000366210938,98.36000061035156,97.33999633789062,98.33000183105467,268000
2017-10-20,99.08999633789062,99.4499969482422,98.9800033569336,99.3499984741211,364200
2017-10-23,99.6999969482422,99.6999969482422,99.0500030517578,99.13999938964844,414400
2017-10-24,99.38999938964844,99.8000030517578,99.3499984741211,99.70999908447266,326500
2017-10-25,99.68000030517578,99.68000030517578,98.4000015258789,99.11000061035156,555100
2017-10-26,99.08999633789062,99.58999633789062,99.08000183105467,99.29000091552734,433300
2017-10-27,99.66000366210938,100.62000274658205,99.66000366210938,100.51000213623048,321200
2017-10-30,99.66000366210938,100.62000274658205,99.66000366210938,100.2300033569336,323200
2017-10-31,100.70999908447266,100.8000030517578,100.4000015258789,100.5,438000
2017-11-01,101.18000030517578,101.18000030517578,99.9499969482422,100.2699966430664,472900
2017-11-02,100.4000015258789,100.70999908447266,99.9000015258789,100.66000366210938,327800
2017-11-03,101.0,101.1500015258789,100.4800033569336,101.1500015258789,720700
2017-11-06,101.1999969482422,101.4000015258789,101.0500030517578,101.30999755859376,638100
2017-11-07,101.55999755859376,101.62000274658205,100.7699966430664,101.0199966430664,767200
2017-11-08,101.02999877929688,101.16000366210938,100.5999984741211,100.97000122070312,319600
2017-11-09,100.25,100.58000183105467,99.31999969482422,100.1999969482422,511500
2017-11-10,100.30999755859376,100.5999984741211,100.2300033569336,100.48999786376952,502900
2017-11-13,100.3000030517578,100.86000061035156,100.04000091552734,100.73999786376952,452800
2017-11-14,100.44000244140624,100.61000061035156,100.0500030517578,100.56999969482422,365600
2017-11-15,100.16999816894533,100.51000213623048,99.5999984741211,100.2300033569336,343400
2017-11-16,100.9000015258789,101.41000366210938,100.73999786376952,101.18000030517578,782000
2017-11-17,101.19000244140624,101.19000244140624,100.72000122070312,100.80999755859376,369700
2017-11-20,101.06999969482422,101.41000366210938,100.94000244140624,101.29000091552734,404200
2017-11-21,101.77999877929688,102.0999984741211,101.7300033569336,102.0500030517578,499500
2017-11-22,102.12000274658205,102.12000274658205,101.58000183105467,101.62999725341795,414800
2017-11-24,101.93000030517578,101.93000030517578,101.69000244140624,101.81999969482422,200800
2017-11-27,101.81999969482422,101.87000274658205,101.47000122070312,101.62000274658205,322300
2017-11-28,101.94000244140624,102.91999816894533,101.70999908447266,102.86000061035156,491500
2017-11-29,103.0999984741211,103.22000122070312,101.9000015258789,102.31999969482422,570400
2017-11-30,103.0,103.75,102.47000122070312,103.30999755859376,568900
2017-12-01,103.43000030517578,103.43000030517578,100.91000366210938,102.66999816894533,918200
2017-12-04,103.79000091552734,103.87000274658205,101.37999725341795,101.37999725341795,680300
2017-12-05,101.83999633789062,102.29000091552734,101.12999725341795,101.27999877929688,506300
2017-12-06,101.06999969482422,101.70999908447266,100.83000183105467,101.51000213623048,269200
2017-12-07,101.55999755859376,102.37999725341795,101.4000015258789,102.16999816894533,315100
2017-12-08,102.81999969482422,102.91999816894533,102.5,102.76000213623048,338100
2017-12-11,102.88999938964844,102.91000366210938,102.5500030517578,102.87000274658205,424300
2017-12-12,103.02999877929688,103.20999908447266,102.76000213623048,102.9499969482422,298700
2017-12-13,103.26000213623048,103.51000213623048,102.83999633789062,102.87999725341795,494700
2017-12-14,103.12999725341795,103.41000366210938,102.36000061035156,102.36000061035156,288700
2017-12-15,103.08000183105467,103.68000030517578,102.73999786376952,103.5,329700
2017-12-18,104.26000213623048,104.4000015258789,104.0999984741211,104.30999755859376,448400
2017-12-19,104.5500030517578,104.5500030517578,103.8000030517578,103.93000030517578,358000
2017-12-20,104.38999938964844,104.5,103.81999969482422,103.91000366210938,391300
2017-12-21,104.12000274658205,104.12000274658205,103.47000122070312,103.5199966430664,289100
2017-12-22,103.69000244140624,103.69000244140624,103.12000274658205,103.5,239000
2017-12-26,103.33999633789062,103.33999633789062,102.97000122070312,103.2300033569336,220300
2017-12-27,103.3499984741211,103.5999984741211,102.9800033569336,103.5,923600
2017-12-28,103.80999755859376,103.80999755859376,103.58000183105467,103.70999908447266,326700
2017-12-29,103.98999786376952,104.16999816894533,103.12999725341795,103.12999725341795,414900
2018-01-02,103.86000061035156,103.94000244140624,103.45999908447266,103.94000244140624,930700
2018-01-03,104.23999786376952,105.06999969482422,104.1999969482422,104.9800033569336,1560300
2018-01-04,105.58999633789062,106.04000091552734,105.56999969482422,105.86000061035156,973200
2018-01-05,106.08999633789062,106.73999786376952,105.87000274658205,106.70999908447266,841900
2018-01-08,106.87999725341795,107.1500015258789,106.45999908447266,107.01000213623048,1006400
2018-01-09,107.27999877929688,107.66000366210938,106.98999786376952,107.41000366210938,660600
2018-01-10,107.0999984741211,107.38999938964844,106.55999755859376,107.3000030517578,1212300
2018-01-11,107.68000030517578,108.02999877929688,107.4000015258789,108.02999877929688,2537000
2018-01-12,108.4000015258789,109.08000183105467,108.20999908447266,109.05999755859376,512100
2018-01-16,109.81999969482422,110.18000030517578,108.3000030517578,108.81999969482422,1775500
2018-01-17,109.51000213623048,110.6999969482422,109.0,110.62999725341795,949100
2018-01-18,110.6500015258789,110.87000274658205,110.2699966430664,110.51000213623048,1437300
2018-01-19,110.93000030517578,111.16000366210938,110.6500015258789,111.16000366210938,1018000
2018-01-22,111.13999938964844,111.83999633789062,110.8000030517578,111.83999633789062,712300
2018-01-23,111.9499969482422,112.1999969482422,111.61000061035156,111.9800033569336,701900
2018-01-24,112.33999633789062,112.4800033569336,111.05999755859376,111.7300033569336,698600
2018-01-25,112.30999755859376,112.4000015258789,111.55999755859376,111.9800033569336,668100
2018-01-26,112.47000122070312,113.55999755859376,112.2300033569336,113.55999755859376,549600
2018-01-29,113.41999816894533,113.5999984741211,112.56999969482422,112.6999969482422,1237100
2018-01-30,111.25,111.55999755859376,110.66000366210938,110.97000122070312,900000
2018-01-31,111.9800033569336,112.16000366210938,111.11000061035156,111.61000061035156,1011700
2018-02-01,111.05999755859376,112.12000274658205,111.0,111.5,1002800
2018-02-02,110.76000213623048,110.9000015258789,108.88999938964844,108.93000030517578,904800
2018-02-05,107.5,109.45999908447266,103.1999969482422,104.2699966430664,2125000
2018-02-06,101.04000091552734,107.08000183105467,100.68000030517578,106.8000030517578,2300600
2018-02-07,106.6500015258789,108.27999877929688,106.25,106.44000244140624,959000
2018-02-08,106.4800033569336,106.9800033569336,101.88999938964844,101.94000244140624,1300200
2018-02-09,103.4499969482422,104.83999633789062,100.1999969482422,103.97000122070312,1856200
2018-02-12,105.12999725341795,106.5199966430664,104.31999969482422,105.79000091552734,1440000
2018-02-13,105.41000366210938,106.48999786376952,104.95999908447266,106.25,815000
2018-02-14,105.70999908447266,108.27999877929688,105.44000244140624,108.1999969482422,1317300
2018-02-15,109.06999969482422,109.54000091552734,107.6999969482422,109.54000091552734,975500
2018-02-16,109.41999816894533,110.37999725341795,109.1999969482422,109.43000030517578,825900
2018-02-20,109.13999938964844,110.27999877929688,108.97000122070312,109.41000366210938,1290300
2018-02-21,109.8499984741211,110.9000015258789,108.86000061035156,108.88999938964844,858800
2018-02-22,109.41000366210938,110.0199966430664,108.77999877929688,109.06999969482422,614200
2018-02-23,109.75,110.77999877929688,109.36000061035156,110.77999877929688,518900
2018-02-26,111.33000183105467,112.12000274658205,111.01000213623048,112.08000183105467,820800
2018-02-27,112.1999969482422,112.62000274658205,111.0199966430664,111.02999877929688,998400
2018-02-28,111.5999984741211,112.0,109.91000366210938,109.9800033569336,830700
2018-03-01,110.12000274658205,110.41999816894533,107.18000030517578,108.01000213623048,1366400
2018-03-02,106.7300033569336,108.63999938964844,106.0999984741211,108.36000061035156,956600
2018-03-05,107.79000091552734,109.97000122070312,107.3499984741211,109.6500015258789,504700
2018-03-06,110.2300033569336,110.25,109.23999786376952,109.97000122070312,463700
2018-03-07,108.97000122070312,110.48999786376952,108.6500015258789,110.2300033569336,720100
2018-03-08,110.72000122070312,110.80999755859376,109.87999725341795,110.70999908447266,519200
2018-03-09,111.5199966430664,112.93000030517578,111.30999755859376,112.87999725341795,705800
2018-03-12,113.27999877929688,113.3499984741211,112.61000061035156,112.80999755859376,1527300
2018-03-13,113.4800033569336,113.58000183105467,111.63999938964844,111.95999908447266,1301500
2018-03-14,112.51000213623048,112.5199966430664,110.88999938964844,111.36000061035156,729200
2018-03-15,111.61000061035156,112.08000183105467,111.02999877929688,111.45999908447266,475500
2018-03-16,111.70999908447266,112.02999877929688,111.58999633789062,111.58999633789062,619600
2018-03-19,111.3000030517578,111.3000030517578,109.4000015258789,110.31999969482422,790300
2018-03-20,110.5999984741211,111.56999969482422,110.5999984741211,111.16000366210938,498900
2018-03-21,111.31999969482422,112.12999725341795,110.7699966430664,110.7699966430664,521100
2018-03-22,109.5,109.5,106.75,106.87999725341795,913900
2018-03-23,107.0999984741211,107.0999984741211,104.16999816894533,104.1999969482422,2312100
2018-03-26,106.3000030517578,107.81999969482422,105.2300033569336,107.73999786376952,2333800
2018-03-27,108.36000061035156,108.69000244140624,104.0199966430664,104.86000061035156,1838700
2018-03-28,104.87999725341795,105.48999786376952,103.48999786376952,104.22000122070312,1267900
2018-03-29,104.87000274658205,106.94000244140624,104.3000030517578,105.91999816894533,518300
2018-04-02,104.69000244140624,105.23999786376952,101.26000213623048,102.58000183105467,2400600
2018-04-03,103.16999816894533,104.0500030517578,102.2699966430664,103.79000091552734,4003400
2018-04-04,101.6999969482422,105.2699966430664,101.33000183105467,104.98999786376952,1255600
2018-04-05,105.87999725341795,106.4499969482422,105.31999969482422,105.88999938964844,1173400
2018-04-06,104.9800033569336,105.5999984741211,102.3000030517578,103.12000274658205,1610000
2018-04-09,103.76000213623048,105.45999908447266,103.41000366210938,103.5500030517578,776100
2018-04-10,105.23999786376952,106.2300033569336,104.7699966430664,105.87999725341795,1005600
2018-04-11,105.1500015258789,106.12000274658205,104.93000030517578,105.12000274658205,582800
2018-04-12,105.9800033569336,107.2300033569336,105.58000183105467,106.77999877929688,806400
2018-04-13,107.5500030517578,107.58000183105467,105.18000030517578,105.72000122070312,825300
2018-04-16,106.72000122070312,106.87999725341795,105.98999786376952,106.4499969482422,462100
2018-04-17,107.55999755859376,108.5199966430664,107.23999786376952,108.22000122070312,5679800
2018-04-18,108.6500015258789,108.9000015258789,108.02999877929688,108.47000122070312,1242900
2018-04-19,108.29000091552734,108.47000122070312,107.70999908447266,108.26000213623048,557700
2018-04-20,108.18000030517578,108.37000274658205,107.01000213623048,107.5500030517578,594500
2018-04-23,107.91000366210938,108.1999969482422,106.6999969482422,107.26000213623048,511500
2018-04-24,107.93000030517578,108.26000213623048,104.45999908447266,105.31999969482422,967200
2018-04-25,105.62999725341795,105.7699966430664,103.94000244140624,105.4800033569336,610400
2018-04-26,106.33999633789062,107.58999633789062,105.95999908447266,107.18000030517578,469400
2018-04-27,108.13999938964844,108.26000213623048,106.72000122070312,107.23999786376952,550800
2018-04-30,107.68000030517578,108.0,106.4499969482422,106.4499969482422,491100
2018-05-01,106.44000244140624,107.11000061035156,105.66000366210938,107.11000061035156,868900
2018-05-02,107.04000091552734,107.30999755859376,105.9800033569336,106.16000366210938,618900
2018-05-03,105.87999725341795,106.75,104.4000015258789,106.38999938964844,1214400
2018-05-04,105.91000366210938,107.81999969482422,105.31999969482422,107.51000213623048,607400
2018-05-07,108.0199966430664,108.76000213623048,107.81999969482422,108.37000274658205,781500
2018-05-08,108.33999633789062,108.95999908447266,108.12000274658205,108.83000183105467,578000
2018-05-09,109.1500015258789,110.37999725341795,108.83999633789062,110.26000213623048,615100
2018-05-10,110.72000122070312,111.2300033569336,110.3499984741211,111.0199966430664,1101300
2018-05-11,111.11000061035156,111.41999816894533,110.73999786376952,111.0999984741211,532800
2018-05-14,111.51000213623048,111.7300033569336,110.9000015258789,111.12000274658205,574000
2018-05-15,110.62000274658205,110.62000274658205,109.91999816894533,110.41000366210938,4503800
2018-05-16,110.58999633789062,111.11000061035156,110.41000366210938,110.87000274658205,984700
2018-05-17,110.75,111.13999938964844,110.08000183105467,110.58999633789062,607100
2018-05-18,110.4800033569336,110.73999786376952,110.16000366210938,110.41000366210938,437800
2018-05-21,111.36000061035156,111.87999725341795,111.11000061035156,111.5,624800
2018-05-22,111.93000030517578,111.97000122070312,110.93000030517578,111.05999755859376,2383900
2018-05-23,110.5,111.52999877929688,110.0,111.52999877929688,728000
2018-05-24,111.48999786376952,111.62999725341795,110.23999786376952,111.47000122070312,553400
2018-05-25,111.2699966430664,111.45999908447266,110.91999816894533,111.1500015258789,680300
2018-05-29,110.4000015258789,110.91000366210938,109.0999984741211,109.73999786376952,743800
2018-05-30,110.62000274658205,111.41000366210938,110.43000030517578,111.2300033569336,551000
2018-05-31,111.08000183105467,111.0999984741211,109.98999786376952,110.12000274658205,675000
2018-06-01,111.08999633789062,111.87000274658205,110.9499969482422,111.87000274658205,700200
2018-06-04,112.19000244140624,112.68000030517578,111.95999908447266,112.66999816894533,452500
2018-06-05,112.86000061035156,113.1999969482422,112.5999984741211,113.1999969482422,891200
2018-06-06,113.5,114.29000091552734,113.13999938964844,114.29000091552734,600800
2018-06-07,114.5199966430664,114.55999755859376,112.69000244140624,113.3000030517578,1020600
2018-06-08,112.98999786376952,113.7300033569336,112.97000122070312,113.68000030517578,1009500
2018-06-11,113.81999969482422,114.0199966430664,113.52999877929688,113.58000183105467,499200
2018-06-12,113.93000030517578,114.05999755859376,113.48999786376952,113.9000015258789,1445300
2018-06-13,114.26000213623048,114.5999984741211,113.81999969482422,113.87000274658205,1425400
2018-06-14,114.5199966430664,114.69000244140624,114.08000183105467,114.3499984741211,724300
2018-06-15,113.73999786376952,114.23999786376952,113.33999633789062,114.02999877929688,658400
2018-06-18,113.33999633789062,114.1999969482422,113.0500030517578,114.1500015258789,730800
2018-06-19,112.9800033569336,113.4499969482422,112.11000061035156,113.4000015258789,727700
2018-06-20,114.04000091552734,114.41000366210938,113.63999938964844,114.0199966430664,484200
2018-06-21,114.26000213623048,114.38999938964844,112.80999755859376,112.97000122070312,505900
2018-06-22,113.52999877929688,113.52999877929688,112.11000061035156,112.1500015258789,975300
2018-06-25,111.51000213623048,111.51000213623048,108.83000183105467,109.62999725341795,1298200
2018-06-26,109.70999908447266,110.36000061035156,109.4499969482422,109.8000030517578,2638600
2018-06-27,110.1999969482422,110.91000366210938,108.26000213623048,108.2699966430664,984100
2018-06-28,108.19000244140624,109.87000274658205,108.04000091552734,109.48999786376952,843700
2018-06-29,110.16999816894533,110.7699966430664,109.68000030517578,109.6999969482422,1468200
2018-07-02,108.7300033569336,110.19000244140624,108.48999786376952,110.16999816894533,1241200
2018-07-03,110.58000183105467,110.88999938964844,109.1500015258789,109.2699966430664,797400
2018-07-05,109.88999938964844,110.06999969482422,109.12000274658205,110.01000213623048,1403200
2018-07-06,110.02999877929688,111.16999816894533,109.61000061035156,111.01000213623048,635600
2018-07-09,111.73999786376952,112.30999755859376,111.4000015258789,112.27999877929688,609900
2018-07-10,112.76000213623048,112.91000366210938,112.2300033569336,112.55999755859376,2905100
2018-07-11,111.66000366210938,112.4499969482422,111.55999755859376,111.97000122070312,942100
2018-07-12,112.6500015258789,113.55999755859376,112.58999633789062,113.52999877929688,1018400
2018-07-13,113.62000274658205,113.6999969482422,112.88999938964844,113.36000061035156,904100
2018-07-16,113.58000183105467,113.73999786376952,113.26000213623048,113.43000030517578,615800
2018-07-17,112.69000244140624,114.22000122070312,112.4499969482422,114.04000091552734,637700
2018-07-18,114.12999725341795,114.43000030517578,113.75,114.33000183105467,761600
2018-07-19,113.97000122070312,114.23999786376952,113.5199966430664,113.5500030517578,545900
2018-07-20,113.73999786376952,114.08999633789062,113.56999969482422,113.6500015258789,647500
2018-07-23,113.44000244140624,113.91000366210938,113.06999969482422,113.86000061035156,554200
2018-07-24,114.5999984741211,114.80999755859376,113.33999633789062,113.7699966430664,588100
2018-07-25,113.7699966430664,115.31999969482422,113.58999633789062,115.29000091552734,613800
2018-07-26,115.0,115.33000183105467,114.45999908447266,114.94000244140624,479700
2018-07-27,115.06999969482422,115.3000030517578,112.5,113.20999908447266,907000
2018-07-30,113.23999786376952,113.2699966430664,110.81999969482422,111.22000122070312,1866200
2018-07-31,111.81999969482422,112.22000122070312,110.88999938964844,111.62999725341795,1006500
2018-08-01,111.91999816894533,112.43000030517578,111.36000061035156,111.86000061035156,936100
2018-08-02,111.0999984741211,113.06999969482422,111.01000213623048,113.0199966430664,832400
2018-08-03,113.22000122070312,113.37000274658205,112.51000213623048,113.0500030517578,477200
2018-08-06,112.73999786376952,113.63999938964844,112.73999786376952,113.63999938964844,819000
2018-08-07,114.05999755859376,114.48999786376952,113.91000366210938,114.18000030517578,771300
2018-08-08,114.1999969482422,114.56999969482422,113.93000030517578,114.37999725341795,976900
2018-08-09,114.47000122070312,114.8000030517578,114.27999877929688,114.4000015258789,325000
2018-08-10,113.72000122070312,114.19000244140624,113.47000122070312,113.83000183105467,389000
2018-08-13,114.06999969482422,114.55999755859376,113.29000091552734,113.30999755859376,613800
2018-08-14,113.95999908447266,114.1999969482422,113.30999755859376,114.11000061035156,450000
2018-08-15,113.5,113.5999984741211,111.95999908447266,112.5999984741211,750300
2018-08-16,113.61000061035156,113.9800033569336,113.3000030517578,113.44000244140624,377600
2018-08-17,113.3499984741211,113.7300033569336,112.7699966430664,113.5199966430664,883200
2018-08-20,113.8000030517578,114.33000183105467,113.43000030517578,114.12000274658205,1708000
2018-08-21,114.31999969482422,114.97000122070312,114.01000213623048,114.48999786376952,613700
2018-08-22,114.27999877929688,115.1999969482422,114.27999877929688,114.9800033569336,376800
2018-08-23,114.9499969482422,115.62000274658205,114.7300033569336,115.12000274658205,485300
2018-08-24,115.5199966430664,116.45999908447266,115.5,116.4000015258789,562100
2018-08-27,117.16000366210938,117.45999908447266,116.86000061035156,117.3499984741211,578400
2018-08-28,117.75,117.87000274658205,117.12999725341795,117.5,1731600
2018-08-29,117.8000030517578,118.61000061035156,117.62000274658205,118.5199966430664,786300
2018-08-30,118.16999816894533,118.56999969482422,117.62999725341795,117.94000244140624,1033200
2018-08-31,117.9000015258789,118.37000274658205,117.75,118.18000030517578,440200
2018-09-04,118.06999969482422,118.66000366210938,117.66000366210938,118.56999969482422,923500
2018-09-05,118.4800033569336,118.5,116.2699966430664,116.54000091552734,788100
2018-09-06,116.87000274658205,117.2699966430664,115.9800033569336,116.61000061035156,945200
2018-09-07,116.20999908447266,117.12000274658205,115.75,116.2699966430664,571600
2018-09-10,117.06999969482422,117.06999969482422,116.33000183105467,116.68000030517578,542800
2018-09-11,116.38999938964844,117.47000122070312,116.11000061035156,117.3000030517578,638100
2018-09-12,117.41999816894533,117.58000183105467,116.33000183105467,117.45999908447266,1999000
2018-09-13,118.16999816894533,118.5199966430664,117.79000091552734,118.12999725341795,815200
2018-09-14,118.5,118.77999877929688,117.91999816894533,118.33000183105467,543500
2018-09-17,118.4499969482422,118.45999908447266,116.76000213623048,116.91000366210938,705800
2018-09-18,117.16999816894533,118.4800033569336,117.08000183105467,118.16000366210938,522100
2018-09-19,118.12999725341795,118.4800033569336,117.45999908447266,117.66999816894533,455400
2018-09-20,118.4000015258789,118.5999984741211,117.88999938964844,118.4499969482422,766300
2018-09-21,118.91999816894533,119.05999755859376,118.18000030517578,118.33000183105467,530500
2018-09-24,118.18000030517578,118.66999816894533,117.47000122070312,118.55999755859376,735400
2018-09-25,118.91000366210938,119.08999633789062,118.55999755859376,118.95999908447266,576200
2018-09-26,118.94000244140624,119.51000213623048,118.33000183105467,118.51000213623048,552200
2018-09-27,119.0500030517578,119.1999969482422,118.6999969482422,118.83999633789062,474200
2018-09-28,118.62000274658205,119.48999786376952,118.5999984741211,119.0,1740300
2018-10-01,119.77999877929688,120.0500030517578,119.25,119.62000274658205,1151600
2018-10-02,119.6500015258789,119.76000213623048,118.93000030517578,119.08999633789062,2931500
2018-10-03,119.9800033569336,120.0,119.27999877929688,119.4800033569336,1106900
2018-10-04,119.1999969482422,119.25,116.7699966430664,117.58000183105467,1232400
2018-10-05,117.4800033569336,117.95999908447266,115.33999633789062,116.38999938964844,3572900
2018-10-08,115.98999786376952,116.29000091552734,113.93000030517578,115.30999755859376,753700
2018-10-09,115.04000091552734,116.0999984741211,114.94000244140624,115.33999633789062,715500
2018-10-10,114.88999938964844,114.91000366210938,110.01000213623048,110.16999816894533,3019000
2018-10-11,109.54000091552734,111.12000274658205,107.16999816894533,108.05999755859376,3524900
2018-10-12,110.7699966430664,111.29000091552734,108.9800033569336,110.8000030517578,1956000
2018-10-15,110.63999938964844,110.77999877929688,109.26000213623048,109.41000366210938,983400
2018-10-16,110.5,112.8000030517578,110.47000122070312,112.6500015258789,3786100
2018-10-17,112.8499984741211,113.37000274658205,111.41000366210938,112.62000274658205,1948500
2018-10-18,112.12999725341795,112.58999633789062,109.76000213623048,110.36000061035156,1253700
2018-10-19,110.63999938964844,111.25,108.93000030517578,109.12999725341795,1340800
2018-10-22,109.5,110.02999877929688,108.52999877929688,109.48999786376952,1208800
2018-10-23,107.18000030517578,108.97000122070312,106.0500030517578,108.36000061035156,2105800
2018-10-24,108.55999755859376,108.58000183105467,104.06999969482422,104.26000213623048,1188200
2018-10-25,105.29000091552734,107.8499984741211,104.83000183105467,107.2300033569336,1529600
2018-10-26,104.91000366210938,106.5500030517578,103.45999908447266,104.86000061035156,2399800
2018-10-29,106.63999938964844,107.12999725341795,101.5199966430664,103.41000366210938,1675900
2018-10-30,103.02999877929688,105.13999938964844,102.69000244140624,105.08000183105467,1915400
2018-10-31,106.54000091552734,108.58000183105467,106.54000091552734,107.2699966430664,2562400
2018-11-01,107.66999816894533,109.1999969482422,106.8499984741211,109.13999938964844,1917200
2018-11-02,109.3000030517578,110.5,107.6500015258789,108.38999938964844,2011400
2018-11-05,108.4000015258789,109.2300033569336,107.5199966430664,109.0,2929900
2018-11-06,108.73999786376952,109.58999633789062,108.4499969482422,109.2699966430664,1706800
2018-11-07,110.31999969482422,112.61000061035156,110.1999969482422,112.5199966430664,1705500
2018-11-08,112.62000274658205,112.72000122070312,111.75,112.30999755859376,1905600
2018-11-09,111.61000061035156,111.91999816894533,109.9499969482422,110.76000213623048,1476000
2018-11-12,110.43000030517578,110.66999816894533,107.58000183105467,107.79000091552734,1813100
2018-11-13,108.08000183105467,109.1500015258789,107.20999908447266,107.5999984741211,1553500
2018-11-14,108.55999755859376,108.91999816894533,105.80999755859376,106.56999969482422,2131800
2018-11-15,106.13999938964844,108.41000366210938,105.13999938964844,108.12000274658205,1894700
2018-11-16,106.55999755859376,108.0500030517578,106.55999755859376,107.48999786376952,1039900
2018-11-19,107.19000244140624,107.25,103.54000091552734,103.97000122070312,1843100
2018-11-20,101.16000366210938,103.37000274658205,100.6999969482422,102.16000366210938,2403700
2018-11-21,103.37000274658205,103.75,102.4499969482422,102.58000183105467,1226300
2018-11-23,101.6999969482422,102.62999725341795,101.5,101.86000061035156,452700
2018-11-26,103.06999969482422,104.22000122070312,102.88999938964844,104.12999725341795,1093700
2018-11-27,103.66999816894533,104.4800033569336,103.11000061035156,104.4499969482422,1476600
2018-11-28,105.29000091552734,108.04000091552734,104.9499969482422,108.04000091552734,1957600
2018-11-29,107.73999786376952,108.26000213623048,106.6999969482422,107.58000183105467,2390900
2018-11-30,107.58999633789062,108.87000274658205,107.1999969482422,108.79000091552734,1657000
2018-12-03,111.58999633789062,111.58999633789062,109.33999633789062,110.16999816894533,1524400
2018-12-04,109.72000122070312,110.1500015258789,106.70999908447266,106.87999725341795,1574100
2018-12-06,104.55999755859376,107.23999786376952,103.9000015258789,107.23999786376952,2640100
2018-12-07,107.0,107.3000030517578,103.69000244140624,104.12000274658205,1593900
2018-12-10,103.87000274658205,105.30999755859376,102.61000061035156,104.88999938964844,1633600
2018-12-11,106.66000366210938,106.66000366210938,104.31999969482422,105.06999969482422,1537800
2018-12-12,106.43000030517578,107.0999984741211,105.70999908447266,105.72000122070312,1710600
2018-12-13,106.1500015258789,106.6999969482422,105.1500015258789,105.9000015258789,1288400
2018-12-14,104.6500015258789,105.08000183105467,103.1500015258789,103.48999786376952,1459100
2018-12-17,102.4499969482422,102.7699966430664,99.83999633789062,100.5,2484500
2018-12-18,101.23999786376952,101.5,99.7699966430664,100.61000061035156,2321700
2018-12-19,100.69000244140624,102.48999786376952,98.4800033569336,99.33000183105467,2151400
2018-12-20,98.95999908447266,99.31999969482422,96.19000244140624,97.4000015258789,5691400
2018-12-21,97.87999725341795,98.87000274658205,95.01000213623048,95.37000274658205,3945300
2018-12-24,94.62999725341795,95.1999969482422,92.8000030517578,92.8000030517578,2311600
2018-12-26,93.1999969482422,97.9800033569336,93.0999984741211,97.9800033569336,3268100
2018-12-27,96.38999938964844,98.93000030517578,95.13999938964844,98.93000030517578,2833400
2018-12-28,99.73999786376952,100.33000183105467,98.16999816894533,98.9000015258789,2650700
2018-12-31,99.5500030517578,100.2699966430664,99.06999969482422,100.2300033569336,2068300
2019-01-02,98.5,100.0,98.27999877929688,99.55999755859376,2288000
2019-01-03,98.9499969482422,98.9499969482422,96.62999725341795,96.80999755859376,2204400
2019-01-04,98.16000366210938,100.51000213623048,97.95999908447266,100.0500030517578,1742800
2019-01-07,100.16999816894533,101.6500015258789,100.01000213623048,101.01000213623048,1426900
2019-01-08,101.87999725341795,102.45999908447266,100.88999938964844,102.26000213623048,1273600
2019-01-09,102.54000091552734,103.2699966430664,102.3499984741211,102.86000061035156,1356900
2019-01-10,102.20999908447266,103.06999969482422,101.5999984741211,103.0,1530500
2019-01-11,102.4499969482422,103.06999969482422,102.38999938964844,103.06999969482422,1032600
2019-01-14,102.1500015258789,102.68000030517578,102.04000091552734,102.16999816894533,972800
2019-01-15,102.52999877929688,103.9000015258789,102.47000122070312,103.77999877929688,5383500
2019-01-16,103.81999969482422,104.30999755859376,103.5999984741211,103.62000274658205,1991100
2019-01-17,103.25,104.80999755859376,103.22000122070312,104.41000366210938,1183500
2019-01-18,105.3000030517578,105.77999877929688,104.6500015258789,105.51000213623048,1354600
2019-01-22,104.87999725341795,105.12999725341795,103.5199966430664,104.3499984741211,1658800
2019-01-23,104.9000015258789,105.33999633789062,103.62000274658205,104.66999816894533,1165900
2019-01-24,104.6500015258789,104.95999908447266,103.7699966430664,104.36000061035156,1091200
2019-01-25,105.19000244140624,105.4800033569336,104.83999633789062,105.04000091552734,1232000
2019-01-28,104.05999755859376,104.41999816894533,103.3499984741211,103.98999786376952,869600
2019-01-29,103.98999786376952,104.01000213623048,103.04000091552734,103.55999755859376,573600
2019-01-30,104.55999755859376,105.9800033569336,104.37000274658205,105.7300033569336,1165600
2019-01-31,105.54000091552734,106.9000015258789,105.51000213623048,106.6999969482422,1346100
2019-02-01,106.8499984741211,107.12999725341795,106.54000091552734,106.9000015258789,1142000
2019-02-04,106.79000091552734,107.0999984741211,106.20999908447266,107.0999984741211,812000
2019-02-05,107.27999877929688,107.56999969482422,107.06999969482422,107.2699966430664,1113000
2019-02-06,107.1500015258789,107.41000366210938,106.80999755859376,107.3499984741211,1010500
2019-02-07,106.66000366210938,107.08999633789062,106.08000183105467,106.87000274658205,1400200
2019-02-08,106.22000122070312,107.27999877929688,106.22000122070312,107.27999877929688,1154400
2019-02-11,107.54000091552734,107.68000030517578,107.0199966430664,107.27999877929688,827500
2019-02-12,107.88999938964844,108.56999969482422,107.61000061035156,108.4000015258789,1922500
2019-02-13,108.6500015258789,108.77999877929688,108.16999816894533,108.4499969482422,1002100
2019-02-14,108.0,108.7699966430664,107.88999938964844,108.31999969482422,696200
2019-02-15,108.91999816894533,109.4800033569336,108.91999816894533,109.45999908447266,988600
2019-02-19,109.25,109.87000274658205,109.25,109.54000091552734,782800
2019-02-20,109.54000091552734,109.8000030517578,109.05999755859376,109.5,835600
2019-02-21,109.22000122070312,109.81999969482422,109.01000213623048,109.70999908447266,859900
2019-02-22,109.93000030517578,110.55999755859376,109.79000091552734,110.48999786376952,724800
2019-02-25,110.9800033569336,111.20999908447266,110.20999908447266,110.27999877929688,1683500
2019-02-26,110.1500015258789,110.58000183105467,109.98999786376952,110.27999877929688,938100
2019-02-27,109.9499969482422,110.16999816894533,109.56999969482422,110.04000091552734,760300
2019-02-28,109.95999908447266,110.68000030517578,109.87999725341795,110.31999969482422,1037100
2019-03-01,110.9800033569336,110.98999786376952,110.27999877929688,110.87000274658205,1077000
2019-03-04,111.2300033569336,111.30999755859376,109.12000274658205,110.0199966430664,1646000
2019-03-05,110.05999755859376,110.18000030517578,109.73999786376952,109.97000122070312,927100
2019-03-06,110.01000213623048,110.06999969482422,109.16000366210938,109.36000061035156,952700
2019-03-07,109.1500015258789,109.31999969482422,108.38999938964844,108.6999969482422,1963100
2019-03-08,107.98999786376952,108.4499969482422,107.62000274658205,108.38999938964844,1322800
2019-03-11,108.66000366210938,109.83000183105467,108.66000366210938,109.80999755859376,753100
2019-03-12,109.98999786376952,110.48999786376952,109.91000366210938,110.26000213623048,2136100
2019-03-13,110.58000183105467,111.29000091552734,110.4499969482422,110.88999938964844,963800
2019-03-14,110.93000030517578,111.12000274658205,110.5500030517578,110.91000366210938,513100
2019-03-15,111.06999969482422,111.81999969482422,110.9800033569336,111.52999877929688,742400
2019-03-18,111.55999755859376,111.76000213623048,111.12000274658205,111.55999755859376,941800
2019-03-19,111.86000061035156,112.23999786376952,111.4000015258789,111.8000030517578,746800
2019-03-20,111.23999786376952,111.68000030517578,110.52999877929688,110.9800033569336,843100
2019-03-21,110.62000274658205,112.31999969482422,110.56999969482422,112.18000030517578,925400
2019-03-22,111.66999816894533,112.18000030517578,110.87000274658205,110.91000366210938,1470500
2019-03-25,110.6500015258789,111.33999633789062,110.51000213623048,111.02999877929688,935900
2019-03-26,111.52999877929688,112.12000274658205,111.27999877929688,111.76000213623048,1144200
2019-03-27,111.83000183105467,111.95999908447266,110.5999984741211,111.20999908447266,1059900
2019-03-28,111.37999725341795,111.69000244140624,110.9499969482422,111.4499969482422,827600
2019-03-29,111.95999908447266,112.2300033569336,111.5,112.18000030517578,1155000
2019-04-01,112.87000274658205,112.9800033569336,112.26000213623048,112.56999969482422,1210700
2019-04-02,112.48999786376952,112.75,112.0999984741211,112.36000061035156,972500
2019-04-03,112.7300033569336,112.75,112.12000274658205,112.30999755859376,873900
2019-04-04,112.36000061035156,112.47000122070312,111.5500030517578,112.05999755859376,924800
2019-04-05,112.30999755859376,112.66000366210938,112.2300033569336,112.52999877929688,779700
2019-04-08,112.33999633789062,112.63999938964844,111.9000015258789,112.5999984741211,795800
2019-04-09,112.3499984741211,112.5,112.01000213623048,112.41999816894533,1511500
2019-04-10,112.5999984741211,112.87999725341795,112.4000015258789,112.75,577000
2019-04-11,112.86000061035156,112.91000366210938,112.06999969482422,112.41999816894533,1024300
2019-04-12,112.91999816894533,113.0199966430664,112.66000366210938,112.79000091552734,716600
2019-04-15,112.8499984741211,113.0999984741211,112.7300033569336,113.06999969482422,484500
2019-04-16,113.5199966430664,113.5999984741211,112.06999969482422,112.36000061035156,639900
2019-04-17,112.68000030517578,112.6999969482422,111.16000366210938,111.41000366210938,623300
2019-04-18,111.45999908447266,111.75,110.7300033569336,111.6500015258789,848700
2019-04-22,111.41000366210938,111.87999725341795,111.30999755859376,111.6500015258789,433900
2019-04-23,111.7300033569336,112.6500015258789,111.54000091552734,112.54000091552734,582400
2019-04-24,112.54000091552734,113.01000213623048,112.4800033569336,112.7300033569336,561300
2019-04-25,112.76000213623048,113.44000244140624,112.36000061035156,113.2699966430664,646700
2019-04-26,113.43000030517578,114.18000030517578,113.2699966430664,114.16999816894533,562400
2019-04-29,114.12000274658205,114.22000122070312,113.8499984741211,113.9800033569336,420400
2019-04-30,114.04000091552734,114.86000061035156,113.81999969482422,114.70999908447266,855400
2019-05-01,114.8499984741211,114.9000015258789,113.7699966430664,113.83000183105467,1899900
2019-05-02,113.68000030517578,114.16999816894533,113.04000091552734,113.77999877929688,830900
2019-05-03,114.30999755859376,114.68000030517578,114.0500030517578,114.58999633789062,478900
2019-05-06,112.91999816894533,114.63999938964844,112.81999969482422,114.5199966430664,581200
2019-05-07,113.63999938964844,113.97000122070312,112.0999984741211,112.83999633789062,896900
2019-05-08,112.68000030517578,113.4000015258789,112.31999969482422,112.7699966430664,1069500
2019-05-09,111.58000183105467,112.81999969482422,111.47000122070312,112.5999984741211,843200
2019-05-10,112.30999755859376,113.77999877929688,111.3499984741211,113.55999755859376,1013700
2019-05-13,111.62000274658205,112.36000061035156,111.31999969482422,111.81999969482422,1062300
2019-05-14,112.16000366210938,113.0500030517578,112.04000091552734,112.4000015258789,669000
2019-05-15,111.91000366210938,113.18000030517578,111.79000091552734,112.87999725341795,646500
2019-05-16,113.11000061035156,114.69000244140624,113.11000061035156,114.12999725341795,496400
2019-05-17,113.41000366210938,114.56999969482422,113.41000366210938,113.80999755859376,753100
2019-05-20,113.12000274658205,113.83000183105467,113.08000183105467,113.43000030517578,536800
2019-05-21,113.9499969482422,114.43000030517578,113.88999938964844,114.08000183105467,766100
2019-05-22,113.7300033569336,114.5500030517578,113.7300033569336,114.4499969482422,380400
2019-05-23,113.69000244140624,114.0,113.0500030517578,113.66999816894533,710700
2019-05-24,113.97000122070312,114.30999755859376,113.5999984741211,113.83999633789062,484600
2019-05-28,114.01000213623048,114.70999908447266,112.9000015258789,112.9000015258789,2186200
2019-05-29,112.36000061035156,112.5999984741211,111.66999816894533,112.18000030517578,3204400
2019-05-30,112.9000015258789,113.1999969482422,112.26000213623048,113.04000091552734,1111100
2019-05-31,112.0,112.76000213623048,111.72000122070312,112.19000244140624,1119400
2019-06-03,112.0999984741211,112.75,110.75,111.43000030517578,1166600
2019-06-04,112.27999877929688,113.5999984741211,111.94000244140624,113.5999984741211,757900
2019-06-05,114.4800033569336,115.54000091552734,114.08999633789062,115.51000213623048,2331200
2019-06-06,115.69000244140624,116.73999786376952,115.47000122070312,116.41000366210938,1091200
2019-06-07,116.9000015258789,118.44000244140624,116.9000015258789,117.91999816894533,1141200
2019-06-10,118.30999755859376,118.87000274658205,118.16999816894533,118.16999816894533,1636200
2019-06-11,118.9499969482422,119.08000183105467,117.16000366210938,117.7300033569336,646800
2019-06-12,117.5999984741211,118.12999725341795,117.58999633789062,118.05999755859376,693500
2019-06-13,118.5,118.5500030517578,117.80999755859376,118.26000213623048,626700
2019-06-14,118.0,118.33000183105467,117.73999786376952,118.02999877929688,312400
2019-06-17,117.7699966430664,117.8000030517578,117.25,117.48999786376952,849400
2019-06-18,118.3000030517578,118.77999877929688,118.12000274658205,118.37999725341795,1027200
2019-06-19,118.56999969482422,119.43000030517578,118.12000274658205,119.2300033569336,816900
2019-06-20,120.25,120.73999786376952,119.47000122070312,120.4499969482422,1027200
2019-06-21,120.3000030517578,120.5,119.66999816894533,119.75,473200
2019-06-24,119.88999938964844,120.33000183105467,119.56999969482422,119.72000122070312,749600
2019-06-25,119.61000061035156,119.86000061035156,118.26000213623048,118.33999633789062,976900
2019-06-26,118.7699966430664,118.9000015258789,117.6500015258789,117.6999969482422,719300
2019-06-27,118.13999938964844,118.25,117.8000030517578,118.0999984741211,671800
2019-06-28,118.54000091552734,118.70999908447266,117.98999786376952,118.5999984741211,528200
2019-07-01,119.86000061035156,120.4800033569336,119.23999786376952,119.83999633789062,1390600
2019-07-02,119.9000015258789,120.6500015258789,119.7699966430664,120.6500015258789,1235200
2019-07-03,120.8000030517578,121.87999725341795,120.8000030517578,121.87999725341795,829000
2019-07-05,121.31999969482422,121.5199966430664,120.27999877929688,121.43000030517578,1560000
2019-07-08,121.0199966430664,121.04000091552734,120.58999633789062,120.83000183105467,601900
2019-07-09,120.3499984741211,121.33000183105467,120.3499984741211,121.20999908447266,991000
2019-07-10,121.80999755859376,122.3000030517578,121.62999725341795,121.83999633789062,611600
2019-07-11,121.98999786376952,122.18000030517578,121.52999877929688,122.06999969482422,1052200
2019-07-12,122.25,122.48999786376952,121.58999633789062,122.4800033569336,907800
2019-07-15,122.63999938964844,122.83999633789062,122.45999908447266,122.73999786376952,538300
2019-07-16,122.76000213623048,122.83999633789062,122.06999969482422,122.1999969482422,619700
2019-07-17,122.27999877929688,122.52999877929688,121.6999969482422,121.6999969482422,2444600
2019-07-18,121.5,122.52999877929688,121.38999938964844,122.4499969482422,938500
2019-07-19,122.98999786376952,123.0,121.41000366210938,121.4499969482422,1003400
2019-07-22,121.75,122.33999633789062,121.61000061035156,122.02999877929688,666400
2019-07-23,122.4800033569336,122.7699966430664,121.4499969482422,122.29000091552734,608200
2019-07-24,122.1500015258789,122.66000366210938,121.68000030517578,122.66000366210938,786900
2019-07-25,122.16000366210938,122.52999877929688,121.79000091552734,122.22000122070312,762200
2019-07-26,122.54000091552734,123.12000274658205,122.52999877929688,123.04000091552734,1879300
2019-07-29,123.0999984741211,123.11000061035156,122.41000366210938,122.8499984741211,2307300
2019-07-30,122.47000122070312,123.2300033569336,122.37999725341795,122.5999984741211,1639200
2019-07-31,122.62999725341795,122.6999969482422,119.62999725341795,120.7300033569336,826200
2019-08-01,120.88999938964844,122.63999938964844,120.13999938964844,120.5500030517578,3194900
2019-08-02,120.0500030517578,120.12000274658205,118.6500015258789,119.3000030517578,1827900
2019-08-05,117.31999969482422,117.6999969482422,114.69000244140624,115.62999725341795,1337400
2019-08-06,116.5999984741211,117.91999816894533,116.41999816894533,117.72000122070312,1932800
2019-08-07,116.41000366210938,118.41999816894533,115.5,118.06999969482422,1580800
2019-08-08,118.66000366210938,120.56999969482422,118.66000366210938,120.52999877929688,1761100
2019-08-09,120.0999984741211,120.69000244140624,119.25,120.1500015258789,600000
2019-08-12,119.61000061035156,119.7300033569336,118.16000366210938,118.66999816894533,512500
2019-08-13,118.55999755859376,120.7300033569336,118.08999633789062,120.43000030517578,3042100
2019-08-14,118.91000366210938,119.30999755859376,117.04000091552734,117.12000274658205,1030400
2019-08-15,117.27999877929688,118.0,116.8000030517578,117.62000274658205,1049000
2019-08-16,118.33999633789062,119.47000122070312,118.19000244140624,119.25,1249500
2019-08-19,120.69000244140624,120.72000122070312,119.94000244140624,120.38999938964844,823100
2019-08-20,120.1999969482422,120.6999969482422,119.68000030517578,119.75,579000
2019-08-21,120.58000183105467,121.0,120.41000366210938,120.8499984741211,464600
2019-08-22,121.1999969482422,121.37999725341795,119.75,120.72000122070312,444600
2019-08-23,120.18000030517578,121.1500015258789,117.12999725341795,117.63999938964844,1497000
2019-08-26,118.6500015258789,119.16000366210938,118.04000091552734,119.16000366210938,566200
2019-08-27,119.87000274658205,120.20999908447266,118.8499984741211,119.26000213623048,594300
2019-08-28,119.02999877929688,119.93000030517578,118.4000015258789,119.80999755859376,1070200
2019-08-29,121.01000213623048,121.54000091552734,120.37000274658205,121.2300033569336,594700
2019-08-30,121.88999938964844,122.2699966430664,120.41000366210938,121.0500030517578,1510400
2019-09-03,120.37000274658205,120.75,119.91999816894533,120.41000366210938,717400
2019-09-04,121.30999755859376,121.8499984741211,120.98999786376952,121.8499984741211,1046200
2019-09-05,122.81999969482422,123.37000274658205,122.58000183105467,123.02999877929688,757900
2019-09-06,123.36000061035156,123.5,122.87999725341795,122.98999786376952,853500
2019-09-09,123.47000122070312,123.4800033569336,120.5,120.9499969482422,1430500
2019-09-10,120.3000030517578,120.3000030517578,118.3000030517578,119.16000366210938,2601900
2019-09-11,119.4000015258789,119.73999786376952,118.98999786376952,119.68000030517578,2791700
2019-09-12,120.36000061035156,121.27999877929688,120.36000061035156,120.79000091552734,2358700
2019-09-13,120.87999725341795,120.87999725341795,119.97000122070312,120.0999984741211,2501000
2019-09-16,119.48999786376952,119.86000061035156,119.0,119.5500030517578,1234400
2019-09-17,119.62999725341795,120.6500015258789,119.62999725341795,120.62000274658205,1169700
2019-09-18,120.54000091552734,120.95999908447266,119.33999633789062,120.7699966430664,570400
2019-09-19,120.94000244140624,121.56999969482422,120.81999969482422,120.9000015258789,642900
2019-09-20,121.30999755859376,121.36000061035156,119.91999816894533,120.44000244140624,1414000
2019-09-23,120.16000366210938,120.77999877929688,120.11000061035156,120.5199966430664,517900
2019-09-24,120.62999725341795,121.01000213623048,118.80999755859376,119.27999877929688,5964800
2019-09-25,119.12000274658205,119.79000091552734,118.18000030517578,119.54000091552734,2054600
2019-09-26,119.8000030517578,120.16000366210938,118.98999786376952,119.77999877929688,1980400
2019-09-27,120.05999755859376,120.12999725341795,117.72000122070312,118.52999877929688,1421300
2019-09-30,118.81999969482422,119.55999755859376,118.6500015258789,119.25,1590300
2019-10-01,119.45999908447266,119.80999755859376,117.9499969482422,117.97000122070312,6123600
2019-10-02,117.19000244140624,117.63999938964844,115.16000366210938,115.87000274658205,1954200
2019-10-03,115.77999877929688,117.16999816894533,114.87999725341795,117.13999938964844,2659600
2019-10-04,117.56999969482422,119.16000366210938,117.56999969482422,119.04000091552734,2684300
2019-10-07,118.6999969482422,119.20999908447266,118.27999877929688,118.4000015258789,1732600
2019-10-08,117.56999969482422,118.1999969482422,116.16000366210938,116.22000122070312,3234400
2019-10-09,117.02999877929688,117.93000030517578,116.93000030517578,117.5199966430664,1084600
2019-10-10,117.1500015258789,118.3499984741211,117.1500015258789,117.94000244140624,1484000
2019-10-11,119.1500015258789,119.91000366210938,118.83999633789062,118.87999725341795,1490800
2019-10-14,118.87000274658205,119.3000030517578,118.54000091552734,118.66999816894533,1888500
2019-10-15,118.95999908447266,119.66000366210938,118.95999908447266,119.3000030517578,669200
2019-10-16,118.83999633789062,118.83999633789062,118.02999877929688,118.62000274658205,995100
2019-10-17,119.16000366210938,119.56999969482422,118.73999786376952,118.93000030517578,653600
2019-10-18,118.5999984741211,119.08000183105467,117.69000244140624,118.26000213623048,865300
2019-10-21,118.73999786376952,118.91999816894533,118.3000030517578,118.8499984741211,1496200
2019-10-22,119.25,119.47000122070312,117.33999633789062,117.41000366210938,986600
2019-10-23,117.16999816894533,117.6500015258789,116.87999725341795,117.3499984741211,998100
2019-10-24,118.20999908447266,118.86000061035156,118.02999877929688,118.68000030517578,623700
2019-10-25,118.47000122070312,119.3499984741211,118.16999816894533,119.0199966430664,355300
2019-10-28,119.5500030517578,119.95999908447266,119.26000213623048,119.58000183105467,444700
2019-10-29,119.56999969482422,120.2300033569336,119.5199966430664,119.66000366210938,510800
2019-10-30,119.70999908447266,120.5999984741211,119.33000183105467,120.5199966430664,740900
2019-10-31,120.47000122070312,120.58000183105467,119.4800033569336,120.0199966430664,683500
2019-11-01,120.41000366210938,120.77999877929688,120.06999969482422,120.4800033569336,804700
2019-11-04,121.08999633789062,121.30999755859376,119.62999725341795,119.77999877929688,815500
2019-11-05,119.70999908447266,119.83999633789062,118.66000366210938,119.05999755859376,2576400
2019-11-06,119.12000274658205,119.5,118.9499969482422,119.48999786376952,870600
2019-11-07,120.02999877929688,120.23999786376952,119.47000122070312,119.62999725341795,809700
2019-11-08,119.75,120.4499969482422,119.72000122070312,120.44000244140624,1004200
2019-11-11,119.9499969482422,120.61000061035156,119.86000061035156,120.5199966430664,476000
2019-11-12,120.7699966430664,121.33000183105467,120.58000183105467,120.9000015258789,638900
2019-11-13,120.5999984741211,121.95999908447266,120.56999969482422,121.83000183105467,527400
2019-11-14,121.5500030517578,121.7699966430664,121.16000366210938,121.70999908447266,678800
2019-11-15,122.19000244140624,122.23999786376952,121.9000015258789,122.22000122070312,577700
2019-11-18,122.20999908447266,122.62000274658205,121.98999786376952,122.4499969482422,599900
2019-11-19,122.91999816894533,123.4499969482422,122.70999908447266,123.22000122070312,625300
2019-11-20,123.05999755859376,123.45999908447266,122.19000244140624,122.87000274658205,753100
2019-11-21,122.77999877929688,122.77999877929688,121.91000366210938,122.06999969482422,603100
2019-11-22,122.36000061035156,122.36000061035156,121.6999969482422,122.16999816894533,561400
2019-11-25,122.66999816894533,123.11000061035156,122.30999755859376,123.0199966430664,385000
2019-11-26,123.18000030517578,124.05999755859376,123.08999633789062,123.9800033569336,611600
2019-11-27,124.36000061035156,124.47000122070312,123.80999755859376,124.43000030517578,1116400
2019-11-29,124.31999969482422,124.52999877929688,123.88999938964844,123.97000122070312,203100
2019-12-02,124.13999938964844,124.13999938964844,122.18000030517578,122.5199966430664,944500
2019-12-03,121.51000213623048,122.62000274658205,121.5,122.61000061035156,930300
2019-12-04,122.91000366210938,123.41000366210938,122.76000213623048,123.18000030517578,605500
2019-12-05,123.4000015258789,123.4000015258789,122.8000030517578,123.4000015258789,466700
2019-12-06,124.0500030517578,124.20999908447266,123.61000061035156,123.6999969482422,662000
2019-12-09,123.70999908447266,123.80999755859376,123.2699966430664,123.30999755859376,339800
2019-12-10,123.37999725341795,123.5,122.9000015258789,123.11000061035156,318000
2019-12-11,123.43000030517578,123.5,122.94000244140624,123.4000015258789,307900
2019-12-12,123.47000122070312,124.1500015258789,123.0199966430664,123.51000213623048,812200
2019-12-13,123.26000213623048,124.11000061035156,123.11000061035156,124.0500030517578,762300
2019-12-16,124.16000366210938,124.37999725341795,123.87999725341795,124.20999908447266,461200
2019-12-17,124.43000030517578,124.5999984741211,123.9800033569336,123.9800033569336,698100
2019-12-18,124.25,124.48999786376952,123.93000030517578,123.93000030517578,275400
2019-12-19,123.91000366210938,124.6999969482422,123.91000366210938,124.69000244140624,415200
2019-12-20,125.0199966430664,125.76000213623048,125.0199966430664,125.5999984741211,390600
2019-12-23,125.87000274658205,126.0,125.06999969482422,125.11000061035156,635900
2019-12-24,125.1999969482422,125.37999725341795,124.91000366210938,125.30999755859376,235100
2019-12-26,125.37999725341795,125.72000122070312,125.36000061035156,125.72000122070312,246000
2019-12-27,125.9000015258789,126.0,125.5500030517578,125.91000366210938,245300
2019-12-30,125.80999755859376,125.91000366210938,124.91999816894533,125.29000091552734,258800
2019-12-31,125.01000213623048,125.69000244140624,124.91000366210938,125.55999755859376,541200
2020-01-02,126.1999969482422,126.37000274658205,125.33000183105467,125.9800033569336,777600
2020-01-03,124.9800033569336,126.33000183105467,124.87000274658205,125.95999908447266,661700
2020-01-06,125.27999877929688,126.12999725341795,125.27999877929688,126.0999984741211,637500
2020-01-07,125.91000366210938,126.20999908447266,125.63999938964844,125.79000091552734,480100
2020-01-08,125.83999633789062,126.95999908447266,125.83999633789062,126.45999908447266,737400
2020-01-09,127.16999816894533,127.75,127.16000366210938,127.55999755859376,1265800
2020-01-10,127.94000244140624,128.0500030517578,127.43000030517578,127.55999755859376,600500
2020-01-13,127.80999755859376,128.75,127.80999755859376,128.75,483400
2020-01-14,128.75,128.75999450683594,128.25999450683594,128.5,658000
2020-01-15,128.6199951171875,129.8699951171875,128.5800018310547,129.58999633789062,648200
2020-01-16,130.0800018310547,130.64999389648438,129.89999389648438,130.6199951171875,480900
2020-01-17,130.86000061035156,131.42999267578125,130.6999969482422,131.3800048828125,641600
2020-01-21,131.1699981689453,132.2100067138672,131.0,132.05999755859375,589500
2020-01-22,132.4600067138672,133.11000061035156,132.32000732421875,132.3699951171875,785600
2020-01-23,132.32000732421875,132.69000244140625,131.92999267578125,132.6199951171875,988300
2020-01-24,132.88999938964844,133.0800018310547,131.5500030517578,132.02999877929688,673700
2020-01-27,130.0800018310547,131.3699951171875,130.00999450683594,130.86000061035156,709500
2020-01-28,131.35000610351562,132.35000610351562,131.22999572753906,132.00999450683594,917100
2020-01-29,132.41000366210938,132.41000366210938,131.35000610351562,131.60000610351562,761500
2020-01-30,131.08999633789062,132.63999938964844,131.02000427246094,132.52999877929688,858400
2020-01-31,132.13999938964844,132.14999389648438,129.85000610351562,130.25999450683594,894300
2020-02-03,130.85000610351562,131.86000061035156,130.85000610351562,131.5,805100
2020-02-04,132.7100067138672,133.50999450683594,132.38999938964844,133.1300048828125,1169500
2020-02-05,134.0500030517578,134.0500030517578,132.6199951171875,133.0399932861328,1673400
2020-02-06,133.39999389648438,133.83999633789062,133.05999755859375,133.7100067138672,469000
2020-02-07,133.5,133.75999450683594,133.07000732421875,133.1999969482422,669500
2020-02-10,133.13999938964844,134.55999755859375,133.0500030517578,134.55999755859375,833400
2020-02-11,135.16000366210938,135.39999389648438,134.44000244140625,134.6699981689453,724900
2020-02-12,135.19000244140625,135.19000244140625,134.27999877929688,135.02000427246094,1702500
2020-02-13,134.66000366210938,136.33999633789062,134.66000366210938,135.9499969482422,771100
2020-02-14,136.22000122070312,136.89999389648438,136.14999389648438,136.8699951171875,1798700
2020-02-18,136.60000610351562,136.86000061035156,136.35000610351562,136.75999450683594,827000
2020-02-19,137.05999755859375,137.69000244140625,137.0399932861328,137.0800018310547,3795600
2020-02-20,137.0399932861328,137.14999389648438,134.91000366210938,136.50999450683594,1122000
2020-02-21,136.08999633789062,136.1999969482422,134.89999389648438,135.27000427246094,1108400
2020-02-24,131.25,133.3300018310547,131.2100067138672,131.91000366210938,1250600
2020-02-25,132.39999389648438,132.6699981689453,127.94000244140624,128.25,1942400
2020-02-26,128.08999633789062,130.32000732421875,127.3499984741211,127.5,2128800
2020-02-27,125.3000030517578,126.48999786376952,121.87000274658205,121.9000015258789,2673800
2020-02-28,117.41000366210938,120.9000015258789,116.47000122070312,120.9000015258789,2381300
2020-03-02,121.0,126.7300033569336,121.0,126.7300033569336,2639800
2020-03-03,127.31999969482422,129.00999450683594,123.27999877929688,124.2699966430664,1653800
2020-03-04,126.73999786376952,130.16000366210938,125.91999816894533,129.9600067138672,1545300
2020-03-05,127.36000061035156,128.75999450683594,125.3000030517578,126.33999633789062,1144800
2020-03-06,122.66000366210938,125.05999755859376,121.04000091552734,124.5999984741211,1258900
2020-03-09,116.1500015258789,120.16000366210938,115.5,116.0999984741211,2251600
2020-03-10,120.0,121.22000122070312,115.38999938964844,121.0999984741211,5786300
2020-03-11,117.87000274658205,118.63999938964844,113.58999633789062,115.05999755859376,2367400
2020-03-12,106.70999908447266,112.08999633789062,103.0,104.75,2102700
2020-03-13,109.11000061035156,113.48999786376952,104.45999908447266,113.13999938964844,2065900
2020-03-16,101.9000015258789,109.91999816894533,97.18000030517578,99.1500015258789,2008900
2020-03-17,102.06999969482422,107.13999938964844,99.1500015258789,106.05999755859376,2252900
2020-03-18,99.66999816894533,102.93000030517578,95.95999908447266,100.3499984741211,1758600
2020-03-19,99.48999786376952,102.20999908447266,96.66000366210938,99.68000030517578,2013100
2020-03-20,100.9800033569336,100.9800033569336,93.80999755859376,93.80999755859376,1170700
2020-03-23,93.76000213623048,93.87000274658205,88.83000183105469,90.36000061035156,2053900
2020-03-24,94.91000366210938,100.2300033569336,94.79000091552734,99.9800033569336,2313200
2020-03-25,100.18000030517578,105.55999755859376,98.44000244140624,101.83999633789062,1863500
2020-03-26,103.79000091552734,108.91999816894533,102.98999786376952,108.55999755859376,2227900
2020-03-27,104.80999755859376,109.75,104.80999755859376,106.44000244140624,1284300
2020-03-30,107.80999755859376,110.08999633789062,106.9000015258789,109.83000183105467,1118500
2020-03-31,109.62000274658205,109.62000274658205,106.13999938964844,106.4800033569336,1086000
2020-04-01,102.41999816894533,103.95999908447266,100.29000091552734,101.29000091552734,1007300
2020-04-02,100.26000213623048,103.16999816894533,100.12999725341795,102.91000366210938,671800
2020-04-03,103.20999908447266,103.5999984741211,99.9499969482422,101.08000183105467,896000
2020-04-06,105.44000244140624,108.9000015258789,104.51000213623048,108.30999755859376,1619900
2020-04-07,111.91999816894533,111.9499969482422,107.37000274658205,107.4800033569336,1228200
2020-04-08,108.91999816894533,111.0,107.56999969482422,110.5199966430664,1357900
2020-04-09,112.3499984741211,112.62000274658205,110.54000091552734,111.4000015258789,1222800
2020-04-13,110.8499984741211,112.08999633789062,109.76000213623048,111.86000061035156,1003500
2020-04-14,114.1500015258789,116.62000274658205,114.1500015258789,116.22000122070312,1074500
2020-04-15,114.54000091552734,115.5999984741211,113.7300033569336,114.7300033569336,1027800
2020-04-16,115.20999908447266,117.08999633789062,115.01000213623048,116.58000183105467,722600
2020-04-17,119.05999755859376,119.05999755859376,116.86000061035156,118.48999786376952,1062900
2020-04-20,116.80999755859376,118.83999633789062,116.8000030517578,117.22000122070312,887600
2020-04-21,115.62999725341795,116.13999938964844,112.4000015258789,112.83000183105467,741100
2020-04-22,115.20999908447266,116.4800033569336,114.51000213623048,115.83999633789062,748300
2020-04-23,116.73999786376952,117.5199966430664,115.37000274658205,115.52999877929688,708500
2020-04-24,115.4000015258789,117.29000091552734,114.95999908447266,117.20999908447266,635200
2020-04-27,118.66000366210938,119.13999938964844,118.20999908447266,118.6999969482422,860800
2020-04-28,119.9499969482422,120.3499984741211,117.0199966430664,117.22000122070312,1415200
2020-04-29,119.47000122070312,120.79000091552734,118.63999938964844,120.06999969482422,1028800
2020-04-30,119.62999725341795,120.19000244140624,118.51000213623048,118.94000244140624,958600
2020-05-01,116.69000244140624,117.4000015258789,115.41000366210938,116.02999877929688,1656900
2020-05-04,115.51000213623048,117.63999938964844,115.51000213623048,117.58999633789062,861200
2020-05-05,118.68000030517578,120.62000274658205,118.51000213623048,119.4499969482422,749700
2020-05-06,120.30999755859376,120.73999786376952,119.31999969482422,119.41999816894533,544100
2020-05-07,120.58000183105467,121.0999984741211,119.91999816894533,120.27999877929688,2927000
2020-05-08,121.45999908447266,121.87000274658205,120.83999633789062,121.6500015258789,984200
2020-05-11,121.18000030517578,123.94000244140624,120.98999786376952,123.33999633789062,834900
2020-05-12,123.86000061035156,124.1999969482422,121.16999816894533,121.16999816894533,3344300
2020-05-13,121.04000091552734,122.45999908447266,118.63999938964844,119.98999786376952,1368500
2020-05-14,118.91999816894533,121.08999633789062,118.37000274658205,121.01000213623048,928600
2020-05-15,119.83000183105467,122.45999908447266,119.83000183105467,122.45999908447266,800600
2020-05-18,124.83000183105467,124.83000183105467,123.48999786376952,123.6500015258789,866400
2020-05-19,123.5,124.58999633789062,123.08000183105467,123.08000183105467,989100
2020-05-20,124.62999725341795,124.83000183105467,123.79000091552734,124.29000091552734,668700
2020-05-21,124.37999725341795,124.37999725341795,122.66000366210938,123.13999938964844,830000
2020-05-22,123.43000030517578,123.75,122.54000091552734,123.72000122070312,943600
2020-05-26,125.9000015258789,125.9000015258789,122.66000366210938,122.79000091552734,1382100
2020-05-27,122.66999816894533,123.69000244140624,119.87000274658205,123.68000030517578,3086300
2020-05-28,123.9000015258789,125.73999786376952,123.7300033569336,123.9800033569336,1060500
2020-05-29,124.25,126.1999969482422,123.63999938964844,125.91999816894533,738800
2020-06-01,126.16000366210938,126.81999969482422,125.5199966430664,126.5999984741211,643600
2020-06-02,126.91999816894533,126.91999816894533,125.06999969482422,126.7300033569336,850300
2020-06-03,127.4000015258789,127.4000015258789,126.0199966430664,126.56999969482422,713600
2020-06-04,126.2300033569336,126.93000030517578,124.2300033569336,125.13999938964844,682500
2020-06-05,125.87000274658205,127.0199966430664,124.37000274658205,126.58000183105467,622400
2020-06-08,126.43000030517578,127.58999633789062,125.6500015258789,127.58999633789062,1682700
2020-06-09,127.3000030517578,128.77000427246094,127.2699966430664,128.0800018310547,1095400
2020-06-10,129.32000732421875,130.72000122070312,129.02000427246094,129.97000122070312,1380500
2020-06-11,127.79000091552734,128.6699981689453,123.75,123.93000030517578,949200
2020-06-12,126.83999633789062,126.95999908447266,122.4499969482422,124.43000030517578,796700
2020-06-15,122.45999908447266,126.08999633789062,122.18000030517578,125.9499969482422,757500
2020-06-16,128.74000549316406,128.74000549316406,126.0999984741211,128.27000427246094,862500
2020-06-17,129.07000732421875,129.5,128.27000427246094,128.63999938964844,815200
2020-06-18,128.33999633789062,128.91000366210938,127.87999725341795,128.66000366210938,526100
2020-06-19,130.1300048828125,130.14999389648438,128.1999969482422,129.60000610351562,1173600
2020-06-22,129.52000427246094,130.75,129.16000366210938,130.74000549316406,538800
2020-06-23,131.6999969482422,132.19000244140625,130.74000549316406,130.9600067138672,434100
2020-06-24,130.6199951171875,131.3699951171875,127.62000274658205,128.4600067138672,734100
2020-06-25,128.3300018310547,130.11000061035156,127.27999877929688,130.0,609300
2020-06-26,129.80999755859375,130.0,127.33999633789062,127.4499969482422,820000
2020-06-29,128.1999969482422,128.33999633789062,126.20999908447266,128.33999633789062,499200
2020-06-30,128.3699951171875,131.50999450683594,128.3699951171875,131.0,602600
2020-07-01,131.22000122070312,133.2100067138672,130.75999450683594,132.77999877929688,674300
2020-07-02,134.16000366210938,134.61000061035156,133.5,133.8000030517578,645800
2020-07-06,135.50999450683594,137.22000122070312,135.3800048828125,136.60000610351562,582000
2020-07-07,136.55999755859375,138.1300048828125,136.02999877929688,136.1300048828125,740300
2020-07-08,137.1199951171875,137.77000427246094,136.27000427246094,137.6999969482422,954600
2020-07-09,138.49000549316406,139.0500030517578,136.3300018310547,138.6300048828125,487700
2020-07-10,138.83999633789062,139.55999755859375,137.22999572753906,139.5,561800
2020-07-13,140.82000732421875,142.5500030517578,136.25999450683594,136.6199951171875,999900
2020-07-14,136.38999938964844,138.63999938964844,134.1999969482422,138.47000122070312,954100
2020-07-15,139.63999938964844,139.63999938964844,137.22000122070312,138.75999450683594,585400
2020-07-16,137.60000610351562,138.4600067138672,136.47999572753906,138.0800018310547,674200
2020-07-17,138.5,139.24000549316406,137.63999938964844,138.89999389648438,567000
2020-07-20,138.97000122070312,142.5,138.9199981689453,142.22000122070312,518300
2020-07-21,143.1999969482422,143.1999969482422,140.3300018310547,140.77000427246094,552400
2020-07-22,141.0399932861328,141.75,140.25999450683594,141.4199981689453,395000
2020-07-23,141.6999969482422,142.13999938964844,137.91000366210938,138.58999633789062,516100
2020-07-24,136.42999267578125,137.63999938964844,135.25,137.02999877929688,669600
2020-07-27,137.69000244140625,139.30999755859375,137.35000610351562,139.2100067138672,442200
2020-07-28,138.8800048828125,139.4600067138672,137.75999450683594,137.9199981689453,437500
2020-07-29,138.82000732421875,140.05999755859375,138.69000244140625,139.52999877929688,583600
2020-07-30,137.97999572753906,139.75,137.42999267578125,139.52999877929688,635000
2020-07-31,140.92999267578125,140.92999267578125,137.97000122070312,140.19000244140625,511000
2020-08-03,141.22999572753906,142.22999572753906,141.13999938964844,141.94000244140625,643500
2020-08-04,141.88999938964844,142.52000427246094,141.1999969482422,142.52000427246094,714200
2020-08-05,143.02999877929688,143.02999877929688,142.22999572753906,142.72999572753906,589400
2020-08-06,142.7899932861328,143.3300018310547,141.85000610351562,143.22999572753906,392200
2020-08-07,142.91000366210938,143.3699951171875,140.6999969482422,142.0399932861328,672800
2020-08-10,142.5,142.55999755859375,139.49000549316406,140.9199981689453,1616900
2020-08-11,140.8300018310547,140.8300018310547,137.82000732421875,138.0800018310547,1772600
2020-08-12,139.49000549316406,142.3699951171875,139.35000610351562,141.82000732421875,782900
2020-08-13,142.25999450683594,143.49000549316406,142.19000244140625,142.55999755859375,558700
2020-08-14,142.94000244140625,143.1699981689453,141.97999572753906,142.4499969482422,396500
2020-08-17,143.08999633789062,145.1300048828125,143.08999633789062,145.0399932861328,450200
2020-08-18,146.0,146.2899932861328,144.72999572753906,145.97999572753906,916300
2020-08-19,146.22000122070312,146.4499969482422,145.0,145.25,457400
2020-08-20,144.8300018310547,147.2100067138672,144.5500030517578,146.9499969482422,353400
2020-08-21,147.1999969482422,147.9499969482422,146.88999938964844,147.69000244140625,635700
2020-08-24,149.17999267578125,149.24000549316406,146.25,147.2100067138672,901900
2020-08-25,147.2100067138672,148.27000427246094,146.64999389648438,148.17999267578125,523700
2020-08-26,148.75999450683594,151.02000427246094,148.5,150.8699951171875,633900
2020-08-27,151.14999389648438,151.8800048828125,149.5,150.6999969482422,745100
2020-08-28,151.66000366210938,151.75,150.60000610351562,151.33999633789062,568900
2020-08-31,151.5,154.1699981689453,151.4199981689453,153.47999572753906,581300
2020-09-01,154.6199951171875,155.30999755859375,153.97000122070312,155.25999450683594,1237200
2020-09-02,156.0800018310547,156.75,153.4199981689453,156.3800048828125,1029500
2020-09-03,154.1300048828125,154.2899932861328,147.27000427246094,148.52000427246094,951600
2020-09-04,148.6300048828125,149.47999572753906,141.16000366210938,146.4499969482422,1701600
2020-09-08,141.7100067138672,143.82000732421875,140.24000549316406,140.25999450683594,1225300
2020-09-09,143.3000030517578,145.44000244140625,142.3800048828125,144.60000610351562,1681900
2020-09-10,146.0,146.58999633789062,141.33999633789062,142.02000427246094,614100
2020-09-11,143.25,143.5399932861328,139.88999938964844,141.52999877929688,616800
2020-09-14,143.33999633789062,145.32000732421875,143.07000732421875,144.6699981689453,677400
2020-09-15,146.64999389648438,147.4199981689453,146.08999633789062,146.97999572753906,561300
2020-09-16,147.36000061035156,147.5399932861328,145.0800018310547,145.1199951171875,745700
2020-09-17,142.5500030517578,144.27999877929688,141.8000030517578,143.58999633789062,731600
2020-09-18,144.77999877929688,144.77999877929688,140.9199981689453,143.02000427246094,808600
2020-09-21,140.77999877929688,143.52999877929688,139.47000122070312,143.52999877929688,1411900
2020-09-22,143.72000122070312,144.8800048828125,142.0,144.66000366210938,4076900
2020-09-23,144.0800018310547,144.2100067138672,140.07000732421875,140.4199981689453,657100
2020-09-24,139.25,142.07000732421875,138.74000549316406,140.63999938964844,944100
2020-09-25,140.85000610351562,144.22999572753906,140.55999755859375,144.0,771900
2020-09-28,146.42999267578125,146.42999267578125,144.7899932861328,146.0399932861328,743800
2020-09-29,145.94000244140625,146.6300048828125,145.49000549316406,145.9499969482422,581100
2020-09-30,146.3300018310547,148.6300048828125,145.9499969482422,147.39999389648438,952600
2020-10-01,149.0399932861328,149.4199981689453,148.1300048828125,149.25,1549100
2020-10-02,146.02999877929688,148.3800048828125,145.5,145.8000030517578,970600
2020-10-05,146.92999267578125,149.05999755859375,146.92999267578125,149.05999755859375,572100
2020-10-06,149.25999450683594,149.4499969482422,146.25999450683594,146.75,714500
2020-10-07,148.1199951171875,149.88999938964844,148.1199951171875,149.42999267578125,523000
2020-10-08,150.7899932861328,150.7899932861328,149.69000244140625,150.02000427246094,610900
2020-10-09,150.69000244140625,151.8800048828125,150.61000061035156,151.8800048828125,585800
2020-10-12,153.44000244140625,155.75,153.19000244140625,154.66000366210938,455000
2020-10-13,155.27999877929688,155.63999938964844,154.1999969482422,154.89999389648438,454900
2020-10-14,155.08999633789062,155.49000549316406,153.10000610351562,153.8800048828125,563600
2020-10-15,151.5,153.1699981689453,151.30999755859375,152.8699951171875,505000
2020-10-16,154.0399932861328,154.75999450683594,152.5399932861328,152.5399932861328,463000
2020-10-19,153.27999877929688,153.89999389648438,149.74000549316406,150.27999877929688,876000
2020-10-20,150.8300018310547,151.57000732421875,149.6300048828125,149.97999572753906,684100
2020-10-21,149.69000244140625,150.97999572753906,149.08999633789062,149.16000366210938,586300
2020-10-22,149.67999267578125,149.8699951171875,147.74000549316406,149.02000427246094,487800
2020-10-23,149.3000030517578,149.41000366210938,148.08999633789062,149.41000366210938,442200
2020-10-26,148.22000122070312,149.58999633789062,145.8800048828125,147.74000549316406,766800
2020-10-27,147.74000549316406,148.4499969482422,147.25,147.97000122070312,861200
2020-10-28,145.25,145.91000366210938,142.77999877929688,143.00999450683594,1213600
2020-10-29,143.14999389648438,145.2899932861328,142.66000366210938,143.77999877929688,768600
2020-10-30,143.1699981689453,143.69000244140625,139.8699951171875,141.22999572753906,875600
2020-11-02,142.2899932861328,143.72000122070312,140.64999389648438,142.35000610351562,1257200
2020-11-03,143.97999572753906,145.99000549316406,143.25,144.9199981689453,1021500
2020-11-04,149.52999877929688,152.77999877929688,148.97000122070312,151.42999267578125,1373000
2020-11-05,155.0800018310547,155.0800018310547,153.17999267578125,154.22000122070312,1576000
2020-11-06,154.0,154.77000427246094,152.41000366210938,154.19000244140625,778400
2020-11-09,158.38999938964844,158.38999938964844,149.72000122070312,149.72000122070312,1573800
2020-11-10,148.88999938964844,149.50999450683594,145.99000549316406,147.86000061035156,1345700
2020-11-11,149.4600067138672,151.0,148.08999633789062,150.8699951171875,1101600
2020-11-12,150.6199951171875,151.86000061035156,149.77000427246094,150.4600067138672,2177200
2020-11-13,151.2100067138672,151.3699951171875,149.8800048828125,151.16000366210938,420000
2020-11-16,151.9600067138672,151.9600067138672,150.49000549316406,151.39999389648438,636100
2020-11-17,152.0,152.17999267578125,151.24000549316406,151.4499969482422,3719000
2020-11-18,151.9499969482422,152.39999389648438,150.6999969482422,150.72999572753906,586400
2020-11-19,150.99000549316406,152.25999450683594,150.3300018310547,151.9499969482422,1020700
2020-11-20,152.00999450683594,152.42999267578125,151.14999389648438,151.22000122070312,730900
2020-11-23,152.0,152.5500030517578,150.5800018310547,151.30999755859375,1165000
2020-11-24,152.38999938964844,152.4600067138672,150.72999572753906,152.05999755859375,1008600
2020-11-25,152.19000244140625,153.92999267578125,152.19000244140625,153.74000549316406,605000
2020-11-27,154.4199981689453,155.8000030517578,154.4199981689453,155.5,416700
2020-11-30,156.1199951171875,156.5399932861328,153.27000427246094,156.24000549316406,1230500
2020-12-01,157.88999938964844,157.88999938964844,155.35000610351562,156.33999633789062,862000
2020-12-02,154.8800048828125,155.69000244140625,153.41000366210938,155.5800018310547,707900
2020-12-03,156.0,157.1699981689453,155.7899932861328,156.07000732421875,690800
2020-12-04,156.6699981689453,156.9600067138672,156.02000427246094,156.8800048828125,765300
2020-12-07,157.0,158.3699951171875,157.0,158.2899932861328,868000
2020-12-08,157.6699981689453,159.33999633789062,157.32000732421875,159.0,1399800
2020-12-09,159.0800018310547,159.1300048828125,154.35000610351562,155.11000061035156,1213700
2020-12-10,154.14999389648438,157.02000427246094,153.38999938964844,156.72999572753906,720900
2020-12-11,155.75,156.63999938964844,154.5500030517578,156.52999877929688,762700
2020-12-14,157.07000732421875,158.27999877929688,156.99000549316406,157.2100067138672,875900
2020-12-15,158.6699981689453,158.82000732421875,157.3699951171875,158.6999969482422,612500
2020-12-16,158.99000549316406,159.69000244140625,157.83999633789062,159.42999267578125,641600
2020-12-17,160.63999938964844,161.6199951171875,160.2899932861328,161.57000732421875,847000
2020-12-18,162.49000549316406,162.49000549316406,160.1300048828125,161.91000366210938,1691700
2020-12-21,160.25999450683594,162.1699981689453,159.3300018310547,161.80999755859375,607000
2020-12-22,162.77000427246094,162.85000610351562,160.8300018310547,162.85000610351562,547300
2020-12-23,162.88999938964844,163.0,161.11000061035156,161.27999877929688,606900
2020-12-24,161.7100067138672,162.42999267578125,161.2899932861328,161.74000549316406,299200
2020-12-28,163.32000732421875,163.36000061035156,160.25,161.00999450683594,504600
2020-12-29,161.6999969482422,161.94000244140625,159.6199951171875,160.5399932861328,629000
2020-12-30,161.2899932861328,161.3800048828125,160.36000061035156,161.1300048828125,375300
2020-12-31,160.8699951171875,161.32000732421875,160.3000030517578,161.2899932861328,568800
2021-01-04,161.9600067138672,162.5,157.74000549316406,160.07000732421875,1049100
2021-01-05,159.3300018310547,161.66000366210938,159.3300018310547,161.52000427246094,811800
2021-01-06,159.58999633789062,162.5,159.02000427246094,160.27000427246094,1130400
2021-01-07,161.9199981689453,165.60000610351562,161.9199981689453,165.22999572753906,788900
2021-01-08,166.97999572753906,168.07000732421875,165.58999633789062,167.9600067138672,1287000
2021-01-11,166.58999633789062,167.6300048828125,165.1999969482422,165.89999389648438,982700
2021-01-12,166.17999267578125,167.1199951171875,165.1999969482422,166.8800048828125,700700
2021-01-13,166.60000610351562,168.11000061035156,166.0399932861328,167.4600067138672,787600
2021-01-14,168.0500030517578,168.52999877929688,166.1999969482422,166.47999572753906,8034600
2021-01-15,166.75,167.1199951171875,164.2100067138672,164.64999389648438,2269300
2021-01-19,166.0500030517578,166.61000061035156,165.1199951171875,166.52000427246094,1266500
2021-01-20,168.35000610351562,170.2100067138672,168.1199951171875,169.8800048828125,1469800
2021-01-21,170.39999389648438,170.86000061035156,169.60000610351562,170.57000732421875,1078100
2021-01-22,169.69000244140625,170.94000244140625,169.69000244140625,170.6300048828125,661300
2021-01-25,171.99000549316406,173.00999450683594,167.5500030517578,171.16000366210938,732600
2021-01-26,171.64999389648438,171.64999389648438,169.0500030517578,169.32000732421875,1318400
2021-01-27,167.4199981689453,167.4499969482422,162.5800018310547,163.55999755859375,1144200
2021-01-28,163.6300048828125,168.3000030517578,163.6300048828125,166.27000427246094,897100
2021-01-29,165.55999755859375,166.3800048828125,162.2100067138672,163.86000061035156,1054700
2021-02-01,165.6999969482422,168.22999572753906,164.22000122070312,167.89999389648438,1120800
2021-02-02,169.8800048828125,171.8300018310547,169.8000030517578,171.32000732421875,2604900
2021-02-03,172.85000610351562,172.85000610351562,170.50999450683594,170.82000732421875,1052700
2021-02-04,171.52999877929688,172.74000549316406,170.99000549316406,172.74000549316406,613600
2021-02-05,173.3000030517578,174.22999572753906,172.6999969482422,174.11000061035156,709400
2021-02-08,175.33999633789062,176.1999969482422,174.77999877929688,175.8000030517578,2841300
2021-02-09,175.2100067138672,176.0500030517578,175.1699981689453,175.6999969482422,1216700
2021-02-10,176.75,176.8300018310547,173.42999267578125,175.10000610351562,825700
2021-02-11,176.36000061035156,177.2100067138672,175.27000427246094,176.72999572753906,768800
2021-02-12,176.47999572753906,178.1300048828125,175.6999969482422,178.0399932861328,525100
2021-02-16,178.6999969482422,179.3800048828125,176.60000610351562,177.5800018310547,1805300
2021-02-17,175.88999938964844,176.39999389648438,173.5500030517578,176.07000732421875,712800
2021-02-18,173.99000549316406,175.41000366210938,172.67999267578125,174.8300018310547,578800
2021-02-19,176.0800018310547,176.4499969482422,174.33999633789062,174.61000061035156,629800
2021-02-22,172.41000366210938,172.47000122070312,168.22000122070312,168.3800048828125,821400
2021-02-23,164.25999450683594,167.74000549316406,159.66000366210938,166.9199981689453,4211000
2021-02-24,166.02999877929688,168.16000366210938,164.10000610351562,168.07000732421875,1673700
2021-02-25,166.82000732421875,168.1699981689453,160.6699981689453,161.60000610351562,2155800
2021-02-26,163.00999450683594,164.82000732421875,160.47000122070312,162.89999389648438,2657800
2021-03-01,165.57000732421875,168.0800018310547,164.67999267578125,167.89999389648438,1506700
2021-03-02,168.60000610351562,168.72000122070312,164.8000030517578,164.86000061035156,1169700
2021-03-03,164.44000244140625,164.7100067138672,158.22999572753906,158.22999572753906,2812700
2021-03-04,158.24000549316406,159.10000610351562,151.42999267578125,153.8699951171875,3596400
2021-03-05,155.5399932861328,155.5399932861328,147.67999267578125,155.27000427246094,3726500
2021-03-08,155.22000122070312,156.41000366210938,149.9600067138672,150.0,2951900
2021-03-09,154.61000061035156,158.41000366210938,154.4600067138672,157.5,2181100
2021-03-10,160.27000427246094,160.91000366210938,156.9499969482422,157.1699981689453,2115300
2021-03-11,160.3000030517578,163.0399932861328,159.94000244140625,162.42999267578125,1544300
2021-03-12,159.8300018310547,161.05999755859375,158.4499969482422,160.9600067138672,1453800
2021-03-15,161.10000610351562,162.85000610351562,160.3699951171875,162.77000427246094,872400
2021-03-16,164.0,164.61000061035156,161.0500030517578,162.1199951171875,856000
2021-03-17,160.25,163.6699981689453,159.05999755859375,162.60000610351562,822900
2021-03-18,160.69000244140625,160.69000244140625,156.97000122070312,157.1199951171875,1138000
2021-03-19,157.3800048828125,159.0399932861328,156.10000610351562,158.58999633789062,1325200
2021-03-22,159.75999450683594,162.10000610351562,159.5500030517578,160.8300018310547,838000
2021-03-23,160.8800048828125,162.02000427246094,159.5,159.99000549316406,3722600
2021-03-24,160.42999267578125,160.44000244140625,156.02999877929688,156.02999877929688,1756900
2021-03-25,154.27999877929688,156.24000549316406,153.0,155.63999938964844,1232300
2021-03-26,156.22000122070312,158.4600067138672,154.9499969482422,158.41000366210938,848800
2021-03-29,157.5,158.36000061035156,155.9600067138672,157.36000061035156,1229100
2021-03-30,156.14999389648438,157.7899932861328,155.44000244140625,157.57000732421875,796400
2021-03-31,158.72999572753906,161.85000610351562,158.63999938964844,160.86000061035156,825200
2021-04-01,162.83999633789062,164.16000366210938,162.83999633789062,163.41000366210938,1431300
2021-04-05,165.08999633789062,166.16000366210938,164.55999755859375,165.72999572753906,847600
2021-04-06,165.6300048828125,167.69000244140625,165.57000732421875,166.74000549316406,834100
2021-04-07,166.30999755859375,167.38999938964844,165.8300018310547,166.64999389648438,771200
2021-04-08,167.92999267578125,169.2899932861328,167.92999267578125,169.27000427246094,940100
2021-04-09,168.25,170.41000366210938,168.10000610351562,170.3699951171875,627500
2021-04-12,170.02999877929688,171.33999633789062,169.0399932861328,171.16000366210938,538400
2021-04-13,171.91000366210938,174.75999450683594,171.91000366210938,174.52000427246094,759400
2021-04-14,175.0,175.22999572753906,171.66000366210938,171.92999267578125,916800
2021-04-15,174.02999877929688,175.5500030517578,173.75999450683594,175.5,965400
2021-04-16,175.35000610351562,175.5500030517578,173.8699951171875,174.97000122070312,922700
2021-04-19,173.99000549316406,174.38999938964844,171.52999877929688,172.5399932861328,903500
2021-04-20,172.6300048828125,173.33999633789062,169.8800048828125,170.9199981689453,675600
2021-04-21,169.8300018310547,172.50999450683594,169.6699981689453,172.3699951171875,660800
2021-04-22,172.8000030517578,173.94000244140625,170.42999267578125,171.2100067138672,1429000
2021-04-23,171.7899932861328,174.5500030517578,171.7899932861328,173.9499969482422,1104400
2021-04-26,174.14999389648438,175.75999450683594,173.72999572753906,175.61000061035156,582300
2021-04-27,176.00999450683594,176.3300018310547,174.74000549316406,175.02999877929688,774100
2021-04-28,174.92999267578125,175.44000244140625,173.91000366210938,174.35000610351562,810900
2021-04-29,175.92999267578125,175.92999267578125,171.89999389648438,173.58999633789062,801100
2021-04-30,171.97999572753906,173.7899932861328,171.97000122070312,172.2100067138672,648400
2021-05-03,173.0399932861328,173.22999572753906,170.82000732421875,171.02999877929688,839900
2021-05-04,169.4199981689453,169.4199981689453,165.16000366210938,167.69000244140625,1212800
2021-05-05,168.9199981689453,169.63999938964844,166.32000732421875,166.77999877929688,1210800
2021-05-06,166.6199951171875,167.0399932861328,164.58999633789062,167.0399932861328,1363400
2021-05-07,168.61000061035156,170.27999877929688,168.25,168.72000122070312,1702100
2021-05-10,168.11000061035156,168.11000061035156,164.4199981689453,164.42999267578125,1380400
2021-05-11,160.47999572753906,165.19000244140625,160.36000061035156,164.77000427246094,1986300
2021-05-12,162.05999755859375,163.4199981689453,159.3300018310547,159.69000244140625,1847700
2021-05-13,161.2899932861328,162.33999633789062,158.61000061035156,160.16000366210938,2006200
2021-05-14,162.5,164.27999877929688,161.4600067138672,163.9199981689453,1179700
2021-05-17,162.8699951171875,163.5399932861328,161.0399932861328,162.8699951171875,1528500
2021-05-18,163.3699951171875,164.3300018310547,162.05999755859375,162.05999755859375,1164400
2021-05-19,158.6999969482422,162.16000366210938,158.67999267578125,162.10000610351562,1242800
2021-05-20,162.50999450683594,166.1199951171875,162.50999450683594,165.7100067138672,831600
2021-05-21,166.74000549316406,167.13999938964844,165.02999877929688,165.05999755859375,683000
2021-05-24,166.32000732421875,168.5,166.1699981689453,167.89999389648438,737500
2021-05-25,168.8000030517578,169.11000061035156,167.8000030517578,168.19000244140625,1402200
2021-05-26,168.9499969482422,169.6999969482422,168.16000366210938,169.44000244140625,928800
2021-05-27,169.85000610351562,170.61000061035156,169.27000427246094,170.38999938964844,1639400
2021-05-28,171.05999755859375,171.05999755859375,169.75999450683594,170.38999938964844,901000
2021-06-01,172.0800018310547,172.27000427246094,171.0,171.60000610351562,938400
2021-06-02,171.99000549316406,171.99000549316406,170.5500030517578,171.13999938964844,1121800
2021-06-03,169.6300048828125,171.16000366210938,169.02999877929688,170.02999877929688,873500
2021-06-04,170.6199951171875,171.8000030517578,170.6199951171875,171.72000122070312,591900
2021-06-07,171.77000427246094,171.83999633789062,171.0500030517578,171.7899932861328,478500
2021-06-08,172.41000366210938,172.41000366210938,170.47000122070312,171.69000244140625,449200
2021-06-09,171.49000549316406,171.72999572753906,170.19000244140625,170.27999877929688,478500
2021-06-10,170.72999572753906,171.6300048828125,169.60000610351562,170.0,851200
2021-06-11,170.07000732421875,170.89999389648438,170.02000427246094,170.83999633789062,2182900
2021-06-14,171.14999389648438,171.14999389648438,169.38999938964844,170.14999389648438,553600
2021-06-15,169.82000732421875,170.14999389648438,168.60000610351562,169.2899932861328,500700
2021-06-16,169.30999755859375,169.5500030517578,167.38999938964844,168.8699951171875,546400
2021-06-17,168.94000244140625,169.36000061035156,165.7100067138672,167.25999450683594,783400
2021-06-18,165.99000549316406,166.0,164.60000610351562,164.9499969482422,572300
2021-06-21,165.2100067138672,167.86000061035156,165.2100067138672,167.6199951171875,617000
2021-06-22,168.0399932861328,169.30999755859375,167.1300048828125,168.7899932861328,492600
2021-06-23,168.94000244140625,170.5399932861328,168.94000244140625,170.0500030517578,549300
2021-06-24,171.22999572753906,172.57000732421875,171.1300048828125,172.17999267578125,612000
2021-06-25,172.97000122070312,173.11000061035156,172.47000122070312,172.55999755859375,633500
2021-06-28,172.77000427246094,173.0,171.7899932861328,172.83999633789062,404600
2021-06-29,173.5,173.8699951171875,172.6999969482422,173.05999755859375,467200
2021-06-30,172.88999938964844,173.6300048828125,172.60000610351562,173.42999267578125,427700
2021-07-01,173.52000427246094,174.0399932861328,172.9499969482422,173.72999572753906,768300
2021-07-02,174.3699951171875,174.3699951171875,173.4499969482422,173.9199981689453,377400
2021-07-06,173.5800018310547,173.5800018310547,170.97999572753906,172.05999755859375,491300
2021-07-07,172.0399932861328,172.69000244140625,170.05999755859375,171.3800048828125,705400
2021-07-08,167.9499969482422,170.0500030517578,167.27000427246094,169.3699951171875,668200
2021-07-09,171.35000610351562,173.00999450683594,170.49000549316406,172.85000610351562,555600
2021-07-12,172.27000427246094,174.88999938964844,172.22000122070312,174.72000122070312,1324900
2021-07-13,174.49000549316406,174.49000549316406,172.80999755859375,172.9199981689453,645000
2021-07-14,173.92999267578125,174.25,171.1300048828125,171.66000366210938,477700
2021-07-15,171.22000122070312,172.35000610351562,169.97999572753906,171.25999450683594,458300
2021-07-16,172.58999633789062,172.58999633789062,169.02000427246094,169.35000610351562,303800
2021-07-19,166.94000244140625,167.11000061035156,164.85000610351562,167.02000427246094,2235400
2021-07-20,167.4600067138672,171.4499969482422,167.1999969482422,170.8800048828125,759100
2021-07-21,171.8000030517578,173.8300018310547,171.6199951171875,173.80999755859375,942300
2021-07-22,173.1199951171875,173.94000244140625,172.33999633789062,173.22999572753906,404600
2021-07-23,174.14999389648438,175.0399932861328,173.72999572753906,174.86000061035156,6137000
2021-07-26,174.97000122070312,175.85000610351562,174.89999389648438,175.5500030517578,2147900
2021-07-27,174.58999633789062,174.58999633789062,171.8800048828125,173.77000427246094,754200
2021-07-28,174.25999450683594,175.7100067138672,173.74000549316406,174.97000122070312,644700
2021-07-29,175.00999450683594,176.82000732421875,175.00999450683594,176.07000732421875,610000
2021-07-30,174.80999755859375,176.52000427246094,174.55999755859375,175.02999877929688,710100
2021-08-02,175.86000061035156,177.52999877929688,174.77999877929688,174.88999938964844,936600
2021-08-03,175.83999633789062,176.99000549316406,173.67999267578125,176.91000366210938,1082300
2021-08-04,176.39999389648438,177.6999969482422,175.89999389648438,176.57000732421875,752100
2021-08-05,177.3300018310547,179.11000061035156,177.19000244140625,178.72000122070312,678600
2021-08-06,179.02999877929688,180.0800018310547,179.0,179.6999969482422,615500
2021-08-09,179.38999938964844,181.9499969482422,178.97999572753906,181.2400054931641,608300
2021-08-10,181.9100036621093,182.7899932861328,181.32000732421875,181.83999633789065,639500
2021-08-11,182.1699981689453,182.3099975585937,180.32000732421875,181.7100067138672,688800
2021-08-12,181.58999633789065,182.13999938964844,180.8099975585937,182.009994506836,413900
2021-08-13,182.8999938964844,182.8999938964844,180.8099975585937,181.13999938964844,417500
2021-08-16,179.9199981689453,179.9199981689453,177.9199981689453,179.67999267578125,561500
2021-08-17,178.35000610351562,178.58999633789062,175.6300048828125,177.47000122070312,931800
2021-08-18,177.47999572753906,178.30999755859375,176.08999633789062,176.13999938964844,495100
2021-08-19,174.50999450683594,175.77000427246094,173.4499969482422,174.41000366210938,928700
2021-08-20,174.75999450683594,175.80999755859375,174.61000061035156,175.67999267578125,407000
2021-08-23,177.22999572753906,179.39999389648438,177.14999389648438,179.07000732421875,501000
2021-08-24,179.75,180.6199951171875,179.72000122070312,180.47999572753903,487000
2021-08-25,180.3800048828125,182.5399932861328,180.3800048828125,181.9600067138672,350600
2021-08-26,181.82000732421875,182.5800018310547,180.6199951171875,180.8500061035156,427400
2021-08-27,181.2400054931641,183.3699951171875,181.1999969482422,183.3500061035156,534600
2021-08-30,183.6300048828125,183.92999267578125,182.38999938964844,182.8099975585937,563400
2021-08-31,182.9900054931641,183.22000122070312,181.88999938964844,182.2400054931641,556900
2021-09-01,182.8300018310547,182.8300018310547,181.5599975585937,182.0399932861328,783800
2021-09-02,182.7700042724609,183.8099975585937,182.4600067138672,182.8699951171875,478100
2021-09-03,182.32000732421875,183.2100067138672,182.19000244140625,183.1000061035156,285100
2021-09-07,182.92999267578125,183.6000061035156,182.5800018310547,183.1300048828125,310400
2021-09-08,182.759994506836,182.8500061035156,180.57000732421875,181.5,379300
2021-09-09,181.3800048828125,183.3300018310547,181.3800048828125,182.1999969482422,563700
2021-09-10,183.4100036621093,183.8999938964844,180.8800048828125,180.9900054931641,628300
2021-09-13,181.8999938964844,182.3099975585937,179.49000549316406,181.3999938964844,471800
2021-09-14,181.5,182.5,179.52999877929688,180.02000427246094,1032700
2021-09-15,180.259994506836,182.52999877929688,179.89999389648438,182.42999267578125,510400
2021-09-16,182.44000244140625,183.07000732421875,181.33999633789065,182.4499969482422,570800
2021-09-17,182.5,182.6100006103516,180.2700042724609,181.02999877929688,593600
2021-09-20,176.89999389648438,177.2100067138672,173.77000427246094,176.2100067138672,653200
2021-09-21,177.5399932861328,177.9199981689453,175.5800018310547,176.22000122070312,3432900
2021-09-22,177.61000061035156,180.22000122070312,177.61000061035156,179.19000244140625,831500
2021-09-23,180.4199981689453,183.6000061035156,180.4199981689453,182.8800048828125,649800
2021-09-24,181.32000732421875,183.17999267578125,181.32000732421875,182.9100036621093,315100
2021-09-27,182.8500061035156,183.77999877929688,182.8500061035156,183.3800048828125,1195300
2021-09-28,182.009994506836,182.4199981689453,178.47999572753906,178.8800048828125,3834900
2021-09-29,179.5399932861328,179.7100067138672,177.33999633789062,177.52999877929688,806000
2021-09-30,178.41000366210938,178.58999633789062,175.52999877929688,175.60000610351562,1144800
2021-10-01,175.9199981689453,178.3000030517578,174.19000244140625,177.3800048828125,1105300
2021-10-04,176.89999389648438,177.44000244140625,174.14999389648438,174.9600067138672,719900
2021-10-05,176.0399932861328,178.4499969482422,175.33999633789062,177.41000366210938,698700
2021-10-06,175.75,177.6999969482422,174.5800018310547,177.27999877929688,1173100
2021-10-07,178.97999572753906,180.6999969482422,178.97999572753906,179.32000732421875,629900
2021-10-08,179.69000244140625,180.1499938964844,178.6300048828125,179.00999450683594,312100
2021-10-11,178.82000732421875,180.3800048828125,177.50999450683594,177.5500030517578,240400
2021-10-12,178.27000427246094,178.58999633789062,177.08999633789062,177.72000122070312,624000
2021-10-13,178.35000610351562,178.77000427246094,176.7100067138672,178.49000549316406,598200
2021-10-14,180.57000732421875,181.8999938964844,180.00999450683594,181.8699951171875,700300
2021-10-15,183.33999633789065,184.3999938964844,182.8999938964844,183.94000244140625,597400
2021-10-18,183.3699951171875,185.3600006103516,183.1999969482422,185.3300018310547,551800
2021-10-19,186.1199951171875,186.5599975585937,185.3300018310547,186.22999572753903,1218600
2021-10-20,186.0,186.8600006103516,185.6300048828125,186.4600067138672,503300
2021-10-21,185.97000122070312,187.02999877929688,185.6199951171875,186.8800048828125,543000
2021-10-22,186.4100036621093,187.75,185.509994506836,186.8000030517578,938700
2021-10-25,188.2899932861328,190.19000244140625,187.5399932861328,189.8999938964844,634400
2021-10-26,190.9100036621093,191.97000122070312,188.8699951171875,189.6100006103516,1302100
2021-10-27,189.3500061035156,189.6999969482422,187.22000122070312,187.2899932861328,880400
2021-10-28,188.4900054931641,190.3500061035156,188.2899932861328,190.33999633789065,528500
2021-10-29,189.75,190.94000244140625,189.5599975585937,190.67999267578125,792600
2021-11-01,191.8600006103516,192.63999938964844,190.3000030517578,192.63999938964844,1123800
2021-11-02,191.75,192.75,191.4499969482422,192.6100006103516,1902200
2021-11-03,192.2899932861328,193.8099975585937,191.3600006103516,193.75,683200
2021-11-04,193.6999969482422,193.6999969482422,191.52999877929688,193.0200042724609,742100
2021-11-05,193.6000061035156,194.19000244140625,191.6999969482422,192.7700042724609,689600
2021-11-08,193.0200042724609,194.25,192.63999938964844,193.3000030517578,764700
2021-11-09,192.92999267578125,193.0800018310547,189.07000732421875,190.3699951171875,2870300
2021-11-10,189.2400054931641,190.6000061035156,186.8000030517578,188.3800048828125,1239400
2021-11-11,189.3800048828125,189.88999938964844,188.72000122070312,188.9100036621093,630500
2021-11-12,189.4499969482422,189.8500061035156,188.5399932861328,189.75,879900
2021-11-15,190.13999938964844,190.13999938964844,188.52999877929688,189.1699981689453,594200
2021-11-16,189.17999267578125,190.6100006103516,188.67999267578125,190.1499938964844,592700
2021-11-17,189.94000244140625,189.97000122070312,188.1699981689453,188.6999969482422,4786800
2021-11-18,189.4100036621093,189.4100036621093,187.08999633789065,188.6499938964844,631900
2021-11-19,187.9199981689453,188.5500030517578,186.8800048828125,187.4100036621093,592800
2021-11-22,188.9900054931641,190.2899932861328,187.02999877929688,187.88999938964844,1332500
2021-11-23,188.1199951171875,189.19000244140625,186.0800018310547,187.92999267578125,738700
2021-11-24,187.1100006103516,189.0500030517578,186.1999969482422,188.7899932861328,704700
2021-11-26,184.72999572753903,186.0500030517578,184.13999938964844,185.0500030517578,739200
2021-11-29,187.6600036621093,188.47999572753903,185.69000244140625,187.88999938964844,1133300
2021-11-30,186.3699951171875,187.259994506836,182.7400054931641,183.1499938964844,1514700
2021-12-01,185.9600067138672,185.9600067138672,179.1999969482422,179.22999572753906,1049500
2021-12-02,179.32000732421875,183.0200042724609,179.32000732421875,182.22999572753903,1653700
2021-12-03,183.4100036621093,183.83999633789065,176.42999267578125,178.27999877929688,1938200
2021-12-06,178.22999572753906,178.5500030517578,175.08999633789062,177.77999877929688,1849000
2021-12-07,180.72999572753903,183.8000030517578,180.72999572753903,183.7899932861328,5275500
2021-12-08,183.6100006103516,184.259994506836,182.6000061035156,183.9600067138672,993200
2021-12-09,183.58999633789065,184.1100006103516,180.92999267578125,180.92999267578125,1001200
2021-12-10,182.3800048828125,183.02999877929688,180.9600067138672,182.8500061035156,1919700
2021-12-13,182.0500030517578,182.3600006103516,179.5,179.5399932861328,1085300
2021-12-14,177.1699981689453,178.1199951171875,175.42999267578125,177.38999938964844,1814900
2021-12-15,177.50999450683594,181.3699951171875,176.30999755859375,181.2899932861328,1635500
2021-12-16,182.82000732421875,183.2400054931641,177.5,178.4199981689453,2091500
2021-12-17,176.88999938964844,178.49000549316406,174.91000366210938,176.4600067138672,1394400
2021-12-20,174.4600067138672,174.50999450683594,172.11000061035156,173.55999755859375,1203500
2021-12-21,175.57000732421875,177.61000061035156,173.60000610351562,177.5399932861328,837800
2021-12-22,177.35000610351562,179.75,177.35000610351562,179.64999389648438,839400
2021-12-23,180.02000427246094,181.8099975585937,180.02000427246094,181.1999969482422,581500
2021-12-27,181.69000244140625,184.4600067138672,181.69000244140625,184.4499969482422,558500
2021-12-28,185.3500061035156,185.3500061035156,182.67999267578125,182.9499969482422,587500
2021-12-29,183.1699981689453,183.5399932861328,181.8800048828125,183.1199951171875,573400
2021-12-30,182.75,183.6999969482422,182.2400054931641,182.3600006103516,520700
2021-12-31,182.0399932861328,182.7700042724609,181.8000030517578,181.82000732421875,485900
2022-01-03,183.1600036621093,183.4499969482422,180.9199981689453,182.2100067138672,1385300
2022-01-04,182.8600006103516,183.1699981689453,180.02999877929688,181.5800018310547,1200900
2022-01-05,181.1699981689453,181.1699981689453,175.3800048828125,175.49000549316406,1704000
2022-01-06,175.38999938964844,177.1699981689453,173.44000244140625,176.11000061035156,1592500
2022-01-07,176.3000030517578,177.14999389648438,173.6999969482422,174.49000549316406,799700
2022-01-10,172.75,175.25,169.97999572753906,175.10000610351562,1578900
2022-01-11,174.74000549316406,177.14999389648438,173.4499969482422,177.07000732421875,1198100
2022-01-12,177.89999389648438,179.11000061035156,176.66000366210938,177.7899932861328,769700
2022-01-13,178.19000244140625,178.3300018310547,172.4499969482422,172.8300018310547,1304600
2022-01-14,170.9199981689453,172.99000549316406,169.97000122070312,172.14999389648438,2067900
2022-01-18,169.38999938964844,170.22999572753906,167.27000427246094,167.67999267578125,1882200
2022-01-19,169.0800018310547,169.94000244140625,165.67999267578125,165.77000427246094,1557300
2022-01-20,166.6300048828125,169.32000732421875,163.74000549316406,163.94000244140625,2585400
2022-01-21,162.74000549316406,164.3300018310547,159.80999755859375,159.99000549316406,3182100
2022-01-24,156.00999450683594,161.0500030517578,151.36000061035156,160.83999633789062,4551100
2022-01-25,157.57000732421875,160.5399932861328,155.83999633789062,158.30999755859375,3220100
2022-01-26,161.55999755859375,163.6300048828125,156.47999572753906,158.47999572753906,4223900
2022-01-27,160.55999755859375,161.6699981689453,155.8800048828125,156.50999450683594,3185200
2022-01-28,156.00999450683594,160.60000610351562,153.9600067138672,160.60000610351562,2657300
2022-01-31,160.57000732421875,165.44000244140625,160.50999450683594,165.39999389648438,1854300
2022-02-01,166.3300018310547,167.52999877929688,164.02999877929688,167.30999755859375,2253000
2022-02-02,168.80999755859375,169.08999633789062,166.67999267578125,168.6199951171875,1766400
2022-02-03,166.16000366210938,167.8300018310547,164.14999389648438,164.6699981689453,2406400
2022-02-04,164.69000244140625,168.41000366210938,163.91000366210938,166.80999755859375,1934600
2022-02-07,167.08999633789062,168.1199951171875,165.89999389648438,166.39999389648438,1285800
2022-02-08,165.72000122070312,167.97999572753906,164.9600067138672,167.52999877929688,1741900
2022-02-09,168.89999389648438,171.72999572753906,168.89999389648438,171.61000061035156,1773300
2022-02-10,168.74000549316406,172.6699981689453,167.3800048828125,168.39999389648438,1364300
2022-02-11,168.3000030517578,169.22999572753906,162.6699981689453,163.52999877929688,1805900
2022-02-14,162.85000610351562,163.92999267578125,160.77999877929688,162.27999877929688,1184300
2022-02-15,164.22999572753906,166.1699981689453,164.22999572753906,166.0800018310547,737400
2022-02-16,164.9499969482422,166.72000122070312,164.0500030517578,166.2100067138672,915800
2022-02-17,164.52000427246094,164.61000061035156,160.25,160.57000732421875,946000
2022-02-18,160.60000610351562,161.3800048828125,157.8300018310547,158.7100067138672,1310700
2022-02-22,157.47999572753906,159.86000061035156,155.30999755859375,156.8000030517578,1851500
2022-02-23,158.22000122070312,158.88999938964844,153.07000732421875,153.3699951171875,1246600
2022-02-24,148.3800048828125,158.02000427246094,148.14999389648438,157.7100067138672,1410500
2022-02-25,157.8699951171875,160.94000244140625,156.9499969482422,160.8000030517578,960500
2022-02-28,158.85000610351562,161.89999389648438,158.6999969482422,160.97000122070312,684900
2022-03-01,160.75999450683594,161.13999938964844,157.3800048828125,158.4499969482422,1247200
2022-03-02,159.52000427246094,162.5399932861328,158.86000061035156,161.9600067138672,2162900
2022-03-03,162.4499969482422,162.50999450683594,158.63999938964844,159.61000061035156,1177300
2022-03-04,158.13999938964844,158.4499969482422,155.47000122070312,157.07000732421875,1115900
2022-03-07,156.92999267578125,157.00999450683594,150.75999450683594,150.83999633789062,2550200
2022-03-08,150.7899932861328,153.91000366210938,149.0500030517578,150.07000732421875,2584200
2022-03-09,153.86000061035156,156.92999267578125,153.13999938964844,156.08999633789062,1322300
2022-03-10,153.9199981689453,155.6300048828125,152.97000122070312,155.3300018310547,1497200
2022-03-11,156.14999389648438,156.60000610351562,152.22000122070312,152.3300018310547,1001300
2022-03-14,152.47000122070312,154.02999877929688,149.97999572753906,150.5800018310547,1200700
2022-03-15,151.35000610351562,154.6699981689453,150.80999755859375,154.42999267578125,863000
2022-03-16,156.24000549316406,159.86000061035156,154.92999267578125,159.80999755859375,1283300
2022-03-17,159.07000732421875,162.74000549316406,158.8699951171875,162.64999389648438,689500
2022-03-18,161.92999267578125,165.9600067138672,161.92999267578125,165.82000732421875,768000
2022-03-21,165.72000122070312,166.72000122070312,163.80999755859375,165.61000061035156,995500
2022-03-22,166.07000732421875,169.0399932861328,166.07000732421875,168.6199951171875,574100
2022-03-23,167.19000244140625,168.35000610351562,165.72000122070312,165.80999755859375,1181000
2022-03-24,166.0500030517578,168.25,165.50999450683594,168.25,542000
2022-03-25,168.25999450683594,168.74000549316406,166.69000244140625,168.19000244140625,628800
2022-03-28,168.3300018310547,170.3300018310547,167.36000061035156,170.32000732421875,453400
2022-03-29,172.10000610351562,173.11000061035156,170.30999755859375,172.74000549316406,531700
2022-03-30,172.1199951171875,172.47999572753906,169.88999938964844,170.72000122070312,1168000
2022-03-31,170.5399932861328,171.6999969482422,168.1300048828125,168.27000427246094,855100
2022-04-01,168.7899932861328,169.19000244140625,167.0800018310547,168.5399932861328,579300
2022-04-04,168.74000549316406,170.47000122070312,168.72999572753906,170.39999389648438,494100
2022-04-05,169.80999755859375,170.2100067138672,166.22999572753906,166.69000244140625,685100
2022-04-06,164.6199951171875,164.99000549316406,162.30999755859375,163.80999755859375,777300
2022-04-07,163.36000061035156,165.97999572753906,162.32000732421875,165.10000610351562,865100
2022-04-08,164.72999572753906,165.7899932861328,163.8000030517578,164.27999877929688,807500
2022-04-11,162.50999450683594,162.66000366210938,160.64999389648438,160.7899932861328,942000
2022-04-12,162.25,163.97999572753906,159.10000610351562,159.94000244140625,883400
2022-04-13,159.7100067138672,162.5399932861328,159.64999389648438,162.16000366210938,895000
2022-04-14,161.6999969482422,162.36000061035156,159.08999633789062,159.13999938964844,633500
2022-04-18,158.74000549316406,160.25999450683594,158.19000244140625,159.27000427246094,818000
2022-04-19,159.11000061035156,162.5399932861328,159.0500030517578,162.2899932861328,831700
2022-04-20,163.4199981689453,163.77999877929688,161.6300048828125,161.89999389648438,2093600
2022-04-21,164.05999755859375,164.85000610351562,157.72999572753906,158.1699981689453,820200
2022-04-22,157.91000366210938,158.17999267578125,153.0399932861328,153.24000549316406,1578800
2022-04-25,151.6199951171875,154.4199981689453,150.55999755859375,154.38999938964844,1771600
2022-04-26,153.27000427246094,153.52999877929688,148.57000732421875,148.6300048828125,1275400
2022-04-27,148.8300018310547,150.97000122070312,147.80999755859375,148.57000732421875,1890500
2022-04-28,150.49000549316406,153.64999389648438,147.9600067138672,152.60000610351562,1662600
2022-04-29,151.75999450683594,153.5800018310547,146.72999572753906,146.92999267578125,2355400
2022-05-02,146.97000122070312,149.11000061035156,145.07000732421875,148.88999938964844,2374400
2022-05-03,148.94000244140625,150.9600067138672,148.6999969482422,150.0399932861328,1090100
2022-05-04,150.35000610351562,155.30999755859375,147.92999267578125,154.97000122070312,1292500
2022-05-05,153.2899932861328,153.57000732421875,146.55999755859375,148.32000732421875,946500
2022-05-06,147.30999755859375,148.41000366210938,144.08999633789062,146.64999389648438,1649800
2022-05-09,143.75,144.4600067138672,138.8800048828125,139.6300048828125,1995600
2022-05-10,142.11000061035156,143.25999450683594,138.13999938964844,140.47000122070312,2825100
2022-05-11,139.82000732421875,142.64999389648438,136.86000061035156,137.11000061035156,2531200
2022-05-12,135.32000732421875,139.0800018310547,134.1699981689453,137.27000427246094,3044700
2022-05-13,139.67999267578125,143.3000030517578,139.66000366210938,142.36000061035156,1434800
2022-05-16,141.44000244140625,142.3300018310547,140.10000610351562,140.52999877929688,1717800
2022-05-17,142.8800048828125,144.0,141.47999572753906,143.8800048828125,768100
2022-05-18,141.4499969482422,141.75,136.61000061035156,137.24000549316406,721200
2022-05-19,135.94000244140625,139.16000366210938,135.8699951171875,137.3300018310547,1384600
2022-05-20,139.2100067138672,139.32000732421875,133.27000427246094,137.0399932861328,1203600
2022-05-23,138.02000427246094,140.47999572753906,137.25999450683594,140.1199951171875,967700
2022-05-24,138.1199951171875,138.3699951171875,135.4499969482422,137.69000244140625,946800
2022-05-25,137.16000366210938,140.55999755859375,137.11000061035156,139.83999633789062,784400
2022-05-26,139.9199981689453,144.67999267578125,139.9199981689453,144.07000732421875,885900
2022-05-27,144.7899932861328,147.9600067138672,144.72999572753906,147.94000244140625,1091400
2022-05-31,147.75999450683594,147.9199981689453,145.85000610351562,146.0500030517578,1325600
2022-06-01,146.8800048828125,147.0800018310547,144.36000061035156,145.63999938964844,7100500
2022-06-02,145.60000610351562,146.38999938964844,143.72000122070312,146.30999755859375,1732000
2022-06-03,145.22000122070312,146.47000122070312,145.22000122070312,145.67999267578125,1430100
2022-06-06,146.5500030517578,146.80999755859375,145.3800048828125,145.82000732421875,1106900
2022-06-07,145.1300048828125,148.24000549316406,144.99000549316406,148.1699981689453,1511500
2022-06-08,147.69000244140625,148.16000366210938,146.5,146.7899932861328,1156000
2022-06-09,145.69000244140625,146.4499969482422,143.1699981689453,143.1999969482422,975000
2022-06-10,141.64999389648438,142.36000061035156,140.66000366210938,140.9600067138672,1159200
2022-06-13,137.91000366210938,138.33999633789062,135.52999877929688,136.10000610351562,1733100
2022-06-14,136.80999755859375,137.3000030517578,134.3000030517578,135.4199981689453,1867000
2022-06-15,136.07000732421875,136.9199981689453,133.47000122070312,135.52999877929688,2260800
2022-06-16,132.77999877929688,133.25,131.1699981689453,132.05999755859375,1528900
2022-06-17,131.8300018310547,132.75999450683594,129.6199951171875,130.25,1832000
2022-06-21,131.9199981689453,135.1300048828125,131.9199981689453,134.61000061035156,1437600
2022-06-22,132.16000366210938,135.39999389648438,132.16000366210938,133.86000061035156,1417900
2022-06-23,134.57000732421875,135.14999389648438,132.8800048828125,134.30999755859375,1560700
2022-06-24,135.3699951171875,137.10000610351562,135.0399932861328,137.10000610351562,926900
2022-06-27,137.58999633789062,138.85000610351562,137.3800048828125,138.1999969482422,1077400
2022-06-28,139.1199951171875,139.94000244140625,136.67999267578125,137.1999969482422,1366200
2022-06-29,137.6699981689453,138.11000061035156,136.50999450683594,136.77000427246094,1163300
2022-06-30,135.50999450683594,137.10000610351562,135.27999877929688,136.3699951171875,1417500
2022-07-01,136.1300048828125,137.9600067138672,135.08999633789062,137.8300018310547,1145000
2022-07-05,136.0,136.25,133.25999450683594,135.74000549316406,1563500
2022-07-06,135.36000061035156,136.82000732421875,134.61000061035156,136.1300048828125,1202900
2022-07-07,136.75999450683594,137.80999755859375,136.75999450683594,137.49000549316406,806200
2022-07-08,137.49000549316406,138.39999389648438,137.27000427246094,137.7100067138672,640300
2022-07-11,136.97000122070312,137.7899932861328,136.5399932861328,137.1300048828125,713400
2022-07-12,136.27000427246094,137.08999633789062,135.22999572753906,135.77000427246094,951000
2022-07-13,134.2899932861328,136.47999572753906,134.2899932861328,135.33999633789062,1082800
2022-07-14,133.2100067138672,134.92999267578125,132.60000610351562,134.77000427246094,982200
2022-07-15,136.1199951171875,136.9199981689453,135.52999877929688,136.91000366210938,829800
2022-07-18,137.82000732421875,138.05999755859375,135.27000427246094,135.61000061035156,583500
2022-07-19,136.47000122070312,138.17999267578125,136.3300018310547,138.0399932861328,6425500
2022-07-20,137.55999755859375,138.0500030517578,136.83999633789062,137.61000061035156,619200
2022-07-21,136.6300048828125,137.74000549316406,135.72000122070312,137.7100067138672,914000
2022-07-22,138.13999938964844,138.66000366210938,136.80999755859375,137.52999877929688,730800
2022-07-25,137.97999572753906,139.30999755859375,137.91000366210938,139.25999450683594,532600
2022-07-26,139.17999267578125,139.80999755859375,138.6300048828125,138.99000549316406,441700
2022-07-27,139.25,140.97999572753906,138.35000610351562,140.55999755859375,711600
2022-07-28,140.92999267578125,142.22000122070312,139.49000549316406,141.75,463500
2022-07-29,142.25,143.63999938964844,141.9499969482422,143.4199981689453,574600
2022-08-01,142.36000061035156,143.0,141.92999267578125,142.3800048828125,691300
2022-08-02,142.36000061035156,143.07000732421875,141.52000427246094,141.60000610351562,828600
2022-08-03,142.11000061035156,142.36000061035156,141.25,141.91000366210938,547000
2022-08-04,141.39999389648438,141.77000427246094,140.0800018310547,140.27000427246094,498200
2022-08-05,139.3000030517578,140.92999267578125,139.1199951171875,140.75999450683594,492000
2022-08-08,141.2100067138672,142.02000427246094,140.8300018310547,141.2899932861328,748300
2022-08-09,141.4600067138672,142.69000244140625,141.4600067138672,142.11000061035156,601100
2022-08-10,143.08999633789062,143.30999755859375,142.3800048828125,143.3000030517578,660800
2022-08-11,143.74000549316406,144.6300048828125,143.4199981689453,143.58999633789062,641000
2022-08-12,144.02999877929688,145.64999389648438,143.8300018310547,145.6300048828125,540400
2022-08-15,144.3300018310547,145.85000610351562,143.77000427246094,145.6699981689453,481200
2022-08-16,145.52999877929688,146.47000122070312,145.52999877929688,146.0399932861328,458100
2022-08-17,145.3699951171875,146.8000030517578,145.3699951171875,146.0800018310547,812800
2022-08-18,146.36000061035156,147.24000549316406,146.36000061035156,147.07000732421875,411500
2022-08-19,146.72000122070312,147.60000610351562,146.58999633789062,146.92999267578125,450500
2022-08-22,145.72000122070312,146.25,145.10000610351562,145.4499969482422,565000
2022-08-23,145.66000366210938,146.42999267578125,145.41000366210938,145.72000122070312,408400
2022-08-24,145.52000427246094,146.4600067138672,145.5,146.38999938964844,343700
2022-08-25,146.60000610351562,147.6699981689453,146.1300048828125,147.6699981689453,616900
2022-08-26,147.58999633789062,147.8300018310547,144.3699951171875,144.49000549316406,874000
2022-08-29,143.6300048828125,145.27999877929688,143.3800048828125,144.1699981689453,555200
2022-08-30,143.64999389648438,143.64999389648438,141.49000549316406,141.91000366210938,596800
2022-08-31,141.57000732421875,142.2100067138672,140.55999755859375,140.55999755859375,588200
2022-09-01,139.80999755859375,141.22000122070312,139.25999450683594,141.11000061035156,694600
2022-09-02,142.6999969482422,143.02999877929688,139.80999755859375,140.35000610351562,682900
2022-09-06,140.94000244140625,141.42999267578125,139.6199951171875,140.0,1086300
2022-09-07,139.24000549316406,141.52999877929688,139.13999938964844,141.3300018310547,931900
2022-09-08,140.75999450683594,142.32000732421875,140.60000610351562,142.17999267578125,750200
2022-09-09,143.0800018310547,144.3699951171875,142.72999572753906,144.02999877929688,329600
2022-09-12,144.89999389648438,145.7100067138672,144.50999450683594,145.22000122070312,418300
2022-09-13,143.2899932861328,143.85000610351562,140.22999572753906,140.6999969482422,709000
2022-09-14,141.25999450683594,142.49000549316406,140.8000030517578,141.8000030517578,891300
2022-09-15,141.25,141.77999877929688,140.27999877929688,140.6300048828125,808200
2022-09-16,139.89999389648438,140.1999969482422,138.64999389648438,139.80999755859375,1293300
2022-09-19,138.27999877929688,140.3699951171875,138.22999572753906,140.30999755859375,488400
2022-09-20,139.36000061035156,139.85000610351562,138.1999969482422,139.36000061035156,543300
2022-09-21,140.10000610351562,140.8000030517578,137.42999267578125,137.44000244140625,994200
2022-09-22,137.69000244140625,138.75999450683594,137.22000122070312,137.7100067138672,765800
2022-09-23,136.02000427246094,136.02000427246094,133.16000366210938,134.5800018310547,1028800
2022-09-26,132.8300018310547,133.77999877929688,131.60000610351562,131.9499969482422,999900
2022-09-27,133.10000610351562,133.83999633789062,131.35000610351562,131.85000610351562,987600
2022-09-28,132.67999267578125,135.27000427246094,132.02999877929688,134.69000244140625,1127500
2022-09-29,133.92999267578125,134.10000610351562,131.80999755859375,132.77000427246094,835100
2022-09-30,132.6300048828125,133.2899932861328,131.02999877929688,131.17999267578125,1040600
2022-10-03,133.1199951171875,135.22999572753906,132.86000061035156,134.7899932861328,1139700
2022-10-04,136.4199981689453,138.11000061035156,135.85000610351562,138.10000610351562,788500
2022-10-05,137.22000122070312,139.14999389648438,136.5500030517578,138.27999877929688,643700
2022-10-06,137.77000427246094,138.75999450683594,137.19000244140625,137.36000061035156,856900
2022-10-07,136.5800018310547,136.9499969482422,134.3800048828125,135.13999938964844,521200
2022-10-10,135.44000244140625,135.99000549316406,133.85000610351562,134.41000366210938,477700
2022-10-11,133.3300018310547,136.16000366210938,133.3300018310547,134.61000061035156,5231900
2022-10-12,134.44000244140625,135.27000427246094,134.17999267578125,134.2100067138672,1158500
2022-10-13,132.24000549316406,138.25999450683594,132.1300048828125,137.8800048828125,1392600
2022-10-14,137.94000244140625,138.91000366210938,134.75,135.16000366210938,930800
2022-10-17,136.57000732421875,137.63999938964844,136.50999450683594,137.0399932861328,569400
2022-10-18,138.6300048828125,139.13999938964844,137.1300048828125,138.47999572753906,760600
2022-10-19,138.1300048828125,139.25999450683594,137.61000061035156,138.6300048828125,573700
2022-10-20,139.14999389648438,139.64999389648438,137.6699981689453,138.02999877929688,8255000
2022-10-21,138.11000061035156,141.77999877929688,137.89999389648438,141.52000427246094,2796400
2022-10-24,142.07000732421875,143.77000427246094,142.07000732421875,143.36000061035156,1173700
2022-10-25,143.0399932861328,144.33999633789062,142.64999389648438,144.27000427246094,810400
2022-10-26,144.36000061035156,146.27999877929688,144.36000061035156,145.19000244140625,761800
2022-10-27,145.6999969482422,146.5399932861328,144.99000549316406,145.24000549316406,751800
2022-10-28,145.8800048828125,148.11000061035156,145.8800048828125,148.11000061035156,634400
2022-10-31,147.07000732421875,148.5399932861328,147.0,147.63999938964844,661900
2022-11-01,148.5399932861328,148.64999389648438,146.42999267578125,147.38999938964844,2266200
2022-11-02,147.08999633789062,148.66000366210938,144.8000030517578,144.88999938964844,1353600
2022-11-03,143.60000610351562,145.82000732421875,143.32000732421875,144.99000549316406,575700
2022-11-04,146.7899932861328,146.97999572753906,143.92999267578125,145.7899932861328,685800
2022-11-07,145.88999938964844,147.5800018310547,145.75999450683594,147.32000732421875,662900
2022-11-08,147.55999755859375,148.9199981689453,146.8699951171875,148.27000427246094,635400
2022-11-09,147.39999389648438,147.85000610351562,144.7100067138672,144.88999938964844,419600
2022-11-10,148.0500030517578,148.89999389648438,146.5399932861328,148.72000122070312,749600
2022-11-11,149.22000122070312,149.3000030517578,146.60000610351562,148.08999633789062,1749300
2022-11-14,148.11000061035156,149.92999267578125,147.99000549316406,148.02999877929688,715600
2022-11-15,149.1300048828125,149.33999633789062,147.3300018310547,148.58999633789062,5334400
2022-11-16,148.11000061035156,149.05999755859375,147.7899932861328,147.88999938964844,1206000
2022-11-17,146.55999755859375,148.50999450683594,146.55999755859375,148.47999572753906,454700
2022-11-18,148.74000549316406,149.74000549316406,148.33999633789062,149.4499969482422,360900
2022-11-21,148.6300048828125,149.75999450683594,147.89999389648438,149.4600067138672,361200
2022-11-22,150.14999389648438,151.72000122070312,150.14999389648438,151.6199951171875,339600
2022-11-23,151.02999877929688,151.8000030517578,150.64999389648438,151.5399932861328,280600
2022-11-25,151.39999389648438,152.05999755859375,151.39999389648438,151.74000549316406,115400
2022-11-28,150.3000030517578,151.0399932861328,149.72000122070312,149.9499969482422,291800
2022-11-29,150.11000061035156,150.58999633789062,149.3699951171875,150.10000610351562,340400
2022-11-30,150.64999389648438,152.75999450683594,149.27999877929688,152.75999450683594,497800
2022-12-01,153.33999633789062,153.36000061035156,151.6199951171875,152.00999450683594,912900
2022-12-02,150.97999572753906,152.83999633789062,150.85000610351562,152.66000366210938,359800
2022-12-05,152.22999572753906,152.42999267578125,149.74000549316406,150.3300018310547,411600
2022-12-06,150.00999450683594,150.6199951171875,147.9199981689453,148.57000732421875,515600
2022-12-07,148.41000366210938,150.0,148.41000366210938,149.02000427246094,319000
2022-12-08,150.14999389648438,150.22000122070312,148.7100067138672,149.22000122070312,392600
2022-12-09,148.61000061035156,149.0500030517578,146.64999389648438,146.66000366210938,482900
2022-12-12,146.75,148.69000244140625,146.75,148.69000244140625,405000
2022-12-13,149.60000610351562,149.89999389648438,147.1999969482422,147.49000549316406,478500
2022-12-14,147.63999938964844,148.50999450683594,146.47999572753906,147.25,474300
2022-12-15,146.11000061035156,146.44000244140625,144.52999877929688,145.2899932861328,646900
2022-12-16,143.92999267578125,144.72999572753906,143.08999633789062,144.27999877929688,421200
2022-12-19,144.91000366210938,145.14999389648438,143.33999633789062,144.02999877929688,372700
2022-12-20,143.83999633789062,145.2899932861328,143.7899932861328,144.58999633789062,399400
2022-12-21,145.75999450683594,146.91000366210938,145.0,146.66000366210938,375300
2022-12-22,146.02000427246094,146.27999877929688,143.3300018310547,145.0500030517578,366200
2022-12-23,145.25999450683594,146.6300048828125,144.8699951171875,146.6300048828125,436600
2022-12-27,147.1199951171875,147.27999877929688,146.47999572753906,146.88999938964844,329100
2022-12-28,146.9499969482422,147.2899932861328,145.07000732421875,145.16000366210938,302500
2022-12-29,145.44000244140625,146.49000549316406,145.44000244140625,145.9499969482422,366800
2022-12-30,145.4499969482422,146.08999633789062,144.67999267578125,145.92999267578125,450300
2023-01-03,145.5500030517578,145.6999969482422,142.50999450683594,143.60000610351562,589200
2023-01-04,143.25,144.25,142.60000610351562,143.47000122070312,493700
2023-01-05,143.0399932861328,143.9199981689453,142.60000610351562,143.3699951171875,422200
2023-01-06,144.38999938964844,146.33999633789062,144.38999938964844,145.77000427246094,434400
2023-01-09,146.41000366210938,146.41000366210938,143.6199951171875,143.82000732421875,373800
2023-01-10,143.75,144.61000061035156,143.3699951171875,144.55999755859375,398900
2023-01-11,144.99000549316406,145.24000549316406,144.33999633789062,145.22000122070312,1470700
2023-01-12,145.35000610351562,146.25,144.52000427246094,145.6199951171875,560700
2023-01-13,145.0,146.14999389648438,144.83999633789062,145.97000122070312,451000
2023-01-17,146.13999938964844,146.69000244140625,145.27999877929688,145.5,1161300
2023-01-18,145.64999389648438,146.02000427246094,142.94000244140625,143.0399932861328,949600
2023-01-19,142.38999938964844,143.42999267578125,142.27999877929688,142.8800048828125,428300
2023-01-20,143.00999450683594,143.91000366210938,142.22000122070312,143.7100067138672,381300
2023-01-23,144.17999267578125,144.92999267578125,143.5800018310547,144.00999450683594,432400
2023-01-24,143.99000549316406,144.5399932861328,142.75999450683594,144.4600067138672,526200
2023-01-25,143.89999389648438,144.92999267578125,143.49000549316406,144.89999389648438,319700
2023-01-26,145.67999267578125,146.27000427246094,144.91000366210938,146.27000427246094,464400
2023-01-27,145.72000122070312,146.2899932861328,144.50999450683594,144.5500030517578,372800
2023-01-30,144.08999633789062,144.89999389648438,143.3000030517578,143.3699951171875,380300
2023-01-31,143.4199981689453,145.1300048828125,143.3699951171875,145.1300048828125,597200
2023-02-01,144.60000610351562,145.0399932861328,142.52000427246094,144.00999450683594,803200
2023-02-02,143.22000122070312,143.22000122070312,140.19000244140625,141.25999450683594,701400
2023-02-03,141.33999633789062,142.4499969482422,140.9600067138672,141.1300048828125,1333800
2023-02-06,140.89999389648438,141.9199981689453,140.88999938964844,141.33999633789062,609100
2023-02-07,140.77999877929688,143.27000427246094,140.5500030517578,142.99000549316406,1000400
2023-02-08,142.72999572753906,143.00999450683594,142.10000610351562,142.25,807800
2023-02-09,142.92999267578125,143.41000366210938,141.8800048828125,141.9600067138672,542300
2023-02-10,142.60000610351562,144.85000610351562,142.60000610351562,144.72000122070312,377700
2023-02-13,144.72000122070312,145.4499969482422,144.3000030517578,145.4499969482422,454800
2023-02-14,145.1300048828125,145.88999938964844,144.19000244140625,144.97000122070312,338100
2023-02-15,143.9499969482422,144.1999969482422,143.30999755859375,144.07000732421875,441500
2023-02-16,142.92999267578125,144.00999450683594,142.66000366210938,142.7100067138672,394100
2023-02-17,141.97000122070312,142.6999969482422,141.6300048828125,142.38999938964844,480100
2023-02-21,141.49000549316406,142.47999572753906,141.22000122070312,141.27999877929688,510900
2023-02-22,141.17999267578125,141.77999877929688,140.52000427246094,140.80999755859375,392700
2023-02-23,141.42999267578125,142.0800018310547,140.30999755859375,141.39999389648438,350200
2023-02-24,140.36000061035156,141.02999877929688,139.75999450683594,140.6199951171875,324100
2023-02-27,141.00999450683594,141.66000366210938,140.39999389648438,140.72999572753906,512700
2023-02-28,140.91000366210938,140.99000549316406,139.25,139.27000427246094,551500
2023-03-01,138.63999938964844,140.19000244140625,138.63999938964844,140.00999450683594,712000
2023-03-02,139.8000030517578,141.07000732421875,139.47000122070312,140.6199951171875,464700
2023-03-03,140.52000427246094,142.0800018310547,140.22000122070312,142.00999450683594,280700
2023-03-06,141.7100067138672,142.39999389648438,141.4600067138672,142.19000244140625,494900
2023-03-07,142.08999633789062,142.22999572753906,140.02000427246094,140.25999450683594,672200
2023-03-08,140.1999969482422,140.55999755859375,138.57000732421875,139.42999267578125,375000
2023-03-09,139.64999389648438,140.32000732421875,137.00999450683594,137.44000244140625,404900
2023-03-10,137.41000366210938,138.5800018310547,135.72000122070312,136.08999633789062,696600
2023-03-13,134.22000122070312,136.99000549316406,134.10000610351562,135.2100067138672,605700
2023-03-14,136.3300018310547,137.3000030517578,135.00999450683594,136.44000244140625,550000
2023-03-15,134.05999755859375,134.6300048828125,132.6699981689453,134.11000061035156,691400
2023-03-16,132.88999938964844,135.49000549316406,132.7100067138672,135.3800048828125,592900
2023-03-17,134.63999938964844,135.1199951171875,132.75999450683594,133.1699981689453,9754400
2023-03-20,133.4199981689453,135.89999389648438,133.4199981689453,135.5,2574500
2023-03-21,136.47999572753906,137.52000427246094,136.42999267578125,137.25999450683594,680000
2023-03-22,137.22999572753906,137.60000610351562,135.00999450683594,135.02000427246094,641700
2023-03-23,134.27999877929688,135.49000549316406,132.5399932861328,133.3300018310547,546100
2023-03-24,132.39999389648438,134.85000610351562,132.0500030517578,134.75,482800
2023-03-27,135.6300048828125,136.64999389648438,135.2100067138672,136.0500030517578,352400
2023-03-28,135.82000732421875,137.1699981689453,135.82000732421875,136.5399932861328,427000
2023-03-29,137.47999572753906,137.6699981689453,137.02999877929688,137.6699981689453,434900
2023-03-30,138.22000122070312,138.22000122070312,137.24000549316406,137.94000244140625,378300
2023-03-31,138.2100067138672,139.0500030517578,138.2100067138672,139.0399932861328,426100
2023-04-03,140.72000122070312,142.24000549316406,140.64999389648438,141.8300018310547,673000
2023-04-04,141.9600067138672,141.9600067138672,139.97000122070312,140.58999633789062,694000
2023-04-05,140.75,142.3300018310547,140.75,142.27000427246094,448500
2023-04-06,142.24000549316406,142.52999877929688,141.8300018310547,142.07000732421875,366400
2023-04-10,142.1300048828125,142.69000244140625,142.0399932861328,142.67999267578125,601300
2023-04-11,143.05999755859375,143.72999572753906,142.82000732421875,143.17999267578125,332000
2023-04-12,143.60000610351562,144.27999877929688,143.17999267578125,143.4199981689453,360700
2023-04-13,143.47000122070312,144.7100067138672,143.02999877929688,144.47000122070312,613100
2023-04-14,144.38999938964844,144.63999938964844,143.17999267578125,143.6699981689453,336200
2023-04-17,143.64999389648438,143.8800048828125,142.8800048828125,143.49000549316406,414100
2023-04-18,143.50999450683594,143.74000549316406,143.13999938964844,143.66000366210938,462600
2023-04-19,143.1999969482422,143.1999969482422,142.5,142.92999267578125,424800
2023-04-20,142.0,142.60000610351562,141.75,142.52000427246094,1277000
2023-04-21,143.00999450683594,143.00999450683594,141.97999572753906,142.41000366210938,446900
2023-04-24,142.36000061035156,143.38999938964844,142.1999969482422,143.33999633789062,343600
2023-04-25,143.08999633789062,143.27000427246094,142.02000427246094,142.19000244140625,304400
2023-04-26,141.4600067138672,141.4600067138672,139.66000366210938,140.0,382600
2023-04-27,140.35000610351562,141.55999755859375,139.55999755859375,141.38999938964844,1252000
2023-04-28,141.1199951171875,142.6699981689453,140.8699951171875,142.3699951171875,1185800
2023-05-01,142.0800018310547,143.10000610351562,141.91000366210938,142.66000366210938,355700
2023-05-02,142.14999389648438,142.14999389648438,139.25,140.24000549316406,412900
2023-05-03,139.94000244140625,140.7899932861328,139.1199951171875,139.27000427246094,386000
2023-05-04,138.9199981689453,139.25,137.57000732421875,138.1300048828125,900500
2023-05-05,139.42999267578125,141.0500030517578,139.36000061035156,140.52999877929688,331000
2023-05-08,140.89999389648438,141.00999450683594,140.27999877929688,140.49000549316406,443200
2023-05-09,140.0500030517578,140.9499969482422,140.0500030517578,140.38999938964844,257900
2023-05-10,140.77000427246094,141.0,139.4199981689453,140.3000030517578,261000
2023-05-11,139.61000061035156,139.77999877929688,138.89999389648438,139.72000122070312,462400
2023-05-12,140.0800018310547,140.6999969482422,139.2899932861328,140.0,273100
2023-05-15,140.3000030517578,140.44000244140625,139.58999633789062,140.25999450683594,304000
2023-05-16,139.8300018310547,139.8300018310547,138.1999969482422,138.1999969482422,288800
2023-05-17,138.75,139.6999969482422,138.10000610351562,139.4600067138672,345300
2023-05-18,138.9199981689453,139.50999450683594,138.02000427246094,139.36000061035156,371400
2023-05-19,139.63999938964844,140.8300018310547,139.52000427246094,139.92999267578125,284400
2023-05-22,140.0500030517578,140.77000427246094,139.25,139.35000610351562,321200
2023-05-23,139.11000061035156,139.6199951171875,138.36000061035156,138.6699981689453,329200
2023-05-24,138.82000732421875,139.16000366210938,138.10000610351562,138.25999450683594,439800
2023-05-25,137.22000122070312,137.3699951171875,136.0,136.8800048828125,331200
2023-05-26,137.02999877929688,137.6699981689453,136.42999267578125,136.6999969482422,409300
2023-05-30,136.27999877929688,137.00999450683594,135.94000244140625,136.33999633789062,380700
2023-05-31,135.30999755859375,135.77000427246094,135.0,135.5,601200
2023-06-01,135.41000366210938,137.35000610351562,135.30999755859375,136.85000610351562,473500
2023-06-02,137.63999938964844,138.6300048828125,137.33999633789062,138.38999938964844,479000
2023-06-05,138.25,138.67999267578125,137.8800048828125,138.1199951171875,421600
2023-06-06,137.91000366210938,138.1999969482422,137.22000122070312,137.82000732421875,479200
2023-06-07,137.32000732421875,138.0,136.25,136.39999389648438,622700
2023-06-08,136.22999572753906,137.75,136.22999572753906,137.64999389648438,411200
2023-06-09,137.97999572753906,138.52999877929688,137.5800018310547,137.97999572753906,361800
2023-06-12,138.3000030517578,139.69000244140625,138.14999389648438,139.69000244140625,620500
2023-06-13,140.6699981689453,141.0,139.94000244140625,140.6300048828125,456100
2023-06-14,140.99000549316406,141.9499969482422,140.3300018310547,141.77999877929688,372000
2023-06-15,141.5,143.72000122070312,141.3800048828125,143.3000030517578,574300
2023-06-16,143.8699951171875,144.07000732421875,142.47000122070312,142.5399932861328,385600
2023-06-20,141.83999633789062,142.47999572753906,141.3699951171875,141.9199981689453,283300
2023-06-21,141.52999877929688,142.0399932861328,141.0500030517578,141.5500030517578,712800
2023-06-22,140.94000244140625,141.9499969482422,140.94000244140625,141.9499969482422,600100
2023-06-23,140.88999938964844,141.4199981689453,140.52000427246094,140.86000061035156,248500
2023-06-26,140.99000549316406,141.4499969482422,139.97999572753906,140.02000427246094,292200
2023-06-27,140.5,142.22999572753906,140.3300018310547,142.1199951171875,207900
2023-06-28,141.50999450683594,142.64999389648438,141.44000244140625,141.89999389648438,268500
2023-06-29,141.86000061035156,142.67999267578125,141.72000122070312,142.4499969482422,213700
2023-06-30,143.30999755859375,144.60000610351562,143.30999755859375,144.25,321700
2023-07-03,144.3000030517578,144.3000030517578,143.47999572753906,143.75,320400
2023-07-05,143.49000549316406,143.8699951171875,143.08999633789062,143.3699951171875,482800
2023-07-06,142.22000122070312,142.25999450683594,141.36000061035156,141.91000366210938,463400
2023-07-07,141.77000427246094,142.58999633789062,141.3300018310547,141.36000061035156,463500
2023-07-10,141.47000122070312,142.92999267578125,141.47000122070312,142.91000366210938,521700
2023-07-11,143.0500030517578,143.4499969482422,142.38999938964844,143.2899932861328,315700
2023-07-12,144.3699951171875,145.22999572753906,144.25999450683594,144.91000366210938,796000
2023-07-13,145.5,145.97000122070312,145.00999450683594,145.6199951171875,307800
2023-07-14,145.63999938964844,146.67999267578125,145.27999877929688,145.49000549316406,293700
2023-07-17,145.3699951171875,146.72999572753906,145.27999877929688,146.3699951171875,684800
2023-07-18,146.0800018310547,147.47999572753906,146.00999450683594,147.39999389648438,279000
2023-07-19,147.3699951171875,147.47000122070312,146.5399932861328,146.97000122070312,422400
2023-07-20,146.1999969482422,146.63999938964844,145.50999450683594,145.6699981689453,480500
2023-07-21,146.22999572753906,146.38999938964844,145.27000427246094,145.36000061035156,209300
2023-07-24,145.55999755859375,145.77999877929688,145.02999877929688,145.25,254800
2023-07-25,145.00999450683594,146.67999267578125,145.00999450683594,146.3300018310547,290700
2023-07-26,145.88999938964844,145.94000244140625,144.6199951171875,145.47999572753906,318100
2023-07-27,146.99000549316406,147.2100067138672,144.82000732421875,145.1199951171875,300500
2023-07-28,146.17999267578125,146.64999389648438,145.82000732421875,146.47999572753906,275400
2023-07-31,146.55999755859375,146.91000366210938,146.25999450683594,146.75,346200
2023-08-01,146.3000030517578,146.92999267578125,146.13999938964844,146.77000427246094,393800
2023-08-02,145.77999877929688,145.99000549316406,144.1199951171875,144.33999633789062,366400
2023-08-03,143.58999633789062,145.08999633789062,143.58999633789062,144.3000030517578,314300
2023-08-04,144.9199981689453,146.0800018310547,144.05999755859375,144.19000244140625,339500
2023-08-07,144.8000030517578,146.1300048828125,144.8000030517578,146.1300048828125,229100
2023-08-08,145.57000732421875,146.10000610351562,145.08999633789062,145.83999633789062,224800
2023-08-09,145.63999938964844,145.8699951171875,144.25999450683594,144.52999877929688,245700
2023-08-10,144.92999267578125,146.3800048828125,144.02000427246094,144.61000061035156,322500
2023-08-11,143.72999572753906,144.50999450683594,143.57000732421875,144.0,251200
2023-08-14,143.69000244140625,145.75,143.69000244140625,145.75,441300
2023-08-15,145.22000122070312,145.6300048828125,144.61000061035156,144.89999389648438,264100
2023-08-16,144.6300048828125,145.27000427246094,143.47000122070312,143.47000122070312,650700
2023-08-17,143.75999450683594,144.05999755859375,141.58999633789062,141.58999633789062,231500
2023-08-18,140.5500030517578,142.32000732421875,140.5500030517578,141.97000122070312,451300
2023-08-21,142.22999572753906,143.72999572753906,142.02999877929688,143.52000427246094,683400
2023-08-22,144.0,144.14999389648438,142.74000549316406,142.91000366210938,295100
2023-08-23,142.9600067138672,144.89999389648438,142.9600067138672,144.7100067138672,368100
2023-08-24,145.50999450683594,145.9600067138672,142.3300018310547,142.33999633789062,333200
2023-08-25,142.6999969482422,143.72999572753906,141.4199981689453,143.16000366210938,693300
2023-08-28,143.91000366210938,144.52000427246094,143.58999633789062,144.38999938964844,273700
2023-08-29,144.16000366210938,146.8300018310547,144.16000366210938,146.77999877929688,534400
2023-08-30,146.72000122070312,147.66000366210938,146.64999389648438,147.24000549316406,264000
2023-08-31,147.47000122070312,148.0,147.13999938964844,147.1999969482422,369900
2023-09-01,147.9600067138672,148.1699981689453,146.64999389648438,147.25999450683594,268400
2023-09-05,147.22000122070312,147.22999572753906,146.32000732421875,146.52000427246094,667900
2023-09-06,146.27000427246094,146.4499969482422,145.27000427246094,146.11000061035156,327300
2023-09-07,145.16000366210938,145.8800048828125,145.00999450683594,145.6699981689453,414700
2023-09-08,145.64999389648438,146.4600067138672,145.57000732421875,145.8800048828125,273600
2023-09-11,146.52999877929688,146.85000610351562,145.88999938964844,146.72000122070312,378800
2023-09-12,145.75999450683594,146.1999969482422,145.25,145.35000610351562,246400
2023-09-13,145.14999389648438,145.9600067138672,145.0,145.4499969482422,284200
2023-09-14,146.1199951171875,146.80999755859375,145.67999267578125,146.63999938964844,249800
2023-09-15,146.02000427246094,146.19000244140625,143.99000549316406,143.99000549316406,226500
2023-09-18,143.5800018310547,144.75,143.5800018310547,144.2899932861328,312800
2023-09-19,143.77000427246094,144.25,143.19000244140625,144.11000061035156,196000
2023-09-20,144.2899932861328,144.74000549316406,142.6199951171875,142.64999389648438,288600
2023-09-21,141.4600067138672,141.92999267578125,140.10000610351562,140.11000061035156,229900
2023-09-22,140.4499969482422,141.41000366210938,140.3000030517578,140.41000366210938,398400
2023-09-25,139.75999450683594,140.91000366210938,139.75999450683594,140.8800048828125,629400
2023-09-26,139.4199981689453,139.9600067138672,138.72000122070312,138.94000244140625,227000
2023-09-27,139.4499969482422,139.80999755859375,137.9499969482422,139.2100067138672,327500
2023-09-28,139.11000061035156,140.9499969482422,139.11000061035156,140.33999633789062,225700
2023-09-29,141.3800048828125,141.5,139.3300018310547,139.6999969482422,739600
2023-10-02,139.7100067138672,140.3000030517578,138.8000030517578,139.75999450683594,354300
2023-10-03,138.80999755859375,139.75,137.08999633789062,137.5500030517578,313000
2023-10-04,137.6300048828125,138.8800048828125,137.30999755859375,138.6699981689453,555200
2023-10-05,138.55999755859375,138.99000549316406,137.60000610351562,138.4499969482422,1911200
2023-10-06,137.4499969482422,140.8300018310547,137.27000427246094,140.50999450683594,921000
2023-10-09,139.83999633789062,141.49000549316406,139.75,141.33999633789062,493100
2023-10-10,141.55999755859375,143.25999450683594,141.5,142.22000122070312,356500
2023-10-11,142.5500030517578,142.80999755859375,141.7100067138672,142.6999969482422,226900
2023-10-12,142.85000610351562,143.07000732421875,140.92999267578125,141.75,439400
2023-10-13,141.97999572753906,142.47999572753906,140.3300018310547,140.80999755859375,223100
2023-10-16,141.35000610351562,142.8300018310547,141.35000610351562,142.47000122070312,304500
2023-10-17,141.08999633789062,142.92999267578125,141.07000732421875,142.32000732421875,348400
2023-10-18,141.52999877929688,142.19000244140625,140.1999969482422,140.52000427246094,361600
2023-10-19,141.13999938964844,141.8000030517578,139.3699951171875,139.58999633789062,543900
2023-10-20,139.41000366210938,139.89999389648438,138.02999877929688,138.0800018310547,530700
2023-10-23,137.64999389648438,139.6999969482422,137.47999572753906,138.5,898500
2023-10-24,139.05999755859375,140.22000122070312,138.9199981689453,139.86000061035156,636700
2023-10-25,139.58999633789062,139.80999755859375,137.72000122070312,137.74000549316406,288000
2023-10-26,137.3800048828125,137.3800048828125,135.3699951171875,135.5,318800
2023-10-27,136.38999938964844,136.52999877929688,134.9199981689453,135.3800048828125,470800
2023-10-30,136.0500030517578,137.2899932861328,135.92999267578125,136.85000610351562,279500
2023-10-31,136.8699951171875,137.57000732421875,136.1300048828125,137.42999267578125,396100
2023-11-01,137.5399932861328,139.69000244140625,137.5399932861328,139.55999755859375,347200
2023-11-02,141.0500030517578,142.25,140.92999267578125,142.1300048828125,333200
2023-11-03,142.97999572753906,144.41000366210938,142.91000366210938,143.75,242300
2023-11-06,144.0,144.52999877929688,143.89999389648438,144.5,270500
2023-11-07,144.27000427246094,145.0500030517578,143.88999938964844,144.7100067138672,195900
2023-11-08,144.8699951171875,145.63999938964844,144.38999938964844,145.32000732421875,261900
2023-11-09,145.6999969482422,146.0,144.3800048828125,144.47999572753906,243200
2023-11-10,145.14999389648438,147.13999938964844,145.10000610351562,147.00999450683594,293900
2023-11-13,146.66000366210938,147.92999267578125,146.5800018310547,147.4499969482422,451800
2023-11-14,149.1199951171875,150.1699981689453,149.0500030517578,149.8699951171875,249500
2023-11-15,150.10000610351562,150.24000549316406,148.88999938964844,149.0399932861328,397500
2023-11-16,148.75999450683594,149.6699981689453,148.75999450683594,149.63999938964844,271000
2023-11-17,149.75999450683594,150.39999389648438,149.5399932861328,149.97999572753906,283800
2023-11-20,149.7100067138672,151.7899932861328,149.7100067138672,151.49000549316406,1082200
2023-11-21,150.9499969482422,151.24000549316406,150.57000732421875,150.99000549316406,339500
2023-11-22,151.25,151.85000610351562,150.77999877929688,151.22999572753906,271300
2023-11-24,151.14999389648438,151.47000122070312,151.08999633789062,151.30999755859375,100400
2023-11-27,150.97999572753906,151.30999755859375,150.7100067138672,150.8800048828125,336200
2023-11-28,150.4199981689453,151.00999450683594,149.99000549316406,150.3699951171875,354800
2023-11-29,151.0500030517578,151.36000061035156,150.0500030517578,150.24000549316406,277000
2023-11-30,150.3300018310547,150.38999938964844,148.9499969482422,150.11000061035156,433800
2023-12-01,149.74000549316406,150.83999633789062,149.30999755859375,150.50999450683594,501100
2023-12-04,149.3699951171875,149.3699951171875,147.8000030517578,148.83999633789062,529100
2023-12-05,147.72999572753906,149.0,147.66000366210938,148.82000732421875,316000
2023-12-06,149.60000610351562,149.6300048828125,147.30999755859375,147.41000366210938,234800
2023-12-07,148.0500030517578,149.58999633789062,148.0500030517578,149.5399932861328,218200
2023-12-08,148.9600067138672,150.89999389648438,148.9600067138672,150.8000030517578,200700
2023-12-11,150.8800048828125,152.49000549316406,150.86000061035156,152.38999938964844,321800
2023-12-12,151.91000366210938,153.75,151.91000366210938,153.75,258600
2023-12-13,153.72000122070312,155.22000122070312,153.38999938964844,154.74000549316406,273900
2023-12-14,155.00999450683594,155.00999450683594,152.63999938964844,153.80999755859375,489300
2023-12-15,153.6199951171875,155.05999755859375,153.6199951171875,154.50999450683594,354800
2023-12-18,154.8699951171875,156.57000732421875,154.8699951171875,156.22000122070312,249100
2023-12-19,156.3000030517578,157.17999267578125,156.3000030517578,157.1300048828125,200600
2023-12-20,156.1699981689453,157.11000061035156,154.17999267578125,154.17999267578125,361000
2023-12-21,155.58999633789062,156.30999755859375,154.91000366210938,156.22999572753906,199600
2023-12-22,156.5399932861328,156.77999877929688,155.6199951171875,156.3699951171875,191300
2023-12-26,156.49000549316406,157.47999572753906,156.49000549316406,157.24000549316406,135000
2023-12-27,157.3699951171875,157.6999969482422,157.02999877929688,157.6300048828125,241100
2023-12-28,157.57000732421875,157.89999389648438,157.4499969482422,157.5399932861328,288400
2023-12-29,157.3300018310547,157.86000061035156,156.3000030517578,156.88999938964844,503700
2024-01-02,155.42999267578125,155.6999969482422,153.19000244140625,154.02000427246094,718700
2024-01-03,152.52999877929688,153.63999938964844,152.52999877929688,152.7100067138672,269200
2024-01-04,152.3800048828125,153.85000610351562,152.24000549316406,152.32000732421875,300900
2024-01-05,152.22999572753906,153.5399932861328,152.13999938964844,152.63999938964844,277200
2024-01-08,153.1199951171875,156.25999450683594,153.1199951171875,156.25,195500
2024-01-09,155.24000549316406,157.22999572753906,155.24000549316406,156.77999877929688,311800
2024-01-10,156.9600067138672,158.64999389648438,156.9600067138672,158.30999755859375,282600
2024-01-11,158.86000061035156,159.74000549316406,157.0500030517578,159.22000122070312,266900
2024-01-12,159.7100067138672,160.02999877929688,158.92999267578125,159.5399932861328,236400
2024-01-16,159.3000030517578,160.72999572753906,159.1699981689453,159.94000244140625,296100
2024-01-17,159.02999877929688,159.27000427246094,157.69000244140625,159.02999877929688,342800
2024-01-18,160.25,161.3300018310547,159.42999267578125,161.11000061035156,476400
2024-01-19,162.00999450683594,164.5800018310547,161.8000030517578,164.5800018310547,539000
2024-01-22,165.72000122070312,166.25999450683594,164.7100067138672,165.02000427246094,640100
2024-01-23,164.97000122070312,165.22999572753906,163.75999450683594,165.16000366210938,1335100
2024-01-24,166.85000610351562,168.61000061035156,166.5399932861328,166.7899932861328,536100
2024-01-25,168.1199951171875,168.89999389648438,166.94000244140625,167.9199981689453,1033900
2024-01-26,166.97000122070312,167.9600067138672,166.75,167.14999389648438,268700
2024-01-29,167.30999755859375,169.05999755859375,167.30999755859375,169.05999755859375,267900
2024-01-30,168.9499969482422,169.22999572753906,168.3000030517578,168.69000244140625,533900
2024-01-31,166.8300018310547,167.77000427246094,165.5500030517578,165.64999389648438,433000
2024-02-01,166.72000122070312,168.6199951171875,166.5,168.47999572753906,559700
2024-02-02,170.39999389648438,173.35000610351562,170.17999267578125,172.88999938964844,674100
2024-02-05,172.99000549316406,173.8000030517578,171.77000427246094,173.32000732421875,649800
2024-02-06,174.5,174.64999389648438,171.4499969482422,172.55999755859375,1227900
2024-02-07,173.5,175.67999267578125,173.4499969482422,175.35000610351562,366600
2024-02-08,175.63999938964844,176.5500030517578,175.63999938964844,176.11000061035156,504400
2024-02-09,176.83999633789062,178.6999969482422,176.50999450683594,178.4600067138672,429100
2024-02-12,178.50999450683594,179.3000030517578,176.86000061035156,177.41000366210938,1107000
2024-02-13,173.58999633789062,176.16000366210938,173.0,175.3000030517578,850000
2024-02-14,177.10000610351562,178.91000366210938,176.91000366210938,178.80999755859375,730800
2024-02-15,179.32000732421875,179.52000427246094,178.07000732421875,179.14999389648438,960900
2024-02-16,179.82000732421875,179.8300018310547,177.25,177.3800048828125,376200
2024-02-20,176.39999389648438,176.7899932861328,173.67999267578125,175.14999389648438,837400
2024-02-21,173.36000061035156,173.75999450683594,172.14999389648438,173.57000732421875,1260800
2024-02-22,178.49000549316406,180.8300018310547,178.25,180.38999938964844,1001700
2024-02-23,180.97999572753903,181.8600006103516,179.0800018310547,180.05999755859375,784000
2024-02-26,180.63999938964844,181.6199951171875,180.3600006103516,180.5399932861328,723000
2024-02-27,180.94000244140625,181.0800018310547,179.8000030517578,180.6499938964844,1107400
2024-02-28,179.72000122070312,180.6100006103516,179.52000427246094,180.2700042724609,595800
2024-02-29,181.259994506836,182.6600036621093,180.3000030517578,182.2100067138672,656000
2024-03-01,183.3800048828125,186.52999877929688,183.3800048828125,186.47999572753903,894200
2024-03-04,187.44000244140625,188.9100036621093,187.17999267578125,187.72999572753903,912600
2024-03-05,186.47000122070312,186.6499938964844,183.0500030517578,184.32000732421875,1825000
2024-03-06,187.0,187.3699951171875,185.3300018310547,186.1300048828125,839900
2024-03-07,187.8500061035156,189.4499969482422,186.8000030517578,189.1999969482422,945000
2024-03-08,189.7100067138672,190.6300048828125,184.9199981689453,185.6600036621093,1189400
2024-03-11,184.3000030517578,184.509994506836,181.9600067138672,183.2100067138672,1678300
2024-03-12,184.44000244140625,187.17999267578125,183.25,187.0599975585937,979900
2024-03-13,186.3999938964844,186.67999267578125,185.4100036621093,186.02999877929688,732100
2024-03-14,186.2700042724609,186.77999877929688,183.7700042724609,185.0399932861328,2071600
2024-03-15,183.22000122070312,184.17999267578125,182.44000244140625,182.5399932861328,1057600
2024-03-18,184.02999877929688,184.7400054931641,183.5,183.8600006103516,468600
2024-03-19,182.5,184.7899932861328,181.6499938964844,184.6499938964844,684400
2024-03-20,184.88999938964844,186.9100036621093,184.3099975585937,186.82000732421875,592500
2024-03-21,188.77999877929688,190.0,187.9100036621093,188.6000061035156,684400
2024-03-22,188.6499938964844,189.2100067138672,187.8000030517578,188.58999633789065,451500
2024-03-25,187.4499969482422,189.02999877929688,187.3600006103516,188.3699951171875,517500
2024-03-26,189.0500030517578,189.52999877929688,187.6300048828125,187.72999572753903,1094600
2024-03-27,188.9100036621093,189.07000732421875,186.1100006103516,187.72000122070312,728600
2024-03-28,187.4900054931641,188.259994506836,187.1600036621093,187.3500061035156,2149900
2024-04-01,187.69000244140625,188.6999969482422,186.77999877929688,187.5500030517578,986600
2024-04-02,185.38999938964844,186.38999938964844,184.4199981689453,186.32000732421875,645800
2024-04-03,185.4199981689453,188.4900054931641,185.3600006103516,187.9100036621093,1164000
2024-04-04,189.6100006103516,190.22999572753903,184.22999572753903,184.32000732421875,781400
2024-04-05,185.1100006103516,188.6000061035156,184.9900054931641,187.5800018310547,1015100
2024-04-08,188.2899932861328,188.2899932861328,186.38999938964844,187.08999633789065,618500
2024-04-09,187.7899932861328,187.8600006103516,183.6100006103516,185.9100036621093,947000
2024-04-10,183.4900054931641,185.6999969482422,183.2400054931641,185.1699981689453,1393400
2024-04-11,186.0599975585937,187.72999572753903,184.7100067138672,187.2400054931641,924600
2024-04-12,185.5,185.759994506836,183.22000122070312,183.8999938964844,667400
2024-04-15,185.5399932861328,185.92999267578125,180.3999938964844,180.77999877929688,1192100
2024-04-16,180.8500061035156,182.6000061035156,180.3699951171875,181.67999267578125,1703600
2024-04-17,182.69000244140625,182.8000030517578,178.60000610351562,179.22000122070312,935500
2024-04-18,179.77000427246094,180.75,177.9199981689453,178.1199951171875,948100
2024-04-19,177.2100067138672,177.89999389648438,172.75,173.5800018310547,1847100
2024-04-22,174.82000732421875,176.42999267578125,173.1300048828125,175.30999755859375,1382600
2024-04-23,176.6699981689453,179.33999633789062,176.41000366210938,179.07000732421875,617200
2024-04-24,180.47999572753903,180.759994506836,177.24000549316406,178.25,529100
2024-04-25,174.49000549316406,178.00999450683594,173.9199981689453,177.42999267578125,1177200
2024-04-26,177.9499969482422,180.25,177.57000732421875,179.67999267578125,421900
2024-04-29,180.22000122070312,180.38999938964844,178.5,179.74000549316406,537000
2024-04-30,179.47999572753906,180.509994506836,177.05999755859375,177.11000061035156,727500
2024-05-01,176.27000427246094,178.89999389648438,174.42999267578125,175.2899932861328,910100
2024-05-02,176.77999877929688,177.50999450683594,174.38999938964844,177.2100067138672,844300
2024-05-03,179.47999572753906,180.5399932861328,179.00999450683594,180.10000610351562,949500
2024-05-06,181.3300018310547,183.759994506836,181.009994506836,183.759994506836,509000
2024-05-07,183.88999938964844,184.47000122070312,182.8999938964844,183.6499938964844,1636400
2024-05-08,182.38999938964844,184.5,182.38999938964844,183.9100036621093,447100
2024-05-09,183.9600067138672,184.5399932861328,183.1000061035156,184.2899932861328,471800
2024-05-10,185.2700042724609,186.1999969482422,184.22999572753903,184.6199951171875,899100
2024-05-13,185.3800048828125,185.3800048828125,183.3500061035156,183.67999267578125,507900
2024-05-14,183.07000732421875,185.0599975585937,182.6499938964844,184.8699951171875,1592900
2024-05-15,186.1100006103516,189.22999572753903,185.94000244140625,189.17999267578125,627600
2024-05-16,189.0800018310547,189.3099975585937,187.5,187.57000732421875,567400
2024-05-17,188.07000732421875,188.1999969482422,186.3699951171875,187.3999938964844,397600
2024-05-20,187.5399932861328,189.19000244140625,187.5399932861328,189.0,1197800
2024-05-21,187.97000122070312,189.19000244140625,187.9499969482422,189.1000061035156,624300
2024-05-22,189.19000244140625,189.6499938964844,187.7700042724609,188.75,736700
2024-05-23,191.1000061035156,191.4900054931641,187.8600006103516,188.69000244140625,741800
2024-05-24,189.0200042724609,191.0800018310547,188.759994506836,190.58999633789065,686800
2024-05-28,191.5,191.5,189.8800048828125,191.4100036621093,487100
2024-05-29,189.42999267578125,190.7100067138672,189.3500061035156,190.0200042724609,458500
2024-05-30,188.38999938964844,188.509994506836,185.9100036621093,186.67999267578125,693100
2024-05-31,186.92999267578125,186.97999572753903,182.6499938964844,186.6000061035156,891800
2024-06-03,187.94000244140625,188.07000732421875,183.75,186.27999877929688,866000
2024-06-04,185.8800048828125,186.22999572753903,184.44000244140625,185.77999877929688,690500
2024-06-05,187.3800048828125,190.0200042724609,186.8999938964844,190.0200042724609,431000
2024-06-06,190.27999877929688,190.5,188.44000244140625,189.13999938964844,728200
2024-06-07,188.92999267578125,190.67999267578125,188.6199951171875,189.2899932861328,709400
2024-06-10,189.1600036621093,191.5599975585937,188.9600067138672,191.38999938964844,563500
2024-06-11,190.9100036621093,190.9100036621093,188.8099975585937,190.6999969482422,896500
2024-06-12,192.9199981689453,193.6199951171875,192.0800018310547,192.8500061035156,681700
2024-06-13,194.9900054931641,194.9900054931641,193.1300048828125,194.6000061035156,655300
2024-06-14,193.8099975585937,194.67999267578125,193.2899932861328,194.67999267578125,387100
2024-06-17,194.72999572753903,197.9100036621093,194.42999267578125,197.33999633789065,552900
2024-06-18,197.58999633789065,199.0200042724609,197.1699981689453,198.8000030517578,664900
2024-06-20,199.6999969482422,200.1600036621093,195.6699981689453,197.1100006103516,823900
2024-06-21,195.9199981689453,196.0500030517578,193.8699951171875,195.4199981689453,888200
2024-06-24,194.92999267578125,195.67999267578125,193.1199951171875,193.1199951171875,501800
2024-06-25,194.0,194.9499969482422,193.259994506836,194.8999938964844,766700
2024-06-26,194.6600036621093,194.8800048828125,193.5200042724609,194.33999633789065,304500
2024-06-27,194.3800048828125,195.32000732421875,193.9900054931641,195.0599975585937,418000
2024-06-28,195.5399932861328,197.63999938964844,194.22000122070312,194.8699951171875,550600
2024-07-01,195.6999969482422,195.6999969482422,192.8800048828125,195.1999969482422,450300
2024-07-02,193.97000122070312,196.38999938964844,193.9199981689453,196.38999938964844,398000
2024-07-03,196.3300018310547,198.1699981689453,196.27999877929688,198.0500030517578,502900
2024-07-05,198.42999267578125,198.8300018310547,197.5200042724609,198.58999633789065,315700
2024-07-08,199.4600067138672,200.08999633789065,199.0,199.5200042724609,481300
2024-07-09,200.3699951171875,200.9900054931641,199.7899932861328,199.9600067138672,305500
2024-07-10,200.8099975585937,201.75,199.7400054931641,201.58999633789065,363900
2024-07-11,202.0599975585937,202.13999938964844,198.1699981689453,198.7400054931641,726000
2024-07-12,198.6999969482422,201.07000732421875,198.0500030517578,199.3300018310547,756700
2024-07-15,200.42999267578125,201.8500061035156,199.47000122070312,200.32000732421875,648400
2024-07-16,201.08999633789065,201.509994506836,199.5599975585937,201.3800048828125,392400
2024-07-17,197.6000061035156,197.6000061035156,193.67999267578125,193.82000732421875,1122100
2024-07-18,195.32000732421875,195.4600067138672,190.8800048828125,192.3500061035156,822700
2024-07-19,192.1499938964844,193.6100006103516,190.8800048828125,191.1999969482422,626100
2024-07-22,193.07000732421875,194.5599975585937,192.3500061035156,194.3800048828125,741900
2024-07-23,194.1699981689453,196.3699951171875,194.13999938964844,194.69000244140625,998300
2024-07-24,192.42999267578125,193.009994506836,187.3500061035156,187.6499938964844,966400
2024-07-25,187.7700042724609,189.42999267578125,183.52999877929688,185.6100006103516,1239700
2024-07-26,187.9600067138672,189.3600006103516,187.3600006103516,188.08999633789065,486100
2024-07-29,189.1000061035156,189.759994506836,186.9499969482422,187.38999938964844,278800
2024-07-30,188.3600006103516,189.2899932861328,183.6000061035156,184.9600067138672,585000
2024-07-31,189.88999938964844,191.9900054931641,189.1000061035156,190.97000122070312,1345200
2024-08-01,191.2700042724609,192.7400054931641,184.0500030517578,185.75,617200
2024-08-02,181.3500061035156,181.3500061035156,177.30999755859375,179.39999389648438,1395300
2024-08-05,168.49000549316406,177.5500030517578,168.49000549316406,175.4600067138672,1803500
2024-08-06,176.55999755859375,181.63999938964844,175.69000244140625,178.38999938964844,1368500
2024-08-07,181.3600006103516,182.259994506836,175.83999633789062,176.02000427246094,858800
2024-08-08,179.91000366210938,183.1699981689453,178.2899932861328,182.7899932861328,747700
2024-08-09,182.94000244140625,185.5200042724609,182.8999938964844,184.6499938964844,554100
2024-08-12,185.3500061035156,186.38999938964844,183.77999877929688,185.1699981689453,501500
2024-08-13,186.7400054931641,189.2700042724609,186.52999877929688,189.1600036621093,805900
2024-08-14,190.3099975585937,191.3500061035156,188.8699951171875,190.6699981689453,442700
2024-08-15,192.9900054931641,195.4100036621093,192.92999267578125,195.0399932861328,673300
2024-08-16,194.0200042724609,195.42999267578125,193.88999938964844,194.8699951171875,433400
2024-08-19,194.8300018310547,197.1300048828125,193.9499969482422,197.0500030517578,444600
2024-08-20,196.9199981689453,198.2100067138672,195.8300018310547,196.69000244140625,377800
2024-08-21,196.8999938964844,198.1999969482422,196.22000122070312,197.6499938964844,431900
2024-08-22,198.6199951171875,199.0,195.3000030517578,195.9900054931641,500800
2024-08-23,197.0500030517578,198.69000244140625,196.1100006103516,197.8699951171875,568100
2024-08-26,197.97000122070312,198.3999938964844,195.47999572753903,196.07000732421875,364900
2024-08-27,195.02999877929688,197.13999938964844,194.77999877929688,196.72000122070312,416500
2024-08-28,195.9900054931641,196.5,193.4900054931641,194.8999938964844,690300
2024-08-29,195.3600006103516,197.22999572753903,194.07000732421875,194.52999877929688,588600
2024-08-30,195.7899932861328,197.5500030517578,194.44000244140625,197.3699951171875,463500
2024-09-03,195.9900054931641,196.42999267578125,190.6000061035156,191.5599975585937,746300
2024-09-04,190.4100036621093,192.47999572753903,190.3600006103516,191.3099975585937,746200
2024-09-05,191.009994506836,191.58999633789065,189.0500030517578,190.17999267578125,1682300
2024-09-06,189.7899932861328,190.4600067138672,185.6600036621093,186.02999877929688,583800
2024-09-09,187.7100067138672,189.6999969482422,187.5500030517578,189.1999969482422,588200
2024-09-10,189.8300018310547,190.0,187.2899932861328,189.5800018310547,414400
2024-09-11,189.4199981689453,192.92999267578125,186.6000061035156,192.6100006103516,591300
2024-09-12,192.6199951171875,195.259994506836,192.1699981689453,195.1600036621093,396100
2024-09-13,195.72000122070312,197.4100036621093,195.32000732421875,196.759994506836,341400
2024-09-16,196.5200042724609,197.4100036621093,195.7100067138672,197.3000030517578,543900
2024-09-17,197.82000732421875,198.1600036621093,196.0800018310547,197.17999267578125,458900
2024-09-18,197.3999938964844,199.5200042724609,196.44000244140625,196.5599975585937,538100
2024-09-19,199.9600067138672,200.92999267578125,198.8099975585937,200.3800048828125,586100
2024-09-20,200.1499938964844,201.57000732421875,199.92999267578125,201.57000732421875,475500
2024-09-23,201.8500061035156,202.8600006103516,201.7100067138672,202.6999969482422,318500
2024-09-24,202.8800048828125,203.07000732421875,201.3500061035156,203.0,357700
2024-09-25,202.63999938964844,203.6499938964844,202.52999877929688,202.9499969482422,277200
2024-09-26,204.9600067138672,205.2100067138672,202.3999938964844,203.3000030517578,577900
2024-09-27,203.3099975585937,203.3099975585937,201.5399932861328,201.94000244140625,524700
2024-09-30,201.1600036621093,202.8000030517578,200.3500061035156,202.759994506836,555300
2024-10-01,202.44000244140625,202.5599975585937,200.75,201.6300048828125,844600
2024-10-02,201.22999572753903,202.6300048828125,200.58999633789065,202.22000122070312,455900
2024-10-03,201.7899932861328,202.7899932861328,201.0500030517578,201.8000030517578,373100
2024-10-04,202.9199981689453,203.9499969482422,201.8500061035156,203.759994506836,360000
2024-10-07,203.33999633789065,203.72999572753903,201.7100067138672,202.3000030517578,463200
2024-10-08,202.8300018310547,204.69000244140625,202.8300018310547,204.3099975585937,524300
2024-10-09,204.3099975585937,206.17999267578125,203.9600067138672,205.9499969482422,529000
2024-10-10,205.63999938964844,205.7400054931641,204.47000122070312,205.0,450200
2024-10-11,204.83999633789065,207.4100036621093,204.83999633789065,207.3600006103516,546700
2024-10-14,208.1199951171875,209.13999938964844,207.8000030517578,208.9600067138672,343900
2024-10-15,209.42999267578125,209.67999267578125,206.6300048828125,206.8300018310547,581600
2024-10-16,207.5200042724609,208.8099975585937,206.82000732421875,208.6499938964844,438200
2024-10-17,209.9900054931641,210.33999633789065,208.6499938964844,208.6499938964844,611400
2024-10-18,209.02999877929688,209.5500030517578,208.22000122070312,209.3300018310547,293600
2024-10-21,209.3099975585937,209.63999938964844,207.92999267578125,208.7100067138672,280900
2024-10-22,207.9100036621093,208.38999938964844,206.9499969482422,208.0599975585937,261000
2024-10-23,207.22999572753903,208.3800048828125,206.3600006103516,207.5800018310547,319700
2024-10-24,208.07000732421875,208.07000732421875,206.3500061035156,206.97000122070312,308800
2024-10-25,207.97000122070312,208.0,205.509994506836,205.7400054931641,301100
2024-10-28,206.52999877929688,206.8300018310547,206.2899932861328,206.5200042724609,403100
2024-10-29,205.759994506836,206.7700042724609,205.22000122070312,206.3099975585937,386700
2024-10-30,204.6000061035156,206.1199951171875,203.88999938964844,205.1000061035156,592600
2024-10-31,204.19000244140625,204.19000244140625,202.2700042724609,202.4100036621093,601700
2024-11-01,203.1000061035156,204.0800018310547,201.58999633789065,201.6999969482422,614600
2024-11-04,201.77999877929688,202.38999938964844,200.8999938964844,201.32000732421875,570600
2024-11-05,202.0,204.8099975585937,201.8800048828125,204.7400054931641,995100
2024-11-06,210.13999938964844,210.13999938964844,207.5200042724609,209.47000122070312,828900
2024-11-07,210.5399932861328,210.759994506836,209.7700042724609,210.4600067138672,492100
2024-11-08,211.5,214.509994506836,211.38999938964844,213.83999633789065,13786600
2024-11-11,214.6999969482422,214.88999938964844,213.25,213.6000061035156,1426300
2024-11-12,213.6499938964844,213.88999938964844,211.22000122070312,212.509994506836,1206400
2024-11-13,212.8999938964844,213.4199981689453,211.7700042724609,211.97000122070312,948800
2024-11-14,212.33999633789065,212.33999633789065,209.6699981689453,209.77999877929688,717400
2024-11-15,208.8999938964844,209.4900054931641,207.82000732421875,208.4100036621093,1087400
2024-11-18,208.69000244140625,209.77999877929688,207.72999572753903,209.4100036621093,654500
2024-11-19,208.7100067138672,211.19000244140625,208.509994506836,210.9900054931641,613100
2024-11-20,211.5,211.8800048828125,209.6100006103516,211.6100006103516,1111400
2024-11-21,213.2100067138672,214.5,211.7899932861328,213.8099975585937,912900
2024-11-22,214.02999877929688,215.13999938964844,213.8699951171875,214.9100036621093,583700
2024-11-25,216.2100067138672,216.22999572753903,213.5,214.4600067138672,936700
2024-11-26,214.75,216.4199981689453,214.6100006103516,216.259994506836,626100
2024-11-27,216.5,216.72999572753903,214.509994506836,215.25,735100
2024-11-29,216.0500030517578,217.07000732421875,215.83999633789065,216.5200042724609,400400
2024-12-02,216.6000061035156,216.88999938964844,214.7899932861328,214.7899932861328,882700
2024-12-03,215.1199951171875,215.759994506836,214.7899932861328,215.2700042724609,541300
2024-12-04,216.3699951171875,216.6999969482422,215.4100036621093,216.6600036621093,480800
2024-12-05,216.8800048828125,217.72000122070312,216.47999572753903,216.58999633789065,382000
2024-12-06,217.009994506836,217.7700042724609,216.7899932861328,217.5500030517578,391600
2024-12-09,217.6999969482422,217.6999969482422,212.7700042724609,212.9900054931641,1654100
2024-12-10,212.3999938964844,212.72000122070312,210.77999877929688,210.97999572753903,1338900
2024-12-11,212.6699981689453,213.69000244140625,212.1000061035156,213.3500061035156,698600
2024-12-12,213.25,213.259994506836,211.7899932861328,211.7899932861328,935200
2024-12-13,214.1000061035156,214.97999572753903,213.4499969482422,214.2899932861328,836700
2024-12-16,214.8999938964844,216.58999633789065,214.8999938964844,216.0500030517578,993500
2024-12-17,213.5599975585937,213.5599975585937,211.82000732421875,212.7100067138672,968500
2024-12-18,213.0200042724609,213.13999938964844,205.1699981689453,205.3500061035156,1253700
2024-12-19,207.6199951171875,208.6100006103516,205.19000244140625,205.19000244140625,1628400
2024-12-20,204.57000732421875,210.3000030517578,204.25,209.1100006103516,1269700
2024-12-23,208.69000244140625,210.1199951171875,206.9499969482422,209.92999267578125,632100
2024-12-24,210.8999938964844,212.69000244140625,210.52999877929688,212.6300048828125,400400
2024-12-26,211.88999938964844,213.42999267578125,211.3999938964844,212.92999267578125,365600
2024-12-27,211.77999877929688,211.77999877929688,209.0200042724609,210.3500061035156,758600
2024-12-30,207.77999877929688,209.2700042724609,206.1000061035156,207.88999938964844,936900
2024-12-31,208.5599975585937,208.6199951171875,206.33999633789065,206.9199981689453,1508600
2025-01-02,208.2100067138672,209.6499938964844,206.2700042724609,207.97999572753903,920700
2025-01-03,209.25,211.3500061035156,208.97000122070312,211.259994506836,795000
2025-01-06,212.4100036621093,213.02999877929688,211.3500061035156,211.8999938964844,794200
2025-01-07,212.67999267578125,212.67999267578125,208.08999633789065,208.8300018310547,915200
2025-01-08,208.77999877929688,209.97999572753903,207.1999969482422,209.77999877929688,943300
2025-01-10,208.4499969482422,208.72999572753903,206.0,206.8999938964844,1026100
2025-01-13,204.8099975585937,206.9499969482422,204.6199951171875,206.83999633789065,660300
2025-01-14,208.3099975585937,209.58999633789065,207.3099975585937,208.9900054931641,1055800
2025-01-15,212.69000244140625,213.32000732421875,211.6600036621093,212.97999572753903,1275500
2025-01-16,214.2100067138672,215.22999572753903,213.3699951171875,214.3999938964844,1021800
2025-01-17,216.509994506836,217.5399932861328,215.5599975585937,217.3500061035156,738100
2025-01-21,219.0599975585937,221.1000061035156,218.69000244140625,220.7700042724609,679200
2025-01-22,222.94000244140625,222.94000244140625,221.5500030517578,221.97999572753903,2978500
2025-01-23,221.9900054931641,223.77999877929688,221.6499938964844,223.77999877929688,1482600
2025-01-24,223.759994506836,224.02999877929688,222.509994506836,223.009994506836,584800
2025-01-27,215.4199981689453,216.0800018310547,212.08999633789065,213.9199981689453,1325500
2025-01-28,215.2100067138672,216.6300048828125,212.8800048828125,216.2899932861328,842500
2025-01-29,216.42999267578125,218.1199951171875,215.1100006103516,216.33999633789065,631200
2025-01-30,218.4900054931641,220.5399932861328,218.4900054931641,219.88999938964844,657500
2025-01-31,220.4600067138672,222.47999572753903,218.67999267578125,219.1300048828125,1044500
2025-02-03,214.6000061035156,219.94000244140625,214.6000061035156,219.07000732421875,1069400
2025-02-04,219.97999572753903,221.009994506836,219.38999938964844,220.3699951171875,976000
2025-02-05,221.94000244140625,224.1000061035156,221.25,223.8099975585937,864800
2025-02-06,225.38999938964844,226.1600036621093,224.17999267578125,226.1000061035156,1279100
2025-02-07,226.94000244140625,227.5399932861328,224.7100067138672,224.8699951171875,1082200
2025-02-10,226.4100036621093,227.1000061035156,225.32000732421875,227.0800018310547,1208200
2025-02-11,225.83999633789065,226.259994506836,224.6699981689453,225.9600067138672,1533900
2025-02-12,223.2100067138672,225.83999633789065,222.9100036621093,225.4900054931641,998900
2025-02-13,227.0200042724609,227.8300018310547,225.4100036621093,227.7100067138672,810300
2025-02-14,227.8000030517578,228.75,226.83999633789065,228.3000030517578,518900
2025-02-18,228.97999572753903,229.47999572753903,228.1699981689453,229.47999572753903,673300
2025-02-19,229.1999969482422,229.7700042724609,228.1499938964844,229.1999969482422,489800
2025-02-20,227.88999938964844,227.88999938964844,223.259994506836,225.1699981689453,750900
2025-02-21,225.4600067138672,225.4600067138672,219.5,219.9199981689453,1002600
2025-02-24,220.3999938964844,221.02999877929688,216.77999877929688,217.6600036621093,1239700
2025-02-25,217.2700042724609,217.9600067138672,214.0599975585937,216.8500061035156,851900
2025-02-26,217.7899932861328,220.1999969482422,217.17999267578125,218.1999969482422,1242500
2025-02-27,219.63999938964844,220.4600067138672,214.25,214.4600067138672,1328800
2025-02-28,214.259994506836,218.72000122070312,213.8500061035156,218.42999267578125,1004300
2025-03-03,220.0500030517578,220.5800018310547,212.5399932861328,214.3500061035156,1244500
2025-03-04,211.509994506836,214.13999938964844,206.44000244140625,209.94000244140625,4982000
2025-03-05,210.4900054931641,213.259994506836,208.67999267578125,212.6199951171875,1076700
2025-03-06,208.63999938964844,209.58999633789065,203.7400054931641,204.3999938964844,2427000
2025-03-07,203.75,205.3699951171875,198.77999877929688,204.3500061035156,2401900
2025-03-10,199.9199981689453,200.3999938964844,193.6100006103516,196.1199951171875,2102600
2025-03-11,195.3000030517578,199.27999877929688,194.5500030517578,196.77999877929688,7860700
2025-03-12,201.009994506836,202.13999938964844,197.3699951171875,199.8800048828125,2110800
2025-03-13,199.6199951171875,199.7899932861328,195.57000732421875,196.7400054931641,1181800
2025-03-14,199.009994506836,202.2100067138672,198.58999633789065,201.9900054931641,1467500
2025-03-17,201.5800018310547,205.5800018310547,201.5,204.3600006103516,991100
2025-03-18,202.44000244140625,202.8300018310547,199.72000122070312,200.3600006103516,921100
2025-03-19,201.02999877929688,206.1300048828125,200.5399932861328,204.17999267578125,955600
2025-03-20,202.8800048828125,205.94000244140625,202.8800048828125,203.88999938964844,654000
2025-03-21,201.97999572753903,204.759994506836,201.5399932861328,204.72999572753903,874600
2025-03-24,208.17999267578125,210.9199981689453,207.7100067138672,210.4600067138672,937600
2025-03-25,211.1300048828125,211.3500061035156,209.7100067138672,211.0500030517578,701200
2025-03-26,210.6600036621093,211.2100067138672,206.07000732421875,207.009994506836,1081000
2025-03-27,205.5599975585937,207.6999969482422,204.38999938964844,204.82000732421875,711000
2025-03-28,204.3600006103516,204.8000030517578,200.0,200.8600006103516,970000
2025-03-31,197.33999633789065,202.5,195.8500061035156,202.1300048828125,1336100
2025-04-01,201.1699981689453,204.1699981689453,199.6600036621093,203.5399932861328,807400
2025-04-02,200.83999633789065,207.3000030517578,200.7700042724609,206.1000061035156,833500
2025-04-03,196.7700042724609,199.4199981689453,194.6999969482422,194.9900054931641,940100
2025-04-04,188.3099975585937,189.44000244140625,180.3699951171875,181.1600036621093,2172500
2025-04-07,173.3300018310547,189.4900054931641,171.52000427246094,182.7100067138672,2204100
2025-04-08,190.32000732421875,191.8800048828125,178.11000061035156,180.83999633789065,1666500
2025-04-09,180.1499938964844,201.4600067138672,179.0399932861328,199.7899932861328,1825600
2025-04-10,195.92999267578125,196.82000732421875,187.5399932861328,193.259994506836,1009500
2025-04-11,192.3699951171875,196.9199981689453,190.8699951171875,196.0599975585937,710100
2025-04-14,200.009994506836,200.1000061035156,195.97000122070312,197.8000030517578,712200
2025-04-15,197.9199981689453,200.97000122070312,197.9199981689453,198.8999938964844,577700
2025-04-16,196.3800048828125,197.97999572753903,192.3500061035156,194.6999969482422,650500
2025-04-17,195.9100036621093,197.1699981689453,194.2400054931641,195.3500061035156,514400
2025-04-21,193.2700042724609,194.1499938964844,187.6999969482422,189.94000244140625,724800
2025-04-22,192.33999633789065,196.7700042724609,192.3000030517578,195.7700042724609,680200
2025-04-23,202.3800048828125,204.47000122070312,199.7100067138672,200.3300018310547,1042300
2025-04-24,200.3500061035156,205.3000030517578,199.9499969482422,204.82000732421875,845200
2025-04-25,204.7700042724609,207.2400054931641,204.3800048828125,206.7899932861328,606500
2025-04-28,207.3300018310547,208.8099975585937,205.0399932861328,207.759994506836,452100
2025-04-29,207.0599975585937,209.75,206.58999633789065,209.3099975585937,444100
2025-04-30,205.5,210.22999572753903,203.8099975585937,209.6300048828125,707900
2025-05-01,212.259994506836,213.88999938964844,211.0,211.5200042724609,652700
2025-05-02,214.6000061035156,217.259994506836,214.4600067138672,216.3800048828125,1021800
2025-05-05,214.58999633789065,217.19000244140625,214.27999877929688,216.0399932861328,2675400
2025-05-06,212.8600006103516,215.1999969482422,212.6000061035156,214.07000732421875,1548100
2025-05-07,214.3099975585937,216.47000122070312,213.58999633789065,215.67999267578125,879000
2025-05-08,218.0800018310547,219.7700042724609,216.3800048828125,217.63999938964844,1422000
2025-05-09,218.58999633789065,218.7400054931641,216.38999938964844,217.2100067138672,661600
2025-05-12,224.5200042724609,224.5200042724609,220.88999938964844,223.25,861700
2025-05-13,223.77999877929688,228.3699951171875,223.77999877929688,227.47000122070312,1470100
2025-05-14,228.3600006103516,228.88999938964844,227.3000030517578,228.5,1203300
2025-05-15,227.5,229.5599975585937,226.9900054931641,228.94000244140625,530800
2025-05-16,229.3000030517578,230.69000244140625,228.5500030517578,230.6699981689453,624500
2025-05-19,227.259994506836,231.38999938964844,227.259994506836,231.1999969482422,611500
2025-05-20,230.57000732421875,230.88999938964844,229.1499938964844,230.3300018310547,1074800
2025-05-21,228.7400054931641,230.42999267578125,225.5200042724609,226.1300048828125,1868300
2025-05-22,225.8000030517578,227.8699951171875,225.5399932861328,226.259994506836,777100
2025-05-23,223.47999572753903,227.0599975585937,223.47000122070312,225.72999572753903,791100
2025-05-27,229.07000732421875,230.6699981689453,227.8300018310547,230.5800018310547,1021500
2025-05-28,230.83999633789065,231.3500061035156,229.7899932861328,230.1199951171875,773200
2025-05-29,232.5800018310547,232.6100006103516,229.1600036621093,230.32000732421875,806000
2025-05-30,229.8500061035156,231.97000122070312,228.52999877929688,231.5399932861328,880100
2025-06-02,231.13999938964844,233.5599975585937,229.8699951171875,233.5,1165000
2025-06-03,233.8300018310547,234.63999938964844,232.8800048828125,234.3000030517578,1580700
2025-06-04,234.75,234.77999877929688,233.33999633789065,233.72000122070312,952500
2025-06-05,233.9499969482422,234.3600006103516,230.22999572753903,231.4100036621093,1499300
2025-06-06,233.1000061035156,233.77999877929688,232.0,232.7400054931641,875000
2025-06-09,232.27999877929688,232.27999877929688,229.8699951171875,231.4499969482422,1880600
2025-06-10,232.0,232.2899932861328,229.2899932861328,231.3600006103516,1447800
2025-06-11,232.009994506836,233.47999572753903,230.9900054931641,232.3699951171875,1360800
2025-06-12,231.52999877929688,232.7899932861328,231.4100036621093,232.2899932861328,1053100
2025-06-13,229.9499969482422,231.8999938964844,229.6000061035156,230.259994506836,1014300
2025-06-16,231.3999938964844,233.08999633789065,231.1000061035156,231.72000122070312,642800
2025-06-17,230.7400054931641,231.3699951171875,229.47000122070312,229.9600067138672,868400
2025-06-18,230.47999572753903,231.6999969482422,229.7400054931641,230.2700042724609,662100
2025-06-20,231.3000030517578,231.69000244140625,229.6300048828125,230.3000030517578,812200
2025-06-23,230.22000122070312,234.33999633789065,230.22000122070312,234.22999572753903,861800
2025-06-24,236.009994506836,237.3800048828125,235.2700042724609,236.88999938964844,897100
2025-06-25,237.7700042724609,237.7700042724609,235.0200042724609,235.1999969482422,1208100
2025-06-26,235.8999938964844,237.3500061035156,235.8099975585937,237.1300048828125,1067500
2025-06-27,237.72999572753903,239.1999969482422,236.58999633789065,237.7100067138672,871500
2025-06-30,239.17999267578125,240.75,238.9600067138672,240.32000732421875,2799400
2025-07-01,239.5500030517578,239.6999969482422,235.6699981689453,236.8099975585937,2121200
2025-07-02,236.92999267578125,237.22999572753903,235.83999633789065,236.8999938964844,1391800
2025-07-03,237.6300048828125,239.47999572753903,237.58999633789065,239.3699951171875,710100
2025-07-07,238.33999633789065,238.9499969482422,237.509994506836,238.57000732421875,1000400
2025-07-08,238.6600036621093,238.67999267578125,235.58999633789065,236.42999267578125,1296300
2025-07-09,237.25,238.0,236.3999938964844,237.88999938964844,961600
2025-07-10,238.1300048828125,238.3999938964844,236.22999572753903,237.6100006103516,1082900
2025-07-11,236.8999938964844,237.0800018310547,235.77999877929688,236.25,539800
2025-07-14,236.4100036621093,239.2700042724609,236.4100036621093,239.2100067138672,655400
2025-07-15,239.17999267578125,239.2899932861328,237.22999572753903,237.22999572753903,558500
2025-07-16,237.8000030517578,238.33999633789065,235.8999938964844,238.1600036621093,417300
2025-07-17,238.3999938964844,239.47999572753903,237.88999938964844,239.2700042724609,1076300
2025-07-18,239.75,239.75,238.6199951171875,239.07000732421875,655700
2025-07-21,239.509994506836,240.9900054931641,239.27999877929688,239.5500030517578,694300
2025-07-22,239.19000244140625,239.19000244140625,236.6600036621093,237.5599975585937,660400
2025-07-23,238.57000732421875,240.3600006103516,238.07000732421875,240.3600006103516,710500
2025-07-24,240.1300048828125,240.3500061035156,239.13999938964844,239.6000061035156,676900
2025-07-25,239.8099975585937,241.6199951171875,239.6699981689453,241.2899932861328,712200
2025-07-28,241.69000244140625,241.8699951171875,240.1100006103516,240.7400054931641,1417400
2025-07-29,241.6699981689453,242.1100006103516,240.3699951171875,240.69000244140625,1912200
2025-07-30,240.72000122070312,242.3800048828125,240.2899932861328,241.3500061035156,738400
2025-07-31,243.1199951171875,244.22000122070312,240.88999938964844,241.2899932861328,729700
2025-08-01,238.88999938964844,240.5500030517578,236.72000122070312,238.77999877929688,1063100
2025-08-04,240.0399932861328,242.3800048828125,240.0399932861328,242.33999633789065,843000
2025-08-05,242.8699951171875,243.58999633789065,240.5,241.1300048828125,868200
2025-08-06,241.69000244140625,244.22999572753903,241.009994506836,244.0599975585937,1530000
2025-08-07,245.2100067138672,245.3999938964844,242.6199951171875,243.8699951171875,927900
2025-08-08,244.6300048828125,246.7700042724609,244.6300048828125,245.6600036621093,649600
2025-08-11,246.1000061035156,246.7899932861328,245.3500061035156,245.6999969482422,542600
2025-08-12,246.94000244140625,248.0,245.8800048828125,247.8600006103516,653200
2025-08-13,248.72999572753903,248.8999938964844,245.22999572753903,246.259994506836,931500
2025-08-14,245.4100036621093,246.9900054931641,245.3000030517578,245.9600067138672,477200
2025-08-15,246.2400054931641,246.2400054931641,244.38999938964844,244.8600006103516,439400
2025-08-18,244.44000244140625,244.97999572753903,243.6600036621093,244.83999633789065,412100
2025-08-19,244.3000030517578,244.3000030517578,241.6300048828125,242.1100006103516,941500
2025-08-20,241.9100036621093,243.3500061035156,239.7899932861328,242.8600006103516,1448200
2025-08-21,241.8000030517578,242.77999877929688,240.8000030517578,241.52999877929688,1365100
2025-08-22,242.4499969482422,245.1499938964844,242.22000122070312,243.6600036621093,720800
2025-08-25,243.4600067138672,243.8099975585937,242.7700042724609,242.83999633789065,621600
2025-08-26,242.69000244140625,245.2400054931641,242.58999633789065,245.1699981689453,656400
2025-08-27,244.9199981689453,245.4100036621093,243.97999572753903,244.7700042724609,480900
2025-08-28,245.1199951171875,246.6100006103516,244.58999633789065,246.32000732421875,574000
2025-08-29,245.88999938964844,245.9100036621093,242.759994506836,243.72999572753903,568400
2025-09-02,240.5200042724609,242.57000732421875,239.4900054931641,242.4900054931641,694500
2025-09-03,242.7700042724609,243.5,241.1999969482422,242.6699981689453,973700
2025-09-04,243.1000061035156,245.1000061035156,243.1000061035156,244.94000244140625,594300
2025-09-05,247.4199981689453,248.1000061035156,241.75,244.3000030517578,1087200
2025-09-08,245.5399932861328,247.1199951171875,245.5399932861328,246.47999572753903,626400
2025-09-09,246.72999572753903,248.63999938964844,246.259994506836,248.44000244140625,530200
2025-09-10,253.1100006103516,255.38999938964844,252.8000030517578,254.3699951171875,1074400
2025-09-11,255.1199951171875,255.2100067138672,253.6999969482422,253.9600067138672,837300
2025-09-12,254.19000244140625,254.32000732421875,252.9199981689453,253.5200042724609,368700
2025-09-15,253.97000122070312,254.82000732421875,253.7100067138672,254.6199951171875,459300
2025-09-16,254.52999877929688,254.72999572753903,252.7100067138672,253.3999938964844,717800
2025-09-17,253.7700042724609,253.92999267578125,250.9199981689453,253.1199951171875,2305200
2025-09-18,254.38999938964844,255.77999877929688,253.6100006103516,254.67999267578125,998500
2025-09-19,255.5500030517578,257.0799865722656,254.6100006103516,256.8099975585937,507700
2025-09-22,255.9199981689453,257.989990234375,255.7400054931641,257.69000244140625,904700
2025-09-23,257.760009765625,258.0,255.6699981689453,256.7900085449219,1228200
2025-09-24,257.1400146484375,257.44000244140625,254.63999938964844,255.1499938964844,477400
2025-09-25,252.9900054931641,254.5500030517578,251.75,253.58999633789065,931700
2025-09-26,254.25,255.3300018310547,253.259994506836,254.6600036621093,577600
2025-09-29,255.9499969482422,256.739990234375,255.009994506836,255.63999938964844,540200
2025-09-30,255.42999267578125,256.6700134277344,254.69000244140625,256.45001220703125,920000
2025-10-01,255.17999267578125,256.2200012207031,254.259994506836,255.8999938964844,1094300
2025-10-02,256.7300109863281,256.7300109863281,254.4600067138672,255.8099975585937,828200
2025-10-03,256.3099975585937,256.3399963378906,253.77999877929688,254.2700042724609,618400
2025-10-06,255.1999969482422,255.4900054931641,253.72000122070312,254.2100067138672,1147600
2025-10-07,255.1499938964844,255.3699951171875,252.5599975585937,254.5,751500
2025-10-08,255.3099975585937,255.94000244140625,254.2700042724609,255.9199981689453,496600
2025-10-09,255.97000122070312,256.3599853515625,254.8600006103516,256.0400085449219,639100
2025-10-10,256.1700134277344,257.3800048828125,249.94000244140625,249.97000122070312,1399900
2025-10-13,253.3000030517578,254.97000122070312,252.8800048828125,254.7400054931641,755700
2025-10-14,252.32000732421875,255.8999938964844,249.82000732421875,254.1199951171875,690000
2025-10-15,256.3099975585937,257.92999267578125,253.0500030517578,254.8600006103516,1060300
2025-10-16,255.9600067138672,256.7099914550781,251.9100036621093,252.88999938964844,888100
2025-10-17,252.0800018310547,253.3600006103516,250.1699981689453,252.8000030517578,539000
2025-10-20,253.67999267578125,254.8600006103516,253.22999572753903,254.22000122070312,1459000
2025-10-21,254.6300048828125,254.6300048828125,253.08999633789065,253.57000732421875,468500
2025-10-22,253.42999267578125,254.1199951171875,248.77999877929688,250.9199981689453,825600
2025-10-23,250.77999877929688,253.6100006103516,250.77999877929688,252.9600067138672,479400
2025-10-24,255.3699951171875,256.1400146484375,254.92999267578125,255.5,522400
2025-10-27,257.9599914550781,258.1499938964844,257.010009765625,257.9200134277344,766200
2025-10-28,258.5199890136719,258.7300109863281,257.5400085449219,257.95001220703125,501300
2025-10-29,258.44000244140625,258.9599914550781,255.9600067138672,258.0199890136719,628400
2025-10-30,254.8500061035156,256.69000244140625,253.5,253.5599975585937,547500
2025-10-31,254.509994506836,255.82000732421875,252.9900054931641,254.22000122070312,426900
2025-11-03,255.6600036621093,255.75,252.22000122070312,253.5200042724609,521200
2025-11-04,250.4499969482422,251.8800048828125,248.7700042724609,249.2100067138672,1056300
2025-11-05,249.009994506836,251.32000732421875,248.2899932861328,250.1499938964844,608600
2025-11-06,249.6499938964844,249.6499938964844,246.13999938964844,246.92999267578125,894200
2025-11-07,245.5200042724609,248.2700042724609,243.13999938964844,248.17999267578125,796900
2025-11-10,250.8999938964844,252.97000122070312,250.2100067138672,252.6199951171875,653700
2025-11-11,251.94000244140625,252.3099975585937,250.0,251.7700042724609,462400
2025-11-12,252.42999267578125,252.75,250.8099975585937,251.58999633789065,399200
2025-11-13,250.82000732421875,250.82000732421875,245.07000732421875,245.7899932861328,1041800
2025-11-14,242.69000244140625,247.58999633789065,241.6000061035156,246.07000732421875,772700
2025-11-17,244.8800048828125,246.6699981689453,241.8000030517578,243.3600006103516,770100
2025-11-18,241.9100036621093,244.33999633789065,240.58999633789065,242.0399932861328,7568600
2025-11-19,242.22999572753903,244.2700042724609,240.94000244140625,242.9499969482422,1802100
2025-11-20,247.08999633789065,248.13999938964844,237.8600006103516,238.0200042724609,1081600
2025-11-21,238.69000244140625,239.8999938964844,234.63999938964844,237.8300018310547,1513700
2025-11-24,238.7700042724609,242.69000244140625,238.47000122070312,242.3000030517578,666200
2025-11-25,241.75,244.6199951171875,237.8300018310547,244.2100067138672,647900
2025-11-26,245.9499969482422,248.57000732421875,245.77999877929688,247.67999267578125,722400
2025-11-28,248.6499938964844,250.25,248.1699981689453,250.25,466900
2025-12-01,247.759994506836,248.97000122070312,246.38999938964844,247.6499938964844,740200
2025-12-02,249.0800018310547,251.02999877929688,247.9199981689453,248.8099975585937,676500
2025-12-03,247.7700042724609,250.08999633789065,246.1600036621093,249.8000030517578,424200
2025-12-04,250.38999938964844,251.9199981689453,249.57000732421875,251.6000061035156,477300
2025-12-05,251.9199981689453,253.92999267578125,251.5500030517578,252.7899932861328,332000
2025-12-08,254.2400054931641,254.4600067138672,252.33999633789065,253.3800048828125,532400
2025-12-09,252.83999633789065,254.72999572753903,252.6100006103516,253.5,385300
2025-12-10,253.7700042724609,256.739990234375,252.77999877929688,255.9199981689453,412000
2025-12-11,253.63999938964844,256.3800048828125,250.9600067138672,256.0599975585937,389700
2025-12-12,254.92999267578125,254.92999267578125,248.3000030517578,249.4600067138672,551800
2025-12-15,251.2400054931641,251.47000122070312,248.33999633789065,248.33999633789065,649200
2025-12-16,247.009994506836,248.92999267578125,245.92999267578125,247.7100067138672,508300
2025-12-17,248.4199981689453,248.63999938964844,241.7400054931641,241.8800048828125,767100
2025-12-18,246.27999877929688,248.2100067138672,245.3099975585937,246.07000732421875,606300
2025-12-19,247.5,251.8000030517578,247.5,251.25,603100
2025-12-22,253.6199951171875,253.8699951171875,251.8099975585937,253.38999938964844,757000
2025-12-23,252.6699981689453,254.3800048828125,252.3999938964844,254.32000732421875,448800
2025-12-24,254.1499938964844,255.6600036621093,253.94000244140625,255.47000122070312,244000
2025-12-26,256.0400085449219,256.0400085449219,254.5599975585937,255.02999877929688,541900
2025-12-29,252.9900054931641,254.4900054931641,252.4600067138672,253.4900054931641,656100
2025-12-30,253.6100006103516,254.009994506836,252.6699981689453,252.7899932861328,1185800
2025-12-31,252.83999633789065,252.9100036621093,250.19000244140625,250.3099975585937,1276500
2026-01-02,252.6999969482422,253.67999267578125,250.5800018310547,252.72999572753903,1144300
2026-01-05,255.1100006103516,256.3399963378906,254.3999938964844,255.1199951171875,1052000
2026-01-06,255.6300048828125,258.29998779296875,254.0599975585937,258.1099853515625,1564300
2026-01-07,257.5899963378906,258.5199890136719,256.2300109863281,256.4700012207031,729900
2026-01-08,256.6700134277344,256.8900146484375,252.25,253.3300018310547,687700
2026-01-09,254.42999267578125,257.5400085449219,253.8600006103516,256.989990234375,1064300
2026-01-12,255.2400054931641,259.3599853515625,255.2400054931641,258.95001220703125,409400
2026-01-13,259.6600036621094,260.1199951171875,257.9599914550781,258.9100036621094,466000
2026-01-14,257.70001220703125,257.79998779296875,253.52999877929688,255.72999572753903,549400
2026-01-15,258.5599975585937,259.8699951171875,257.04998779296875,257.2099914550781,492800
2026-01-16,259.1099853515625,259.5199890136719,257.0799865722656,258.3800048828125,582600
2026-01-20,254.0,256.5599975585937,252.5800018310547,252.83999633789065,563200
2026-01-21,254.0200042724609,257.04998779296875,252.4499969482422,255.3999938964844,742000
2026-01-22,257.82000732421875,258.1499938964844,254.8500061035156,256.07000732421875,574500
2026-01-23,255.22999572753903,256.7300109863281,254.1100006103516,255.4900054931641,536400
2026-01-26,255.4900054931641,258.0599975585937,255.32000732421875,256.95001220703125,875600
2026-01-27,258.8800048828125,260.3900146484375,258.3800048828125,260.2200012207031,559100
2026-01-28,260.5400085449219,261.3999938964844,259.45001220703125,260.0899963378906,527100
2026-01-29,261.760009765625,262.1000061035156,255.6199951171875,261.1199951171875,945300
2026-01-30,259.3299865722656,261.1600036621094,254.67999267578125,255.88999938964844,1140200
2026-02-02,255.6100006103516,259.6499938964844,255.6100006103516,258.3599853515625,444800
2026-02-03,260.75,261.3699951171875,252.97999572753903,256.45001220703125,866700
2026-02-04,254.8600006103516,254.8600006103516,244.1100006103516,247.0500030517578,1821500
2026-02-05,244.7400054931641,248.1000061035156,242.25,244.1300048828125,983700
2026-02-06,247.6300048828125,254.0200042724609,247.6300048828125,253.4900054931641,879500
2026-02-09,252.88999938964844,258.6700134277344,252.22000122070312,257.42999267578125,1023000
2026-02-10,258.239990234375,258.3800048828125,254.8800048828125,255.0599975585937,782000
2026-02-11,258.1099853515625,258.8699951171875,252.8999938964844,255.1499938964844,850300
2026-02-12,256.1300048828125,257.95001220703125,250.1100006103516,250.1999969482422,1056400
2026-02-13,250.0399932861328,253.4499969482422,247.4100036621093,251.47999572753903,906800
2026-02-17,249.5500030517578,252.8300018310547,248.1100006103516,251.6499938964844,731200
2026-02-18,252.1100006103516,255.5399932861328,251.44000244140625,253.4900054931641,617100
2026-02-19,252.1499938964844,253.9199981689453,251.42999267578125,253.3000030517578,620000
2026-02-20,252.19000244140625,255.8600006103516,251.8099975585937,254.77999877929688,609700
2026-02-23,253.22999572753903,254.0399932861328,248.83999633789065,249.75,576100
2026-02-24,249.8800048828125,253.0200042724609,247.75,252.13999938964844,509900
2026-02-25,254.52999877929688,256.7900085449219,254.3500061035156,256.3800048828125,587400
2026-02-26,255.9499969482422,256.2699890136719,251.1300048828125,254.88999938964844,851300
2026-02-27,250.9199981689453,253.47000122070312,250.72999572753903,252.9600067138672,554100
2026-03-02,250.6199951171875,254.19000244140625,250.0800018310547,253.6999969482422,815400
2026-03-03,247.27999877929688,248.5,242.6499938964844,247.009994506836,1287400
2026-03-04,249.1699981689453,251.8000030517578,247.8000030517578,250.7100067138672,580300
2026-03-05,249.0500030517578,250.38999938964844,243.4499969482422,247.02999877929688,948000
2026-03-06,242.5399932861328,245.3800048828125,240.75,241.47999572753903,843100
2026-03-09,238.6600036621093,247.77999877929688,238.25,247.2400054931641,1314600
2026-03-10,247.38999938964844,251.7700042724609,247.38999938964844,248.27999877929688,865600
2026-03-11,248.4100036621093,250.22000122070312,247.4900054931641,248.7899932861328,615400
2026-03-12,246.22999572753903,246.259994506836,242.77999877929688,243.8999938964844,1260500
2026-03-13,245.6000061035156,247.6300048828125,243.07000732421875,243.44000244140625,699800
2026-03-16,246.9900054931641,248.67999267578125,246.3000030517578,246.77999877929688,882300
2026-03-17,247.92999267578125,248.8699951171875,245.8099975585937,248.22999572753903,611700
2026-03-18,247.8600006103516,249.4900054931641,246.1300048828125,246.2400054931641,507600
2026-03-19,242.1600036621093,248.1499938964844,241.0200042724609,246.8600006103516,972400
2026-03-20,246.8500061035156,247.08999633789065,239.6499938964844,241.5200042724609,1106400
2026-03-23,245.3600006103516,248.8099975585937,243.6999969482422,244.5200042724609,920300
2026-03-24,242.5500030517578,246.6100006103516,241.92999267578125,245.5399932861328,646200
2026-03-25,247.3300018310547,248.7100067138672,246.07000732421875,247.17999267578125,828300
2026-03-26,243.8000030517578,244.5399932861328,238.1699981689453,238.2100067138672,1014000
2026-03-27,237.1699981689453,239.2400054931641,235.3300018310547,235.759994506836,1030800
2026-03-30,238.3999938964844,238.9100036621093,229.4199981689453,230.7700042724609,1610200
2026-03-31,234.33999633789065,240.4499969482422,233.3999938964844,239.9900054931641,1847700
2026-04-01,242.6600036621093,247.22999572753903,242.6600036621093,245.2400054931641,1018700
2026-04-02,239.47999572753903,246.8099975585937,238.94000244140625,245.8500061035156,918200
2026-04-06,246.72999572753903,247.94000244140625,245.9499969482422,247.69000244140625,521100
2026-04-07,246.88999938964844,249.47999572753903,245.0,249.27999877929688,1044700
2026-04-08,259.3900146484375,260.1700134277344,256.44000244140625,259.6400146484375,1076500
2026-04-09,259.5299987792969,263.0299987792969,259.5299987792969,262.4100036621094,657700
2026-04-10,263.6400146484375,265.3500061035156,262.1300048828125,263.44000244140625,1000000
2026-04-13,262.19000244140625,266.2799987792969,262.19000244140625,266.04998779296875,535400
2026-04-14,267.57000732421875,270.3299865722656,265.70001220703125,270.3299865722656,685400
2026-04-15,270.07000732421875,270.25,266.45001220703125,269.989990234375,662800
2026-04-16,269.8299865722656,271.2300109863281,268.54998779296875,270.82000732421875,1027200
2026-04-17,273.4599914550781,275.2300109863281,272.57000732421875,274.4599914550781,595700
2026-04-20,274.20001220703125,275.1199951171875,272.1099853515625,273.5599975585937,416400
2026-04-21,274.1499938964844,274.70001220703125,270.70001220703125,271.5899963378906,682200
2026-04-22,275.2900085449219,276.1400146484375,273.2300109863281,275.989990234375,563000
2026-04-23,275.4200134277344,278.3999938964844,272.9599914550781,275.8800048828125,647400
2026-04-24,280.260009765625,281.4599914550781,277.8500061035156,280.8999938964844,776600
2026-04-27,280.7699890136719,281.510009765625,278.4100036621094,280.75,559500
2026-04-28,275.5,278.1400146484375,272.9800109863281,276.2099914550781,654000
2026-04-29,278.1600036621094,278.5199890136719,275.57000732421875,277.7099914550781,777000
2026-04-30,281.0599975585937,284.4800109863281,279.6300048828125,283.9800109863281,916900
2026-05-01,283.010009765625,286.8699951171875,282.4700012207031,285.0899963378906,687300
2026-05-04,285.75,287.17999267578125,282.6400146484375,284.2900085449219,911000
2026-05-05,288.29998779296875,292.3699951171875,288.29998779296875,291.1000061035156,706300
2026-05-06,297.2699890136719,299.4700012207031,293.8399963378906,299.17999267578125,1050000
2026-05-07,298.0899963378906,298.0899963378906,292.20001220703125,293.9100036621094,1334200
2026-05-08,298.0299987792969,302.010009765625,297.44000244140625,301.79998779296875,803400
2026-05-11,304.260009765625,307.8599853515625,303.760009765625,306.6600036621094,1070900
2026-05-12,303.0,304.1099853515625,296.2300109863281,303.239990234375,1126600
2026-05-13,306.0599975585937,306.92999267578125,301.3900146484375,305.3999938964844,605500
2026-05-14,304.5299987792969,307.9599914550781,303.7200012207031,307.25,895800
2026-05-15,300.6499938964844,301.239990234375,297.9200134277344,298.2699890136719,1059400
2026-05-18,301.0599975585937,301.0599975585937,290.8599853515625,294.32000732421875,1615200
2026-05-19,290.19000244140625,295.82000732421875,287.3800048828125,292.5899963378906,1384700
2026-05-20,296.17999267578125,300.1400146484375,295.3999938964844,299.5899963378906,2801300
2026-05-21,297.8399963378906,302.8500061035156,297.8399963378906,302.1600036621094,902600
2026-05-22,305.0,306.0,303.1099853515625,303.6000061035156,943900
2026-05-26,310.2300109863281,314.75,309.0400085449219,314.04998779296875,978400
2026-05-27,317.25,317.25,310.239990234375,313.3299865722656,889000
2026-05-28,313.2699890136719,316.54998779296875,310.739990234375,314.6499938964844,6632700
2026-05-29,316.4200134277344,317.9800109863281,313.7799987792969,315.8099975585937,1686200
2026-06-01,313.29998779296875,318.6199951171875,312.260009765625,316.92999267578125,1968900
2026-06-02,320.1000061035156,326.3500061035156,318.8500061035156,326.0299987792969,1199000
2026-06-03,328.7799987792969,331.489990234375,325.3399963378906,329.5,1087300
2026-06-04,320.8999938964844,328.0299987792969,317.3999938964844,325.8699951171875,1399400
2026-06-05,318.0199890136719,318.75,306.3699951171875,306.4700012207031,1849200
2026-06-08,315.7900085449219,318.1700134277344,312.6000061035156,315.0799865722656,1280400
2026-06-09,319.3299865722656,320.989990234375,299.2300109863281,311.6300048828125,2051900
2026-06-10,309.010009765625,314.989990234375,304.2099914550781,304.9200134277344,1956800
2026-06-11,309.489990234375,320.1099853515625,309.3599853515625,319.010009765625,1512400
2026-06-12,319.7099914550781,326.5,318.6199951171875,324.3999938964844,885900
2026-06-15,333.1400146484375,334.6099853515625,331.2799987792969,333.6300048828125,1126200
2026-06-16,333.8999938964844,336.1000061035156,325.8099975585937,326.04998779296875,1226800
2026-06-17,330.8500061035156,335.4100036621094,327.8800048828125,328.2699890136719,1920500
2026-06-18,338.5299987792969,339.8299865722656,336.32000732421875,338.5199890136719,1484300
2026-06-22,343.4100036621094,345.5899963378906,340.6000061035156,345.2200012207031,1782600
2026-06-23,328.3699951171875,334.1600036621094,327.0,329.760009765625,1679700
2026-06-24,330.5899963378906,332.20001220703125,323.3500061035156,328.4100036621094,1282900
2026-06-25,343.0199890136719,343.0199890136719,330.3900146484375,339.29998779296875,2095900
2026-06-26,330.989990234375,332.510009765625,325.0799865722656,325.739990234375,2091100
2026-06-29,327.4100036621094,336.8399963378906,321.010009765625,336.0,1623700
2026-06-30,336.2699890136719,344.4599914550781,336.2699890136719,342.8299865722656,2435100
2026-07-01,333.489990234375,335.8500061035156,326.8299865722656,328.1000061035156,1677100
2026-07-02,328.7900085449219,330.04998779296875,312.42999267578125,316.5299987792969,2299600
2026-07-06,322.1499938964844,327.0,321.17999267578125,321.7099914550781,1908000
2026-07-07,312.70001220703125,314.32000732421875,306.6199951171875,312.44000244140625,2822200
2026-07-08,310.1300048828125,316.3299865722656,309.9800109863281,314.8500061035156,1266700
2026-07-09,324.94000244140625,326.9200134277344,320.4599914550781,321.20001220703125,1795700
2026-07-10,318.25,322.9800109863281,316.9100036621094,321.7699890136719,1102400
2026-07-13,316.1499938964844,318.1099853515625,313.04998779296875,314.6300048828125,1254700
2026-07-14,323.6700134277344,323.6700134277344,318.4700012207031,319.760009765625,1301100
2026-07-15,321.1499938964844,321.54998779296875,306.239990234375,312.6700134277344,4327600
2026-07-16,306.95001220703125,309.7300109863281,301.6600036621094,303.4100036621094,3222900
2026-07-17,296.5599975585937,305.7300109863281,293.2699890136719,302.0899963378906,3692500
2026-07-20,306.5799865722656,309.17999267578125,302.260009765625,302.6400146484375,1193500
2026-07-21,311.5299987792969,315.3999938964844,309.3999938964844,314.4800109863281,1581100
2026-07-22,309.3699951171875,316.92999267578125,309.3699951171875,314.239990234375,1141100
2026-07-23,311.7099914550781,317.3299865722656,311.7099914550781,313.9800109863281,1036800
2026-07-24,312.25,313.44000244140625,304.8399963378906,306.3900146484375,1305700
2026-07-27,308.1600036621094,308.82000732421875,295.8399963378906,302.3299865722656,1754300
2026-07-28,294.6499938964844,295.0599975585937,287.29998779296875,292.32000732421875,3138800
2026-07-29,292.5400085449219,294.6199951171875,282.6499938964844,283.1099853515625,2656100
2026-07-30,293.67999267578125,300.0299987792969,292.6499938964844,298.7699890136719,2459800
2026-07-31,307.92999267578125,309.3900146484375,297.5299987792969,299.5899963378906,2347900
2026-08-03,295.6199951171875,302.4200134277344,292.7099914550781,301.7799987792969,1879100
2026-08-04,309.5299987792969,315.3599853515625,308.1099853515625,313.3500061035156,2189800
2026-08-05,312.3599853515625,316.75,309.75,309.9800109863281,1941900
2026-08-06,306.2900085449219,312.6499938964844,303.9200134277344,308.1700134277344,1525600
2026-08-07,312.1000061035156,312.1000061035156,304.8900146484375,309.32000732421875,948500
2026-08-10,309.7799987792969,311.2799987792969,307.2099914550781,307.32000732421875,1058100
2026-08-11,309.3399963378906,309.9800109863281,307.25,308.3399963378906,824800
2026-08-12,315.1600036621094,317.0299987792969,313.45001220703125,314.7300109863281,1042700
2026-08-13,314.20001220703125,319.69000244140625,314.010009765625,316.0299987792969,953600
2026-08-14,316.3699951171875,319.44000244140625,314.9599914550781,317.2099914550781,1284705
