Date,Open,High,Low,Close,Volume
2010-02-11,0.2034379988908767,0.2174479961395263,0.2027859985828399,0.216276004910469,6912000
2010-02-12,0.2103909999132156,0.2190359979867935,0.2091670036315918,0.2171609997749328,17203200
2010-02-16,0.2222660034894943,0.2260939925909042,0.2187760025262832,0.2255730032920837,19238400
2010-02-17,0.2285940051078796,0.2294529974460601,0.2251559942960739,0.2294010072946548,38361600
2010-02-18,0.2291669994592666,0.2351299971342086,0.2277860045433044,0.2337500005960464,77721600
2010-02-19,0.2321610003709793,0.2367970049381256,0.2303909957408905,0.2337500005960464,92966400
2010-02-22,0.2365099936723709,0.2365099936723709,0.2294789999723434,0.2321089953184127,50995200
2010-02-23,0.2308329939842224,0.2320829927921295,0.2199739962816238,0.2230470031499862,82252800
2010-02-24,0.2269790023565292,0.2324219942092895,0.2257550060749054,0.2297919988632202,70617600
2010-02-25,0.2224480062723159,0.2312240004539489,0.2179950028657913,0.2296610027551651,91238400
2010-02-26,0.228983998298645,0.2334900051355362,0.2267190068960189,0.2325260043144226,57600000
2010-03-01,0.2354689985513687,0.243489995598793,0.2354689985513687,0.2425000071525573,28454400
2010-03-02,0.2446350008249282,0.249219000339508,0.2433069944381714,0.2439579963684082,48422400
2010-03-03,0.2466930001974105,0.2488279938697815,0.2429430037736892,0.2453130036592483,47961600
2010-03-04,0.2461719959974289,0.2483589947223663,0.2423440068960189,0.2480210065841674,29452800
2010-03-05,0.2533070147037506,0.2601299881935119,0.2519530057907104,0.2589839994907379,26880000
2010-03-08,0.2592189908027649,0.2622399926185608,0.2592189908027649,0.2603650093078613,25344000
2010-03-09,0.2589319944381714,0.2690359950065613,0.2587240040302276,0.2649739980697632,46425600
2010-03-10,0.2653389871120453,0.2730729877948761,0.2651560008525848,0.2714579999446869,40089600
2010-03-11,0.2698180079460144,0.2743490040302276,0.2680209875106811,0.2739579975605011,53913600
2010-03-12,0.276978999376297,0.276978999376297,0.2714320123195648,0.2745830118656158,36134400
2010-03-15,0.2727600038051605,0.2746089994907379,0.2669270038604736,0.272733986377716,42393600
2010-03-16,0.2754170000553131,0.2786720097064972,0.2725520133972168,0.2778910100460052,46579200
2010-03-17,0.2786720097064972,0.2837759852409363,0.2775000035762787,0.2798179984092712,39820800
2010-03-18,0.2807810008525848,0.2835420072078705,0.2789320051670074,0.2826560139656067,52185600
2010-03-19,0.2776559889316559,0.2857550084590912,0.2746880054473877,0.2776559889316559,40051200
2010-03-22,0.2744010090827942,0.2884899973869324,0.2733590006828308,0.2851560115814209,58790400
2010-03-23,0.2871089875698089,0.2917450070381164,0.2826560139656067,0.2911199927330017,55334400
2010-03-24,0.2890630066394806,0.2896879911422729,0.2851560115814209,0.2869789898395538,89241600
2010-03-25,0.2939839959144592,0.2970570027828216,0.2849479913711548,0.2851819992065429,93926400
2010-03-26,0.2892450094223022,0.2921609878540039,0.282160997390747,0.286666989326477,84288000
2010-03-29,0.2909899950027466,0.2935679852962494,0.2884640097618103,0.29059898853302,38054400
2010-03-30,0.2929950058460235,0.2961719930171966,0.2876819968223572,0.2936460077762604,39897600
2010-03-31,0.2903650104999542,0.2942709922790527,0.2876819968223572,0.2896879911422729,59558400
2010-04-01,0.2929170131683349,0.2985160052776336,0.2826299965381622,0.2891150116920471,116620800
2010-04-05,0.2912240028381347,0.299219012260437,0.2890630066394806,0.2974739968776703,67584000
2010-04-06,0.2952080070972442,0.3024480044841766,0.2933329939842224,0.2997399866580963,58713600
2010-04-07,0.2987239956855774,0.3019790053367615,0.292838990688324,0.2980470061302185,106252800
2010-04-08,0.2950260043144226,0.3008590042591095,0.2905209958553314,0.2991150021553039,69657600
2010-04-09,0.3001039922237396,0.3052339851856231,0.297785997390747,0.3045049905776977,58099200
2010-04-12,0.3055469989776611,0.3080730140209198,0.3035419881343841,0.3057290017604828,48806400
2010-04-13,0.3047400116920471,0.3108330070972442,0.3019790053367615,0.3103390038013458,67238400
2010-04-14,0.314765989780426,0.3215360045433044,0.3141149878501892,0.3212760090827942,61094400
2010-04-15,0.3209379911422729,0.3267709910869598,0.3206509947776794,0.3255729973316192,45772800
2010-04-16,0.3221350014209747,0.3252860009670257,0.3079429864883423,0.3139840066432953,129484800
2010-04-19,0.3110420107841491,0.3163540065288543,0.3020829856395721,0.3134900033473968,112742400
2010-04-20,0.3183589875698089,0.3203130066394806,0.3123959898948669,0.3181250095367431,56102400
2010-04-21,0.3245829939842224,0.3264839947223663,0.3177079856395721,0.3237240016460418,83980800
2010-04-22,0.3142710030078888,0.3296090066432953,0.3089059889316559,0.3285160064697265,122841600
2010-04-23,0.3288280069828033,0.3339059948921203,0.3249480128288269,0.3328649997711181,82368000
2010-04-26,0.3330990076065063,0.3355990052223205,0.3287760019302368,0.330390989780426,80524800
2010-04-27,0.3271879851818084,0.3306770026683807,0.3072920143604278,0.3100000023841858,133747200
2010-04-28,0.314765989780426,0.3150779902935028,0.3032029867172241,0.3107289969921112,125068800
2010-04-29,0.3150520026683807,0.328150987625122,0.3150259852409363,0.3265889883041382,84748800
2010-04-30,0.3260940015316009,0.3276300132274627,0.3065359890460968,0.307343989610672,88512000
2010-05-03,0.3109380006790161,0.3245309889316559,0.3108589947223663,0.3198960125446319,52608000
2010-05-04,0.3077859878540039,0.3078129887580871,0.2846609950065613,0.2916150093078613,137241600
2010-05-05,0.282474011182785,0.2919529974460602,0.27708300948143,0.2868230044841766,138508800
2010-05-06,0.2809109985828399,0.2890099883079529,0.1770830005407333,0.2587240040302276,217804800
2010-05-07,0.2518750131130218,0.2612760066986084,0.2232030034065246,0.2398959994316101,248256000
2010-05-10,0.2701820135116577,0.2764840126037597,0.2686980068683624,0.2756769955158233,189273600
2010-05-11,0.267890989780426,0.2864579856395721,0.2663280069828033,0.2754949927330017,147033600
2010-05-12,0.2792710065841675,0.29093798995018,0.2782289981842041,0.2903389930725097,108556800
2010-05-13,0.287551999092102,0.2935940027236938,0.2754690051078796,0.277213990688324,105561600
2010-05-14,0.2704170048236847,0.270781010389328,0.2513020038604736,0.2601560056209564,154176000
2010-05-17,0.2626819908618927,0.2665889859199524,0.2468750029802322,0.2636719942092895,136857600
2010-05-18,0.2701039910316467,0.2716149985790252,0.2489580065011978,0.2535940110683441,190617600
2010-05-19,0.249219000339508,0.2552079856395721,0.238098993897438,0.2469010055065155,237772800
2010-05-20,0.2319529950618744,0.2336200028657913,0.2173179984092712,0.2219270020723343,272985600
2010-05-21,0.2084109932184219,0.2305469959974289,0.2061980068683624,0.2236460000276565,234316800
2010-05-24,0.2248699963092804,0.2332029938697815,0.2228910028934478,0.2254949957132339,155020800
2010-05-25,0.2087499946355819,0.2246090024709701,0.2020830065011978,0.2239059954881668,172646400
2010-05-26,0.2273699939250946,0.2367189973592758,0.2153130024671554,0.2169789969921112,208320000
2010-05-27,0.2314320057630539,0.2410680055618286,0.229556992650032,0.2404689937829971,173222400
2010-05-28,0.2420569956302642,0.2427340000867843,0.2304690033197403,0.2371090054512024,166694400
2010-06-01,0.234608992934227,0.2467190027236938,0.2291669994592666,0.2305469959974289,202713600
2010-06-02,0.234375,0.2467709928750991,0.2293750047683715,0.2467709928750991,113433600
2010-06-03,0.2485940009355545,0.2545830011367798,0.2439060062170028,0.2531769871711731,114854400
2010-06-04,0.237292006611824,0.2467450052499771,0.2248439937829971,0.2281769961118698,245952000
2010-06-07,0.2303909957408905,0.2329169958829879,0.2145829945802688,0.2149479985237121,168729600
2010-06-08,0.2164839953184127,0.2179169952869415,0.2052340060472488,0.2137500047683715,265920000
2010-06-09,0.2180729955434799,0.2241930067539215,0.2066410034894943,0.2090359926223755,229440000
2010-06-10,0.2163279950618744,0.2268230020999908,0.2145570069551468,0.2263800054788589,155520000
2010-06-11,0.2193489968776703,0.2332029938697815,0.2193489968776703,0.2322919964790344,125337600
2010-06-14,0.2391930073499679,0.2437759935855865,0.2314839959144592,0.2324219942092895,227404800
2010-06-15,0.2362760007381439,0.2521089911460876,0.2355729937553405,0.2494010031223297,200102400
2010-06-16,0.2491929978132248,0.2578130066394806,0.2479690015316009,0.2544269859790802,158361600
2010-06-17,0.2584109902381897,0.2588019967079162,0.2503649890422821,0.2569789886474609,163046400
2010-06-18,0.258307009935379,0.2628650069236755,0.2551040053367615,0.2576819956302643,139584000
2010-06-21,0.2670829892158508,0.2682290077209472,0.2466669976711273,0.250910997390747,219916800
2010-06-22,0.2538020014762878,0.2593230009078979,0.2436980009078979,0.2449740022420883,179596800
2010-06-23,0.2458849996328354,0.2484109997749328,0.2361979931592941,0.2416930049657821,224716800
2010-06-24,0.2388020008802414,0.2408850044012069,0.2286459952592849,0.2299740016460418,239424000
2010-06-25,0.2329690009355545,0.2355729937553405,0.2249220013618469,0.2298180013895034,177561600
2010-06-28,0.2300000041723251,0.2334380000829696,0.222812995314598,0.2277600020170211,164160000
2010-06-29,0.217057004570961,0.2174479961395263,0.1963540017604828,0.202344000339508,438220800
2010-06-30,0.1993229985237121,0.2050260007381439,0.1907549947500229,0.19234399497509,183667200
2010-07-01,0.1934109926223755,0.1950259953737259,0.1793230026960373,0.1904689967632293,252326400
2010-07-02,0.1909639984369278,0.1931769996881485,0.1835940033197403,0.1894270032644271,147379200
2010-07-06,0.1966670006513595,0.2002860009670257,0.1856250017881393,0.190417006611824,156556800
2010-07-07,0.1920569986104965,0.2089840024709701,0.1915889978408813,0.2084109932184219,160780800
2010-07-08,0.2134110033512115,0.21424500644207,0.204583004117012,0.2119269967079162,207360000
2010-07-09,0.2113800048828125,0.21875,0.2102600038051605,0.2178650051355362,142656000
2010-07-12,0.217057004570961,0.2236199975013733,0.2157289981842041,0.2203390002250671,98918400
2010-07-13,0.2254949957132339,0.230781003832817,0.2206249982118606,0.227864995598793,174144000
2010-07-14,0.2298180013895034,0.2353910058736801,0.2268490046262741,0.2315099984407425,109516800
2010-07-15,0.2305469959974289,0.2343489974737167,0.2230470031499862,0.2323179990053177,114201600
2010-07-16,0.2302860021591186,0.2305729985237121,0.2126040011644363,0.2136200070381164,181363200
2010-07-19,0.2148440033197403,0.2197919934988021,0.2096610069274902,0.2184379994869232,124224000
2010-07-20,0.2076040059328079,0.2262499928474426,0.2059379965066909,0.2253389954566955,127948800
2010-07-21,0.2338539958000183,0.2338539958000183,0.2159900069236755,0.2174479961395263,172492800
2010-07-22,0.225938007235527,0.2365889996290207,0.225938007235527,0.2321089953184127,126451200
2010-07-23,0.2288540005683899,0.238437995314598,0.2275779992341995,0.2381509989500045,138854400
2010-07-26,0.2391930073499679,0.2440630048513412,0.2358590066432953,0.2433850020170211,100761600
2010-07-27,0.2469789981842041,0.2480729967355728,0.2402859926223755,0.2433329969644546,119692800
2010-07-28,0.2428389936685562,0.2458849996328354,0.2351559996604919,0.2383590042591095,77568000
2010-07-29,0.2416670024394989,0.2432290017604828,0.2253129929304123,0.232682004570961,152755200
2010-07-30,0.2267709970474243,0.2381249964237213,0.2226819992065429,0.2342710047960281,129830400
2010-08-02,0.2429430037736892,0.2486979961395263,0.2402600049972534,0.2468750029802322,90163200
2010-08-03,0.246406003832817,0.247188001871109,0.2404689937829971,0.2443230003118515,64012800
2010-08-04,0.247526004910469,0.2520830035209656,0.2443230003118515,0.2513799965381622,80908800
2010-08-05,0.2476039975881576,0.2507809996604919,0.2446350008249282,0.2498960047960281,66470400
2010-08-06,0.2409110069274902,0.249791994690895,0.2373179942369461,0.2487239986658096,152755200
2010-08-09,0.2521350085735321,0.2552079856395721,0.2489060014486313,0.2530730068683624,85632000
2010-08-10,0.2473960071802139,0.2511720061302185,0.2409379929304123,0.2477079927921295,158016000
2010-08-11,0.2345570027828216,0.23471400141716,0.2237239927053451,0.2273180037736892,154905600
2010-08-12,0.213697999715805,0.2240359932184219,0.2124219983816146,0.2209109961986541,145920000
2010-08-13,0.21908900141716,0.2215889990329742,0.216509997844696,0.216509997844696,57945600
2010-08-16,0.2132810056209564,0.2221090048551559,0.210547000169754,0.2177339941263198,95424000
2010-08-17,0.2226040065288543,0.2318489998579025,0.2213020026683807,0.2260159999132156,120076800
2010-08-18,0.2248699963092804,0.2326299995183944,0.2222920060157776,0.2280469983816146,71155200
2010-08-19,0.224818006157875,0.2271350026130676,0.2138019949197769,0.219660997390747,102412800
2010-08-20,0.2174479961395263,0.2205729931592941,0.2135680019855499,0.2189060002565384,88588800
2010-08-23,0.2238020002841949,0.2251300066709518,0.2125519961118698,0.2128649950027465,108211200
2010-08-24,0.2059109956026077,0.2074480056762695,0.1981769949197769,0.200651004910469,144806400
2010-08-25,0.1967449933290481,0.2091410011053085,0.1957810074090957,0.2066670060157776,144153600
2010-08-26,0.2093230038881302,0.2096610069274902,0.1985680013895034,0.1999219954013824,132979200
2010-08-27,0.2034109979867935,0.2074220031499862,0.1911460012197494,0.2065359950065612,192460800
2010-08-30,0.203358992934227,0.2088019996881485,0.1997919976711273,0.1998440027236938,105139200
2010-08-31,0.1968750059604644,0.2030470073223114,0.1940360069274902,0.198853999376297,156441600
2010-09-01,0.2065100073814392,0.2175260037183761,0.2062239944934845,0.2155209928750991,129638400
2010-09-02,0.216848999261856,0.2229170054197311,0.2152079939842224,0.2229170054197311,54297600
2010-09-03,0.2296880036592483,0.2342710047960281,0.2273180037736892,0.2342710047960281,135283200
2010-09-07,0.2311200052499771,0.2339060008525848,0.2280730009078979,0.2285680025815963,97382400
2010-09-08,0.2311200052499771,0.240443006157875,0.2311200052499771,0.2366410046815872,113894400
2010-09-09,0.2440100014209747,0.2444009929895401,0.238646000623703,0.2396350055932998,90355200
2010-09-10,0.2413800060749054,0.2435159981250763,0.2374480068683624,0.2422139942646026,63936000
2010-09-13,0.2485419958829879,0.2547140121459961,0.248307004570961,0.2528910040855407,83712000
2010-09-14,0.2518230080604553,0.2599999904632568,0.2503649890422821,0.2560940086841583,84748800
2010-09-15,0.2540630102157593,0.2617189884185791,0.252005010843277,0.2604430019855499,67660800
2010-09-16,0.2602860033512115,0.2645570039749145,0.2575260102748871,0.2641150057315826,93772800
2010-09-17,0.2695049941539764,0.2695049941539764,0.2628909945487976,0.2669270038604736,114816000
2010-09-20,0.2699219882488251,0.2822659909725189,0.2689839899539947,0.2808330059051513,105561600
2010-09-21,0.2810679972171783,0.2864579856395721,0.276978999376297,0.2799479961395263,173875200
2010-09-22,0.2768230140209198,0.2840889990329742,0.2739579975605011,0.2786200046539306,96576000
2010-09-23,0.2729170024394989,0.2861979901790619,0.2720830142498016,0.277785986661911,137088000
2010-09-24,0.2877080142498016,0.2953130006790161,0.286327987909317,0.2935160100460052,126528000
2010-09-27,0.294869989156723,0.2964060008525848,0.2893489897251129,0.2901560068130493,97113600
2010-09-28,0.2928909957408905,0.2928909957408905,0.2762500047683716,0.2908850014209747,146227200
2010-09-29,0.2885940074920654,0.2925260066986084,0.285286009311676,0.2885420024394989,63859200
2010-09-30,0.2929170131683349,0.2980729937553406,0.278984010219574,0.2846350073814392,177484800
2010-10-01,0.2913019955158233,0.2924740016460418,0.2795569896697998,0.2837499976158142,117043200
2010-10-04,0.2809109985828399,0.2838020026683807,0.2694790065288543,0.2739059925079345,123840000
2010-10-05,0.2836199998855591,0.2957029938697815,0.2831510007381439,0.2942970097064972,109785600
2010-10-06,0.2930729985237121,0.2949219942092895,0.2810159921646118,0.2867969870567322,88512000
2010-10-07,0.2916670143604278,0.2918750047683716,0.2826560139656067,0.2896089851856231,78950400
2010-10-08,0.2901299893856048,0.2975519895553589,0.2842189967632293,0.2954429984092712,68544000
2010-10-11,0.2962760031223297,0.3001559972763061,0.2933590114116668,0.2960419952869415,38131200
2010-10-12,0.2940889894962311,0.3037759959697723,0.2871609926223755,0.3021880090236664,97728000
2010-10-13,0.3077600002288818,0.313306987285614,0.3051559925079345,0.3095310032367706,96844800
2010-10-14,0.3098959922790527,0.311693012714386,0.3030990064144134,0.3078129887580871,79756800
2010-10-15,0.3188279867172241,0.3274480104446411,0.311719000339508,0.3274480104446411,119577600
2010-10-18,0.3279690146446228,0.3308070003986358,0.3239319920539856,0.3274480104446411,86976000
2010-10-19,0.3144789934158325,0.3219789862632751,0.3068490028381347,0.314426988363266,127296000
2010-10-20,0.3174999952316284,0.3280470073223114,0.3155210018157959,0.3209640085697174,93465600
2010-10-21,0.3274480104446411,0.3309899866580963,0.3138279914855957,0.3232029974460602,109708800
2010-10-22,0.3235940039157867,0.3302339911460876,0.3219009935855865,0.3295049965381622,58713600
2010-10-25,0.3334639966487884,0.3401820063591003,0.3334639966487884,0.3345049917697906,77184000
2010-10-26,0.329245001077652,0.3388540148735046,0.3253909945487976,0.3365100026130676,74841600
2010-10-27,0.3322139978408813,0.3408330082893371,0.330390989780426,0.3399739861488342,112857600
2010-10-28,0.3446879982948303,0.344870001077652,0.3338280022144317,0.3419269919395447,107788800
2010-10-29,0.3418489992618561,0.3458069860935211,0.3398439884185791,0.340285986661911,80755200
2010-11-01,0.34375,0.3507030010223388,0.3361980020999908,0.3410679996013641,85209600
2010-11-02,0.3492709994316101,0.3542450070381164,0.3476560115814209,0.3514060080051422,68121600
2010-11-03,0.353177011013031,0.3565889894962311,0.3435159921646118,0.3564839959144592,115161600
2010-11-04,0.3689059913158417,0.3734900057315826,0.3663280010223388,0.3691149950027466,111859200
2010-11-05,0.3700000047683716,0.3717710077762604,0.3664059937000274,0.3695569932460785,113971200
2010-11-08,0.367682009935379,0.3723959922790527,0.3650259971618652,0.3704949915409088,103449600
2010-11-09,0.3757550120353699,0.3770569860935211,0.3599739968776703,0.3645049929618835,121881600
2010-11-10,0.3664320111274719,0.3713800013065338,0.3578389883041382,0.3700779974460602,91968000
2010-11-11,0.3528650104999542,0.3651300072669983,0.3485940098762512,0.3638539910316467,121843200
2010-11-12,0.3578389883041382,0.3620829880237579,0.3374220132827759,0.3453390002250671,218265600
2010-11-15,0.3512499928474426,0.3527080118656158,0.3412240147590637,0.3416410088539123,119193600
2010-11-16,0.334322988986969,0.3401820063591003,0.3207550048828125,0.3246879875659942,181632000
2010-11-17,0.3252600133419037,0.3326300084590912,0.3229170143604278,0.3277600109577179,111168000
2010-11-18,0.3383069932460785,0.3497920036315918,0.3380469977855682,0.3429949879646301,138739200
2010-11-19,0.3418749868869781,0.3463540077209472,0.3379690051078796,0.3438020050525665,93427200
2010-11-22,0.339713990688324,0.3528650104999542,0.3383069932460785,0.3528650104999542,147456000
2010-11-23,0.3424220085144043,0.3434109985828399,0.3302080035209656,0.3361980020999908,185856000
2010-11-24,0.345755010843277,0.358568012714386,0.3453390002250671,0.3558329939842224,129484800
2010-11-26,0.3496350049972534,0.3563019931316376,0.3475779891014099,0.3535940051078796,59673600
2010-11-29,0.3476560115814209,0.3515630066394806,0.3357290029525757,0.3486720025539398,176524800
2010-11-30,0.3376039862632751,0.3419789969921112,0.3316409885883331,0.3354170024394989,200716800
2010-12-01,0.3508070111274719,0.3620829880237579,0.3502599895000458,0.3567450046539306,206860800
2010-12-02,0.3583329916000366,0.369141012430191,0.3574219942092895,0.3675779998302459,132134400
2010-12-03,0.3631510138511657,0.371849000453949,0.3630209863185882,0.3706510066986084,175449600
2010-12-06,0.370728999376297,0.3721610009670257,0.3670049905776977,0.3700000047683716,99072000
2010-12-07,0.3836719989776611,0.3836979866027832,0.3696880042552948,0.3703390061855316,164428800
2010-12-08,0.3740099966526031,0.3764060139656067,0.3667449951171875,0.3754689991474151,93427200
2010-12-09,0.3817450106143951,0.3818230032920837,0.3723959922790527,0.3758589923381805,99878400
2010-12-10,0.3784379959106445,0.3844529986381531,0.37533900141716,0.3837499916553497,88204800
2010-12-13,0.3885680139064789,0.3885680139064789,0.3789060115814209,0.3792450129985809,80755200
2010-12-14,0.3822399973869324,0.3860160112380981,0.3780469894409179,0.3808329999446869,76876800
2010-12-15,0.3805209994316101,0.3876039981842041,0.3736979961395263,0.3769530057907104,95577600
2010-12-16,0.377344012260437,0.3868229985237121,0.375,0.3848179876804352,86131200
2010-12-17,0.3860419988632202,0.3893229961395263,0.3839319944381714,0.3859899938106537,61209600
2010-12-20,0.3880209922790527,0.3911460041999817,0.3786459863185882,0.3870309889316559,126144000
2010-12-21,0.391510009765625,0.3935939967632293,0.3885160088539123,0.3934110105037689,33600000
2010-12-22,0.3934639990329742,0.3954429924488067,0.3918229937553406,0.3938280045986175,43200000
2010-12-23,0.391770988702774,0.3933590054512024,0.388280987739563,0.3908329904079437,36864000
2010-12-27,0.3876819908618927,0.3932290077209472,0.3794269859790802,0.3909899890422821,64166400
2010-12-28,0.3939059972763061,0.3942449986934662,0.3866409957408905,0.3892970085144043,63475200
2010-12-29,0.3927339911460876,0.3938019871711731,0.390625,0.3916150033473968,45465600
2010-12-30,0.391770988702774,0.3918749988079071,0.3867189884185791,0.3886719942092895,28761600
2010-12-31,0.387813001871109,0.387813001871109,0.3794009983539581,0.3851040005683899,48729600
2011-01-03,0.3953390121459961,0.4104430079460144,0.3952859938144684,0.4025000035762787,133516800
2011-01-04,0.4075520038604736,0.4076560139656067,0.3941929936408996,0.4018749892711639,131520000
2011-01-05,0.3978910148143768,0.4120309948921203,0.3973700106143951,0.4118489921092987,122880000
2011-01-06,0.4133070111274719,0.4165360033512115,0.4107550084590912,0.4155730009078979,104524800
2011-01-07,0.4176819920539856,0.4183849990367889,0.4025779962539673,0.4146089851856231,152409600
2011-01-10,0.4114579856395721,0.4213800132274627,0.4087240099906921,0.4192709922790527,86054400
2011-01-11,0.4243749976158142,0.4252859950065613,0.4169009923934936,0.4211980104446411,109939200
2011-01-12,0.427031010389328,0.4300000071525574,0.4221090078353882,0.4297400116920471,134092800
2011-01-13,0.4312759935855865,0.4337239861488342,0.426952987909317,0.4310939908027649,131443200
2011-01-14,0.43088498711586,0.4405730068683624,0.428072988986969,0.4404430091381073,61286400
2011-01-18,0.4291929900646209,0.4453130066394806,0.4284639954566955,0.4439580142498016,138124800
2011-01-19,0.4462240040302276,0.4462240040302276,0.4246349930763244,0.4290890097618103,149952000
2011-01-20,0.4239580035209656,0.425025999546051,0.4098959863185882,0.4194529950618744,189465600
2011-01-21,0.4255729913711548,0.4281249940395355,0.4095830023288727,0.4098699986934662,104832000
2011-01-24,0.4121609926223755,0.4271610081195831,0.4099740087985992,0.4267970025539398,86438400
2011-01-25,0.4210419952869415,0.4288539886474609,0.4179689884185791,0.4282810091972351,95846400
2011-01-26,0.4310419857501983,0.4389579892158508,0.4270569980144501,0.4349220097064972,99379200
2011-01-27,0.4400259852409363,0.4470050036907196,0.4376299977302551,0.4433070123195648,111360000
2011-01-28,0.4434640109539032,0.4442969858646393,0.403984010219574,0.4098699986934662,254553600
2011-01-31,0.4114840030670166,0.419063001871109,0.4023439884185791,0.41593798995018,159974400
2011-02-01,0.4255209863185882,0.4419269859790802,0.423905998468399,0.4390360116958618,203443200
2011-02-02,0.436719000339508,0.4415630102157593,0.4342969954013824,0.4370569884777069,92121600
2011-02-03,0.4346350133419037,0.4411199986934662,0.424140989780426,0.4387499988079071,131558400
2011-02-04,0.4398699998855591,0.4473960101604461,0.4358850121498108,0.4466669857501983,135936000
2011-02-07,0.4494529962539673,0.4601300060749054,0.4472399950027466,0.453150987625122,103795200
2011-02-08,0.4533070027828216,0.46281298995018,0.4510419964790344,0.46281298995018,133977600
2011-02-09,0.45974001288414,0.4638020098209381,0.4554949998855591,0.4600000083446502,130406400
2011-02-10,0.452344000339508,0.4631769955158233,0.4492189884185791,0.4622400104999542,142080000
2011-02-11,0.4579690098762512,0.4720050096511841,0.4557290077209472,0.4717189967632293,94540800
2011-02-14,0.4716149866580963,0.4768750071525574,0.4703649878501892,0.4746879935264587,59635200
2011-02-15,0.4720570147037506,0.4745050072669983,0.4667190015316009,0.4734640121459961,93235200
2011-02-16,0.4771879911422729,0.4860160052776336,0.4764840006828308,0.4822140038013458,141120000
2011-02-17,0.4751040041446686,0.484375,0.4742189943790436,0.4817970097064972,86745600
2011-02-18,0.4820829927921295,0.4840100109577179,0.4733589887619018,0.4790630042552948,128179200
2011-02-22,0.4599480032920837,0.4635420143604278,0.4348959922790527,0.4368749856948852,241843200
2011-02-23,0.4367449879646301,0.4414319992065429,0.4163019955158233,0.4260939955711365,194265600
2011-02-24,0.4290890097618103,0.4364579916000366,0.4166670143604278,0.4321610033512115,320524800
2011-02-25,0.4402079880237579,0.4525519907474518,0.4389579892158508,0.4506770074367523,108345600
2011-02-28,0.4558329880237579,0.4603129923343658,0.4457809925079345,0.4539580047130584,104313600
2011-03-01,0.4600520133972168,0.4600520133972168,0.4283849895000458,0.4321349859237671,122899200
2011-03-02,0.431302011013031,0.4471350014209747,0.4309380054473877,0.4382289946079254,114105600
2011-03-03,0.4509899914264679,0.4667710065841675,0.4509379863739013,0.4643749892711639,132825600
2011-03-04,0.46458300948143,0.46458300948143,0.4484379887580871,0.457500010728836,109420800
2011-03-07,0.4632290005683899,0.4640100002288818,0.4269790053367615,0.4392710030078888,137568000
2011-03-08,0.4367710053920746,0.4502080082893371,0.4296880066394806,0.4438540041446686,128774400
2011-03-09,0.4402079880237579,0.4407809972763061,0.428176999092102,0.4348959922790527,97056000
2011-03-10,0.4194790124893188,0.4231770038604736,0.409740000963211,0.4149999916553497,174892800
2011-03-11,0.4080730080604553,0.4254690110683441,0.4074479937553406,0.4219270050525665,102547200
2011-03-14,0.4150519967079162,0.4244790077209472,0.4083850085735321,0.4178130030632019,78912000
2011-03-15,0.3806250095367431,0.4076040089130401,0.3768230080604553,0.4007290005683899,187852800
2011-03-16,0.390729010105133,0.396822988986969,0.3632810115814209,0.3713020086288452,216768000
2011-03-17,0.388280987739563,0.3932290077209472,0.3806250095367431,0.3809899985790252,116486400
2011-03-18,0.3943229913711548,0.3944790065288543,0.3781250119209289,0.3789060115814209,118713600
2011-03-21,0.3955209851264953,0.40625,0.3938539922237396,0.400052011013031,95251200
2011-03-22,0.4019269943237304,0.403124988079071,0.3958329856395721,0.3989579975605011,64358400
2011-03-23,0.3940629959106445,0.4085420072078705,0.3860419988632202,0.4050000011920929,104544000
2011-03-24,0.414478987455368,0.4295830130577087,0.407395988702774,0.427031010389328,130656000
2011-03-25,0.431302011013031,0.4385420083999634,0.4283849895000458,0.4301559925079345,148300800
2011-03-28,0.4359900057315826,0.4360420107841491,0.4223439991474151,0.4228650033473968,88838400
2011-03-29,0.4203130006790161,0.4351040124893188,0.41593798995018,0.4350000023841858,67296000
2011-03-30,0.4416669905185699,0.4430730044841766,0.4357289969921112,0.4414060115814209,67545600
2011-03-31,0.4395830035209656,0.4443750083446502,0.4369789958000183,0.4432809948921203,56428800
2011-04-01,0.4496349990367889,0.4539580047130584,0.4401040077209472,0.4439580142498016,75552000
2011-04-04,0.4477599859237671,0.448853999376297,0.4338020086288452,0.4399479925632477,62419200
2011-04-05,0.4366669952869415,0.4437499940395355,0.43333300948143,0.4349479973316192,53932800
2011-04-06,0.4453650116920471,0.4496879875659942,0.4313539862632751,0.4382289946079254,66393600
2011-04-07,0.4385420083999634,0.44650998711586,0.4291149973869324,0.4381250143051147,71942400
2011-04-08,0.4441669881343841,0.445728987455368,0.4250519871711731,0.43156298995018,50457600
2011-04-11,0.4365629851818084,0.439530998468399,0.4233849942684173,0.4276559948921203,56083200
2011-04-12,0.4216150045394897,0.4247919917106628,0.4138019979000091,0.4192189872264862,66566400
2011-04-13,0.4282810091972351,0.4327600002288818,0.4192709922790527,0.4292190074920654,70848000
2011-04-14,0.4202600121498108,0.4288539886474609,0.4151040017604828,0.4268749952316284,67872000
2011-04-15,0.421875,0.4296880066394806,0.4165630042552948,0.4241150021553039,149683200
2011-04-18,0.4118230044841766,0.4161460101604461,0.395000010728836,0.41593798995018,125760000
2011-04-19,0.4185419976711273,0.423438012599945,0.4123960137367248,0.423438012599945,107328000
2011-04-20,0.4457809925079345,0.4533329904079437,0.4442709982395172,0.4516150057315826,131155200
2011-04-21,0.4657289981842041,0.4658850133419037,0.4589059948921203,0.4630729854106903,64972800
2011-04-25,0.4647400081157684,0.4671880006790161,0.4615629911422729,0.466509997844696,45350400
2011-04-26,0.470313012599945,0.4791670143604278,0.4674479961395263,0.4745309948921203,44793600
2011-04-27,0.4765630066394806,0.4855729937553406,0.4706250131130218,0.484375,62668800
2011-04-28,0.4796350002288818,0.4838539958000183,0.4757809937000274,0.4836460053920746,66028800
2011-04-29,0.4798960089683532,0.4848439991474151,0.4778650104999542,0.4813019931316376,52416000
2011-05-02,0.4833849966526031,0.4864580035209656,0.4744270145893097,0.4786979854106903,53875200
2011-05-03,0.4771879911422729,0.4785420000553131,0.462552011013031,0.4715099930763244,52204800
2011-05-04,0.4714579880237579,0.4754689931869507,0.4576039910316467,0.46875,81945600
2011-05-05,0.4618749916553497,0.4780730009078979,0.456615000963211,0.4617190062999725,95750400
2011-05-06,0.4757809937000274,0.4832809865474701,0.4620310068130493,0.4657289981842041,76838400
2011-05-09,0.4679169952869415,0.4765099883079529,0.4629690051078796,0.470780998468399,41875200
2011-05-10,0.4754169881343841,0.4848960041999817,0.4728649854660034,0.4828650057315826,55353600
2011-05-11,0.4814060032367706,0.4859899878501892,0.4627079963684082,0.4724479913711548,64704000
2011-05-12,0.4675000011920929,0.4827600121498108,0.4599480032920837,0.4807809889316559,60288000
2011-05-13,0.4775519967079162,0.4797399938106537,0.4632810056209564,0.4637500047683716,74054400
2011-05-16,0.4576559960842132,0.4613020122051239,0.4365629851818084,0.4396350085735321,79718400
2011-05-17,0.4330210089683532,0.4434899985790252,0.4303649961948395,0.4432289898395538,89740800
2011-05-18,0.4416149854660034,0.456615000963211,0.4397920072078705,0.454010009765625,42566400
2011-05-19,0.4592710137367248,0.4609900116920471,0.4501039981842041,0.4579170048236847,52627200
2011-05-20,0.4563539922237396,0.4581249952316284,0.446146011352539,0.4478130042552948,43660800
2011-05-23,0.4294269979000091,0.4330730140209198,0.4220309853553772,0.4283849895000458,77433600
2011-05-24,0.4316670000553131,0.4316670000553131,0.4202080070972442,0.4203130006790161,67929600
2011-05-25,0.4182809889316559,0.43088498711586,0.4180209934711456,0.4250000119209289,53913600
2011-05-26,0.4208329916000366,0.4365099966526031,0.4208329916000366,0.4329690039157867,47136000
2011-05-27,0.4351040124893188,0.4407289922237396,0.4341669976711273,0.439426988363266,35059200
2011-05-31,0.4520829916000366,0.4605729877948761,0.4449479877948761,0.4605729877948761,55315200
2011-06-01,0.4575519859790802,0.4604690074920654,0.4298959970474243,0.4311459958553314,92352000
2011-06-02,0.4330730140209198,0.4377599954605102,0.4265100061893463,0.4336459934711456,46790400
2011-06-03,0.4184379875659942,0.4279690086841583,0.4124999940395355,0.4139580130577087,81388800
2011-06-06,0.4120309948921203,0.4172919988632202,0.4034900069236755,0.4039579927921295,53472000
2011-06-07,0.4070830047130584,0.4117709994316101,0.4008849859237671,0.4016149938106537,55852800
2011-06-08,0.398853987455368,0.4009380042552948,0.3895829916000366,0.392969012260437,93523200
2011-06-09,0.3931249976158142,0.40031298995018,0.3894790112972259,0.3946880102157593,44064000
2011-06-10,0.3893229961395263,0.3919790089130401,0.3759900033473968,0.376563012599945,55699200
2011-06-13,0.3781769871711731,0.3826040029525757,0.3730210065841675,0.3768230080604553,58982400
2011-06-14,0.3853130042552948,0.394115000963211,0.3852080106735229,0.3908329904079437,58521600
2011-06-15,0.3802599906921386,0.3870309889316559,0.3669269979000091,0.3694790005683899,89337600
2011-06-16,0.3696880042552948,0.3731769919395447,0.3552600145339966,0.3643229901790619,85171200
2011-06-17,0.3746350109577179,0.3760420083999634,0.3584379851818084,0.3616150021553039,89971200
2011-06-20,0.3580729961395263,0.3701040148735046,0.3580729961395263,0.3664059937000274,47212800
2011-06-21,0.3711459934711456,0.3915629982948303,0.3661980032920837,0.3908329904079437,74284800
2011-06-22,0.3856250047683716,0.3923960030078888,0.3817709982395172,0.3820309937000274,62208000
2011-06-23,0.3694790005683899,0.3931249976158142,0.3660419881343841,0.3926039934158325,115852800
2011-06-24,0.3867709934711456,0.3879689872264862,0.3701040148735046,0.3719269931316376,94041600
2011-06-27,0.3736979961395263,0.3951039910316467,0.3715629875659942,0.3899999856948852,74361600
2011-06-28,0.3928129971027374,0.4077079892158508,0.3913539946079254,0.4074999988079071,57676800
2011-06-29,0.4110940098762512,0.4145829975605011,0.4036459922790527,0.4126040041446686,68409600
2011-06-30,0.4169270098209381,0.4295310080051422,0.4161979854106903,0.4282810091972351,90432000
2011-07-01,0.4296880066394806,0.4497919976711273,0.4259899854660034,0.4481250047683716,76723200
2011-07-05,0.4496349990367889,0.4560419917106628,0.4467709958553314,0.4545829892158508,73286400
2011-07-06,0.4534380137920379,0.461353987455368,0.44895800948143,0.459426999092102,79833600
2011-07-07,0.4695309996604919,0.482030987739563,0.467864990234375,0.4780209958553314,107097600
2011-07-08,0.4658850133419037,0.4742189943790436,0.458281010389328,0.4740630090236664,146035200
2011-07-11,0.4595830142498016,0.4663020074367523,0.4436460137367248,0.4486460089683532,135417600
2011-07-12,0.4480209946632385,0.4509379863739013,0.4370830059051513,0.4377079904079437,100646400
2011-07-13,0.4474479854106903,0.4568749964237213,0.4389060139656067,0.4435420036315918,114796800
2011-07-14,0.4474479854106903,0.4531770050525665,0.4232290089130401,0.4282810091972351,123436800
2011-07-15,0.4430209994316101,0.4453130066394806,0.4338540136814117,0.4453130066394806,96403200
2011-07-18,0.438645988702774,0.4436460137367248,0.4255209863185882,0.4379689991474151,84691200
2011-07-19,0.4511460065841675,0.4695309996604919,0.4510419964790344,0.468854010105133,144864000
2011-07-20,0.4763019979000091,0.4765630066394806,0.4604170024394989,0.4622919857501983,107078400
2011-07-21,0.463697999715805,0.4791670143604278,0.4562500119209289,0.4716669917106628,131212800
2011-07-22,0.4712499976158142,0.4881770014762878,0.469895988702774,0.486301988363266,91468800
2011-07-25,0.4742709994316101,0.4911459982395172,0.4719269871711731,0.4834379851818084,80102400
2011-07-26,0.4818229973316192,0.4919790029525757,0.4795309901237488,0.4860939979553222,103353600
2011-07-27,0.4772399961948395,0.4781250059604645,0.4458329975605011,0.4492189884185791,144057600
2011-07-28,0.4500519931316376,0.4684379994869232,0.4447399973869324,0.4516150057315826,123398400
2011-07-29,0.4405210018157959,0.4611459970474243,0.4342190027236938,0.4472399950027466,149740800
2011-08-01,0.4634380042552948,0.4658330082893371,0.4250000119209289,0.4411979913711548,197337600
2011-08-02,0.4344789981842041,0.4404169917106628,0.4059900045394897,0.4077079892158508,177004800
2011-08-03,0.4087499976158142,0.4203650057315826,0.387813001871109,0.4182809889316559,175584000
2011-08-04,0.4010420143604278,0.4030210077762604,0.3612500131130218,0.3613539934158325,292108800
2011-08-05,0.3733330070972442,0.3779689967632293,0.3238019943237304,0.3533850014209747,317836800
2011-08-08,0.3222399950027466,0.3397400081157684,0.2906250059604645,0.2913019955158233,385459200
2011-08-09,0.3028129935264587,0.3322399854660034,0.2791149914264679,0.3311980068683624,425856000
2011-08-10,0.3090099990367889,0.3234379887580871,0.2904169857501983,0.2921350002288818,323577600
2011-08-11,0.30349001288414,0.3396350145339966,0.2997919917106628,0.3296349942684173,286348800
2011-08-12,0.33713498711586,0.3440099954605102,0.3253650069236755,0.3380210101604461,250291200
2011-08-15,0.3422400057315826,0.3527080118656158,0.337552011013031,0.3526040017604828,151488000
2011-08-16,0.3430210053920746,0.3527080118656158,0.3301039934158325,0.3435420095920563,150643200
2011-08-17,0.3456250131130218,0.3538540005683899,0.3274999856948852,0.3379690051078796,212236800
2011-08-18,0.3104169964790344,0.3105210065841675,0.2796350121498108,0.2889580130577087,328723200
2011-08-19,0.2791149914264679,0.3001039922237396,0.2718749940395355,0.2727600038051605,287328000
2011-08-22,0.2919270098209381,0.2925519943237304,0.2729690074920654,0.2752079963684082,216460800
2011-08-23,0.2810940146446228,0.3094789981842041,0.2778649926185608,0.3092710077762604,286137600
2011-08-24,0.3076559901237488,0.3183329999446869,0.2993749976158142,0.3165630102157593,197164800
2011-08-25,0.3158850073814392,0.3203650116920471,0.298020988702774,0.3013539910316467,152582400
2011-08-26,0.2986460030078888,0.3268229961395263,0.2894270122051239,0.3231250047683716,222412800
2011-08-29,0.3333329856395721,0.3518230020999908,0.3333329856395721,0.3506250083446502,226464000
2011-08-30,0.3468750119209289,0.3640100061893463,0.3411459922790527,0.3577600121498108,228940800
2011-08-31,0.3643749952316284,0.3728649914264679,0.3504689931869507,0.3598439991474151,256454400
2011-09-01,0.3621880114078522,0.3705730140209198,0.3476560115814209,0.3496879935264587,197836800
2011-09-02,0.3300000131130218,0.3351559937000274,0.3196350038051605,0.3252080082893371,154137600
2011-09-06,0.3022400140762329,0.3266150057315826,0.3000000119209289,0.3251560032367706,170054400
2011-09-07,0.3392710089683532,0.3499999940395355,0.3365100026130676,0.3497399985790252,160089600
2011-09-08,0.3441669940948486,0.3595829904079437,0.341823011636734,0.344895988702774,199046400
2011-09-09,0.3385420143604278,0.3422400057315826,0.3157289922237396,0.32218798995018,207648000
2011-09-12,0.3115629851818084,0.3350000083446502,0.3108850121498108,0.3342710137367248,239712000
2011-09-13,0.3381249904632568,0.3497920036315918,0.3334380090236664,0.347240000963211,280243200
2011-09-14,0.3532809913158417,0.3744789958000183,0.3425000011920929,0.3622399866580963,233625600
2011-09-15,0.3747920095920563,0.3804689943790436,0.3634380102157593,0.3786979913711548,235372800
2011-09-16,0.3816669881343841,0.3902080059051513,0.3790630102157593,0.3885940015316009,246220800
2011-09-19,0.3748440146446228,0.3955729901790619,0.3650000095367431,0.3895829916000366,247449600
2011-09-20,0.3952080011367798,0.4046350121498108,0.38161501288414,0.3840630054473877,239155200
2011-09-21,0.3900519907474518,0.3959380090236664,0.3642190098762512,0.364531010389328,234451200
2011-09-22,0.3368229866027832,0.3459900021553039,0.3130210041999817,0.3290629982948303,335462400
2011-09-23,0.3206770122051239,0.3434900045394897,0.3199999928474426,0.3393230140209198,261504000
2011-09-26,0.3445830047130584,0.3527080118656158,0.3218750059604645,0.350832998752594,246988800
2011-09-27,0.3692710101604461,0.3781250119209289,0.3546879887580871,0.3615629971027374,259027200
2011-09-28,0.3666670024394989,0.3737500011920929,0.3434900045394897,0.3445309996604919,269184000
2011-09-29,0.3619270026683807,0.3628129959106445,0.316457986831665,0.334322988986969,336556800
2011-09-30,0.3210940062999725,0.3284380137920379,0.3072920143604278,0.30833300948143,287462400
2011-10-03,0.2995829880237579,0.3141669929027557,0.2837499976158142,0.2841669917106628,410649600
2011-10-04,0.27531298995018,0.3032810091972351,0.2669270038604736,0.3014580011367798,689280000
2011-10-05,0.2993749976158142,0.327344000339508,0.2924480140209198,0.3243750035762787,520569600
2011-10-06,0.32395800948143,0.341042011976242,0.3192189931869507,0.341042011976242,456460800
2011-10-07,0.3400520086288452,0.3450520038604736,0.3276039958000183,0.3340100049972534,288364800
2011-10-10,0.3510420024394989,0.3682810068130493,0.3495829999446869,0.3682810068130493,216960000
2011-10-11,0.3657290041446686,0.3787499964237213,0.3639580011367798,0.376145988702774,200947200
2011-10-12,0.3873440027236938,0.3945310115814209,0.3809379935264587,0.3821879923343658,258950400
2011-10-13,0.3798959851264953,0.3939059972763061,0.3785940110683441,0.3924480080604553,187161600
2011-10-14,0.4073440134525299,0.4140630066394806,0.4006249904632568,0.4140630066394806,191481600
2011-10-17,0.408176988363266,0.4120309948921203,0.3883329927921295,0.394896000623703,1094342400
2011-10-18,0.3934899866580963,0.4158850014209747,0.3821350038051605,0.4092189967632293,285792000
2011-10-19,0.4039579927921295,0.4066149890422821,0.3820309937000274,0.3856250047683716,242246400
2011-10-20,0.3847399950027466,0.3866670131683349,0.3638019859790802,0.3807289898395538,203174400
2011-10-21,0.3922399878501892,0.4016669988632202,0.3839060068130493,0.3942709863185882,188428800
2011-10-24,0.3989059925079345,0.4220829904079437,0.3976039886474609,0.4189060032367706,197356800
2011-10-25,0.4144270122051239,0.4152080118656158,0.3916150033473968,0.3951559960842132,200755200
2011-10-26,0.4010420143604278,0.403438001871109,0.3711459934711456,0.3935939967632293,383692800
2011-10-27,0.4210419952869415,0.4322920143604278,0.4087499976158142,0.4253129959106445,330528000
2011-10-28,0.4174999892711639,0.4283849895000458,0.4174999892711639,0.4267190098762512,127161600
2011-10-31,0.4153130054473877,0.4204170107841491,0.4047400057315826,0.4055730104446411,157977600
2011-11-01,0.3763020038604736,0.3848960101604461,0.3675520122051239,0.3741669952869415,392870400
2011-11-02,0.3849479854106903,0.3880729973316192,0.3728649914264679,0.3833850026130676,243648000
2011-11-03,0.3927600085735321,0.408594012260437,0.3791669905185699,0.4067189991474151,285561600
2011-11-04,0.4007290005683899,0.4057810008525848,0.3885940015316009,0.4004170000553131,158323200
2011-11-07,0.4004690051078796,0.4101040065288543,0.3880209922790527,0.4093230068683624,223084800
2011-11-08,0.4180209934711456,0.4254170060157776,0.4042190015316009,0.4229690134525299,205900800
2011-11-09,0.3983849883079529,0.4004690051078796,0.376145988702774,0.3792189955711365,222144000
2011-11-10,0.3903129994869232,0.3911460041999817,0.3671880066394806,0.3776560127735138,177945600
2011-11-11,0.388384997844696,0.4027599990367889,0.3866150081157684,0.398853987455368,171532800
2011-11-14,0.3965100049972534,0.4029169976711273,0.3875519931316376,0.3920829892158508,113126400
2011-11-15,0.3891150057315826,0.4096879959106445,0.387499988079071,0.4046880006790161,220108800
2011-11-16,0.396041989326477,0.4052599966526031,0.3828130066394806,0.3847399950027466,242092800
2011-11-17,0.3819789886474609,0.3822920024394989,0.3510420024394989,0.3582809865474701,445920000
2011-11-18,0.3582290112972259,0.359375,0.3478130102157593,0.3496879935264587,236198400
2011-11-21,0.3361459970474243,0.3368229866027832,0.31911501288414,0.3293749988079071,272352000
2011-11-22,0.3265100121498108,0.3358849883079529,0.3212499916553497,0.3322399854660034,320659200
2011-11-23,0.325417011976242,0.3263539969921112,0.3098959922790527,0.310155987739563,310272000
2011-11-25,0.3067710101604461,0.3171350061893463,0.3031249940395355,0.3031249940395355,123552000
2011-11-28,0.325313001871109,0.3359380066394806,0.3251039981842041,0.334426999092102,262752000
2011-11-29,0.3333849906921386,0.3417190015316009,0.3258329927921295,0.3283849954605102,234432000
2011-11-30,0.3552600145339966,0.365676999092102,0.3522399961948395,0.3644270002841949,242457600
2011-12-01,0.3648439943790436,0.3751559853553772,0.3639059960842132,0.3722400069236755,183475200
2011-12-02,0.383228987455368,0.3834899961948395,0.3683330118656158,0.3686980009078979,129081600
2011-12-05,0.3864060044288635,0.3888539969921112,0.375,0.3807809948921203,189158400
2011-12-06,0.3826040029525757,0.3854170143604278,0.3744789958000183,0.3778649866580963,140025600
2011-12-07,0.375,0.3833329975605011,0.3634380102157593,0.3784379959106445,154080000
2011-12-08,0.37083300948143,0.379375010728836,0.3569270074367523,0.3591670095920563,259795200
2011-12-09,0.3623439967632293,0.3795309960842132,0.361405998468399,0.3761979937553406,196243200
2011-12-12,0.3645829856395721,0.3649480044841766,0.3541670143604278,0.3638539910316467,214579200
2011-12-13,0.3707810044288635,0.3751559853553772,0.3470309972763061,0.3515630066394806,231590400
2011-12-14,0.3473440110683441,0.3484379947185516,0.329270988702774,0.335207998752594,409939200
2011-12-15,0.3446879982948303,0.3447920083999634,0.3309380114078522,0.3326039910316467,306950400
2011-12-16,0.3380729854106903,0.3510420024394989,0.3358330130577087,0.336771011352539,280934400
2011-12-19,0.3413540124893188,0.3435420095920563,0.3248960077762604,0.3274480104446411,199296000
2011-12-20,0.342969000339508,0.3576039969921112,0.342969000339508,0.3565100133419037,267705600
2011-12-21,0.3504169881343841,0.3504169881343841,0.3291670083999634,0.3416669964790344,343718400
2011-12-22,0.3430210053920746,0.3505209982395172,0.3420830070972442,0.3499999940395355,200947200
2011-12-23,0.351978987455368,0.3591150045394897,0.349947988986969,0.3590629994869232,110918400
2011-12-27,0.3577080070972442,0.3656249940395355,0.356249988079071,0.3618229925632477,139776000
2011-12-28,0.360938012599945,0.3622399866580963,0.3467710018157959,0.3502080142498016,200294400
2011-12-29,0.3511979877948761,0.3578650057315826,0.3482289910316467,0.357030987739563,135436800
2011-12-30,0.3549480140209198,0.3595829904079437,0.3539060056209564,0.3541150093078613,115622400
2012-01-03,0.3740629851818084,0.3798959851264953,0.3717710077762604,0.3742710053920746,202732800
2012-01-04,0.3725000023841858,0.3805730044841766,0.3677079975605011,0.3787499964237213,119692800
2012-01-05,0.3768230080604553,0.3893229961395263,0.3723959922790527,0.3880729973316192,138796800
2012-01-06,0.3891150057315826,0.3949480056762695,0.3843230009078979,0.3920829892158508,207494400
2012-01-09,0.3953129947185516,0.3959380090236664,0.3848960101604461,0.3888019919395447,153945600
2012-01-10,0.4013540148735046,0.4044789969921112,0.3940629959106445,0.3967710137367248,157305600
2012-01-11,0.3967710137367248,0.40208300948143,0.3925000131130218,0.3995310068130493,137241600
2012-01-12,0.4027079939842224,0.4057289958000183,0.3935939967632293,0.4042710065841675,154329600
2012-01-13,0.3980210125446319,0.4001559913158417,0.3895309865474701,0.39963498711586,155155200
2012-01-17,0.4108330011367798,0.4157809913158417,0.40625,0.4103649854660034,129024000
2012-01-18,0.413332998752594,0.4270829856395721,0.4109899997711181,0.4266670048236847,213830400
2012-01-19,0.4327079951763153,0.4373440146446228,0.4307810068130493,0.4352079927921295,226790400
2012-01-20,0.4293749928474426,0.4336459934711456,0.4285939931869507,0.4332810044288635,80179200
2012-01-23,0.4331769943237304,0.4426040053367615,0.4260419905185699,0.433228999376297,137664000
2012-01-24,0.4277079999446869,0.4345310032367706,0.425365000963211,0.4308330118656158,95596800
2012-01-25,0.4444270133972168,0.4505209922790527,0.4345310032367706,0.4472920000553131,202521600
2012-01-26,0.4530209898948669,0.455469012260437,0.4363020062446594,0.4425520002841949,187084800
2012-01-27,0.4399999976158142,0.448853999376297,0.4392710030078888,0.446927011013031,168844800
2012-01-30,0.4355210065841675,0.4494790136814117,0.430417001247406,0.4476560056209564,168672000
2012-01-31,0.4540629982948303,0.4567190110683441,0.4408850073814392,0.4492189884185791,198201600
2012-02-01,0.4569270014762878,0.4652599990367889,0.4526039958000183,0.4602600038051605,175737600
2012-02-02,0.4647920131683349,0.4691669940948486,0.4592710137367248,0.4650000035762787,145190400
2012-02-03,0.4778650104999542,0.4851559996604919,0.47536501288414,0.483489990234375,155040000
2012-02-06,0.4780209958553314,0.4830729961395263,0.4746879935264587,0.4830209910869598,130828800
2012-02-07,0.4817709922790527,0.4884380102157593,0.4752080142498016,0.4851039946079254,130176000
2012-02-08,0.4858329892158508,0.4931769967079162,0.4805729985237121,0.4931769967079162,154886400
2012-02-09,0.4985420107841491,0.5057290196418762,0.4901559948921203,0.5041149854660034,152544000
2012-02-10,0.4934380054473877,0.4975000023841858,0.4882290065288543,0.4933330118656158,194803200
2012-02-13,0.5043749809265137,0.5089060068130493,0.4979690015316009,0.5066149830818176,159206400
2012-02-14,0.5037500262260437,0.5110419988632202,0.4986459910869598,0.5110419988632202,173875200
2012-02-15,0.5183849930763245,0.5267189741134644,0.4979690015316009,0.4996350109577179,383865600
2012-02-16,0.5011460185050964,0.5226039886474609,0.4970310032367706,0.5205209851264954,252268800
2012-02-17,0.5209900140762329,0.5222399830818176,0.5093749761581421,0.5160940289497375,161932800
2012-02-21,0.5180730223655701,0.5270829796791077,0.5106250047683716,0.5204690098762512,164371200
2012-02-22,0.5172920227050781,0.521822988986969,0.5110939741134644,0.5135939717292786,125376000
2012-02-23,0.5153650045394897,0.524948000907898,0.5078129768371582,0.5233330130577087,210144000
2012-02-24,0.5277079939842224,0.5315099954605103,0.5248960256576538,0.5284379720687866,134572800
2012-02-27,0.5193750262260437,0.5360419750213623,0.513280987739563,0.5309900045394897,184819200
2012-02-28,0.5320829749107361,0.546875,0.5304690003395081,0.546875,191980800
2012-02-29,0.5485420227050781,0.5536460280418396,0.5346879959106445,0.539687991142273,266092800
2012-03-01,0.545989990234375,0.5541149973869324,0.5411980152130127,0.5528129935264587,234643200
2012-03-02,0.5509380102157593,0.5566669702529907,0.5461459755897522,0.5511459708213806,166252800
2012-03-05,0.5505729913711548,0.552344024181366,0.5288540124893188,0.5339580178260803,244454400
2012-03-06,0.5189579725265503,0.5218750238418579,0.5101040005683899,0.5186460018157959,215558400
2012-03-07,0.525833010673523,0.5338540077209473,0.5235419869422913,0.5304170250892639,187238400
2012-03-08,0.5394269824028015,0.5520830154418945,0.5364580154418945,0.5472400188446045,124761600
2012-03-09,0.5504689812660217,0.5572400093078613,0.5491669774055481,0.5538539886474609,154944000
2012-03-12,0.553176999092102,0.5567190051078796,0.5467190146446228,0.5547400116920471,151507200
2012-03-13,0.5644789934158325,0.5860940217971802,0.5607810020446777,0.5859900116920471,191462400
2012-03-14,0.5877079963684082,0.5986980199813843,0.5814579725265503,0.5925520062446594,243052800
2012-03-15,0.5974479913711548,0.6007810235023499,0.5886980295181274,0.5970829725265503,196819200
2012-03-16,0.6000000238418579,0.6001039743423462,0.5918229818344116,0.5957810282707214,138297600
2012-03-19,0.5987499952316284,0.6127600073814392,0.5945309996604919,0.6087499856948853,191961600
2012-03-20,0.5994269847869873,0.6140099763870239,0.5944790244102478,0.6120830178260803,184396800
2012-03-21,0.6126559972763062,0.6221879720687866,0.6096349954605103,0.6118749976158142,156576000
2012-03-22,0.6009899973869324,0.61244797706604,0.6006249785423279,0.6081770062446594,213216000
2012-03-23,0.6105729937553406,0.6109899878501892,0.596875011920929,0.6073439717292786,157497600
2012-03-26,0.6186460256576538,0.6390630006790161,0.6179689764976501,0.6390630006790161,158553600
2012-03-27,0.639739990234375,0.6495829820632935,0.6394789814949036,0.641510009765625,179251200
2012-03-28,0.6427080035209656,0.650052011013031,0.6227080225944519,0.6340100169181824,190368000
2012-03-29,0.6250519752502441,0.6338019967079163,0.613385021686554,0.6274999976158142,172300800
2012-03-30,0.6354169845581055,0.6361460089683533,0.615676999092102,0.6231250166893005,126451200
2012-04-02,0.6214060187339783,0.6449999809265137,0.6182289719581604,0.6421350240707397,125452800
2012-04-03,0.6449480056762695,0.6508849859237671,0.631197988986969,0.6421880125999451,167500800
2012-04-04,0.6271349787712097,0.6285420060157776,0.6049479842185974,0.6159899830818176,205152000
2012-04-05,0.612604022026062,0.6288020014762878,0.6110420227050781,0.627240002155304,154656000
2012-04-09,0.6033849716186523,0.6206250190734863,0.6005730032920837,0.6128129959106445,143904000
2012-04-10,0.6116669774055481,0.6191669702529907,0.5776039958000183,0.5832290053367615,293433600
2012-04-11,0.5993750095367432,0.6033849716186523,0.5873439908027649,0.5916669964790344,168806400
2012-04-12,0.5951560139656067,0.6139580011367798,0.5929690003395081,0.6115099787712097,178291200
2012-04-13,0.605364978313446,0.6058850288391113,0.5833849906921387,0.5838540196418762,183321600
2012-04-16,0.5935940146446228,0.5939059853553772,0.559374988079071,0.5654690265655518,200486400
2012-04-17,0.5724999904632568,0.6042190194129944,0.5693749785423279,0.5988019704818726,189254400
2012-04-18,0.5934380292892456,0.6047400236129761,0.5889580249786377,0.5944269895553589,128294400
2012-04-19,0.5881770253181458,0.609375,0.567969024181366,0.5752080082893372,199200000
2012-04-20,0.583541989326477,0.5913540124893188,0.5670310258865356,0.5690100193023682,171033600
2012-04-23,0.5543749928474426,0.5565099716186523,0.5388020277023315,0.5546879768371582,140140800
2012-04-24,0.5511980056762695,0.5576559901237488,0.5380730032920837,0.5448960065841675,129696000
2012-04-25,0.5787500143051147,0.5892710089683533,0.5761460065841675,0.5881770253181458,152409600
2012-04-26,0.5873439908027649,0.6027600169181824,0.5859379768371582,0.5986980199813843,142483200
2012-04-27,0.6060420274734497,0.6152600049972534,0.5967190265655518,0.6089580059051514,104928000
2012-04-30,0.6035419702529907,0.6074479818344116,0.5950000286102295,0.5963019728660583,96172800
2012-05-01,0.5930209755897522,0.6192190051078796,0.5922399759292603,0.5996879935264587,104678400
2012-05-02,0.5899999737739563,0.6058329939842224,0.5866150259971619,0.6036459803581238,77184000
2012-05-03,0.6057289838790894,0.6069269776344299,0.5807290077209473,0.5848960280418396,100550400
2012-05-04,0.5689060091972351,0.5716149806976318,0.5416669845581055,0.5419790148735046,182169600
2012-05-07,0.5316669940948486,0.5506770014762878,0.5310940146446228,0.5427600145339966,211046400
2012-05-08,0.5323439836502075,0.5422919988632202,0.5106769800186157,0.5367709994316101,276480000
2012-05-09,0.5184900164604187,0.540573000907898,0.5115100145339966,0.5338019728660583,269529600
2012-05-10,0.5391150116920471,0.5395830273628235,0.5224999785423279,0.5283330082893372,406137600
2012-05-11,0.5219789743423462,0.5451040267944336,0.5217710137367249,0.5278130173683167,96172800
2012-05-14,0.5151039958000183,0.5257290005683899,0.5111460089683533,0.5132290124893188,164400000
2012-05-15,0.5190629959106445,0.5302079916000366,0.5058330297470093,0.5087500214576721,151276800
2012-05-16,0.5141670107841492,0.5183330178260803,0.4951040148735046,0.4977079927921295,148598400
2012-05-17,0.4985420107841491,0.5007290244102478,0.4668749868869781,0.4670830070972442,260640000
2012-05-18,0.4714579880237579,0.4745829999446869,0.44718798995018,0.4483329951763153,281923200
2012-05-21,0.4509379863739013,0.4871880114078522,0.4494790136814117,0.4860419929027557,206409600
2012-05-22,0.4896880090236664,0.4961459934711456,0.4735420048236847,0.4842709898948669,193238400
2012-05-23,0.4722920060157776,0.4907290041446686,0.4596880078315735,0.4869790077209472,161952000
2012-05-24,0.4895829856395721,0.4907290041446686,0.4666669964790344,0.4782289862632751,154800000
2012-05-25,0.4790630042552948,0.4813539981842041,0.4713540077209472,0.4755209982395172,62496000
2012-05-29,0.4890629947185516,0.5004169940948486,0.4807290136814117,0.4932290017604828,141360000
2012-05-30,0.48020800948143,0.4864580035209656,0.4721879959106445,0.481249988079071,124617600
2012-05-31,0.4795829951763153,0.4831250011920929,0.4640629887580871,0.4743750095367431,166080000
2012-06-01,0.4497919976711273,0.4579170048236847,0.4366669952869415,0.4370830059051513,224342400
2012-06-04,0.4409379959106445,0.44895800948143,0.4290629923343658,0.4464580118656158,228345600
2012-06-05,0.4423959851264953,0.4550000131130218,0.441771000623703,0.4526039958000183,196483200
2012-06-06,0.4631249904632568,0.4845829904079437,0.4614579975605011,0.4835419952869415,171724800
2012-06-07,0.4980210065841675,0.4985420107841491,0.4764580130577087,0.4781250059604645,171408000
2012-06-08,0.4751040041446686,0.4935419857501983,0.4706250131130218,0.4921880066394806,126384000
2012-06-11,0.5023959875106812,0.5037500262260437,0.465938001871109,0.4686459898948669,181795200
2012-06-12,0.4724999964237213,0.4842709898948669,0.4640629887580871,0.4834379851818084,134995200
2012-06-13,0.4796879887580871,0.4905210137367248,0.4686459898948669,0.4739579856395721,96998400
2012-06-14,0.4734379947185516,0.484375,0.465938001871109,0.4792709946632385,131414400
2012-06-15,0.4826039969921112,0.4986459910869598,0.4822919964790344,0.4969789981842041,168758400
2012-06-18,0.491457998752594,0.5142710208892822,0.4884380102157593,0.5097919702529907,176668800
2012-06-19,0.5183330178260803,0.5329170227050781,0.5176039934158325,0.5265629887580872,162518400
2012-06-20,0.5294790267944336,0.534479022026062,0.5157290101051331,0.5284379720687866,194428800
2012-06-21,0.5263540148735046,0.5284379720687866,0.4867709875106811,0.4888539910316467,155788800
2012-06-22,0.4928129911422729,0.5057290196418762,0.4894790053367615,0.5040630102157593,140044800
2012-06-25,0.4911459982395172,0.4916670024394989,0.470313012599945,0.474166989326477,134160000
2012-06-26,0.4789580106735229,0.4873960018157959,0.472707986831665,0.4833329916000366,136684800
2012-06-27,0.4888539910316467,0.4985420107841491,0.4873960018157959,0.4921880066394806,116985600
2012-06-28,0.4808329939842224,0.4820829927921295,0.4604170024394989,0.4744789898395538,209184000
2012-06-29,0.503125011920929,0.5208330154418945,0.4984380006790161,0.5208330154418945,246595200
2012-07-02,0.5223960280418396,0.5260419845581055,0.5135419964790344,0.5249999761581421,125107200
2012-07-03,0.5259379744529724,0.538332998752594,0.5235419869422913,0.5375000238418579,92947200
2012-07-05,0.5370830297470093,0.5472919940948486,0.5283330082893372,0.5393750071525574,118560000
2012-07-06,0.5321879982948303,0.5331249833106995,0.5080209970474243,0.5181249976158142,145248000
2012-07-09,0.5174999833106995,0.5228130221366882,0.5088539719581604,0.5163540244102478,96124800
2012-07-10,0.5248960256576538,0.5286459922790527,0.4953129887580871,0.5005210041999817,172665600
2012-07-11,0.4995830059051513,0.5033329725265503,0.4806250035762787,0.4936459958553314,221088000
2012-07-12,0.481563001871109,0.4848960041999817,0.4657289981842041,0.4793750047683716,215356800
2012-07-13,0.4830209910869598,0.503957986831665,0.4820829927921295,0.5002080202102661,141120000
2012-07-16,0.4975000023841858,0.503853976726532,0.4906249940395355,0.4964579939842224,108739200
2012-07-17,0.5055209994316101,0.5091670155525208,0.4829170107841491,0.5040630102157593,173606400
2012-07-18,0.5009379982948303,0.5291669964790344,0.5008329749107361,0.5245829820632935,187440000
2012-07-19,0.5358330011367798,0.546875,0.5328130125999451,0.5416669845581055,216249600
2012-07-20,0.5420830249786377,0.5420830249786377,0.5197920203208923,0.5208330154418945,164726400
2012-07-23,0.4902079999446869,0.507082998752594,0.4787499904632568,0.5015630125999451,221788800
2012-07-24,0.5043749809265137,0.5063539743423462,0.4803130030632019,0.4901039898395538,252192000
2012-07-25,0.4788540005683899,0.4893749952316284,0.4710420072078705,0.4791670143604278,196675200
2012-07-26,0.5007290244102478,0.5072919726371765,0.4898959994316101,0.4979169964790344,231024000
2012-07-27,0.5095829963684082,0.5367709994316101,0.5052080154418945,0.5356249809265137,271305600
2012-07-30,0.5384380221366882,0.5452079772949219,0.5276039838790894,0.5323960185050964,183235200
2012-07-31,0.5356249809265137,0.5416669845581055,0.5310419797897339,0.5327079892158508,132748800
2012-08-01,0.543749988079071,0.5440629720687866,0.5218750238418579,0.5274999737739563,150921600
2012-08-02,0.5151039958000183,0.5378130078315735,0.5105209946632385,0.5219789743423462,165830400
2012-08-03,0.5475000143051147,0.5629169940948486,0.5417709946632385,0.5516669750213623,195081600
2012-08-06,0.5607290267944336,0.5715630054473877,0.557083010673523,0.5640630125999451,127612800
2012-08-07,0.5724999904632568,0.585207998752594,0.5691670179367065,0.5780209898948669,140601600
2012-08-08,0.5737500190734863,0.581354022026062,0.5711460113525391,0.5770829916000366,85929600
2012-08-09,0.5772920250892639,0.5848960280418396,0.574271023273468,0.581978976726532,77500800
2012-08-10,0.5771880149841309,0.5843750238418579,0.5721880197525024,0.5843750238418579,93350400
2012-08-13,0.5839580297470093,0.5879169702529907,0.5744789838790894,0.5879169702529907,71904000
2012-08-14,0.5945829749107361,0.5981249809265137,0.5838540196418762,0.5887500047683716,110160000
2012-08-15,0.5872920155525208,0.5956249833106995,0.5868750214576721,0.5929170250892639,71654400
2012-08-16,0.6001039743423462,0.6185420155525208,0.597603976726532,0.6141669750213623,139017600
2012-08-17,0.6182289719581604,0.6226040124893188,0.6142709851264954,0.6226040124893188,113606400
2012-08-20,0.6214579939842224,0.6254169940948486,0.6139580011367798,0.625,91910400
2012-08-21,0.6310420036315918,0.6378129720687866,0.6104170083999634,0.617812991142273,218227200
2012-08-22,0.6131250262260437,0.6290630102157593,0.6085420250892639,0.6244789958000183,113750400
2012-08-23,0.6175000071525574,0.6227080225944519,0.6052079796791077,0.6106250286102295,109641600
2012-08-24,0.605417013168335,0.6258329749107361,0.6028130054473877,0.6214579939842224,104236800
2012-08-27,0.6295830011367798,0.6317710280418396,0.6202080249786377,0.6244789958000183,75379200
2012-08-28,0.6225000023841858,0.6293749809265137,0.616457998752594,0.6243749856948853,87657600
2012-08-29,0.6251040101051331,0.6291670203208923,0.6165630221366882,0.6245830059051514,73737600
2012-08-30,0.6162499785423279,0.6168749928474426,0.6025000214576721,0.605521023273468,124272000
2012-08-31,0.6187499761581421,0.6252080202102661,0.5992709994316101,0.6184380054473877,168816000
2012-09-04,0.614687979221344,0.6223959922790527,0.5973960161209106,0.6158329844474792,149625600
2012-09-05,0.6144790053367615,0.6225000023841858,0.6086459755897522,0.6130210161209106,100828800
2012-09-06,0.6248959898948669,0.6547920107841492,0.6245830059051514,0.6535419821739197,154656000
2012-09-07,0.6502079963684082,0.6548960208892822,0.6461459994316101,0.6507290005683899,109670400
2012-09-10,0.6467710137367249,0.6505209803581238,0.6253129839897156,0.6267709732055664,150604800
2012-09-11,0.6264579892158508,0.6339579820632935,0.6206250190734863,0.6240630149841309,140352000
2012-09-12,0.6301040053367615,0.6340630054473877,0.6176040172576904,0.6294789910316467,153888000
2012-09-13,0.6311460137367249,0.6628130078315735,0.6285420060157776,0.6545829772949219,233616000
2012-09-14,0.6625000238418579,0.6791669726371765,0.6610419750213623,0.6713539958000183,286377600
2012-09-17,0.6735420227050781,0.6735420227050781,0.6656249761581421,0.6726040244102478,152323200
2012-09-18,0.6675000190734863,0.6753129959106445,0.6675000190734863,0.6738539934158325,100742400
2012-09-19,0.6745830178260803,0.6834380030632019,0.6685420274734497,0.6783329844474792,137520000
2012-09-20,0.6684380173683167,0.6780210137367249,0.6632289886474609,0.6767709851264954,144921600
2012-09-21,0.6866670250892639,0.6880210041999817,0.675000011920929,0.6767709851264954,145056000
2012-09-24,0.6597920060157776,0.6683329939842224,0.6557289958000183,0.6642709970474243,139872000
2012-09-25,0.6703130006790161,0.6744790077209473,0.6359379887580872,0.6376039981842041,153148800
2012-09-26,0.6339579820632935,0.6353129744529724,0.6116669774055481,0.6208329796791077,244800000
2012-09-27,0.6255210041999817,0.6512500047683716,0.6227080225944519,0.6471880078315735,183244800
2012-09-28,0.6402080059051514,0.6463540196418762,0.6291670203208923,0.6316670179367065,157977600
2012-10-01,0.640625,0.6517710089683533,0.6220830082893372,0.628957986831665,156499200
2012-10-02,0.636667013168335,0.6420829892158508,0.6189579963684082,0.6330209970474243,165043200
2012-10-03,0.6387500166893005,0.6486459970474243,0.6310420036315918,0.6449999809265137,159820800
2012-10-04,0.6494789719581604,0.6576039791107178,0.6426039934158325,0.6524999737739563,152342400
2012-10-05,0.6620830297470093,0.6645830273628235,0.6368749737739563,0.6412500143051147,116534400
2012-10-08,0.6307290196418762,0.6344789862632751,0.6196879744529724,0.6242709755897522,104841600
2012-10-09,0.6186460256576538,0.6192709803581238,0.5899999737739563,0.5921880006790161,182188800
2012-10-10,0.5941669940948486,0.5987499952316284,0.5822920203208923,0.5849999785423279,155808000
2012-10-11,0.599166989326477,0.5994790196418762,0.5787500143051147,0.5797920227050781,142396800
2012-10-12,0.5804169774055481,0.5888540148735046,0.5758330225944519,0.5796880125999451,109180800
2012-10-15,0.5857290029525757,0.5938540101051331,0.5752080082893372,0.5912500023841858,116332800
2012-10-16,0.5944790244102478,0.6187499761581421,0.5938540101051331,0.6169790029525757,142742400
2012-10-17,0.6072919964790344,0.6213539838790894,0.6047919988632202,0.6151040196418762,133401600
2012-10-18,0.6096879839897156,0.6155210137367249,0.5874999761581421,0.5940629839897156,173520000
2012-10-19,0.5920829772949219,0.5930209755897522,0.5494790077209473,0.5511459708213806,285312000
2012-10-22,0.550000011920929,0.5642709732055664,0.5470830202102661,0.5597919821739197,211132800
2012-10-23,0.5466669797897339,0.5583329796791077,0.5388540029525757,0.5432289838790894,282038400
2012-10-24,0.5532289743423462,0.5559380054473877,0.5358330011367798,0.5378130078315735,207052800
2012-10-25,0.5495830178260803,0.5518749952316284,0.5332289934158325,0.5378130078315735,233625600
2012-10-26,0.5385419726371765,0.5493749976158142,0.5256249904632568,0.5434380173683167,192192000
2012-10-31,0.5411459803581238,0.5435420274734497,0.5270829796791077,0.5329170227050781,148204800
2012-11-01,0.5426040291786194,0.558646023273468,0.5384380221366882,0.5555210113525391,183724800
2012-11-02,0.5630210041999817,0.5638539791107178,0.535207986831665,0.535207986831665,183427200
2012-11-05,0.5382289886474609,0.5512499809265137,0.534375011920929,0.5483329892158508,150355200
2012-11-06,0.550728976726532,0.5623959898948669,0.5450000166893005,0.5516669750213623,182582400
2012-11-07,0.5339580178260803,0.5354170203208923,0.505312979221344,0.5120829939842224,383731200
2012-11-08,0.515625,0.5198959708213806,0.4881249964237213,0.4881249964237213,310473600
2012-11-09,0.4888539910316467,0.5098959803581238,0.4879170060157776,0.4934380054473877,436598400
2012-11-12,0.5028129816055298,0.5042709708213806,0.4896880090236664,0.4941670000553131,164419200
2012-11-13,0.4826039969921112,0.4976040124893188,0.4789580106735229,0.4834379851818084,345734400
2012-11-14,0.4903129935264587,0.4920830130577087,0.4641669988632202,0.4661459922790527,294950400
2012-11-15,0.4671880006790161,0.4721879959106445,0.4565629959106445,0.4619790017604828,310396800
2012-11-16,0.4625000059604645,0.4714579880237579,0.4456250071525574,0.4671880006790161,372614400
2012-11-19,0.4828130006790161,0.5020830035209656,0.4824999868869781,0.5008329749107361,345580800
2012-11-20,0.5007290244102478,0.5034379959106445,0.4869790077209472,0.5009379982948303,218467200
2012-11-21,0.5022919774055481,0.5066670179367065,0.4967710077762604,0.5044789910316467,160761600
2012-11-23,0.5136460065841675,0.5276039838790894,0.5122920274734497,0.5276039838790894,129321600
2012-11-26,0.5239580273628235,0.5348960161209106,0.518750011920929,0.534375011920929,196944000
2012-11-27,0.5333330035209656,0.5395830273628235,0.5262500047683716,0.5283330082893372,359788800
2012-11-28,0.521041989326477,0.5435420274734497,0.5113540291786194,0.5425000190734863,281001600
2012-11-29,0.5510420203208923,0.5577080249786377,0.5440629720687866,0.5518749952316284,249177600
2012-11-30,0.5520830154418945,0.5535420179367065,0.5444790124893188,0.5498960018157959,228470400
2012-12-03,0.5623959898948669,0.5636460185050964,0.5455210208892822,0.5471879839897156,336825600
2012-12-04,0.5473960041999817,0.5484380125999451,0.534375011920929,0.543645977973938,336748800
2012-12-05,0.542917013168335,0.543021023273468,0.5181249976158142,0.5268750190734863,436617600
2012-12-06,0.5220829844474792,0.5412499904632568,0.5177080035209656,0.536562979221344,306249600
2012-12-07,0.5454170107841492,0.5467709898948669,0.5221880078315735,0.527396023273468,240748800
2012-12-10,0.5234379768371582,0.5402079820632935,0.5231249928474426,0.5320829749107361,210441600
2012-12-11,0.5440629720687866,0.5618749856948853,0.5418750047683716,0.5526040196418762,344976000
2012-12-12,0.5612499713897705,0.5614579916000366,0.5447919964790344,0.5488539934158325,301238400
2012-12-13,0.5462499856948853,0.5576040148735046,0.5292710065841675,0.5364580154418945,338515200
2012-12-14,0.5262500047683716,0.5305209755897522,0.515625,0.5212500095367432,274128000
2012-12-17,0.5220829844474792,0.5420830249786377,0.5202080011367798,0.5415629744529724,193219200
2012-12-18,0.5498960018157959,0.5690630078315735,0.5455210208892822,0.5666670203208923,456326400
2012-12-19,0.5712500214576721,0.5718749761581421,0.5581250190734863,0.558542013168335,361286400
2012-12-20,0.5620830059051514,0.5629169940948486,0.550728976726532,0.5589579939842224,291580800
2012-12-21,0.5332289934158325,0.5434380173683167,0.5260419845581055,0.5415629744529724,336624000
2012-12-24,0.5387499928474426,0.539687991142273,0.534479022026062,0.5369790196418762,52425600
2012-12-26,0.5386459827423096,0.5407289862632751,0.5189579725265503,0.5242710113525391,158563200
2012-12-27,0.5251039862632751,0.527292013168335,0.5019789934158325,0.5213540196418762,308150400
2012-12-28,0.5106250047683716,0.5218750238418579,0.5062500238418579,0.5062500238418579,164284800
2012-12-31,0.503853976726532,0.5418750047683716,0.5016670227050781,0.5392709970474243,423052800
2013-01-02,0.578125,0.5904170274734497,0.5720829963684082,0.5895829796791077,354720000
2013-01-03,0.5894790291786194,0.5934380292892456,0.5753129720687866,0.5810419917106628,310732800
2013-01-04,0.5814579725265503,0.5814579725265503,0.571042001247406,0.5753129720687866,152208000
2013-01-07,0.5703129768371582,0.578125,0.5652080178260803,0.5759379863739014,182822400
2013-01-08,0.5752080082893372,0.5795829892158508,0.5631250143051147,0.5726040005683899,175036800
2013-01-09,0.5744789838790894,0.5830209851264954,0.5732290148735046,0.5784379839897156,153993600
2013-01-10,0.589896023273468,0.5916669964790344,0.5729169845581055,0.5886459946632385,235555200
2013-01-11,0.5880209803581238,0.5919790267944336,0.5846880078315735,0.5908330082893372,106060800
2013-01-14,0.5814579725265503,0.5881249904632568,0.5758330225944519,0.5832290053367615,147369600
2013-01-15,0.5752080082893372,0.5771880149841309,0.5670830011367798,0.5745829939842224,216844800
2013-01-16,0.5779169797897339,0.5874999761581421,0.574271023273468,0.5810419917106628,152217600
2013-01-17,0.5888540148735046,0.5966669917106628,0.5858330130577087,0.5899999737739563,230620800
2013-01-18,0.5842710137367249,0.5877079963684082,0.5780209898948669,0.586667001247406,206044800
2013-01-22,0.5882290005683899,0.589792013168335,0.5771880149841309,0.5890629887580872,252566400
2013-01-23,0.5985419750213623,0.6046879887580872,0.5960419774055481,0.5986459851264954,225081600
2013-01-24,0.5752080082893372,0.5912500023841858,0.5721880197525024,0.5747920274734497,246124800
2013-01-25,0.5807290077209473,0.5885419845581055,0.5770829916000366,0.5833330154418945,170409600
2013-01-28,0.5840629935264587,0.5933330059051514,0.5816670060157776,0.5874999761581421,249590400
2013-01-29,0.5851039886474609,0.5914580225944519,0.5735419988632202,0.5874999761581421,213888000
2013-01-30,0.5913540124893188,0.5958330035209656,0.5798959732055664,0.5842710137367249,159158400
2013-01-31,0.5833330154418945,0.5923960208892822,0.5784379839897156,0.5805209875106812,203433600
2013-02-01,0.5922920107841492,0.6035419702529907,0.585207998752594,0.5995830297470093,286070400
2013-02-04,0.5894790291786194,0.5951039791107178,0.5687500238418579,0.5690630078315735,274224000
2013-02-05,0.5761460065841675,0.5993750095367432,0.5726040005683899,0.5940629839897156,280089600
2013-02-06,0.5880209803581238,0.5963540077209473,0.5832290053367615,0.5885419845581055,250972800
2013-02-07,0.5903130173683167,0.5919790267944336,0.5707290172576904,0.5899999737739563,218572800
2013-02-08,0.5994790196418762,0.6117709875106812,0.5981249809265137,0.6079170107841492,203913600
2013-02-11,0.6092709898948669,0.6100000143051147,0.6026039719581604,0.6077079772949219,111062400
2013-02-12,0.6066669821739197,0.6097919940948486,0.5993750095367432,0.6006249785423279,129542400
2013-02-13,0.6060420274734497,0.6141669750213623,0.6018750071525574,0.6076040267944336,186806400
2013-02-14,0.5992709994316101,0.6095830202102661,0.5980209708213806,0.6063539981842041,137001600
2013-02-15,0.6071879863739014,0.6111459732055664,0.5964580178260803,0.6011459827423096,118598400
2013-02-19,0.605417013168335,0.6148959994316101,0.6044790148735046,0.6142709851264954,127296000
2013-02-20,0.6141669750213623,0.6145830154418945,0.5862500071525574,0.5862500071525574,163958400
2013-02-21,0.5798959732055664,0.581250011920929,0.5609380006790161,0.567188024520874,265286400
2013-02-22,0.5769789814949036,0.5842710137367249,0.5708330273628235,0.5838540196418762,132364800
2013-02-25,0.5957289934158325,0.6015629768371582,0.5611460208892822,0.5620830059051514,240604800
2013-02-26,0.5655210018157959,0.5721880197525024,0.5537499785423279,0.5688539743423462,168460800
2013-02-27,0.569582998752594,0.5967710018157959,0.5668749809265137,0.5861459970474243,171072000
2013-02-28,0.5861459970474243,0.5992709994316101,0.583541989326477,0.5839580297470093,163516800
2013-03-01,0.5767710208892822,0.5927079916000366,0.5681250095367432,0.5899999737739563,123216000
2013-03-04,0.5841670036315918,0.5979170203208923,0.581978976726532,0.597603976726532,150969600
2013-03-05,0.6091669797897339,0.6265630125999451,0.6085420250892639,0.6238539814949036,228086400
2013-03-06,0.6302080154418945,0.6307290196418762,0.6172919869422913,0.6198959946632385,207619200
2013-03-07,0.6216670274734497,0.6274999976158142,0.6184380054473877,0.6253129839897156,110284800
2013-03-08,0.6310420036315918,0.633542001247406,0.6194790005683899,0.6260420083999634,169718400
2013-03-11,0.6248959898948669,0.6327080130577087,0.6187499761581421,0.6324999928474426,123878400
2013-03-12,0.6268749833106995,0.6309379935264587,0.616457998752594,0.6247919797897339,178108800
2013-03-13,0.6270830035209656,0.6301040053367615,0.616457998752594,0.6228129863739014,160838400
2013-03-14,0.6294789910316467,0.6330209970474243,0.625,0.6291670203208923,154339200
2013-03-15,0.6302080154418945,0.6316670179367065,0.6190630197525024,0.6232290267944336,159888000
2013-03-18,0.6069790124893188,0.6269789934158325,0.6026039719581604,0.6189579963684082,214742400
2013-03-19,0.6248959898948669,0.6286460161209106,0.5994790196418762,0.616457998752594,287500800
2013-03-20,0.6290630102157593,0.6328129768371582,0.6204169988632202,0.628229022026062,153484800
2013-03-21,0.612500011920929,0.616457998752594,0.6033329963684082,0.6081249713897705,214742400
2013-03-22,0.6150000095367432,0.6264579892158508,0.6131250262260437,0.6248959898948669,142761600
2013-03-25,0.6310420036315918,0.6349999904632568,0.6094790101051331,0.6185420155525208,228931200
2013-03-26,0.6258329749107361,0.628853976726532,0.6213539838790894,0.6280210018157959,123830400
2013-03-27,0.6161460280418396,0.6321880221366882,0.6130210161209106,0.6313539743423462,191798400
2013-03-28,0.6309379935264587,0.637499988079071,0.6265630125999451,0.6349999904632568,266697600
2013-04-01,0.6369789838790894,0.6385419964790344,0.6175000071525574,0.6227080225944519,249628800
2013-04-02,0.6309379935264587,0.6431249976158142,0.6298959851264954,0.636771023273468,337776000
2013-04-03,0.6381250023841858,0.640625,0.6151040196418762,0.6198959946632385,177206400
2013-04-04,0.6192709803581238,0.6246880292892456,0.6102079749107361,0.6202080249786377,189936000
2013-04-05,0.5909379720687866,0.6073960065841675,0.586562991142273,0.6050000190734863,338284800
2013-04-08,0.605521023273468,0.614687979221344,0.6001039743423462,0.6142709851264954,223603200
2013-04-09,0.6193749904632568,0.6339579820632935,0.6106250286102295,0.6263539791107178,332620800
2013-04-10,0.6329169869422913,0.6658329963684082,0.6321880221366882,0.6630210280418396,182448000
2013-04-11,0.6585419774055481,0.6669790148735046,0.65625,0.6618750095367432,167558400
2013-04-12,0.6576039791107178,0.6623960137367249,0.645937979221344,0.6611459851264954,218592000
2013-04-15,0.6529170274734497,0.6567710041999817,0.6197919845581055,0.6209380030632019,203846400
2013-04-16,0.6332290172576904,0.6485419869422913,0.6287500262260437,0.6468750238418579,193718400
2013-04-17,0.6294789910316467,0.6298959851264954,0.597603976726532,0.6090630292892456,315619200
2013-04-18,0.6141669750213623,0.6141669750213623,0.5756250023841858,0.5827080011367798,253670400
2013-04-19,0.5873960256576538,0.6110420227050781,0.5840629935264587,0.6068750023841858,183014400
2013-04-22,0.6135420203208923,0.6322919726371765,0.6069790124893188,0.6255210041999817,161088000
2013-04-23,0.6369789838790894,0.6503130197525024,0.6268749833106995,0.6439579725265503,272966400
2013-04-24,0.6389579772949219,0.6497920155525208,0.6346880197525024,0.6423959732055664,224179200
2013-04-25,0.6486459970474243,0.6604170203208923,0.6474999785423279,0.6528130173683167,192508800
2013-04-26,0.6487500071525574,0.6527079939842224,0.6388540267944336,0.6472920179367065,91881600
2013-04-29,0.6528130173683167,0.6721879839897156,0.6528130173683167,0.6644790172576904,137097600
2013-04-30,0.6675000190734863,0.6796879768371582,0.6598960161209106,0.6790630221366882,123897600
2013-05-01,0.6790630221366882,0.6829169988632202,0.6658329963684082,0.6704170107841492,128688000
2013-05-02,0.6730210185050964,0.6993749737739563,0.6714580059051514,0.6946880221366882,97516800
2013-05-03,0.7152079939842224,0.7259380221366882,0.7140629887580872,0.7189580202102661,133996800
2013-05-06,0.7231249809265137,0.7313539981842041,0.7215629816055298,0.7282289862632751,97008000
2013-05-07,0.7316669821739197,0.7332289814949036,0.7189580202102661,0.7264580130577087,104275200
2013-05-08,0.7246879935264587,0.7389580011367798,0.7222920060157776,0.7378129959106445,85305600
2013-05-09,0.7323960065841675,0.7489579916000366,0.7298960089683533,0.7352079749107361,110918400
2013-05-10,0.7384380102157593,0.7484380006790161,0.7351040244102478,0.7477080225944519,127027200
2013-05-13,0.7440630197525024,0.7556250095367432,0.7416669726371765,0.7506250143051147,133286400
2013-05-14,0.7505210041999817,0.7686460018157959,0.7503129839897156,0.761667013168335,133920000
2013-05-15,0.7582290172576904,0.7686460018157959,0.7519789934158325,0.7672920227050781,131366400
2013-05-16,0.768854022026062,0.7798960208892822,0.7627080082893372,0.7644789814949036,155404800
2013-05-17,0.7754169702529907,0.7868750095367432,0.7684379816055298,0.7860419750213623,150000000
2013-05-20,0.7798960208892822,0.7901039719581604,0.7731249928474426,0.7825000286102295,151363200
2013-05-21,0.7819790244102478,0.7935420274734497,0.7732290029525757,0.7854170203208923,160915200
2013-05-22,0.7879170179367065,0.8064579963684082,0.7523959875106812,0.7662500143051147,316982400
2013-05-23,0.7442709803581238,0.7662500143051147,0.7395830154418945,0.7579169869422913,145737600
2013-05-24,0.7437499761581421,0.7580209970474243,0.737500011920929,0.7574999928474426,67747200
2013-05-28,0.7839580178260803,0.7927079796791077,0.765625,0.7731249928474426,161817600
2013-05-29,0.7635419964790344,0.7697920203208923,0.7484380006790161,0.7614579796791077,159638400
2013-05-30,0.761667013168335,0.7839580178260803,0.761667013168335,0.7738540172576904,86121600
2013-05-31,0.7642710208892822,0.7821879982948303,0.7502080202102661,0.7517709732055664,123331200
2013-06-03,0.7534379959106445,0.7565630078315735,0.7270830273628235,0.7561460137367249,222633600
2013-06-04,0.7604169845581055,0.7697920203208923,0.7352079749107361,0.7447919845581055,138556800
2013-06-05,0.7369790077209473,0.7454169988632202,0.7137500047683716,0.7162500023841858,190560000
2013-06-06,0.7182289958000183,0.7256249785423279,0.6979169845581055,0.7250000238418579,190944000
2013-06-07,0.7355210185050964,0.7576040029525757,0.7291669845581055,0.755312979221344,233088000
2013-06-10,0.7601040005683899,0.7664579749107361,0.7515630125999451,0.7556250095367432,135331200
2013-06-11,0.7332289814949036,0.753853976726532,0.7261459827423096,0.7337499856948853,222105600
2013-06-12,0.7471879720687866,0.7472919821739197,0.7048959732055664,0.7083330154418945,223488000
2013-06-13,0.7052080035209656,0.7392709851264954,0.6994789838790894,0.7337499856948853,151699200
2013-06-14,0.7347919940948486,0.7372919917106628,0.7170829772949219,0.7208330035209656,124339200
2013-06-17,0.737500011920929,0.7536460161209106,0.7298960089683533,0.7408329844474792,158851200
2013-06-18,0.7441669702529907,0.7636460065841675,0.7438539862632751,0.7583330273628235,101404800
2013-06-19,0.7594789862632751,0.7621880173683167,0.7314580082893372,0.7344790101051331,175708800
2013-06-20,0.7086459994316101,0.7161459922790527,0.6745830178260803,0.680312991142273,241257600
2013-06-21,0.6808329820632935,0.6867709755897522,0.6538540124893188,0.6707289814949036,236985600
2013-06-24,0.6544790267944336,0.6661459803581238,0.6339579820632935,0.6499999761581421,221136000
2013-06-25,0.6691669821739197,0.6727079749107361,0.6534379720687866,0.6638540029525757,132422400
2013-06-26,0.6816669702529907,0.6860420107841492,0.6747919917106628,0.6819790005683899,119865600
2013-06-27,0.6926040053367615,0.7037500143051147,0.6895830035209656,0.6895830035209656,113683200
2013-06-28,0.6841670274734497,0.7061460018157959,0.6797919869422913,0.691457986831665,156076800
2013-07-01,0.7082290053367615,0.723438024520874,0.7044789791107178,0.706250011920929,103891200
2013-07-02,0.7058330178260803,0.7202079892158508,0.6962500214576721,0.7065629959106445,124377600
2013-07-03,0.6997920274734497,0.7257289886474609,0.6980209946632385,0.7161459922790527,53769600
2013-07-05,0.7279170155525208,0.7328130006790161,0.7110419869422913,0.7319790124893188,114441600
2013-07-08,0.7435420155525208,0.7443749904632568,0.7265629768371582,0.734375,88281600
2013-07-09,0.7444790005683899,0.7524999976158142,0.7346879839897156,0.7478129863739014,84316800
2013-07-10,0.7451040148735046,0.7639579772949219,0.7451040148735046,0.7604169845581055,100867200
2013-07-11,0.7846879959106445,0.8078129887580872,0.7835419774055481,0.8078129887580872,153024000
2013-07-12,0.8080210089683533,0.8180209994316101,0.8013539910316467,0.8162500262260437,83510400
2013-07-15,0.8188539743423462,0.8235419988632202,0.8121880292892456,0.8226040005683899,91622400
2013-07-16,0.8240630030632019,0.8260419964790344,0.8127080202102661,0.8193749785423279,85219200
2013-07-17,0.8263540267944336,0.8305209875106812,0.8182290196418762,0.8252080082893372,79104000
2013-07-18,0.8247920274734497,0.8308330178260803,0.8151040077209473,0.8191670179367065,101136000
2013-07-19,0.7979170083999634,0.7982289791107178,0.7861459851264954,0.7942709922790527,108595200
2013-07-22,0.8027080297470093,0.8057289719581604,0.793021023273468,0.800000011920929,85852800
2013-07-23,0.8046879768371582,0.8046879768371582,0.7809380292892456,0.7821879982948303,86428800
2013-07-24,0.805417001247406,0.8063539862632751,0.7847920060157776,0.7895830273628235,105744000
2013-07-25,0.8012499809265137,0.8076040148735046,0.7887499928474426,0.8038539886474609,81110400
2013-07-26,0.7952079772949219,0.817812979221344,0.7916669845581055,0.817188024520874,77654400
2013-07-29,0.8130210041999817,0.8231250047683716,0.8064579963684082,0.8134379982948303,72345600
2013-07-30,0.8223959803581238,0.8362500071525574,0.8170830011367798,0.8255209922790527,120960000
2013-07-31,0.8307290077209473,0.8444790244102478,0.8258330225944519,0.8307290077209473,110179200
2013-08-01,0.847603976726532,0.859375,0.8448960185050964,0.8560420274734497,77596800
2013-08-02,0.8566669821739197,0.8706250190734863,0.8506249785423279,0.8703129887580872,97104000
2013-08-05,0.8672919869422913,0.8738539814949036,0.8639580011367798,0.8721879720687866,79440000
2013-08-06,0.8683329820632935,0.8708329796791077,0.8458330035209656,0.8566669821739197,93820800
2013-08-07,0.8486459851264954,0.8560420274734497,0.8330209851264954,0.8517709970474243,120585600
2013-08-08,0.8659380078315735,0.8698959946632385,0.8475000262260437,0.8631250262260437,130598400
2013-08-09,0.8605210185050964,0.8688539862632751,0.8463540077209473,0.8538540005683899,98534400
2013-08-12,0.8436459898948669,0.8639580011367798,0.8435419797897339,0.8591669797897339,68822400
2013-08-13,0.8627079725265503,0.8797919750213623,0.8444790244102478,0.8734380006790161,154483200
2013-08-14,0.8729169964790344,0.8766670227050781,0.8604170083999634,0.8637499809265137,94368000
2013-08-15,0.8353130221366882,0.8355209827423096,0.8132290244102478,0.8204169869422913,132883200
2013-08-16,0.8206250071525574,0.8314579725265503,0.8147919774055481,0.8174999952316284,70176000
2013-08-19,0.8204169869422913,0.839792013168335,0.8141670227050781,0.8142709732055664,90115200
2013-08-20,0.8198959827423096,0.836667001247406,0.8172919750213623,0.8254169821739197,88752000
2013-08-21,0.8182290196418762,0.8386459946632385,0.8082290291786194,0.817188024520874,159686400
2013-08-22,0.8267710208892822,0.8422920107841492,0.8260419964790344,0.840520977973938,71260800
2013-08-23,0.8590630292892456,0.8606250286102295,0.8493750095367432,0.8582289814949036,76512000
2013-08-26,0.859375,0.878125011920929,0.8535419702529907,0.8589580059051514,74918400
2013-08-27,0.8286460041999817,0.8407289981842041,0.8005210161209106,0.8048959970474243,200131200
2013-08-28,0.8043749928474426,0.8256250023841858,0.8034380078315735,0.8153129816055298,102038400
2013-08-29,0.8149999976158142,0.8445829749107361,0.8115630149841309,0.8321880102157593,129465600
2013-08-30,0.8345829844474792,0.8351039886474609,0.8078129887580872,0.8166670203208923,121996800
2013-09-03,0.8364580273628235,0.847603976726532,0.8196880221366882,0.8301039934158325,85699200
2013-09-04,0.8380209803581238,0.8605210185050964,0.8317710161209106,0.8571879863739014,83078400
2013-09-05,0.8584380149841309,0.8682289719581604,0.8573960065841675,0.8609380125999451,48451200
2013-09-06,0.8693749904632568,0.8774999976158142,0.8351039886474609,0.864063024520874,122121600
2013-09-09,0.8742709755897522,0.8986459970474243,0.8742709755897522,0.894478976726532,94281600
2013-09-10,0.910207986831665,0.9112499952316284,0.8980209827423096,0.9080209732055664,151929600
2013-09-11,0.8901039958000183,0.9038540124893188,0.8860419988632202,0.9034379720687866,106118400
2013-09-12,0.903020977973938,0.9088540077209472,0.8951039910316467,0.8993750214576721,66921600
2013-09-13,0.9037500023841858,0.9053130149841307,0.8878129720687866,0.902292013168335,80860800
2013-09-16,0.9244790077209472,0.9247919917106628,0.8887500166893005,0.8946880102157593,132374400
2013-09-17,0.8997920155525208,0.9158329963684082,0.8997920155525208,0.9126039743423462,66940800
2013-09-18,0.916458010673523,0.9507290124893188,0.9111459851264954,0.9461460113525392,127507200
2013-09-19,0.9536460041999816,0.9588540196418762,0.9473959803581238,0.9519789814949036,71404800
2013-09-20,0.9592710137367249,0.961667001247406,0.940521001815796,0.9415630102157592,108153600
2013-09-23,0.954792022705078,0.957082986831665,0.9229170083999634,0.9362499713897704,134889600
2013-09-24,0.9427080154418944,0.9513540267944336,0.9270830154418944,0.9364579916000366,82003200
2013-09-25,0.9378129839897156,0.942188024520874,0.9211459755897522,0.9276040196418762,108662400
2013-09-26,0.9385420083999634,0.9546880125999452,0.9368749856948853,0.9488540291786194,89020800
2013-09-27,0.9331250190734864,0.9495829939842224,0.9278129935264589,0.944374978542328,73200000
2013-09-30,0.9154170155525208,0.9447919726371764,0.9061459898948668,0.9384379982948304,123292800
2013-10-01,0.9380210041999816,0.9678130149841307,0.9370830059051514,0.9665629863739014,87888000
2013-10-02,0.945937991142273,0.9691669940948486,0.9440630078315736,0.964792013168335,86313600
2013-10-03,0.9613540172576904,0.9672920107841492,0.9159380197525024,0.931249976158142,161577600
2013-10-04,0.9307289719581604,0.9590629935264589,0.9291669726371764,0.9552080035209656,92112000
2013-10-07,0.9309380054473876,0.9535419940948486,0.9292709827423096,0.9315630197525024,99340800
2013-10-08,0.931249976158142,0.933542013168335,0.8767709732055664,0.878853976726532,234777600
2013-10-09,0.8836460113525391,0.8848959803581238,0.8478130102157593,0.8691669702529907,218448000
2013-10-10,0.8969789743423462,0.9301040172576904,0.8964580297470093,0.9243749976158142,144720000
2013-10-11,0.9173960089683532,0.9479169845581056,0.9169790148735046,0.9452080130577089,130147200
2013-10-14,0.9284380078315736,0.965624988079071,0.9260420203208924,0.964792013168335,140956800
2013-10-15,0.9629169702529908,0.9776039719581604,0.9510419964790344,0.9544789791107178,162076800
2013-10-16,0.9672920107841492,0.9885420203208924,0.965728998184204,0.9870830178260804,129302400
2013-10-17,0.9730209708213806,1.00489604473114,0.9713540077209472,1.003021001815796,166368000
2013-10-18,1.0309380292892456,1.0537500381469729,1.0228129625320437,1.0526039600372314,135110400
2013-10-21,1.0586459636688232,1.06739604473114,1.0495829582214355,1.0586459636688232,99369600
2013-10-22,1.0703129768371582,1.0814579725265503,1.0442709922790527,1.062291979789734,157660800
2013-10-23,1.048542022705078,1.0544790029525757,1.029582977294922,1.045207977294922,161184000
2013-10-24,1.0459380149841309,1.065000057220459,1.0418750047683716,1.0582289695739746,108547200
2013-10-25,1.0885419845581057,1.0953129529953003,1.0659379959106443,1.0793750286102295,140467200
2013-10-28,1.0809379816055298,1.0863540172576904,1.06739604473114,1.0815629959106443,83251200
2013-10-29,1.0919790267944336,1.0952080488204956,1.0729169845581057,1.086771011352539,84105600
2013-10-30,1.0985419750213623,1.1033329963684082,1.0688539743423462,1.0833330154418943,198662400
2013-10-31,1.0760420560836792,1.096250057220459,1.0645829439163208,1.0763540267944336,141782400
2013-11-01,1.0857290029525757,1.0906250476837158,1.0612499713897705,1.0758329629898071,163132800
2013-11-04,1.087499976158142,1.087499976158142,1.070207953453064,1.0810420513153076,91641600
2013-11-05,1.0688539743423462,1.0927079916000366,1.0598959922790527,1.0856250524520874,132124800
2013-11-06,1.0982290506362915,1.0995830297470093,1.0739580392837524,1.0837500095367432,163910400
2013-11-07,1.084375023841858,1.089063048362732,1.02052104473114,1.0236459970474243,232934400
2013-11-08,1.0343749523162842,1.0651040077209473,1.0257289409637451,1.0640629529953003,118080000
2013-11-11,1.0573960542678833,1.0681250095367432,1.0487500429153442,1.0589580535888672,63494400
2013-11-12,1.0496879816055298,1.0688539743423462,1.0479170083999634,1.064167022705078,108777600
2013-11-13,1.0439579486846924,1.1026040315628052,1.0432289838790894,1.1022919416427612,126470400
2013-11-14,1.0934380292892456,1.1152080297470093,1.0873960256576538,1.1108330488204956,118819200
2013-11-15,1.1145830154418943,1.119583010673523,1.1058330535888672,1.118541955947876,89203200
2013-11-18,1.1179169416427612,1.1253130435943604,1.0805209875106812,1.08760404586792,143846400
2013-11-19,1.0846879482269287,1.100000023841858,1.071874976158142,1.0768749713897705,102192000
2013-11-20,1.0862499475479126,1.0978130102157593,1.0598959922790527,1.0693750381469729,125865600
2013-11-21,1.0819790363311768,1.10447895526886,1.0800000429153442,1.1020829677581787,86592000
2013-11-22,1.1079169511795044,1.1205209493637085,1.1048959493637085,1.1194789409637451,87014400
2013-11-25,1.1306250095367432,1.135208010673523,1.1191669702529907,1.1268750429153442,92582400
2013-11-26,1.128957986831665,1.1534379720687866,1.1208330392837524,1.14552104473114,106713600
2013-11-27,1.1521879434585571,1.1698960065841677,1.149271011352539,1.168437957763672,137894400
2013-11-29,1.1825000047683716,1.1945830583572388,1.179582953453064,1.1876039505004885,91622400
2013-12-02,1.1943750381469729,1.1994789838790894,1.1745829582214355,1.1802079677581787,165936000
2013-12-03,1.1769789457321167,1.1860419511795044,1.1631250381469729,1.17677104473114,134544000
2013-12-04,1.1619789600372314,1.191457986831665,1.1505210399627686,1.179792046546936,133996800
2013-12-05,1.1836459636688232,1.1865630149841309,1.1662499904632568,1.1761460304260254,126480000
2013-12-06,1.2044789791107178,1.2082289457321167,1.183750033378601,1.2004170417785645,142588800
2013-12-09,1.2145830392837524,1.2229169607162476,1.2090630531311035,1.214792013168335,112608000
2013-12-10,1.2086460590362549,1.219478964805603,1.2058329582214355,1.21260404586792,93004800
2013-12-11,1.2118749618530271,1.2176040410995483,1.1610419750213623,1.1672919988632202,148464000
2013-12-12,1.1677080392837524,1.175832986831665,1.1541670560836792,1.1578129529953003,107347200
2013-12-13,1.1731250286102295,1.174896001815796,1.1462500095367432,1.152292013168335,81206400
2013-12-16,1.1689579486846924,1.191249966621399,1.16697895526886,1.172083020210266,74966400
2013-12-17,1.172083020210266,1.179582953453064,1.1578129529953003,1.164687991142273,72960000
2013-12-18,1.1677080392837524,1.207813024520874,1.1171879768371582,1.2048959732055664,161596800
2013-12-19,1.19822895526886,1.1990629434585571,1.1787500381469729,1.1940629482269287,117177600
2013-12-20,1.2000000476837158,1.2385419607162476,1.1989580392837524,1.2300000190734863,113750400
2013-12-23,1.2605210542678833,1.2697919607162476,1.250208020210266,1.2697919607162476,112502400
2013-12-24,1.2698960304260254,1.2736459970474243,1.2637499570846558,1.2715630531311035,38006400
2013-12-26,1.2776039838790894,1.2868750095367432,1.2709380388259888,1.2839579582214355,55814400
2013-12-27,1.2883330583572388,1.290624976158142,1.269582986831665,1.2745829820632937,73939200
2013-12-30,1.2679170370101929,1.2734379768371582,1.2578129768371582,1.2679170370101929,53078400
2013-12-31,1.2753130197525024,1.2928129434585571,1.2739579677581787,1.2928129434585571,64176000
2014-01-02,1.27510404586792,1.2760419845581057,1.2514580488204956,1.262603998184204,98976000
2014-01-03,1.262395977973938,1.2659380435943604,1.234375,1.235103964805603,97545600
2014-01-06,1.2361459732055664,1.2400000095367432,1.2077080011367798,1.221979022026062,125923200
2014-01-07,1.2378129959106443,1.2604169845581057,1.2315629720687866,1.2536460161209106,92313600
2014-01-08,1.2555210590362549,1.2736459970474243,1.247499942779541,1.2630209922790527,93264000
2014-01-09,1.27635395526886,1.2777080535888672,1.2377079725265503,1.25,105561600
2014-01-10,1.260208010673523,1.2667709589004517,1.2320829629898071,1.2625000476837158,119942400
2014-01-13,1.2573959827423096,1.2704169750213623,1.192188024520874,1.206354022026062,173107200
2014-01-14,1.2190630435943604,1.2779170274734497,1.21875,1.2754169702529907,138076800
2014-01-15,1.2905210256576538,1.314167022705078,1.287500023841858,1.3052079677581787,120528000
2014-01-16,1.3034379482269287,1.3128130435943604,1.2969789505004885,1.3079169988632202,70512000
2014-01-17,1.2955210208892822,1.306249976158142,1.2755210399627686,1.2846879959106443,84460800
2014-01-21,1.3091670274734497,1.3156249523162842,1.281458020210266,1.313438057899475,88022400
2014-01-22,1.3236459493637085,1.3333330154418943,1.3125,1.325624942779541,78432000
2014-01-23,1.3118749856948853,1.3125,1.2833329439163208,1.3096879720687866,129052800
2014-01-24,1.2902079820632937,1.297083020210266,1.231874942779541,1.2320829629898071,141648000
2014-01-27,1.2335419654846191,1.2393749952316284,1.1708329916000366,1.1962499618530271,177729600
2014-01-28,1.1777080297470093,1.1989580392837524,1.1729170083999634,1.1958329677581787,109497600
2014-01-29,1.164167046546936,1.1902079582214355,1.1495829820632937,1.1581250429153442,136497600
2014-01-30,1.1997920274734497,1.232707977294922,1.1956249475479126,1.2191669940948486,116438400
2014-01-31,1.179582953453064,1.228124976158142,1.1762499809265137,1.2106250524520874,84532800
2014-02-03,1.2039580345153809,1.221250057220459,1.1181249618530271,1.130416989326477,183926400
2014-02-04,1.144374966621399,1.1652079820632937,1.134374976158142,1.152500033378601,90672000
2014-02-05,1.140625,1.1552079916000366,1.1041669845581057,1.1418750286102295,108513600
2014-02-06,1.1535420417785645,1.1906249523162842,1.1516669988632202,1.1856249570846558,73977600
2014-02-07,1.2064579725265503,1.2522920370101929,1.1962499618530271,1.2485419511795044,111456000
2014-02-10,1.2491669654846191,1.2731250524520874,1.2464580535888672,1.2714580297470093,83284800
2014-02-11,1.278749942779541,1.3222919702529907,1.2756249904632568,1.315000057220459,117504000
2014-02-12,1.3229169845581057,1.3312499523162842,1.310832977294922,1.3212499618530271,108451200
2014-02-13,1.292917013168335,1.3552080392837524,1.2925000190734863,1.3552080392837524,106507200
2014-02-14,1.3533329963684082,1.3691669702529907,1.3389580249786377,1.359166979789734,94876800
2014-02-18,1.3660420179367063,1.3877079486846924,1.3566670417785645,1.380416989326477,69292800
2014-02-19,1.3722920417785645,1.381458044052124,1.3429169654846191,1.350208044052124,136531200
2014-02-20,1.3533329963684082,1.3779170513153076,1.3370829820632937,1.3697919845581057,102643200
2014-02-21,1.382707953453064,1.388957977294922,1.3600000143051147,1.3627079725265503,83976000
2014-02-24,1.371042013168335,1.4049999713897705,1.3666670322418213,1.386667013168335,99422400
2014-02-25,1.392292022705078,1.4004169702529907,1.368541955947876,1.3816670179367063,92985600
2014-02-26,1.3937499523162842,1.4052079916000366,1.3616670370101929,1.3770829439163208,82929600
2014-02-27,1.3785419464111328,1.4085420370101929,1.3720829486846924,1.4041670560836792,87964800
2014-02-28,1.4043749570846558,1.4287500381469729,1.363124966621399,1.397083044052124,136718400
2014-03-03,1.359166979789734,1.3791669607162476,1.331874966621399,1.3664580583572388,158558400
2014-03-04,1.412708044052124,1.428333044052124,1.4095829725265503,1.4214580059051514,108993600
2014-03-05,1.428125023841858,1.4397920370101929,1.4187500476837158,1.4331250190734863,77064000
2014-03-06,1.4416669607162476,1.445417046546936,1.4131250381469729,1.4277080297470093,92803200
2014-03-07,1.4431250095367432,1.4460419416427612,1.3862500190734863,1.4072920083999634,132518400
2014-03-10,1.4049999713897705,1.4131250381469729,1.3837499618530271,1.410207986831665,75580800
2014-03-11,1.4214580059051514,1.4316669702529907,1.380416989326477,1.3927079439163208,119774400
2014-03-12,1.3743749856948853,1.4104169607162476,1.3583329916000366,1.4083329439163208,109612800
2014-03-13,1.4239579439163208,1.425624966621399,1.3295830488204956,1.3485419750213623,188414400
2014-03-14,1.3339580297470093,1.3527079820632937,1.3191670179367063,1.3208329677581787,107318400
2014-03-17,1.345417022705078,1.3758330345153809,1.343958020210266,1.3560420274734497,116942400
2014-03-18,1.3602080345153809,1.4089579582214355,1.359375,1.4047919511795044,113006400
2014-03-19,1.406041979789734,1.409999966621399,1.3541669845581057,1.3816670179367063,136444800
2014-03-20,1.368749976158142,1.4052079916000366,1.3600000143051147,1.3925000429153442,87638400
2014-03-21,1.415416955947876,1.4187500476837158,1.3352080583572388,1.3414579629898071,198307200
2014-03-24,1.3581249713897705,1.3606250286102295,1.271041989326477,1.3077080249786377,266145600
2014-03-25,1.3287500143051147,1.3527079820632937,1.287708044052124,1.3197920322418213,172516800
2014-03-26,1.3402080535888672,1.3481249809265137,1.2685420513153076,1.269582986831665,201331200
2014-03-27,1.2645829916000366,1.2808330059051514,1.226667046546936,1.2470829486846924,201993600
2014-03-28,1.259374976158142,1.2958329916000366,1.2447919845581057,1.2552080154418943,166440000
2014-03-31,1.283750057220459,1.3064579963684082,1.279582977294922,1.2802079916000366,162441600
2014-04-01,1.300832986831665,1.3512500524520874,1.299375057220459,1.3495830297470093,178041600
2014-04-02,1.3668750524520874,1.3702080249786377,1.341249942779541,1.3602080345153809,163224000
2014-04-03,1.3643749952316284,1.3700000047683716,1.3041670322418213,1.328125,159619200
2014-04-04,1.351667046546936,1.3574999570846558,1.210832953453064,1.222707986831665,371011200
2014-04-07,1.1983330249786377,1.2310420274734497,1.1610419750213623,1.1860419511795044,312662400
2014-04-08,1.1904170513153076,1.2233330011367798,1.177291989326477,1.2191669940948486,243240000
2014-04-09,1.2320829629898071,1.2833329439163208,1.222707986831665,1.2816669940948486,221961600
2014-04-10,1.2841670513153076,1.2843749523162842,1.152500033378601,1.1633330583572388,322276800
2014-04-11,1.131458044052124,1.175624966621399,1.1145830154418943,1.1227079629898071,211876800
2014-04-14,1.1504169702529907,1.165624976158142,1.1164580583572388,1.1479170322418213,281275200
2014-04-15,1.1591670513153076,1.1785420179367063,1.0870829820632937,1.1593749523162842,562051200
2014-04-16,1.189167022705078,1.2050000429153442,1.1608330011367798,1.2043750286102295,251414400
2014-04-17,1.1924999952316284,1.2235419750213623,1.1822919845581057,1.2050000429153442,176625600
2014-04-21,1.2145830392837524,1.2324999570846558,1.1972919702529907,1.2322920560836792,144249600
2014-04-22,1.2439579963684082,1.2708330154418943,1.2391669750213623,1.2625000476837158,150321600
2014-04-23,1.261667013168335,1.2627079486846924,1.226457953453064,1.228124976158142,131366400
2014-04-24,1.2897919416427612,1.2899999618530271,1.2237499952316284,1.2643749713897705,250776000
2014-04-25,1.2410420179367063,1.2454169988632202,1.1945830583572388,1.203333020210266,244747200
2014-04-28,1.2193750143051147,1.2410420179367063,1.1581250429153442,1.216249942779541,482083200
2014-04-29,1.2258330583572388,1.250208020210266,1.2081249952316284,1.2431249618530271,243633600
2014-04-30,1.2277079820632937,1.2570830583572388,1.2166670560836792,1.2541669607162476,184075200
2014-05-01,1.2597919702529907,1.2858330011367798,1.25,1.265416979789734,143750400
2014-05-02,1.2764580249786377,1.2843749523162842,1.2489579916000366,1.259166955947876,151905600
2014-05-05,1.2354170083999634,1.2779170274734497,1.2262500524520874,1.2770830392837524,115790400
2014-05-06,1.2714580297470093,1.273332953453064,1.226457953453064,1.2277079820632937,161644800
2014-05-07,1.2370829582214355,1.2389580011367798,1.1737500429153442,1.2166670560836792,261907200
2014-05-08,1.2045830488204956,1.2570830583572388,1.1958329677581787,1.212499976158142,219216000
2014-05-09,1.2112499475479126,1.2291669845581057,1.187291979789734,1.226667046546936,156475200
2014-05-12,1.2489579916000366,1.2881250381469729,1.2454169988632202,1.2864580154418943,127684800
2014-05-13,1.2910419702529907,1.3043750524520874,1.2820830345153809,1.289167046546936,117729600
2014-05-14,1.2785420417785645,1.292917013168335,1.2608330249786377,1.2699999809265137,98640000
2014-05-15,1.2685420513153076,1.2754169702529907,1.2158329486846924,1.240625023841858,201480000
2014-05-16,1.2433329820632937,1.2662500143051147,1.2191669940948486,1.2637499570846558,142910400
2014-05-19,1.252500057220459,1.2960419654846191,1.2464580535888672,1.2908329963684082,120528000
2014-05-20,1.289167046546936,1.3025000095367432,1.2604169845581057,1.2766669988632202,162331200
2014-05-21,1.2825000286102295,1.3143750429153442,1.2808330059051514,1.312708020210266,123619200
2014-05-22,1.316249966621399,1.3408329486846924,1.3110419511795044,1.3289580345153809,126480000
2014-05-23,1.334583044052124,1.359375,1.325624942779541,1.3587499856948853,95136000
2014-05-27,1.3777079582214355,1.410207986831665,1.3735419511795044,1.4097919464111328,118387200
2014-05-28,1.4085420370101929,1.4145829677581787,1.3933329582214355,1.3964580297470093,118435200
2014-05-29,1.4120830297470093,1.4247920513153076,1.4033329486846924,1.4247920513153076,87302400
2014-05-30,1.4247920513153076,1.4308329820632937,1.4016669988632202,1.423542022705078,113347200
2014-06-02,1.4291670322418213,1.4299999475479126,1.3925000429153442,1.4199999570846558,101270400
2014-06-03,1.4054169654846191,1.4245829582214355,1.4004169702529907,1.417917013168335,95102400
2014-06-04,1.4066669940948486,1.440000057220459,1.4002079963684082,1.4329169988632202,105355200
2014-06-05,1.4375,1.4777079820632937,1.4227080345153809,1.4702080488204956,176107200
2014-06-06,1.4874999523162842,1.4954169988632202,1.4772919416427612,1.4939579963684082,79219200
2014-06-09,1.4970829486846924,1.502500057220459,1.4793750047683716,1.4912500381469729,124171200
2014-06-10,1.486875057220459,1.5010420083999634,1.4822920560836792,1.499791979789734,72796800
2014-06-11,1.4829169511795044,1.5043749809265137,1.4797919988632202,1.497499942779541,96979200
2014-06-12,1.4885419607162476,1.4933329820632937,1.4416669607162476,1.4583330154418943,120974400
2014-06-13,1.4770829677581787,1.4810420274734497,1.451457977294922,1.4683330059051514,72019200
2014-06-16,1.4637500047683716,1.4864579439163208,1.452916979789734,1.4737499952316284,89956800
2014-06-17,1.4714579582214355,1.488124966621399,1.463333010673523,1.4758330583572388,95640000
2014-06-18,1.481874942779541,1.5070830583572388,1.4545830488204956,1.5027079582214355,114801600
2014-06-19,1.5081249475479126,1.5108330249786377,1.478124976158142,1.4968750476837158,105950400
2014-06-20,1.500208020210266,1.507917046546936,1.4916670322418213,1.5022920370101929,56592000
2014-06-23,1.5018750429153442,1.505416989326477,1.4912500381469729,1.503957986831665,69408000
2014-06-24,1.503957986831665,1.541458010673523,1.486875057220459,1.499791979789734,160248000
2014-06-25,1.4887499809265137,1.535207986831665,1.4885419607162476,1.5270830392837524,84523200
2014-06-26,1.53125,1.53125,1.4947919845581057,1.53125,87580800
2014-06-27,1.5252079963684082,1.550832986831665,1.5243749618530271,1.5464580059051514,73857600
2014-06-30,1.5491670370101929,1.5700000524520874,1.5454169511795044,1.5579169988632202,54451200
2014-07-01,1.5735419988632202,1.6218750476837158,1.5724999904632568,1.6102080345153809,66057600
2014-07-02,1.6122920513153076,1.624791979789734,1.6079169511795044,1.6164580583572388,81801600
2014-07-03,1.632707953453064,1.6475000381469729,1.6200000047683716,1.6475000381469729,64636800
2014-07-07,1.6414580345153809,1.648332953453064,1.6239579916000366,1.6316670179367063,87950400
2014-07-08,1.6239579916000366,1.6268750429153442,1.5539580583572388,1.5747920274734497,151752000
2014-07-09,1.5864579677581787,1.6135419607162476,1.5729169845581057,1.6104170083999634,136963200
2014-07-10,1.5483330488204956,1.6129169464111328,1.541458010673523,1.5952080488204956,123244800
2014-07-11,1.6045830249786377,1.6237499713897705,1.5910420417785645,1.6229170560836792,121689600
2014-07-14,1.6447919607162476,1.663957953453064,1.6372920274734497,1.6539579629898071,107059200
2014-07-15,1.6608330011367798,1.667917013168335,1.6006250381469729,1.636667013168335,148536000
2014-07-16,1.671666979789734,1.6764580011367798,1.6502079963684082,1.6552079916000366,106608000
2014-07-17,1.6412500143051147,1.6593749523162842,1.5735419988632202,1.5891669988632202,160924800
2014-07-18,1.6162500381469729,1.6668750047683716,1.6083329916000366,1.6643749475479126,116976000
2014-07-21,1.6527080535888672,1.6662499904632568,1.6356250047683716,1.6583329439163208,94900800
2014-07-22,1.6825000047683716,1.6974999904632568,1.6762499809265137,1.691249966621399,107457600
2014-07-23,1.7066669464111328,1.728124976158142,1.6987500190734863,1.7229169607162476,102460800
2014-07-24,1.7314579486846924,1.7372920513153076,1.709375023841858,1.7168749570846558,87460800
2014-07-25,1.6920830011367798,1.703333020210266,1.6697920560836792,1.6958329677581787,92856000
2014-07-28,1.7004170417785645,1.7104170322418213,1.658750057220459,1.6979169845581057,91963200
2014-07-29,1.708541989326477,1.7197920083999634,1.6847920417785645,1.6893750429153442,79252800
2014-07-30,1.7166670560836792,1.726457953453064,1.689167022705078,1.709583044052124,107611200
2014-07-31,1.6666669845581057,1.6745829582214355,1.597499966621399,1.605417013168335,138916800
2014-08-01,1.595417022705078,1.621250033378601,1.5552079677581787,1.5868749618530271,172324800
2014-08-04,1.597499966621399,1.638124942779541,1.5795830488204956,1.6193749904632568,144182400
2014-08-05,1.6010420322418213,1.6135419607162476,1.559999942779541,1.5814579725265503,167539200
2014-08-06,1.5520830154418943,1.6070829629898071,1.5481250286102295,1.5787500143051147,119299200
2014-08-07,1.599166989326477,1.609166979789734,1.546666979789734,1.5635420083999634,153604800
2014-08-08,1.571666955947876,1.6020829677581787,1.5504169464111328,1.5968749523162842,124464000
2014-08-11,1.6145830154418943,1.6402080059051514,1.6122920513153076,1.6258330345153809,74352000
2014-08-12,1.6202080249786377,1.6358330249786377,1.5983330011367798,1.6220829486846924,90931200
2014-08-13,1.6439579725265503,1.6760419607162476,1.640416979789734,1.6747920513153076,81278400
2014-08-14,1.6804169416427612,1.7012499570846558,1.6747920513153076,1.700624942779541,103089600
2014-08-15,1.7274999618530271,1.7370829582214355,1.6764580011367798,1.7237499952316284,155956800
2014-08-18,1.7504169940948486,1.7697919607162476,1.7447919845581057,1.765416979789734,79348800
2014-08-19,1.7777080535888672,1.7975000143051147,1.7745829820632937,1.7958329916000366,78628800
2014-08-20,1.7897919416427612,1.8052079677581787,1.7856249809265137,1.7958329916000366,70651200
2014-08-21,1.798542022705078,1.8072919845581048,1.788957953453064,1.806041955947876,67900800
2014-08-22,1.8066669702529907,1.8270829916000368,1.7956249713897705,1.8131250143051147,76814400
2014-08-25,1.840000033378601,1.8481249809265137,1.820000052452088,1.8333330154418943,67977600
2014-08-26,1.8408329486846924,1.8443750143051147,1.8260420560836792,1.8395830392837524,41716800
2014-08-27,1.8408329486846924,1.845625042915344,1.8274999856948853,1.839792013168335,36715200
2014-08-28,1.8214579820632928,1.83916699886322,1.814167022705078,1.832291960716248,64838400
2014-08-29,1.8460420370101929,1.8537499904632568,1.8254170417785645,1.8537499904632568,52272000
2014-09-02,1.8679169416427608,1.8706250190734863,1.846667051315308,1.8691669702529907,64300800
2014-09-03,1.882707953453064,1.8839579820632928,1.826249957084656,1.8370829820632928,82636800
2014-09-04,1.8493750095367432,1.8770829439163208,1.8172919750213623,1.831249952316284,82084800
2014-09-05,1.840000033378601,1.861250042915344,1.8110419511795044,1.859583020210266,83227200
2014-09-08,1.8591669797897337,1.882917046546936,1.8431249856948853,1.868957996368408,70872000
2014-09-09,1.868749976158142,1.890208005905152,1.8118749856948853,1.82354199886322,129393600
2014-09-10,1.830000042915344,1.8691669702529907,1.814167022705078,1.865833044052124,72417600
2014-09-11,1.8429169654846191,1.865417003631592,1.821666955947876,1.8643749952316284,119318400
2014-09-12,1.8583329916000368,1.859375,1.8168749809265137,1.8350000381469729,113740800
2014-09-15,1.840000033378601,1.8410420417785645,1.7643749713897705,1.7797919511795044,128486400
2014-09-16,1.7610419988632202,1.8370829820632928,1.7552080154418943,1.8279169797897337,126892800
2014-09-17,1.8260420560836792,1.860417008399964,1.8037500381469729,1.836874961853028,113553600
2014-09-18,1.852499961853028,1.8770829439163208,1.846667051315308,1.876458048820496,79512000
2014-09-19,1.9018750190734863,1.9018750190734863,1.8508330583572388,1.8722920417785645,110217600
2014-09-22,1.859583020210266,1.859583020210266,1.797083020210266,1.8214579820632928,108177600
2014-09-23,1.7987500429153442,1.8304170370101929,1.7941670417785645,1.805624961853028,100800000
2014-09-24,1.8097920417785645,1.865625023841858,1.793125033378601,1.8641669750213623,116582400
2014-09-25,1.844792008399964,1.8522919416427608,1.7441669702529907,1.7458330392837524,212798400
2014-09-26,1.7637499570846558,1.8104170560836792,1.7547919750213623,1.8016669750213623,148252800
2014-09-29,1.747499942779541,1.8089580535888672,1.744583010673523,1.7956249713897705,114537600
2014-09-30,1.8104170560836792,1.830000042915344,1.7770830392837524,1.802291989326477,154094400
2014-10-01,1.7881250381469729,1.7916669845581057,1.699167013168335,1.7160420417785645,213480000
2014-10-02,1.7141669988632202,1.7310420274734497,1.649999976158142,1.7152080535888672,217972800
2014-10-03,1.7450000047683716,1.7870830297470093,1.7274999618530271,1.7668750286102295,153676800
2014-10-06,1.7804169654846191,1.7949999570846558,1.7385419607162476,1.7547919750213623,147307200
2014-10-07,1.7293750047683716,1.7443749904632568,1.6791670322418213,1.6806249618530271,163651200
2014-10-08,1.6839580535888672,1.793125033378601,1.652500033378601,1.7777080535888672,213129600
2014-10-09,1.7708330154418943,1.7833329439163208,1.682083010673523,1.689167022705078,223022400
2014-10-10,1.6595829725265503,1.6893750429153442,1.562708020210266,1.562708020210266,296428800
2014-10-13,1.556249976158142,1.591249942779541,1.4866670370101929,1.4895830154418943,273302400
2014-10-14,1.5202080011367798,1.5477080345153809,1.477916955947876,1.492292046546936,370809600
2014-10-15,1.4229170083999634,1.4802080392837524,1.359375,1.4604170322418213,485097600
2014-10-16,1.3691669702529907,1.4714579582214355,1.3677079677581787,1.437708020210266,335961600
2014-10-17,1.4914580583572388,1.5318750143051147,1.4660420417785645,1.4939579963684082,264350400
2014-10-20,1.4885419607162476,1.5610419511795044,1.4816670417785645,1.5583330392837524,154464000
2014-10-21,1.6143749952316284,1.6802079677581787,1.6041669845581057,1.6802079677581787,211699200
2014-10-22,1.6960419416427612,1.7022919654846191,1.650833010673523,1.6541670560836792,187920000
2014-10-23,1.7041670083999634,1.7560420036315918,1.695207953453064,1.7297919988632202,169886400
2014-10-24,1.7370829582214355,1.7737499475479126,1.71875,1.769582986831665,170563200
2014-10-27,1.760208010673523,1.783750057220459,1.738332986831665,1.7762500047683716,138244800
2014-10-28,1.7979170083999634,1.855625033378601,1.7949999570846558,1.855625033378601,159686400
2014-10-29,1.8364579677581787,1.8506250381469729,1.7947920560836792,1.8333330154418943,179404800
2014-10-30,1.8089580535888672,1.8577079772949217,1.796875,1.844792008399964,161985600
2014-10-31,1.937708020210266,1.940417051315308,1.9027080535888672,1.9208329916000368,176371200
2014-11-03,1.930624961853028,1.9539580345153809,1.923333048820496,1.940624952316284,140961600
2014-11-04,1.9189579486846924,1.9341670274734497,1.87958300113678,1.919999957084656,138648000
2014-11-05,1.9554170370101929,1.9574999809265137,1.8995829820632928,1.9197920560836792,138744000
2014-11-06,1.916875004768372,1.9387500286102293,1.894374966621399,1.9362499713897705,97272000
2014-11-07,1.9479169845581048,1.950000047683716,1.902500033378601,1.931457996368408,110812800
2014-11-10,1.9341670274734497,1.9600000381469729,1.9191670417785645,1.951249957084656,103372800
2014-11-11,1.954167008399964,1.9700000286102293,1.9379169940948489,1.969792008399964,105619200
2014-11-12,1.946666955947876,1.986875057220459,1.946666955947876,1.980625033378601,96201600
2014-11-13,1.9914580583572388,2.0285420417785645,1.9787499904632568,2.006042003631592,182164800
2014-11-14,2.005000114440918,2.024583101272583,1.9850000143051147,2.024583101272583,114816000
2014-11-17,2.0102078914642334,2.024167060852051,1.978124976158142,2.005625009536743,141355200
2014-11-18,2.0118749141693115,2.059375047683716,2.011667013168335,2.0506250858306885,111820800
2014-11-19,2.0447919368743896,2.0447919368743896,1.9958330392837524,2.024583101272583,148809600
2014-11-20,1.9977079629898071,2.055624961853028,1.9927079677581787,2.0514578819274902,99556800
2014-11-21,2.105833053588867,2.110832929611206,2.043333053588867,2.0662500858306885,152947200
2014-11-24,2.0799999237060547,2.1137499809265137,2.074167013168335,2.112916946411133,126206400
2014-11-25,2.1204171180725098,2.1393749713897705,2.104374885559082,2.119791984558105,151536000
2014-11-26,2.126667022705078,2.165416955947876,2.119791984558105,2.1631250381469727,105633600
2014-11-28,2.180624961853028,2.206666946411133,2.17520809173584,2.1954169273376465,72571200
2014-12-01,2.17520809173584,2.185832977294922,2.0924999713897705,2.114375114440918,156187200
2014-12-02,2.1247920989990234,2.153125047683716,2.1097919940948486,2.137083053588867,129892800
2014-12-03,2.152292013168335,2.162292003631592,2.1139578819274902,2.156457901000977,131942400
2014-12-04,2.1468749046325684,2.175832986831665,2.123958110809326,2.150000095367432,154036800
2014-12-05,2.162708044052124,2.171041965484619,2.13729190826416,2.1514580249786377,113630400
2014-12-08,2.133749961853028,2.162292003631592,2.071249961853028,2.1050000190734863,169281600
2014-12-09,2.030208110809326,2.128541946411133,2.008749961853028,2.1254169940948486,170688000
2014-12-10,2.112916946411133,2.12833309173584,2.013124942779541,2.0225000381469727,134529600
2014-12-11,2.041666984558105,2.125,2.040208101272583,2.0541670322418213,136032000
2014-12-12,1.993957996368408,2.063750028610229,1.9856250286102293,1.986250042915344,153787200
2014-12-15,2.015832901000977,2.037916898727417,1.9068750143051147,1.9266669750213623,235948800
2014-12-16,1.8883329629898071,1.972707986831665,1.8302079439163208,1.831042051315308,212856000
2014-12-17,1.834583044052124,1.946666955947876,1.828125,1.929375052452088,182726400
2014-12-18,2.014167070388794,2.0708329677581787,1.9979170560836792,2.0708329677581787,186744000
2014-12-19,2.077083110809326,2.122499942779541,2.0625,2.093957901000977,154828800
2014-12-22,2.087291955947876,2.1145830154418945,2.0835421085357666,2.112916946411133,110457600
2014-12-23,2.1362500190734863,2.136457920074463,2.0824999809265137,2.092708110809326,115920000
2014-12-24,2.099375009536743,2.118957996368408,2.093333005905152,2.09708309173584,43982400
2014-12-26,2.112499952316284,2.1524999141693115,2.112292051315308,2.139583110809326,86088000
2014-12-29,2.133749961853028,2.1516671180725098,2.129167079925537,2.140000104904175,62328000
2014-12-30,2.118957996368408,2.134166955947876,2.086250066757202,2.0958330631256104,123859200
2014-12-31,2.104374885559082,2.1302080154418945,2.0210421085357666,2.030208110809326,117091200
2015-01-02,2.059375047683716,2.0860419273376465,1.982499957084656,2.0135419368743896,122227200
2015-01-05,1.984375,1.9916670322418213,1.90625,1.922917008399964,127017600
2015-01-06,1.929792046546936,1.9410419464111328,1.820207953453064,1.846667051315308,168643200
2015-01-07,1.8818750381469729,1.9299999475479128,1.8691669702529907,1.9177080392837524,137467200
2015-01-08,1.9670829772949217,2.0385420322418213,1.9604170322418213,2.027082920074463,144936000
2015-01-09,2.046041965484619,2.048332929611206,1.9522919654846191,1.986042022705078,181420800
2015-01-12,1.9993749856948853,2.0045828819274902,1.909167051315308,1.924999952316284,165254400
2015-01-13,1.979375004768372,2.041249990463257,1.8770829439163208,1.923333048820496,199708800
2015-01-14,1.862292051315308,1.919374942779541,1.8404170274734497,1.893749952316284,216148800
2015-01-15,1.915416955947876,1.926041960716248,1.810624957084656,1.818542003631592,196012800
2015-01-16,1.8095829486846924,1.8879170417785645,1.800624966621399,1.8833329677581787,141796800
2015-01-20,1.914999961853028,1.938958048820496,1.8508330583572388,1.924999952316284,141892800
2015-01-21,1.9075000286102293,1.9808330535888672,1.8883329629898071,1.954583048820496,133531200
2015-01-22,1.9791669845581048,2.0687499046325684,1.9266669750213623,2.063333034515381,162657600
2015-01-23,2.063333034515381,2.0956249237060547,2.0445830821990967,2.077083110809326,142358400
2015-01-26,2.0708329677581787,2.081249952316284,2.037916898727417,2.072499990463257,100804800
2015-01-27,1.9739580154418943,1.975208044052124,1.8883329629898071,1.9120830297470093,223987200
2015-01-28,1.9997919797897337,2.0062499046325684,1.877917051315308,1.879166960716248,188928000
2015-01-29,1.8727079629898071,1.942916989326477,1.825000047683716,1.933542013168335,176558400
2015-01-30,1.9268749952316284,1.971874952316284,1.880416989326477,1.8891669511795044,218222400
2015-02-02,1.899374961853028,1.941666960716248,1.812083005905152,1.9387500286102293,198844800
2015-02-03,1.955000042915344,1.9964580535888672,1.9204169511795044,1.9916670322418213,182332800
2015-02-04,1.9666670560836792,2.0266671180725098,1.954583048820496,1.9864579439163208,124632000
2015-02-05,2.000624895095825,2.041874885559082,1.988332986831665,2.0391669273376465,100324800
2015-02-06,2.047916889190674,2.061458110809326,1.97979199886322,2.0020830631256104,123528000
2015-02-09,1.978124976158142,2.009582996368408,1.9677079916000368,1.9800000190734863,95793600
2015-02-10,2.016458034515381,2.082292079925537,2.0054171085357666,2.07479190826416,119256000
2015-02-11,2.082292079925537,2.110832929611206,2.069582939147949,2.0981249809265137,121852800
2015-02-12,2.1358330249786377,2.1722919940948486,2.128541946411133,2.171458005905152,153100800
2015-02-13,2.188750028610229,2.2266669273376465,2.1770830154418945,2.226249933242798,120897600
2015-02-17,2.225832939147949,2.236042022705078,2.209791898727417,2.2322919368743896,82728000
2015-02-18,2.224792003631592,2.2445828914642334,2.214582920074463,2.241874933242798,70478400
2015-02-19,2.2364580631256104,2.2789580821990967,2.235416889190674,2.275624990463257,75590400
2015-02-20,2.2702078819274902,2.323957920074463,2.2487499713897705,2.3193750381469727,90772800
2015-02-23,2.3179171085357666,2.328749895095825,2.3014578819274902,2.3285419940948486,78974400
2015-02-24,2.31833291053772,2.340208053588867,2.2972919940948486,2.3333330154418945,104601600
2015-02-25,2.321042060852051,2.3485419750213623,2.299375057220459,2.3145830631256104,112550400
2015-02-26,2.321249961853028,2.352708101272583,2.3020830154418945,2.349792003631592,116337600
2015-02-27,2.34708309173584,2.351249933242798,2.307499885559082,2.3187499046325684,88790400
2015-03-02,2.331249952316284,2.383125066757202,2.3302080631256104,2.3812499046325684,89044800
2015-03-03,2.360416889190674,2.366874933242798,2.302917003631592,2.34708309173584,128390400
2015-03-04,2.32479190826416,2.3343749046325684,2.281874895095825,2.321042060852051,116640000
2015-03-05,2.338749885559082,2.353125095367432,2.3041670322418213,2.331249952316284,92347200
2015-03-06,2.324583053588867,2.337291955947876,2.235208034515381,2.251041889190674,149726400
2015-03-09,2.267082929611206,2.288749933242798,2.238542079925537,2.272707939147949,113270400
2015-03-10,2.222707986831665,2.2239580154418945,2.1458330154418945,2.1468749046325684,191966400
2015-03-11,2.152708053588867,2.162708044052124,2.106250047683716,2.1091670989990234,223152000
2015-03-12,2.103125095367432,2.157291889190674,2.099375009536743,2.149583101272583,122390400
2015-03-13,2.14395809173584,2.169374942779541,2.081666946411133,2.121875047683716,198115200
2015-03-16,2.1454169750213623,2.204166889190674,2.1383330821990967,2.203125,114960000
2015-03-17,2.18416690826416,2.2239580154418945,2.1697919368743896,2.21541690826416,97363200
2015-03-18,2.196458101272583,2.3087499141693115,2.1614580154418945,2.2791669368743896,167822400
2015-03-19,2.28708291053772,2.307291984558105,2.276041984558105,2.290208101272583,111384000
2015-03-20,2.344791889190674,2.3672919273376465,2.3327078819274902,2.337707996368408,104812800
2015-03-23,2.330416917800904,2.3489580154418945,2.3179171085357666,2.318125009536743,99235200
2015-03-24,2.3177080154418945,2.350832939147949,2.293333053588867,2.2945830821990967,92980800
2015-03-25,2.306457996368408,2.3102080821990967,2.134375095367432,2.134375095367432,175886400
2015-03-26,2.084167003631592,2.150624990463257,2.062707901000977,2.116874933242798,196560000
2015-03-27,2.11270809173584,2.154582977294922,2.1039578914642334,2.13729190826416,98544000
2015-03-30,2.180417060852051,2.218333005905152,2.178957939147949,2.2141671180725098,151214400
2015-03-31,2.193958044052124,2.208125114440918,2.141458034515381,2.145625114440918,124507200
2015-04-01,2.1427080631256104,2.1427080631256104,2.0677080154418945,2.109375,175876800
2015-04-02,2.113542079925537,2.1333329677581787,2.092708110809326,2.112916946411133,110577600
2015-04-06,2.07479190826416,2.1820828914642334,2.066041946411133,2.163749933242798,150945600
2015-04-07,2.1610419750213623,2.2083330154418945,2.1535420417785645,2.153749942779541,114691200
2015-04-08,2.155416965484619,2.213541984558105,2.154582977294922,2.2049999237060547,169142400
2015-04-09,2.2029170989990234,2.2477080821990967,2.178957939147949,2.246042013168335,110928000
2015-04-10,2.2456250190734863,2.273750066757202,2.2289578914642334,2.2729170322418213,113385600
2015-04-13,2.2789580821990967,2.3129169940948486,2.2481250762939453,2.256042003631592,115200000
2015-04-14,2.251041889190674,2.267916917800904,2.1985421180725098,2.236666917800904,168974400
2015-04-15,2.25583291053772,2.2925000190734863,2.245832920074463,2.276249885559082,95356800
2015-04-16,2.2608330249786377,2.280416965484619,2.250207901000977,2.2683329582214355,90888000
2015-04-17,2.203749895095825,2.222291946411133,2.133749961853028,2.162292003631592,186427200
2015-04-20,2.195625066757202,2.270625114440918,2.1920828819274902,2.258958101272583,142195200
2015-04-21,2.299166917800904,2.309999942779541,2.280416965484619,2.287916898727417,127387200
2015-04-22,2.305624961853028,2.3364579677581787,2.2618749141693115,2.325000047683716,121915200
2015-04-23,2.302917003631592,2.3829169273376465,2.3006250858306885,2.352916955947876,131001600
2015-04-24,2.425416946411133,2.4568750858306885,2.414999961853028,2.444999933242798,142416000
2015-04-27,2.4749999046325684,2.4881250858306885,2.4131250381469727,2.429374933242798,161160000
2015-04-28,2.43416690826416,2.447916984558105,2.353125095367432,2.4135420322418213,171753600
2015-04-29,2.3731250762939453,2.415416955947876,2.329375028610229,2.367500066757202,193953600
2015-04-30,2.328125,2.3572919368743896,2.221041917800904,2.2562499046325684,308169600
2015-05-01,2.282083034515381,2.34958291053772,2.28125,2.3475000858306885,190012800
2015-05-04,2.366874933242798,2.400624990463257,2.353125095367432,2.355833053588867,131971200
2015-05-05,2.329375028610229,2.342292070388794,2.238542079925537,2.2441670894622803,280694400
2015-05-06,2.253541946411133,2.2729170322418213,2.150207996368408,2.196249961853028,213398400
2015-05-07,2.193958044052124,2.252500057220459,2.188333034515381,2.233958005905152,168619200
2015-05-08,2.303333044052124,2.332292079925537,2.292917013168335,2.31583309173584,178377600
2015-05-11,2.3222920894622803,2.336667060852051,2.2858328819274902,2.290416955947876,139027200
2015-05-12,2.249375104904175,2.2939579486846924,2.198124885559082,2.2608330249786377,190334400
2015-05-13,2.290208101272583,2.324167013168335,2.263124942779541,2.2725000381469727,132499200
2015-05-14,2.329375028610229,2.377917051315308,2.303333044052124,2.3731250762939453,176832000
2015-05-15,2.391875028610229,2.4004170894622803,2.3550000190734863,2.3729169368743896,146505600
2015-05-18,2.3612499237060547,2.416874885559082,2.355417013168335,2.402082920074463,110587200
2015-05-19,2.4114580154418945,2.4216670989990234,2.383958101272583,2.3952078819274902,98577600
2015-05-20,2.400624990463257,2.4422919750213623,2.361875057220459,2.399167060852051,111264000
2015-05-21,2.387500047683716,2.446042060852051,2.376667022705078,2.436875104904175,92222400
2015-05-22,2.428541898727417,2.455625057220459,2.4237499237060547,2.4302079677581787,79819200
2015-05-26,2.412916898727417,2.422916889190674,2.3170828819274902,2.346041917800904,140457600
2015-05-27,2.366457939147949,2.466249942779541,2.351875066757202,2.45895791053772,134289600
2015-05-28,2.443958044052124,2.461250066757202,2.419374942779541,2.44083309173584,90643200
2015-05-29,2.436666965484619,2.4472920894622803,2.381666898727417,2.399583101272583,106060800
2015-06-01,2.4372920989990234,2.441457986831665,2.363332986831665,2.4206249713897705,137160000
2015-06-02,2.3952078819274902,2.434375047683716,2.3597919940948486,2.3985419273376465,131462400
2015-06-03,2.4327080249786377,2.447499990463257,2.40291690826416,2.4195830821990967,117067200
2015-06-04,2.380000114440918,2.425416946411133,2.342916965484619,2.366874933242798,185702400
2015-06-05,2.3564579486846924,2.3731250762939453,2.305624961853028,2.3489580154418945,138590400
2015-06-08,2.344374895095825,2.3499999046325684,2.2627079486846924,2.277082920074463,144422400
2015-06-09,2.260416984558105,2.2895829677581787,2.2139580249786377,2.265832901000977,153000000
2015-06-10,2.287916898727417,2.377500057220459,2.280833005905152,2.3556249141693115,154766400
2015-06-11,2.38083291053772,2.400624990463257,2.3556249141693115,2.368541955947876,117081600
2015-06-12,2.329792022705078,2.344791889190674,2.3006250858306885,2.308332920074463,120897600
2015-06-15,2.2579169273376465,2.2860419750213623,2.218333005905152,2.2764580249786377,200884800
2015-06-16,2.266249895095825,2.323124885559082,2.264583110809326,2.3112499713897705,101265600
2015-06-17,2.323957920074463,2.3535420894622803,2.2864580154418945,2.330625057220459,168388800
2015-06-18,2.350208044052124,2.444166898727417,2.348750114440918,2.4291670322418213,162628800
2015-06-19,2.436042070388794,2.442500114440918,2.392082929611206,2.392082929611206,84628800
2015-06-22,2.44979190826416,2.4714579582214355,2.433542013168335,2.44979190826416,131716800
2015-06-23,2.4583330154418945,2.462500095367432,2.424792051315308,2.4558329582214355,114907200
2015-06-24,2.446458101272583,2.477499961853028,2.415832996368408,2.4181249141693115,84902400
2015-06-25,2.445208072662353,2.452708005905152,2.3910419940948486,2.402292013168335,85204800
2015-06-26,2.400207996368408,2.417707920074463,2.328332901000977,2.357707977294922,131904000
2015-06-29,2.274583101272583,2.316667079925537,2.186458110809326,2.191041946411133,273744000
2015-06-30,2.236666917800904,2.251041889190674,2.191457986831665,2.2160420417785645,176793600
2015-07-01,2.276041984558105,2.290416955947876,2.233333110809326,2.261457920074463,141624000
2015-07-02,2.281874895095825,2.2891669273376465,2.2452080249786377,2.2699999809265137,105523200
2015-07-06,2.2231249809265137,2.2885420322418213,2.2083330154418945,2.250833034515381,131808000
2015-07-07,2.2572920322418213,2.2729170322418213,2.133542060852051,2.26229190826416,250329600
2015-07-08,2.217292070388794,2.225832939147949,2.1358330249786377,2.1489579677581787,184881600
2015-07-09,2.235625028610229,2.237916946411133,2.1427080631256104,2.1427080631256104,125260800
2015-07-10,2.2249999046325684,2.266666889190674,2.2058329582214355,2.2422919273376465,123259200
2015-07-13,2.2989580631256104,2.365833044052124,2.298542022705078,2.356874942779541,104860800
2015-07-14,2.3702080249786377,2.42520809173584,2.366457939147949,2.4041669368743896,102201600
2015-07-15,2.417917013168335,2.441667079925537,2.3933329582214355,2.415625095367432,119140800
2015-07-16,2.4739580154418945,2.516666889190674,2.459167003631592,2.509999990463257,139680000
2015-07-17,2.5760419368743896,2.625,2.5643749237060547,2.6247920989990234,143328000
2015-07-20,2.646667003631592,2.6829171180725098,2.6195828914642334,2.6541669368743896,95889600
2015-07-21,2.6583330631256104,2.6689579486846924,2.625833034515381,2.6468749046325684,87408000
2015-07-22,2.52791690826416,2.596874952316284,2.5274999141693115,2.559999942779541,108388800
2015-07-23,2.567500114440918,2.591249942779541,2.510416984558105,2.5293750762939453,96782400
2015-07-24,2.568958044052124,2.57479190826416,2.4454169273376465,2.4574999809265137,106473600
2015-07-27,2.413749933242798,2.445625066757202,2.379167079925537,2.3943750858306885,120624000
2015-07-28,2.428541898727417,2.471041917800904,2.369374990463257,2.4574999809265137,155596800
2015-07-29,2.471874952316284,2.500624895095825,2.444166898727417,2.484999895095825,121737600
2015-07-30,2.467292070388794,2.5316669940948486,2.422916889190674,2.519582986831665,137044800
2015-07-31,2.542707920074463,2.546875,2.4945828914642334,2.5118749141693115,109036800
2015-08-03,2.5133330821990967,2.532500028610229,2.4375,2.4887499809265137,147734400
2015-08-04,2.4816670417785645,2.4962499141693115,2.4412500858306885,2.472707986831665,141350400
2015-08-05,2.5137500762939453,2.578749895095825,2.505625009536743,2.530625104904175,127411200
2015-08-06,2.5356249809265137,2.5466670989990234,2.374375104904175,2.409167051315308,175296000
2015-08-07,2.390625,2.4160420894622803,2.3391671180725098,2.399583101272583,160176000
2015-08-10,2.4447920322418213,2.49666690826416,2.4447920322418213,2.4806249141693115,133804800
2015-08-11,2.440624952316284,2.470207929611206,2.345417022705078,2.3860421180725098,173289600
2015-08-12,2.3379170894622803,2.424375057220459,2.2602078914642334,2.407083034515381,224347200
2015-08-13,2.416666984558105,2.4510419368743896,2.382499933242798,2.396250009536743,140659200
2015-08-14,2.3802080154418945,2.418750047683716,2.367083072662353,2.409167051315308,145982400
2015-08-17,2.390625,2.470207929611206,2.3729169368743896,2.468333005905152,125356800
2015-08-18,2.454375028610229,2.464582920074463,2.421250104904175,2.428957939147949,108998400
2015-08-19,2.40625,2.446666955947876,2.3408329486846924,2.3833329677581787,235516800
2015-08-20,2.316667079925537,2.3389580249786377,2.183542013168335,2.187083005905152,300019200
2015-08-21,2.09375,2.1468749046325684,1.914999961853028,1.914999961853028,380289600
2015-08-24,1.5635420083999634,1.905833005905152,1.3604170083999634,1.6881250143051147,392716800
2015-08-25,1.8645830154418943,1.898542046546936,1.6583329439163208,1.6658329963684082,289665600
2015-08-26,1.8081250190734863,1.9202079772949217,1.701457977294922,1.90625,285019200
2015-08-27,1.9958330392837524,2.059375047683716,1.923542022705078,2.0552079677581787,485952000
2015-08-28,2.0225000381469727,2.075000047683716,2.009166955947876,2.053541898727417,214094400
2015-08-31,2.019792079925537,2.0531249046325684,1.962499976158142,1.9772919416427608,206870400
2015-09-01,1.8287500143051147,1.919374942779541,1.767292022705078,1.7979170083999634,313862400
2015-09-02,1.8891669511795044,1.9441670179367063,1.8268749713897705,1.9441670179367063,180278400
2015-09-03,1.9679169654846191,2.00583291053772,1.898332953453064,1.9120830297470093,223224000
2015-09-04,1.8354170322418213,1.884166955947876,1.814375042915344,1.8481249809265137,279643200
2015-09-08,1.9529169797897337,2.009375095367432,1.929792046546936,2.005000114440918,225350400
2015-09-09,2.0737500190734863,2.07479190826416,1.9191670417785645,1.9352079629898071,281284800
2015-09-10,1.927291989326477,2.0360419750213623,1.9204169511795044,1.9970829486846924,247161600
2015-09-11,1.970417022705078,2.0293750762939453,1.953125,2.0293750762939453,189720000
2015-09-14,2.0520830154418945,2.05270791053772,1.9891669750213623,2.0112500190734863,176664000
2015-09-15,2.026249885559082,2.101875066757202,2.004167079925537,2.08145809173584,152654400
2015-09-16,2.085624933242798,2.123958110809326,2.0625,2.1162500381469727,140414400
2015-09-17,2.1139578819274902,2.215625047683716,2.09375,2.1220829486846924,242361600
2015-09-18,2.024791955947876,2.1045830249786377,2.0202078819274902,2.032291889190674,272342400
2015-09-21,2.063333034515381,2.0991671085357666,1.9947919845581048,2.0495829582214355,200313600
2015-09-22,1.954792022705078,1.9770829677581787,1.90166699886322,1.959167003631592,283795200
2015-09-23,1.972916960716248,1.988332986831665,1.931249976158142,1.962291955947876,223761600
2015-09-24,1.904374957084656,1.9620829820632928,1.8541669845581048,1.9395829439163208,293836800
2015-09-25,2.0054171085357666,2.008125066757202,1.85479199886322,1.892500042915344,283824000
2015-09-28,1.8662500381469729,1.869583010673523,1.7127079963684082,1.7293750047683716,360057600
2015-09-29,1.7418750524520874,1.7947920560836792,1.6649999618530271,1.7037500143051147,365750400
2015-09-30,1.7745829820632937,1.825000047683716,1.7541669607162476,1.816457986831665,333864000
2015-10-01,1.8279169797897337,1.8431249856948853,1.7558330297470093,1.841874957084656,219264000
2015-10-02,1.7679170370101929,1.9397920370101929,1.75,1.9375,317404800
2015-10-05,1.9827079772949217,2.038332939147949,1.9700000286102293,2.0258328914642334,208152000
2015-10-06,2.0110421180725098,2.028749942779541,1.9464579820632928,1.996875047683716,230121600
2015-10-07,2.032500028610229,2.0431249141693115,1.953333020210266,2.0289580821990967,253108800
2015-10-08,2.0072920322418213,2.0645830631256104,1.948125004768372,2.0537500381469727,291873600
2015-10-09,2.056457996368408,2.09375,2.040208101272583,2.078749895095825,175224000
2015-10-12,2.094583034515381,2.108541965484619,2.071458101272583,2.096250057220459,152539200
2015-10-13,2.0604169368743896,2.124375104904175,2.049999952316284,2.0552079677581787,212966400
2015-10-14,2.055833101272583,2.086874961853028,2.0199999809265137,2.046458005905152,183331200
2015-10-15,2.068542003631592,2.1468749046325684,2.0606250762939453,2.14645791053772,214569600
2015-10-16,2.1606249809265137,2.1770830154418945,2.129167079925537,2.173125028610229,132643200
2015-10-19,2.1631250381469727,2.215625047683716,2.151041984558105,2.212083101272583,163622400
2015-10-20,2.1987500190734863,2.213541984558105,2.154582977294922,2.175416946411133,145252800
2015-10-21,2.209583044052124,2.2158329486846924,2.134166955947876,2.1404170989990234,176496000
2015-10-22,2.193958044052124,2.272707939147949,2.1756250858306885,2.267292022705078,259752000
2015-10-23,2.4502079486846924,2.485625028610229,2.4135420322418213,2.4558329582214355,204057600
2015-10-26,2.452708005905152,2.4766669273376465,2.424999952316284,2.463124990463257,119889600
2015-10-27,2.443125009536743,2.487916946411133,2.441041946411133,2.479166984558105,104462400
2015-10-28,2.490417003631592,2.538332939147949,2.428957939147949,2.5366671085357666,208958400
2015-10-29,2.5037500858306885,2.5395829677581787,2.496458053588867,2.527292013168335,99825600
2015-10-30,2.530625104904175,2.543750047683716,2.492500066757202,2.4927079677581787,120072000
2015-11-02,2.5112500190734863,2.5860419273376465,2.4972920417785645,2.577708005905152,110601600
2015-11-03,2.561875104904175,2.632082939147949,2.549999952316284,2.602292060852051,123624000
2015-11-04,2.628124952316284,2.635416984558105,2.5722920894622803,2.603332996368408,145833600
2015-11-05,2.6112499237060547,2.6304171085357666,2.542917013168335,2.580416917800904,142252800
2015-11-06,2.569582939147949,2.597291946411133,2.518542051315308,2.5889580249786377,136248000
2015-11-09,2.558958053588867,2.5693750381469727,2.4579169750213623,2.505625009536743,151315200
2015-11-10,2.465625047683716,2.493124961853028,2.4437499046325684,2.487916946411133,98721600
2015-11-11,2.5068750381469727,2.542707920074463,2.464582920074463,2.476875066757202,100828800
2015-11-12,2.444999933242798,2.4822919368743896,2.399583101272583,2.4049999713897705,137928000
2015-11-13,2.3747920989990234,2.3818750381469727,2.259582996368408,2.2635419368743896,197697600
2015-11-16,2.256042003631592,2.3614580631256104,2.24020791053772,2.357917070388794,185544000
2015-11-17,2.3722920417785645,2.415832996368408,2.346874952316284,2.366041898727417,221414400
2015-11-18,2.3927080631256104,2.5083329677581787,2.386457920074463,2.501667022705078,196276800
2015-11-19,2.50583291053772,2.540416955947876,2.492500066757202,2.5054171085357666,103958400
2015-11-20,2.540416955947876,2.5625,2.534167051315308,2.5552079677581787,101995200
2015-11-23,2.558332920074463,2.587500095367432,2.502291917800904,2.53458309173584,112876800
2015-11-24,2.485416889190674,2.5456249713897705,2.446458101272583,2.5266671180725098,132494400
2015-11-25,2.5364580154418945,2.548332929611206,2.518749952316284,2.532291889190674,55977600
2015-11-27,2.550416946411133,2.559999942779541,2.518749952316284,2.5414578914642334,27206400
2015-11-30,2.5668749809265137,2.5672919750213623,2.5004169940948486,2.5254170894622803,93273600
2015-12-01,2.5537500381469727,2.600416898727417,2.5456249713897705,2.600416898727417,117043200
2015-12-02,2.605417013168335,2.6404170989990234,2.539792060852051,2.5531249046325684,122092800
2015-12-03,2.5733330249786377,2.584791898727417,2.37833309173584,2.422916889190674,225912000
2015-12-04,2.443542003631592,2.604166984558105,2.4291670322418213,2.5893750190734863,173289600
2015-12-07,2.59708309173584,2.601875066757202,2.519792079925537,2.5577080249786377,138451200
2015-12-08,2.4766669273376465,2.58145809173584,2.4735419750213623,2.5579171180725098,162600000
2015-12-09,2.521667003631592,2.565000057220459,2.3952078819274902,2.438750028610229,289732800
2015-12-10,2.45645809173584,2.521667003631592,2.434999942779541,2.4733328819274902,162926400
2015-12-11,2.3877079486846924,2.406874895095825,2.298332929611206,2.3037500381469727,294873600
2015-12-14,2.313750028610229,2.3575000762939453,2.2141671180725098,2.355417013168335,232344000
2015-12-15,2.415832996368408,2.458125114440918,2.3887500762939453,2.3954169750213623,191558400
2015-12-16,2.446042060852051,2.5160419940948486,2.3729169368743896,2.501250028610229,196512000
2015-12-17,2.53458309173584,2.5366671085357666,2.39395809173584,2.397083044052124,189513600
2015-12-18,2.3712499141693115,2.388124942779541,2.260416984558105,2.2654170989990234,204955200
2015-12-21,2.321458101272583,2.3329169750213623,2.270625114440918,2.3327078819274902,128059200
2015-12-22,2.3691670894622803,2.38729190826416,2.3318750858306885,2.3768749237060547,134044800
2015-12-23,2.4141669273376465,2.434999942779541,2.401041984558105,2.431250095367432,109896000
2015-12-24,2.4291670322418213,2.4487500190734863,2.424999952316284,2.4262499809265137,48480000
2015-12-28,2.409167051315308,2.4256250858306885,2.3581249713897705,2.4256250858306885,102672000
2015-12-29,2.467708110809326,2.554583072662353,2.462707996368408,2.536250114440918,145305600
2015-12-30,2.5316669940948486,2.534791946411133,2.469583034515381,2.4714579582214355,89592000
2015-12-31,2.444582939147949,2.4577078819274902,2.3770830631256104,2.3797919750213623,175905600
2016-01-04,2.221250057220459,2.234375,2.1404170989990234,2.234375,265867200
2016-01-05,2.260416984558105,2.2693750858306885,2.18416690826416,2.2143750190734863,132326400
2016-01-06,2.103749990463257,2.188541889190674,2.100832939147949,2.1549999713897705,243787200
2016-01-07,2.014583110809326,2.09375,1.947082996368408,1.950000047683716,340348800
2016-01-08,1.992292046546936,2.0285420417785645,1.89520800113678,1.9039579629898071,331819200
2016-01-11,1.943542003631592,1.9589580297470093,1.831249952316284,1.9206249713897705,336177600
2016-01-12,1.9722919464111328,2.015208005905152,1.9041670560836792,1.985417008399964,317520000
2016-01-13,2.009375095367432,2.023333072662353,1.7708330154418943,1.7777080535888672,413400000
2016-01-14,1.8002079725265503,1.940624952316284,1.7145830392837524,1.8927079439163208,363417600
2016-01-15,1.7037500143051147,1.7770830392837524,1.644374966621399,1.71875,564715200
2016-01-19,1.7860419750213623,1.7941670417785645,1.6668750047683716,1.7260420322418213,259228800
2016-01-20,1.6449999809265137,1.7662500143051147,1.5320830345153809,1.7104170322418213,554697600
2016-01-21,1.731874942779541,1.7918750047683716,1.6637500524520874,1.7166670560836792,338112000
2016-01-22,1.8177080154418943,1.8674999475479128,1.802291989326477,1.8645830154418943,286881600
2016-01-25,1.847916960716248,1.876875042915344,1.7770830392837524,1.7806249856948853,277084800
2016-01-26,1.8041670322418213,1.853124976158142,1.757917046546936,1.8314579725265503,243038400
2016-01-27,1.7981250286102295,1.8210419416427608,1.6708329916000366,1.695207953453064,358315200
2016-01-28,1.774791955947876,1.7791670560836792,1.677291989326477,1.7620830535888672,315571200
2016-01-29,1.7660419940948486,1.876875042915344,1.7614580392837524,1.876875042915344,257716800
2016-02-01,1.846250057220459,1.9112499952316284,1.8260420560836792,1.887500047683716,228240000
2016-02-02,1.8652080297470093,1.8652080297470093,1.7504169940948486,1.7677079439163208,256867200
2016-02-03,1.8010419607162476,1.80145800113678,1.6487499475479126,1.7427079677581787,471302400
2016-02-04,1.7254170179367063,1.7822920083999634,1.6802079677581787,1.7395830154418943,284035200
2016-02-05,1.7229169607162476,1.7245830297470093,1.5412499904632568,1.5606249570846558,429777600
2016-02-08,1.4735419750213623,1.507917046546936,1.4029170274734497,1.4893749952316284,514963200
2016-02-09,1.4279170036315918,1.541458010673523,1.4212499856948853,1.4720829725265503,459494400
2016-02-10,1.5260419845581057,1.5816669464111328,1.4872920513153076,1.4895830154418943,375528000
2016-02-11,1.4333330392837524,1.5189579725265503,1.4204169511795044,1.486042022705078,477076800
2016-02-12,1.5325000286102295,1.5558329820632937,1.492082953453064,1.549375057220459,316430400
2016-02-16,1.621250033378601,1.652500033378601,1.5910420417785645,1.652500033378601,299313600
2016-02-17,1.6943750381469729,1.7756249904632568,1.6791670322418213,1.7666670083999634,365232000
2016-02-18,1.7854169607162476,1.7860419750213623,1.7010420560836792,1.7066669464111328,257899200
2016-02-19,1.687291979789734,1.7387499809265137,1.6712499856948853,1.7243750095367432,238934400
2016-02-22,1.7712500095367432,1.8118749856948853,1.7662500143051147,1.8058329820632928,248265600
2016-02-23,1.7739579677581787,1.7893749475479126,1.7141669988632202,1.7158329486846924,267825600
2016-02-24,1.6577080488204956,1.7729170322418213,1.6258330345153809,1.7668750286102295,350558400
2016-02-25,1.7785420417785645,1.8177080154418943,1.7302080392837524,1.815624952316284,259598400
2016-02-26,1.8570829629898071,1.8614579439163208,1.7991670370101929,1.8114579916000368,248577600
2016-02-29,1.8072919845581048,1.847707986831665,1.7635420560836792,1.7635420560836792,229968000
2016-03-01,1.8118749856948853,1.9327080249786377,1.7975000143051147,1.9322919845581048,311136000
2016-03-02,1.924999952316284,1.9364579916000368,1.8897919654846191,1.934375047683716,193972800
2016-03-03,1.929375052452088,1.931041955947876,1.882707953453064,1.923542022705078,206596800
2016-03-04,1.9308329820632928,1.963750004768372,1.888124942779541,1.9268749952316284,237844800
2016-03-07,1.896875023841858,1.930624961853028,1.8493750095367432,1.8910419940948489,189124800
2016-03-08,1.8508330583572388,1.9010419845581048,1.8337500095367432,1.8410420417785645,212563200
2016-03-09,1.865833044052124,1.87958300113678,1.8333330154418943,1.8762500286102293,208344000
2016-03-10,1.90625,1.9345829486846924,1.7972919940948486,1.8691669702529907,343454400
2016-03-11,1.929582953453064,1.9681249856948853,1.9131250381469729,1.9660420417785645,169660800
2016-03-14,1.946249961853028,1.992082953453064,1.943958044052124,1.977499961853028,157166400
2016-03-15,1.9574999809265137,1.9816670417785645,1.937708020210266,1.976250052452088,193118400
2016-03-16,1.9587500095367432,2.04354190826416,1.9587500095367432,2.0266671180725098,176457600
2016-03-17,2.0112500190734863,2.038958072662353,1.9877079725265503,2.0208330154418945,127507200
2016-03-18,2.0374999046325684,2.0495829582214355,2.002291917800904,2.032500028610229,147537600
2016-03-21,2.023750066757202,2.063541889190674,2.019792079925537,2.0566670894622803,136008000
2016-03-22,2.023333072662353,2.090625047683716,2.02145791053772,2.075000047683716,127214400
2016-03-23,2.063957929611206,2.068542003631592,2.011457920074463,2.025624990463257,154454400
2016-03-24,1.9927079677581787,2.028749942779541,1.985417008399964,2.025000095367432,127022400
2016-03-28,2.045417070388794,2.045833110809326,2.0079169273376465,2.0177080631256104,129384000
2016-03-29,2.006666898727417,2.118750095367432,1.996875047683716,2.1141669750213623,179793600
2016-03-30,2.152708053588867,2.1856250762939453,2.132082939147949,2.1458330154418945,209884800
2016-03-31,2.1410419940948486,2.164999961853028,2.126457929611206,2.1333329677581787,118521600
2016-04-01,2.100832939147949,2.2068750858306885,2.0889580249786377,2.204375028610229,163022400
2016-04-04,2.2010419368743896,2.2083330154418945,2.163958072662353,2.1770830154418945,136632000
2016-04-05,2.127291917800904,2.1524999141693115,2.1075000762939453,2.118541955947876,146841600
2016-04-06,2.125,2.221667051315308,2.1229169368743896,2.220000028610229,182088000
2016-04-07,2.182291984558105,2.193125009536743,2.0964579582214355,2.124166965484619,252225600
2016-04-08,2.162708044052124,2.17770791053772,2.09708309173584,2.1191670894622803,166243200
2016-04-11,2.146667003631592,2.1781249046325684,2.094791889190674,2.0964579582214355,137059200
2016-04-12,2.100416898727417,2.1600000858306885,2.0612499713897705,2.1454169750213623,182424000
2016-04-13,2.1977078914642334,2.2397921085357666,2.188957929611206,2.229166984558105,162182400
2016-04-14,2.2297921180725098,2.2552080154418945,2.213124990463257,2.2306249141693115,111240000
2016-04-15,2.2233328819274902,2.2391669750213623,2.196666955947876,2.213541984558105,83092800
2016-04-18,2.195208072662353,2.250833034515381,2.19083309173584,2.2462499141693115,101462400
2016-04-19,2.268749952316284,2.2708330154418945,2.171875,2.2074999809265137,158582400
2016-04-20,2.204582929611206,2.2427079677581787,2.18416690826416,2.2129170894622803,107769600
2016-04-21,2.211667060852051,2.236666917800904,2.183542013168335,2.213541984558105,133473600
2016-04-22,2.128541946411133,2.157291889190674,2.062083005905152,2.113332986831665,201321600
2016-04-25,2.090208053588867,2.112916946411133,2.0818750858306885,2.111666917800904,96950400
2016-04-26,2.123958110809326,2.1368749141693115,2.0629169940948486,2.0827078819274902,109315200
2016-04-27,2.019582986831665,2.0456249713897705,1.980417013168335,2.032707929611206,183004800
2016-04-28,2.039375066757202,2.0743749141693115,1.946666955947876,1.960625052452088,160771200
2016-04-29,1.9539580345153809,1.9700000286102293,1.881250023841858,1.929375052452088,191260800
2016-05-02,1.941457986831665,1.9893749952316284,1.9177080392837524,1.980417013168335,118017600
2016-05-03,1.938958048820496,1.965000033378601,1.909999966621399,1.9277080297470093,145963200
2016-05-04,1.892292022705078,1.9118750095367432,1.874583005905152,1.8895829916000368,155145600
2016-05-05,1.9075000286102293,1.9216669797897337,1.875208020210266,1.8885420560836792,143976000
2016-05-06,1.8583329916000368,1.9175000190734863,1.853124976158142,1.915832996368408,156849600
2016-05-09,1.9177080392837524,1.9589580297470093,1.914999961853028,1.9327080249786377,118540800
2016-05-10,1.953333020210266,2.015000104904175,1.9433330297470093,2.0137500762939453,116481600
2016-05-11,2.003957986831665,2.021667003631592,1.9558329582214355,1.9587500095367432,127065600
2016-05-12,1.974166989326477,1.9777079820632928,1.890833020210266,1.931249976158142,184742400
2016-05-13,1.9299999475479128,1.9616669416427608,1.8989579677581787,1.907917022705078,155966400
2016-05-16,1.915624976158142,2.002500057220459,1.9135420322418213,1.9814579486846924,117292800
2016-05-17,1.9791669845581048,1.993124961853028,1.8914580345153809,1.9054169654846191,187228800
2016-05-18,1.894791960716248,1.9581249952316284,1.8816670179367063,1.9270830154418943,237969600
2016-05-19,1.9035420417785645,1.9195829629898071,1.8552080392837524,1.896667003631592,254097600
2016-05-20,1.9197920560836792,1.982499957084656,1.916458010673523,1.9600000381469729,125352000
2016-05-23,1.965000033378601,1.9870829582214355,1.9464579820632928,1.9504170417785645,86928000
2016-05-24,1.983958005905152,2.0760419368743896,1.982499957084656,2.0697920322418213,150004800
2016-05-25,2.0935420989990234,2.1322920322418213,2.0818750858306885,2.114375114440918,140846400
2016-05-26,2.121458053588867,2.139791965484619,2.1045830249786377,2.132082939147949,95270400
2016-05-27,2.135624885559082,2.165832996368408,2.135416984558105,2.1641669273376465,107140800
2016-05-31,2.176042079925537,2.1872920989990234,2.144792079925537,2.1770830154418945,112948800
2016-06-01,2.157291889190674,2.1918749809265137,2.1514580249786377,2.177917003631592,100536000
2016-06-02,2.1631250381469727,2.191457986831665,2.129167079925537,2.1902079582214355,104659200
2016-06-03,2.17770791053772,2.1816670894622803,2.117917060852051,2.160207986831665,155529600
2016-06-06,2.1700000762939453,2.200624942779541,2.1608328819274902,2.183332920074463,85996800
2016-06-07,2.190417051315308,2.1937499046325684,2.163749933242798,2.167917013168335,77107200
2016-06-08,2.1797919273376465,2.1912500858306885,2.1541669368743896,2.177500009536743,82262400
2016-06-09,2.1514580249786377,2.174375057220459,2.138957977294922,2.167917013168335,99729600
2016-06-10,2.109582901000977,2.1204171180725098,2.071458101272583,2.095000028610229,161760000
2016-06-13,2.0597920417785645,2.092708110809326,2.0333330631256104,2.041249990463257,119049600
2016-06-14,2.024583101272583,2.0622920989990234,1.9958330392837524,2.0422921180725098,141729600
2016-06-15,2.055624961853028,2.0622920989990234,2.0127079486846924,2.0239579677581787,106377600
2016-06-16,1.9941669702529907,2.046458005905152,1.9537500143051147,2.0385420322418213,164361600
2016-06-17,2.030208110809326,2.030208110809326,1.9552079439163208,1.96875,167020800
2016-06-20,2.039375066757202,2.0652079582214355,2.001250028610229,2.004167079925537,139243200
2016-06-21,2.016458034515381,2.036875009536743,2.002291917800904,2.024167060852051,86414400
2016-06-22,2.0299999713897705,2.063541889190674,2.0052080154418945,2.0110421180725098,103296000
2016-06-23,2.0577080249786377,2.096667051315308,2.032291889190674,2.0958330631256104,128558400
2016-06-24,1.875,1.965625047683716,1.825000047683716,1.83916699886322,325502400
2016-06-27,1.7972919940948486,1.7997920513153076,1.7041670083999634,1.7320829629898071,235963200
2016-06-28,1.7847919464111328,1.8431249856948853,1.7831250429153442,1.840625047683716,199468800
2016-06-29,1.885625004768372,1.9497920274734497,1.8820830583572388,1.9362499713897705,208464000
2016-06-30,1.9479169845581048,2.008958101272583,1.9291670322418213,2.006666898727417,165811200
2016-07-01,2.003124952316284,2.058542013168335,2.000833034515381,2.034167051315308,131424000
2016-07-05,2.0079169273376465,2.011667013168335,1.9658329486846924,1.998124957084656,130939200
2016-07-06,1.9708329439163208,2.0495829582214355,1.9514579772949217,2.045207977294922,173476800
2016-07-07,2.054374933242798,2.079166889190674,2.0364580154418945,2.0645830631256104,126230400
2016-07-08,2.095207929611206,2.164999961853028,2.089582920074463,2.1600000858306885,150043200
2016-07-11,2.1845829486846924,2.22208309173584,2.182499885559082,2.196875095367432,142646400
2016-07-12,2.23770809173584,2.249166965484619,2.222707986831665,2.2314579486846924,115790400
2016-07-13,2.249583005905152,2.250833034515381,2.2143750190734863,2.2158329486846924,126412800
2016-07-14,2.2597920894622803,2.2729170322418213,2.243957996368408,2.2608330249786377,109905600
2016-07-15,2.2754170894622803,2.2793750762939453,2.234375,2.2481250762939453,85416000
2016-07-18,2.254167079925537,2.305833101272583,2.252291917800904,2.292917013168335,83860800
2016-07-19,2.2708330154418945,2.289999961853028,2.257082939147949,2.269166946411133,78667200
2016-07-20,2.303957939147949,2.360832929611206,2.2972919940948486,2.346874952316284,90724800
2016-07-21,2.3539578914642334,2.3662500381469727,2.3129169940948486,2.3329169750213623,112804800
2016-07-22,2.3383328914642334,2.368750095367432,2.315417051315308,2.359999895095825,86803200
2016-07-25,2.3547921180725098,2.362292051315308,2.337500095367432,2.3620829582214355,76243200
2016-07-26,2.3597919940948486,2.3949999809265137,2.3333330154418945,2.369999885559082,136353600
2016-07-27,2.4281249046325684,2.436875104904175,2.3877079486846924,2.416249990463257,130564800
2016-07-28,2.429583072662353,2.451667070388794,2.4066669940948486,2.442500114440918,87120000
2016-07-29,2.4600000381469727,2.478749990463257,2.4362499713897705,2.4585421085357666,102633600
2016-08-01,2.464582920074463,2.5160419940948486,2.455416917800904,2.4970829486846924,105316800
2016-08-02,2.4864580631256104,2.493541955947876,2.393125057220459,2.44083309173584,161107200
2016-08-03,2.4354169368743896,2.465208053588867,2.430624961853028,2.4639580249786377,85334400
2016-08-04,2.4633328914642334,2.493124961853028,2.445208072662353,2.486042022705078,84028800
2016-08-05,2.526249885559082,2.573957920074463,2.515625,2.5579171180725098,123480000
2016-08-08,2.5622920989990234,2.563750028610229,2.524374961853028,2.549792051315308,75902400
2016-08-09,2.5541670322418213,2.590208053588867,2.549999952316284,2.566667079925537,79819200
2016-08-10,2.568542003631592,2.572499990463257,2.526041984558105,2.546875,87720000
2016-08-11,2.5708329677581787,2.5958330631256104,2.556874990463257,2.579792022705078,68649600
2016-08-12,2.5645830631256104,2.584583044052124,2.5570828914642334,2.584583044052124,68275200
2016-08-15,2.59375,2.634375095367432,2.591249942779541,2.617083072662353,57254400
2016-08-16,2.601875066757202,2.604166984558105,2.5722920894622803,2.5758330821990967,62596800
2016-08-17,2.5758330821990967,2.589792013168335,2.532917022705078,2.5879170894622803,89836800
2016-08-18,2.579792022705078,2.600416898727417,2.566667079925537,2.59041690826416,56755200
2016-08-19,2.5762500762939453,2.6035420894622803,2.554583072662353,2.586874961853028,73617600
2016-08-22,2.574583053588867,2.60604190826416,2.5612499713897705,2.5893750190734863,73243200
2016-08-23,2.620832920074463,2.6358330249786377,2.602916955947876,2.6047921180725098,62654400
2016-08-24,2.6010420322418213,2.612292051315308,2.530208110809326,2.554583072662353,71198400
2016-08-25,2.534374952316284,2.56583309173584,2.525624990463257,2.5425000190734863,58444800
2016-08-26,2.545833110809326,2.603332996368408,2.5083329677581787,2.5547919273376465,107313600
2016-08-29,2.556250095367432,2.584791898727417,2.5547919273376465,2.561875104904175,49833600
2016-08-30,2.552500009536743,2.573957920074463,2.5129170417785645,2.538749933242798,65750400
2016-08-31,2.527708053588867,2.5391669273376465,2.498958110809326,2.532083034515381,71616000
2016-09-01,2.533750057220459,2.5587499141693115,2.4962499141693115,2.543333053588867,85953600
2016-09-02,2.588541984558105,2.6039578914642334,2.546041965484619,2.573124885559082,90739200
2016-09-06,2.588541984558105,2.6229169368743896,2.5708329677581787,2.620832920074463,65985600
2016-09-07,2.628957986831665,2.6404170989990234,2.597707986831665,2.625624895095825,58075200
2016-09-08,2.604166984558105,2.6056249141693115,2.5606250762939453,2.580625057220459,70065600
2016-09-09,2.5177080631256104,2.5333330631256104,2.384999990463257,2.384999990463257,160915200
2016-09-12,2.3491671085357666,2.523750066757202,2.344791889190674,2.5072920322418213,130651200
2016-09-13,2.473750114440918,2.497499942779541,2.410207986831665,2.448124885559082,125308800
2016-09-14,2.454375028610229,2.5208330154418945,2.4518749713897705,2.4795830249786377,111528000
2016-09-15,2.483333110809326,2.606874942779541,2.481250047683716,2.594583034515381,131860800
2016-09-16,2.588124990463257,2.600416898727417,2.5541670322418213,2.5916669368743896,81523200
2016-09-19,2.6114580631256104,2.6360421180725098,2.5439579486846924,2.5577080249786377,91670400
2016-09-20,2.5833330154418945,2.604166984558105,2.559999942779541,2.571875095367432,75782400
2016-09-21,2.604166984558105,2.658541917800904,2.5602080821990967,2.646667003631592,138600000
2016-09-22,2.696249961853028,2.720000028610229,2.686666965484619,2.7085421085357666,78100800
2016-09-23,2.700000047683716,2.701457977294922,2.6475000381469727,2.659791946411133,73065600
2016-09-26,2.6139578819274902,2.623332977294922,2.5808329582214355,2.59375,81883200
2016-09-27,2.5908329486846924,2.672082901000977,2.5808329582214355,2.6672921180725098,82900800
2016-09-28,2.676875114440918,2.686666965484619,2.641249895095825,2.681874990463257,75696000
2016-09-29,2.670417070388794,2.683542013168335,2.589792013168335,2.625,114830400
2016-09-30,2.649167060852051,2.705625057220459,2.6360421180725098,2.678957939147949,79987200
2016-10-03,2.6697919368743896,2.680833101272583,2.6385419368743896,2.672916889190674,81758400
2016-10-04,2.6918749809265137,2.7114579677581787,2.628541946411133,2.657707929611206,112204800
2016-10-05,2.681874990463257,2.7114579677581787,2.6781249046325684,2.6854169368743896,68856000
2016-10-06,2.675416946411133,2.6985421180725098,2.643125057220459,2.681250095367432,74529600
2016-10-07,2.689791917800904,2.69979190826416,2.6254169940948486,2.663749933242798,90561600
2016-10-10,2.703125,2.732707977294922,2.701667070388794,2.7114579677581787,59889600
2016-10-11,2.7058329582214355,2.709167003631592,2.563541889190674,2.599375009536743,129643200
2016-10-12,2.6020829677581787,2.618124961853028,2.567500114440918,2.593957901000977,82056000
2016-10-13,2.539792060852051,2.584583044052124,2.493124961853028,2.563541889190674,104428800
2016-10-14,2.5981249809265137,2.631666898727417,2.5670828819274902,2.5693750381469727,81811200
2016-10-17,2.5687499046325684,2.582082986831665,2.5414578914642334,2.5516669750213623,55862400
2016-10-18,2.640625,2.654792070388794,2.6145830154418945,2.617083072662353,76968000
2016-10-19,2.612292051315308,2.628541946411133,2.6039578914642334,2.618124961853028,47054400
2016-10-20,2.60604190826416,2.6254169940948486,2.5629169940948486,2.6070830821990967,69950400
2016-10-21,2.61270809173584,2.641458034515381,2.588124990463257,2.635416984558105,58632000
2016-10-24,2.688750028610229,2.736875057220459,2.686666965484619,2.7314579486846924,68649600
2016-10-25,2.733958005905152,2.737916946411133,2.693542003631592,2.704166889190674,59712000
2016-10-26,2.652082920074463,2.694999933242798,2.6270830631256104,2.652292013168335,95308800
2016-10-27,2.6847920417785645,2.6912500858306885,2.603332996368408,2.61520791053772,103041600
2016-10-28,2.59041690826416,2.632082939147949,2.541666984558105,2.569999933242798,142958400
2016-10-31,2.595000028610229,2.595000028610229,2.5541670322418213,2.555417060852051,56904000
2016-11-01,2.571875095367432,2.571875095367432,2.4337499141693115,2.502917051315308,101923200
2016-11-02,2.4945828914642334,2.511457920074463,2.421041965484619,2.437707901000977,81763200
2016-11-03,2.42770791053772,2.450624942779541,2.358541965484619,2.367500066757202,87014400
2016-11-04,2.3456249237060547,2.397291898727417,2.328749895095825,2.340625047683716,84921600
2016-11-07,2.453958034515381,2.516249895095825,2.4443750381469727,2.5083329677581787,100963200
2016-11-08,2.5,2.591249942779541,2.483333110809326,2.557499885559082,110587200
2016-11-09,2.4668750762939453,2.6047921180725098,2.459791898727417,2.593333005905152,183292800
2016-11-10,2.6247920989990234,2.639583110809326,2.3639578819274902,2.470000028610229,247968000
2016-11-11,2.431874990463257,2.485832929611206,2.4083330631256104,2.467916965484619,113563200
2016-11-14,2.4725000858306885,2.477916955947876,2.3575000762939453,2.384582996368408,177552000
2016-11-15,2.444999933242798,2.5177080631256104,2.438124895095825,2.494999885559082,105571200
2016-11-16,2.457292079925537,2.54354190826416,2.457292079925537,2.5356249809265137,86337600
2016-11-17,2.5339579582214355,2.594374895095825,2.518125057220459,2.594374895095825,75537600
2016-11-18,2.5991671085357666,2.616041898727417,2.557291984558105,2.5652079582214355,63057600
2016-11-21,2.58145809173584,2.6504170894622803,2.580416917800904,2.642292022705078,83625600
2016-11-22,2.674375057220459,2.6875,2.6475000381469727,2.6660420894622803,76680000
2016-11-23,2.6404170989990234,2.649374961853028,2.5999999046325684,2.633958101272583,73824000
2016-11-25,2.64645791053772,2.663332939147949,2.635624885559082,2.659374952316284,38280000
2016-11-28,2.647291898727417,2.6791670322418213,2.633749961853028,2.644582986831665,71467200
2016-11-29,2.6468749046325684,2.706666946411133,2.627500057220459,2.6700000762939453,74582400
2016-11-30,2.675416946411133,2.681874990463257,2.5693750381469727,2.5835421085357666,151296000
2016-12-01,2.5704169273376465,2.570625066757202,2.4264578819274902,2.441667079925537,186384000
2016-12-02,2.443958044052124,2.4825000762939453,2.4222919940948486,2.451457977294922,102984000
2016-12-05,2.491041898727417,2.5391669273376465,2.456666946411133,2.508125066757202,89942400
2016-12-06,2.5274999141693115,2.540625095367432,2.49666690826416,2.526249885559082,69254400
2016-12-07,2.511457920074463,2.632499933242798,2.4895830154418945,2.619999885559082,148867200
2016-12-08,2.626667022705078,2.657291889190674,2.6114580631256104,2.6360421180725098,113016000
2016-12-09,2.665832996368408,2.702291965484619,2.665832996368408,2.6977078914642334,102672000
2016-12-12,2.6608328819274902,2.677917003631592,2.6295828819274902,2.660207986831665,95150400
2016-12-13,2.689167022705078,2.806874990463257,2.6854169368743896,2.764167070388794,169195200
2016-12-14,2.769582986831665,2.7995829582214355,2.720417022705078,2.743957996368408,142377600
2016-12-15,2.751457929611206,2.806250095367432,2.736666917800904,2.760624885559082,106425600
2016-12-16,2.7735419273376465,2.7914578914642334,2.711874961853028,2.7270829677581787,114753600
2016-12-19,2.738542079925537,2.8104169368743896,2.726249933242798,2.760416984558105,83572800
2016-12-20,2.782083034515381,2.807291984558105,2.777082920074463,2.793750047683716,62784000
2016-12-21,2.7947919368743896,2.800416946411133,2.766458034515381,2.7839579582214355,48288000
2016-12-22,2.785207986831665,2.788958072662353,2.7300000190734863,2.7597920894622803,65520000
2016-12-23,2.748542070388794,2.769582986831665,2.7395830154418945,2.7683329582214355,32251200
2016-12-27,2.7833330631256104,2.856874942779541,2.780416965484619,2.8087499141693115,75643200
2016-12-28,2.8258330821990967,2.834791898727417,2.73770809173584,2.743750095367432,91339200
2016-12-29,2.7422919273376465,2.759582996368408,2.7058329582214355,2.730417013168335,85728000
2016-12-30,2.746042013168335,2.7477080821990967,2.625,2.650624990463257,105384000
2017-01-03,2.7002079486846924,2.7477080821990967,2.674375057220459,2.714792013168335,97646400
2017-01-04,2.727292060852051,2.776249885559082,2.723750114440918,2.7610421180725098,66513600
2017-01-05,2.758749961853028,2.813541889190674,2.7562499046325684,2.809999942779541,61372800
2017-01-06,2.8152079582214355,2.9033329486846924,2.793750047683716,2.8812499046325684,95798400
2017-01-09,2.8883330821990967,2.924999952316284,2.882499933242798,2.910417079925537,66172800
2017-01-10,2.909167051315308,2.954582929611206,2.89395809173584,2.9270830154418945,66336000
2017-01-11,2.9291670322418213,2.951667070388794,2.8862500190734863,2.949583053588867,94104000
2017-01-12,2.920417070388794,2.94333291053772,2.855417013168335,2.9345829486846924,80517600
2017-01-13,2.944166898727417,2.9825000762939453,2.94333291053772,2.968333005905152,58612800
2017-01-17,2.941667079925537,2.9583330154418945,2.914999961853028,2.940417051315308,55531200
2017-01-18,2.954166889190674,2.966249942779541,2.930417060852051,2.9604170322418213,49329600
2017-01-19,2.96875,3.001667022705078,2.935832977294922,2.952500104904175,59731200
2017-01-20,2.9916670322418213,3.014583110809326,2.950000047683716,2.971667051315308,56846400
2017-01-23,2.962500095367432,2.9916670322418213,2.9237499237060547,2.978332996368408,55250400
2017-01-24,2.9945828914642334,3.053333044052124,2.9820830821990967,3.040416955947876,51691200
2017-01-25,3.095417022705078,3.133749961853028,3.088749885559082,3.129167079925537,56148000
2017-01-26,3.1433329582214355,3.1608328819274902,3.1254169940948486,3.142082929611206,50856000
2017-01-27,3.1583330631256104,3.1675000190734863,3.12833309173584,3.157083034515381,33249600
2017-01-30,3.1237499713897705,3.1254169940948486,3.032500028610229,3.0854170322418213,75043200
2017-01-31,3.0537500381469727,3.06833291053772,3.012083053588867,3.06833291053772,59616000
2017-02-01,3.12833309173584,3.146667003631592,3.086667060852051,3.126667022705078,72511200
2017-02-02,3.110832929611206,3.1479170322418213,3.0850000381469727,3.118750095367432,57895200
2017-02-03,3.1312499046325684,3.15625,3.12166690826416,3.1458330154418945,48192000
2017-02-06,3.1304171085357666,3.159167051315308,3.1220829486846924,3.157500028610229,41707200
2017-02-07,3.174166917800904,3.212083101272583,3.1691670417785645,3.190000057220459,46634400
2017-02-08,3.1787500381469727,3.220417022705078,3.161250114440918,3.2079169750213623,36967200
2017-02-09,3.2166669368743896,3.2637500762939453,3.211667060852051,3.2412500381469727,51525600
2017-02-10,3.2637500762939453,3.2874999046325684,3.2470829486846924,3.273333072662353,47872800
2017-02-13,3.3041670322418213,3.342916965484619,3.299166917800904,3.3308329582214355,42988800
2017-02-14,3.3329169750213623,3.363332986831665,3.3016669750213623,3.3620829582214355,62664000
2017-02-15,3.357917070388794,3.4266669750213623,3.3499999046325684,3.4200000762939453,73564800
2017-02-16,3.428333044052124,3.4487500190734863,3.3924999237060547,3.4170830249786377,63950400
2017-02-17,3.40291690826416,3.462500095367432,3.4008328914642334,3.4600000381469727,51607200
2017-02-21,3.4841670989990234,3.5199999809265137,3.476249933242798,3.515000104904175,66729600
2017-02-22,3.504167079925537,3.524167060852051,3.485832929611206,3.5154170989990234,43056000
2017-02-23,3.530833005905152,3.53125,3.43416690826416,3.477499961853028,62676000
2017-02-24,3.427500009536743,3.4962499141693115,3.424999952316284,3.4962499141693115,50731200
2017-02-27,3.477916955947876,3.508749961853028,3.458750009536743,3.506666898727417,52437600
2017-02-28,3.507082939147949,3.510416984558105,3.447499990463257,3.479166984558105,41904000
2017-03-01,3.539999961853028,3.608333110809326,3.523333072662353,3.5916669368743896,63254400
2017-03-02,3.5899999141693115,3.5899999141693115,3.523333072662353,3.5350000858306885,42919200
2017-03-03,3.5266671180725098,3.558332920074463,3.499583005905152,3.553333044052124,34646400
2017-03-06,3.515000104904175,3.548332929611206,3.487916946411133,3.528749942779541,38774400
2017-03-07,3.5062499046325684,3.558332920074463,3.4945828914642334,3.5112500190734863,35428800
2017-03-08,3.5199999809265137,3.563333034515381,3.5079169273376465,3.5291669368743896,38652000
2017-03-09,3.5283329486846924,3.552917003631592,3.4820830821990967,3.539999961853028,44172000
2017-03-10,3.5854170322418213,3.5983328819274902,3.537916898727417,3.578749895095825,51456000
2017-03-13,3.5754170417785645,3.602916955947876,3.572082996368408,3.59958291053772,33883200
2017-03-14,3.575000047683716,3.580416917800904,3.5299999713897705,3.572916984558105,53020800
2017-03-15,3.5975000858306885,3.663332939147949,3.5604169368743896,3.6354169845581055,63813600
2017-03-16,3.660417079925537,3.660417079925537,3.6070830821990967,3.6333329677581774,38875200
2017-03-17,3.641666889190674,3.65625,3.622499942779541,3.624583005905152,35320800
2017-03-20,3.624583005905152,3.661250114440918,3.608333110809326,3.6354169845581055,36696000
2017-03-21,3.675832986831665,3.6875,3.4649999141693115,3.4733328819274902,93568800
2017-03-22,3.475416898727417,3.5512499809265137,3.459167003631592,3.541666984558105,71373600
2017-03-23,3.528749942779541,3.5566670894622803,3.49666690826416,3.5133330821990967,59064000
2017-03-24,3.5466670989990234,3.5879170894622803,3.494999885559082,3.532500028610229,51686400
2017-03-27,3.4604170322418213,3.569582939147949,3.4345829486846924,3.5512499809265137,75259200
2017-03-28,3.550832986831665,3.648750066757202,3.528749942779541,3.617917060852051,84000000
2017-03-29,3.621249914169312,3.670833110809326,3.612916946411133,3.665832996368408,48170400
2017-03-30,3.6645829677581774,3.6962499618530273,3.652499914169312,3.68416690826416,52927200
2017-03-31,3.667917013168335,3.704999923706055,3.655833005905152,3.675416946411133,54146400
2017-04-03,3.6862499713897705,3.711667060852051,3.609167098999024,3.6675000190734863,64521600
2017-04-04,3.6354169845581055,3.687083005905152,3.632916927337648,3.68416690826416,32424000
2017-04-05,3.702083110809326,3.765832901000977,3.6204171180725098,3.642082929611206,73360800
2017-04-06,3.654582977294922,3.675416946411133,3.618750095367432,3.6449999809265137,61651200
2017-04-07,3.642499923706055,3.673749923706055,3.601249933242798,3.640832901000977,41575200
2017-04-10,3.653332948684693,3.6887500286102295,3.6137499809265137,3.6449999809265137,48376800
2017-04-11,3.63083291053772,3.649167060852051,3.517916917800904,3.5991671085357666,85346400
2017-04-12,3.595000028610229,3.602499961853028,3.540832996368408,3.5516669750213623,68095200
2017-04-13,3.5374999046325684,3.598750114440918,3.507499933242798,3.509582996368408,61370400
2017-04-17,3.5391669273376465,3.5975000858306885,3.5350000858306885,3.592916965484619,36333600
2017-04-18,3.5595829486846924,3.6116669178009033,3.552917003631592,3.5824999809265137,50755200
2017-04-19,3.6237499713897705,3.659167051315308,3.5799999237060547,3.595000028610229,57568800
2017-04-20,3.638750076293945,3.708333015441896,3.622082948684693,3.6820828914642334,82492800
2017-04-21,3.694166898727417,3.6987500190734863,3.6549999713897705,3.680417060852051,54026400
2017-04-24,3.802083015441896,3.825000047683716,3.78583288192749,3.814167022705078,60072000
2017-04-25,3.8520829677581774,3.917917013168335,3.843333005905152,3.898750066757202,64113600
2017-04-26,3.902499914169312,3.930417060852051,3.873332977294922,3.881666898727417,87660000
2017-04-27,3.91083288192749,3.950000047683716,3.901249885559082,3.949583053588867,57676800
2017-04-28,3.997499942779541,4.002082824707031,3.952083110809326,3.97208309173584,68500800
2017-05-01,4.008749961853027,4.09250020980835,4.003749847412109,4.072082996368408,64634400
2017-05-02,4.092082977294922,4.102083206176758,4.060832977294922,4.096250057220459,60412800
2017-05-03,4.071249961853027,4.071667194366455,4.022916793823242,4.055832862854004,73586400
2017-05-04,4.05791711807251,4.076666831970215,4.018332958221436,4.059999942779541,72607200
2017-05-05,4.08916711807251,4.1041669845581055,4.045416831970215,4.1041669845581055,54506400
2017-05-08,4.110416889190674,4.130416870117188,4.085416793823242,4.128749847412109,61267200
2017-05-09,4.1483330726623535,4.201250076293945,4.139166831970215,4.174167156219482,75717600
2017-05-10,4.178750038146973,4.184583187103272,4.136666774749756,4.180832862854004,56193600
2017-05-11,4.147082805633545,4.172916889190674,4.088749885559082,4.170833110809326,62433600
2017-05-12,4.176249980926514,4.2004170417785645,4.165417194366455,4.1979169845581055,58538400
2017-05-15,4.202083110809326,4.244166851043701,4.191249847412109,4.237082958221436,69340800
2017-05-16,4.267083168029785,4.290832996368408,4.232916831970215,4.290417194366455,77066400
2017-05-17,4.189582824707031,4.211667060852051,3.960417032241821,3.965832948684693,140236800
2017-05-18,3.9600000381469727,4.105416774749756,3.942917108535767,4.066249847412109,120384000
2017-05-19,4.105833053588867,4.168333053588867,4.102499961853027,4.115417003631592,72844800
2017-05-22,4.144166946411133,4.227083206176758,4.139583110809326,4.22208309173584,65354400
2017-05-23,4.256667137145996,4.258333206176758,4.200832843780518,4.232500076293945,68858400
2017-05-24,4.267917156219482,4.295833110809326,4.234582901000977,4.290832996368408,64941600
2017-05-25,4.337916851043701,4.431666851043701,4.310832977294922,4.403749942779541,87504000
2017-05-26,4.400416851043701,4.427083015441895,4.383749961853027,4.422500133514404,54856800
2017-05-30,4.411666870117188,4.4479169845581055,4.407083034515381,4.431666851043701,55192800
2017-05-31,4.47208309173584,4.4816670417785645,4.358749866485596,4.426249980926514,96902400
2017-06-01,4.452499866485596,4.482916831970215,4.397916793823242,4.4791669845581055,74092800
2017-06-02,4.5233330726623535,4.6354169845581055,4.503749847412109,4.632082939147949,83244000
2017-06-05,4.62833309173584,4.652500152587891,4.608749866485596,4.62833309173584,51477600
2017-06-06,4.611667156219482,4.656667232513428,4.552499771118164,4.575832843780518,77733600
2017-06-07,4.608333110809326,4.637499809265137,4.548333168029785,4.625833034515381,81410400
2017-06-08,4.654582977294922,4.661666870117188,4.5654168128967285,4.638332843780518,92563200
2017-06-09,4.65500020980835,4.672082901000977,4.110833168029785,4.302917003631592,233138400
2017-06-12,4.183332920074463,4.244166851043701,4.059583187103272,4.224999904632568,166449600
2017-06-13,4.290832996368408,4.340833187103272,4.226666927337647,4.323750019073486,126492000
2017-06-14,4.374582767486572,4.374582767486572,4.163750171661377,4.265832901000977,139012800
2017-06-15,4.1354169845581055,4.222499847412109,4.057499885559082,4.208333015441895,141158400
2017-06-16,4.199999809265137,4.202917098999023,4.107082843780518,4.157917022705078,93856800
2017-06-19,4.273749828338623,4.373332977294922,4.25458288192749,4.359167098999023,110944800
2017-06-20,4.348750114440918,4.364167213439941,4.25458288192749,4.2604169845581055,85939200
2017-06-21,4.286666870117188,4.388332843780518,4.27791690826416,4.384167194366455,83589600
2017-06-22,4.403749942779541,4.427499771118164,4.345832824707031,4.379167079925537,68445600
2017-06-23,4.363749980926514,4.445833206176758,4.328332901000977,4.428332805633545,68786400
2017-06-26,4.50124979019165,4.52791690826416,4.338749885559082,4.3695831298828125,105681600
2017-06-27,4.318749904632568,4.332917213439941,4.129167079925537,4.129167079925537,144088800
2017-06-28,4.172500133514404,4.31583309173584,4.101666927337647,4.302499771118164,120861600
2017-06-29,4.249582767486572,4.252500057220459,3.958333015441896,4.083333015441895,231564000
2017-06-30,4.118750095367432,4.150416851043701,4.045416831970215,4.069167137145996,98616000
2017-07-03,4.141666889190674,4.154582977294922,3.9483330249786377,3.958333015441896,81684000
2017-07-05,3.9887499809265137,4.103750228881836,3.952083110809326,4.071249961853027,114033600
2017-07-06,3.9770829677581774,4.028749942779541,3.917917013168335,3.963749885559082,106324800
2017-07-07,4.0029168128967285,4.120832920074463,4.0,4.082499980926514,89623200
2017-07-10,4.097917079925537,4.1979169845581055,4.065000057220459,4.167916774749756,92114400
2017-07-11,4.149582862854004,4.217916965484619,4.102917194366455,4.202083110809326,108571200
2017-07-12,4.307499885559082,4.364999771118164,4.2841668128967285,4.351666927337647,105307200
2017-07-13,4.368750095367432,4.411250114440918,4.342082977294922,4.380416870117188,91476000
2017-07-14,4.4320831298828125,4.499166965484619,4.397082805633545,4.483333110809326,84636000
2017-07-17,4.497917175292969,4.536666870117188,4.463749885559082,4.485833168029785,100663200
2017-07-18,4.476666927337647,4.579583168029785,4.4375,4.574999809265137,84182400
2017-07-19,4.614583015441895,4.677083015441895,4.611249923706055,4.658750057220459,104234400
2017-07-20,4.692916870117188,4.702499866485596,4.612082958221436,4.676249980926514,108460800
2017-07-21,4.618332862854004,4.669582843780518,4.59708309173584,4.6691670417785645,86916000
2017-07-24,4.667916774749756,4.7420830726623535,4.650416851043701,4.730000019073486,88732800
2017-07-25,4.68625020980835,4.729582786560059,4.657917022705078,4.698332786560059,94180800
2017-07-26,4.728332996368408,4.749166965484619,4.708333015441895,4.740417003631592,60607200
2017-07-27,4.8358330726623535,4.847917079925537,4.485833168029785,4.655832767486572,188956800
2017-07-28,4.573750019073486,4.662083148956299,4.544582843780518,4.640832901000977,70022400
2017-07-31,4.678750038146973,4.696667194366455,4.549582958221436,4.580417156219482,88716000
2017-08-01,4.62624979019165,4.630000114440918,4.568749904632568,4.610416889190674,61156800
2017-08-02,4.697500228881836,4.702083110809326,4.518332958221436,4.644166946411133,110366400
2017-08-03,4.661666870117188,4.663332939147949,4.56708288192749,4.595832824707031,72640800
2017-08-04,4.622917175292969,4.648749828338623,4.560832977294922,4.613749980926514,71488800
2017-08-07,4.640832901000977,4.702917098999023,4.620832920074463,4.695416927337647,54837600
2017-08-08,4.674582958221436,4.7916669845581055,4.6379170417785645,4.677917003631592,103886400
2017-08-09,4.563333034515381,4.665417194366455,4.530832767486572,4.65958309173584,99081600
2017-08-10,4.581250190734863,4.589582920074463,4.346250057220459,4.357082843780518,163382400
2017-08-11,4.37833309173584,4.486249923706055,4.347499847412109,4.456666946411133,105271200
2017-08-14,4.560417175292969,4.650000095367432,4.55916690826416,4.630000114440918,95488800
2017-08-15,4.655832767486572,4.665417194366455,4.600417137145996,4.638332843780518,72297600
2017-08-16,4.670833110809326,4.727083206176758,4.616250038146973,4.662499904632568,99052800
2017-08-17,4.605833053588867,4.62833309173584,4.375,4.375833034515381,158582400
2017-08-18,4.382500171661377,4.454583168029785,4.3125,4.360416889190674,129852000
2017-08-21,4.367917060852051,4.393332958221436,4.266666889190674,4.352499961853027,86481600
2017-08-22,4.4166669845581055,4.559583187103272,4.414583206176758,4.546249866485596,94264800
2017-08-23,4.4716668128967285,4.52666711807251,4.465833187103272,4.49541711807251,84076800
2017-08-24,4.528333187103272,4.545833110809326,4.379167079925537,4.457917213439941,97180800
2017-08-25,4.50333309173584,4.541250228881836,4.411250114440918,4.427917003631592,92620800
2017-08-28,4.466667175292969,4.499166965484619,4.425416946411133,4.466667175292969,66242400
2017-08-29,4.350417137145996,4.5416669845581055,4.340000152587891,4.521667003631592,85123200
2017-08-30,4.529582977294922,4.699999809265137,4.521667003631592,4.678332805633545,106248000
2017-08-31,4.716249942779541,4.828332901000977,4.708749771118164,4.81125020980835,106176000
2017-09-01,4.847917079925537,4.866250038146973,4.770833015441895,4.80791711807251,71001600
2017-09-05,4.762083053588867,4.795000076293945,4.569582939147949,4.679166793823242,129235200
2017-09-06,4.717082977294922,4.75124979019165,4.618750095367432,4.719583034515381,85557600
2017-09-07,4.747083187103272,4.787499904632568,4.699999809265137,4.74875020980835,73970400
2017-09-08,4.730833053588867,4.739167213439941,4.614583015441895,4.631667137145996,82646400
2017-09-11,4.736249923706055,4.809583187103272,4.734582901000977,4.779167175292969,85279200
2017-09-12,4.824999809265137,4.84041690826416,4.7529168128967285,4.819582939147949,73418400
2017-09-13,4.7916669845581055,4.840833187103272,4.772500038146973,4.839582920074463,51604800
2017-09-14,4.786250114440918,4.8254170417785645,4.745832920074463,4.757916927337647,73576800
2017-09-15,4.7529168128967285,4.854582786560059,4.728332996368408,4.796249866485596,79264800
2017-09-18,4.81708288192749,4.863333225250244,4.739583015441895,4.78458309173584,91509600
2017-09-19,4.8070831298828125,4.827499866485596,4.757916927337647,4.804999828338623,56942400
2017-09-20,4.802499771118164,4.816667079925537,4.652500152587891,4.764999866485596,107306400
2017-09-21,4.750833034515381,4.752500057220459,4.625,4.673333168029785,84890400
2017-09-22,4.627082824707031,4.680417060852051,4.614999771118164,4.661666870117188,62167200
2017-09-25,4.604582786560059,4.611667156219482,4.443749904632568,4.515417098999023,135520800
2017-09-26,4.580832958221436,4.605833053588867,4.49875020980835,4.546249866485596,95090400
2017-09-27,4.618750095367432,4.719167232513428,4.583333015441895,4.669582843780518,111348000
2017-09-28,4.635832786560059,4.675000190734863,4.601666927337647,4.661666870117188,64536000
2017-09-29,4.690000057220459,4.770417213439941,4.652500152587891,4.7604169845581055,88248000
2017-10-02,4.784999847412109,4.832083225250244,4.710000038146973,4.773749828338623,92205600
2017-10-03,4.7916669845581055,4.820000171661377,4.7604169845581055,4.803750038146973,62738400
2017-10-04,4.7758331298828125,4.846250057220459,4.7629170417785645,4.816249847412109,90153600
2017-10-05,4.872499942779541,4.962916851043701,4.852083206176758,4.954999923706055,94291200
2017-10-06,4.908332824707031,4.974999904632568,4.90625,4.972917079925537,85960800
2017-10-09,4.995832920074463,5.010832786560059,4.9404168128967285,4.960416793823242,68851200
2017-10-10,5.007500171661377,5.023749828338623,4.904582977294922,4.970832824707031,71757600
2017-10-11,4.964582920074463,5.016666889190674,4.943749904632568,5.014166831970215,59788800
2017-10-12,4.992917060852051,5.045000076293945,4.969167232513428,4.987082958221436,66180000
2017-10-13,5.044582843780518,5.059999942779541,5.027082920074463,5.042916774749756,48873600
2017-10-16,5.080832958221436,5.097499847412109,5.047082901000977,5.09499979019165,57079200
2017-10-17,5.088749885559082,5.114583015441895,5.065000057220459,5.112916946411133,60189600
2017-10-18,5.127082824707031,5.1279168128967285,5.072082996368408,5.093332767486572,57900000
2017-10-19,5.005833148956299,5.037499904632568,4.929999828338623,5.037083148956299,80680800
2017-10-20,5.097499847412109,5.109582901000977,5.058750152587891,5.073750019073486,66554400
2017-10-23,5.105833053588867,5.107082843780518,4.955417156219482,4.9791669845581055,61456800
2017-10-24,5.0029168128967285,5.032083034515381,4.946249961853027,5.00458288192749,58872000
2017-10-25,4.970832824707031,5.019999980926514,4.832083225250244,4.943749904632568,89191200
2017-10-26,4.936666965484619,4.969583034515381,4.890832901000977,4.897916793823242,72768000
2017-10-27,5.130833148956299,5.349583148956299,5.117917060852051,5.320000171661377,147818400
2017-10-30,5.306666851043701,5.420000076293945,5.295000076293945,5.357916831970215,96556800
2017-10-31,5.405832767486572,5.439582824707031,5.362916946411133,5.414583206176758,60196800
2017-11-01,5.482500076293945,5.489999771118164,5.347917079925537,5.40749979019165,83064000
2017-11-02,5.391250133514404,5.398749828338623,5.268750190734863,5.380000114440918,91780800
2017-11-03,5.437082767486572,5.536250114440918,5.382082939147949,5.53000020980835,86700000
2017-11-06,5.520417213439941,5.59499979019165,5.513750076293945,5.586249828338623,76096800
2017-11-07,5.573750019073486,5.62041711807251,5.539999961853027,5.595417022705078,93321600
2017-11-08,5.590000152587891,5.668749809265137,5.569167137145996,5.665417194366455,68863200
2017-11-09,5.527500152587891,5.583333015441895,5.402082920074463,5.574583053588867,163195200
2017-11-10,5.537083148956299,5.5858330726623535,5.505833148956299,5.5729169845581055,66436800
2017-11-13,5.514166831970215,5.614167213439941,5.509582996368408,5.589582920074463,75144000
2017-11-14,5.533332824707031,5.551667213439941,5.451666831970215,5.533332824707031,91000800
2017-11-15,5.462500095367432,5.497917175292969,5.364999771118164,5.452083110809326,80668800
2017-11-16,5.537917137145996,5.696249961853027,5.534999847412109,5.65625,80853600
2017-11-17,5.662083148956299,5.673333168029785,5.577917098999023,5.592916965484619,69352800
2017-11-20,5.601666927337647,5.620832920074463,5.556666851043701,5.579166889190674,50059200
2017-11-21,5.657083034515381,5.766666889190674,5.651249885559082,5.755000114440918,70742400
2017-11-22,5.775416851043701,5.796249866485596,5.742917060852051,5.77791690826416,60117600
2017-11-24,5.800000190734863,5.847499847412109,5.789166927337647,5.842916965484619,39952800
2017-11-27,5.835416793823242,5.875833034515381,5.795000076293945,5.833333015441895,66837600
2017-11-28,5.872917175292969,5.889583110809326,5.779582977294922,5.87624979019165,70305600
2017-11-29,5.861667156219482,5.861667156219482,5.489999771118164,5.574166774749756,208288800
2017-11-30,5.644166946411133,5.743332862854004,5.602083206176758,5.712500095367432,118780800
2017-12-01,5.602083206176758,5.717916965484619,5.387083053588867,5.636250019073486,170294400
2017-12-04,5.74666690826416,5.759582996368408,5.424582958221436,5.441667079925537,165444000
2017-12-05,5.4320831298828125,5.637083053588867,5.372917175292969,5.449583053588867,115480800
2017-12-06,5.389166831970215,5.547916889190674,5.369166851043701,5.521667003631592,94759200
2017-12-07,5.525000095367432,5.625,5.503749847412109,5.576250076293945,76156800
2017-12-08,5.699999809265137,5.740832805633545,5.625,5.650000095367432,88401600
2017-12-11,5.658750057220459,5.786666870117188,5.65625,5.779582977294922,71568000
2017-12-12,5.771249771118164,5.80916690826416,5.7216668128967285,5.757916927337647,73377600
2017-12-13,5.823332786560059,5.84499979019165,5.765832901000977,5.786666870117188,83342400
2017-12-14,5.820416927337647,5.862082958221436,5.756249904632568,5.778333187103272,71246400
2017-12-15,5.845832824707031,5.9920830726623535,5.814167022705078,5.966249942779541,111669600
2017-12-18,6.083749771118164,6.137083053588867,6.058332920074463,6.1195831298828125,81081600
2017-12-19,6.086667060852051,6.106249809265137,5.963749885559082,6.019999980926514,98868000
2017-12-20,6.077499866485596,6.079999923706055,5.920416831970215,5.994999885559082,71150400
2017-12-21,6.016250133514404,6.071249961853027,5.9716668128967285,5.9920830726623535,66518400
2017-12-22,5.966667175292969,5.978750228881836,5.921667098999023,5.97208309173584,42492000
2017-12-26,5.876667022705078,5.896667003631592,5.80791711807251,5.875417232513428,48866400
2017-12-27,5.875833034515381,5.922500133514404,5.858333110809326,5.875417232513428,45196800
2017-12-28,5.927499771118164,5.93291711807251,5.874166965484619,5.891250133514404,46730400
2017-12-29,5.913332939147949,5.913332939147949,5.7758331298828125,5.78000020980835,68558400
2018-01-02,5.870832920074463,6.08916711807251,5.828750133514404,6.076666831970215,91735200
2018-01-03,6.101250171661377,6.277500152587891,6.100417137145996,6.25458288192749,85224000
2018-01-04,6.327917098999023,6.350417137145996,6.269166946411133,6.291250228881836,70024800
2018-01-05,6.379167079925537,6.494999885559082,6.346250057220459,6.481249809265137,82380000
2018-01-08,6.480416774749756,6.566667079925537,6.474166870117188,6.553332805633545,72252000
2018-01-09,6.593332767486572,6.615417003631592,6.5,6.558332920074463,104169600
2018-01-10,6.467082977294922,6.514166831970215,6.383749961853027,6.511666774749756,95853600
2018-01-11,6.544582843780518,6.642083168029785,6.514166831970215,6.642083168029785,74839200
2018-01-12,6.6195831298828125,6.808750152587891,6.600832939147949,6.782917022705078,89560800
2018-01-16,6.920000076293945,7.02791690826416,6.670000076293945,6.730416774749756,165021600
2018-01-17,6.820000171661377,6.977083206176758,6.727917194366455,6.942500114440918,82624800
2018-01-18,6.912083148956299,6.99541711807251,6.862916946411133,6.949166774749756,94394400
2018-01-19,7.008749961853027,7.045833110809326,6.910417079925537,7.015832901000977,84948000
2018-01-22,6.999166965484619,7.235000133514404,6.981249809265137,7.235000133514404,103862400
2018-01-23,7.3045830726623535,7.43625020980835,7.293333053588867,7.418333053588867,129343200
2018-01-24,7.458749771118164,7.510832786560059,7.143750190734863,7.267917156219482,209073600
2018-01-25,7.419582843780518,7.425000190734863,7.1904168128967285,7.258749961853027,133300800
2018-01-26,7.375,7.582917213439941,7.336667060852051,7.582917213439941,106437600
2018-01-29,7.537917137145996,7.58916711807251,7.433750152587891,7.482500076293945,132348000
2018-01-30,7.274167060852051,7.389583110809326,7.178332805633545,7.291250228881836,132506400
2018-01-31,7.418749809265137,7.4608330726623535,7.25,7.381249904632568,110997600
2018-02-01,7.217916965484619,7.425000190734863,7.119999885559082,7.196667194366455,127968000
2018-02-02,7.116250038146973,7.15958309173584,6.746250152587891,6.757082939147949,190185600
2018-02-05,6.5729169845581055,6.90166711807251,5.94208288192749,5.977083206176758,230628000
2018-02-06,5.700832843780518,6.458333015441895,5.62624979019165,6.437917232513428,239383200
2018-02-07,6.377500057220459,6.582917213439941,6.183332920074463,6.183332920074463,176112000
2018-02-08,6.247083187103272,6.255833148956299,5.4166669845581055,5.417082786560059,216405600
2018-02-09,5.633333206176758,5.797916889190674,5.050000190734863,5.672082901000977,320344800
2018-02-12,5.865832805633545,6.099583148956299,5.717916965484619,5.989583015441895,175056000
2018-02-13,5.884582996368408,6.108333110809326,5.848750114440918,6.0625,108055200
2018-02-14,5.9716668128967285,6.442500114440918,5.96541690826416,6.417500019073486,168115200
2018-02-15,6.583333015441895,6.761666774749756,6.382500171661377,6.7529168128967285,190375200
2018-02-16,6.703750133514404,6.894583225250244,6.639583110809326,6.677499771118164,170553600
2018-02-20,6.600832939147949,6.885000228881836,6.594583034515381,6.7108330726623535,145869600
2018-02-21,6.8070831298828125,7.008749961853027,6.645833015441895,6.650416851043701,177477600
2018-02-22,6.747083187103272,6.847917079925537,6.600832939147949,6.65166711807251,166603200
2018-02-23,6.802499771118164,7.052499771118164,6.730833053588867,7.047916889190674,142768800
2018-02-26,7.158750057220459,7.334167003631592,7.143332958221436,7.3308329582214355,133951200
2018-02-27,7.34375,7.3829169273376465,7.05916690826416,7.068333148956299,173308800
2018-02-28,7.18625020980835,7.256249904632568,6.9191670417785645,6.926249980926514,153014400
2018-03-01,6.941667079925537,7.0341668128967285,6.403333187103272,6.592916965484619,251916000
2018-03-02,6.361667156219482,6.805832862854004,6.28249979019165,6.774167060852051,193399200
2018-03-05,6.678750038146973,7.046667098999023,6.59833288192749,6.986667156219482,148881600
2018-03-06,7.090833187103272,7.153749942779541,6.949999809265137,7.074999809265137,142060800
2018-03-07,6.920416831970215,7.145833015441895,6.884167194366455,7.1279168128967285,133764000
2018-03-08,7.207499980926514,7.259167194366455,7.12958288192749,7.234167098999023,115168800
2018-03-09,7.3983330726623535,7.655416965484619,7.365832805633545,7.655416965484619,147348000
2018-03-12,7.7291669845581055,7.84041690826416,7.680832862854004,7.769999980926514,132679200
2018-03-13,7.7291669845581055,7.84041690826416,7.41083288192749,7.487916946411133,182292000
2018-03-14,7.582499980926514,7.605416774749756,7.366666793823242,7.462500095367432,133622400
2018-03-15,7.485000133514404,7.575417041778564,7.360000133514404,7.429166793823242,110896800
2018-03-16,7.471666812896728,7.528333187103271,7.366666793823242,7.380000114440918,78268800
2018-03-19,7.187082767486572,7.187082767486572,6.711249828338623,6.9166669845581055,194232000
2018-03-20,6.918333053588867,7.016666889190674,6.84041690826416,6.96750020980835,92193600
2018-03-21,6.9166669845581055,7.108333110809326,6.780832767486572,6.866666793823242,132496800
2018-03-22,6.599999904632568,6.733333110809326,6.341667175292969,6.364999771118164,205879200
2018-03-23,6.341667175292969,6.395833015441895,5.850832939147949,5.850832939147949,217598400
2018-03-26,6.208333015441895,6.534999847412109,5.932499885559082,6.509167194366455,183504000
2018-03-27,6.662083148956299,6.662083148956299,5.71541690826416,5.885000228881836,273614400
2018-03-28,5.782083034515381,5.950832843780518,5.5416669845581055,5.6820831298828125,242289600
2018-03-29,5.768332958221436,6.154167175292969,5.605416774749756,5.99666690826416,197073600
2018-04-02,5.855000019073486,5.9375,5.282083034515381,5.46416711807251,244953600
2018-04-03,5.614583015441895,5.716667175292969,5.349583148956299,5.647500038146973,221805600
2018-04-04,5.317916870117188,5.965833187103272,5.300000190734863,5.914583206176758,216729600
2018-04-05,6.090833187103272,6.114583015441895,5.881667137145996,6.007500171661377,183355200
2018-04-06,5.820416927337647,5.992499828338623,5.475832939147949,5.55916690826416,232291200
2018-04-09,5.705832958221436,6.010832786560059,5.647916793823242,5.670416831970215,175891200
2018-04-10,5.935417175292969,6.106249809265137,5.818333148956299,6.045000076293945,194875200
2018-04-11,5.941667079925537,6.140417098999023,5.925416946411133,5.943333148956299,143440800
2018-04-12,6.0625,6.21875,6.041250228881836,6.15166711807251,142766400
2018-04-13,6.250417232513428,6.27666711807251,5.985833168029785,6.060417175292969,142485600
2018-04-16,6.18416690826416,6.266250133514404,6.074166774749756,6.194167137145996,118298400
2018-04-17,6.380000114440918,6.638332843780518,6.347917079925537,6.59041690826416,124147200
2018-04-18,6.599999904632568,6.706250190734863,6.504167079925537,6.636250019073486,118089600
2018-04-19,6.540417194366455,6.582499980926514,6.3854169845581055,6.455832958221436,129019200
2018-04-20,6.40625,6.4166669845581055,6.079166889190674,6.146249771118164,140812800
2018-04-23,6.2316670417785645,6.304999828338623,6.0,6.097917079925537,123333600
2018-04-24,6.178332805633545,6.212082862854004,5.590000152587891,5.709167003631592,213019200
2018-04-25,5.736667156219482,5.800000190734863,5.494999885559082,5.7316670417785645,210816000
2018-04-26,5.949583053588867,6.145833015441895,5.892499923706055,6.087082862854004,141993600
2018-04-27,6.353332996368408,6.360416889190674,5.99666690826416,6.101250171661377,164858400
2018-04-30,6.142083168029785,6.254167079925537,5.922082901000977,5.971250057220459,161124000
2018-05-01,5.9191670417785645,6.173333168029785,5.880416870117188,6.165417194366455,116978400
2018-05-02,6.206250190734863,6.2604169845581055,6.0416669845581055,6.05791711807251,143652000
2018-05-03,5.977083206176758,6.124582767486572,5.768750190734863,6.058332920074463,196072800
2018-05-04,5.9816670417785645,6.443749904632568,5.965833187103272,6.399167060852051,185932800
2018-05-07,6.494166851043701,6.622083187103272,6.474166870117188,6.551249980926514,139063200
2018-05-08,6.516250133514404,6.580832958221436,6.396249771118164,6.529582977294922,126715200
2018-05-09,6.574999809265137,6.764583110809326,6.504167079925537,6.748332977294922,114996000
2018-05-10,6.8125,6.972499847412109,6.797500133514404,6.958333015441895,119006400
2018-05-11,6.922916889190674,6.984167098999023,6.845832824707031,6.9375,119697600
2018-05-14,6.981249809265137,7.103750228881836,6.9375,6.968332767486572,109183200
2018-05-15,6.802499771118164,6.814167022705078,6.630833148956299,6.742917060852051,174520800
2018-05-16,6.758333206176758,6.9166669845581055,6.756667137145996,6.8670830726623535,89712000
2018-05-17,6.797082901000977,6.945416927337647,6.68874979019165,6.789583206176758,103219200
2018-05-18,6.712082862854004,6.779167175292969,6.653333187103272,6.680832862854004,85466400
2018-05-21,6.834167003631592,6.926249980926514,6.708333015441895,6.797500133514404,116892000
2018-05-22,6.884582996368408,6.920833110809326,6.732500076293945,6.762083053588867,96943200
2018-05-23,6.612500190734863,6.93625020980835,6.605833053588867,6.9320831298828125,123045600
2018-05-24,6.929999828338623,6.963749885559082,6.71750020980835,6.926249980926514,71110400
2018-05-25,6.928750038146973,7.019999980926514,6.883749961853027,6.943749904632568,63081600
2018-05-29,6.848750114440918,6.972499847412109,6.728750228881836,6.855000019073486,94451200
2018-05-30,6.925000190734863,7.034999847412109,6.881249904632568,7.00124979019165,70806400
2018-05-31,6.991250038146973,7.122499942779541,6.929999828338623,6.986249923706055,81056800
2018-06-01,7.081250190734863,7.322500228881836,7.081250190734863,7.31125020980835,77171200
2018-06-04,7.362500190734863,7.512499809265137,7.352499961853027,7.49875020980835,64049600
2018-06-05,7.558750152587891,7.613749980926514,7.476250171661377,7.576250076293945,55900000
2018-06-06,7.599999904632568,7.707499980926514,7.485000133514404,7.701250076293945,57628000
2018-06-07,7.711249828338623,7.715000152587891,7.403749942779541,7.522500038146973,78452000
2018-06-08,7.403749942779541,7.550000190734863,7.353750228881836,7.517499923706055,49320800
2018-06-11,7.49875020980835,7.632500171661377,7.494999885559082,7.576250076293945,40836000
2018-06-12,7.607500076293945,7.716249942779541,7.583749771118164,7.696249961853027,47848000
2018-06-13,7.724999904632568,7.866250038146973,7.642499923706055,7.6875,72247200
2018-06-14,7.797500133514404,7.957499980926514,7.776249885559082,7.921249866485596,90452800
2018-06-15,7.829999923706055,7.886250019073486,7.724999904632568,7.84250020980835,77689600
2018-06-18,7.6875,7.84375,7.614999771118164,7.824999809265137,68726400
2018-06-19,7.523749828338623,7.757500171661377,7.452499866485596,7.755000114440918,107633600
2018-06-20,7.857500076293945,8.016249656677246,7.841249942779541,7.917500019073486,79644800
2018-06-21,7.972499847412109,7.99875020980835,7.666250228881836,7.712500095367432,102280800
2018-06-22,7.789999961853027,7.797500133514404,7.576250076293945,7.635000228881836,62227200
2018-06-25,7.452499866485596,7.483749866485596,6.93625020980835,7.147500038146973,171306400
2018-06-26,7.216249942779541,7.347499847412109,7.137499809265137,7.226250171661377,94165600
2018-06-27,7.317500114440918,7.414999961853027,6.914999961853027,6.93625020980835,131838400
2018-06-28,6.902500152587891,7.176249980926514,6.858749866485596,7.106249809265137,111300000
2018-06-29,7.208749771118164,7.320000171661377,7.132500171661377,7.138750076293945,78536000
2018-07-02,6.957499980926514,7.307499885559082,6.909999847412109,7.298749923706055,83296800
2018-07-03,7.377500057220459,7.385000228881836,7.028749942779541,7.047500133514404,56425600
2018-07-05,7.18625020980835,7.323750019073486,7.073750019073486,7.306250095367432,65622400
2018-07-06,7.351250171661377,7.661250114440918,7.315000057220459,7.635000228881836,75012000
2018-07-09,7.760000228881836,7.856249809265137,7.673749923706055,7.847499847412109,72377600
2018-07-10,7.881249904632568,7.918749809265137,7.784999847412109,7.866250038146973,66784000
2018-07-11,7.6875,7.832499980926514,7.661250114440918,7.75124979019165,79829600
2018-07-12,7.846250057220459,8.140000343322754,7.829999923706055,8.133749961853027,81352000
2018-07-13,8.135000228881836,8.203749656677246,8.073749542236328,8.157500267028809,67876000
2018-07-16,8.163749694824219,8.207500457763672,8.0600004196167,8.102499961853027,55560000
2018-07-17,7.849999904632568,8.300000190734863,7.847499847412109,8.2524995803833,75593600
2018-07-18,8.25,8.273750305175781,8.125,8.199999809265137,46537600
2018-07-19,8.119999885559082,8.194999694824219,8.047499656677246,8.078749656677246,76874400
2018-07-20,8.145000457763672,8.228750228881836,8.041250228881836,8.067500114440918,57396000
2018-07-23,7.996250152587891,8.1537504196167,7.900000095367432,8.137499809265137,63027200
2018-07-24,8.393750190734863,8.481249809265137,8.143750190734863,8.241250038146973,95066400
2018-07-25,8.2524995803833,8.601249694824219,8.24625015258789,8.585000038146973,77241600
2018-07-26,8.239999771118164,8.317500114440918,8.163749694824219,8.210000038146973,111888000
2018-07-27,8.354999542236328,8.362500190734863,7.722499847412109,7.867499828338623,118098400
2018-07-30,7.868750095367432,7.87624979019165,7.414999961853027,7.528749942779541,100805600
2018-07-31,7.608749866485596,7.786250114440918,7.488749980926514,7.678750038146973,95712000
2018-08-01,7.75,7.853750228881836,7.65500020980835,7.783750057220459,69301600
2018-08-02,7.612500190734863,8.125,7.605000019073486,8.09375,92242400
2018-08-03,8.136249542236328,8.173749923706055,8.037500381469727,8.166250228881836,72133600
2018-08-06,8.15625,8.321249961853027,8.123749732971191,8.31624984741211,68068000
2018-08-07,8.381250381469727,8.449999809265137,8.331250190734863,8.397500038146973,71970400
2018-08-08,8.369999885559082,8.481249809265137,8.300000190734863,8.420000076293945,63434400
2018-08-09,8.412500381469727,8.512499809265137,8.3774995803833,8.412500381469727,54530400
2018-08-10,8.244999885559082,8.318750381469727,8.1274995803833,8.2162504196167,85626400
2018-08-13,8.261249542236328,8.421250343322754,8.181249618530273,8.192500114440918,92674400
2018-08-14,8.282500267028809,8.373749732971191,8.1537504196167,8.34375,60727200
2018-08-15,8.154999732971191,8.225000381469727,7.885000228881836,8.039999961853027,115857600
2018-08-16,8.217499732971191,8.268750190734863,8.06624984741211,8.113750457763672,65142400
2018-08-17,8.048749923706055,8.177499771118164,7.901249885559082,8.112500190734863,70262400
2018-08-20,8.171250343322754,8.178750038146973,8.0,8.0962495803833,67461600
2018-08-21,8.167499542236328,8.327500343322754,8.151249885559082,8.180000305175781,67069600
2018-08-22,8.125,8.302499771118164,8.098750114440918,8.274999618530273,63313600
2018-08-23,8.233750343322754,8.407500267028809,8.196249961853027,8.233750343322754,71133600
2018-08-24,8.321249961853027,8.483750343322754,8.3125,8.462499618530273,63956800
2018-08-27,8.598750114440918,8.71875,8.552499771118164,8.717499732971191,72851200
2018-08-28,8.789999961853027,8.821249961853027,8.704999923706055,8.756250381469727,65224800
2018-08-29,8.801250457763672,9.074999809265137,8.793749809265137,9.0625,65735200
2018-08-30,9.00749969482422,9.170000076293944,8.918749809265137,9.011249542236328,87863200
2018-08-31,8.977499961853027,9.118749618530272,8.946249961853027,9.037500381469728,63180000
2018-09-04,8.958749771118164,9.00374984741211,8.7787504196167,8.930000305175781,80209600
2018-09-05,8.875,8.87874984741211,8.489999771118164,8.574999809265137,107729600
2018-09-06,8.59000015258789,8.616250038146973,8.172499656677246,8.3412504196167,115504800
2018-09-07,8.170000076293945,8.461250305175781,8.15250015258789,8.258749961853027,77009600
2018-09-10,8.386249542236328,8.40250015258789,8.19124984741211,8.331250190734863,55448800
2018-09-11,8.2212495803833,8.5600004196167,8.162500381469727,8.516249656677246,70522400
2018-09-12,8.481249809265137,8.498749732971191,8.223750114440918,8.442500114440918,88261600
2018-09-13,8.587499618530273,8.7524995803833,8.583749771118164,8.692500114440918,74676000
2018-09-14,8.723750114440918,8.767499923706055,8.526249885559082,8.626250267028809,76688000
2018-09-17,8.577500343322754,8.603750228881836,8.232500076293945,8.262499809265137,72823200
2018-09-18,8.279999732971191,8.581250190734863,8.267499923706055,8.458749771118164,72758400
2018-09-19,8.462499618530273,8.522500038146973,8.273750305175781,8.4399995803833,58962400
2018-09-20,8.602499961853027,8.7475004196167,8.545000076293945,8.704999923706055,62683200
2018-09-21,8.782500267028809,8.822500228881836,8.538749694824219,8.56624984741211,60281600
2018-09-24,8.388750076293945,8.648750305175781,8.279999732971191,8.640000343322754,52875200
2018-09-25,8.623749732971191,8.69124984741211,8.538749694824219,8.675000190734863,43259200
2018-09-26,8.682499885559082,8.93375015258789,8.638750076293945,8.666250228881836,70920000
2018-09-27,8.795000076293945,8.9975004196167,8.7787504196167,8.90625,58525600
2018-09-28,8.829999923706055,8.96875,8.78499984741211,8.892499923706055,61857600
2018-10-01,9.0625,9.146249771118164,8.885000228881836,8.943750381469727,68232000
2018-10-02,8.920000076293945,9.095000267028809,8.829999923706055,8.892499923706055,64787200
2018-10-03,9.001250267028809,9.0625,8.87874984741211,8.918749809265137,66569600
2018-10-04,8.8125,8.822500228881836,8.212499618530273,8.40999984741211,150889600
2018-10-05,8.399999618530273,8.478750228881836,7.852499961853027,8.09375,132924000
2018-10-08,7.980000019073486,8.15625,7.65500020980835,7.948750019073486,119353600
2018-10-09,7.958749771118164,8.199999809265137,7.898749828338623,8.010000228881836,104289600
2018-10-10,7.87375020980835,7.882500171661377,6.929999828338623,6.971250057220459,242856000
2018-10-11,6.87624979019165,7.15625,6.478750228881836,6.68874979019165,222432000
2018-10-12,7.222499847412109,7.315000057220459,6.849999904632568,7.253749847412109,168488000
2018-10-15,7.182499885559082,7.213749885559082,6.90625,6.980000019073486,159735200
2018-10-16,7.204999923706055,7.646249771118164,7.168749809265137,7.581250190734863,124466400
2018-10-17,7.710000038146973,7.722499847412109,7.368750095367432,7.606249809265137,130120800
2018-10-18,7.507500171661377,7.516250133514404,6.976250171661377,7.078750133514404,156348800
2018-10-19,7.223750114440918,7.423749923706055,6.973750114440918,7.050000190734863,134836800
2018-10-22,7.176249980926514,7.322500228881836,6.996250152587891,7.15625,114926400
2018-10-23,6.773749828338623,7.184999942779541,6.528749942779541,7.077499866485596,176781600
2018-10-24,7.051249980926514,7.087500095367432,6.085000038146973,6.114999771118164,204842400
2018-10-25,6.386250019073486,6.846250057220459,6.303750038146973,6.742499828338623,152073600
2018-10-26,6.050000190734863,6.603750228881836,5.934999942779541,6.21875,244761600
2018-10-29,6.497499942779541,6.574999809265137,5.480000019073486,5.886250019073486,217961600
2018-10-30,5.78000020980835,6.131249904632568,5.696249961853027,6.113749980926514,184865600
2018-10-31,6.40625,6.707499980926514,6.40625,6.526249885559082,180157600
2018-11-01,6.583749771118164,6.827499866485596,6.429999828338623,6.81125020980835,126066400
2018-11-02,6.743750095367432,6.866250038146973,6.349999904632568,6.506249904632568,174357600
2018-11-05,6.510000228881836,6.517499923706055,6.21999979019165,6.442500114440918,102600800
2018-11-06,6.426249980926514,6.691249847412109,6.408750057220459,6.578750133514404,111461600
2018-11-07,6.81374979019165,7.195000171661377,6.771249771118164,7.183750152587891,138552000
2018-11-08,7.098750114440918,7.164999961853027,6.957499980926514,7.06125020980835,117524800
2018-11-09,6.864999771118164,6.909999847412109,6.536250114440918,6.702499866485596,136739200
2018-11-12,6.5625,6.598750114440918,6.073750019073486,6.113749980926514,154367200
2018-11-13,6.183750152587891,6.4375,6.054999828338623,6.111249923706055,154454400
2018-11-14,6.284999847412109,6.352499961853027,5.860000133514404,5.956250190734863,156124000
2018-11-15,5.923749923706055,6.326250076293945,5.776249885559082,6.275000095367432,169816800
2018-11-16,6.09499979019165,6.300000190734863,6.014999866485596,6.206250190734863,134324800
2018-11-19,6.114999771118164,6.143750190734863,5.550000190734863,5.611249923706055,186492000
2018-11-20,5.215000152587891,5.53000020980835,5.087500095367432,5.300000190734863,202991200
2018-11-21,5.503749847412109,5.577499866485596,5.389999866485596,5.418749809265137,115115200
2018-11-23,5.284999847412109,5.465000152587891,5.28125,5.298749923706055,56880000
2018-11-26,5.522500038146973,5.672500133514404,5.452499866485596,5.662499904632568,119964800
2018-11-27,5.577499866485596,5.764999866485596,5.486249923706055,5.721250057220459,120163200
2018-11-28,5.849999904632568,6.269999980926514,5.75,6.263750076293945,195064800
2018-11-29,6.190000057220459,6.333749771118164,6.059999942779541,6.206250190734863,129044800
2018-11-30,6.230000019073486,6.355000019073486,6.141250133514404,6.336249828338623,116635200
2018-12-03,6.760000228881836,6.787499904632568,6.53125,6.661250114440918,149343200
2018-12-04,6.568749904632568,6.62375020980835,5.883749961853027,5.928750038146973,210096000
2018-12-06,5.551249980926514,6.027500152587891,5.478750228881836,6.014999866485596,196156000
2018-12-07,5.949999809265137,6.052499771118164,5.375,5.426249980926514,222987200
2018-12-10,5.394999980926514,5.670000076293945,5.227499961853027,5.596250057220459,176468800
2018-12-11,5.866250038146973,5.875,5.511250019073486,5.65625,172163200
2018-12-12,5.902500152587891,6.066249847412109,5.796249866485596,5.798749923706055,169451200
2018-12-13,5.912499904632568,5.986249923706055,5.690000057220459,5.800000190734863,164724800
2018-12-14,5.611249923706055,5.666250228881836,5.338749885559082,5.362500190734863,156177600
2018-12-17,5.308750152587891,5.43625020980835,4.886250019073486,5.016250133514404,200592800
2018-12-18,5.135000228881836,5.25124979019165,4.971250057220459,5.099999904632568,157893600
2018-12-19,5.088749885559082,5.323750019073486,4.610000133514404,4.731249809265137,307862400
2018-12-20,4.683750152587891,4.847499847412109,4.341249942779541,4.541250228881836,320818400
2018-12-21,4.581250190734863,4.676249980926514,4.026249885559082,4.102499961853027,369034400
2018-12-24,4.0,4.161250114440918,3.7899999618530273,3.798749923706055,175600800
2018-12-26,3.912499904632568,4.492499828338623,3.829999923706055,4.482500076293945,378235200
2018-12-27,4.324999809265137,4.550000190734863,4.014999866485596,4.546249866485596,341834400
2018-12-28,4.625,4.763750076293945,4.421249866485596,4.527500152587891,304842400
2018-12-31,4.670000076293945,4.710000038146973,4.506249904632568,4.630000114440918,216966400
2019-01-02,4.347499847412109,4.778749942779541,4.341249942779541,4.696249961853027,271665600
2019-01-03,4.497499942779541,4.551249980926514,4.203750133514404,4.241250038146973,330510400
2019-01-04,4.443749904632568,4.84499979019165,4.396249771118164,4.783750057220459,272964000
2019-01-07,4.808750152587891,5.018750190734863,4.766250133514404,4.93625020980835,213106400
2019-01-08,5.086249828338623,5.138750076293945,4.862500190734863,5.078750133514404,211622400
2019-01-09,5.139999866485596,5.271249771118164,5.074999809265137,5.198750019073486,178098400
2019-01-10,5.079999923706055,5.253749847412109,4.994999885559082,5.24875020980835,175131200
2019-01-11,5.15500020980835,5.203750133514404,5.101250171661377,5.18625020980835,120804800
2019-01-14,5.053750038146973,5.117499828338623,4.982500076293945,5.051249980926514,111383200
2019-01-15,5.117499828338623,5.364999771118164,5.107500076293945,5.331250190734863,145125600
2019-01-16,5.371250152587891,5.482500076293945,5.335000038146973,5.338749885559082,135892800
2019-01-17,5.287499904632568,5.533750057220459,5.257500171661377,5.463749885559082,142040000
2019-01-18,5.590000152587891,5.701250076293945,5.481249809265137,5.613749980926514,166908800
2019-01-22,5.50124979019165,5.510000228881836,5.164999961853027,5.303750038146973,181734400
2019-01-23,5.368750095367432,5.4375,5.127500057220459,5.308750152587891,166093600
2019-01-24,5.352499961853027,5.427499771118164,5.292500019073486,5.402500152587891,128115200
2019-01-25,5.53249979019165,5.646249771118164,5.477499961853027,5.59499979019165,139513600
2019-01-28,5.37624979019165,5.388750076293945,5.25124979019165,5.388750076293945,140359200
2019-01-29,5.398749828338623,5.401249885559082,5.178750038146973,5.236249923706055,122530400
2019-01-30,5.412499904632568,5.690000057220459,5.361249923706055,5.628749847412109,175824000
2019-01-31,5.727499961853027,5.965000152587891,5.710000038146973,5.87624979019165,160575200
2019-02-01,5.792500019073486,5.927499771118164,5.757500171661377,5.801249980926514,141561600
2019-02-04,5.808750152587891,6.019999980926514,5.792500019073486,6.013750076293945,110976800
2019-02-05,6.046249866485596,6.199999809265137,6.037499904632568,6.172500133514404,128916800
2019-02-06,6.184999942779541,6.216249942779541,6.039999961853027,6.12375020980835,145420000
2019-02-07,5.958749771118164,6.003749847412109,5.736249923706055,5.87375020980835,209793600
2019-02-08,5.713749885559082,5.90625,5.699999809265137,5.903749942779541,144722400
2019-02-11,5.971250057220459,6.013750076293945,5.84499979019165,5.889999866485596,121196800
2019-02-12,6.016250133514404,6.173749923706055,5.986249923706055,6.144999980926514,128226400
2019-02-13,6.232500076293945,6.284999847412109,6.139999866485596,6.15749979019165,127609600
2019-02-14,6.087500095367432,6.243750095367432,6.027500152587891,6.179999828338623,153369600
2019-02-15,6.31374979019165,6.315000057220459,6.170000076293945,6.253749847412109,142496000
2019-02-19,6.195000171661377,6.348750114440918,6.195000171661377,6.291250228881836,103572800
2019-02-20,6.306250095367432,6.378749847412109,6.18625020980835,6.286250114440918,171065600
2019-02-21,6.233749866485596,6.286250114440918,6.116250038146973,6.215000152587891,128493600
2019-02-22,6.257500171661377,6.364999771118164,6.246250152587891,6.349999904632568,119637600
2019-02-25,6.50124979019165,6.547500133514404,6.40749979019165,6.420000076293945,124102400
2019-02-26,6.369999885559082,6.5,6.340000152587891,6.440000057220459,105356800
2019-02-27,6.353750228881836,6.447500228881836,6.223750114440918,6.420000076293945,115844000
2019-02-28,6.363749980926514,6.447500228881836,6.324999809265137,6.380000114440918,92063200
2019-03-01,6.514999866485596,6.536250114440918,6.377500057220459,6.507500171661377,140156800
2019-03-04,6.621250152587891,6.666250228881836,6.293749809265137,6.508749961853027,213088000
2019-03-05,6.522500038146973,6.585000038146973,6.427499771118164,6.525000095367432,100348800
2019-03-06,6.541250228881836,6.547500133514404,6.382500171661377,6.412499904632568,123468800
2019-03-07,6.360000133514404,6.367499828338623,6.103750228881836,6.178750038146973,169306400
2019-03-08,5.96750020980835,6.152500152587891,5.945000171661377,6.143750190734863,174936800
2019-03-11,6.216249942779541,6.538750171661377,6.216249942779541,6.527500152587891,128468000
2019-03-12,6.578750133514404,6.683750152587891,6.53125,6.633749961853027,151606400
2019-03-13,6.733749866485596,6.886250019073486,6.707499980926514,6.777500152587891,145129600
2019-03-14,6.789999961853027,6.815000057220459,6.737500190734863,6.747499942779541,95443200
2019-03-15,6.826250076293945,6.992499828338623,6.807499885559082,6.914999961853027,138845600
2019-03-18,6.921249866485596,7.042500019073486,6.880000114440918,6.977499961853027,148994400
2019-03-19,7.067500114440918,7.159999847412109,6.961249828338623,7.047500133514404,164380800
2019-03-20,7.043749809265137,7.256249904632568,6.948750019073486,7.12624979019165,183522400
2019-03-21,7.059999942779541,7.487500190734863,7.056250095367432,7.456250190734863,151957600
2019-03-22,7.358749866485596,7.418749809265137,6.942500114440918,6.96875,267601600
2019-03-25,6.882500171661377,6.996250152587891,6.772500038146973,6.925000190734863,210369600
2019-03-26,7.086249828338623,7.210000038146973,6.913750171661377,7.019999980926514,175872000
2019-03-27,7.048749923706055,7.097499847412109,6.731249809265137,6.882500171661377,176810400
2019-03-28,6.933750152587891,7.003749847412109,6.803750038146973,6.926249980926514,128437600
2019-03-29,7.078750133514404,7.102499961853027,6.960000038146973,7.082499980926514,126980000
2019-04-01,7.287499904632568,7.387499809265137,7.212500095367432,7.361249923706055,122364800
2019-04-02,7.386250019073486,7.465000152587891,7.328750133514404,7.442500114440918,106728800
2019-04-03,7.567500114440918,7.711249828338623,7.50124979019165,7.571249961853027,151384000
2019-04-04,7.572500228881836,7.659999847412109,7.428750038146973,7.559999942779541,143620800
2019-04-05,7.632500171661377,7.6875,7.597499847412109,7.673749923706055,104654400
2019-04-08,7.635000228881836,7.74875020980835,7.545000076293945,7.733749866485596,103460000
2019-04-09,7.65500020980835,7.728750228881836,7.599999904632568,7.648749828338623,104121600
2019-04-10,7.682499885559082,7.777500152587891,7.653749942779541,7.772500038146973,99244000
2019-04-11,7.801249980926514,7.803750038146973,7.670000076293945,7.713749885559082,111770400
2019-04-12,7.8125,7.824999809265137,7.716249942779541,7.808750152587891,95228000
2019-04-15,7.808750152587891,7.840000152587891,7.65749979019165,7.815000057220459,83369600
2019-04-16,7.893750190734863,7.943749904632568,7.823750019073486,7.891250133514404,94287200
2019-04-17,8.045000076293945,8.069999694824219,7.901249885559082,7.96999979019165,114422400
2019-04-18,8.010000228881836,8.013750076293945,7.858749866485596,7.994999885559082,91903200
2019-04-22,7.893750190734863,8.073749542236328,7.875,8.0625,75756800
2019-04-23,8.126250267028809,8.399999618530273,8.0912504196167,8.368749618530273,104954400
2019-04-24,8.387499809265137,8.422499656677246,8.2837495803833,8.287500381469727,95075200
2019-04-25,8.4712495803833,8.481249809265137,8.25374984741211,8.380000114440918,119690400
2019-04-26,8.351249694824219,8.412500381469727,8.137499809265137,8.40999984741211,110516800
2019-04-29,8.407500267028809,8.49625015258789,8.367500305175781,8.454999923706055,83797600
2019-04-30,8.25,8.301250457763672,8.083749771118164,8.261249542236328,127595200
2019-05-01,8.414999961853027,8.488750457763672,8.157500267028809,8.166250228881836,125916000
2019-05-02,8.168749809265137,8.291250228881836,7.90625,8.06624984741211,141288800
2019-05-03,8.267499923706055,8.46875,8.223750114440918,8.446249961853027,108889600
2019-05-06,7.913750171661377,8.327500343322754,7.869999885559082,8.295000076293945,161715200
2019-05-07,8.026249885559082,8.1274995803833,7.579999923706055,7.8125,237529600
2019-05-08,7.733749866485596,7.923749923706055,7.648749828338623,7.743750095367432,161237600
2019-05-09,7.494999885559082,7.698750019073486,7.283750057220459,7.621250152587891,220417600
2019-05-10,7.53000020980835,7.753749847412109,7.15500020980835,7.642499923706055,227858400
2019-05-13,7.059999942779541,7.178750038146973,6.783750057220459,6.852499961853027,234920800
2019-05-14,6.952499866485596,7.197500228881836,6.878749847412109,7.067500114440918,140192000
2019-05-15,6.932499885559082,7.423749923706055,6.923749923706055,7.361249923706055,176160000
2019-05-16,7.375,7.727499961853027,7.351250171661377,7.591249942779541,174026400
2019-05-17,7.361249923706055,7.667500019073486,7.333749771118164,7.355000019073486,182510400
2019-05-20,7.047500133514404,7.128749847412109,6.90625,6.986249923706055,184368800
2019-05-21,7.158750057220459,7.255000114440918,7.091249942779541,7.196249961853027,114487200
2019-05-22,7.072500228881836,7.222499847412109,7.070000171661377,7.102499961853027,128912800
2019-05-23,6.857500076293945,6.860000133514404,6.638750076293945,6.767499923706055,207680800
2019-05-24,6.883749961853027,6.949999809265137,6.735000133514404,6.757500171661377,137225600
2019-05-28,6.817500114440918,6.926249980926514,6.678750038146973,6.684999942779541,116903200
2019-05-29,6.56125020980835,6.625,6.40749979019165,6.517499923706055,177921600
2019-05-30,6.566249847412109,6.647500038146973,6.480000019073486,6.59499979019165,136428000
2019-05-31,6.358749866485596,6.426249980926514,6.267499923706055,6.277500152587891,140600800
2019-06-03,6.227499961853027,6.275000095367432,5.766250133514404,5.87624979019165,241812800
2019-06-04,6.050000190734863,6.360000133514404,5.988749980926514,6.352499961853027,163869600
2019-06-05,6.536250114440918,6.539999961853027,6.296249866485596,6.492499828338623,152316800
2019-06-06,6.525000095367432,6.693749904632568,6.43874979019165,6.642499923706055,100302400
2019-06-07,6.75,7.114999771118164,6.727499961853027,7.021249771118164,151548000
2019-06-10,7.170000076293945,7.477499961853027,7.170000076293945,7.277500152587891,183272000
2019-06-11,7.507500171661377,7.546249866485596,7.231249809265137,7.304999828338623,137447200
2019-06-12,7.241250038146973,7.287499904632568,7.137499809265137,7.181250095367432,110176000
2019-06-13,7.266250133514404,7.353750228881836,7.222499847412109,7.298749923706055,98559200
2019-06-14,7.183750152587891,7.262499809265137,7.12375020980835,7.203750133514404,77144800
2019-06-17,7.24875020980835,7.396249771118164,7.230000019073486,7.335000038146973,75050400
2019-06-18,7.59375,7.81125020980835,7.538750171661377,7.652500152587891,141829600
2019-06-19,7.691249847412109,7.795000076293945,7.550000190734863,7.742499828338623,136979200
2019-06-20,8.061249732971191,8.06624984741211,7.778749942779541,7.954999923706055,119355200
2019-06-21,7.913750171661377,8.067500114440918,7.868750095367432,7.918749809265137,104646400
2019-06-24,7.961249828338623,7.986249923706055,7.901249885559082,7.916250228881836,68938400
2019-06-25,7.897500038146973,7.909999847412109,7.472499847412109,7.511250019073486,139623200
2019-06-26,7.652500152587891,7.797500133514404,7.574999809265137,7.606249809265137,94115200
2019-06-27,7.68874979019165,7.74875020980835,7.631249904632568,7.68874979019165,75270400
2019-06-28,7.747499942779541,7.773749828338623,7.638750076293945,7.721250057220459,98932800
2019-07-01,8.162500381469727,8.193750381469727,7.923749923706055,8.0287504196167,144820800
2019-07-02,8.020000457763672,8.126250267028809,7.954999923706055,8.126250267028809,81248800
2019-07-03,8.177499771118164,8.306249618530273,8.157500267028809,8.306249618530273,67127200
2019-07-05,8.136249542236328,8.298749923706055,8.038749694824219,8.2524995803833,116844800
2019-07-08,8.098750114440918,8.100000381469727,7.977499961853027,8.078749656677246,105787200
2019-07-09,7.958749771118164,8.227499961853027,7.941249847412109,8.199999809265137,88595200
2019-07-10,8.350000381469727,8.511249542236328,8.300000190734863,8.442500114440918,154109600
2019-07-11,8.483750343322754,8.537500381469727,8.338749885559082,8.420000076293945,127849600
2019-07-12,8.443750381469727,8.563750267028809,8.422499656677246,8.561249732971191,89192800
2019-07-15,8.619999885559082,8.648750305175781,8.551250457763672,8.633749961853027,73394400
2019-07-16,8.606249809265137,8.635000228881836,8.430000305175781,8.511249542236328,111992000
2019-07-17,8.515000343322754,8.553750038146973,8.380000114440918,8.385000228881836,92508000
2019-07-18,8.261249542236328,8.457500457763672,8.178750038146973,8.421250343322754,135568000
2019-07-19,8.587499618530273,8.587499618530273,8.196249961853027,8.217499732971191,140779200
2019-07-22,8.279999732971191,8.4662504196167,8.27750015258789,8.411250114440918,95506400
2019-07-23,8.551250457763672,8.577500343322754,8.380000114440918,8.573749542236328,116049600
2019-07-24,8.479999542236328,8.756250381469727,8.475000381469727,8.756250381469727,109244800
2019-07-25,8.667499542236328,8.668749809265137,8.454999923706055,8.506250381469727,150075200
2019-07-26,8.662500381469727,8.798749923706055,8.65250015258789,8.758749961853027,111478400
2019-07-29,8.744999885559082,8.744999885559082,8.508749961853027,8.677499771118164,113275200
2019-07-30,8.477499961853027,8.65999984741211,8.457500457763672,8.561249732971191,111504000
2019-07-31,8.62874984741211,8.643750190734863,7.962500095367432,8.199999809265137,196340800
2019-08-01,8.244999885559082,8.699999809265137,7.954999923706055,8.085000038146973,298384800
2019-08-02,7.900000095367432,7.928750038146973,7.574999809265137,7.715000152587891,246920000
2019-08-05,7.242499828338623,7.242499828338623,6.710000038146973,6.90500020980835,302484800
2019-08-06,7.090000152587891,7.247499942779541,6.9375,7.18874979019165,213540800
2019-08-07,6.951250076293945,7.328750133514404,6.787499904632568,7.293749809265137,307908800
2019-08-08,7.40500020980835,7.778749942779541,7.336249828338623,7.776249885559082,219056000
2019-08-09,7.65749979019165,7.739999771118164,7.371250152587891,7.546249866485596,221366400
2019-08-12,7.409999847412109,7.478750228881836,7.190000057220459,7.293749809265137,213311200
2019-08-13,7.28000020980835,7.923749923706055,7.25,7.772500038146973,239259200
2019-08-14,7.393750190734863,7.46750020980835,7.03249979019165,7.076250076293945,304930400
2019-08-15,7.112500190734863,7.164999961853027,6.883749961853027,7.046249866485596,208939200
2019-08-16,7.222499847412109,7.43625020980835,7.222499847412109,7.371250152587891,164405600
2019-08-19,7.683750152587891,7.78000020980835,7.621250152587891,7.716249942779541,120044000
2019-08-20,7.676249980926514,7.756249904632568,7.551249980926514,7.557499885559082,125264000
2019-08-21,7.753749847412109,7.823750019073486,7.671249866485596,7.75,101481600
2019-08-22,7.795000076293945,7.848750114440918,7.491250038146973,7.675000190734863,152629600
2019-08-23,7.516250133514404,7.724999904632568,6.885000228881836,6.972499847412109,302350400
2019-08-26,7.18625020980835,7.257500171661377,7.057499885559082,7.255000114440918,146585600
2019-08-27,7.40625,7.445000171661377,7.125,7.211249828338623,154579200
2019-08-28,7.138750076293945,7.321249961853027,7.03125,7.283750057220459,127824800
2019-08-29,7.552499771118164,7.678750038146973,7.46750020980835,7.614999771118164,141523200
2019-08-30,7.739999771118164,7.741250038146973,7.432499885559082,7.56125020980835,136103200
2019-09-03,7.411250114440918,7.522500038146973,7.263750076293945,7.341249942779541,128785600
2019-09-04,7.547500133514404,7.671249866485596,7.489999771118164,7.650000095367432,100464800
2019-09-05,7.902500152587891,8.138750076293945,7.889999866485596,8.072500228881836,126744000
2019-09-06,8.106249809265137,8.119999885559082,7.994999885559082,8.050000190734863,115038400
2019-09-09,8.12125015258789,8.133749961853027,7.871250152587891,7.99875020980835,112312800
2019-09-10,7.867499828338623,7.934999942779541,7.710000038146973,7.932499885559082,136765600
2019-09-11,7.96875,8.161250114440918,7.916250228881836,8.146249771118164,111400800
2019-09-12,8.297499656677246,8.4350004196167,8.211250305175781,8.2475004196167,139931200
2019-09-13,8.212499618530273,8.267499923706055,8.125,8.15999984741211,107610400
2019-09-16,7.99875020980835,8.09749984741211,7.974999904632568,8.047499656677246,97124000
2019-09-17,8.045000076293945,8.161250114440918,7.997499942779541,8.1537504196167,90796000
2019-09-18,8.107500076293945,8.1587495803833,7.84375,8.148750305175781,142063200
2019-09-19,8.19124984741211,8.336250305175781,8.137499809265137,8.1850004196167,132770400
2019-09-20,8.220000267028809,8.243749618530273,7.84250020980835,7.927499771118164,123512800
2019-09-23,7.909999847412109,8.005000114440918,7.837500095367432,7.934999942779541,89409600
2019-09-24,8.043749809265137,8.092499732971191,7.517499923706055,7.621250152587891,203765600
2019-09-25,7.59499979019165,7.929999828338623,7.403749942779541,7.864999771118164,152304000
2019-09-26,7.841249942779541,7.857500076293945,7.607500076293945,7.786250114440918,136214400
2019-09-27,7.818749904632568,7.831250190734863,7.332499980926514,7.503749847412109,188492000
2019-09-30,7.574999809265137,7.739999771118164,7.534999847412109,7.703750133514404,117103200
2019-10-01,7.789999961853027,7.918749809265137,7.477499961853027,7.517499923706055,158454400
2019-10-02,7.366250038146973,7.366250038146973,7.002500057220459,7.132500171661377,270824000
2019-10-03,7.127500057220459,7.371250152587891,6.863749980926514,7.367499828338623,240521600
2019-10-04,7.463749885559082,7.710000038146973,7.448750019073486,7.677499771118164,168977600
2019-10-07,7.607500076293945,7.791250228881836,7.567500114440918,7.606249809265137,162530400
2019-10-08,7.454999923706055,7.559999942779541,7.25,7.260000228881836,235405600
2019-10-09,7.449999809265137,7.576250076293945,7.382500171661377,7.480000019073486,152269600
2019-10-10,7.481249809265137,7.733749866485596,7.460000038146973,7.643750190734863,176239200
2019-10-11,7.902500152587891,8.125,7.892499923706055,7.929999828338623,222509600
2019-10-14,7.90625,8.013750076293945,7.882500171661377,7.93874979019165,91493600
2019-10-15,8.010000228881836,8.293749809265137,7.996250152587891,8.239999771118164,140721600
2019-10-16,8.15250015258789,8.238750457763672,8.098750114440918,8.178750038146973,117193600
2019-10-17,8.319999694824219,8.357500076293945,8.142499923706055,8.234999656677246,121839200
2019-10-18,8.202500343322754,8.25374984741211,7.87375020980835,7.99875020980835,154444000
2019-10-21,8.12874984741211,8.227499961853027,8.053750038146973,8.210000038146973,94176000
2019-10-22,8.295000076293945,8.3412504196167,8.010000228881836,8.020000457763672,125023200
2019-10-23,7.963749885559082,8.063750267028809,7.925000190734863,8.057499885559082,96905600
2019-10-24,8.233750343322754,8.305000305175781,8.12125015258789,8.288749694824219,122484800
2019-10-25,8.161250114440918,8.498749732971191,8.15625,8.477499961853027,129177600
2019-10-28,8.607500076293945,8.771249771118164,8.607500076293945,8.736249923706055,111596000
2019-10-29,8.693750381469727,8.731249809265137,8.5287504196167,8.53499984741211,107028000
2019-10-30,8.579999923706055,8.697500228881836,8.43375015258789,8.654999732971191,118984800
2019-10-31,8.7212495803833,8.739999771118164,8.513750076293945,8.661250114440918,123296000
2019-11-01,8.776249885559082,8.898750305175781,8.736249923706055,8.896249771118164,115052800
2019-11-04,9.076250076293944,9.12125015258789,9.015000343322754,9.05500030517578,99926400
2019-11-05,9.0962495803833,9.1225004196167,8.986249923706055,9.06624984741211,103229600
2019-11-06,9.043749809265137,9.047499656677246,8.881250381469727,9.008749961853027,115329600
2019-11-07,9.151249885559082,9.274999618530272,9.021249771118164,9.100000381469728,125719200
2019-11-08,9.046250343322754,9.21125030517578,8.978750228881836,9.207500457763672,81607200
2019-11-11,9.071249961853027,9.182499885559082,9.03125,9.168749809265137,76092800
2019-11-12,9.1899995803833,9.34000015258789,9.149999618530272,9.243749618530272,128692000
2019-11-13,9.1537504196167,9.2787504196167,9.13249969482422,9.229999542236328,111758400
2019-11-14,9.14875030517578,9.24625015258789,9.063750267028809,9.227499961853027,106651200
2019-11-15,9.388750076293944,9.417499542236328,9.307499885559082,9.401249885559082,90586400
2019-11-18,9.388750076293944,9.4975004196167,9.272500038146973,9.449999809265137,96696000
2019-11-19,9.55875015258789,9.55875015258789,9.386249542236328,9.488750457763672,112120000
2019-11-20,9.418749809265137,9.50374984741211,9.102499961853027,9.322500228881836,150380000
2019-11-21,9.289999961853027,9.306249618530272,9.168749809265137,9.25,90659200
2019-11-22,9.31999969482422,9.338749885559082,9.12125015258789,9.274999618530272,83668000
2019-11-25,9.390000343322754,9.602499961853027,9.387499809265137,9.5962495803833,80078400
2019-11-26,9.613750457763672,9.688750267028809,9.574999809265137,9.6537504196167,83690400
2019-11-27,9.72249984741211,9.852499961853027,9.6899995803833,9.848750114440918,81556800
2019-11-29,9.776249885559082,9.821249961853027,9.699999809265137,9.717499732971191,53796000
2019-12-02,9.717499732971191,9.723750114440918,9.25374984741211,9.404999732971191,151815200
2019-12-03,9.037500381469728,9.203749656677246,8.888750076293945,9.193750381469728,156052000
2019-12-04,9.33625030517578,9.396249771118164,9.292499542236328,9.329999923706056,87659200
2019-12-05,9.427499771118164,9.428750038146973,9.24625015258789,9.37874984741211,89080800
2019-12-06,9.585000038146973,9.702500343322754,9.567500114440918,9.668749809265137,92941600
2019-12-09,9.636249542236328,9.766249656677246,9.539999961853027,9.550000190734863,77928800
2019-12-10,9.556249618530272,9.65999984741211,9.460000038146973,9.5287504196167,112048000
2019-12-11,9.585000038146973,9.703749656677246,9.545000076293944,9.672499656677246,90596000
2019-12-12,9.641249656677246,10.0,9.602499961853027,9.893750190734863,183164000
2019-12-13,9.869999885559082,10.09000015258789,9.807499885559082,9.982500076293944,160996000
2019-12-16,10.177499771118164,10.321249961853027,10.170000076293944,10.268750190734863,99388000
2019-12-17,10.321249961853027,10.348750114440918,10.25,10.282500267028809,84548800
2019-12-18,10.331250190734863,10.40999984741211,10.292499542236328,10.306249618530272,71408000
2019-12-19,10.332500457763672,10.522500038146973,10.332500457763672,10.516249656677246,83384800
2019-12-20,10.6537504196167,10.6899995803833,10.574999809265137,10.641249656677246,99548000
2019-12-23,10.7524995803833,10.772500038146973,10.696249961853027,10.720000267028809,72427200
2019-12-24,10.743749618530272,10.758749961853027,10.65625,10.729999542236328,39898400
2019-12-26,10.7787504196167,11.013750076293944,10.7787504196167,11.008749961853027,64258400
2019-12-27,11.126250267028809,11.13249969482422,10.893750190734863,10.97624969482422,99750400
2019-12-30,10.9662504196167,10.982500076293944,10.600000381469728,10.75749969482422,112905600
2019-12-31,10.662500381469728,10.845000267028809,10.607500076293944,10.818750381469728,84380000
2020-01-02,11.088749885559082,11.354999542236328,11.02750015258789,11.354999542236328,131072000
2020-01-03,10.911250114440918,11.25,10.904999732971191,11.046250343322754,145180000
2020-01-06,10.7837495803833,11.260000228881836,10.743749618530272,11.256250381469728,128095200
2020-01-07,11.267499923706056,11.34749984741211,11.145000457763672,11.24250030517578,107699200
2020-01-08,11.244999885559082,11.65999984741211,11.19124984741211,11.501250267028809,159164800
2020-01-09,11.7787504196167,11.857500076293944,11.59000015258789,11.791250228881836,145423200
2020-01-10,11.923749923706056,11.93375015258789,11.641249656677246,11.69499969482422,137604000
2020-01-13,11.8412504196167,12.109999656677246,11.78874969482422,12.103750228881836,116558400
2020-01-14,12.072500228881836,12.143750190734863,11.90250015258789,11.962499618530272,145737600
2020-01-15,11.97249984741211,12.141249656677246,11.852499961853027,11.970000267028809,133003200
2020-01-16,12.138750076293944,12.311249732971191,12.06624984741211,12.303750038146973,121100800
2020-01-17,12.463749885559082,12.517499923706056,12.282500267028809,12.487500190734863,144402400
2020-01-21,12.37874984741211,12.563750267028809,12.369999885559082,12.481249809265137,138882400
2020-01-22,12.6537504196167,12.786250114440918,12.522500038146973,12.56624984741211,136148800
2020-01-23,12.541250228881836,12.698749542236328,12.37125015258789,12.682499885559082,143588800
2020-01-24,12.862500190734863,12.901249885559082,12.188750267028809,12.353750228881836,239374400
2020-01-27,11.53125,11.793749809265137,11.272500038146973,11.59000015258789,198626400
2020-01-28,11.831250190734863,12.208749771118164,11.7475004196167,12.12874984741211,171862400
2020-01-29,12.328749656677246,12.369999885559082,12.022500038146973,12.172499656677246,137877600
2020-01-30,11.949999809265137,12.324999809265137,11.831250190734863,12.3100004196167,200249600
2020-01-31,12.460000038146973,12.46875,11.59375,11.704999923706056,220384000
2020-02-03,11.888750076293944,12.332500457763672,11.866250038146973,12.24250030517578,173688000
2020-02-04,12.75,13.15625,12.6274995803833,13.078749656677246,140248800
2020-02-05,13.56999969482422,13.572500228881836,12.986249923706056,13.229999542236328,174612000
2020-02-06,13.313750267028809,13.567500114440918,13.176250457763672,13.552499771118164,113132800
2020-02-07,13.3725004196167,13.60124969482422,13.265000343322754,13.3774995803833,154052000
2020-02-10,13.2475004196167,13.863750457763672,13.237500190734863,13.859999656677246,123248800
2020-02-11,14.087499618530272,14.233750343322754,13.760000228881836,13.869999885559082,193770400
2020-02-12,14.111249923706056,14.293749809265137,14.012499809265137,14.276249885559082,121608000
2020-02-13,13.973750114440918,14.387499809265137,13.922499656677246,14.2212495803833,155282400
2020-02-14,14.27750015258789,14.373749732971191,14.135000228881836,14.317500114440918,113969600
2020-02-18,14.114999771118164,14.428750038146973,14.073749542236328,14.342499732971191,130167200
2020-02-19,14.60124969482422,14.850000381469728,14.550000190734863,14.75749969482422,105627200
2020-02-20,14.662500381469728,14.7475004196167,13.798749923706056,14.337499618530272,227657600
2020-02-21,14.13249969482422,14.197500228881836,13.3412504196167,13.517499923706056,207107200
2020-02-24,12.03499984741211,12.447500228881836,11.703749656677246,11.960000038146973,269674400
2020-02-25,12.241250038146973,12.363750457763672,10.86750030517578,10.99250030517578,300793600
2020-02-26,11.15999984741211,11.7162504196167,10.893750190734863,11.143750190734863,335736000
2020-02-27,10.287500381469728,10.801250457763672,9.447500228881836,9.477499961853027,425116000
2020-02-28,8.551250457763672,9.678750038146973,8.4375,9.625,494222400
2020-03-02,9.9087495803833,10.967499732971191,9.49625015258789,10.938750267028809,363518400
2020-03-03,11.046250343322754,11.4375,9.609999656677246,9.9087495803833,548126400
2020-03-04,10.442500114440918,11.143750190734863,10.162500381469728,11.111249923706056,315827200
2020-03-05,10.279999732971191,10.845000267028809,9.886249542236328,10.136249542236328,386972000
2020-03-06,9.0912504196167,9.760000228881836,8.875,9.604999542236328,393519200
2020-03-09,7.691249847412109,8.643750190734863,7.625,7.653749942779541,406964800
2020-03-10,8.4975004196167,8.866250038146973,7.625,8.845000267028809,456252800
2020-03-11,8.22249984741211,8.4037504196167,7.375,7.707499980926514,430928000
2020-03-12,6.1875,7.1875,5.550000190734863,5.59499979019165,618225600
2020-03-13,6.53000020980835,7.163750171661377,5.632500171661377,7.105000019073486,556290400
2020-03-16,5.057499885559082,6.074999809265137,4.62375020980835,4.65625,658290400
2020-03-17,4.922500133514404,5.642499923706055,4.46875,5.414999961853027,762020800
2020-03-18,4.537499904632568,5.1875,4.091249942779541,4.913750171661377,848999200
2020-03-19,4.856249809265137,5.510000228881836,4.5,5.027500152587891,804808800
2020-03-20,5.37375020980835,5.474999904632568,4.387499809265137,4.43874979019165,782255200
2020-03-23,4.491250038146973,4.75,4.033750057220459,4.452499866485596,820073600
2020-03-24,5.153749942779541,5.46750020980835,5.016250133514404,5.445000171661377,829824000
2020-03-25,5.525000095367432,5.980000019073486,5.135000228881836,5.318749904632568,834874400
2020-03-26,5.478750228881836,6.25,5.458749771118164,6.184999942779541,649240000
2020-03-27,5.703750133514404,6.041250228881836,5.473750114440918,5.542500019073486,557143200
2020-03-30,5.697500228881836,6.172500133514404,5.625,6.125,416621600
2020-03-31,6.076250076293945,6.441249847412109,5.857500076293945,5.954999923706055,731904000
2020-04-01,5.449999809265137,5.715000152587891,5.077499866485596,5.216249942779541,535589600
2020-04-02,5.150000095367432,5.542500019073486,5.096250057220459,5.525000095367432,467531200
2020-04-03,5.482500076293945,5.622499942779541,5.107500076293945,5.302499771118164,554484000
2020-04-06,5.888750076293945,6.523749828338623,5.795000076293945,6.412499904632568,518616800
2020-04-07,6.987500190734863,7.036250114440918,6.375,6.400000095367432,658009600
2020-04-08,6.586249828338623,6.875,6.409999847412109,6.808750152587891,518180000
2020-04-09,6.991250038146973,7.090000152587891,6.658750057220459,6.833749771118164,553297600
2020-04-13,6.75,7.110000133514404,6.633749961853027,7.071249961853027,426961600
2020-04-14,7.506249904632568,8.050000190734863,7.423749923706055,7.988749980926514,490049600
2020-04-15,7.613749980926514,7.923749923706055,7.457499980926514,7.723750114440918,431688000
2020-04-16,7.976250171661377,8.258749961853027,7.743750095367432,8.137499809265137,562920000
2020-04-17,8.458749771118164,8.512499809265137,8.00374984741211,8.3412504196167,463564800
2020-04-20,8.148750305175781,8.438750267028809,8.057499885559082,8.071249961853027,386998400
2020-04-21,7.832499980926514,7.891250133514404,7.038750171661377,7.178750038146973,519489600
2020-04-22,7.628749847412109,7.957499980926514,7.538750171661377,7.81374979019165,274185600
2020-04-23,7.903749942779541,8.198749542236328,7.715000152587891,7.762499809265137,424868000
2020-04-24,7.817500114440918,8.175000190734863,7.651249885559082,8.137499809265137,317981600
2020-04-27,8.397500038146973,8.448749542236328,8.204999923706055,8.296250343322754,304741600
2020-04-28,8.52750015258789,8.5287504196167,7.826250076293945,7.847499847412109,386247200
2020-04-29,8.381250381469727,8.796250343322754,8.261249542236328,8.663749694824219,346104000
2020-04-30,8.801250457763672,8.80875015258789,8.493749618530273,8.7212495803833,380544800
2020-05-01,8.164999961853027,8.413749694824219,7.8125,7.93874979019165,346245600
2020-05-04,7.817500114440918,8.241250038146973,7.758749961853027,8.21875,200756000
2020-05-05,8.4662504196167,8.77750015258789,8.401249885559082,8.481249809265137,288714400
2020-05-06,8.692500114440918,8.891249656677246,8.548749923706055,8.648750305175781,311880800
2020-05-07,8.978750228881836,9.09375,8.821249961853027,8.986249923706055,289489600
2020-05-08,9.193750381469728,9.368749618530272,9.0649995803833,9.348750114440918,262202400
2020-05-11,9.18375015258789,9.737500190734863,9.15625,9.581250190734863,269384000
2020-05-12,9.68375015258789,9.766249656677246,9.00374984741211,9.011249542236328,339363200
2020-05-13,9.073749542236328,9.306249618530272,8.345000267028809,8.670000076293945,491119200
2020-05-14,8.505000114440918,8.961250305175781,8.263750076293945,8.957500457763672,402999200
2020-05-15,8.588749885559082,9.137499809265137,8.536250114440918,9.111249923706056,357806400
2020-05-18,9.5,9.774999618530272,9.40250015258789,9.638750076293944,296474400
2020-05-19,9.672499656677246,9.946249961853027,9.550000190734863,9.5649995803833,261430400
2020-05-20,9.901249885559082,10.188750267028809,9.901249885559082,10.125,285416000
2020-05-21,10.154999732971191,10.239999771118164,9.741250038146973,9.813750267028809,322693600
2020-05-22,9.761249542236328,9.936249732971191,9.631250381469728,9.90250015258789,209664800
2020-05-26,10.381250381469728,10.414999961853027,9.797499656677246,9.861249923706056,245202400
2020-05-27,9.763750076293944,10.005000114440918,9.172499656677246,10.0,347291200
2020-05-28,9.824999809265137,10.401249885559082,9.818750381469728,9.936249732971191,303992800
2020-05-29,10.005000114440918,10.414999961853027,9.789999961853027,10.3462495803833,358492800
2020-06-01,10.25749969482422,10.529999732971191,10.203749656677246,10.473750114440918,209881600
2020-06-02,10.529999732971191,10.693750381469728,10.204999923706056,10.682499885559082,250714400
2020-06-03,10.768750190734863,10.936249732971191,10.651249885559082,10.827500343322754,215033600
2020-06-04,10.7787504196167,10.984999656677246,10.420000076293944,10.607500076293944,266408800
2020-06-05,10.737500190734863,11.31624984741211,10.6875,11.236249923706056,281394400
2020-06-08,11.198749542236328,11.510000228881836,10.987500190734863,11.486249923706056,218544800
2020-06-09,11.361249923706056,11.8725004196167,11.342499732971191,11.74250030517578,213179200
2020-06-10,11.994999885559082,12.40250015258789,11.922499656677246,12.166250228881836,302911200
2020-06-11,11.572500228881836,11.776249885559082,10.352499961853027,10.375,383332000
2020-06-12,11.036250114440918,11.206250190734863,10.053750038146973,10.600000381469728,411876800
2020-06-15,10.135000228881836,11.085000038146973,10.00749969482422,10.973750114440918,398184800
2020-06-16,11.673749923706056,11.765000343322754,11.03874969482422,11.553750038146973,383217600
2020-06-17,11.771249771118164,11.932499885559082,11.550000190734863,11.666250228881836,258858400
2020-06-18,11.61750030517578,11.795000076293944,11.505000114440918,11.756250381469728,212785600
2020-06-19,12.12125015258789,12.1537504196167,11.494999885559082,11.739999771118164,289950400
2020-06-22,11.738750457763672,12.193750381469728,11.688750267028809,12.157500267028809,220133600
2020-06-23,12.421250343322754,12.827500343322754,12.332500457763672,12.475000381469728,234898400
2020-06-24,12.362500190734863,12.55875015258789,11.481249809265137,11.739999771118164,392821600
2020-06-25,11.738750457763672,12.09000015258789,11.342499732971191,12.051250457763672,301703200
2020-06-26,12.0024995803833,12.037500381469728,11.112500190734863,11.1850004196167,375940800
2020-06-29,11.151249885559082,11.553750038146973,10.78499984741211,11.542499542236328,259609600
2020-06-30,11.539999961853027,12.3100004196167,11.516249656677246,12.206250190734863,251388800
2020-07-01,12.232500076293944,12.80875015258789,12.154999732971191,12.642499923706056,252137600
2020-07-02,13.036250114440918,13.233750343322754,12.842499732971191,12.911250114440918,228152000
2020-07-06,13.412500381469728,13.947500228881836,13.411250114440918,13.859999656677246,211984000
2020-07-07,13.818750381469728,14.270000457763672,13.529999732971191,13.587499618530272,246099200
2020-07-08,13.803750038146973,14.11750030517578,13.561249732971191,14.109999656677246,239931200
2020-07-09,14.426250457763672,14.583749771118164,13.732500076293944,14.462499618530272,317596000
2020-07-10,14.427499771118164,14.806249618530272,13.986249923706056,14.768750190734863,242789600
2020-07-13,15.256250381469728,15.743749618530272,13.71125030517578,13.856249809265137,374584800
2020-07-14,13.448749542236328,14.21500015258789,12.923749923706056,14.149999618530272,459751200
2020-07-15,14.357500076293944,14.52750015258789,13.673749923706056,14.220000267028809,367544000
2020-07-16,13.755000114440918,14.045000076293944,13.373749732971191,13.914999961853027,299972000
2020-07-17,14.020000457763672,14.130000114440918,13.625,13.979999542236328,231003200
2020-07-20,14.100000381469728,15.2787504196167,13.886249542236328,15.170000076293944,251621600
2020-07-21,15.448749542236328,15.458749771118164,14.550000190734863,14.6850004196167,294313600
2020-07-22,14.771249771118164,15.016249656677246,14.456250190734863,14.854999542236328,227788800
2020-07-23,14.78874969482422,14.904999732971191,13.446249961853027,13.69124984741211,336648800
2020-07-24,13.063750267028809,13.520000457763672,12.626250267028809,13.286250114440918,357218400
2020-07-27,13.573749542236328,14.068750381469728,13.4350004196167,14.0,267624000
2020-07-28,13.885000228881836,13.963749885559082,13.421250343322754,13.473750114440918,238702400
2020-07-29,13.71125030517578,14.076250076293944,13.643750190734863,13.932499885559082,194280800
2020-07-30,13.612500190734863,14.24625015258789,13.420000076293944,14.1587495803833,302200000
2020-07-31,14.914999961853027,14.9375,14.109999656677246,14.922499656677246,359815200
2020-08-03,15.28125,15.641249656677246,15.25749969482422,15.478750228881836,217868000
2020-08-04,15.414999961853027,15.702500343322754,15.292499542236328,15.68000030517578,211008000
2020-08-05,15.768750190734863,15.883749961853027,15.613750457763672,15.80500030517578,162381600
2020-08-06,15.763750076293944,16.491249084472656,15.65250015258789,16.40999984741211,192064000
2020-08-07,16.327499389648438,16.477500915527344,15.46125030517578,15.873749732971191,296708000
2020-08-10,15.9087495803833,15.951250076293944,15.021249771118164,15.65999984741211,254311200
2020-08-11,15.44499969482422,15.681249618530272,14.673749923706056,14.771249771118164,310273600
2020-08-12,15.137499809265137,16.045000076293945,15.137499809265137,15.876250267028809,221247200
2020-08-13,16.010000228881836,16.397499084472656,15.81624984741211,15.987500190734863,234281600
2020-08-14,16.082500457763672,16.14875030517578,15.676250457763672,15.94124984741211,199737600
2020-08-17,16.233749389648438,16.545000076293945,16.207500457763672,16.467500686645508,126664800
2020-08-18,16.678749084472656,17.049999237060547,16.4112491607666,16.951250076293945,149313600
2020-08-19,16.948749542236328,17.1512508392334,16.5362491607666,16.6200008392334,205847200
2020-08-20,16.46875,17.39875030517578,16.396249771118164,17.303749084472656,152774400
2020-08-21,17.332500457763672,17.751249313354492,17.2237491607666,17.665000915527344,164280000
2020-08-24,18.2762508392334,18.44499969482422,17.55500030517578,17.99250030517578,251384000
2020-08-25,17.853750228881836,18.43124961853028,17.758750915527344,18.412500381469727,172556800
2020-08-26,18.658750534057617,19.631250381469727,18.63500022888184,19.591249465942383,219663200
2020-08-27,19.82250022888184,19.98374938964844,18.94750022888184,19.41374969482422,302602400
2020-08-28,19.6612491607666,19.841249465942383,19.393749237060547,19.7137508392334,198145600
2020-08-31,19.8174991607666,20.5674991607666,19.727500915527344,20.170000076293945,180398400
2020-09-01,20.739999771118164,21.24625015258789,20.36874961853028,21.217500686645508,193147200
2020-09-02,21.934999465942383,21.958749771118164,20.583749771118164,21.81624984741211,289369600
2020-09-03,20.841249465942383,20.924999237060547,17.852500915527344,18.466249465942383,443024800
2020-09-04,18.17250061035156,18.787500381469727,15.482500076293944,17.704999923706055,561480800
2020-09-08,15.618749618530272,16.74625015258789,15.13249969482422,15.202500343322754,426824800
2020-09-09,16.12874984741211,16.899999618530273,15.708749771118164,16.508750915527344,290352000
2020-09-10,17.065000534057617,17.298749923706055,15.217499732971191,15.553750038146973,465936800
2020-09-11,15.875,16.02375030517578,14.60124969482422,15.213749885559082,385797600
2020-09-14,15.875,16.35124969482422,15.635000228881836,15.9975004196167,269032800
2020-09-15,16.666250228881836,16.927499771118164,16.3700008392334,16.677499771118164,300889600
2020-09-16,16.81624984741211,16.915000915527344,15.823749542236328,15.876250267028809,306141600
2020-09-17,14.651249885559082,15.494999885559082,14.506250381469728,15.145000457763672,446844800
2020-09-18,15.357500076293944,15.431249618530272,13.845000267028809,14.5600004196167,463042400
2020-09-21,13.9037504196167,14.743749618530272,13.512499809265137,14.732500076293944,375314400
2020-09-22,15.149999618530272,15.641249656677246,14.557499885559082,15.537500381469728,315066400
2020-09-23,15.481249809265137,15.518750190734863,13.963749885559082,14.098750114440918,405507200
2020-09-24,13.71125030517578,14.838749885559082,13.646249771118164,14.30500030517578,375036000
2020-09-25,14.383749961853027,15.44499969482422,14.131250381469728,15.307499885559082,324478400
2020-09-28,16.1612491607666,16.25,15.696249961853027,16.21500015258789,273331200
2020-09-29,16.184999465942383,16.354999542236328,15.94124984741211,16.045000076293945,221805600
2020-09-30,16.073749542236328,16.940000534057617,16.03125,16.362499237060547,338768000
2020-10-01,17.071250915527344,17.258750915527344,16.72249984741211,17.12874984741211,278676000
2020-10-02,16.014999389648438,16.703750610351562,15.541250228881836,15.7162504196167,399553600
2020-10-05,16.05875015258789,16.762500762939453,16.03125,16.707500457763672,210790400
2020-10-06,16.548749923706055,16.889999389648438,15.643750190734863,15.8100004196167,345648800
2020-10-07,16.271249771118164,16.763750076293945,16.172500610351562,16.641250610351562,225088800
2020-10-08,17.056249618530273,17.076250076293945,16.6924991607666,16.886249542236328,197893600
2020-10-09,17.1924991607666,17.673749923706055,17.1200008392334,17.637500762939453,195271200
2020-10-12,18.549999237060547,19.841249465942383,18.357500076293945,19.28249931335449,294116800
2020-10-13,19.64999961853028,19.79125022888184,19.018749237060547,19.28499984741211,283861600
2020-10-14,19.457500457763672,19.64999961853028,18.456249237060547,18.80875015258789,296589600
2020-10-15,17.877500534057617,18.54874992370605,17.74250030517578,18.420000076293945,249076800
2020-10-16,18.758750915527344,19.033750534057617,18.0625,18.137500762939453,228096800
2020-10-19,18.5049991607666,18.68874931335449,17.045000076293945,17.236249923706055,277555200
2020-10-20,17.372499465942383,17.924999237060547,17.073749542236328,17.34749984741211,274710400
2020-10-21,17.386249542236328,17.876249313354492,17.21500015258789,17.302499771118164,242572800
2020-10-22,17.462499618530273,17.625,16.68375015258789,17.311250686645508,239163200
2020-10-23,17.426250457763672,17.428749084472656,16.861249923706055,17.412500381469727,191088000
2020-10-26,16.971250534057617,17.497499465942383,15.936249732971191,16.618749618530273,317113600
2020-10-27,16.783750534057617,17.149999618530273,16.565000534057617,17.011249542236328,223860000
2020-10-28,16.177499771118164,16.280000686645508,14.975000381469728,15.015000343322754,369440000
2020-10-29,15.24250030517578,16.3075008392334,15.154999732971191,15.7787504196167,276374400
2020-10-30,15.443750381469728,15.5912504196167,14.193750381469728,14.681249618530272,461622400
2020-11-02,14.973750114440918,15.261249542236328,14.201250076293944,14.686249732971191,302272000
2020-11-03,14.9975004196167,15.801250457763672,14.824999809265137,15.425000190734863,269938400
2020-11-04,16.948749542236328,17.829999923706055,16.665000915527344,17.510000228881836,338375200
2020-11-05,18.707500457763672,19.068750381469727,18.448749542236328,18.86124992370605,300264800
2020-11-06,18.73374938964844,19.071250915527344,18.00749969482422,18.924999237060547,270302400
2020-11-09,19.459999084472656,19.79750061035156,17.684999465942383,17.770000457763672,331731200
2020-11-10,17.142499923706055,17.40625,16.293750762939453,16.811250686645508,337333600
2020-11-11,17.258750915527344,18.02375030517578,17.184999465942383,17.94124984741211,253661600
2020-11-12,18.106250762939453,18.364999771118164,17.46500015258789,17.678749084472656,286687200
2020-11-13,17.97249984741211,18.26000022888184,17.582500457763672,18.14249992370605,209495200
2020-11-16,18.09375,18.62624931335449,17.967500686645508,18.559999465942383,213748800
2020-11-17,18.600000381469727,18.670000076293945,18.26625061035156,18.388750076293945,182704000
2020-11-18,18.28249931335449,18.59375,17.962499618530273,17.962499618530273,154341600
2020-11-19,17.863750457763672,18.46125030517578,17.7450008392334,18.40749931335449,159341600
2020-11-20,18.381250381469727,18.533750534057617,18.01499938964844,18.033750534057617,129993600
2020-11-23,18.227500915527344,18.467500686645508,17.594999313354492,18.037500381469727,179060800
2020-11-24,18.227500915527344,18.87874984741211,17.883750915527344,18.77499961853028,156015200
2020-11-25,18.96500015258789,19.25124931335449,18.80624961853028,19.12874984741211,128677600
2020-11-27,19.5049991607666,19.883750915527344,19.44124984741211,19.6512508392334,92927200
2020-11-30,19.71500015258789,19.84749984741211,18.82250022888184,19.752500534057617,184622400
2020-12-01,20.2237491607666,20.86874961853028,20.012500762939453,20.528749465942383,169989600
2020-12-02,20.2762508392334,20.68000030517578,19.897499084472656,20.61124992370605,146129600
2020-12-03,20.6612491607666,21.02375030517578,20.543750762939453,20.69499969482422,157461600
2020-12-04,20.700000762939453,20.979999542236328,20.56374931335449,20.948749542236328,127088000
2020-12-07,20.987499237060547,21.377500534057617,20.950000762939453,21.303749084472656,124028000
2020-12-08,21.206249237060547,21.584999084472656,20.826250076293945,21.498750686645508,133925600
2020-12-09,21.479999542236328,21.53249931335449,19.82749938964844,20.05875015258789,244878400
2020-12-10,19.6299991607666,20.533750534057617,19.40749931335449,20.30500030517578,173346400
2020-12-11,19.956249237060547,20.19124984741211,19.487499237060547,20.162500381469727,169819200
2020-12-14,20.403749465942383,21.006250381469727,20.396249771118164,20.592500686645508,146684800
2020-12-15,21.07250022888184,21.25124931335449,20.614999771118164,21.232500076293945,157417600
2020-12-16,21.346250534057617,21.78125,21.122499465942383,21.5887508392334,137590400
2020-12-17,21.956249237060547,22.084999084472656,21.698749542236328,22.03125,139275200
2020-12-18,22.19499969482422,22.238750457763672,21.31624984741211,21.79125022888184,168756000
2020-12-21,21.196250915527344,21.82749938964844,20.584999084472656,21.709999084472656,203596800
2020-12-22,21.912500381469727,22.0887508392334,21.272499084472656,21.881250381469727,160330400
2020-12-23,21.8799991607666,21.96999931335449,21.522499084472656,21.551250457763672,119434400
2020-12-24,21.613750457763672,21.93000030517578,21.59000015258789,21.831249237060547,77065600
2020-12-28,22.395000457763672,22.59499931335449,22.00374984741211,22.48624992370605,117052800
2020-12-29,22.793750762939453,22.924999237060547,22.35124969482422,22.552499771118164,121142400
2020-12-30,22.80624961853028,22.875,22.408750534057617,22.54874992370605,104807200
2020-12-31,22.533750534057617,22.809999465942383,22.29125022888184,22.725000381469727,106708000
2021-01-04,23.01000022888184,23.04874992370605,20.85375022888184,21.731250762939453,197472000
2021-01-05,21.53499984741211,22.31999969482422,21.53499984741211,22.2762508392334,118712800
2021-01-06,21.237499237060547,22.292499542236328,21.02750015258789,21.354999542236328,210730400
2021-01-07,21.92124938964844,23.081249237060547,21.918750762939453,22.897499084472656,123695200
2021-01-08,23.41374969482422,23.86000061035156,22.924999237060547,23.78499984741211,152815200
2021-01-11,23.10124969482422,23.36750030517578,22.60124969482422,22.73374938964844,140325600
2021-01-12,22.76499938964844,23.00124931335449,22.049999237060547,22.63500022888184,146031200
2021-01-13,22.696250915527344,23.27375030517578,22.5625,23.075000762939453,108750400
2021-01-14,23.1875,23.417499542236328,22.6200008392334,22.7237491607666,118236000
2021-01-15,22.676250457763672,22.89125061035156,21.88500022888184,22.17124938964844,141692000
2021-01-19,22.68124961853028,23.258750915527344,22.450000762939453,23.13249969482422,120967200
2021-01-20,23.9637508392334,24.971250534057617,23.88249969482422,24.7450008392334,121736000
2021-01-21,25.0625,25.53499984741211,24.75,25.36000061035156,92168400
2021-01-22,25.102500915527344,25.3799991607666,24.96999931335449,25.1299991607666,81878800
2021-01-25,25.940000534057617,26.26749992370605,24.200000762939453,25.82749938964844,153170400
2021-01-26,25.93000030517578,26.145000457763672,25.545000076293945,25.854999542236328,90968800
2021-01-27,25.315000534057617,25.325000762939453,23.25,23.770000457763672,188900800
2021-01-28,23.97249984741211,25.25,23.83749961853028,24.1200008392334,90021600
2021-01-29,23.725000381469727,23.979999542236328,22.1875,22.61750030517578,184278400
2021-02-01,23.387500762939453,24.50749969482422,22.934999465942383,24.280000686645508,105659600
2021-02-02,24.97249984741211,25.739999771118164,24.940000534057617,25.45499992370605,92746400
2021-02-03,25.982500076293945,26.0575008392334,25.162500381469727,25.162500381469727,95172000
2021-02-04,25.51000022888184,26.075000762939453,25.1875,26.052499771118164,72808800
2021-02-05,26.299999237060547,26.57250022888184,25.89249992370605,26.325000762939453,86615200
2021-02-08,26.739999771118164,26.887500762939453,26.33749961853028,26.84000015258789,76994800
2021-02-09,26.6200008392334,27.14249992370605,26.6200008392334,26.82749938964844,65768800
2021-02-10,27.19499969482422,27.299999237060547,25.864999771118164,26.637500762939453,123548000
2021-02-11,27.040000915527344,27.184999465942383,26.489999771118164,27.0674991607666,98860000
2021-02-12,26.895000457763672,27.575000762939453,26.61000061035156,27.52750015258789,77471600
2021-02-16,27.739999771118164,27.96500015258789,27.020000457763672,27.29750061035156,88663600
2021-02-17,26.5575008392334,26.98500061035156,26.002500534057617,26.917499542236328,105986800
2021-02-18,26.01499938964844,26.739999771118164,25.56999969482422,26.55500030517578,110202000
2021-02-19,26.90999984741211,26.920000076293945,25.96500015258789,26.20499992370605,93377200
2021-02-22,25.13500022888184,25.450000762939453,24.125,24.174999237060547,132734800
2021-02-23,22.94499969482422,24.34000015258789,21.604999542236328,23.959999084472656,199274800
2021-02-24,23.309999465942383,24.61750030517578,22.725000381469727,24.537500381469727,123042000
2021-02-25,23.905000686645508,24.51749992370605,21.612499237060547,21.975000381469727,237792000
2021-02-26,22.59749984741211,23.290000915527344,21.5625,22.30500030517578,209318400
2021-03-01,23.34000015258789,24.32749938964844,23.04750061035156,24.25,133707200
2021-03-02,24.38500022888184,24.42250061035156,23.02499961853028,23.08749961853028,151693200
2021-03-03,22.842500686645508,23.049999237060547,21.0625,21.084999084472656,231542400
2021-03-04,20.99250030517578,21.65999984741211,19.21999931335449,20.042499542236328,432037200
2021-03-05,20.57250022888184,21.11750030517578,18.75749969482422,20.940000534057617,336656400
2021-03-08,20.81999969482422,21.21249961853028,19.0674991607666,19.14999961853028,235731600
2021-03-09,20.61750030517578,21.787500381469727,20.482500076293945,21.405000686645508,173429200
2021-03-10,22.315000534057617,22.375,21.07749938964844,21.22249984741211,203371200
2021-03-11,22.2549991607666,23.065000534057617,22.03499984741211,22.69499969482422,158935600
2021-03-12,21.792499542236328,22.167499542236328,21.26749992370605,22.1299991607666,166590000
2021-03-15,22.20249938964844,22.877500534057617,21.84499931335449,22.83749961853028,126701600
2021-03-16,23.334999084472656,23.997499465942383,22.89999961853028,23.21249961853028,168770400
2021-03-17,22.530000686645508,23.9325008392334,22.15250015258789,23.5049991607666,196370800
2021-03-18,22.40250015258789,22.625,21.237499237060547,21.34749984741211,228253600
2021-03-19,21.3125,21.887500762939453,20.850000381469727,21.6200008392334,193286400
2021-03-22,22.07250022888184,23.217500686645508,22.07250022888184,22.772499084472656,141101200
2021-03-23,23.012500762939453,23.3075008392334,22.292499542236328,22.475000381469727,187780800
2021-03-24,22.772499084472656,22.780000686645508,21.3125,21.34000015258789,190483600
2021-03-25,20.95499992370605,21.545000076293945,20.412500381469727,21.225000381469727,239874400
2021-03-26,21.18000030517578,22.24250030517578,20.88249969482422,22.162500381469727,215060400
2021-03-29,22.059999465942383,22.38500022888184,21.43000030517578,22.14999961853028,190589200
2021-03-30,21.737499237060547,21.94750022888184,21.239999771118164,21.834999084472656,148349600
2021-03-31,22.19750022888184,23.14999961853028,22.127500534057617,22.815000534057617,161968800
2021-04-01,23.65999984741211,24.00749969482422,23.604999542236328,23.975000381469727,145087200
2021-04-05,24.552499771118164,25.59499931335449,24.49250030517578,25.415000915527344,130539600
2021-04-06,25.34000015258789,25.81999969482422,25.177499771118164,25.354999542236328,120606800
2021-04-07,25.25749969482422,25.7450008392334,25.02499961853028,25.542499542236328,98987200
2021-04-08,26.229999542236328,26.38500022888184,26.02499961853028,26.34000015258789,113619200
2021-04-09,26.0049991607666,26.864999771118164,25.82999992370605,26.8174991607666,129438400
2021-04-12,26.575000762939453,26.809999465942383,26.2450008392334,26.71249961853028,109632000
2021-04-13,27.09499931335449,27.75,27.030000686645508,27.627500534057617,115022000
2021-04-14,27.69750022888184,27.732500076293945,26.440000534057617,26.65749931335449,161227600
2021-04-15,27.342500686645508,27.9424991607666,27.309999465942383,27.834999084472656,120798000
2021-04-16,27.977500915527344,27.997499465942383,27.475000381469727,27.95249938964844,117488000
2021-04-19,27.537500381469727,27.842500686645508,26.6875,27.190000534057617,159168000
2021-04-20,27.012500762939453,27.32999992370605,26.09749984741211,26.59499931335449,158283600
2021-04-21,26.25,27.3075008392334,26.0049991607666,27.26749992370605,111057200
2021-04-22,27.167499542236328,27.40749931335449,25.98500061035156,26.27499961853028,174848400
2021-04-23,26.43000030517578,27.57999992370605,26.43000030517578,27.26499938964844,107686000
2021-04-26,27.32749938964844,27.86750030517578,27.137500762939453,27.80500030517578,99976800
2021-04-27,27.86750030517578,27.917499542236328,27.1924991607666,27.440000534057617,119312800
2021-04-28,27.34749984741211,27.600000381469727,26.99250030517578,27.15749931335449,118950000
2021-04-29,27.96500015258789,28.0575008392334,26.645000457763672,27.43000030517578,148124400
2021-04-30,26.82250022888184,27.450000762939453,26.67250061035156,26.915000915527344,118440400
2021-05-03,27.190000534057617,27.372499465942383,26.357500076293945,26.475000381469727,134222000
2021-05-04,25.862499237060547,25.92250061035156,24.112499237060547,25.07999992370605,211234000
2021-05-05,25.51000022888184,25.71249961853028,24.600000381469727,24.787500381469727,136429200
2021-05-06,24.717500686645508,25.3700008392334,24.19750022888184,25.32999992370605,169663200
2021-05-07,25.99250030517578,26.520000457763672,25.6924991607666,25.950000762939453,158706800
2021-05-10,25.622499465942383,25.665000915527344,23.940000534057617,24.0,184214800
2021-05-11,22.647499084472656,24.059999465942383,22.5,23.8799991607666,228806800
2021-05-12,22.7549991607666,23.287500381469727,21.82999992370605,22.0625,236158000
2021-05-13,22.64999961853028,23.167499542236328,22.01749992370605,22.52750015258789,208602000
2021-05-14,23.21999931335449,24.22249984741211,23.104999542236328,23.99250030517578,144263200
2021-05-17,23.627500534057617,23.790000915527344,22.9325008392334,23.58749961853028,138542400
2021-05-18,23.802499771118164,24.06999969482422,23.04750061035156,23.092500686645508,131684000
2021-05-19,21.912500381469727,23.247499465942383,21.832500457763672,23.177499771118164,191889600
2021-05-20,23.51749992370605,24.71500015258789,23.457500457763672,24.51749992370605,139226400
2021-05-21,24.88500022888184,24.982500076293945,24.02750015258789,24.112499237060547,128133200
2021-05-24,24.637500762939453,25.584999084472656,24.55500030517578,25.31999969482422,92181600
2021-05-25,25.6875,25.86000061035156,25.15749931335449,25.4424991607666,106728800
2021-05-26,25.59000015258789,25.809999465942383,25.43000030517578,25.700000762939453,78034800
2021-05-27,25.592500686645508,25.790000915527344,25.36000061035156,25.39999961853028,83216800
2021-05-28,25.69499969482422,26.02499961853028,25.575000762939453,25.647499084472656,81857200
2021-06-01,25.96249961853028,26.075000762939453,25.07250022888184,25.397499084472656,103863600
2021-06-02,25.487499237060547,25.74250030517578,25.13249969482422,25.530000686645508,83178800
2021-06-03,24.872499465942383,25.167499542236328,24.34499931335449,24.727500915527344,121032000
2021-06-04,25.15749931335449,26.09749984741211,25.13249969482422,25.9950008392334,91175200
2021-06-07,25.857500076293945,26.24250030517578,25.70249938964844,26.225000381469727,62193200
2021-06-08,26.645000457763672,26.854999542236328,25.857500076293945,26.2549991607666,92944400
2021-06-09,26.59000015258789,26.780000686645508,26.232500076293945,26.28499984741211,77803600
2021-06-10,26.357500076293945,27.125,26.25,27.09000015258789,117206800
2021-06-11,27.104999542236328,27.309999465942383,26.940000534057617,27.30500030517578,68338800
2021-06-14,27.40999984741211,28.092500686645508,27.125,28.06999969482422,90823200
2021-06-15,28.0049991607666,28.084999084472656,27.364999771118164,27.549999237060547,90108000
2021-06-16,27.655000686645508,27.917499542236328,26.3799991607666,27.2549991607666,157778000
2021-06-17,26.989999771118164,28.520000457763672,26.982500076293945,28.272499084472656,144323600
2021-06-18,27.852500915527344,28.145000457763672,27.420000076293945,27.59749984741211,142894400
2021-06-21,27.65749931335449,28.200000762939453,27.09749984741211,28.102500915527344,107708400
2021-06-22,28.07749938964844,29.012500762939453,27.99250030517578,28.887500762939453,103578800
2021-06-23,28.89249992370605,29.239999771118164,28.732500076293945,28.9375,93996800
2021-06-24,29.434999465942383,29.872499465942383,29.29750061035156,29.46999931335449,93672400
2021-06-25,29.622499465942383,29.6875,29.21249961853028,29.377500534057617,86993200
2021-06-28,29.6924991607666,30.46999931335449,29.684999465942383,30.417499542236328,88787600
2021-06-29,30.38999938964844,30.770000457763672,30.167499542236328,30.76000022888184,74560000
2021-06-30,30.72249984741211,30.825000762939453,30.46249961853028,30.625,80546800
2021-07-01,30.520000457763672,30.78499984741211,30.162500381469727,30.63999938964844,83834800
2021-07-02,31.15999984741211,31.787500381469727,31.09499931335449,31.68000030517578,93502000
2021-07-06,31.862499237060547,32.189998626708984,31.125,32.10499954223633,109599600
2021-07-07,32.724998474121094,32.80500030517578,31.77499961853028,32.310001373291016,115275600
2021-07-08,30.92250061035156,31.96500015258789,30.559999465942383,31.75,152524400
2021-07-09,31.56999969482422,32.45000076293945,31.40749931335449,32.287498474121094,92875600
2021-07-12,32.70000076293945,32.8224983215332,32.26499938964844,32.692501068115234,87126000
2021-07-13,32.595001220703125,33.51750183105469,32.45249938964844,32.67499923706055,119450000
2021-07-14,33.34000015258789,33.52000045776367,32.63750076293945,32.852500915527344,136042800
2021-07-15,32.852500915527344,32.89500045776367,31.614999771118164,32.17250061035156,137192800
2021-07-16,32.415000915527344,32.6775016784668,31.292499542236328,31.38249969482422,127402800
2021-07-19,30.45249938964844,30.75,29.917499542236328,30.6299991607666,202286400
2021-07-20,30.86000061035156,32.07500076293945,30.387500762939453,31.63999938964844,121544800
2021-07-21,31.57749938964844,32.397499084472656,31.5,32.36249923706055,81763200
2021-07-22,32.462501525878906,33.04999923706055,32.459999084472656,33.04249954223633,94957600
2021-07-23,33.42499923706055,34.27750015258789,33.0724983215332,34.13999938964844,103898400
2021-07-26,34.005001068115234,34.39250183105469,33.7599983215332,34.282501220703125,85977600
2021-07-27,34.20750045776367,34.20750045776367,31.957500457763672,33.162498474121094,178782000
2021-07-28,33.46500015258789,33.96500015258789,32.817501068115234,33.525001525878906,143940400
2021-07-29,33.369998931884766,34.029998779296875,33.36750030517578,33.689998626708984,88638400
2021-07-30,32.587501525878906,33.337501525878906,32.567501068115234,33.185001373291016,113118800
2021-08-02,33.6349983215332,33.79750061035156,33.005001068115234,33.17499923706055,109120000
2021-08-03,33.36000061035156,33.79999923706055,32.462501525878906,33.752498626708984,126835600
2021-08-04,33.772499084472656,34.189998626708984,33.45000076293945,33.91999816894531,96856800
2021-08-05,34.13999938964844,34.619998931884766,33.95000076293945,34.557498931884766,77340400
2021-08-06,34.1974983215332,34.48249816894531,33.790000915527344,34.10749816894531,86306000
2021-08-09,34.227500915527344,34.44499969482422,33.91999816894531,34.290000915527344,68421600
2021-08-10,34.442501068115234,34.52750015258789,33.43000030517578,33.77750015258789,106162400
2021-08-11,34.125,34.26250076293945,33.209999084472656,33.595001220703125,93188000
2021-08-12,33.45249938964844,34.04999923706055,33.060001373291016,33.94499969482422,79490800
2021-08-13,34.04499816894531,34.40250015258789,33.907501220703125,34.28499984741211,73289600
2021-08-16,33.98500061035156,34.35749816894531,32.875,34.345001220703125,122458400
2021-08-17,33.5525016784668,33.837501525878906,32.74250030517578,33.442501068115234,166395200
2021-08-18,33.275001525878906,33.68000030517578,32.377498626708984,32.470001220703125,130084800
2021-08-19,31.934999465942383,33.400001525878906,31.862499237060547,32.932498931884766,163247600
2021-08-20,33.23749923706055,34.067501068115234,33.14500045776367,33.95000076293945,125082400
2021-08-23,34.25749969482422,35.67499923706055,34.25,35.462501525878906,96532400
2021-08-24,35.65250015258789,35.98500061035156,35.51750183105469,35.8125,72686800
2021-08-25,35.872501373291016,36.09999847412109,35.657501220703125,35.852500915527344,76127200
2021-08-26,35.66749954223633,35.877498626708984,35.11000061035156,35.244998931884766,107004800
2021-08-27,35.42250061035156,36.400001525878906,35.28499984741211,36.275001525878906,92320000
2021-08-30,36.5,37.630001068115234,36.48749923706055,37.477500915527344,91270400
2021-08-31,37.55500030517578,37.57500076293945,36.92250061035156,37.372501373291016,91796000
2021-09-01,37.70750045776367,38.20500183105469,37.51750183105469,37.57749938964844,95568000
2021-09-02,37.98749923706055,38.084999084472656,37.150001525878906,37.525001525878906,95038400
2021-09-03,37.17499923706055,37.98500061035156,37.165000915527344,37.86249923706055,93201200
2021-09-07,37.88750076293945,38.220001220703125,37.540000915527344,38.01750183105469,90370800
2021-09-08,37.95249938964844,37.962501525878906,36.9275016784668,37.62749862670898,126846000
2021-09-09,37.682498931884766,38.025001525878906,37.147499084472656,37.22499847412109,110573600
2021-09-10,37.75,37.962501525878906,36.27750015258789,36.38750076293945,138435600
2021-09-13,37.0724983215332,37.19499969482422,35.689998626708984,36.30500030517578,155549200
2021-09-14,36.73749923706055,36.96500015258789,35.70500183105469,35.99250030517578,119258400
2021-09-15,36.122501373291016,36.88999938964844,35.439998626708984,36.790000915527344,111785200
2021-09-16,36.38750076293945,37.032501220703125,35.810001373291016,36.86249923706055,105230800
2021-09-17,36.72499847412109,36.73249816894531,35.2400016784668,35.560001373291016,154650400
2021-09-20,33.85499954223633,34.3650016784668,32.0,33.372501373291016,243827200
2021-09-21,33.845001220703125,34.1875,33.147499084472656,33.415000915527344,143401200
2021-09-22,33.71500015258789,34.807498931884766,33.40250015258789,34.39250183105469,175338800
2021-09-23,34.727500915527344,35.64250183105469,34.54249954223633,35.34749984741211,138739200
2021-09-24,34.68000030517578,35.5625,34.57500076293945,35.4474983215332,109550400
2021-09-27,34.5525016784668,34.849998474121094,33.849998474121094,34.592498779296875,156710800
2021-09-28,33.28499984741211,33.47249984741211,31.51749992370605,31.707500457763672,297646000
2021-09-29,31.989999771118164,32.5724983215332,31.325000762939453,31.497499465942383,195061200
2021-09-30,31.94499969482422,32.3849983215332,31.020000457763672,31.14249992370605,234624000
2021-10-01,31.3125,32.002498626708984,30.209999084472656,31.709999084472656,208708000
2021-10-04,31.27499961853028,31.372499465942383,29.11750030517578,29.76000022888184,257236000
2021-10-05,29.99250030517578,31.5,29.93000030517578,30.905000686645508,162612800
2021-10-06,30.065000534057617,31.57999992370605,29.815000534057617,31.51499938964844,234990800
2021-10-07,32.33000183105469,33.084999084472656,32.182498931884766,32.36750030517578,150815200
2021-10-08,32.66749954223633,32.72999954223633,31.74250030517578,31.8700008392334,157132000
2021-10-11,31.46500015258789,32.42250061035156,31.13500022888184,31.162500381469727,136215200
2021-10-12,31.542499542236328,31.655000686645508,30.65250015258789,30.84499931335449,174403600
2021-10-13,31.44499969482422,31.737499237060547,30.89999961853028,31.5674991607666,140921200
2021-10-14,32.52750015258789,33.36249923706055,32.349998474121094,33.310001373291016,121750000
2021-10-15,33.650001525878906,33.962501525878906,33.35499954223633,33.9275016784668,102858000
2021-10-18,33.5625,35.005001068115234,33.39500045776367,34.94499969482422,100876400
2021-10-19,35.2599983215332,35.75749969482422,35.06999969482422,35.712501525878906,106450800
2021-10-20,35.872501373291016,36.05500030517578,35.16999816894531,35.599998474121094,118709600
2021-10-21,35.36000061035156,36.3025016784668,35.282501220703125,36.23749923706055,92100400
2021-10-22,35.86750030517578,36.165000915527344,34.84000015258789,35.31999969482422,140248400
2021-10-25,35.747501373291016,36.682498931884766,35.18000030517578,36.380001068115234,118951600
2021-10-26,37.08000183105469,37.79999923706055,36.41249847412109,36.720001220703125,167975600
2021-10-27,36.88999938964844,37.93000030517578,36.81499862670898,37.0099983215332,145068000
2021-10-28,37.57749938964844,38.3125,37.34999847412109,38.22499847412109,130737600
2021-10-29,37.29750061035156,38.84999847412109,37.19499969482422,38.790000915527344,134514400
2021-11-01,38.95000076293945,39.23249816894531,38.29499816894531,39.17250061035156,130045600
2021-11-02,39.00749969482422,39.84249877929688,38.9900016784668,39.69499969482422,120171200
2021-11-03,39.834999084472656,41.08000183105469,39.51750183105469,40.95500183105469,145210400
2021-11-04,41.35749816894531,42.837501525878906,41.182498931884766,42.48249816894531,160879600
2021-11-05,43.1150016784668,43.415000915527344,42.182498931884766,42.63999938964844,170505600
2021-11-08,42.625,42.97499847412109,42.26499938964844,42.46500015258789,112919600
2021-11-09,42.8125,42.9474983215332,41.14250183105469,41.59000015258789,176237600
2021-11-10,40.68000030517578,41.59999847412109,39.125,39.76750183105469,193953600
2021-11-11,40.6875,40.747501373291016,39.97499847412109,40.09000015258789,115438000
2021-11-12,40.45249938964844,41.51750183105469,39.9375,41.36249923706055,127640800
2021-11-15,41.727500915527344,41.82749938964844,40.522499084472656,41.34999847412109,139458400
2021-11-16,41.0724983215332,42.352500915527344,41.01499938964844,42.20500183105469,103181600
2021-11-17,42.3025016784668,42.92250061035156,41.9474983215332,42.255001068115234,115936000
2021-11-18,42.91999816894531,43.72499847412109,42.192501068115234,43.54750061035156,173683200
2021-11-19,44.10749816894531,44.71749877929688,43.83000183105469,44.28499984741211,129214400
2021-11-22,44.8224983215332,45.84000015258789,42.71500015258789,42.75,179044800
2021-11-23,42.36249923706055,43.04249954223633,40.6974983215332,42.16749954223633,226025600
2021-11-24,41.32749938964844,42.63999938964844,40.58250045776367,42.557498931884766,198241600
2021-11-26,41.69499969482422,42.15999984741211,39.68000030517578,40.209999084472656,177682400
2021-11-29,41.54999923706055,43.040000915527344,41.33250045776367,42.70750045776367,158932000
2021-11-30,42.41999816894531,43.1974983215332,40.1775016784668,40.872501373291016,302586000
2021-12-01,42.21500015258789,42.90499877929688,38.61750030517578,38.775001525878906,302551200
2021-12-02,38.35499954223633,40.130001068115234,37.91249847412109,39.505001068115234,396432800
2021-12-03,40.0,40.31999969482422,36.23249816894531,37.52000045776367,480573600
2021-12-06,37.647499084472656,38.81999969482422,36.38249969482422,38.397499084472656,304828000
2021-12-07,40.442501068115234,42.06999969482422,40.435001373291016,41.86000061035156,270578400
2021-12-08,41.97249984741211,42.5,41.36750030517578,42.442501068115234,205243600
2021-12-09,42.03749847412109,42.62749862670898,40.5,40.61000061035156,212802000
2021-12-10,41.442501068115234,41.95750045776367,40.44499969482422,41.86750030517578,203075200
2021-12-13,41.86750030517578,41.97249984741211,39.94499969482422,40.067501068115234,179145200
2021-12-14,38.52999877929688,39.38999938964844,37.45750045776367,38.875,230933600
2021-12-15,38.7400016784668,41.567501068115234,37.50749969482422,41.4474983215332,269061200
2021-12-16,41.75249862670898,41.90499877929688,37.73749923706055,38.28499984741211,296220000
2021-12-17,37.20750045776367,38.9474983215332,36.75,37.70000076293945,300020800
2021-12-20,36.255001068115234,36.8125,35.625,36.5724983215332,241866000
2021-12-21,37.540000915527344,39.11249923706055,36.4275016784668,39.01750183105469,219124800
2021-12-22,38.89500045776367,40.5,38.70500183105469,40.40999984741211,177222800
2021-12-23,40.54249954223633,41.8224983215332,40.49250030517578,41.369998931884766,131308400
2021-12-27,41.772499084472656,43.38249969482422,41.75,43.34749984741211,125963200
2021-12-28,43.68999862670898,43.744998931884766,42.50749969482422,42.837501525878906,144825200
2021-12-29,42.82749938964844,43.247501373291016,41.98749923706055,42.77000045776367,115494800
2021-12-30,42.692501068115234,43.415000915527344,42.192501068115234,42.369998931884766,113271600
2021-12-31,42.157501220703125,42.59999847412109,41.4275016784668,41.58250045776367,120497200
2022-01-03,41.95750045776367,42.86000061035156,41.27999877929688,42.782501220703125,153010400
2022-01-04,42.95750045776367,42.97249984741211,40.09749984741211,41.119998931884766,213296400
2022-01-05,40.595001220703125,40.93000030517578,37.25,37.337501525878906,266490400
2022-01-06,36.75749969482422,38.20249938964844,36.10499954223633,37.23500061035156,308453200
2022-01-07,37.22499847412109,37.73500061035156,35.5,36.01750183105469,285426800
2022-01-10,34.587501525878906,36.23500061035156,33.025001525878906,36.150001525878906,358434800
2022-01-11,35.85749816894531,37.75749969482422,35.2599983215332,37.7400016784668,308653600
2022-01-12,38.49250030517578,38.98249816894531,37.470001220703125,38.16999816894531,276742400
2022-01-13,38.56499862670898,38.775001525878906,35.0099983215332,35.400001525878906,173531800
2022-01-14,34.54499816894531,36.03499984741211,34.5,35.935001373291016,178451600
2022-01-18,34.244998931884766,34.86000061035156,33.029998779296875,33.345001220703125,155320000
2022-01-19,33.68000030517578,34.35499954223633,32.08000183105469,32.185001373291016,183284400
2022-01-20,33.0099983215332,34.09000015258789,30.75,30.940000534057617,172197000
2022-01-21,30.309999465942383,31.01499938964844,28.25,28.334999084472656,342054600
2022-01-24,26.924999237060547,28.875,24.084999084472656,28.7450008392334,510169200
2022-01-25,27.075000762939453,28.155000686645508,25.875,26.625,347498000
2022-01-26,28.4950008392334,29.424999237060547,25.684999465942383,26.575000762939453,415676200
2022-01-27,27.700000762939453,28.1200008392334,25.520000457763672,25.780000686645508,323528200
2022-01-28,26.200000762939453,28.229999542236328,25.049999237060547,28.184999465942383,334032400
2022-01-31,28.52499961853028,31.030000686645508,28.11000061035156,30.915000915527344,227502200
2022-02-01,31.209999084472656,31.674999237060547,29.864999771118164,31.5049991607666,203691600
2022-02-02,32.61000061035156,32.685001373291016,31.174999237060547,32.25,201630400
2022-02-03,29.65999984741211,30.53499984741211,28.059999465942383,28.3700008392334,211150000
2022-02-04,28.434999465942383,30.20499992370605,27.94499969482422,29.350000381469727,193068800
2022-02-07,29.53499984741211,30.13500022888184,28.36000061035156,28.684999465942383,153912200
2022-02-08,28.39999961853028,29.915000915527344,28.114999771118164,29.65999984741211,158593200
2022-02-09,30.780000686645508,31.540000915527344,30.3799991607666,31.5,151075400
2022-02-10,29.655000686645508,31.45499992370605,28.89999961853028,29.40999984741211,254286600
2022-02-11,29.38999938964844,29.77499961853028,26.280000686645508,26.63999938964844,268511200
2022-02-14,26.450000762939453,27.48500061035156,25.850000381469727,26.71500015258789,190125000
2022-02-15,27.915000915527344,28.71999931335449,27.674999237060547,28.64999961853028,163444600
2022-02-16,28.13500022888184,28.89999961853028,27.350000381469727,28.645000457763672,186181000
2022-02-17,27.81999969482422,28.02499961853028,25.98500061035156,26.104999542236328,157671200
2022-02-18,26.295000076293945,26.395000457763672,24.655000686645508,25.21999931335449,226165400
2022-02-22,24.520000457763672,25.75,23.604999542236328,24.440000534057617,262876200
2022-02-23,25.1200008392334,25.315000534057617,22.48500061035156,22.56999969482422,260920400
2022-02-24,20.3799991607666,24.924999237060547,20.30500030517578,24.780000686645508,389734800
2022-02-25,25.0,26.0049991607666,24.125,25.95499992370605,238372200
2022-02-28,25.229999542236328,26.59499931335449,24.959999084472656,26.229999542236328,243401000
2022-03-01,25.959999084472656,26.48500061035156,24.424999237060547,25.020000457763672,248145000
2022-03-02,25.334999084472656,26.52499961853028,24.709999084472656,26.21500015258789,219495800
2022-03-03,26.875,26.88999938964844,24.684999465942383,25.1200008392334,223888600
2022-03-04,24.584999084472656,24.89999961853028,23.5,24.045000076293945,231391000
2022-03-07,24.02499961853028,24.270000457763672,21.315000534057617,21.36000061035156,249752600
2022-03-08,21.19499969482422,23.0,20.38500022888184,21.065000534057617,355936000
2022-03-09,22.700000762939453,23.600000381469727,22.174999237060547,23.31999969482422,219074200
2022-03-10,22.450000762939453,22.809999465942383,21.59499931335449,22.56999969482422,225574800
2022-03-11,23.170000076293945,23.23500061035156,21.045000076293945,21.170000076293945,197814800
2022-03-14,20.905000686645508,21.565000534057617,19.780000686645508,19.93000030517578,246265200
2022-03-15,20.434999465942383,21.94499969482422,20.1200008392334,21.77499961853028,211407200
2022-03-16,22.57999992370605,24.239999771118164,21.84499931335449,24.21999931335449,326175000
2022-03-17,23.795000076293945,25.09499931335449,23.520000457763672,25.030000686645508,192061600
2022-03-18,24.729999542236328,26.70499992370605,24.46500015258789,26.584999084472656,201569600
2022-03-21,26.43000030517578,26.96500015258789,25.38500022888184,26.395000457763672,221094600
2022-03-22,26.53499984741211,28.170000076293945,26.434999465942383,27.95499992370605,186689200
2022-03-23,27.280000686645508,28.13500022888184,26.75,26.77499961853028,205499400
2022-03-24,27.21500015258789,28.545000076293945,26.70499992370605,28.51000022888184,171150600
2022-03-25,28.520000457763672,28.780000686645508,27.424999237060547,28.46500015258789,198789400
2022-03-28,28.459999084472656,29.80500030517578,28.165000915527344,29.76000022888184,183407400
2022-03-29,30.76000022888184,31.479999542236328,30.06999969482422,31.28499984741211,204013400
2022-03-30,30.84000015258789,31.270000457763672,29.89999961853028,30.34499931335449,167818800
2022-03-31,30.31999969482422,30.415000915527344,28.950000762939453,29.09000015258789,168098800
2022-04-01,29.21500015258789,29.40999984741211,28.200000762939453,28.96500015258789,176162600
2022-04-04,29.190000534057617,30.77499961853028,29.114999771118164,30.77499961853028,137515000
2022-04-05,30.40999984741211,30.57999992370605,28.43000030517578,28.739999771118164,172097600
2022-04-06,27.40999984741211,27.684999465942383,26.200000762939453,26.850000381469727,296859800
2022-04-07,26.614999771118164,27.545000076293945,25.790000915527344,27.02499961853028,229654000
2022-04-08,26.61000061035156,26.795000076293945,25.75,25.920000076293945,204182400
2022-04-11,24.915000915527344,25.13500022888184,23.975000381469727,24.07999992370605,185914600
2022-04-12,25.07999992370605,25.489999771118164,23.44499969482422,23.770000457763672,247928200
2022-04-13,23.82999992370605,25.420000076293945,23.665000915527344,25.19499969482422,190084600
2022-04-14,25.209999084472656,25.325000762939453,23.415000915527344,23.5,167843600
2022-04-18,23.23500061035156,24.0049991607666,22.90999984741211,23.565000534057617,175525400
2022-04-19,23.364999771118164,25.209999084472656,23.155000686645508,25.07999992370605,172372600
2022-04-20,25.28499984741211,25.3700008392334,23.71999931335449,23.950000762939453,215629400
2022-04-21,24.81999969482422,25.38500022888184,22.295000076293945,22.545000076293945,268626400
2022-04-22,22.52499961853028,22.78499984741211,20.63999938964844,20.7549991607666,248824800
2022-04-25,20.405000686645508,21.57999992370605,20.155000686645508,21.52499961853028,332878800
2022-04-26,21.11000061035156,21.145000457763672,19.049999237060547,19.104999542236328,332263200
2022-04-27,19.084999084472656,20.11000061035156,18.684999465942383,19.020000457763672,316698600
2022-04-28,19.915000915527344,21.364999771118164,19.13999938964844,21.030000686645508,344698400
2022-04-29,20.19499969482422,20.88500022888184,18.100000381469727,18.26499938964844,320116800
2022-05-02,18.125,19.13999938964844,17.565000534057617,19.125,311905600
2022-05-03,19.09499931335449,19.584999084472656,18.64999961853028,19.170000076293945,285565600
2022-05-04,19.2450008392334,21.225000381469727,18.26499938964844,21.06999969482422,438806800
2022-05-05,20.25,20.2549991607666,17.260000228881836,17.93000030517578,455552600
2022-05-06,17.545000076293945,18.26499938964844,16.549999237060547,17.30500030517578,466794400
2022-05-09,16.280000686645508,16.709999084472656,15.005000114440918,15.260000228881836,420419800
2022-05-10,16.360000610351562,16.540000915527344,15.140000343322754,15.78499984741211,463579600
2022-05-11,15.425000190734863,16.299999237060547,14.234999656677246,14.380000114440918,529531800
2022-05-12,13.71500015258789,14.94499969482422,13.345000267028809,14.265000343322754,590993000
2022-05-13,14.925000190734863,16.0,14.6899995803833,15.8149995803833,395948000
2022-05-16,15.5649995803833,15.890000343322754,15.09000015258789,15.324999809265137,318388000
2022-05-17,16.21500015258789,16.540000915527344,15.619999885559082,16.479999542236328,307981400
2022-05-18,15.729999542236328,15.845000267028809,13.845000267028809,14.074999809265137,328105200
2022-05-19,13.770000457763672,14.510000228881836,13.520000457763672,13.789999961853027,392015600
2022-05-20,14.324999809265137,14.420000076293944,12.46500015258789,13.670000076293944,458111200
2022-05-23,13.824999809265137,14.414999961853027,13.479999542236328,14.345000267028809,341040600
2022-05-24,13.574999809265137,13.68000030517578,12.71500015258789,13.449999809265137,366488600
2022-05-25,13.220000267028809,14.300000190734863,13.19499969482422,13.989999771118164,361283800
2022-05-26,13.880000114440918,15.390000343322754,13.84000015258789,15.15999984741211,337131600
2022-05-27,15.649999618530272,16.670000076293945,15.635000228881836,16.645000457763672,315035800
2022-05-31,16.649999618530273,17.0,15.864999771118164,16.524999618530273,369158600
2022-06-01,16.854999542236328,17.21500015258789,15.774999618530272,16.139999389648438,398894200
2022-06-02,15.960000038146973,17.489999771118164,15.725000381469728,17.450000762939453,336861400
2022-06-03,16.56999969482422,16.815000534057617,15.880000114440918,16.06999969482422,324723800
2022-06-06,16.809999465942383,17.065000534057617,16.0,16.270000457763672,300958600
2022-06-07,15.710000038146973,16.799999237060547,15.524999618530272,16.665000915527344,274886600
2022-06-08,16.540000915527344,16.969999313354492,16.165000915527344,16.325000762939453,225706000
2022-06-09,16.03499984741211,16.530000686645508,14.96500015258789,14.994999885559082,275959400
2022-06-10,14.130000114440918,14.3100004196167,13.335000038146973,13.395000457763672,343352200
2022-06-13,12.135000228881836,12.489999771118164,11.40999984741211,11.539999961853027,426731400
2022-06-14,11.81999969482422,11.9350004196167,11.260000228881836,11.614999771118164,393201000
2022-06-15,12.029999732971191,12.960000038146973,11.670000076293944,12.449999809265137,549823000
2022-06-16,11.494999885559082,11.5600004196167,10.65999984741211,10.93000030517578,424284400
2022-06-17,11.03499984741211,11.640000343322754,10.824999809265137,11.335000038146973,441181000
2022-06-21,11.90999984741211,12.489999771118164,11.890000343322754,12.1899995803833,318408200
2022-06-22,11.854999542236328,12.725000381469728,11.774999618530272,12.145000457763672,388973600
2022-06-23,12.470000267028809,12.78499984741211,12.085000038146973,12.664999961853027,365372800
2022-06-24,13.05500030517578,14.020000457763672,13.024999618530272,13.989999771118164,303635000
2022-06-27,14.175000190734863,14.25,13.5,13.65999984741211,338262000
2022-06-28,13.729999542236328,14.104999542236328,12.380000114440918,12.414999961853027,373741600
2022-06-29,12.390000343322754,12.645000457763672,12.050000190734863,12.4399995803833,380182200
2022-06-30,12.029999732971191,12.44499969482422,11.375,12.0,512407800
2022-07-01,11.800000190734863,12.25,11.550000190734863,12.19499969482422,417200800
2022-07-05,11.704999923706056,12.84000015258789,11.5,12.824999809265137,441108000
2022-07-06,12.885000228881836,13.359999656677246,12.640000343322754,13.06999969482422,412245800
2022-07-07,13.1899995803833,14.0,13.1850004196167,13.880000114440918,275732600
2022-07-08,13.494999885559082,14.154999732971191,13.354999542236328,13.94499969482422,319458400
2022-07-11,13.600000381469728,13.635000228881836,12.93000030517578,13.05500030517578,258448200
2022-07-12,13.220000267028809,13.489999771118164,12.454999923706056,12.675000190734863,319233000
2022-07-13,11.920000076293944,12.914999961853027,11.845000267028809,12.595000267028809,361151000
2022-07-14,12.234999656677246,12.84000015258789,11.8100004196167,12.725000381469728,351647000
2022-07-15,13.135000228881836,13.425000190734863,12.904999732971191,13.395000457763672,308760400
2022-07-18,13.80500030517578,14.0,12.90999984741211,13.085000038146973,319900400
2022-07-19,13.574999809265137,14.3100004196167,13.345000267028809,14.229999542236328,298643400
2022-07-20,14.329999923706056,15.125,14.220000267028809,14.94499969482422,377126200
2022-07-21,15.005000114440918,15.59000015258789,14.609999656677246,15.579999923706056,319381800
2022-07-22,15.4399995803833,15.765000343322754,14.475000381469728,14.765000343322754,298800800
2022-07-25,14.765000343322754,14.835000038146973,14.204999923706056,14.545000076293944,220897600
2022-07-26,14.244999885559082,14.28499984741211,13.524999618530272,13.664999961853027,231755600
2022-07-27,14.300000190734863,15.625,14.21500015258789,15.369999885559082,341919000
2022-07-28,15.34000015258789,15.90999984741211,14.760000228881836,15.8100004196167,324071800
2022-07-29,16.065000534057617,16.825000762939453,15.835000038146973,16.68000030517578,292146400
2022-08-01,16.389999389648438,17.209999084472656,16.219999313354492,16.655000686645508,285283000
2022-08-02,16.270000457763672,17.174999237060547,16.104999542236328,16.5,325375000
2022-08-03,16.774999618530273,17.975000381469727,16.655000686645508,17.81999969482422,294213800
2022-08-04,17.844999313354492,18.13500022888184,17.479999542236328,18.075000762939453,253567200
2022-08-05,17.21500015258789,17.989999771118164,17.075000762939453,17.645000457763672,283898600
2022-08-08,17.799999237060547,18.415000915527344,17.219999313354492,17.46500015258789,267787800
2022-08-09,17.139999389648438,17.184999465942383,16.594999313354492,16.864999771118164,218406000
2022-08-10,18.06999969482422,18.31999969482422,17.655000686645508,18.25,271554400
2022-08-11,18.665000915527344,19.01000022888184,17.834999084472656,17.975000381469727,273361000
2022-08-12,18.299999237060547,19.02499961853028,18.1200008392334,18.989999771118164,211187000
2022-08-15,18.825000762939453,19.540000915527344,18.81999969482422,19.44499969482422,196308400
2022-08-16,19.280000686645508,19.690000534057617,18.76499938964844,19.31999969482422,220755800
2022-08-17,18.7549991607666,19.165000915527344,18.27499961853028,18.64999961853028,262838400
2022-08-18,18.6299991607666,18.979999542236328,18.34499931335449,18.77499961853028,192140800
2022-08-19,18.239999771118164,18.350000381469727,17.53499984741211,17.674999237060547,224256600
2022-08-22,16.94499969482422,16.985000610351562,16.1299991607666,16.28499984741211,224975400
2022-08-23,16.21500015258789,16.674999237060547,16.100000381469727,16.229999542236328,219509800
2022-08-24,16.149999618530273,16.649999618530273,16.049999237060547,16.354999542236328,187005600
2022-08-25,16.639999389648438,17.219999313354492,16.469999313354492,17.21500015258789,222052600
2022-08-26,17.174999237060547,17.3700008392334,15.100000381469728,15.119999885559082,366276600
2022-08-29,14.675000190734863,15.0600004196167,14.479999542236328,14.654999732971191,248441000
2022-08-30,14.895000457763672,14.975000381469728,13.779999732971191,14.164999961853027,327014800
2022-08-31,14.579999923706056,14.699999809265137,13.885000228881836,13.904999732971191,341030600
2022-09-01,13.539999961853027,13.96500015258789,13.010000228881836,13.920000076293944,397320400
2022-09-02,14.31999969482422,14.520000457763672,13.085000038146973,13.34000015258789,454463000
2022-09-06,13.380000114440918,13.510000228881836,12.729999542236328,13.03499984741211,361083400
2022-09-07,13.09000015258789,13.949999809265137,13.05500030517578,13.80500030517578,331569600
2022-09-08,13.515000343322754,14.210000038146973,13.31999969482422,14.029999732971191,410799800
2022-09-09,14.34000015258789,15.010000228881836,14.329999923706056,14.920000076293944,298735800
2022-09-12,15.149999618530272,15.515000343322754,15.095000267028809,15.46500015258789,273141200
2022-09-13,14.119999885559082,14.30500030517578,12.779999732971191,12.920000076293944,391296600
2022-09-14,13.0649995803833,13.335000038146973,12.81999969482422,13.210000038146973,309291800
2022-09-15,12.9399995803833,13.274999618530272,12.324999809265137,12.545000076293944,393730600
2022-09-16,12.104999542236328,12.364999771118164,11.835000038146973,12.300000190734863,392143600
2022-09-19,11.970000267028809,12.614999771118164,11.960000038146973,12.595000267028809,302692600
2022-09-20,12.265000343322754,12.595000267028809,11.989999771118164,12.295000076293944,322118600
2022-09-21,12.404999732971191,12.960000038146973,11.614999771118164,11.619999885559082,591115200
2022-09-22,11.425000190734863,11.55500030517578,11.03499984741211,11.1899995803833,431084000
2022-09-23,10.899999618530272,10.93000030517578,10.225000381469728,10.654999732971191,561304000
2022-09-26,10.579999923706056,11.104999542236328,10.414999961853027,10.510000228881836,490607800
2022-09-27,10.90999984741211,11.175000190734863,10.25,10.520000457763672,543921200
2022-09-28,10.515000343322754,11.295000076293944,10.34000015258789,11.135000228881836,512039000
2022-09-29,10.654999732971191,10.69499969482422,9.8100004196167,10.19499969482422,540195600
2022-09-30,10.079999923706056,10.545000076293944,9.640000343322754,9.65999984741211,513197600
2022-10-03,9.850000381469728,10.505000114440918,9.68000030517578,10.329999923706056,447222600
2022-10-04,10.949999809265137,11.385000228881836,10.94499969482422,11.289999961853027,463323600
2022-10-05,10.835000038146973,11.5,10.505000114440918,11.289999961853027,458399000
2022-10-06,11.149999618530272,11.529999732971191,10.960000038146973,11.005000114440918,475087200
2022-10-07,10.4399995803833,10.454999923706056,9.579999923706056,9.75,501945200
2022-10-10,9.760000228881836,9.80500030517578,9.149999618530272,9.44499969482422,412999600
2022-10-11,9.260000228881836,9.56999969482422,8.869999885559082,9.06999969482422,529747000
2022-10-12,9.114999771118164,9.31999969482422,8.96500015258789,9.050000190734863,401483800
2022-10-13,8.260000228881836,9.8100004196167,8.15999984741211,9.654999732971191,829507200
2022-10-14,9.925000190734863,9.989999771118164,8.729999542236328,8.78499984741211,670132600
2022-10-17,9.404999732971191,9.75,9.399999618530272,9.649999618530272,460050800
2022-10-18,10.4350004196167,10.5,9.585000038146973,9.890000343322754,692553800
2022-10-19,9.704999923706056,10.119999885559082,9.505000114440918,9.770000457763672,519702200
2022-10-20,9.664999961853027,10.234999656677246,9.479999542236328,9.604999542236328,529703000
2022-10-21,9.489999771118164,10.345000267028809,9.364999771118164,10.28499984741211,627458000
2022-10-24,10.3149995803833,10.734999656677246,9.899999618530272,10.635000228881836,549244000
2022-10-25,10.739999771118164,11.31999969482422,10.734999656677246,11.274999618530272,476799600
2022-10-26,10.59000015258789,11.25,10.46500015258789,10.529999732971191,558931800
2022-10-27,10.395000457763672,10.5600004196167,9.885000228881836,9.949999809265137,513258800
2022-10-28,9.875,10.904999732971191,9.854999542236328,10.850000381469728,510777200
2022-10-31,10.59000015258789,10.6850004196167,10.244999885559082,10.475000381469728,419122200
2022-11-01,10.869999885559082,10.9350004196167,10.104999542236328,10.149999618530272,430464800
2022-11-02,10.140000343322754,10.489999771118164,9.09000015258789,9.100000381469728,662952600
2022-11-03,8.824999809265137,8.975000381469727,8.520000457763672,8.574999809265137,424463600
2022-11-04,9.0649995803833,9.175000190734863,8.425000190734863,8.975000381469727,764740400
2022-11-07,9.079999923706056,9.31999969482422,8.854999542236328,9.260000228881836,401886800
2022-11-08,9.425000190734863,9.8100004196167,9.045000076293944,9.460000038146973,592112600
2022-11-09,9.265000343322754,9.350000381469728,8.765000343322754,8.800000190734863,431138200
2022-11-10,10.074999809265137,10.770000457763672,9.850000381469728,10.725000381469728,656884800
2022-11-11,10.71500015258789,11.414999961853027,10.5600004196167,11.335000038146973,614268400
2022-11-14,11.085000038146973,11.479999542236328,10.90999984741211,11.03499984741211,428451800
2022-11-15,11.824999809265137,11.975000381469728,11.09000015258789,11.479999542236328,636531400
2022-11-16,11.25,11.289999961853027,10.90999984741211,11.015000343322754,383358800
2022-11-17,10.475000381469728,11.104999542236328,10.454999923706056,10.93000030517578,426924400
2022-11-18,11.279999732971191,11.289999961853027,10.640000343322754,10.920000076293944,389577000
2022-11-21,10.760000228881836,10.899999618530272,10.484999656677246,10.59000015258789,288222600
2022-11-22,10.664999961853027,11.050000190734863,10.414999961853027,11.03499984741211,292477200
2022-11-23,11.024999618530272,11.4350004196167,11.005000114440918,11.364999771118164,357567000
2022-11-25,11.170000076293944,11.25,11.074999809265137,11.130000114440918,134753000
2022-11-28,10.899999618530272,11.135000228881836,10.529999732971191,10.640000343322754,262765200
2022-11-29,10.65999984741211,10.710000038146973,10.234999656677246,10.385000228881836,275805400
2022-11-30,10.425000190734863,11.824999809265137,10.324999809265137,11.779999732971191,545469800
2022-12-01,11.850000381469728,12.085000038146973,11.505000114440918,11.845000267028809,411007200
2022-12-02,11.225000381469728,11.8149995803833,11.19499969482422,11.704999923706056,363310000
2022-12-05,11.4399995803833,11.600000381469728,10.93000030517578,11.114999771118164,301980000
2022-12-06,11.09000015258789,11.104999542236328,10.25,10.40999984741211,339801000
2022-12-07,10.279999732971191,10.515000343322754,10.09000015258789,10.28499984741211,347335800
2022-12-08,10.4350004196167,10.75,10.19499969482422,10.649999618530272,377840200
2022-12-09,10.524999618530272,10.845000267028809,10.385000228881836,10.44499969482422,354007800
2022-12-12,10.454999923706056,10.829999923706056,10.335000038146973,10.824999809265137,225655000
2022-12-13,12.09000015258789,12.114999771118164,10.859999656677246,11.164999961853027,695385600
2022-12-14,11.104999542236328,11.494999885559082,10.539999961853027,10.899999618530272,578911000
2022-12-15,10.43000030517578,10.515000343322754,9.675000190734863,9.81999969482422,428053200
2022-12-16,9.739999771118164,9.904999732971191,9.354999542236328,9.529999732971191,351284200
2022-12-19,9.550000190734863,9.5649995803833,8.989999771118164,9.135000228881836,310533000
2022-12-20,9.0,9.279999732971191,8.835000038146973,9.095000267028809,345762400
2022-12-21,9.204999923706056,9.625,9.114999771118164,9.489999771118164,326374600
2022-12-22,9.114999771118164,9.125,8.289999961853027,8.770000457763672,460900400
2022-12-23,8.604999542236328,8.859999656677246,8.414999961853027,8.795000076293945,330134600
2022-12-27,8.729999542236328,8.739999771118164,8.359999656677246,8.420000076293945,263200600
2022-12-28,8.375,8.600000381469727,8.050000190734863,8.079999923706055,364869200
2022-12-29,8.335000038146973,8.75,8.265000343322754,8.649999618530273,306109800
2022-12-30,8.380000114440918,8.649999618530273,8.25,8.649999618530273,301941200
2023-01-03,8.869999885559082,9.020000457763672,8.234999656677246,8.454999923706055,359851800
2023-01-04,8.664999961853027,8.744999885559082,8.270000457763672,8.585000038146973,435272800
2023-01-05,8.404999732971191,8.425000190734863,8.140000343322754,8.180000305175781,362504000
2023-01-06,8.324999809265137,8.949999809265137,8.050000190734863,8.819999694824219,466895200
2023-01-09,9.039999961853027,9.479999542236328,8.944999694824219,9.005000114440918,372042800
2023-01-10,8.90999984741211,9.244999885559082,8.850000381469727,9.244999885559082,328723000
2023-01-11,9.34000015258789,9.71500015258789,9.260000228881836,9.704999923706056,302550000
2023-01-12,9.760000228881836,9.960000038146973,9.295000076293944,9.854999542236328,561852600
2023-01-13,9.585000038146973,10.085000038146973,9.550000190734863,10.050000190734863,319566000
2023-01-17,10.029999732971191,10.255000114440918,9.904999732971191,10.104999542236328,279515800
2023-01-18,10.289999961853027,10.454999923706056,9.69499969482422,9.729999542236328,373300200
2023-01-19,9.53499984741211,9.654999732971191,9.289999961853027,9.425000190734863,332741400
2023-01-20,9.59000015258789,10.225000381469728,9.479999542236328,10.19499969482422,322650400
2023-01-23,10.274999618530272,11.0,10.1899995803833,10.864999771118164,388084200
2023-01-24,10.68000030517578,10.9350004196167,10.619999885559082,10.800000190734863,290013000
2023-01-25,10.279999732971191,10.795000076293944,9.989999771118164,10.720000267028809,436167200
2023-01-26,11.109999656677246,11.359999656677246,10.800000190734863,11.34000015258789,406837800
2023-01-27,11.18000030517578,11.90999984741211,11.164999961853027,11.664999961853027,376822200
2023-01-30,11.274999618530272,11.449999809265137,10.925000190734863,10.96500015258789,347816000
2023-01-31,10.970000267028809,11.460000038146973,10.949999809265137,11.454999923706056,316513800
2023-02-01,11.43000030517578,12.475000381469728,11.18000030517578,12.19499969482422,543277600
2023-02-02,12.979999542236328,13.725000381469728,12.875,13.454999923706056,535770200
2023-02-03,12.604999542236328,13.56999969482422,12.55500030517578,12.760000228881836,534808400
2023-02-06,12.425000190734863,12.725000381469728,12.260000228881836,12.4350004196167,323632400
2023-02-07,12.414999961853027,13.345000267028809,12.270000457763672,13.204999923706056,519789200
2023-02-08,13.024999618530272,13.149999618530272,12.404999732971191,12.494999885559082,362514400
2023-02-09,13.024999618530272,13.045000076293944,11.96500015258789,12.15999984741211,395196800
2023-02-10,11.880000114440918,12.130000114440918,11.609999656677246,11.90999984741211,367863400
2023-02-13,12.06999969482422,12.550000190734863,11.925000190734863,12.475000381469728,279739800
2023-02-14,12.270000457763672,12.869999885559082,12.024999618530272,12.744999885559082,511474400
2023-02-15,12.510000228881836,13.050000190734863,12.425000190734863,13.029999732971191,275527400
2023-02-16,12.414999961853027,12.9350004196167,12.265000343322754,12.28499984741211,388993000
2023-02-17,12.015000343322754,12.114999771118164,11.649999618530272,12.020000457763672,389804800
2023-02-21,11.550000190734863,11.725000381469728,11.145000457763672,11.175000190734863,300937600
2023-02-22,11.225000381469728,11.425000190734863,10.989999771118164,11.1850004196167,334677400
2023-02-23,11.595000267028809,11.614999771118164,10.975000381469728,11.46500015258789,359540000
2023-02-24,10.875,11.015000343322754,10.675000190734863,10.885000228881836,345563600
2023-02-27,11.239999771118164,11.399999618530272,11.050000190734863,11.119999885559082,277508800
2023-02-28,11.039999961853027,11.359999656677246,11.0,11.0649995803833,254631600
2023-03-01,11.029999732971191,11.104999542236328,10.6850004196167,10.795000076293944,308773800
2023-03-02,10.505000114440918,11.149999618530272,10.475000381469728,11.05500030517578,315874600
2023-03-03,11.25,11.765000343322754,11.1899995803833,11.729999542236328,303353200
2023-03-06,11.880000114440918,12.239999771118164,11.75,11.779999732971191,303699800
2023-03-07,11.779999732971191,11.890000343322754,11.260000228881836,11.34000015258789,352663000
2023-03-08,11.375,11.56999969482422,11.164999961853027,11.494999885559082,290985600
2023-03-09,11.55500030517578,11.854999542236328,10.795000076293944,10.890000343322754,393667400
2023-03-10,10.90999984741211,11.079999923706056,10.3100004196167,10.4399995803833,629715200
2023-03-13,10.234999656677246,11.074999809265137,10.0649995803833,10.664999961853027,659081400
2023-03-14,11.0600004196167,11.454999923706056,10.960000038146973,11.390000343322754,434325800
2023-03-15,11.085000038146973,11.609999656677246,10.914999961853027,11.55500030517578,549118800
2023-03-16,11.4399995803833,12.515000343322754,11.359999656677246,12.470000267028809,456714200
2023-03-17,12.46500015258789,12.755000114440918,12.050000190734863,12.28499984741211,403540600
2023-03-20,12.21500015258789,12.460000038146973,11.94499969482422,12.414999961853027,328356000
2023-03-21,12.654999732971191,13.0,12.46500015258789,12.9399995803833,270290200
2023-03-22,12.854999542236328,13.479999542236328,12.324999809265137,12.34000015258789,475836200
2023-03-23,12.800000190734863,13.30500030517578,12.4399995803833,12.779999732971191,392994400
2023-03-24,12.720000267028809,12.920000076293944,12.420000076293944,12.90999984741211,338830200
2023-03-27,12.994999885559082,13.130000114440918,12.529999732971191,12.645000457763672,273591200
2023-03-28,12.56999969482422,12.56999969482422,12.145000457763672,12.4350004196167,236041400
2023-03-29,12.880000114440918,13.1850004196167,12.78499984741211,13.114999771118164,238730600
2023-03-30,13.40999984741211,13.545000076293944,13.244999885559082,13.470000267028809,260300000
2023-03-31,13.5,14.15999984741211,13.454999923706056,14.130000114440918,254044200
2023-04-03,13.84000015258789,14.0600004196167,13.664999961853027,14.029999732971191,250232600
2023-04-04,14.079999923706056,14.21500015258789,13.710000038146973,13.890000343322754,232180800
2023-04-05,13.734999656677246,13.760000228881836,13.204999923706056,13.44499969482422,258274000
2023-04-06,13.229999542236328,13.779999732971191,13.05500030517578,13.71500015258789,241920600
2023-04-10,13.31999969482422,13.6899995803833,13.085000038146973,13.6850004196167,237057600
2023-04-11,13.68000030517578,13.6850004196167,13.350000381469728,13.420000076293944,208521600
2023-04-12,13.670000076293944,13.744999885559082,13.0,13.0649995803833,348038600
2023-04-13,13.265000343322754,13.869999885559082,13.244999885559082,13.8149995803833,247523000
2023-04-14,13.604999542236328,13.96500015258789,13.350000381469728,13.734999656677246,285332200
2023-04-17,13.675000190734863,13.8100004196167,13.404999732971191,13.75,228617800
2023-04-18,14.03499984741211,14.09000015258789,13.600000381469728,13.760000228881836,212829800
2023-04-19,13.4350004196167,13.869999885559082,13.420000076293944,13.729999542236328,191850600
2023-04-20,13.335000038146973,13.789999961853027,13.234999656677246,13.40999984741211,273695200
2023-04-21,13.350000381469728,13.545000076293944,13.125,13.4350004196167,228888000
2023-04-24,13.404999732971191,13.585000038146973,13.06999969482422,13.354999542236328,215290800
2023-04-25,13.140000343322754,13.225000381469728,12.585000038146973,12.600000381469728,276576000
2023-04-26,13.010000228881836,13.19499969482422,12.755000114440918,12.8100004196167,249724600
2023-04-27,13.279999732971191,13.914999961853027,13.19499969482422,13.845000267028809,255631200
2023-04-28,13.81999969482422,14.140000343322754,13.664999961853027,14.125,261072200
2023-05-01,14.06999969482422,14.265000343322754,13.9350004196167,14.085000038146973,178002600
2023-05-02,14.06999969482422,14.109999656677246,13.479999542236328,13.710000038146973,249312000
2023-05-03,13.75,14.100000381469728,13.414999961853027,13.4399995803833,340267600
2023-05-04,13.390000343322754,13.539999961853027,13.140000343322754,13.289999961853027,242621600
2023-05-05,13.5600004196167,14.229999542236328,13.515000343322754,14.104999542236328,195603200
2023-05-08,14.050000190734863,14.270000457763672,13.90999984741211,14.220000267028809,151477000
2023-05-09,13.994999885559082,14.109999656677246,13.904999732971191,13.94499969482422,129681400
2023-05-10,14.260000228881836,14.510000228881836,13.9350004196167,14.395000457763672,303102000
2023-05-11,14.454999923706056,14.595000267028809,14.244999885559082,14.515000343322754,194683000
2023-05-12,14.59000015258789,14.649999618530272,14.085000038146973,14.364999771118164,210763400
2023-05-15,14.425000190734863,14.625,14.21500015258789,14.585000038146973,172935200
2023-05-16,14.489999771118164,14.869999885559082,14.479999542236328,14.640000343322754,159327000
2023-05-17,14.774999618530272,15.239999771118164,14.614999771118164,15.164999961853027,202209200
2023-05-18,15.199999809265137,16.020000457763672,15.199999809265137,15.979999542236328,271867600
2023-05-19,16.014999389648438,16.1200008392334,15.725000381469728,15.869999885559082,198058400
2023-05-22,15.84000015258789,16.18000030517578,15.835000038146973,16.03499984741211,166624800
2023-05-23,15.779999732971191,15.949999809265137,15.364999771118164,15.414999961853027,212630000
2023-05-24,15.135000228881836,15.350000381469728,14.885000228881836,15.164999961853027,235945000
2023-05-25,16.18000030517578,16.434999465942383,15.84000015258789,16.260000228881836,261747000
2023-05-26,16.405000686645508,17.625,16.395000457763672,17.489999771118164,252784400
2023-05-30,18.155000686645508,18.334999084472656,17.520000457763672,17.735000610351562,270612800
2023-05-31,17.485000610351562,17.795000076293945,17.200000762939453,17.375,210289000
2023-06-01,17.3700008392334,18.21500015258789,17.204999923706055,18.0049991607666,216759200
2023-06-02,18.280000686645508,18.59499931335449,18.0049991607666,18.40999984741211,216505600
2023-06-05,18.3799991607666,18.850000381469727,18.280000686645508,18.450000762939453,206261800
2023-06-06,18.34499931335449,18.57999992370605,18.1299991607666,18.43000030517578,159509000
2023-06-07,18.46999931335449,18.780000686645508,17.385000228881836,17.489999771118164,228485400
2023-06-08,17.510000228881836,18.190000534057617,17.475000381469727,18.09000015258789,188153800
2023-06-09,18.34000015258789,18.809999465942383,18.100000381469727,18.309999465942383,207944000
2023-06-12,18.575000762939453,19.2549991607666,18.420000076293945,19.2450008392334,154857400
2023-06-13,19.684999465942383,19.815000534057617,19.15999984741211,19.674999237060547,266534200
2023-06-14,19.674999237060547,20.14999961853028,19.209999084472656,20.09499931335449,305313000
2023-06-15,19.8700008392334,21.045000076293945,19.7549991607666,20.799999237060547,255874000
2023-06-16,21.20499992370605,21.21999931335449,20.325000762939453,20.39999961853028,224810400
2023-06-20,20.145000457763672,20.540000915527344,19.799999237060547,20.299999237060547,168249800
2023-06-21,20.040000915527344,20.11000061035156,19.25,19.424999237060547,199266600
2023-06-22,19.184999465942383,20.09499931335449,19.1200008392334,20.06999969482422,210199200
2023-06-23,19.415000915527344,19.854999542236328,19.190000534057617,19.475000381469727,225152400
2023-06-26,19.3799991607666,19.834999084472656,18.670000076293945,18.70499992370605,216900000
2023-06-27,18.924999237060547,19.75,18.799999237060547,19.6299991607666,195354000
2023-06-28,19.334999084472656,20.06999969482422,19.315000534057617,19.75,217352600
2023-06-29,19.68000030517578,19.780000686645508,19.334999084472656,19.614999771118164,198266400
2023-06-30,20.200000762939453,20.674999237060547,20.145000457763672,20.5,184308800
2023-07-03,20.600000381469727,20.7450008392334,20.420000076293945,20.63999938964844,79868000
2023-07-05,20.36000061035156,20.920000076293945,20.354999542236328,20.625,139007400
2023-07-06,19.98500061035156,20.209999084472656,19.645000457763672,20.13999938964844,170473400
2023-07-07,20.09499931335449,20.6299991607666,19.88999938964844,19.934999465942383,168624800
2023-07-10,19.8799991607666,20.05500030517578,19.46500015258789,19.950000762939453,172013600
2023-07-11,20.01000022888184,20.309999465942383,19.64999961853028,20.23500061035156,162478600
2023-07-12,20.915000915527344,21.21999931335449,20.575000762939453,20.98500061035156,230335400
2023-07-13,21.51000022888184,22.18000030517578,21.415000915527344,22.030000686645508,164773200
2023-07-14,22.11000061035156,22.68000030517578,21.86000061035156,22.01000022888184,186056400
2023-07-17,22.13999938964844,22.78499984741211,22.05500030517578,22.6200008392334,145525200
2023-07-18,22.51000022888184,23.420000076293945,22.155000686645508,23.15999984741211,196113200
2023-07-19,23.364999771118164,23.56999969482422,22.90999984741211,23.15999984741211,200573800
2023-07-20,22.57999992370605,22.850000381469727,21.34499931335449,21.53499984741211,233862800
2023-07-21,21.940000534057617,22.09000015258789,21.2549991607666,21.34499931335449,205108600
2023-07-24,21.489999771118164,21.655000686645508,21.100000381469727,21.43000030517578,126429200
2023-07-25,21.540000915527344,22.13999938964844,21.540000915527344,21.86000061035156,138199200
2023-07-26,21.65999984741211,21.924999237060547,21.21999931335449,21.63500022888184,205764600
2023-07-27,22.55500030517578,22.84499931335449,21.225000381469727,21.450000762939453,261103200
2023-07-28,22.14999961853028,22.795000076293945,22.065000534057617,22.61000061035156,204487600
2023-07-31,22.665000915527344,22.854999542236328,22.40999984741211,22.655000686645508,159009200
2023-08-01,22.395000457763672,22.614999771118164,22.104999542236328,22.479999542236328,153056600
2023-08-02,21.84499931335449,21.850000381469727,20.76499938964844,21.01000022888184,258044000
2023-08-03,20.55500030517578,21.229999542236328,20.52499961853028,20.86000061035156,201340200
2023-08-04,21.19499969482422,21.584999084472656,20.48500061035156,20.56999969482422,247452800
2023-08-07,20.864999771118164,21.100000381469727,20.46999931335449,21.07999992370605,149792200
2023-08-08,20.645000457763672,20.645000457763672,20.0,20.540000915527344,188780000
2023-08-09,20.57999992370605,20.604999542236328,19.725000381469727,19.854999542236328,199430600
2023-08-10,20.32999992370605,20.875,19.684999465942383,19.94499969482422,260554200
2023-08-11,19.51499938964844,19.834999084472656,19.299999237060547,19.545000076293945,201573800
2023-08-14,19.415000915527344,20.21999931335449,19.299999237060547,20.19499969482422,142553600
2023-08-15,20.03499984741211,20.170000076293945,19.440000534057617,19.575000762939453,162553600
2023-08-16,19.459999084472656,19.709999084472656,18.90999984741211,18.924999237060547,190222000
2023-08-17,19.125,19.18000030517578,18.21500015258789,18.28499984741211,210232800
2023-08-18,17.764999389648438,18.405000686645508,17.684999465942383,18.200000762939453,247002000
2023-08-21,18.434999465942383,19.190000534057617,18.354999542236328,19.07999992370605,191487200
2023-08-22,19.48500061035156,19.489999771118164,18.88500022888184,18.9950008392334,180368000
2023-08-23,19.174999237060547,20.059999465942383,19.13999938964844,19.88999938964844,175454000
2023-08-24,20.440000534057617,20.45499992370605,18.549999237060547,18.57999992370605,232397200
2023-08-25,18.71500015258789,19.280000686645508,18.174999237060547,19.020000457763672,278289400
2023-08-28,19.475000381469727,19.584999084472656,19.040000915527344,19.44499969482422,182641000
2023-08-29,19.39999961853028,20.76000022888184,19.34499931335449,20.684999465942383,187495600
2023-08-30,20.71500015258789,21.13999938964844,20.540000915527344,21.030000686645508,185958200
2023-08-31,21.020000457763672,21.489999771118164,21.01000022888184,21.21999931335449,162242800
2023-09-01,21.604999542236328,21.68000030517578,20.875,21.145000457763672,165058400
2023-09-05,20.98500061035156,21.40999984741211,20.82999992370605,21.200000762939453,123778600
2023-09-06,21.06999969482422,21.1200008392334,20.290000915527344,20.63999938964844,148058200
2023-09-07,19.8700008392334,20.299999237060547,19.690000534057617,20.190000534057617,168623000
2023-09-08,20.155000686645508,20.6200008392334,20.084999084472656,20.25,149541600
2023-09-11,20.7450008392334,21.045000076293945,20.420000076293945,20.940000534057617,141712800
2023-09-12,20.670000076293945,20.905000686645508,20.200000762939453,20.270000457763672,155524200
2023-09-13,20.290000915527344,20.7450008392334,20.09499931335449,20.46999931335449,170849400
2023-09-14,20.75,21.1200008392334,20.39999961853028,20.950000762939453,152379800
2023-09-15,20.725000381469727,20.795000076293945,19.71500015258789,19.875,179839600
2023-09-18,19.71500015258789,20.11000061035156,19.665000915527344,19.920000076293945,124798200
2023-09-19,19.70499992370605,19.915000915527344,19.299999237060547,19.799999237060547,148741400
2023-09-20,19.88500022888184,19.950000762939453,18.850000381469727,18.875,196038400
2023-09-21,18.27499961853028,18.38999938964844,17.78499984741211,17.799999237060547,216821200
2023-09-22,18.065000534057617,18.38999938964844,17.760000228881836,17.815000534057617,188181200
2023-09-25,17.655000686645508,18.06999969482422,17.5049991607666,18.049999237060547,162538400
2023-09-26,17.655000686645508,17.739999771118164,17.084999084472656,17.2450008392334,210679400
2023-09-27,17.405000686645508,17.635000228881836,16.815000534057617,17.350000381469727,256871600
2023-09-28,17.19499969482422,18.084999084472656,17.065000534057617,17.770000457763672,268145800
2023-09-29,18.290000915527344,18.5,17.614999771118164,17.809999465942383,286858200
2023-10-02,17.834999084472656,18.450000762939453,17.739999771118164,18.23500061035156,236463200
2023-10-03,17.854999542236328,18.19499969482422,17.020000457763672,17.270000457763672,266539000
2023-10-04,17.389999389648438,18.09499931335449,17.31999969482422,17.969999313354492,252759200
2023-10-05,17.94499969482422,18.0,17.25,17.780000686645508,218006200
2023-10-06,17.325000762939453,18.84499931335449,17.204999923706055,18.674999237060547,294897400
2023-10-09,18.30500030517578,19.045000076293945,18.06999969482422,18.950000762939453,210966000
2023-10-10,19.0049991607666,19.684999465942383,18.924999237060547,19.26000022888184,216109600
2023-10-11,19.46999931335449,19.70499992370605,19.200000762939453,19.670000076293945,191710800
2023-10-12,19.73500061035156,20.02499961853028,19.059999465942383,19.440000534057617,236509200
2023-10-13,19.545000076293945,19.63999938964844,18.48500061035156,18.70499992370605,259511000
2023-10-16,18.90999984741211,19.5,18.88500022888184,19.334999084472656,173152200
2023-10-17,18.76000022888184,19.40999984741211,18.424999237060547,19.14999961853028,210387000
2023-10-18,18.73500061035156,19.09000015258789,18.165000915527344,18.34000015258789,263165200
2023-10-19,18.575000762939453,18.7549991607666,17.719999313354492,17.850000381469727,370050400
2023-10-20,17.760000228881836,17.850000381469727,17.010000228881836,17.045000076293945,277722800
2023-10-23,16.834999084472656,17.704999923706055,16.530000686645508,17.19499969482422,263599000
2023-10-24,17.450000762939453,17.795000076293945,17.200000762939453,17.68000030517578,245074600
2023-10-25,17.315000534057617,17.34000015258789,16.290000915527344,16.385000228881836,328363200
2023-10-26,16.190000534057617,16.31999969482422,15.234999656677246,15.43000030517578,374047400
2023-10-27,15.789999961853027,16.114999771118164,15.475000381469728,15.649999618530272,294702200
2023-10-30,15.975000381469728,16.344999313354492,15.789999961853027,16.155000686645508,264305600
2023-10-31,16.15999984741211,16.44499969482422,15.800000190734863,16.389999389648438,222923600
2023-11-01,16.5,17.315000534057617,16.485000610351562,17.235000610351562,332635600
2023-11-02,17.8799991607666,18.190000534057617,17.700000762939453,18.14999961853028,234134000
2023-11-03,18.350000381469727,18.989999771118164,18.315000534057617,18.790000915527344,228661200
2023-11-06,18.905000686645508,19.104999542236328,18.65999984741211,19.0049991607666,183599600
2023-11-07,19.174999237060547,19.684999465942383,18.98500061035156,19.540000915527344,204502200
2023-11-08,19.600000381469727,19.71500015258789,19.21500015258789,19.575000762939453,187960200
2023-11-09,19.670000076293945,19.854999542236328,19.030000686645508,19.11000061035156,258365200
2023-11-10,19.375,20.415000915527344,19.290000915527344,20.38500022888184,248927600
2023-11-13,20.125,20.364999771118164,19.875,20.200000762939453,180430400
2023-11-14,21.23500061035156,21.63999938964844,21.145000457763672,21.46999931335449,233552400
2023-11-15,21.809999465942383,21.88999938964844,21.299999237060547,21.530000686645508,218432600
2023-11-16,21.3799991607666,21.604999542236328,21.165000915527344,21.565000534057617,178045000
2023-11-17,21.440000534057617,21.75,21.28499984741211,21.57999992370605,157517000
2023-11-20,21.575000762939453,22.475000381469727,21.56999969482422,22.350000381469727,165655600
2023-11-21,22.045000076293945,22.07999992370605,21.645000457763672,21.94499969482422,148275200
2023-11-22,22.28499984741211,22.709999084472656,22.02499961853028,22.200000762939453,171446400
2023-11-24,22.125,22.225000381469727,21.924999237060547,22.09000015258789,63975400
2023-11-27,22.0049991607666,22.3700008392334,21.88500022888184,22.02499961853028,121856400
2023-11-28,21.89999961853028,22.299999237060547,21.834999084472656,22.200000762939453,158349000
2023-11-29,22.6200008392334,22.864999771118164,22.065000534057617,22.1200008392334,177523200
2023-11-30,22.14999961853028,22.229999542236328,21.420000076293945,21.934999465942383,186394600
2023-12-01,21.7450008392334,22.21999931335449,21.459999084472656,22.1200008392334,172937600
2023-12-04,21.45499992370605,21.53499984741211,20.864999771118164,21.489999771118164,181143600
2023-12-05,21.155000686645508,21.850000381469727,21.1299991607666,21.645000457763672,167540400
2023-12-06,22.13999938964844,22.15999984741211,21.20499992370605,21.26000022888184,163000600
2023-12-07,21.739999771118164,22.270000457763672,21.55500030517578,22.14999961853028,162755400
2023-12-08,21.825000762939453,22.5,21.795000076293945,22.415000915527344,181789000
2023-12-11,22.334999084472656,23.040000915527344,22.299999237060547,22.98500061035156,151540000
2023-12-12,22.989999771118164,23.549999237060547,22.78499984741211,23.540000915527344,142899400
2023-12-13,23.690000534057617,24.53499984741211,23.549999237060547,24.3700008392334,230081400
2023-12-14,24.625,24.864999771118164,23.77499961853028,24.32999992370605,202697800
2023-12-15,24.46999931335449,24.895000457763672,24.350000381469727,24.6200008392334,156731000
2023-12-18,24.7450008392334,25.299999237060547,24.684999465942383,25.13500022888184,116436000
2023-12-19,25.209999084472656,25.530000686645508,25.18000030517578,25.51000022888184,120349600
2023-12-20,25.239999771118164,25.63500022888184,24.229999542236328,24.270000457763672,176165000
2023-12-21,24.94499969482422,25.13500022888184,24.46999931335449,25.075000762939453,149089400
2023-12-22,25.299999237060547,25.46999931335449,24.81999969482422,25.174999237060547,132420000
2023-12-26,25.31999969482422,25.7549991607666,25.309999465942383,25.63500022888184,87371200
2023-12-27,25.674999237060547,25.82999992370605,25.51000022888184,25.770000457763672,111495600
2023-12-28,25.959999084472656,26.0049991607666,25.63500022888184,25.70499992370605,85768200
2023-12-29,25.690000534057617,25.76000022888184,25.0,25.350000381469727,134245400
2024-01-02,24.674999237060547,24.71500015258789,23.63500022888184,24.065000534057617,176270600
2024-01-03,23.584999084472656,23.770000457763672,23.21500015258789,23.295000076293945,167812200
2024-01-04,22.934999465942383,23.48500061035156,22.864999771118164,22.905000686645508,143735400
2024-01-05,22.93000030517578,23.459999084472656,22.73500061035156,22.989999771118164,170481600
2024-01-08,23.19499969482422,24.450000762939453,23.165000915527344,24.375,135374200
2024-01-09,23.82999992370605,24.70499992370605,23.80500030517578,24.53499984741211,148431600
2024-01-10,24.584999084472656,25.20499992370605,24.420000076293945,25.020000457763672,147621000
2024-01-11,25.225000381469727,25.48500061035156,24.200000762939453,25.13999938964844,190228400
2024-01-12,25.334999084472656,25.489999771118164,24.920000076293945,25.170000076293945,128214000
2024-01-16,24.940000534057617,25.45499992370605,24.665000915527344,25.155000686645508,145874000
2024-01-17,24.53499984741211,24.795000076293945,23.934999465942383,24.71999931335449,166554600
2024-01-18,25.295000076293945,25.86000061035156,25.05500030517578,25.780000686645508,182140800
2024-01-19,26.15999984741211,27.309999465942383,26.049999237060547,27.270000457763672,186359400
2024-01-22,27.70499992370605,27.959999084472656,27.2549991607666,27.3799991607666,149656600
2024-01-23,27.5049991607666,27.739999771118164,27.13999938964844,27.70499992370605,112172000
2024-01-24,28.475000381469727,28.950000762939453,28.059999465942383,28.15999984741211,179718600
2024-01-25,28.6299991607666,28.76499938964844,27.76000022888184,28.239999771118164,151395200
2024-01-26,27.84000015258789,28.19499969482422,27.59000015258789,27.71999931335449,128382600
2024-01-29,27.80500030517578,28.600000381469727,27.670000076293945,28.53499984741211,115977200
2024-01-30,28.34499931335449,28.459999084472656,27.799999237060547,27.96500015258789,119554400
2024-01-31,27.09499931335449,27.489999771118164,26.290000915527344,26.31999969482422,203451600
2024-02-01,26.645000457763672,27.31999969482422,26.45499992370605,27.25,162261400
2024-02-02,27.59000015258789,28.84000015258789,27.395000457763672,28.6200008392334,198505000
2024-02-05,28.59499931335449,28.709999084472656,27.78499984741211,28.475000381469727,139947800
2024-02-06,28.690000534057617,28.81999969482422,27.81999969482422,28.309999465942383,140124200
2024-02-07,28.84499931335449,29.32999992370605,28.584999084472656,29.155000686645508,131823400
2024-02-08,29.155000686645508,29.44499969482422,29.01000022888184,29.27499961853028,98922200
2024-02-09,29.51499938964844,30.30500030517578,29.354999542236328,30.13500022888184,110222000
2024-02-12,30.104999542236328,30.56999969482422,29.63999938964844,29.780000686645508,116255000
2024-02-13,28.1200008392334,28.934999465942383,27.71999931335449,28.3700008392334,188933000
2024-02-14,28.89999961853028,29.375,28.43000030517578,29.270000457763672,156151400
2024-02-15,29.405000686645508,29.604999542236328,28.864999771118164,29.51499938964844,130057200
2024-02-16,29.57999992370605,29.604999542236328,28.55500030517578,28.70499992370605,151933000
2024-02-20,28.290000915527344,28.59000015258789,27.27499961853028,28.040000915527344,163321000
2024-02-21,27.48500061035156,27.709999084472656,26.90999984741211,27.690000534057617,152898600
2024-02-22,29.38999938964844,30.299999237060547,29.2450008392334,30.084999084472656,179279200
2024-02-23,30.415000915527344,30.61000061035156,29.61000061035156,29.809999465942383,140390800
2024-02-26,29.96999931335449,30.184999465942383,29.71500015258789,29.770000457763672,109875400
2024-02-27,29.979999542236328,30.045000076293945,29.434999465942383,29.95499992370605,109399800
2024-02-28,29.51499938964844,29.76499938964844,29.27499961853028,29.46999931335449,123503400
2024-02-29,30.040000915527344,30.424999237060547,29.38999938964844,30.18000030517578,136959800
2024-03-01,30.375,31.7549991607666,30.364999771118164,31.565000534057617,140959600
2024-03-04,31.545000076293945,31.63999938964844,31.155000686645508,31.190000534057617,120418600
2024-03-05,30.549999237060547,30.549999237060547,29.01000022888184,29.520000457763672,193207000
2024-03-06,30.3700008392334,30.71500015258789,29.674999237060547,30.065000534057617,181677400
2024-03-07,30.77499961853028,31.65999984741211,30.45499992370605,31.405000686645508,142370800
2024-03-08,31.459999084472656,32.064998626708984,29.88500022888184,30.030000686645508,296451200
2024-03-11,29.70499992370605,29.940000534057617,29.280000686645508,29.68000030517578,146770000
2024-03-12,30.145000457763672,31.020000457763672,29.479999542236328,30.940000534057617,170560000
2024-03-13,30.71999931335449,30.729999542236328,29.98500061035156,30.21999931335449,143779800
2024-03-14,30.434999465942383,30.549999237060547,29.395000457763672,29.975000381469727,162480400
2024-03-15,29.34499931335449,29.459999084472656,28.645000457763672,28.8799991607666,140883800
2024-03-18,29.940000534057617,30.39999961853028,29.645000457763672,29.69499969482422,129193800
2024-03-19,29.270000457763672,29.989999771118164,28.84000015258789,29.89999961853028,118810000
2024-03-20,30.03499984741211,30.915000915527344,29.68000030517578,30.850000381469727,156556000
2024-03-21,31.875,31.975000381469727,31.209999084472656,31.25,126541800
2024-03-22,31.13500022888184,31.584999084472656,30.950000762939453,31.315000534057617,91574800
2024-03-25,30.739999771118164,31.315000534057617,30.530000686645508,30.9950008392334,86669400
2024-03-26,31.30500030517578,31.5049991607666,30.63999938964844,30.70499992370605,93986000
2024-03-27,31.28499984741211,31.315000534057617,30.354999542236328,30.975000381469727,111388600
2024-03-28,30.94499969482422,31.114999771118164,30.700000762939453,30.780000686645508,87023400
2024-04-01,30.959999084472656,31.4950008392334,30.559999465942383,30.96999931335449,112290600
2024-04-02,29.934999465942383,30.209999084472656,29.5,30.13999938964844,109672800
2024-04-03,29.700000762939453,30.729999542236328,29.690000534057617,30.34000015258789,111683800
2024-04-04,31.174999237060547,31.30500030517578,28.8700008392334,28.90999984741211,167520400
2024-04-05,29.200000762939453,30.46500015258789,29.030000686645508,29.93000030517578,154897200
2024-04-08,30.104999542236328,30.32999992370605,29.655000686645508,29.950000762939453,89725400
2024-04-09,30.405000686645508,30.46999931335449,29.290000915527344,30.26000022888184,119965000
2024-04-10,29.18000030517578,29.63999938964844,29.030000686645508,29.46500015258789,202080600
2024-04-11,29.80500030517578,31.030000686645508,29.34000015258789,30.850000381469727,146931200
2024-04-12,29.940000534057617,30.174999237060547,29.059999465942383,29.36000061035156,172589800
2024-04-15,30.100000381469727,30.114999771118164,27.71999931335449,27.88500022888184,203656200
2024-04-16,27.84499931335449,28.405000686645508,27.6200008392334,27.88999938964844,163766200
2024-04-17,28.270000457763672,28.27499961853028,26.674999237060547,26.854999542236328,171026400
2024-04-18,26.94499969482422,27.280000686645508,26.2549991607666,26.375,172781600
2024-04-19,26.13999938964844,26.23500061035156,24.424999237060547,24.739999771118164,250807600
2024-04-22,25.190000534057617,25.88500022888184,24.584999084472656,25.459999084472656,142604800
2024-04-23,25.809999465942383,26.809999465942383,25.7450008392334,26.59499931335449,151835000
2024-04-24,27.15999984741211,27.45499992370605,26.415000915527344,26.854999542236328,144316800
2024-04-25,25.450000762939453,26.59499931335449,25.239999771118164,26.424999237060547,172827200
2024-04-26,27.01499938964844,27.934999465942383,26.88500022888184,27.63999938964844,135994600
2024-04-29,28.040000915527344,28.165000915527344,27.440000534057617,27.96999931335449,102355000
2024-04-30,27.64999961853028,27.924999237060547,26.364999771118164,26.3700008392334,125248600
2024-05-01,26.075000762939453,27.39999961853028,25.63500022888184,25.799999237060547,208076800
2024-05-02,26.459999084472656,26.924999237060547,25.600000381469727,26.7549991607666,124829800
2024-05-03,28.165000915527344,28.55500030517578,27.864999771118164,28.350000381469727,150878000
2024-05-06,28.709999084472656,29.299999237060547,28.559999465942383,29.280000686645508,82530800
2024-05-07,29.36000061035156,29.614999771118164,29.13999938964844,29.280000686645508,93320400
2024-05-08,28.75,29.51000022888184,28.725000381469727,29.225000381469727,78027200
2024-05-09,29.25,29.5,28.875,29.38500022888184,81439200
2024-05-10,29.68000030517578,30.03499984741211,29.270000457763672,29.584999084472656,92669600
2024-05-13,29.959999084472656,29.98500061035156,29.489999771118164,29.780000686645508,67722000
2024-05-14,29.68000030517578,30.450000762939453,29.63999938964844,30.334999084472656,92952800
2024-05-15,30.84499931335449,31.809999465942383,30.530000686645508,31.73500061035156,130481400
2024-05-16,31.68000030517578,32.099998474121094,31.4950008392334,31.540000915527344,87715200
2024-05-17,31.545000076293945,31.68000030517578,31.01000022888184,31.46999931335449,70099600
2024-05-20,31.51000022888184,32.26499938964844,31.475000381469727,32.119998931884766,74539000
2024-05-21,31.71999931335449,32.334999084472656,31.674999237060547,32.28499984741211,62314000
2024-05-22,32.345001220703125,32.5,31.709999084472656,32.26499938964844,80039400
2024-05-23,33.25,33.255001068115234,31.39999961853028,31.78499984741211,130877800
2024-05-24,32.125,32.94499969482422,31.96999931335449,32.67499923706055,82558000
2024-05-28,32.93000030517578,33.04999923706055,32.400001525878906,33.029998779296875,83186400
2024-05-29,32.119998931884766,32.720001220703125,32.099998474121094,32.34000015258789,79282200
2024-05-30,32.125,32.150001525878906,30.9950008392334,31.299999237060547,84703600
2024-05-31,31.299999237060547,31.44499969482422,29.479999542236328,31.26499938964844,143746400
2024-06-03,31.864999771118164,32.07500076293945,30.479999542236328,31.56999969482422,111435000
2024-06-04,31.5,32.064998626708984,31.13500022888184,31.80500030517578,88491800
2024-06-05,32.560001373291016,33.7400016784668,32.32500076293945,33.724998474121094,104871400
2024-06-06,33.869998931884766,33.939998626708984,33.42499923706055,33.685001373291016,73031200
2024-06-07,33.560001373291016,34.165000915527344,33.310001373291016,33.560001373291016,89943400
2024-06-10,33.29499816894531,34.029998779296875,33.2400016784668,33.915000915527344,72041800
2024-06-11,33.65999984741211,34.65999984741211,33.33000183105469,34.6150016784668,71386800
2024-06-12,35.505001068115234,36.5099983215332,35.36000061035156,35.97999954223633,124402600
2024-06-13,36.78499984741211,36.94499969482422,36.03499984741211,36.55500030517578,87285000
2024-06-14,36.47499847412109,37.10499954223633,36.3650016784668,37.084999084472656,71555000
2024-06-17,37.13999938964844,38.86000061035156,36.834999084472656,38.43000030517578,93354600
2024-06-18,38.415000915527344,38.6150016784668,38.02999877929688,38.45000076293945,66433200
2024-06-20,38.72999954223633,38.83000183105469,37.11000061035156,37.54499816894531,105455000
2024-06-21,37.45000076293945,37.76499938964844,36.86000061035156,37.20000076293945,77341800
2024-06-24,36.90999984741211,37.31499862670898,35.900001525878906,35.939998626708984,93754600
2024-06-25,36.39500045776367,37.21500015258789,36.185001373291016,37.13999938964844,77675000
2024-06-26,36.79999923706055,37.34999847412109,36.70500183105469,37.22999954223633,72549600
2024-06-27,37.15999984741211,37.84999847412109,36.959999084472656,37.5,74115400
2024-06-28,37.64500045776367,38.76499938964844,36.72499847412109,36.90999984741211,107803000
2024-07-01,37.08000183105469,37.64500045776367,36.209999084472656,37.51499938964844,86557400
2024-07-02,37.14500045776367,38.68999862670898,37.119998931884766,38.665000915527344,74950200
2024-07-03,38.47499847412109,39.65499877929688,38.47499847412109,39.6150016784668,56150400
2024-07-05,39.78499984741211,40.92499923706055,39.71500015258789,40.81499862670898,79624600
2024-07-08,40.90499877929688,41.23500061035156,40.63999938964844,41.084999084472656,73365600
2024-07-09,41.459999084472656,41.744998931884766,40.810001373291016,41.17499923706055,72033600
2024-07-10,41.65999984741211,42.59999847412109,41.334999084472656,42.46500015258789,77554800
2024-07-11,42.48500061035156,42.52999877929688,39.34999847412109,39.67499923706055,149329000
2024-07-12,39.755001068115234,41.470001220703125,39.650001525878906,40.31999969482422,101019800
2024-07-15,40.73500061035156,41.810001373291016,40.1150016784668,40.619998931884766,109900400
2024-07-16,40.970001220703125,41.17499923706055,39.869998931884766,40.650001525878906,83637600
2024-07-17,38.665000915527344,38.78499984741211,37.04499816894531,37.07500076293945,142840000
2024-07-18,37.90499877929688,37.959999084472656,35.775001525878906,36.52000045776367,131678400
2024-07-19,36.400001525878906,36.98500061035156,35.220001220703125,35.529998779296875,118249600
2024-07-22,36.82500076293945,37.31499862670898,36.060001373291016,37.08000183105469,112808600
2024-07-23,36.8650016784668,37.56499862670898,36.56999969482422,36.68000030517578,87127000
2024-07-24,35.1150016784668,35.189998626708984,32.525001525878906,32.724998474121094,159575200
2024-07-25,32.779998779296875,33.66999816894531,31.065000534057617,31.63500022888184,188128000
2024-07-26,32.5,33.16999816894531,31.88999938964844,32.540000915527344,137407000
2024-07-29,33.1349983215332,33.595001220703125,32.2599983215332,32.72999954223633,115640800
2024-07-30,33.13999938964844,33.29499816894531,30.670000076293945,31.395000457763672,143063600
2024-07-31,33.4900016784668,34.5,33.189998626708984,34.13999938964844,173408400
2024-08-01,34.290000915527344,35.11000061035156,30.850000381469727,31.68000030517578,210693200
2024-08-02,29.825000762939453,30.36000061035156,28.5,29.3700008392334,209844000
2024-08-05,24.665000915527344,28.09499931335449,24.39999961853028,26.809999465942383,287924400
2024-08-06,27.065000534057617,28.875,26.56999969482422,27.479999542236328,192909400
2024-08-07,28.78499984741211,29.2549991607666,26.5,26.59499931335449,182751600
2024-08-08,27.725000381469727,29.174999237060547,27.0049991607666,29.030000686645508,152879200
2024-08-09,28.71999931335449,29.76499938964844,28.5,29.424999237060547,125592400
2024-08-12,29.614999771118164,30.200000762939453,29.05500030517578,29.625,108972600
2024-08-13,30.479999542236328,31.854999542236328,30.450000762939453,31.780000686645508,108962800
2024-08-14,31.9950008392334,32.31999969482422,30.934999465942383,31.834999084472656,124710600
2024-08-15,33.064998626708984,34.314998626708984,32.994998931884766,34.22999954223633,106424800
2024-08-16,33.810001373291016,34.630001068115234,33.595001220703125,34.31999969482422,89675200
2024-08-19,34.34000015258789,35.67499923706055,33.94499969482422,35.650001525878906,91599800
2024-08-20,35.45000076293945,36.02999877929688,35.04499816894531,35.43000030517578,97859000
2024-08-21,35.59000015258789,36.33000183105469,35.209999084472656,35.915000915527344,103000800
2024-08-22,36.43000030517578,36.58000183105469,33.959999084472656,34.189998626708984,127496400
2024-08-23,35.099998474121094,35.86000061035156,34.25,35.26499938964844,128753200
2024-08-26,35.1349983215332,35.334999084472656,33.76499938964844,34.22999954223633,84981400
2024-08-27,33.8650016784668,34.75,33.42499923706055,34.52000045776367,71532600
2024-08-28,34.400001525878906,34.560001373291016,32.58000183105469,33.349998474121094,118625800
2024-08-29,33.724998474121094,34.71500015258789,32.89500045776367,33.17499923706055,120033600
2024-08-30,34.060001373291016,34.435001373291016,33.09000015258789,34.30500030517578,92946800
2024-09-03,33.630001068115234,33.65999984741211,30.645000457763672,31.174999237060547,147572600
2024-09-04,30.520000457763672,31.684999465942383,30.325000762939453,30.90999984741211,96798400
2024-09-05,30.56999969482422,31.86000061035156,30.36000061035156,31.01000022888184,110171600
2024-09-06,30.80500030517578,30.98500061035156,28.36000061035156,28.4950008392334,169904600
2024-09-09,29.28499984741211,29.7450008392334,28.670000076293945,29.55500030517578,110835000
2024-09-10,29.88999938964844,30.459999084472656,29.100000381469727,30.350000381469727,91582400
2024-09-11,30.59000015258789,32.474998474121094,28.88500022888184,32.28499984741211,163475200
2024-09-12,32.314998626708984,33.44499969482422,31.94499969482422,33.2400016784668,109802600
2024-09-13,33.07500076293945,33.935001373291016,33.025001525878906,33.67499923706055,87966600
2024-09-16,33.209999084472656,33.35499954223633,32.51499938964844,33.224998474121094,82331000
2024-09-17,33.849998474121094,34.130001068115234,32.73500061035156,33.244998931884766,103114400
2024-09-18,33.5099983215332,34.380001068115234,32.69499969482422,32.810001373291016,166396200
2024-09-19,35.150001525878906,35.900001525878906,34.70500183105469,35.290000915527344,114801400
2024-09-20,35.07500076293945,35.34000015258789,34.154998779296875,35.064998626708984,96759600
2024-09-23,35.310001373291016,35.57500076293945,35.02000045776367,35.32500076293945,69837000
2024-09-24,35.63999938964844,36.04499816894531,34.689998626708984,35.82500076293945,81259600
2024-09-25,35.56999969482422,36.244998931884766,35.529998779296875,35.834999084472656,64724800
2024-09-26,37.459999084472656,37.53499984741211,35.790000915527344,36.595001220703125,107003200
2024-09-27,36.810001373291016,36.83000183105469,35.69499969482422,35.96500015258789,82930600
2024-09-30,35.72999954223633,36.310001373291016,35.09000015258789,36.244998931884766,85862800
2024-10-01,36.13999938964844,36.21500015258789,33.849998474121094,34.709999084472656,134760200
2024-10-02,34.505001068115234,35.27000045776367,33.935001373291016,34.84000015258789,79119400
2024-10-03,34.3650016784668,35.404998779296875,34.19499969482422,34.7599983215332,97749400
2024-10-04,36.0,36.08000183105469,34.88999938964844,35.98500061035156,110700400
2024-10-07,35.525001525878906,35.790000915527344,34.529998779296875,34.79999923706055,82403400
2024-10-08,35.33000183105469,36.4900016784668,35.154998779296875,36.310001373291016,77914000
2024-10-09,36.2599983215332,37.31499862670898,36.02999877929688,37.185001373291016,78696200
2024-10-10,36.65999984741211,37.47499847412109,36.36000061035156,37.05500030517578,86060600
2024-10-11,36.584999084472656,37.400001525878906,36.45000076293945,37.150001525878906,70735200
2024-10-14,37.720001220703125,38.40999984741211,37.60499954223633,38.09999847412109,67691200
2024-10-15,38.17499923706055,38.32500076293945,36.06999969482422,36.58000183105469,106307600
2024-10-16,36.619998931884766,36.744998931884766,35.834999084472656,36.560001373291016,70784200
2024-10-17,37.790000915527344,37.79999923706055,36.625,36.66999816894531,97697800
2024-10-18,37.22999954223633,37.57500076293945,37.06499862670898,37.31999969482422,64151600
2024-10-21,37.02999877929688,37.709999084472656,36.59000015258789,37.525001525878906,74995800
2024-10-22,36.90499877929688,37.97499847412109,36.72999954223633,37.6349983215332,76308000
2024-10-23,37.084999084472656,37.23500061035156,35.13999938964844,35.89500045776367,118172200
2024-10-24,36.709999084472656,36.900001525878906,36.119998931884766,36.75,78612800
2024-10-25,37.34999847412109,38.5,37.19499969482422,37.369998931884766,114826000
2024-10-28,38.095001220703125,38.095001220703125,37.33000183105469,37.40499877929688,69162200
2024-10-29,37.46500015258789,38.72999954223633,37.03499984741211,38.43999862670898,78545200
2024-10-30,38.275001525878906,38.4900016784668,37.470001220703125,37.584999084472656,80473200
2024-10-31,36.65499877929688,36.665000915527344,34.71500015258789,34.724998474121094,138905200
2024-11-01,35.040000915527344,36.18000030517578,34.98500061035156,35.46500015258789,96678800
2024-11-04,35.31999969482422,35.880001068115234,34.755001068115234,35.1349983215332,82214400
2024-11-05,35.474998474121094,36.619998931884766,35.459999084472656,36.470001220703125,79352600
2024-11-06,38.33000183105469,39.61000061035156,38.095001220703125,39.43000030517578,118794200
2024-11-07,40.08000183105469,41.46500015258789,40.04999923706055,41.275001525878906,99545200
2024-11-08,41.11000061035156,41.55500030517578,40.95500183105469,41.375,70060000
2024-11-11,41.665000915527344,41.71500015258789,40.59000015258789,41.29999923706055,70806000
2024-11-12,41.27000045776367,41.48500061035156,40.32500076293945,41.07500076293945,68286000
2024-11-13,40.93000030517578,41.54499816894531,40.34000015258789,40.89500045776367,74989000
2024-11-14,40.79499816894531,41.01499938964844,39.810001373291016,40.02999877929688,77651400
2024-11-15,38.6349983215332,38.72499847412109,36.64500045776367,37.1349983215332,120601600
2024-11-18,37.46500015258789,38.369998931884766,37.15499877929688,37.8849983215332,77551200
2024-11-19,37.275001525878906,38.775001525878906,37.209999084472656,38.64500045776367,80088200
2024-11-20,38.57500076293945,38.64500045776367,37.05500030517578,38.59999847412109,101260600
2024-11-21,39.275001525878906,39.43999862670898,37.27999877929688,38.97999954223633,109865600
2024-11-22,38.81999969482422,39.30500030517578,38.43999862670898,39.125,79934800
2024-11-25,40.08000183105469,40.435001373291016,38.77000045776367,39.30500030517578,91515800
2024-11-26,39.64500045776367,40.125,39.44499969482422,39.915000915527344,69747200
2024-11-27,39.64500045776367,39.65499877929688,38.165000915527344,38.95000076293945,78463600
2024-11-29,39.06499862670898,40.084999084472656,38.92499923706055,39.94499969482422,40865800
2024-12-02,40.2400016784668,41.47499847412109,40.14500045776367,41.2400016784668,73638200
2024-12-03,40.900001525878906,41.665000915527344,40.76499938964844,41.60499954223633,84810800
2024-12-04,42.435001373291016,43.185001373291016,42.255001068115234,43.125,69992600
2024-12-05,43.125,43.31999969482422,42.66999816894531,42.77000045776367,54020400
2024-12-06,42.88999938964844,43.935001373291016,42.86000061035156,43.869998931884766,62740600
2024-12-09,43.625,43.83000183105469,42.540000915527344,42.845001220703125,69577600
2024-12-10,43.125,43.560001373291016,42.025001525878906,42.380001068115234,71541600
2024-12-11,43.43999862670898,44.810001373291016,43.34000015258789,44.64500045776367,74897800
2024-12-12,44.06499862670898,44.3849983215332,43.63999938964844,43.7599983215332,66348400
2024-12-13,44.709999084472656,45.3849983215332,43.92499923706055,44.70000076293945,79663600
2024-12-16,45.36000061035156,46.89500045776367,45.334999084472656,46.64500045776367,69967600
2024-12-17,46.165000915527344,46.45500183105469,45.584999084472656,46.02000045776367,69168200
2024-12-18,45.82500076293945,46.28499984741211,40.64500045776367,41.04499816894531,134849200
2024-12-19,42.1349983215332,42.26499938964844,40.375,40.46500015258789,113317600
2024-12-20,39.52999877929688,42.93000030517578,39.25,41.51499938964844,145241000
2024-12-23,41.72499847412109,42.619998931884766,40.915000915527344,42.52999877929688,83645800
2024-12-24,42.97499847412109,44.2400016784668,42.81999969482422,44.220001220703125,48139600
2024-12-26,43.810001373291016,44.540000915527344,43.29499816894531,44.125,59062000
2024-12-27,43.185001373291016,43.29499816894531,41.13999938964844,42.33000183105469,102139000
2024-12-30,40.59999847412109,41.52999877929688,39.70500183105469,40.630001068115234,102844000
2024-12-31,40.900001525878906,41.08000183105469,39.34000015258789,39.56499862670898,105177600
2025-01-02,40.27000045776367,40.80500030517578,38.26499938964844,39.31499862670898,141370600
2025-01-03,39.994998931884766,41.45500183105469,39.810001373291016,41.20000076293945,92431600
2025-01-06,42.48500061035156,43.42499923706055,42.01499938964844,42.60499954223633,92050000
2025-01-07,42.86000061035156,42.94499969482422,39.85499954223633,40.310001373291016,111021000
2025-01-08,40.27999877929688,40.70500183105469,39.220001220703125,40.34000015258789,96021200
2025-01-10,39.400001525878906,39.40999984741211,37.6150016784668,38.415000915527344,145651600
2025-01-13,37.025001525878906,38.09999847412109,36.66999816894531,38.01499938964844,113382000
2025-01-14,38.7400016784668,39.02999877929688,37.095001220703125,37.880001068115234,125271000
2025-01-15,39.65499877929688,40.73500061035156,39.29999923706055,40.43999862670898,106919200
2025-01-16,41.005001068115234,41.025001525878906,39.59999847412109,39.6150016784668,93055400
2025-01-17,41.845001220703125,41.970001220703125,40.91999816894531,41.56999969482422,87352200
2025-01-21,42.22499847412109,42.57500076293945,41.165000915527344,42.2599983215332,83451800
2025-01-22,43.41999816894531,44.45500183105469,43.35499954223633,43.900001525878906,86265400
2025-01-23,43.27000045776367,44.18999862670898,43.1349983215332,44.16999816894531,60481000
2025-01-24,44.21500015258789,44.415000915527344,43.005001068115234,43.375,72479200
2025-01-27,38.790000915527344,40.51499938964844,38.59000015258789,39.56999969482422,161821600
2025-01-28,39.790000915527344,41.584999084472656,39.0,41.32500076293945,101033400
2025-01-29,41.45500183105469,41.4900016784668,40.130001068115234,41.06999969482422,118481200
2025-01-30,41.73500061035156,42.29499816894531,40.43000030517578,41.584999084472656,115171000
2025-01-31,42.459999084472656,43.54499816894531,41.09000015258789,41.36000061035156,118146600
2025-02-03,39.26499938964844,40.994998931884766,38.66999816894531,40.36000061035156,153257000
2025-02-04,40.45500183105469,41.970001220703125,40.3650016784668,41.82500076293945,84634600
2025-02-05,41.17499923706055,42.40999984741211,40.880001068115234,42.369998931884766,79694800
2025-02-06,42.47999954223633,43.06499862670898,42.095001220703125,43.005001068115234,76431000
2025-02-07,43.130001068115234,43.595001220703125,41.17499923706055,41.3650016784668,110870400
2025-02-10,42.3650016784668,43.09999847412109,42.25,42.81999969482422,65594200
2025-02-11,42.03499984741211,42.994998931884766,42.005001068115234,42.51499938964844,62602800
2025-02-12,41.13999938964844,42.80500030517578,41.04999923706055,42.59999847412109,96986600
2025-02-13,42.9900016784668,44.47999954223633,42.790000915527344,44.39500045776367,92920200
2025-02-14,44.40499877929688,45.09000015258789,44.29999923706055,44.915000915527344,76057400
2025-02-18,45.31499862670898,45.375,44.375,45.19499969482422,68825200
2025-02-19,45.0,45.560001373291016,44.459999084472656,45.20000076293945,68515800
2025-02-20,45.025001525878906,45.1150016784668,43.44499969482422,44.650001525878906,80266000
2025-02-21,44.8849983215332,44.89500045776367,41.73500061035156,41.85499954223633,118627200
2025-02-24,42.25,42.525001525878906,40.25,40.34999847412109,106467400
2025-02-25,40.165000915527344,40.18999862670898,37.88999938964844,38.810001373291016,151194400
2025-02-26,39.290000915527344,40.22499847412109,38.345001220703125,39.060001373291016,126351400
2025-02-27,39.86000061035156,40.084999084472656,35.7400016784668,35.81999969482422,206751000
2025-02-28,35.72999954223633,37.584999084472656,35.040000915527344,37.459999084472656,186358000
2025-03-03,38.185001373291016,38.525001525878906,34.220001220703125,35.040000915527344,183891600
2025-03-04,34.380001068115234,36.3849983215332,33.005001068115234,34.654998779296875,261673800
2025-03-05,34.775001525878906,36.345001220703125,33.744998931884766,36.005001068115234,201266600
2025-03-06,34.19499969482422,35.25,32.584999084472656,33.02000045776367,245645400
2025-03-07,32.779998779296875,34.005001068115234,31.44499969482422,33.70500183105469,270354600
2025-03-10,32.0,32.095001220703125,28.940000534057617,29.905000686645508,312271600
2025-03-11,29.700000762939453,30.924999237060547,28.684999465942383,29.55500030517578,278978600
2025-03-12,30.96999931335449,31.32999992370605,29.57999992370605,30.565000534057617,283837200
2025-03-13,30.39999961853028,30.424999237060547,28.520000457763672,28.895000457763672,242454600
2025-03-14,29.854999542236328,31.114999771118164,29.75,30.94499969482422,198217000
2025-03-17,30.940000534057617,32.13999938964844,30.575000762939453,31.545000076293945,180300800
2025-03-18,30.88500022888184,30.88999938964844,29.5049991607666,29.95499992370605,175652400
2025-03-19,30.34000015258789,31.95499992370605,29.96999931335449,31.1200008392334,185186400
2025-03-20,30.32999992370605,31.815000534057617,30.184999465942383,30.799999237060547,176818200
2025-03-21,29.76499938964844,31.209999084472656,29.53499984741211,31.09000015258789,160982000
2025-03-24,32.529998779296875,33.26499938964844,32.40999984741211,33.064998626708984,126823000
2025-03-25,33.2400016784668,33.685001373291016,33.04499816894531,33.654998779296875,111139400
2025-03-26,33.31999969482422,33.494998931884766,31.3799991607666,31.690000534057617,157006400
2025-03-27,31.299999237060547,32.1150016784668,30.875,31.14999961853028,144736000
2025-03-28,30.770000457763672,30.905000686645508,28.48500061035156,28.670000076293945,207264200
2025-03-31,27.36000061035156,28.815000534057617,26.520000457763672,28.64999961853028,213709000
2025-04-01,28.34000015258789,29.4950008392334,27.809999465942383,29.309999465942383,194196400
2025-04-02,28.09499931335449,30.600000381469727,28.045000076293945,29.96500015258789,246174800
2025-04-03,26.21500015258789,26.915000915527344,25.05500030517578,25.14999961853028,280231400
2025-04-04,22.9950008392334,23.38999938964844,20.51499938964844,20.545000076293945,516053400
2025-04-07,18.375,23.415000915527344,17.5,20.625,791455200
2025-04-08,22.69499969482422,23.405000686645508,18.549999237060547,19.450000762939453,502295400
2025-04-09,19.3799991607666,26.70499992370605,19.364999771118164,26.30500030517578,713864000
2025-04-10,24.34000015258789,24.670000076293945,20.78499984741211,23.06999969482422,563385400
2025-04-11,22.834999084472656,24.53499984741211,22.309999465942383,24.290000915527344,358585800
2025-04-14,25.950000762939453,26.02499961853028,24.03499984741211,24.799999237060547,294861400
2025-04-15,24.979999542236328,25.604999542236328,24.59499931335449,24.895000457763672,209340200
2025-04-16,23.415000915527344,24.0049991607666,21.57999992370605,22.645000457763672,269148800
2025-04-17,23.045000076293945,23.145000457763672,22.174999237060547,22.57999992370605,202191600
2025-04-21,21.684999465942383,21.81999969482422,20.1200008392334,20.93000030517578,229539400
2025-04-22,21.729999542236328,22.989999771118164,21.549999237060547,22.530000686645508,260222800
2025-04-23,24.6200008392334,25.415000915527344,23.815000534057617,24.02499961853028,303995400
2025-04-24,24.3700008392334,26.13999938964844,24.270000457763672,26.06999969482422,240615400
2025-04-25,26.020000457763672,27.03499984741211,25.739999771118164,26.93000030517578,226103200
2025-04-28,27.01000022888184,27.31999969482422,25.81999969482422,26.90999984741211,191356800
2025-04-29,26.520000457763672,27.584999084472656,26.415000915527344,27.434999465942383,169808000
2025-04-30,25.979999542236328,27.709999084472656,25.15999984741211,27.440000534057617,268446600
2025-05-01,28.780000686645508,29.44499969482422,28.315000534057617,28.38500022888184,205481600
2025-05-02,29.31999969482422,30.09499931335449,29.01499938964844,29.71500015258789,195097800
2025-05-05,28.950000762939453,29.75,28.850000381469727,29.200000762939453,138579000
2025-05-06,28.030000686645508,29.020000457763672,27.78499984741211,28.3700008392334,165885800
2025-05-07,28.479999542236328,29.1299991607666,27.545000076293945,28.700000762939453,207867200
2025-05-08,29.600000381469727,30.354999542236328,28.82999992370605,29.55500030517578,197621600
2025-05-09,29.89999961853028,30.13500022888184,29.165000915527344,29.48500061035156,146818800
2025-05-12,32.92499923706055,33.08000183105469,31.924999237060547,33.05500030517578,202490000
2025-05-13,33.334999084472656,34.93000030517578,33.18000030517578,34.56999969482422,170595400
2025-05-14,34.80500030517578,35.30500030517578,34.60499954223633,35.18000030517578,161184800
2025-05-15,34.7400016784668,35.845001220703125,34.46500015258789,35.290000915527344,161694800
2025-05-16,35.55500030517578,35.7599983215332,34.82500076293945,35.724998474121094,127627200
2025-05-19,34.23500061035156,35.93000030517578,34.21500015258789,35.81999969482422,143794200
2025-05-20,35.290000915527344,35.584999084472656,34.70000076293945,35.44499969482422,134069400
2025-05-21,34.619998931884766,35.994998931884766,33.59000015258789,33.970001220703125,219255200
2025-05-22,34.08000183105469,34.875,33.810001373291016,34.14500045776367,173542000
2025-05-23,32.54499816894531,33.66999816894531,32.43000030517578,33.15999984741211,214220800
2025-05-27,34.494998931884766,35.57500076293945,34.19499969482422,35.470001220703125,130539600
2025-05-28,35.66999816894531,35.970001220703125,34.88999938964844,35.01499938964844,132542600
2025-05-29,36.5,36.52999877929688,34.665000915527344,35.185001373291016,193248800
2025-05-30,35.064998626708984,35.29999923706055,33.52000045776367,35.0,187118200
2025-06-02,34.599998474121094,35.86000061035156,34.345001220703125,35.80500030517578,137925400
2025-06-03,35.880001068115234,36.93999862670898,35.70000076293945,36.63999938964844,128728400
2025-06-04,36.790000915527344,37.15999984741211,36.35499954223633,36.935001373291016,128889000
2025-06-05,37.22499847412109,37.82500076293945,35.650001525878906,36.07500076293945,198008800
2025-06-06,37.1349983215332,37.505001068115234,36.77000045776367,37.10499954223633,131215400
2025-06-09,37.15499877929688,37.619998931884766,36.91999816894531,37.27000045776367,100363800
2025-06-10,37.35499954223633,38.14500045776367,36.880001068115234,37.9900016784668,122693000
2025-06-11,38.29499816894531,38.540000915527344,37.11000061035156,37.59999847412109,181652000
2025-06-12,37.29999923706055,38.06499862670898,37.2599983215332,37.845001220703125,126110000
2025-06-13,36.54999923706055,37.44499969482422,36.1349983215332,36.415000915527344,210666200
2025-06-16,37.11000061035156,38.125,37.11000061035156,37.900001525878906,116668600
2025-06-17,37.34000015258789,37.68999862670898,36.540000915527344,36.77999877929688,135418200
2025-06-18,36.959999084472656,37.47999954223633,36.41999816894531,36.72999954223633,142661400
2025-06-20,37.380001068115234,37.665000915527344,35.86000061035156,36.22499847412109,163355000
2025-06-23,36.3650016784668,37.46500015258789,35.709999084472656,37.34999847412109,167572800
2025-06-24,38.45500183105469,39.255001068115234,38.33000183105469,39.04999923706055,113191600
2025-06-25,39.43999862670898,39.709999084472656,38.86000061035156,39.2400016784668,101438200
2025-06-26,39.709999084472656,40.42499923706055,39.310001373291016,40.31499862670898,100144200
2025-06-27,40.51499938964844,41.125,39.92499923706055,40.709999084472656,146023600
2025-06-30,41.400001525878906,41.744998931884766,40.915000915527344,41.5,113721400
2025-07-01,41.060001373291016,41.27000045776367,39.90499877929688,40.44499969482422,140390000
2025-07-02,40.22999954223633,41.29499816894531,40.21500015258789,41.25,100285000
2025-07-03,41.744998931884766,42.64500045776367,41.744998931884766,42.40499877929688,83484600
2025-07-07,41.79999923706055,41.98500061035156,40.900001525878906,41.459999084472656,139674800
2025-07-08,41.7400016784668,41.88999938964844,41.23500061035156,41.51499938964844,115515400
2025-07-09,41.98500061035156,42.69499969482422,41.67499923706055,42.375,117976200
2025-07-10,42.51499938964844,42.61000061035156,41.56999969482422,42.18000030517578,110317800
2025-07-11,41.65999984741211,42.22499847412109,41.375,41.86000061035156,106937600
2025-07-14,41.81499862670898,42.470001220703125,41.275001525878906,42.30500030517578,97311400
2025-07-15,43.21500015258789,43.334999084472656,42.400001525878906,42.415000915527344,123257600
2025-07-16,42.52999877929688,42.67499923706055,41.220001220703125,42.53499984741211,166357600
2025-07-17,42.685001373291016,43.65999984741211,42.5,43.525001525878906,97330800
2025-07-18,43.81999969482422,43.869998931884766,43.095001220703125,43.375,98496200
2025-07-21,43.57500076293945,44.4900016784668,43.560001373291016,44.03499984741211,87720400
2025-07-22,44.06499862670898,44.08000183105469,42.73500061035156,43.34999847412109,108345200
2025-07-23,43.59000015258789,43.93999862670898,42.95000076293945,43.91999816894531,118025200
2025-07-24,44.22499847412109,44.47999954223633,43.79999923706055,44.209999084472656,90378200
2025-07-25,44.15499877929688,44.790000915527344,43.9900016784668,44.459999084472656,79003200
2025-07-28,44.79499816894531,45.095001220703125,44.59000015258789,44.89500045776367,95592000
2025-07-29,45.494998931884766,45.81499862670898,44.4900016784668,44.68999862670898,116251200
2025-07-30,44.869998931884766,45.43999862670898,44.130001068115234,44.845001220703125,145527600
2025-07-31,46.35499954223633,46.375,43.83000183105469,44.10499954223633,178874600
2025-08-01,42.625,42.65999984741211,40.93000030517578,41.459999084472656,219781200
2025-08-04,42.61000061035156,43.78499984741211,42.58000183105469,43.72999954223633,108586000
2025-08-05,44.025001525878906,44.30500030517578,42.709999084472656,42.81999969482422,152088400
2025-08-06,43.01499938964844,44.53499984741211,42.90499877929688,44.41999816894531,128995200
2025-08-07,45.44499969482422,45.834999084472656,43.90999984741211,44.869998931884766,169239200
2025-08-08,45.119998931884766,46.13999938964844,45.04999923706055,46.08000183105469,104522600
2025-08-11,46.1150016784668,46.619998931884766,45.36000061035156,45.67499923706055,94617000
2025-08-12,46.209999084472656,47.44499969482422,45.56499862670898,47.36000061035156,119469600
2025-08-13,48.025001525878906,48.15999984741211,47.09000015258789,47.43000030517578,96058600
2025-08-14,46.91999816894531,47.79499816894531,46.81999969482422,47.29999923706055,106385800
2025-08-15,47.23500061035156,47.255001068115234,46.209999084472656,46.630001068115234,96167400
2025-08-18,46.400001525878906,46.72999954223633,46.1150016784668,46.56999969482422,73371400
2025-08-19,46.3849983215332,46.43000030517578,44.40999984741211,44.66999816894531,111118600
2025-08-20,44.415000915527344,44.44499969482422,42.18999862670898,43.85499954223633,164404200
2025-08-21,43.47499847412109,43.97499847412109,42.69499969482422,43.244998931884766,119920000
2025-08-22,43.5099983215332,45.65999984741211,43.185001373291016,45.18999862670898,132726400
2025-08-25,44.810001373291016,45.4900016784668,44.51499938964844,44.79499816894531,80452600
2025-08-26,44.65499877929688,45.3849983215332,44.41999816894531,45.31499862670898,84374600
2025-08-27,45.06999969482422,45.720001220703125,44.77000045776367,45.52000045776367,90055200
2025-08-28,45.63999938964844,46.55500030517578,45.255001068115234,46.34999847412109,90658000
2025-08-29,45.709999084472656,45.79499816894531,44.244998931884766,44.68000030517578,121887000
2025-09-02,42.55500030517578,43.619998931884766,42.125,43.540000915527344,166668000
2025-09-03,44.3650016784668,44.93999862670898,43.79499816894531,44.55500030517578,119929800
2025-09-04,44.70000076293945,45.83000183105469,44.310001373291016,45.7599983215332,101759600
2025-09-05,46.970001220703125,47.119998931884766,44.845001220703125,45.90999984741211,172625800
2025-09-08,46.45500183105469,47.04999923706055,46.31999969482422,46.56499862670898,101696800
2025-09-09,46.75,47.05500030517578,46.119998931884766,46.94499969482422,94620800
2025-09-10,47.72499847412109,47.72999954223633,46.470001220703125,46.994998931884766,120818800
2025-09-11,47.595001220703125,47.9900016784668,47.20500183105469,47.78499984741211,91247200
2025-09-12,47.97999954223633,48.685001373291016,47.76499938964844,48.380001068115234,92235200
2025-09-15,48.81999969482422,49.6349983215332,48.78499984741211,49.6150016784668,78114400
2025-09-16,49.834999084472656,49.90499877929688,49.30500030517578,49.47999954223633,77137200
2025-09-17,49.44499969482422,49.59999847412109,47.755001068115234,49.165000915527344,147697200
2025-09-18,50.380001068115234,51.185001373291016,49.89500045776367,50.4900016784668,123401600
2025-09-19,50.93999862670898,51.64500045776367,50.57500076293945,51.4900016784668,84365400
2025-09-22,51.209999084472656,52.540000915527344,51.209999084472656,52.36000061035156,81054600
2025-09-23,52.39500045776367,52.45000076293945,50.9900016784668,51.30500030517578,99930600
2025-09-24,51.60499954223633,51.68000030517578,49.994998931884766,50.70500183105469,101055600
2025-09-25,49.70000076293945,50.435001373291016,48.75,50.025001525878906,122820600
2025-09-26,50.20000076293945,50.68999862670898,49.369998931884766,50.625,124097400
2025-09-29,51.39500045776367,52.13999938964844,50.970001220703125,51.29999923706055,92393200
2025-09-30,51.20500183105469,51.78499984741211,50.61000061035156,51.70000076293945,92323800
2025-10-01,50.8650016784668,52.56999969482422,50.650001525878906,52.43000030517578,93996400
2025-10-02,53.40499877929688,53.41999816894531,52.33000183105469,53.06999969482422,89158600
2025-10-03,53.220001220703125,53.435001373291016,51.880001068115234,52.34999847412109,103096400
2025-10-06,53.70000076293945,53.93999862670898,53.06499862670898,53.52000045776367,82476800
2025-10-07,53.84999847412109,54.02999877929688,52.2599983215332,52.65499877929688,100185800
2025-10-08,52.86000061035156,54.525001525878906,52.83000183105469,54.43999862670898,86931000
2025-10-09,54.43999862670898,54.47999954223633,53.380001068115234,54.22499847412109,87956200
2025-10-10,54.3650016784668,54.83000183105469,48.415000915527344,48.53499984741211,238009400
2025-10-13,51.02999877929688,51.84000015258789,50.42499923706055,51.6150016784668,114511200
2025-10-14,49.8650016784668,51.76499938964844,48.53499984741211,50.56499862670898,147230000
2025-10-15,52.06999969482422,52.755001068115234,50.02000045776367,51.59999847412109,127069400
2025-10-16,52.34000015258789,53.165000915527344,49.875,51.025001525878906,159344000
2025-10-17,50.459999084472656,52.3849983215332,50.060001373291016,51.994998931884766,142274000
2025-10-20,52.80500030517578,54.2599983215332,52.775001525878906,53.94499969482422,79928800
2025-10-21,53.95000076293945,54.2400016784668,53.334999084472656,53.8849983215332,79811400
2025-10-22,53.72499847412109,53.869998931884766,50.790000915527344,52.29999923706055,134380800
2025-10-23,52.1349983215332,53.81499862670898,52.040000915527344,53.61000061035156,91245000
2025-10-24,54.994998931884766,55.630001068115234,54.76499938964844,55.27999877929688,84387600
2025-10-27,57.2599983215332,58.345001220703125,57.1349983215332,58.21500015258789,77489400
2025-10-28,58.82500076293945,60.040000915527344,58.52999877929688,59.54499816894531,92239400
2025-10-29,60.28499984741211,60.685001373291016,58.77000045776367,60.30500030517578,133060800
2025-10-30,59.29499816894531,59.66999816894531,57.51499938964844,57.54499816894531,127234200
2025-10-31,59.744998931884766,59.744998931884766,57.68999862670898,58.36000061035156,122666800
2025-11-03,60.0,60.209999084472656,58.540000915527344,59.15999984741211,83598000
2025-11-04,56.68000030517578,57.70500183105469,55.31999969482422,55.540000915527344,124762800
2025-11-05,55.34000015258789,57.5,54.970001220703125,56.619998931884766,109730000
2025-11-06,56.185001373291016,56.25,53.060001373291016,53.44499969482422,156461400
2025-11-07,52.5099983215332,52.91999816894531,49.97999954223633,52.88999938964844,183589400
2025-11-10,55.21500015258789,56.625,54.70500183105469,56.35499954223633,119878800
2025-11-11,55.6349983215332,56.209999084472656,54.79999923706055,55.88999938964844,102665600
2025-11-12,56.76499938964844,56.77000045776367,54.8650016784668,55.775001525878906,125708400
2025-11-13,54.78499984741211,54.93999862670898,51.70000076293945,52.33000183105469,201264400
2025-11-14,49.9900016784668,53.54499816894531,49.3849983215332,52.369998931884766,222397600
2025-11-17,51.70500183105469,53.31499862670898,50.05500030517578,51.025001525878906,186327000
2025-11-18,49.98500061035156,50.66999816894531,47.900001525878906,49.18000030517578,267348000
2025-11-19,49.32500076293945,51.57500076293945,48.71500015258789,50.025001525878906,184263600
2025-11-20,52.95000076293945,53.540000915527344,46.22999954223633,46.45000076293945,178246300
2025-11-21,46.84999847412109,49.09999847412109,45.2400016784668,47.47999954223633,179618600
2025-11-24,48.70000076293945,51.45000076293945,48.66999816894531,51.08000183105469,93894200
2025-11-25,50.63999938964844,52.36000061035156,49.08000183105469,52.0099983215332,101851900
2025-11-26,52.90999984741211,53.86000061035156,52.369998931884766,53.369998931884766,75598100
2025-11-28,53.81999969482422,54.61000061035156,53.630001068115234,54.540000915527344,34381600
2025-12-01,53.11000061035156,54.650001525878906,52.81999969482422,54.04999923706055,66359600
2025-12-02,54.630001068115234,55.7599983215332,54.13999938964844,55.29999923706055,79504400
2025-12-03,54.65999984741211,55.880001068115234,54.22999954223633,55.68999862670898,69844900
2025-12-04,56.040000915527344,56.04999923706055,54.61000061035156,55.5099983215332,63958000
2025-12-05,55.86000061035156,57.08000183105469,55.68000030517578,56.150001525878906,73206000
2025-12-08,56.56999969482422,57.040000915527344,55.119998931884766,55.79999923706055,69700000
2025-12-09,55.45000076293945,56.220001220703125,55.09000015258789,56.0099983215332,48736000
2025-12-10,55.650001525878906,57.09000015258789,54.88999938964844,56.650001525878906,100261100
2025-12-11,55.630001068115234,56.15999984741211,53.97999954223633,56.11000061035156,99683900
2025-12-12,55.11000061035156,55.52000045776367,52.22999954223633,52.81999969482422,138448500
2025-12-15,54.060001373291016,54.060001373291016,51.720001220703125,52.02000045776367,98696300
2025-12-16,51.43000030517578,52.77000045776367,51.09999847412109,52.33000183105469,105953700
2025-12-17,52.650001525878906,52.79999923706055,49.369998931884766,49.400001525878906,125606200
2025-12-18,51.66999816894531,52.459999084472656,50.97999954223633,51.5099983215332,109222100
2025-12-19,52.20000076293945,53.63999938964844,52.18999862670898,53.52000045776367,72957800
2025-12-22,54.810001373291016,54.88999938964844,53.880001068115234,54.25,64783100
2025-12-23,53.970001220703125,55.06999969482422,53.86000061035156,55.0099983215332,48197100
2025-12-24,54.869998931884766,55.45000076293945,54.77999877929688,55.36000061035156,25855000
2025-12-26,55.52000045776367,55.75,55.11000061035156,55.310001373291016,37244200
2025-12-29,54.290000915527344,54.9900016784668,53.91999816894531,54.4900016784668,50635300
2025-12-30,54.20000076293945,54.81999969482422,54.040000915527344,54.09999847412109,38976800
2025-12-31,54.130001068115234,54.20000076293945,52.63999938964844,52.720001220703125,57199400
2026-01-02,54.16999816894531,54.880001068115234,51.61000061035156,52.34999847412109,107226600
2026-01-05,53.95000076293945,54.33000183105469,53.290000915527344,53.59999847412109,77968000
2026-01-06,53.91999816894531,55.16999816894531,53.7400016784668,55.0099983215332,68915800
2026-01-07,54.88999938964844,56.18999862670898,54.77000045776367,55.16999816894531,65588300
2026-01-08,54.869998931884766,54.97999954223633,53.5,54.18999862670898,83760300
2026-01-09,54.38999938964844,56.09999847412109,53.790000915527344,55.7599983215332,78706300
2026-01-12,54.59999847412109,56.34000015258789,54.58000183105469,55.88999938964844,59673900
2026-01-13,55.90999984741211,56.5,54.959999084472656,55.59999847412109,88611000
2026-01-14,54.54999923706055,54.880001068115234,52.5,53.83000183105469,117421500
2026-01-15,55.650001525878906,55.83000183105469,54.130001068115234,54.380001068115234,90483000
2026-01-16,55.31999969482422,55.459999084472656,53.58000183105469,54.13999938964844,75855900
2026-01-20,51.38999938964844,52.560001373291016,50.47999954223633,50.72999954223633,129209100
2026-01-21,51.06999969482422,53.79999923706055,50.66999816894531,52.72999954223633,150230100
2026-01-22,54.31999969482422,54.33000183105469,53.150001525878906,53.900001525878906,90992300
2026-01-23,53.59000015258789,55.06999969482422,53.31999969482422,54.380001068115234,78066100
2026-01-26,54.470001220703125,55.630001068115234,54.209999084472656,55.08000183105469,58084300
2026-01-27,55.97999954223633,56.79999923706055,55.560001373291016,56.540000915527344,51981200
2026-01-28,57.70000076293945,58.0099983215332,56.72999954223633,57.060001373291016,76172100
2026-01-29,56.95000076293945,57.209999084472656,53.060001373291016,56.040000915527344,122642300
2026-01-30,55.02000045776367,55.709999084472656,53.31999969482422,54.0,110170700
2026-02-02,53.15999984741211,55.709999084472656,53.150001525878906,55.09999847412109,74665800
2026-02-03,55.63999938964844,55.7599983215332,51.08000183105469,52.52000045776367,129992200
2026-02-04,52.13999938964844,52.150001525878906,48.43000030517578,49.7599983215332,142536200
2026-02-05,48.38999938964844,49.52999877929688,47.060001373291016,47.63999938964844,158712900
2026-02-06,48.34000015258789,51.0099983215332,48.0,50.59000015258789,117934600
2026-02-09,50.060001373291016,52.27000045776367,49.43999862670898,51.7400016784668,71272700
2026-02-10,51.970001220703125,52.400001525878906,50.88999938964844,51.02000045776367,70660900
2026-02-11,52.209999084472656,52.5,50.040000915527344,51.400001525878906,92393800
2026-02-12,51.79999923706055,52.06999969482422,47.9900016784668,48.2599983215332,131150000
2026-02-13,48.150001525878906,49.59000015258789,47.18000030517578,48.470001220703125,123216600
2026-02-17,47.63999938964844,48.97999954223633,46.41999816894531,48.34999847412109,117089700
2026-02-18,48.52999877929688,50.36000061035156,48.20000076293945,49.38999938964844,81370800
2026-02-19,48.66999816894531,49.400001525878906,48.15999984741211,48.83000183105469,83447500
2026-02-20,47.959999084472656,50.45000076293945,47.7599983215332,50.060001373291016,118813800
2026-02-23,49.52999877929688,49.880001068115234,47.65999984741211,48.2400016784668,91951800
2026-02-24,48.45000076293945,50.040000915527344,47.81999969482422,49.77999877929688,71023300
2026-02-25,50.54999923706055,51.959999084472656,50.52999877929688,51.869998931884766,54217200
2026-02-26,51.630001068115234,51.63999938964844,48.709999084472656,50.04999923706055,105583800
2026-02-27,48.45000076293945,49.77000045776367,48.2599983215332,49.52000045776367,93802200
2026-03-02,47.459999084472656,50.150001525878906,47.22999954223633,49.70000076293945,108545900
2026-03-03,46.810001373291016,48.66999816894531,45.720001220703125,48.09999847412109,163365500
2026-03-04,48.68999862670898,50.790000915527344,48.52000045776367,50.2599983215332,99738400
2026-03-05,49.43999862670898,50.7599983215332,48.16999816894531,49.79999923706055,129713200
2026-03-06,47.65999984741211,49.04999923706055,47.18000030517578,47.540000915527344,141012200
2026-03-09,46.18999862670898,49.77000045776367,45.5,49.38999938964844,159005500
2026-03-10,49.40999984741211,50.7400016784668,48.83000183105469,49.400001525878906,115057200
2026-03-11,49.68000030517578,50.52000045776367,48.72999954223633,49.34999847412109,91104300
2026-03-12,48.150001525878906,48.4900016784668,46.75,46.83000183105469,130823900
2026-03-13,47.34999847412109,48.25,45.66999816894531,45.93000030517578,141952500
2026-03-16,47.369998931884766,48.27000045776367,47.18000030517578,47.459999084472656,81421500
2026-03-17,48.119998931884766,48.7599983215332,47.810001373291016,48.15999984741211,74570100
2026-03-18,47.720001220703125,48.11000061035156,46.04999923706055,46.09999847412109,105059300
2026-03-19,44.869998931884766,46.31999969482422,44.29999923706055,45.68999862670898,138384900
2026-03-20,45.18000030517578,45.209999084472656,42.29999923706055,43.08000183105469,137952500
2026-03-23,45.11000061035156,46.150001525878906,44.130001068115234,44.56999969482422,139354300
2026-03-24,43.84000015258789,44.54999923706055,43.18999862670898,43.619998931884766,105505200
2026-03-25,44.70000076293945,45.220001220703125,43.95000076293945,44.38999938964844,79294400
2026-03-26,43.22999954223633,43.68000030517578,41.150001525878906,41.22999954223633,117558900
2026-03-27,40.560001373291016,40.59000015258789,38.560001373291016,38.77999877929688,124795700
2026-03-30,39.75,39.90999984741211,37.31999969482422,37.88999938964844,111446500
2026-03-31,39.09000015258789,42.0,39.06999969482422,41.68000030517578,149516200
2026-04-01,42.630001068115234,43.97999954223633,42.40999984741211,43.22999954223633,116135500
2026-04-02,40.880001068115234,43.54999923706055,40.43999862670898,43.33000183105469,111377300
2026-04-06,43.59999847412109,44.59000015258789,43.27000045776367,44.09999847412109,69245100
2026-04-07,43.45000076293945,44.209999084472656,41.84000015258789,44.150001525878906,131796200
2026-04-08,48.63999938964844,48.91999816894531,47.150001525878906,48.0,102015100
2026-04-09,48.02000045776367,49.09000015258789,47.310001373291016,48.959999084472656,78953600
2026-04-10,49.36000061035156,49.810001373291016,48.81999969482422,49.16999816894531,65481600
2026-04-13,48.77999877929688,50.7400016784668,48.459999084472656,50.65999984741211,67169100
2026-04-14,51.38999938964844,53.43000030517578,51.380001068115234,53.40999984741211,72362300
2026-04-15,53.56999969482422,55.7400016784668,53.33000183105469,55.650001525878906,83244000
2026-04-16,56.130001068115234,56.91999816894531,55.09999847412109,56.43000030517578,86398100
2026-04-17,57.77999877929688,58.93999862670898,57.369998931884766,58.59000015258789,103604000
2026-04-20,58.400001525878906,58.58000183105469,56.90999984741211,58.08000183105469,67652800
2026-04-21,58.47999954223633,58.970001220703125,56.81999969482422,57.400001525878906,91775200
2026-04-22,58.93000030517578,60.29999923706055,58.4900016784668,60.209999084472656,73399800
2026-04-23,59.79999923706055,60.72999954223633,57.59000015258789,59.220001220703125,92856900
2026-04-24,61.08000183105469,62.7400016784668,60.560001373291016,62.560001373291016,80250700
2026-04-27,62.40999984741211,62.70000076293945,61.63999938964844,62.63999938964844,56615000
2026-04-28,60.720001220703125,61.33000183105469,59.68000030517578,60.7400016784668,80631600
2026-04-29,61.0,61.869998931884766,60.45000076293945,61.86000061035156,77081400
2026-04-30,62.88999938964844,63.79999923706055,60.70000076293945,63.540000915527344,81042700
2026-05-01,63.88999938964844,65.83999633789062,63.810001373291016,65.30000305175781,67762900
2026-05-04,65.44000244140625,66.05000305175781,63.77999877929688,64.91000366210938,60813800
2026-05-05,66.37000274658203,67.7699966430664,66.25,67.38999938964844,54098800
2026-05-06,69.26000213623047,71.66000366210938,68.87999725341797,71.56999969482422,70169000
2026-05-07,71.87000274658203,73.30000305175781,70.37999725341797,71.33999633789062,93509100
2026-05-08,72.81999969482422,76.30999755859375,72.69999694824219,76.27999877929688,68713700
2026-05-11,76.0,77.36000061035156,75.55000305175781,76.95999908447266,60475000
2026-05-12,75.30000305175781,75.93000030517578,71.55000305175781,74.95999908447266,90651600
2026-05-13,75.80999755859375,77.94000244140625,74.19000244140625,77.23999786376953,64416400
2026-05-14,77.29000091552734,79.68000030517578,77.16000366210938,78.94999694824219,58472800
2026-05-15,75.7300033569336,77.37000274658203,74.2300033569336,75.33999633789062,81260600
2026-05-18,76.12999725341797,76.2699966430664,72.0999984741211,74.31999969482422,87710100
2026-05-19,72.41000366210938,74.5,70.95999908447266,72.93000030517578,85973700
2026-05-20,74.08999633789062,76.52999877929688,73.62000274658203,76.51000213623047,70647500
2026-05-21,75.18000030517578,77.79000091552734,74.47000122070312,76.94999694824219,74958100
2026-05-22,78.04000091552734,79.33000183105469,77.33000183105469,77.83999633789062,58330500
2026-05-26,80.58999633789062,82.2699966430664,79.9800033569336,81.94999694824219,62579600
2026-05-27,82.87000274658203,82.91000366210938,80.33000183105469,81.66999816894531,66221000
2026-05-28,81.73999786376953,84.05000305175781,80.66000366210938,83.68000030517578,55265900
2026-05-29,84.41000366210938,85.69999694824219,83.52999877929688,84.55999755859375,67644100
2026-06-01,84.1500015258789,87.05999755859375,83.75,86.04000091552734,57216000
2026-06-02,85.94000244140625,87.31999969482422,84.83000183105469,87.22000122070312,48355000
2026-06-03,87.68000030517578,88.08999633789062,85.41000366210938,86.55999755859375,62154500
2026-06-04,83.47000122070312,86.25,82.4800033569336,85.22000122070312,59614600
2026-06-05,81.56999969482422,82.08000183105469,72.68000030517578,73.05000305175781,118961300
2026-06-08,76.86000061035156,78.47000122070312,75.37999725341797,76.2699966430664,77319000
2026-06-09,78.4800033569336,79.33999633789062,66.79000091552734,73.72000122070312,132485700
2026-06-10,71.68000030517578,74.69999694824219,69.0,69.2699966430664,91465200
2026-06-11,70.88999938964844,76.5999984741211,69.58999633789062,76.01000213623047,116288800
2026-06-12,76.33999633789062,78.36000061035156,74.29000091552734,77.5199966430664,94070700
2026-06-15,82.87999725341797,85.02999877929688,82.63999938964844,84.58999633789062,59758000
2026-06-16,84.19000244140625,84.83000183105469,79.86000061035156,79.93000030517578,67086700
2026-06-17,81.66999816894531,81.80999755859375,76.94000244140625,77.54000091552734,78089600
2026-06-18,82.0999984741211,83.5999984741211,80.62999725341797,82.87000274658203,61063000
2026-06-22,83.94999694824219,85.11000061035156,81.38999938964844,82.58000183105469,61888900
2026-06-23,75.12000274658203,77.73999786376953,73.91000366210938,74.44000244140625,82341800
2026-06-24,74.79000091552734,76.18000030517578,71.3499984741211,73.30000305175781,72009700
2026-06-25,77.95999908447266,78.23999786376953,71.5999984741211,74.94999694824219,105261200
2026-06-26,72.08999633789062,74.69000244140625,70.72000122070312,71.83000183105469,70427700
2026-06-29,74.12000274658203,77.37999725341797,71.44999694824219,77.19000244140625,79128400
2026-06-30,77.23999786376953,81.54000091552734,77.1500015258789,81.0,58466200
2026-07-01,78.72000122070312,79.63999938964844,77.2300033569336,77.45999908447266,63348200
2026-07-02,77.44999694824219,79.13999938964844,71.72000122070312,73.3499984741211,87308500
2026-07-06,75.54000091552734,77.44999694824219,75.11000061035156,76.41999816894531,54545100
2026-07-07,73.69999694824219,74.38999938964844,70.76000213623047,72.2300033569336,70992900
2026-07-08,70.80000305175781,73.0199966430664,69.56999969482422,72.72000122070312,70748500
2026-07-09,74.8499984741211,76.69000244140625,73.88999938964844,76.33999633789062,51726600
2026-07-10,75.52999877929688,77.31999969482422,74.33000183105469,77.02999877929688,46034400
2026-07-13,74.54000091552734,74.8499984741211,72.08999633789062,72.63999938964844,63317500
2026-07-14,75.19999694824219,75.8499984741211,73.41000366210938,75.0199966430664,58097300
2026-07-15,76.29000091552734,76.47000122070312,72.05999755859375,74.44000244140625,68547800
2026-07-16,72.61000061035156,73.12000274658203,69.69000244140625,70.73999786376953,66953300
2026-07-17,66.37999725341797,69.55999755859375,64.91000366210938,67.52999877929688,75465200
2026-07-20,69.47000122070312,70.51000213623047,67.5,67.6500015258789,50076700
2026-07-21,70.70999908447266,71.72000122070312,69.61000061035156,71.37000274658203,37772500
2026-07-22,69.7699966430664,71.58999633789062,69.7699966430664,70.27999877929688,36062100
2026-07-23,67.11000061035156,68.2699966430664,65.0199966430664,66.30000305175781,80277500
2026-07-24,65.77999877929688,66.4000015258789,63.4900016784668,64.0,69267700
2026-07-27,66.05999755859375,66.2300033569336,61.63999938964844,63.400001525878906,70531600
2026-07-28,61.77000045776367,62.61000061035156,59.400001525878906,61.560001373291016,73235900
2026-07-29,61.5099983215332,62.7400016784668,57.59000015258789,57.75,103582900
2026-07-30,61.130001068115234,63.84000015258789,60.7400016784668,63.29999923706055,75877800
2026-07-31,65.73999786376953,66.7699966430664,62.38999938964844,64.62000274658203,86709900
2026-08-03,64.70999908447266,68.41000366210938,63.9900016784668,67.95999908447266,62223600
2026-08-04,70.30999755859375,75.41000366210938,70.13999938964844,74.81999969482422,73728500
2026-08-05,75.61000061035156,76.33000183105469,72.73999786376953,72.83999633789062,70885800
2026-08-06,70.8499984741211,73.44999694824219,70.16000366210938,72.02999877929688,60887200
2026-08-07,73.66000366210938,74.66999816894531,72.5199966430664,74.47000122070312,59409800
2026-08-10,74.2699966430664,74.9800033569336,73.63999938964844,73.80000305175781,44224500
2026-08-11,74.54000091552734,74.54000091552734,72.23999786376953,73.05999755859375,43674100
2026-08-12,75.62000274658203,75.69000244140625,74.37999725341797,74.5999984741211,46867300
2026-08-13,75.04000091552734,77.7699966430664,74.70999908447266,77.1500015258789,49822600
2026-08-14,77.56999969482422,77.8499984741211,75.94000244140625,76.79000091552734,36616800
2026-08-17,77.37999725341797,77.9000015258789,76.20999908447266,76.4000015258789,39828100
2026-08-18,73.36000061035156,73.95999908447266,72.01000213623047,72.52999877929688,51330500
2026-08-19,73.37000274658203,73.69999694824219,71.0,72.05999755859375,49118200
2026-08-20,70.83000183105469,71.69000244140625,69.76000213623047,70.4800033569336,56681700
2026-08-21,71.69999694824219,71.8280029296875,69.91000366210938,71.16999816894531,47278062
