Date,Close
1995-05-02,-1
1995-05-03,-1
1995-05-04,-1
1995-05-05,-1
1995-05-06,-1
1995-05-07,-1
1995-05-08,-1
1995-05-09,-1
1995-05-10,-1
1995-05-11,-1
1995-05-12,-1
1995-05-13,-1
1995-05-14,-1
1995-05-15,-1
1995-05-16,-1
1995-05-17,-1
1995-05-18,-1
1995-05-19,-1
1995-05-20,-1
1995-05-21,-1
1995-05-22,-1
1995-05-23,-1
1995-05-24,-1
1995-05-25,-1
1995-05-26,-1
1995-05-27,-1
1995-05-28,-1
1995-05-29,-1
1995-05-30,-1
1995-05-31,-1
1995-06-01,-1
1995-06-02,-1
1995-06-03,-1
1995-06-04,-1
1995-06-05,-1
1995-06-06,-1
1995-06-07,-1
1995-06-08,-1
1995-06-09,-1
1995-06-10,-1
1995-06-11,-1
1995-06-12,-1
1995-06-13,-1
1995-06-14,-1
1995-06-15,-1
1995-06-16,-1
1995-06-17,-1
1995-06-18,-1
1995-06-19,-1
1995-06-20,-1
1995-06-21,-1
1995-06-22,-1
1995-06-23,-1
1995-06-24,-1
1995-06-25,-1
1995-06-26,-1
1995-06-27,-1
1995-06-28,-1
1995-06-29,-1
1995-06-30,-1
1995-07-01,-1
1995-07-02,-1
1995-07-03,-1
1995-07-04,-1
1995-07-05,-1
1995-07-06,-1
1995-07-07,-1
1995-07-08,-1
1995-07-09,-1
1995-07-10,-1
1995-07-11,-1
1995-07-12,-1
1995-07-13,-1
1995-07-14,-1
1995-07-15,-1
1995-07-16,-1
1995-07-17,-1
1995-07-18,-1
1995-07-19,-1
1995-07-20,-1
1995-07-21,-1
1995-07-22,-1
1995-07-23,-1
1995-07-24,-1
1995-07-25,-1
1995-07-26,-1
1995-07-27,-1
1995-07-28,-1
1995-07-29,-1
1995-07-30,-1
1995-07-31,-1
1995-08-01,-1
1995-08-02,-1
1995-08-03,-1
1995-08-04,-1
1995-08-05,-1
1995-08-06,-1
1995-08-07,-1
1995-08-08,-1
1995-08-09,-1
1995-08-10,-1
1995-08-11,-1
1995-08-12,-1
1995-08-13,-1
1995-08-14,-1
1995-08-15,-1
1995-08-16,-1
1995-08-17,-1
1995-08-18,-1
1995-08-19,-1
1995-08-20,-1
1995-08-21,-1
1995-08-22,-1
1995-08-23,-1
1995-08-24,-1
1995-08-25,-1
1995-08-26,-1
1995-08-27,-1
1995-08-28,-1
1995-08-29,-1
1995-08-30,-1
1995-08-31,-1
1995-09-01,-1
1995-09-02,-1
1995-09-03,-1
1995-09-04,-1
1995-09-05,-1
1995-09-06,-1
1995-09-07,-1
1995-09-08,-1
1995-09-09,-1
1995-09-10,-1
1995-09-11,-1
1995-09-12,-1
1995-09-13,-1
1995-09-14,-1
1995-09-15,-1
1995-09-16,-1
1995-09-17,-1
1995-09-18,-1
1995-09-19,-1
1995-09-20,-1
1995-09-21,-1
1995-09-22,-1
1995-09-23,-1
1995-09-24,-1
1995-09-25,-1
1995-09-26,-1
1995-09-27,-1
1995-09-28,-1
1995-09-29,-1
1995-09-30,-1
1995-10-01,-1
1995-10-02,-1
1995-10-03,-1
1995-10-04,-1
1995-10-05,-1
1995-10-06,-1
1995-10-07,-1
1995-10-08,-1
1995-10-09,-1
1995-10-10,-1
1995-10-11,-1
1995-10-12,-1
1995-10-13,-1
1995-10-14,-1
1995-10-15,-1
1995-10-16,-1
1995-10-17,-1
1995-10-18,-1
1995-10-19,-1
1995-10-20,-1
1995-10-21,-1
1995-10-22,-1
1995-10-23,-1
1995-10-24,-1
1995-10-25,-1
1995-10-26,-1
1995-10-27,-1
1995-10-28,-1
1995-10-29,-1
1995-10-30,-1
1995-10-31,-1
1995-11-01,-1
1995-11-02,-1
1995-11-03,-1
1995-11-04,-1
1995-11-05,-1
1995-11-06,-1
1995-11-07,-1
1995-11-08,-1
1995-11-09,-1
1995-11-10,-1
1995-11-11,-1
1995-11-12,-1
1995-11-13,-1
1995-11-14,-1
1995-11-15,-1
1995-11-16,-1
1995-11-17,-1
1995-11-18,-1
1995-11-19,-1
1995-11-20,-1
1995-11-21,-1
1995-11-22,-1
1995-11-23,-1
1995-11-24,-1
1995-11-25,-1
1995-11-26,-1
1995-11-27,-1
1995-11-28,-1
1995-11-29,-1
1995-11-30,-1
1995-12-01,-1
1995-12-02,-1
1995-12-03,-1
1995-12-04,-1
1995-12-05,-1
1995-12-06,-1
1995-12-07,-1
1995-12-08,-1
1995-12-09,-1
1995-12-10,-1
1995-12-11,-1
1995-12-12,-1
1995-12-13,-1
1995-12-14,-1
1995-12-15,-1
1995-12-16,-1
1995-12-17,-1
1995-12-18,-1
1995-12-19,-1
1995-12-20,-1
1995-12-21,-1
1995-12-22,-1
1995-12-23,-1
1995-12-24,-1
1995-12-25,-1
1995-12-26,-1
1995-12-27,-1
1995-12-28,-1
1995-12-29,-1
1995-12-30,-1
1995-12-31,-1
1996-01-01,-1
1996-01-02,-1
1996-01-03,-1
1996-01-04,-1
1996-01-05,-1
1996-01-06,-1
1996-01-07,-1
1996-01-08,-1
1996-01-09,-1
1996-01-10,-1
1996-01-11,-1
1996-01-12,-1
1996-01-13,-1
1996-01-14,-1
1996-01-15,-1
1996-01-16,-1
1996-01-17,-1
1996-01-18,-1
1996-01-19,-1
1996-01-20,-1
1996-01-21,-1
1996-01-22,-1
1996-01-23,-1
1996-01-24,-1
1996-01-25,-1
1996-01-26,-1
1996-01-27,-1
1996-01-28,-1
1996-01-29,-1
1996-01-30,-1
1996-01-31,-1
1996-02-01,-1
1996-02-02,-1
1996-02-03,-1
1996-02-04,-1
1996-02-05,-1
1996-02-06,-1
1996-02-07,-1
1996-02-08,-1
1996-02-09,-1
1996-02-10,-1
1996-02-11,-1
1996-02-12,-1
1996-02-13,-1
1996-02-14,-1
1996-02-15,-1
1996-02-16,-1
1996-02-17,-1
1996-02-18,-1
1996-02-19,-1
1996-02-20,-1
1996-02-21,-1
1996-02-22,-1
1996-02-23,-1
1996-02-24,-1
1996-02-25,-1
1996-02-26,-1
1996-02-27,-1
1996-02-28,-1
1996-02-29,-1
1996-03-01,-1
1996-03-02,-1
1996-03-03,-1
1996-03-04,-1
1996-03-05,-1
1996-03-06,-1
1996-03-07,-1
1996-03-08,-1
1996-03-09,-1
1996-03-10,-1
1996-03-11,-1
1996-03-12,-1
1996-03-13,-1
1996-03-14,-1
1996-03-15,-1
1996-03-16,-1
1996-03-17,-1
1996-03-18,-1
1996-03-19,-1
1996-03-20,-1
1996-03-21,-1
1996-03-22,-1
1996-03-23,-1
1996-03-24,-1
1996-03-25,-1
1996-03-26,-1
1996-03-27,-1
1996-03-28,-1
1996-03-29,-1
1996-03-30,-1
1996-03-31,-1
1996-04-01,-1
1996-04-02,-1
1996-04-03,-1
1996-04-04,-1
1996-04-05,-1
1996-04-06,-1
1996-04-07,-1
1996-04-08,-1
1996-04-09,-1
1996-04-10,-1
1996-04-11,-1
1996-04-12,-1
1996-04-13,-1
1996-04-14,-1
1996-04-15,-1
1996-04-16,-1
1996-04-17,-1
1996-04-18,-1
1996-04-19,-1
1996-04-20,-1
1996-04-21,-1
1996-04-22,-1
1996-04-23,-1
1996-04-24,-1
1996-04-25,-1
1996-04-26,-1
1996-04-27,-1
1996-04-28,-1
1996-04-29,-1
1996-04-30,-1
1996-05-01,-1
1996-05-02,-1
1996-05-03,-1
1996-05-04,-1
1996-05-05,-1
1996-05-06,-1
1996-05-07,-1
1996-05-08,-1
1996-05-09,-1
1996-05-10,-1
1996-05-11,-1
1996-05-12,-1
1996-05-13,-1
1996-05-14,-1
1996-05-15,-1
1996-05-16,-1
1996-05-17,-1
1996-05-18,-1
1996-05-19,-1
1996-05-20,-1
1996-05-21,-1
1996-05-22,-1
1996-05-23,-1
1996-05-24,-1
1996-05-25,-1
1996-05-26,-1
1996-05-27,-1
1996-05-28,-1
1996-05-29,-1
1996-05-30,-1
1996-05-31,-1
1996-06-01,-1
1996-06-02,-1
1996-06-03,-1
1996-06-04,-1
1996-06-05,-1
1996-06-06,-1
1996-06-07,-1
1996-06-08,-1
1996-06-09,-1
1996-06-10,-1
1996-06-11,-1
1996-06-12,-1
1996-06-13,-1
1996-06-14,-1
1996-06-15,-1
1996-06-16,-1
1996-06-17,-1
1996-06-18,-1
1996-06-19,-1
1996-06-20,-1
1996-06-21,-1
1996-06-22,-1
1996-06-23,-1
1996-06-24,-1
1996-06-25,-1
1996-06-26,-1
1996-06-27,-1
1996-06-28,-1
1996-06-29,-1
1996-06-30,-1
1996-07-01,-1
1996-07-02,-1
1996-07-03,-1
1996-07-04,-1
1996-07-05,-1
1996-07-06,-1
1996-07-07,-1
1996-07-08,-1
1996-07-09,-1
1996-07-10,-1
1996-07-11,-1
1996-07-12,-1
1996-07-13,-1
1996-07-14,-1
1996-07-15,-1
1996-07-16,-1
1996-07-17,-1
1996-07-18,-1
1996-07-19,-1
1996-07-20,-1
1996-07-21,-1
1996-07-22,-1
1996-07-23,-1
1996-07-24,-1
1996-07-25,-1
1996-07-26,-1
1996-07-27,-1
1996-07-28,-1
1996-07-29,-1
1996-07-30,-1
1996-07-31,-1
1996-08-01,-1
1996-08-02,-1
1996-08-03,-1
1996-08-04,-1
1996-08-05,-1
1996-08-06,-1
1996-08-07,-1
1996-08-08,-1
1996-08-09,-1
1996-08-10,-1
1996-08-11,-1
1996-08-12,-1
1996-08-13,-1
1996-08-14,-1
1996-08-15,-1
1996-08-16,-1
1996-08-17,-1
1996-08-18,-1
1996-08-19,-1
1996-08-20,-1
1996-08-21,-1
1996-08-22,-1
1996-08-23,-1
1996-08-24,-1
1996-08-25,-1
1996-08-26,-1
1996-08-27,-1
1996-08-28,-1
1996-08-29,-1
1996-08-30,-1
1996-08-31,-1
1996-09-01,-1
1996-09-02,-1
1996-09-03,-1
1996-09-04,-1
1996-09-05,-1
1996-09-06,-1
1996-09-07,-1
1996-09-08,-1
1996-09-09,-1
1996-09-10,-1
1996-09-11,-1
1996-09-12,-1
1996-09-13,-1
1996-09-14,-1
1996-09-15,-1
1996-09-16,-1
1996-09-17,-1
1996-09-18,-1
1996-09-19,-1
1996-09-20,-1
1996-09-21,-1
1996-09-22,-1
1996-09-23,-1
1996-09-24,-1
1996-09-25,-1
1996-09-26,-1
1996-09-27,-1
1996-09-28,-1
1996-09-29,-1
1996-09-30,-1
1997-01-01,-1
1997-01-02,-1
1997-01-03,-1
1997-01-04,-1
1997-01-05,-1
1997-01-06,-1
1997-01-07,-1
1997-01-08,-1
1997-01-09,-1
1997-01-10,-1
1997-01-11,-1
1997-01-12,-1
1997-01-13,-1
1997-01-14,-1
1997-01-15,-1
1997-01-16,-1
1997-01-17,-1
1997-01-18,-1
1997-01-19,-1
1997-01-20,-1
1997-01-21,-1
1997-01-22,-1
1997-01-23,-1
1997-01-24,-1
1997-01-25,-1
1997-01-26,-1
1997-01-27,-1
1997-01-28,-1
1997-01-29,-1
1997-01-30,-1
1997-01-31,-1
1997-02-01,-1
1997-02-02,-1
1997-02-03,-1
1997-02-04,-1
1997-02-05,-1
1997-02-06,-1
1997-02-07,-1
1997-02-08,-1
1997-02-09,-1
1997-02-10,-1
1997-02-11,-1
1997-02-12,-1
1997-02-13,-1
1997-02-14,-1
1997-02-15,-1
1997-02-16,-1
1997-02-17,-1
1997-02-18,-1
1997-02-19,-1
1997-02-20,-1
1997-02-21,-1
1997-02-22,-1
1997-02-23,-1
1997-02-24,-1
1997-02-25,-1
1997-02-26,-1
1997-02-27,-1
1997-02-28,-1
1997-03-01,-1
1997-03-02,-1
1997-03-03,-1
1997-03-04,-1
1997-03-05,-1
1997-03-06,-1
1997-03-07,-1
1997-03-08,-1
1997-03-09,-1
1997-03-10,-1
1997-03-11,-1
1997-03-12,-1
1997-03-13,-1
1997-03-14,-1
1997-03-15,-1
1997-03-16,-1
1997-03-17,-1
1997-03-18,-1
1997-03-19,-1
1997-03-20,-1
1997-03-21,-1
1997-03-22,-1
1997-03-23,-1
1997-03-24,-1
1997-03-25,-1
1997-03-26,-1
1997-03-27,-1
1997-03-28,-1
1997-03-29,-1
1997-03-30,-1
1997-03-31,-1
1997-10-01,-1
1997-10-02,-1
1997-10-03,-1
1997-10-04,-1
1997-10-05,-1
1997-10-06,-1
1997-10-07,-1
1997-10-08,-1
1997-10-09,-1
1997-10-10,-1
1997-10-11,-1
1997-10-12,-1
1997-10-13,-1
1997-10-14,-1
1997-10-15,-1
1997-10-16,-1
1997-10-17,-1
1997-10-18,-1
1997-10-19,-1
1997-10-20,-1
1997-10-21,-1
1997-10-22,-1
1997-10-23,-1
1997-10-24,-1
1997-10-25,-1
1997-10-26,-1
1997-10-27,-1
1997-10-28,-1
1997-10-29,-1
1997-10-30,-1
1997-10-31,-1
1997-11-01,-1
1997-11-02,-1
1997-11-03,-1
1997-11-04,-1
1997-11-05,-1
1997-11-06,-1
1997-11-07,-1
1997-11-08,-1
1997-11-09,-1
1997-11-10,-1
1997-11-11,-1
1997-11-12,-1
1997-11-13,-1
1997-11-14,-1
1997-11-15,-1
1997-11-16,-1
1997-11-17,-1
1997-11-18,-1
1997-11-19,-1
1997-11-20,-1
1997-11-21,-1
1997-11-22,-1
1997-11-23,-1
1997-11-24,-1
1997-11-25,-1
1997-11-26,-1
1997-11-27,-1
1997-11-28,-1
1997-11-29,-1
1997-11-30,-1
1997-12-01,-1
1997-12-02,-1
1997-12-03,-1
1997-12-04,-1
1997-12-05,-1
1997-12-06,-1
1997-12-07,-1
1997-12-08,-1
1997-12-09,-1
1997-12-10,-1
1997-12-11,-1
1997-12-12,-1
1997-12-13,-1
1997-12-14,-1
1997-12-15,-1
1997-12-16,-1
1997-12-17,-1
1997-12-18,-1
1997-12-19,-1
1997-12-20,-1
1997-12-21,-1
1997-12-22,-1
1997-12-23,-1
1997-12-24,-1
1997-12-25,-1
1997-12-26,-1
1997-12-27,-1
1997-12-28,-1
1997-12-29,-1
1997-12-30,-1
1997-12-31,-1
1999-07-01,-1
1999-07-02,-1
1999-07-03,-1
1999-07-04,-1
1999-07-05,-1
1999-07-06,-1
1999-07-07,-1
1999-07-08,-1
1999-07-09,-1
1999-07-10,-1
1999-07-11,-1
1999-07-12,-1
1999-07-13,-1
1999-07-14,-1
1999-07-15,-1
1999-07-16,-1
1999-07-17,-1
1999-07-18,-1
1999-07-19,-1
1999-07-20,-1
1999-07-21,-1
1999-07-22,-1
1999-07-23,-1
1999-07-24,-1
1999-07-25,-1
1999-07-26,-1
1999-07-27,-1
1999-07-28,-1
1999-07-29,-1
1999-07-30,-1
1999-07-31,-1
1999-08-01,-1
1999-08-02,-1
1999-08-03,-1
1999-08-04,-1
1999-08-05,-1
1999-08-06,-1
1999-08-07,-1
1999-08-08,-1
1999-08-09,-1
1999-08-10,-1
1999-08-11,-1
1999-08-12,-1
1999-08-13,-1
1999-08-14,-1
1999-08-15,-1
1999-08-16,-1
1999-08-17,-1
1999-08-18,-1
1999-08-19,-1
1999-08-20,-1
1999-08-21,-1
1999-08-22,-1
1999-08-23,-1
1999-08-24,-1
1999-08-25,-1
1999-08-26,-1
1999-08-27,-1
1999-08-28,-1
1999-08-29,-1
1999-08-30,-1
1999-08-31,-1
1999-09-01,-1
1999-09-02,-1
1999-09-03,-1
1999-09-04,-1
1999-09-05,-1
1999-09-06,-1
1999-09-07,-1
1999-09-08,-1
1999-09-09,-1
1999-09-10,-1
1999-09-11,-1
1999-09-12,-1
1999-09-13,-1
1999-09-14,-1
1999-09-15,-1
1999-09-16,-1
1999-09-17,-1
1999-09-18,-1
1999-09-19,-1
1999-09-20,-1
1999-09-21,-1
1999-09-22,-1
1999-09-23,-1
1999-09-24,-1
1999-09-25,-1
1999-09-26,-1
1999-09-27,-1
1999-09-28,-1
1999-09-29,-1
1999-09-30,-1
1999-10-01,-1
1999-10-02,-1
1999-10-03,-1
1999-10-04,-1
1999-10-05,-1
1999-10-06,-1
1999-10-07,-1
1999-10-08,-1
1999-10-09,-1
1999-10-10,-1
1999-10-11,-1
1999-10-12,-1
1999-10-13,-1
1999-10-14,-1
1999-10-15,-1
1999-10-16,-1
1999-10-17,-1
1999-10-18,-1
1999-10-19,-1
1999-10-20,-1
1999-10-21,-1
1999-10-22,-1
1999-10-23,-1
1999-10-24,-1
1999-10-25,-1
1999-10-26,-1
1999-10-27,-1
1999-10-28,-1
1999-10-29,-1
1999-10-30,-1
1999-10-31,-1
1999-11-01,-1
1999-11-02,-1
1999-11-03,-1
1999-11-04,-1
1999-11-05,-1
1999-11-06,-1
1999-11-07,-1
1999-11-08,-1
1999-11-09,-1
1999-11-10,-1
1999-11-11,-1
1999-11-12,-1
1999-11-13,-1
1999-11-14,-1
1999-11-15,-1
1999-11-16,-1
1999-11-17,-1
1999-11-18,-1
1999-11-19,-1
1999-11-20,-1
1999-11-21,-1
1999-11-22,-1
1999-11-23,-1
1999-11-24,-1
1999-11-25,-1
1999-11-26,-1
1999-11-27,-1
1999-11-28,-1
1999-11-29,-1
1999-11-30,-1
1999-12-01,-1
1999-12-02,-1
1999-12-03,-1
1999-12-04,-1
1999-12-05,-1
1999-12-06,-1
1999-12-07,-1
1999-12-08,-1
1999-12-09,-1
1999-12-10,-1
1999-12-11,-1
1999-12-12,-1
1999-12-13,-1
1999-12-14,-1
1999-12-15,-1
1999-12-16,-1
1999-12-17,-1
1999-12-18,-1
1999-12-19,-1
1999-12-20,-1
1999-12-21,-1
1999-12-22,-1
1999-12-23,-1
1999-12-24,-1
1999-12-25,-1
1999-12-26,-1
1999-12-27,-1
1999-12-28,-1
1999-12-29,-1
1999-12-30,-1
1999-12-31,-1
2000-04-01,-1
2000-04-02,-1
2000-04-03,-1
2000-04-04,-1
2000-04-05,-1
2000-04-06,-1
2000-04-07,-1
2000-04-08,-1
2000-04-09,-1
2000-04-10,-1
2000-04-11,-1
2000-04-12,-1
2000-04-13,-1
2000-04-14,-1
2000-04-15,-1
2000-04-16,-1
2000-04-17,-1
2000-04-18,-1
2000-04-19,-1
2000-04-20,-1
2000-04-21,-1
2000-04-22,-1
2000-04-23,-1
2000-04-24,-1
2000-04-25,-1
2000-04-26,-1
2000-04-27,-1
2000-04-28,-1
2000-04-29,-1
2000-04-30,-1
2000-05-01,-1
2000-05-02,-1
2000-05-03,-1
2000-05-04,-1
2000-05-05,-1
2000-05-06,-1
2000-05-07,-1
2000-05-08,-1
2000-05-09,-1
2000-05-10,-1
2000-05-11,-1
2000-05-12,-1
2000-05-13,-1
2000-05-14,-1
2000-05-15,-1
2000-05-16,-1
2000-05-17,-1
2000-05-18,-1
2000-05-19,-1
2000-05-20,-1
2000-05-21,-1
2000-05-22,-1
2000-05-23,-1
2000-05-24,-1
2000-05-25,-1
2000-05-26,-1
2000-05-27,-1
2000-05-28,-1
2000-05-29,-1
2000-05-30,-1
2000-05-31,-1
2000-06-01,-1
2000-06-02,-1
2000-06-03,-1
2000-06-04,-1
2000-06-05,-1
2000-06-06,-1
2000-06-07,-1
2000-06-08,-1
2000-06-09,-1
2000-06-10,-1
2000-06-11,-1
2000-06-12,-1
2000-06-13,-1
2000-06-14,-1
2000-06-15,-1
2000-06-16,-1
2000-06-17,-1
2000-06-18,-1
2000-06-19,-1
2000-06-20,-1
2000-06-21,-1
2000-06-22,-1
2000-06-23,-1
2000-06-24,-1
2000-06-25,-1
2000-06-26,-1
2000-06-27,-1
2000-06-28,-1
2000-06-29,-1
2000-06-30,-1
2000-07-01,-1
2000-07-02,-1
2000-07-03,-1
2000-07-04,-1
2000-07-05,-1
2000-07-06,-1
2000-07-07,-1
2000-07-08,-1
2000-07-09,-1
2000-07-10,-1
2000-07-11,-1
2000-07-12,-1
2000-07-13,-1
2000-07-14,-1
2000-07-15,-1
2000-07-16,-1
2000-07-17,-1
2000-07-18,-1
2000-07-19,-1
2000-07-20,-1
2000-07-21,-1
2000-07-22,-1
2000-07-23,-1
2000-07-24,-1
2000-07-25,-1
2000-07-26,-1
2000-07-27,-1
2000-07-28,-1
2000-07-29,-1
2000-07-30,-1
2000-07-31,-1
2000-08-01,-1
2000-08-02,-1
2000-08-03,-1
2000-08-04,-1
2000-08-05,-1
2000-08-06,-1
2000-08-07,-1
2000-08-08,-1
2000-08-09,-1
2000-08-10,-1
2000-08-11,-1
2000-08-12,-1
2000-08-13,-1
2000-08-14,-1
2000-08-15,-1
2000-08-16,-1
2000-08-17,-1
2000-08-18,-1
2000-08-19,-1
2000-08-20,-1
2000-08-21,-1
2000-08-22,-1
2000-08-23,-1
2000-08-24,-1
2000-08-25,-1
2000-08-26,-1
2000-08-27,-1
2000-08-28,-1
2000-08-29,-1
2000-08-30,-1
2000-08-31,-1
2000-09-01,-1
2000-09-02,-1
2000-09-03,-1
2000-09-04,-1
2000-09-05,-1
2000-09-06,-1
2000-09-07,-1
2000-09-08,-1
2000-09-09,-1
2000-09-10,-1
2000-09-11,-1
2000-09-12,-1
2000-09-13,-1
2000-09-14,-1
2000-09-15,-1
2000-09-16,-1
2000-09-17,-1
2000-09-18,-1
2000-09-19,-1
2000-09-20,-1
2000-09-21,-1
2000-09-22,-1
2000-09-23,-1
2000-09-24,-1
2000-09-25,-1
2000-09-26,-1
2000-09-27,-1
2000-09-28,-1
2000-09-29,-1
2000-09-30,-1
2001-04-01,-1
2001-04-02,-1
2001-04-03,-1
2001-04-04,-1
2001-04-05,-1
2001-04-06,-1
2001-04-07,-1
2001-04-08,-1
2001-04-09,-1
2001-04-10,-1
2001-04-11,-1
2001-04-12,-1
2001-04-13,-1
2001-04-14,-1
2001-04-15,-1
2001-04-16,-1
2001-04-17,-1
2001-04-18,-1
2001-04-19,-1
2001-04-20,-1
2001-04-21,-1
2001-04-22,-1
2001-04-23,-1
2001-04-24,-1
2001-04-25,-1
2001-04-26,-1
2001-04-27,-1
2001-04-28,-1
2001-04-29,-1
2001-04-30,-1
2001-05-01,-1
2001-05-02,-1
2001-05-03,-1
2001-05-04,-1
2001-05-05,-1
2001-05-06,-1
2001-05-07,-1
2001-05-08,-1
2001-05-09,-1
2001-05-10,-1
2001-05-11,-1
2001-05-12,-1
2001-05-13,-1
2001-05-14,-1
2001-05-15,-1
2001-05-16,-1
2001-05-17,-1
2001-05-18,-1
2001-05-19,-1
2001-05-20,-1
2001-05-21,-1
2001-05-22,-1
2001-05-23,-1
2001-05-24,-1
2001-05-25,-1
2001-05-26,-1
2001-05-27,-1
2001-05-28,-1
2001-05-29,-1
2001-05-30,-1
2001-05-31,-1
2001-06-01,-1
2001-06-02,-1
2001-06-03,-1
2001-06-04,-1
2001-06-05,-1
2001-06-06,-1
2001-06-07,-1
2001-06-08,-1
2001-06-09,-1
2001-06-10,-1
2001-06-11,-1
2001-06-12,-1
2001-06-13,-1
2001-06-14,-1
2001-06-15,-1
2001-06-16,-1
2001-06-17,-1
2001-06-18,-1
2001-06-19,-1
2001-06-20,-1
2001-06-21,-1
2001-06-22,-1
2001-06-23,-1
2001-06-24,-1
2001-06-25,-1
2001-06-26,-1
2001-06-27,-1
2001-06-28,-1
2001-06-29,-1
2001-06-30,-1
2001-07-01,-1
2001-07-02,-1
2001-07-03,-1
2001-07-04,-1
2001-07-05,-1
2001-07-06,-1
2001-07-07,-1
2001-07-08,-1
2001-07-09,-1
2001-07-10,-1
2001-07-11,-1
2001-07-12,-1
2001-07-13,-1
2001-07-14,-1
2001-07-15,-1
2001-07-16,-1
2001-07-17,-1
2001-07-18,-1
2001-07-19,-1
2001-07-20,-1
2001-07-21,-1
2001-07-22,-1
2001-07-23,-1
2001-07-24,-1
2001-07-25,-1
2001-07-26,-1
2001-07-27,-1
2001-07-28,-1
2001-07-29,-1
2001-07-30,-1
2001-07-31,-1
2001-08-01,-1
2001-08-02,-1
2001-08-03,-1
2001-08-04,-1
2001-08-05,-1
2001-08-06,-1
2001-08-07,-1
2001-08-08,-1
2001-08-09,-1
2001-08-10,-1
2001-08-11,-1
2001-08-12,-1
2001-08-13,-1
2001-08-14,-1
2001-08-15,-1
2001-08-16,-1
2001-08-17,-1
2001-08-18,-1
2001-08-19,-1
2001-08-20,-1
2001-08-21,-1
2001-08-22,-1
2001-08-23,-1
2001-08-24,-1
2001-08-25,-1
2001-08-26,-1
2001-08-27,-1
2001-08-28,-1
2001-08-29,-1
2001-08-30,-1
2001-08-31,-1
2001-09-01,-1
2001-09-02,-1
2001-09-03,-1
2001-09-04,-1
2001-09-05,-1
2001-09-06,-1
2001-09-07,-1
2001-09-08,-1
2001-09-09,-1
2001-09-10,-1
2001-09-11,-1
2001-09-12,-1
2001-09-13,-1
2001-09-14,-1
2001-09-15,-1
2001-09-16,-1
2001-09-17,-1
2001-09-18,-1
2001-09-19,-1
2001-09-20,-1
2001-09-21,-1
2001-09-22,-1
2001-09-23,-1
2001-09-24,-1
2001-09-25,-1
2001-09-26,-1
2001-09-27,-1
2001-09-28,-1
2001-09-29,-1
2001-09-30,-1
2001-10-01,-1
2001-10-02,-1
2001-10-03,-1
2001-10-04,-1
2001-10-05,-1
2001-10-06,-1
2001-10-07,-1
2001-10-08,-1
2001-10-09,-1
2001-10-10,-1
2001-10-11,-1
2001-10-12,-1
2001-10-13,-1
2001-10-14,-1
2001-10-15,-1
2001-10-16,-1
2001-10-17,-1
2001-10-18,-1
2001-10-19,-1
2001-10-20,-1
2001-10-21,-1
2001-10-22,-1
2001-10-23,-1
2001-10-24,-1
2001-10-25,-1
2001-10-26,-1
2001-10-27,-1
2001-10-28,-1
2001-10-29,-1
2001-10-30,-1
2001-10-31,-1
2001-11-01,-1
2001-11-02,-1
2001-11-03,-1
2001-11-04,-1
2001-11-05,-1
2001-11-06,-1
2001-11-07,-1
2001-11-08,-1
2001-11-09,-1
2001-11-10,-1
2001-11-11,-1
2001-11-12,-1
2001-11-13,-1
2001-11-14,-1
2001-11-15,-1
2001-11-16,-1
2001-11-17,-1
2001-11-18,-1
2001-11-19,-1
2001-11-20,-1
2001-11-21,-1
2001-11-22,-1
2001-11-23,-1
2001-11-24,-1
2001-11-25,-1
2001-11-26,-1
2001-11-27,-1
2001-11-28,-1
2001-11-29,-1
2001-11-30,-1
2001-12-01,-1
2001-12-02,-1
2001-12-03,-1
2001-12-04,-1
2001-12-05,-1
2001-12-06,-1
2001-12-07,-1
2001-12-08,-1
2001-12-09,-1
2001-12-10,-1
2001-12-11,-1
2001-12-12,-1
2001-12-13,-1
2001-12-14,-1
2001-12-15,-1
2001-12-16,-1
2001-12-17,-1
2001-12-18,-1
2001-12-19,-1
2001-12-20,-1
2001-12-21,-1
2001-12-22,-1
2001-12-23,-1
2001-12-24,-1
2001-12-25,-1
2001-12-26,-1
2001-12-27,-1
2001-12-28,-1
2001-12-29,-1
2001-12-30,-1
2001-12-31,-1
2002-01-01,-1
2002-01-02,-1
2002-01-03,-1
2002-01-04,-1
2002-01-05,-1
2002-01-06,-1
2002-01-07,-1
2002-01-08,-1
2002-01-09,-1
2002-01-10,-1
2002-01-11,-1
2002-01-12,-1
2002-01-13,-1
2002-01-14,-1
2002-01-15,-1
2002-01-16,-1
2002-01-17,-1
2002-01-18,-1
2002-01-19,-1
2002-01-20,-1
2002-01-21,-1
2002-01-22,-1
2002-01-23,-1
2002-01-24,-1
2002-01-25,-1
2002-01-26,-1
2002-01-27,-1
2002-01-28,-1
2002-01-29,-1
2002-01-30,-1
2002-01-31,-1
2002-02-01,-1
2002-02-02,-1
2002-02-03,-1
2002-02-04,-1
2002-02-05,-1
2002-02-06,-1
2002-02-07,-1
2002-02-08,-1
2002-02-09,-1
2002-02-10,-1
2002-02-11,-1
2002-02-12,-1
2002-02-13,-1
2002-02-14,-1
2002-02-15,-1
2002-02-16,-1
2002-02-17,-1
2002-02-18,-1
2002-02-19,-1
2002-02-20,-1
2002-02-21,-1
2002-02-22,-1
2002-02-23,-1
2002-02-24,-1
2002-02-25,-1
2002-02-26,-1
2002-02-27,-1
2002-02-28,-1
2002-03-01,-1
2002-03-02,-1
2002-03-03,-1
2002-03-04,-1
2002-03-05,-1
2002-03-06,-1
2002-03-07,-1
2002-03-08,-1
2002-03-09,-1
2002-03-10,-1
2002-03-11,-1
2002-03-12,-1
2002-03-13,-1
2002-03-14,-1
2002-03-15,-1
2002-03-16,-1
2002-03-17,-1
2002-03-18,-1
2002-03-19,-1
2002-03-20,-1
2002-03-21,-1
2002-03-22,-1
2002-03-23,-1
2002-03-24,-1
2002-03-25,-1
2002-03-26,-1
2002-03-27,-1
2002-03-28,-1
2002-03-29,-1
2002-03-30,-1
2002-03-31,-1
2002-04-01,-1
2002-04-02,-1
2002-04-03,-1
2002-04-04,-1
2002-04-05,-1
2002-04-06,-1
2002-04-07,-1
2002-04-08,-1
2002-04-09,-1
2002-04-10,-1
2002-04-11,-1
2002-04-12,-1
2002-04-13,-1
2002-04-14,-1
2002-04-15,-1
2002-04-16,-1
2002-04-17,-1
2002-04-18,-1
2002-04-19,-1
2002-04-20,-1
2002-04-21,-1
2002-04-22,-1
2002-04-23,-1
2002-04-24,-1
2002-04-25,-1
2002-04-26,-1
2002-04-27,-1
2002-04-28,-1
2002-04-29,-1
2002-04-30,-1
2002-05-01,-1
2002-05-02,-1
2002-05-03,-1
2002-05-04,-1
2002-05-05,-1
2002-05-06,-1
2002-05-07,-1
2002-05-08,-1
2002-05-09,-1
2002-05-10,-1
2002-05-11,-1
2002-05-12,-1
2002-05-13,-1
2002-05-14,-1
2002-05-15,-1
2002-05-16,-1
2002-05-17,-1
2002-05-18,-1
2002-05-19,-1
2002-05-20,-1
2002-05-21,-1
2002-05-22,-1
2002-05-23,-1
2002-05-24,-1
2002-05-25,-1
2002-05-26,-1
2002-05-27,-1
2002-05-28,-1
2002-05-29,-1
2002-05-30,-1
2002-05-31,-1
2002-06-01,-1
2002-06-02,-1
2002-06-03,-1
2002-06-04,-1
2002-06-05,-1
2002-06-06,-1
2002-06-07,-1
2002-06-08,-1
2002-06-09,-1
2002-06-10,-1
2002-06-11,-1
2002-06-12,-1
2002-06-13,-1
2002-06-14,-1
2002-06-15,-1
2002-06-16,-1
2002-06-17,-1
2002-06-18,-1
2002-06-19,-1
2002-06-20,-1
2002-06-21,-1
2002-06-22,-1
2002-06-23,-1
2002-06-24,-1
2002-06-25,-1
2002-06-26,-1
2002-06-27,-1
2002-06-28,-1
2002-06-29,-1
2002-06-30,-1
2002-07-01,-1
2002-07-02,-1
2002-07-03,-1
2002-07-04,-1
2002-07-05,-1
2002-07-06,-1
2002-07-07,-1
2002-07-08,-1
2002-07-09,-1
2002-07-10,-1
2002-07-11,-1
2002-07-12,-1
2002-07-13,-1
2002-07-14,-1
2002-07-15,-1
2002-07-16,-1
2002-07-17,-1
2002-07-18,-1
2002-07-19,-1
2002-07-20,-1
2002-07-21,-1
2002-07-22,-1
2002-07-23,-1
2002-07-24,-1
2002-07-25,-1
2002-07-26,-1
2002-07-27,-1
2002-07-28,-1
2002-07-29,-1
2002-07-30,-1
2002-07-31,-1
2002-08-01,-1
2002-08-02,-1
2002-08-03,-1
2002-08-04,-1
2002-08-05,-1
2002-08-06,-1
2002-08-07,-1
2002-08-08,-1
2002-08-09,-1
2002-08-10,-1
2002-08-11,-1
2002-08-12,-1
2002-08-13,-1
2002-08-14,-1
2002-08-15,-1
2002-08-16,-1
2002-08-17,-1
2002-08-18,-1
2002-08-19,-1
2002-08-20,-1
2002-08-21,-1
2002-08-22,-1
2002-08-23,-1
2002-08-24,-1
2002-08-25,-1
2002-08-26,-1
2002-08-27,-1
2002-08-28,-1
2002-08-29,-1
2002-08-30,-1
2002-08-31,-1
2002-09-01,-1
2002-09-02,-1
2002-09-03,-1
2002-09-04,-1
2002-09-05,-1
2002-09-06,-1
2002-09-07,-1
2002-09-08,-1
2002-09-09,-1
2002-09-10,-1
2002-09-11,-1
2002-09-12,-1
2002-09-13,-1
2002-09-14,-1
2002-09-15,-1
2002-09-16,-1
2002-09-17,-1
2002-09-18,-1
2002-09-19,-1
2002-09-20,-1
2002-09-21,-1
2002-09-22,-1
2002-09-23,-1
2002-09-24,-1
2002-09-25,-1
2002-09-26,-1
2002-09-27,-1
2002-09-28,-1
2002-09-29,-1
2002-09-30,-1
2003-07-01,-1
2003-07-02,-1
2003-07-03,-1
2003-07-04,-1
2003-07-05,-1
2003-07-06,-1
2003-07-07,-1
2003-07-08,-1
2003-07-09,-1
2003-07-10,-1
2003-07-11,-1
2003-07-12,-1
2003-07-13,-1
2003-07-14,-1
2003-07-15,-1
2003-07-16,-1
2003-07-17,-1
2003-07-18,-1
2003-07-19,-1
2003-07-20,-1
2003-07-21,-1
2003-07-22,-1
2003-07-23,-1
2003-07-24,-1
2003-07-25,-1
2003-07-26,-1
2003-07-27,-1
2003-07-28,-1
2003-07-29,-1
2003-07-30,-1
2003-07-31,-1
2003-08-01,-1
2003-08-02,-1
2003-08-03,-1
2003-08-04,-1
2003-08-05,-1
2003-08-06,-1
2003-08-07,-1
2003-08-08,-1
2003-08-09,-1
2003-08-10,-1
2003-08-11,-1
2003-08-12,-1
2003-08-13,-1
2003-08-14,-1
2003-08-15,-1
2003-08-16,-1
2003-08-17,-1
2003-08-18,-1
2003-08-19,-1
2003-08-20,-1
2003-08-21,-1
2003-08-22,-1
2003-08-23,-1
2003-08-24,-1
2003-08-25,-1
2003-08-26,-1
2003-08-27,-1
2003-08-28,-1
2003-08-29,-1
2003-08-30,-1
2003-08-31,-1
2003-09-01,-1
2003-09-02,-1
2003-09-03,-1
2003-09-04,-1
2003-09-05,-1
2003-09-06,-1
2003-09-07,-1
2003-09-08,-1
2003-09-09,-1
2003-09-10,-1
2003-09-11,-1
2003-09-12,-1
2003-09-13,-1
2003-09-14,-1
2003-09-15,-1
2003-09-16,-1
2003-09-17,-1
2003-09-18,-1
2003-09-19,-1
2003-09-20,-1
2003-09-21,-1
2003-09-22,-1
2003-09-23,-1
2003-09-24,-1
2003-09-25,-1
2003-09-26,-1
2003-09-27,-1
2003-09-28,-1
2003-09-29,-1
2003-09-30,-1
2004-07-01,-1
2004-07-02,-1
2004-07-03,-1
2004-07-04,-1
2004-07-05,-1
2004-07-06,-1
2004-07-07,-1
2004-07-08,-1
2004-07-09,-1
2004-07-10,-1
2004-07-11,-1
2004-07-12,-1
2004-07-13,-1
2004-07-14,-1
2004-07-15,-1
2004-07-16,-1
2004-07-17,-1
2004-07-18,-1
2004-07-19,-1
2004-07-20,-1
2004-07-21,-1
2004-07-22,-1
2004-07-23,-1
2004-07-24,-1
2004-07-25,-1
2004-07-26,-1
2004-07-27,-1
2004-07-28,-1
2004-07-29,-1
2004-07-30,-1
2004-07-31,-1
2004-08-01,-1
2004-08-02,-1
2004-08-03,-1
2004-08-04,-1
2004-08-05,-1
2004-08-06,-1
2004-08-07,-1
2004-08-08,-1
2004-08-09,-1
2004-08-10,-1
2004-08-11,-1
2004-08-12,-1
2004-08-13,-1
2004-08-14,-1
2004-08-15,-1
2004-08-16,-1
2004-08-17,-1
2004-08-18,-1
2004-08-19,-1
2004-08-20,-1
2004-08-21,-1
2004-08-22,-1
2004-08-23,-1
2004-08-24,-1
2004-08-25,-1
2004-08-26,-1
2004-08-27,-1
2004-08-28,-1
2004-08-29,-1
2004-08-30,-1
2004-08-31,-1
2004-09-01,-1
2004-09-02,-1
2004-09-03,-1
2004-09-04,-1
2004-09-05,-1
2004-09-06,-1
2004-09-07,-1
2004-09-08,-1
2004-09-09,-1
2004-09-10,-1
2004-09-11,-1
2004-09-12,-1
2004-09-13,-1
2004-09-14,-1
2004-09-15,-1
2004-09-16,-1
2004-09-17,-1
2004-09-18,-1
2004-09-19,-1
2004-09-20,-1
2004-09-21,-1
2004-09-22,-1
2004-09-23,-1
2004-09-24,-1
2004-09-25,-1
2004-09-26,-1
2004-09-27,-1
2004-09-28,-1
2004-09-29,-1
2004-09-30,-1
2004-10-01,-1
2004-10-02,-1
2004-10-03,-1
2004-10-04,-1
2004-10-05,-1
2004-10-06,-1
2004-10-07,-1
2004-10-08,-1
2004-10-09,-1
2004-10-10,-1
2004-10-11,-1
2004-10-12,-1
2004-10-13,-1
2004-10-14,-1
2004-10-15,-1
2004-10-16,-1
2004-10-17,-1
2004-10-18,-1
2004-10-19,-1
2004-10-20,-1
2004-10-21,-1
2004-10-22,-1
2004-10-23,-1
2004-10-24,-1
2004-10-25,-1
2004-10-26,-1
2004-10-27,-1
2004-10-28,-1
2004-10-29,-1
2004-10-30,-1
2004-10-31,-1
2004-11-01,-1
2004-11-02,-1
2004-11-03,-1
2004-11-04,-1
2004-11-05,-1
2004-11-06,-1
2004-11-07,-1
2004-11-08,-1
2004-11-09,-1
2004-11-10,-1
2004-11-11,-1
2004-11-12,-1
2004-11-13,-1
2004-11-14,-1
2004-11-15,-1
2004-11-16,-1
2004-11-17,-1
2004-11-18,-1
2004-11-19,-1
2004-11-20,-1
2004-11-21,-1
2004-11-22,-1
2004-11-23,-1
2004-11-24,-1
2004-11-25,-1
2004-11-26,-1
2004-11-27,-1
2004-11-28,-1
2004-11-29,-1
2004-11-30,-1
2004-12-01,-1
2004-12-02,-1
2004-12-03,-1
2004-12-04,-1
2004-12-05,-1
2004-12-06,-1
2004-12-07,-1
2004-12-08,-1
2004-12-09,-1
2004-12-10,-1
2004-12-11,-1
2004-12-12,-1
2004-12-13,-1
2004-12-14,-1
2004-12-15,-1
2004-12-16,-1
2004-12-17,-1
2004-12-18,-1
2004-12-19,-1
2004-12-20,-1
2004-12-21,-1
2004-12-22,-1
2004-12-23,-1
2004-12-24,-1
2004-12-25,-1
2004-12-26,-1
2004-12-27,-1
2004-12-28,-1
2004-12-29,-1
2004-12-30,-1
2004-12-31,-1
2005-01-01,-1
2005-01-02,-1
2005-01-03,-1
2005-01-04,-1
2005-01-05,-1
2005-01-06,-1
2005-01-07,-1
2005-01-08,-1
2005-01-09,-1
2005-01-10,-1
2005-01-11,-1
2005-01-12,-1
2005-01-13,-1
2005-01-14,-1
2005-01-15,-1
2005-01-16,-1
2005-01-17,-1
2005-01-18,-1
2005-01-19,-1
2005-01-20,-1
2005-01-21,-1
2005-01-22,-1
2005-01-23,-1
2005-01-24,-1
2005-01-25,-1
2005-01-26,-1
2005-01-27,-1
2005-01-28,-1
2005-01-29,-1
2005-01-30,-1
2005-01-31,-1
2005-02-01,-1
2005-02-02,-1
2005-02-03,-1
2005-02-04,-1
2005-02-05,-1
2005-02-06,-1
2005-02-07,-1
2005-02-08,-1
2005-02-09,-1
2005-02-10,-1
2005-02-11,-1
2005-02-12,-1
2005-02-13,-1
2005-02-14,-1
2005-02-15,-1
2005-02-16,-1
2005-02-17,-1
2005-02-18,-1
2005-02-19,-1
2005-02-20,-1
2005-02-21,-1
2005-02-22,-1
2005-02-23,-1
2005-02-24,-1
2005-02-25,-1
2005-02-26,-1
2005-02-27,-1
2005-02-28,-1
2005-03-01,-1
2005-03-02,-1
2005-03-03,-1
2005-03-04,-1
2005-03-05,-1
2005-03-06,-1
2005-03-07,-1
2005-03-08,-1
2005-03-09,-1
2005-03-10,-1
2005-03-11,-1
2005-03-12,-1
2005-03-13,-1
2005-03-14,-1
2005-03-15,-1
2005-03-16,-1
2005-03-17,-1
2005-03-18,-1
2005-03-19,-1
2005-03-20,-1
2005-03-21,-1
2005-03-22,-1
2005-03-23,-1
2005-03-24,-1
2005-03-25,-1
2005-03-26,-1
2005-03-27,-1
2005-03-28,-1
2005-03-29,-1
2005-03-30,-1
2005-03-31,-1
2005-04-01,-1
2005-04-02,-1
2005-04-03,-1
2005-04-04,-1
2005-04-05,-1
2005-04-06,-1
2005-04-07,-1
2005-04-08,-1
2005-04-09,-1
2005-04-10,-1
2005-04-11,-1
2005-04-12,-1
2005-04-13,-1
2005-04-14,-1
2005-04-15,-1
2005-04-16,-1
2005-04-17,-1
2005-04-18,-1
2005-04-19,-1
2005-04-20,-1
2005-04-21,-1
2005-04-22,-1
2005-04-23,-1
2005-04-24,-1
2005-04-25,-1
2005-04-26,-1
2005-04-27,-1
2005-04-28,-1
2005-04-29,-1
2005-04-30,-1
2005-05-01,-1
2005-05-02,-1
2005-05-03,-1
2005-05-04,-1
2005-05-05,-1
2005-05-06,-1
2005-05-07,-1
2005-05-08,-1
2005-05-09,-1
2005-05-10,-1
2005-05-11,-1
2005-05-12,-1
2005-05-13,-1
2005-05-14,-1
2005-05-15,-1
2005-05-16,-1
2005-05-17,-1
2005-05-18,-1
2005-05-19,-1
2005-05-20,-1
2005-05-21,-1
2005-05-22,-1
2005-05-23,-1
2005-05-24,-1
2005-05-25,-1
2005-05-26,-1
2005-05-27,-1
2005-05-28,-1
2005-05-29,-1
2005-05-30,-1
2005-05-31,-1
2005-06-01,-1
2005-06-02,-1
2005-06-03,-1
2005-06-04,-1
2005-06-05,-1
2005-06-06,-1
2005-06-07,-1
2005-06-08,-1
2005-06-09,-1
2005-06-10,-1
2005-06-11,-1
2005-06-12,-1
2005-06-13,-1
2005-06-14,-1
2005-06-15,-1
2005-06-16,-1
2005-06-17,-1
2005-06-18,-1
2005-06-19,-1
2005-06-20,-1
2005-06-21,-1
2005-06-22,-1
2005-06-23,-1
2005-06-24,-1
2005-06-25,-1
2005-06-26,-1
2005-06-27,-1
2005-06-28,-1
2005-06-29,-1
2005-06-30,-1
2005-10-01,-1
2005-10-02,-1
2005-10-03,-1
2005-10-04,-1
2005-10-05,-1
2005-10-06,-1
2005-10-07,-1
2005-10-08,-1
2005-10-09,-1
2005-10-10,-1
2005-10-11,-1
2005-10-12,-1
2005-10-13,-1
2005-10-14,-1
2005-10-15,-1
2005-10-16,-1
2005-10-17,-1
2005-10-18,-1
2005-10-19,-1
2005-10-20,-1
2005-10-21,-1
2005-10-22,-1
2005-10-23,-1
2005-10-24,-1
2005-10-25,-1
2005-10-26,-1
2005-10-27,-1
2005-10-28,-1
2005-10-29,-1
2005-10-30,-1
2005-10-31,-1
2005-11-01,-1
2005-11-02,-1
2005-11-03,-1
2005-11-04,-1
2005-11-05,-1
2005-11-06,-1
2005-11-07,-1
2005-11-08,-1
2005-11-09,-1
2005-11-10,-1
2005-11-11,-1
2005-11-12,-1
2005-11-13,-1
2005-11-14,-1
2005-11-15,-1
2005-11-16,-1
2005-11-17,-1
2005-11-18,-1
2005-11-19,-1
2005-11-20,-1
2005-11-21,-1
2005-11-22,-1
2005-11-23,-1
2005-11-24,-1
2005-11-25,-1
2005-11-26,-1
2005-11-27,-1
2005-11-28,-1
2005-11-29,-1
2005-11-30,-1
2005-12-01,-1
2005-12-02,-1
2005-12-03,-1
2005-12-04,-1
2005-12-05,-1
2005-12-06,-1
2005-12-07,-1
2005-12-08,-1
2005-12-09,-1
2005-12-10,-1
2005-12-11,-1
2005-12-12,-1
2005-12-13,-1
2005-12-14,-1
2005-12-15,-1
2005-12-16,-1
2005-12-17,-1
2005-12-18,-1
2005-12-19,-1
2005-12-20,-1
2005-12-21,-1
2005-12-22,-1
2005-12-23,-1
2005-12-24,-1
2005-12-25,-1
2005-12-26,-1
2005-12-27,-1
2005-12-28,-1
2005-12-29,-1
2005-12-30,-1
2005-12-31,-1
2006-01-01,-1
2006-01-02,-1
2006-01-03,-1
2006-01-04,-1
2006-01-05,-1
2006-01-06,-1
2006-01-07,-1
2006-01-08,-1
2006-01-09,-1
2006-01-10,-1
2006-01-11,-1
2006-01-12,-1
2006-01-13,-1
2006-01-14,-1
2006-01-15,-1
2006-01-16,-1
2006-01-17,-1
2006-01-18,-1
2006-01-19,-1
2006-01-20,-1
2006-01-21,-1
2006-01-22,-1
2006-01-23,-1
2006-01-24,-1
2006-01-25,-1
2006-01-26,-1
2006-01-27,-1
2006-01-28,-1
2006-01-29,-1
2006-01-30,-1
2006-01-31,-1
2006-02-01,-1
2006-02-02,-1
2006-02-03,-1
2006-02-04,-1
2006-02-05,-1
2006-02-06,-1
2006-02-07,-1
2006-02-08,-1
2006-02-09,-1
2006-02-10,-1
2006-02-11,-1
2006-02-12,-1
2006-02-13,-1
2006-02-14,-1
2006-02-15,-1
2006-02-16,-1
2006-02-17,-1
2006-02-18,-1
2006-02-19,-1
2006-02-20,-1
2006-02-21,-1
2006-02-22,-1
2006-02-23,-1
2006-02-24,-1
2006-02-25,-1
2006-02-26,-1
2006-02-27,-1
2006-02-28,-1
2006-03-01,-1
2006-03-02,-1
2006-03-03,-1
2006-03-04,-1
2006-03-05,-1
2006-03-06,-1
2006-03-07,-1
2006-03-08,-1
2006-03-09,-1
2006-03-10,-1
2006-03-11,-1
2006-03-12,-1
2006-03-13,-1
2006-03-14,-1
2006-03-15,-1
2006-03-16,-1
2006-03-17,-1
2006-03-18,-1
2006-03-19,-1
2006-03-20,-1
2006-03-21,-1
2006-03-22,-1
2006-03-23,-1
2006-03-24,-1
2006-03-25,-1
2006-03-26,-1
2006-03-27,-1
2006-03-28,-1
2006-03-29,-1
2006-03-30,-1
2006-03-31,-1
2006-07-01,-1
2006-07-02,-1
2006-07-03,-1
2006-07-04,-1
2006-07-05,-1
2006-07-06,-1
2006-07-07,-1
2006-07-08,-1
2006-07-09,-1
2006-07-10,-1
2006-07-11,-1
2006-07-12,-1
2006-07-13,-1
2006-07-14,-1
2006-07-15,-1
2006-07-16,-1
2006-07-17,-1
2006-07-18,-1
2006-07-19,-1
2006-07-20,-1
2006-07-21,-1
2006-07-22,-1
2006-07-23,-1
2006-07-24,-1
2006-07-25,-1
2006-07-26,-1
2006-07-27,-1
2006-07-28,-1
2006-07-29,-1
2006-07-30,-1
2006-07-31,-1
2006-08-01,-1
2006-08-02,-1
2006-08-03,-1
2006-08-04,-1
2006-08-05,-1
2006-08-06,-1
2006-08-07,-1
2006-08-08,-1
2006-08-09,-1
2006-08-10,-1
2006-08-11,-1
2006-08-12,-1
2006-08-13,-1
2006-08-14,-1
2006-08-15,-1
2006-08-16,-1
2006-08-17,-1
2006-08-18,-1
2006-08-19,-1
2006-08-20,-1
2006-08-21,-1
2006-08-22,-1
2006-08-23,-1
2006-08-24,-1
2006-08-25,-1
2006-08-26,-1
2006-08-27,-1
2006-08-28,-1
2006-08-29,-1
2006-08-30,-1
2006-08-31,-1
2006-09-01,-1
2006-09-02,-1
2006-09-03,-1
2006-09-04,-1
2006-09-05,-1
2006-09-06,-1
2006-09-07,-1
2006-09-08,-1
2006-09-09,-1
2006-09-10,-1
2006-09-11,-1
2006-09-12,-1
2006-09-13,-1
2006-09-14,-1
2006-09-15,-1
2006-09-16,-1
2006-09-17,-1
2006-09-18,-1
2006-09-19,-1
2006-09-20,-1
2006-09-21,-1
2006-09-22,-1
2006-09-23,-1
2006-09-24,-1
2006-09-25,-1
2006-09-26,-1
2006-09-27,-1
2006-09-28,-1
2006-09-29,-1
2006-09-30,-1
2006-10-01,-1
2006-10-02,-1
2006-10-03,-1
2006-10-04,-1
2006-10-05,-1
2006-10-06,-1
2006-10-07,-1
2006-10-08,-1
2006-10-09,-1
2006-10-10,-1
2006-10-11,-1
2006-10-12,-1
2006-10-13,-1
2006-10-14,-1
2006-10-15,-1
2006-10-16,-1
2006-10-17,-1
2006-10-18,-1
2006-10-19,-1
2006-10-20,-1
2006-10-21,-1
2006-10-22,-1
2006-10-23,-1
2006-10-24,-1
2006-10-25,-1
2006-10-26,-1
2006-10-27,-1
2006-10-28,-1
2006-10-29,-1
2006-10-30,-1
2006-10-31,-1
2006-11-01,-1
2006-11-02,-1
2006-11-03,-1
2006-11-04,-1
2006-11-05,-1
2006-11-06,-1
2006-11-07,-1
2006-11-08,-1
2006-11-09,-1
2006-11-10,-1
2006-11-11,-1
2006-11-12,-1
2006-11-13,-1
2006-11-14,-1
2006-11-15,-1
2006-11-16,-1
2006-11-17,-1
2006-11-18,-1
2006-11-19,-1
2006-11-20,-1
2006-11-21,-1
2006-11-22,-1
2006-11-23,-1
2006-11-24,-1
2006-11-25,-1
2006-11-26,-1
2006-11-27,-1
2006-11-28,-1
2006-11-29,-1
2006-11-30,-1
2006-12-01,-1
2006-12-02,-1
2006-12-03,-1
2006-12-04,-1
2006-12-05,-1
2006-12-06,-1
2006-12-07,-1
2006-12-08,-1
2006-12-09,-1
2006-12-10,-1
2006-12-11,-1
2006-12-12,-1
2006-12-13,-1
2006-12-14,-1
2006-12-15,-1
2006-12-16,-1
2006-12-17,-1
2006-12-18,-1
2006-12-19,-1
2006-12-20,-1
2006-12-21,-1
2006-12-22,-1
2006-12-23,-1
2006-12-24,-1
2006-12-25,-1
2006-12-26,-1
2006-12-27,-1
2006-12-28,-1
2006-12-29,-1
2006-12-30,-1
2006-12-31,-1
2007-10-01,-1
2007-10-02,-1
2007-10-03,-1
2007-10-04,-1
2007-10-05,-1
2007-10-06,-1
2007-10-07,-1
2007-10-08,-1
2007-10-09,-1
2007-10-10,-1
2007-10-11,-1
2007-10-12,-1
2007-10-13,-1
2007-10-14,-1
2007-10-15,-1
2007-10-16,-1
2007-10-17,-1
2007-10-18,-1
2007-10-19,-1
2007-10-20,-1
2007-10-21,-1
2007-10-22,-1
2007-10-23,-1
2007-10-24,-1
2007-10-25,-1
2007-10-26,-1
2007-10-27,-1
2007-10-28,-1
2007-10-29,-1
2007-10-30,-1
2007-10-31,-1
2007-11-01,-1
2007-11-02,-1
2007-11-03,-1
2007-11-04,-1
2007-11-05,-1
2007-11-06,-1
2007-11-07,-1
2007-11-08,-1
2007-11-09,-1
2007-11-10,-1
2007-11-11,-1
2007-11-12,-1
2007-11-13,-1
2007-11-14,-1
2007-11-15,-1
2007-11-16,-1
2007-11-17,-1
2007-11-18,-1
2007-11-19,-1
2007-11-20,-1
2007-11-21,-1
2007-11-22,-1
2007-11-23,-1
2007-11-24,-1
2007-11-25,-1
2007-11-26,-1
2007-11-27,-1
2007-11-28,-1
2007-11-29,-1
2007-11-30,-1
2007-12-01,-1
2007-12-02,-1
2007-12-03,-1
2007-12-04,-1
2007-12-05,-1
2007-12-06,-1
2007-12-07,-1
2007-12-08,-1
2007-12-09,-1
2007-12-10,-1
2007-12-11,-1
2007-12-12,-1
2007-12-13,-1
2007-12-14,-1
2007-12-15,-1
2007-12-16,-1
2007-12-17,-1
2007-12-18,-1
2007-12-19,-1
2007-12-20,-1
2007-12-21,-1
2007-12-22,-1
2007-12-23,-1
2007-12-24,-1
2007-12-25,-1
2007-12-26,-1
2007-12-27,-1
2007-12-28,-1
2007-12-29,-1
2007-12-30,-1
2007-12-31,-1
2008-01-01,-1
2008-01-02,-1
2008-01-03,-1
2008-01-04,-1
2008-01-05,-1
2008-01-06,-1
2008-01-07,-1
2008-01-08,-1
2008-01-09,-1
2008-01-10,-1
2008-01-11,-1
2008-01-12,-1
2008-01-13,-1
2008-01-14,-1
2008-01-15,-1
2008-01-16,-1
2008-01-17,-1
2008-01-18,-1
2008-01-19,-1
2008-01-20,-1
2008-01-21,-1
2008-01-22,-1
2008-01-23,-1
2008-01-24,-1
2008-01-25,-1
2008-01-26,-1
2008-01-27,-1
2008-01-28,-1
2008-01-29,-1
2008-01-30,-1
2008-01-31,-1
2008-02-01,-1
2008-02-02,-1
2008-02-03,-1
2008-02-04,-1
2008-02-05,-1
2008-02-06,-1
2008-02-07,-1
2008-02-08,-1
2008-02-09,-1
2008-02-10,-1
2008-02-11,-1
2008-02-12,-1
2008-02-13,-1
2008-02-14,-1
2008-02-15,-1
2008-02-16,-1
2008-02-17,-1
2008-02-18,-1
2008-02-19,-1
2008-02-20,-1
2008-02-21,-1
2008-02-22,-1
2008-02-23,-1
2008-02-24,-1
2008-02-25,-1
2008-02-26,-1
2008-02-27,-1
2008-02-28,-1
2008-02-29,-1
2008-03-01,-1
2008-03-02,-1
2008-03-03,-1
2008-03-04,-1
2008-03-05,-1
2008-03-06,-1
2008-03-07,-1
2008-03-08,-1
2008-03-09,-1
2008-03-10,-1
2008-03-11,-1
2008-03-12,-1
2008-03-13,-1
2008-03-14,-1
2008-03-15,-1
2008-03-16,-1
2008-03-17,-1
2008-03-18,-1
2008-03-19,-1
2008-03-20,-1
2008-03-21,-1
2008-03-22,-1
2008-03-23,-1
2008-03-24,-1
2008-03-25,-1
2008-03-26,-1
2008-03-27,-1
2008-03-28,-1
2008-03-29,-1
2008-03-30,-1
2008-03-31,-1
2008-04-01,-1
2008-04-02,-1
2008-04-03,-1
2008-04-04,-1
2008-04-05,-1
2008-04-06,-1
2008-04-07,-1
2008-04-08,-1
2008-04-09,-1
2008-04-10,-1
2008-04-11,-1
2008-04-12,-1
2008-04-13,-1
2008-04-14,-1
2008-04-15,-1
2008-04-16,-1
2008-04-17,-1
2008-04-18,-1
2008-04-19,-1
2008-04-20,-1
2008-04-21,-1
2008-04-22,-1
2008-04-23,-1
2008-04-24,-1
2008-04-25,-1
2008-04-26,-1
2008-04-27,-1
2008-04-28,-1
2008-04-29,-1
2008-04-30,-1
2008-05-01,-1
2008-05-02,-1
2008-05-03,-1
2008-05-04,-1
2008-05-05,-1
2008-05-06,-1
2008-05-07,-1
2008-05-08,-1
2008-05-09,-1
2008-05-10,-1
2008-05-11,-1
2008-05-12,-1
2008-05-13,-1
2008-05-14,-1
2008-05-15,-1
2008-05-16,-1
2008-05-17,-1
2008-05-18,-1
2008-05-19,-1
2008-05-20,-1
2008-05-21,-1
2008-05-22,-1
2008-05-23,-1
2008-05-24,-1
2008-05-25,-1
2008-05-26,-1
2008-05-27,-1
2008-05-28,-1
2008-05-29,-1
2008-05-30,-1
2008-05-31,-1
2008-06-01,-1
2008-06-02,-1
2008-06-03,-1
2008-06-04,-1
2008-06-05,-1
2008-06-06,-1
2008-06-07,-1
2008-06-08,-1
2008-06-09,-1
2008-06-10,-1
2008-06-11,-1
2008-06-12,-1
2008-06-13,-1
2008-06-14,-1
2008-06-15,-1
2008-06-16,-1
2008-06-17,-1
2008-06-18,-1
2008-06-19,-1
2008-06-20,-1
2008-06-21,-1
2008-06-22,-1
2008-06-23,-1
2008-06-24,-1
2008-06-25,-1
2008-06-26,-1
2008-06-27,-1
2008-06-28,-1
2008-06-29,-1
2008-06-30,-1
2009-01-01,-1
2009-01-02,-1
2009-01-03,-1
2009-01-04,-1
2009-01-05,-1
2009-01-06,-1
2009-01-07,-1
2009-01-08,-1
2009-01-09,-1
2009-01-10,-1
2009-01-11,-1
2009-01-12,-1
2009-01-13,-1
2009-01-14,-1
2009-01-15,-1
2009-01-16,-1
2009-01-17,-1
2009-01-18,-1
2009-01-19,-1
2009-01-20,-1
2009-01-21,-1
2009-01-22,-1
2009-01-23,-1
2009-01-24,-1
2009-01-25,-1
2009-01-26,-1
2009-01-27,-1
2009-01-28,-1
2009-01-29,-1
2009-01-30,-1
2009-01-31,-1
2009-02-01,-1
2009-02-02,-1
2009-02-03,-1
2009-02-04,-1
2009-02-05,-1
2009-02-06,-1
2009-02-07,-1
2009-02-08,-1
2009-02-09,-1
2009-02-10,-1
2009-02-11,-1
2009-02-12,-1
2009-02-13,-1
2009-02-14,-1
2009-02-15,-1
2009-02-16,-1
2009-02-17,-1
2009-02-18,-1
2009-02-19,-1
2009-02-20,-1
2009-02-21,-1
2009-02-22,-1
2009-02-23,-1
2009-02-24,-1
2009-02-25,-1
2009-02-26,-1
2009-02-27,-1
2009-02-28,-1
2009-03-01,-1
2009-03-02,-1
2009-03-03,-1
2009-03-04,-1
2009-03-05,-1
2009-03-06,-1
2009-03-07,-1
2009-03-08,-1
2009-03-09,-1
2009-03-10,-1
2009-03-11,-1
2009-03-12,-1
2009-03-13,-1
2009-03-14,-1
2009-03-15,-1
2009-03-16,-1
2009-03-17,-1
2009-03-18,-1
2009-03-19,-1
2009-03-20,-1
2009-03-21,-1
2009-03-22,-1
2009-03-23,-1
2009-03-24,-1
2009-03-25,-1
2009-03-26,-1
2009-03-27,-1
2009-03-28,-1
2009-03-29,-1
2009-03-30,-1
2009-03-31,-1
2009-04-01,-1
2009-04-02,-1
2009-04-03,-1
2009-04-04,-1
2009-04-05,-1
2009-04-06,-1
2009-04-07,-1
2009-04-08,-1
2009-04-09,-1
2009-04-10,-1
2009-04-11,-1
2009-04-12,-1
2009-04-13,-1
2009-04-14,-1
2009-04-15,-1
2009-04-16,-1
2009-04-17,-1
2009-04-18,-1
2009-04-19,-1
2009-04-20,-1
2009-04-21,-1
2009-04-22,-1
2009-04-23,-1
2009-04-24,-1
2009-04-25,-1
2009-04-26,-1
2009-04-27,-1
2009-04-28,-1
2009-04-29,-1
2009-04-30,-1
2009-05-01,-1
2009-05-02,-1
2009-05-03,-1
2009-05-04,-1
2009-05-05,-1
2009-05-06,-1
2009-05-07,-1
2009-05-08,-1
2009-05-09,-1
2009-05-10,-1
2009-05-11,-1
2009-05-12,-1
2009-05-13,-1
2009-05-14,-1
2009-05-15,-1
2009-05-16,-1
2009-05-17,-1
2009-05-18,-1
2009-05-19,-1
2009-05-20,-1
2009-05-21,-1
2009-05-22,-1
2009-05-23,-1
2009-05-24,-1
2009-05-25,-1
2009-05-26,-1
2009-05-27,-1
2009-05-28,-1
2009-05-29,-1
2009-05-30,-1
2009-05-31,-1
2009-06-01,-1
2009-06-02,-1
2009-06-03,-1
2009-06-04,-1
2009-06-05,-1
2009-06-06,-1
2009-06-07,-1
2009-06-08,-1
2009-06-09,-1
2009-06-10,-1
2009-06-11,-1
2009-06-12,-1
2009-06-13,-1
2009-06-14,-1
2009-06-15,-1
2009-06-16,-1
2009-06-17,-1
2009-06-18,-1
2009-06-19,-1
2009-06-20,-1
2009-06-21,-1
2009-06-22,-1
2009-06-23,-1
2009-06-24,-1
2009-06-25,-1
2009-06-26,-1
2009-06-27,-1
2009-06-28,-1
2009-06-29,-1
2009-06-30,-1
2010-01-01,-1
2010-01-02,-1
2010-01-03,-1
2010-01-04,-1
2010-01-05,-1
2010-01-06,-1
2010-01-07,-1
2010-01-08,-1
2010-01-09,-1
2010-01-10,-1
2010-01-11,-1
2010-01-12,-1
2010-01-13,-1
2010-01-14,-1
2010-01-15,-1
2010-01-16,-1
2010-01-17,-1
2010-01-18,-1
2010-01-19,-1
2010-01-20,-1
2010-01-21,-1
2010-01-22,-1
2010-01-23,-1
2010-01-24,-1
2010-01-25,-1
2010-01-26,-1
2010-01-27,-1
2010-01-28,-1
2010-01-29,-1
2010-01-30,-1
2010-01-31,-1
2010-02-01,-1
2010-02-02,-1
2010-02-03,-1
2010-02-04,-1
2010-02-05,-1
2010-02-06,-1
2010-02-07,-1
2010-02-08,-1
2010-02-09,-1
2010-02-10,-1
2010-02-11,-1
2010-02-12,-1
2010-02-13,-1
2010-02-14,-1
2010-02-15,-1
2010-02-16,-1
2010-02-17,-1
2010-02-18,-1
2010-02-19,-1
2010-02-20,-1
2010-02-21,-1
2010-02-22,-1
2010-02-23,-1
2010-02-24,-1
2010-02-25,-1
2010-02-26,-1
2010-02-27,-1
2010-02-28,-1
2010-03-01,-1
2010-03-02,-1
2010-03-03,-1
2010-03-04,-1
2010-03-05,-1
2010-03-06,-1
2010-03-07,-1
2010-03-08,-1
2010-03-09,-1
2010-03-10,-1
2010-03-11,-1
2010-03-12,-1
2010-03-13,-1
2010-03-14,-1
2010-03-15,-1
2010-03-16,-1
2010-03-17,-1
2010-03-18,-1
2010-03-19,-1
2010-03-20,-1
2010-03-21,-1
2010-03-22,-1
2010-03-23,-1
2010-03-24,-1
2010-03-25,-1
2010-03-26,-1
2010-03-27,-1
2010-03-28,-1
2010-03-29,-1
2010-03-30,-1
2010-03-31,-1
2011-01-01,-1
2011-01-02,-1
2011-01-03,-1
2011-01-04,-1
2011-01-05,-1
2011-01-06,-1
2011-01-07,-1
2011-01-08,-1
2011-01-09,-1
2011-01-10,-1
2011-01-11,-1
2011-01-12,-1
2011-01-13,-1
2011-01-14,-1
2011-01-15,-1
2011-01-16,-1
2011-01-17,-1
2011-01-18,-1
2011-01-19,-1
2011-01-20,-1
2011-01-21,-1
2011-01-22,-1
2011-01-23,-1
2011-01-24,-1
2011-01-25,-1
2011-01-26,-1
2011-01-27,-1
2011-01-28,-1
2011-01-29,-1
2011-01-30,-1
2011-01-31,-1
2011-02-01,-1
2011-02-02,-1
2011-02-03,-1
2011-02-04,-1
2011-02-05,-1
2011-02-06,-1
2011-02-07,-1
2011-02-08,-1
2011-02-09,-1
2011-02-10,-1
2011-02-11,-1
2011-02-12,-1
2011-02-13,-1
2011-02-14,-1
2011-02-15,-1
2011-02-16,-1
2011-02-17,-1
2011-02-18,-1
2011-02-19,-1
2011-02-20,-1
2011-02-21,-1
2011-02-22,-1
2011-02-23,-1
2011-02-24,-1
2011-02-25,-1
2011-02-26,-1
2011-02-27,-1
2011-02-28,-1
2011-03-01,-1
2011-03-02,-1
2011-03-03,-1
2011-03-04,-1
2011-03-05,-1
2011-03-06,-1
2011-03-07,-1
2011-03-08,-1
2011-03-09,-1
2011-03-10,-1
2011-03-11,-1
2011-03-12,-1
2011-03-13,-1
2011-03-14,-1
2011-03-15,-1
2011-03-16,-1
2011-03-17,-1
2011-03-18,-1
2011-03-19,-1
2011-03-20,-1
2011-03-21,-1
2011-03-22,-1
2011-03-23,-1
2011-03-24,-1
2011-03-25,-1
2011-03-26,-1
2011-03-27,-1
2011-03-28,-1
2011-03-29,-1
2011-03-30,-1
2011-03-31,-1
2012-04-01,-1
2012-04-02,-1
2012-04-03,-1
2012-04-04,-1
2012-04-05,-1
2012-04-06,-1
2012-04-07,-1
2012-04-08,-1
2012-04-09,-1
2012-04-10,-1
2012-04-11,-1
2012-04-12,-1
2012-04-13,-1
2012-04-14,-1
2012-04-15,-1
2012-04-16,-1
2012-04-17,-1
2012-04-18,-1
2012-04-19,-1
2012-04-20,-1
2012-04-21,-1
2012-04-22,-1
2012-04-23,-1
2012-04-24,-1
2012-04-25,-1
2012-04-26,-1
2012-04-27,-1
2012-04-28,-1
2012-04-29,-1
2012-04-30,-1
2012-05-01,-1
2012-05-02,-1
2012-05-03,-1
2012-05-04,-1
2012-05-05,-1
2012-05-06,-1
2012-05-07,-1
2012-05-08,-1
2012-05-09,-1
2012-05-10,-1
2012-05-11,-1
2012-05-12,-1
2012-05-13,-1
2012-05-14,-1
2012-05-15,-1
2012-05-16,-1
2012-05-17,-1
2012-05-18,-1
2012-05-19,-1
2012-05-20,-1
2012-05-21,-1
2012-05-22,-1
2012-05-23,-1
2012-05-24,-1
2012-05-25,-1
2012-05-26,-1
2012-05-27,-1
2012-05-28,-1
2012-05-29,-1
2012-05-30,-1
2012-05-31,-1
2012-06-01,-1
2012-06-02,-1
2012-06-03,-1
2012-06-04,-1
2012-06-05,-1
2012-06-06,-1
2012-06-07,-1
2012-06-08,-1
2012-06-09,-1
2012-06-10,-1
2012-06-11,-1
2012-06-12,-1
2012-06-13,-1
2012-06-14,-1
2012-06-15,-1
2012-06-16,-1
2012-06-17,-1
2012-06-18,-1
2012-06-19,-1
2012-06-20,-1
2012-06-21,-1
2012-06-22,-1
2012-06-23,-1
2012-06-24,-1
2012-06-25,-1
2012-06-26,-1
2012-06-27,-1
2012-06-28,-1
2012-06-29,-1
2012-06-30,-1
2012-07-01,-1
2012-07-02,-1
2012-07-03,-1
2012-07-04,-1
2012-07-05,-1
2012-07-06,-1
2012-07-07,-1
2012-07-08,-1
2012-07-09,-1
2012-07-10,-1
2012-07-11,-1
2012-07-12,-1
2012-07-13,-1
2012-07-14,-1
2012-07-15,-1
2012-07-16,-1
2012-07-17,-1
2012-07-18,-1
2012-07-19,-1
2012-07-20,-1
2012-07-21,-1
2012-07-22,-1
2012-07-23,-1
2012-07-24,-1
2012-07-25,-1
2012-07-26,-1
2012-07-27,-1
2012-07-28,-1
2012-07-29,-1
2012-07-30,-1
2012-07-31,-1
2012-08-01,-1
2012-08-02,-1
2012-08-03,-1
2012-08-04,-1
2012-08-05,-1
2012-08-06,-1
2012-08-07,-1
2012-08-08,-1
2012-08-09,-1
2012-08-10,-1
2012-08-11,-1
2012-08-12,-1
2012-08-13,-1
2012-08-14,-1
2012-08-15,-1
2012-08-16,-1
2012-08-17,-1
2012-08-18,-1
2012-08-19,-1
2012-08-20,-1
2012-08-21,-1
2012-08-22,-1
2012-08-23,-1
2012-08-24,-1
2012-08-25,-1
2012-08-26,-1
2012-08-27,-1
2012-08-28,-1
2012-08-29,-1
2012-08-30,-1
2012-08-31,-1
2012-09-01,-1
2012-09-02,-1
2012-09-03,-1
2012-09-04,-1
2012-09-05,-1
2012-09-06,-1
2012-09-07,-1
2012-09-08,-1
2012-09-09,-1
2012-09-10,-1
2012-09-11,-1
2012-09-12,-1
2012-09-13,-1
2012-09-14,-1
2012-09-15,-1
2012-09-16,-1
2012-09-17,-1
2012-09-18,-1
2012-09-19,-1
2012-09-20,-1
2012-09-21,-1
2012-09-22,-1
2012-09-23,-1
2012-09-24,-1
2012-09-25,-1
2012-09-26,-1
2012-09-27,-1
2012-09-28,-1
2012-09-29,-1
2012-09-30,-1
2012-10-01,-1
2012-10-02,-1
2012-10-03,-1
2012-10-04,-1
2012-10-05,-1
2012-10-06,-1
2012-10-07,-1
2012-10-08,-1
2012-10-09,-1
2012-10-10,-1
2012-10-11,-1
2012-10-12,-1
2012-10-13,-1
2012-10-14,-1
2012-10-15,-1
2012-10-16,-1
2012-10-17,-1
2012-10-18,-1
2012-10-19,-1
2012-10-20,-1
2012-10-21,-1
2012-10-22,-1
2012-10-23,-1
2012-10-24,-1
2012-10-25,-1
2012-10-26,-1
2012-10-27,-1
2012-10-28,-1
2012-10-29,-1
2012-10-30,-1
2012-10-31,-1
2012-11-01,-1
2012-11-02,-1
2012-11-03,-1
2012-11-04,-1
2012-11-05,-1
2012-11-06,-1
2012-11-07,-1
2012-11-08,-1
2012-11-09,-1
2012-11-10,-1
2012-11-11,-1
2012-11-12,-1
2012-11-13,-1
2012-11-14,-1
2012-11-15,-1
2012-11-16,-1
2012-11-17,-1
2012-11-18,-1
2012-11-19,-1
2012-11-20,-1
2012-11-21,-1
2012-11-22,-1
2012-11-23,-1
2012-11-24,-1
2012-11-25,-1
2012-11-26,-1
2012-11-27,-1
2012-11-28,-1
2012-11-29,-1
2012-11-30,-1
2012-12-01,-1
2012-12-02,-1
2012-12-03,-1
2012-12-04,-1
2012-12-05,-1
2012-12-06,-1
2012-12-07,-1
2012-12-08,-1
2012-12-09,-1
2012-12-10,-1
2012-12-11,-1
2012-12-12,-1
2012-12-13,-1
2012-12-14,-1
2012-12-15,-1
2012-12-16,-1
2012-12-17,-1
2012-12-18,-1
2012-12-19,-1
2012-12-20,-1
2012-12-21,-1
2012-12-22,-1
2012-12-23,-1
2012-12-24,-1
2012-12-25,-1
2012-12-26,-1
2012-12-27,-1
2012-12-28,-1
2012-12-29,-1
2012-12-30,-1
2012-12-31,-1
2013-01-01,-1
2013-01-02,-1
2013-01-03,-1
2013-01-04,-1
2013-01-05,-1
2013-01-06,-1
2013-01-07,-1
2013-01-08,-1
2013-01-09,-1
2013-01-10,-1
2013-01-11,-1
2013-01-12,-1
2013-01-13,-1
2013-01-14,-1
2013-01-15,-1
2013-01-16,-1
2013-01-17,-1
2013-01-18,-1
2013-01-19,-1
2013-01-20,-1
2013-01-21,-1
2013-01-22,-1
2013-01-23,-1
2013-01-24,-1
2013-01-25,-1
2013-01-26,-1
2013-01-27,-1
2013-01-28,-1
2013-01-29,-1
2013-01-30,-1
2013-01-31,-1
2013-02-01,-1
2013-02-02,-1
2013-02-03,-1
2013-02-04,-1
2013-02-05,-1
2013-02-06,-1
2013-02-07,-1
2013-02-08,-1
2013-02-09,-1
2013-02-10,-1
2013-02-11,-1
2013-02-12,-1
2013-02-13,-1
2013-02-14,-1
2013-02-15,-1
2013-02-16,-1
2013-02-17,-1
2013-02-18,-1
2013-02-19,-1
2013-02-20,-1
2013-02-21,-1
2013-02-22,-1
2013-02-23,-1
2013-02-24,-1
2013-02-25,-1
2013-02-26,-1
2013-02-27,-1
2013-02-28,-1
2013-03-01,-1
2013-03-02,-1
2013-03-03,-1
2013-03-04,-1
2013-03-05,-1
2013-03-06,-1
2013-03-07,-1
2013-03-08,-1
2013-03-09,-1
2013-03-10,-1
2013-03-11,-1
2013-03-12,-1
2013-03-13,-1
2013-03-14,-1
2013-03-15,-1
2013-03-16,-1
2013-03-17,-1
2013-03-18,-1
2013-03-19,-1
2013-03-20,-1
2013-03-21,-1
2013-03-22,-1
2013-03-23,-1
2013-03-24,-1
2013-03-25,-1
2013-03-26,-1
2013-03-27,-1
2013-03-28,-1
2013-03-29,-1
2013-03-30,-1
2013-03-31,-1
2013-04-01,-1
2013-04-02,-1
2013-04-03,-1
2013-04-04,-1
2013-04-05,-1
2013-04-06,-1
2013-04-07,-1
2013-04-08,-1
2013-04-09,-1
2013-04-10,-1
2013-04-11,-1
2013-04-12,-1
2013-04-13,-1
2013-04-14,-1
2013-04-15,-1
2013-04-16,-1
2013-04-17,-1
2013-04-18,-1
2013-04-19,-1
2013-04-20,-1
2013-04-21,-1
2013-04-22,-1
2013-04-23,-1
2013-04-24,-1
2013-04-25,-1
2013-04-26,-1
2013-04-27,-1
2013-04-28,-1
2013-04-29,-1
2013-04-30,-1
2013-05-01,-1
2013-05-02,-1
2013-05-03,-1
2013-05-04,-1
2013-05-05,-1
2013-05-06,-1
2013-05-07,-1
2013-05-08,-1
2013-05-09,-1
2013-05-10,-1
2013-05-11,-1
2013-05-12,-1
2013-05-13,-1
2013-05-14,-1
2013-05-15,-1
2013-05-16,-1
2013-05-17,-1
2013-05-18,-1
2013-05-19,-1
2013-05-20,-1
2013-05-21,-1
2013-05-22,-1
2013-05-23,-1
2013-05-24,-1
2013-05-25,-1
2013-05-26,-1
2013-05-27,-1
2013-05-28,-1
2013-05-29,-1
2013-05-30,-1
2013-05-31,-1
2013-06-01,-1
2013-06-02,-1
2013-06-03,-1
2013-06-04,-1
2013-06-05,-1
2013-06-06,-1
2013-06-07,-1
2013-06-08,-1
2013-06-09,-1
2013-06-10,-1
2013-06-11,-1
2013-06-12,-1
2013-06-13,-1
2013-06-14,-1
2013-06-15,-1
2013-06-16,-1
2013-06-17,-1
2013-06-18,-1
2013-06-19,-1
2013-06-20,-1
2013-06-21,-1
2013-06-22,-1
2013-06-23,-1
2013-06-24,-1
2013-06-25,-1
2013-06-26,-1
2013-06-27,-1
2013-06-28,-1
2013-06-29,-1
2013-06-30,-1
2013-07-01,-1
2013-07-02,-1
2013-07-03,-1
2013-07-04,-1
2013-07-05,-1
2013-07-06,-1
2013-07-07,-1
2013-07-08,-1
2013-07-09,-1
2013-07-10,-1
2013-07-11,-1
2013-07-12,-1
2013-07-13,-1
2013-07-14,-1
2013-07-15,-1
2013-07-16,-1
2013-07-17,-1
2013-07-18,-1
2013-07-19,-1
2013-07-20,-1
2013-07-21,-1
2013-07-22,-1
2013-07-23,-1
2013-07-24,-1
2013-07-25,-1
2013-07-26,-1
2013-07-27,-1
2013-07-28,-1
2013-07-29,-1
2013-07-30,-1
2013-07-31,-1
2013-08-01,-1
2013-08-02,-1
2013-08-03,-1
2013-08-04,-1
2013-08-05,-1
2013-08-06,-1
2013-08-07,-1
2013-08-08,-1
2013-08-09,-1
2013-08-10,-1
2013-08-11,-1
2013-08-12,-1
2013-08-13,-1
2013-08-14,-1
2013-08-15,-1
2013-08-16,-1
2013-08-17,-1
2013-08-18,-1
2013-08-19,-1
2013-08-20,-1
2013-08-21,-1
2013-08-22,-1
2013-08-23,-1
2013-08-24,-1
2013-08-25,-1
2013-08-26,-1
2013-08-27,-1
2013-08-28,-1
2013-08-29,-1
2013-08-30,-1
2013-08-31,-1
2013-09-01,-1
2013-09-02,-1
2013-09-03,-1
2013-09-04,-1
2013-09-05,-1
2013-09-06,-1
2013-09-07,-1
2013-09-08,-1
2013-09-09,-1
2013-09-10,-1
2013-09-11,-1
2013-09-12,-1
2013-09-13,-1
2013-09-14,-1
2013-09-15,-1
2013-09-16,-1
2013-09-17,-1
2013-09-18,-1
2013-09-19,-1
2013-09-20,-1
2013-09-21,-1
2013-09-22,-1
2013-09-23,-1
2013-09-24,-1
2013-09-25,-1
2013-09-26,-1
2013-09-27,-1
2013-09-28,-1
2013-09-29,-1
2013-09-30,-1
2014-01-01,-1
2014-01-02,-1
2014-01-03,-1
2014-01-04,-1
2014-01-05,-1
2014-01-06,-1
2014-01-07,-1
2014-01-08,-1
2014-01-09,-1
2014-01-10,-1
2014-01-11,-1
2014-01-12,-1
2014-01-13,-1
2014-01-14,-1
2014-01-15,-1
2014-01-16,-1
2014-01-17,-1
2014-01-18,-1
2014-01-19,-1
2014-01-20,-1
2014-01-21,-1
2014-01-22,-1
2014-01-23,-1
2014-01-24,-1
2014-01-25,-1
2014-01-26,-1
2014-01-27,-1
2014-01-28,-1
2014-01-29,-1
2014-01-30,-1
2014-01-31,-1
2014-02-01,-1
2014-02-02,-1
2014-02-03,-1
2014-02-04,-1
2014-02-05,-1
2014-02-06,-1
2014-02-07,-1
2014-02-08,-1
2014-02-09,-1
2014-02-10,-1
2014-02-11,-1
2014-02-12,-1
2014-02-13,-1
2014-02-14,-1
2014-02-15,-1
2014-02-16,-1
2014-02-17,-1
2014-02-18,-1
2014-02-19,-1
2014-02-20,-1
2014-02-21,-1
2014-02-22,-1
2014-02-23,-1
2014-02-24,-1
2014-02-25,-1
2014-02-26,-1
2014-02-27,-1
2014-02-28,-1
2014-03-01,-1
2014-03-02,-1
2014-03-03,-1
2014-03-04,-1
2014-03-05,-1
2014-03-06,-1
2014-03-07,-1
2014-03-08,-1
2014-03-09,-1
2014-03-10,-1
2014-03-11,-1
2014-03-12,-1
2014-03-13,-1
2014-03-14,-1
2014-03-15,-1
2014-03-16,-1
2014-03-17,-1
2014-03-18,-1
2014-03-19,-1
2014-03-20,-1
2014-03-21,-1
2014-03-22,-1
2014-03-23,-1
2014-03-24,-1
2014-03-25,-1
2014-03-26,-1
2014-03-27,-1
2014-03-28,-1
2014-03-29,-1
2014-03-30,-1
2014-03-31,-1
2014-04-01,-1
2014-04-02,-1
2014-04-03,-1
2014-04-04,-1
2014-04-05,-1
2014-04-06,-1
2014-04-07,-1
2014-04-08,-1
2014-04-09,-1
2014-04-10,37800
2014-04-11,37350
2014-04-12,-1
2014-04-13,-1
2014-04-14,37450
2014-04-15,37000
2014-04-16,37000
2014-04-17,36950
2014-04-18,37000
2014-04-19,-1
2014-04-20,-1
2014-04-21,36900
2014-04-22,36300
2014-04-23,36150
2014-04-24,36150
2014-04-25,35800
2014-04-26,-1
2014-04-27,-1
2014-04-28,35050
2014-04-29,34950
2014-04-30,35200
2014-05-01,-1
2014-05-02,35300
2014-05-03,-1
2014-05-04,-1
2014-05-05,-1
2014-05-06,-1
2014-05-07,34800
2014-05-08,35400
2014-05-09,35550
2014-05-10,-1
2014-05-11,-1
2014-05-12,35500
2014-05-13,35950
2014-05-14,37000
2014-05-15,36950
2014-05-16,36950
2014-05-17,-1
2014-05-18,-1
2014-05-19,37100
2014-05-20,36750
2014-05-21,35400
2014-05-22,35800
2014-05-23,35700
2014-05-24,-1
2014-05-25,-1
2014-05-26,35500
2014-05-27,35150
2014-05-28,35300
2014-05-29,35200
2014-05-30,34750
2014-05-31,-1
2014-06-01,-1
2014-06-02,34650
2014-06-03,34300
2014-06-04,-1
2014-06-05,34400
2014-06-06,-1
2014-06-07,-1
2014-06-08,-1
2014-06-09,35050
2014-06-10,35350
2014-06-11,35500
2014-06-12,35800
2014-06-13,35100
2014-06-14,-1
2014-06-15,-1
2014-06-16,35000
2014-06-17,34600
2014-06-18,34500
2014-06-19,34700
2014-06-20,34200
2014-06-21,-1
2014-06-22,-1
2014-06-23,34400
2014-06-24,35200
2014-06-25,34850
2014-06-26,35100
2014-06-27,35450
2014-06-28,-1
2014-06-29,-1
2014-06-30,35200
2014-10-01,37600
2014-10-02,37650
2014-10-03,-1
2014-10-04,-1
2014-10-05,-1
2014-10-06,38000
2014-10-07,38700
2014-10-08,38700
2014-10-09,-1
2014-10-10,38350
2014-10-11,-1
2014-10-12,-1
2014-10-13,38150
2014-10-14,37900
2014-10-15,38300
2014-10-16,37900
2014-10-17,37800
2014-10-18,-1
2014-10-19,-1
2014-10-20,38500
2014-10-21,37300
2014-10-22,38500
2014-10-23,39100
2014-10-24,39400
2014-10-25,-1
2014-10-26,-1
2014-10-27,41050
2014-10-28,41150
2014-10-29,42350
2014-10-30,43000
2014-10-31,42000
2014-11-01,-1
2014-11-02,-1
2014-11-03,41800
2014-11-04,41250
2014-11-05,41700
2014-11-06,41600
2014-11-07,40550
2014-11-08,-1
2014-11-09,-1
2014-11-10,40200
2014-11-11,40400
2014-11-12,40550
2014-11-13,40600
2014-11-14,39300
2014-11-15,-1
2014-11-16,-1
2014-11-17,39750
2014-11-18,39350
2014-11-19,40000
2014-11-20,39750
2014-11-21,39400
2014-11-22,-1
2014-11-23,-1
2014-11-24,39850
2014-11-25,39950
2014-11-26,39850
2014-11-27,39200
2014-11-28,38900
2014-11-29,-1
2014-11-30,-1
2014-12-01,38400
2014-12-02,38300
2014-12-03,38400
2014-12-04,39000
2014-12-05,39000
2014-12-06,-1
2014-12-07,-1
2014-12-08,39350
2014-12-09,39050
2014-12-10,38300
2014-12-11,38050
2014-12-12,38450
2014-12-13,-1
2014-12-14,-1
2014-12-15,37600
2014-12-16,37800
2014-12-17,37600
2014-12-18,37950
2014-12-19,38200
2014-12-20,-1
2014-12-21,-1
2014-12-22,37800
2014-12-23,37600
2014-12-24,38800
2014-12-25,-1
2014-12-26,38800
2014-12-27,-1
2014-12-28,-1
2014-12-29,37350
2014-12-30,36150
2014-12-31,-1
2015-04-01,38600
2015-04-02,38450
2015-04-03,39000
2015-04-04,-1
2015-04-05,-1
2015-04-06,38400
2015-04-07,37850
2015-04-08,37750
2015-04-09,36800
2015-04-10,37750
2015-04-11,-1
2015-04-12,-1
2015-04-13,38300
2015-04-14,40500
2015-04-15,40000
2015-04-16,40300
2015-04-17,40600
2015-04-18,-1
2015-04-19,-1
2015-04-20,40800
2015-04-21,40600
2015-04-22,39800
2015-04-23,41000
2015-04-24,41650
2015-04-25,-1
2015-04-26,-1
2015-04-27,40300
2015-04-28,40550
2015-04-29,41000
2015-04-30,40950
2015-05-01,-1
2015-05-02,-1
2015-05-03,-1
2015-05-04,41700
2015-05-05,-1
2015-05-06,41900
2015-05-07,41400
2015-05-08,40800
2015-05-09,-1
2015-05-10,-1
2015-05-11,40600
2015-05-12,41150
2015-05-13,41500
2015-05-14,41100
2015-05-15,40800
2015-05-16,-1
2015-05-17,-1
2015-05-18,40450
2015-05-19,40850
2015-05-20,41000
2015-05-21,39750
2015-05-22,41000
2015-05-23,-1
2015-05-24,-1
2015-05-25,-1
2015-05-26,40100
2015-05-27,39200
2015-05-28,39550
2015-05-29,40250
2015-05-30,-1
2015-05-31,-1
2015-06-01,39450
2015-06-02,39850
2015-06-03,39750
2015-06-04,38750
2015-06-05,38350
2015-06-06,-1
2015-06-07,-1
2015-06-08,39150
2015-06-09,38850
2015-06-10,39950
2015-06-11,40000
2015-06-12,39050
2015-06-13,-1
2015-06-14,-1
2015-06-15,38150
2015-06-16,37300
2015-06-17,37200
2015-06-18,37050
2015-06-19,36150
2015-06-20,-1
2015-06-21,-1
2015-06-22,36500
2015-06-23,37550
2015-06-24,37850
2015-06-25,37300
2015-06-26,37700
2015-06-27,-1
2015-06-28,-1
2015-06-29,36900
2015-06-30,36900
2015-07-01,36800
2015-07-02,36200
2015-07-03,36200
2015-07-04,-1
2015-07-05,-1
2015-07-06,35500
2015-07-07,35950
2015-07-08,35400
2015-07-09,35450
2015-07-10,35600
2015-07-11,-1
2015-07-12,-1
2015-07-13,36250
2015-07-14,36550
2015-07-15,35150
2015-07-16,35400
2015-07-17,34700
2015-07-18,-1
2015-07-19,-1
2015-07-20,34650
2015-07-21,34950
2015-07-22,34800
2015-07-23,35050
2015-07-24,34250
2015-07-25,-1
2015-07-26,-1
2015-07-27,35600
2015-07-28,35750
2015-07-29,35700
2015-07-30,36650
2015-07-31,36800
2015-08-01,-1
2015-08-02,-1
2015-08-03,37000
2015-08-04,37800
2015-08-05,37100
2015-08-06,36900
2015-08-07,37150
2015-08-08,-1
2015-08-09,-1
2015-08-10,37800
2015-08-11,37850
2015-08-12,37700
2015-08-13,36400
2015-08-14,-1
2015-08-15,-1
2015-08-16,-1
2015-08-17,36400
2015-08-18,37100
2015-08-19,37200
2015-08-20,36600
2015-08-21,36200
2015-08-22,-1
2015-08-23,-1
2015-08-24,34900
2015-08-25,34850
2015-08-26,34700
2015-08-27,34700
2015-08-28,36050
2015-08-29,-1
2015-08-30,-1
2015-08-31,35800
2015-09-01,35300
2015-09-02,35500
2015-09-03,34750
2015-09-04,34650
2015-09-05,-1
2015-09-06,-1
2015-09-07,34200
2015-09-08,34150
2015-09-09,34950
2015-09-10,35650
2015-09-11,34900
2015-09-12,-1
2015-09-13,-1
2015-09-14,34950
2015-09-15,34850
2015-09-16,35400
2015-09-17,35500
2015-09-18,34800
2015-09-19,-1
2015-09-20,-1
2015-09-21,35000
2015-09-22,35350
2015-09-23,34750
2015-09-24,34900
2015-09-25,34650
2015-09-26,-1
2015-09-27,-1
2015-09-28,-1
2015-09-29,-1
2015-09-30,35250
2015-10-01,35300
2015-10-02,34650
2015-10-03,-1
2015-10-04,-1
2015-10-05,34650
2015-10-06,34650
2015-10-07,34250
2015-10-08,34800
2015-10-09,-1
2015-10-10,-1
2015-10-11,-1
2015-10-12,35300
2015-10-13,35500
2015-10-14,34800
2015-10-15,35000
2015-10-16,35150
2015-10-17,-1
2015-10-18,-1
2015-10-19,35450
2015-10-20,36350
2015-10-21,36700
2015-10-22,36750
2015-10-23,36850
2015-10-24,-1
2015-10-25,-1
2015-10-26,36800
2015-10-27,36750
2015-10-28,36150
2015-10-29,35650
2015-10-30,36150
2015-10-31,-1
2015-11-01,-1
2015-11-02,36000
2015-11-03,36700
2015-11-04,36550
2015-11-05,36750
2015-11-06,36400
2015-11-07,-1
2015-11-08,-1
2015-11-09,36950
2015-11-10,36050
2015-11-11,35900
2015-11-12,36350
2015-11-13,35200
2015-11-14,-1
2015-11-15,-1
2015-11-16,34600
2015-11-17,34650
2015-11-18,35350
2015-11-19,35700
2015-11-20,35250
2015-11-21,-1
2015-11-22,-1
2015-11-23,35350
2015-11-24,35600
2015-11-25,35250
2015-11-26,35750
2015-11-27,35850
2015-11-28,-1
2015-11-29,-1
2015-11-30,35250
2015-12-01,35600
2015-12-02,35100
2015-12-03,34850
2015-12-04,34700
2015-12-05,-1
2015-12-06,-1
2015-12-07,34450
2015-12-08,34400
2015-12-09,34300
2015-12-10,34700
2015-12-11,34550
2015-12-12,-1
2015-12-13,-1
2015-12-14,34200
2015-12-15,33900
2015-12-16,34500
2015-12-17,34150
2015-12-18,33850
2015-12-19,-1
2015-12-20,-1
2015-12-21,34050
2015-12-22,33950
2015-12-23,34200
2015-12-24,34050
2015-12-25,-1
2015-12-26,-1
2015-12-27,-1
2015-12-28,33900
2015-12-29,33350
2015-12-30,33150
2015-12-31,-1
2016-01-01,-1
2016-01-02,-1
2016-01-03,-1
2016-01-04,32450
2016-01-05,32650
2016-01-06,32450
2016-01-07,32050
2016-01-08,32100
2016-01-09,-1
2016-01-10,-1
2016-01-11,31600
2016-01-12,31650
2016-01-13,32300
2016-01-14,31000
2016-01-15,30000
2016-01-16,-1
2016-01-17,-1
2016-01-18,30150
2016-01-19,29350
2016-01-20,28300
2016-01-21,28400
2016-01-22,29100
2016-01-23,-1
2016-01-24,-1
2016-01-25,29650
2016-01-26,29000
2016-01-27,29750
2016-01-28,30300
2016-01-29,30550
2016-01-30,-1
2016-01-31,-1
2016-02-01,29900
2016-02-02,29350
2016-02-03,28450
2016-02-04,28700
2016-02-05,29350
2016-02-06,-1
2016-02-07,-1
2016-02-08,-1
2016-02-09,-1
2016-02-10,-1
2016-02-11,28700
2016-02-12,28400
2016-02-13,-1
2016-02-14,-1
2016-02-15,29650
2016-02-16,29500
2016-02-17,31300
2016-02-18,30650
2016-02-19,30300
2016-02-20,-1
2016-02-21,-1
2016-02-22,30100
2016-02-23,30100
2016-02-24,30250
2016-02-25,29850
2016-02-26,30000
2016-02-27,-1
2016-02-28,-1
2016-02-29,29700
2016-03-01,-1
2016-03-02,30200
2016-03-03,30800
2016-03-04,31800
2016-03-05,-1
2016-03-06,-1
2016-03-07,32150
2016-03-08,31750
2016-03-09,31900
2016-03-10,31950
2016-03-11,32300
2016-03-12,-1
2016-03-13,-1
2016-03-14,32750
2016-03-15,32300
2016-03-16,32650
2016-03-17,32400
2016-03-18,32800
2016-03-19,-1
2016-03-20,-1
2016-03-21,32700
2016-03-22,32800
2016-03-23,32700
2016-03-24,32100
2016-03-25,31750
2016-03-26,-1
2016-03-27,-1
2016-03-28,32000
2016-03-29,32350
2016-03-30,31850
2016-03-31,31850
2016-04-01,32150
2016-04-02,-1
2016-04-03,-1
2016-04-04,32150
2016-04-05,32550
2016-04-06,32800
2016-04-07,32950
2016-04-08,32750
2016-04-09,-1
2016-04-10,-1
2016-04-11,32200
2016-04-12,32150
2016-04-13,-1
2016-04-14,33650
2016-04-15,34200
2016-04-16,-1
2016-04-17,-1
2016-04-18,34250
2016-04-19,34500
2016-04-20,34800
2016-04-21,35400
2016-04-22,35900
2016-04-23,-1
2016-04-24,-1
2016-04-25,36500
2016-04-26,35700
2016-04-27,35650
2016-04-28,35250
2016-04-29,34800
2016-04-30,-1
2016-05-01,-1
2016-05-02,34100
2016-05-03,33950
2016-05-04,33500
2016-05-05,-1
2016-05-06,-1
2016-05-07,-1
2016-05-08,-1
2016-05-09,33450
2016-05-10,33650
2016-05-11,33700
2016-05-12,33350
2016-05-13,33250
2016-05-14,-1
2016-05-15,-1
2016-05-16,33100
2016-05-17,33400
2016-05-18,32900
2016-05-19,33800
2016-05-20,33600
2016-05-21,-1
2016-05-22,-1
2016-05-23,33200
2016-05-24,33050
2016-05-25,34150
2016-05-26,33900
2016-05-27,33650
2016-05-28,-1
2016-05-29,-1
2016-05-30,33350
2016-05-31,34100
2016-06-01,33800
2016-06-02,33900
2016-06-03,33800
2016-06-04,-1
2016-06-05,-1
2016-06-06,-1
2016-06-07,33750
2016-06-08,34650
2016-06-09,35500
2016-06-10,35000
2016-06-11,-1
2016-06-12,-1
2016-06-13,34200
2016-06-14,34150
2016-06-15,33100
2016-06-16,33250
2016-06-17,33250
2016-06-18,-1
2016-06-19,-1
2016-06-20,34300
2016-06-21,33600
2016-06-22,34100
2016-06-23,34450
2016-06-24,33150
2016-06-25,-1
2016-06-26,-1
2016-06-27,32350
2016-06-28,32300
2016-06-29,32700
2016-06-30,32600
2016-07-01,32850
2016-07-02,-1
2016-07-03,-1
2016-07-04,32600
2016-07-05,32600
2016-07-06,31850
2016-07-07,32200
2016-07-08,31800
2016-07-09,-1
2016-07-10,-1
2016-07-11,32150
2016-07-12,33000
2016-07-13,33400
2016-07-14,33350
2016-07-15,34150
2016-07-16,-1
2016-07-17,-1
2016-07-18,34100
2016-07-19,34550
2016-07-20,34100
2016-07-21,34350
2016-07-22,35300
2016-07-23,-1
2016-07-24,-1
2016-07-25,36750
2016-07-26,36550
2016-07-27,36350
2016-07-28,35800
2016-07-29,35200
2016-07-30,-1
2016-07-31,-1
2016-08-01,35650
2016-08-02,35200
2016-08-03,35300
2016-08-04,35500
2016-08-05,36200
2016-08-06,-1
2016-08-07,-1
2016-08-08,37400
2016-08-09,38000
2016-08-10,37900
2016-08-11,37650
2016-08-12,37700
2016-08-13,-1
2016-08-14,-1
2016-08-15,-1
2016-08-16,37600
2016-08-17,37400
2016-08-18,37200
2016-08-19,37200
2016-08-20,-1
2016-08-21,-1
2016-08-22,37100
2016-08-23,37300
2016-08-24,36850
2016-08-25,38100
2016-08-26,37350
2016-08-27,-1
2016-08-28,-1
2016-08-29,38400
2016-08-30,38750
2016-08-31,38900
2016-09-01,39550
2016-09-02,39000
2016-09-03,-1
2016-09-04,-1
2016-09-05,39750
2016-09-06,39500
2016-09-07,39900
2016-09-08,39400
2016-09-09,39750
2016-09-10,-1
2016-09-11,-1
2016-09-12,39300
2016-09-13,38350
2016-09-14,-1
2016-09-15,-1
2016-09-16,-1
2016-09-17,-1
2016-09-18,-1
2016-09-19,38400
2016-09-20,38500
2016-09-21,38900
2016-09-22,38550
2016-09-23,38950
2016-09-24,-1
2016-09-25,-1
2016-09-26,38650
2016-09-27,38650
2016-09-28,38250
2016-09-29,38000
2016-09-30,37850
2016-10-01,-1
2016-10-02,-1
2016-10-03,-1
2016-10-04,38400
2016-10-05,38100
2016-10-06,38750
2016-10-07,38400
2016-10-08,-1
2016-10-09,-1
2016-10-10,39200
2016-10-11,40000
2016-10-12,39500
2016-10-13,38950
2016-10-14,39150
2016-10-15,-1
2016-10-16,-1
2016-10-17,39800
2016-10-18,41200
2016-10-19,41100
2016-10-20,41700
2016-10-21,42400
2016-10-22,-1
2016-10-23,-1
2016-10-24,43350
2016-10-25,43900
2016-10-26,42950
2016-10-27,42800
2016-10-28,41950
2016-10-29,-1
2016-10-30,-1
2016-10-31,42300
2016-11-01,41950
2016-11-02,41000
2016-11-03,41000
2016-11-04,40400
2016-11-05,-1
2016-11-06,-1
2016-11-07,40850
2016-11-08,40650
2016-11-09,40650
2016-11-10,41950
2016-11-11,42500
2016-11-12,-1
2016-11-13,-1
2016-11-14,41900
2016-11-15,41900
2016-11-16,41200
2016-11-17,40500
2016-11-18,40800
2016-11-19,-1
2016-11-20,-1
2016-11-21,40350
2016-11-22,40750
2016-11-23,41850
2016-11-24,41800
2016-11-25,41950
2016-11-26,-1
2016-11-27,-1
2016-11-28,41950
2016-11-29,42050
2016-11-30,42100
2016-12-01,41850
2016-12-02,42000
2016-12-03,-1
2016-12-04,-1
2016-12-05,41400
2016-12-06,40850
2016-12-07,41850
2016-12-08,44400
2016-12-09,43400
2016-12-10,-1
2016-12-11,-1
2016-12-12,43700
2016-12-13,43100
2016-12-14,43050
2016-12-15,42650
2016-12-16,44100
2016-12-17,-1
2016-12-18,-1
2016-12-19,44250
2016-12-20,44000
2016-12-21,44000
2016-12-22,44000
2016-12-23,43550
2016-12-24,-1
2016-12-25,-1
2016-12-26,43600
2016-12-27,43400
2016-12-28,43300
2016-12-29,42800
2016-12-30,-1
2016-12-31,-1
2017-01-01,-1
2017-01-02,42600
2017-01-03,43700
2017-01-04,44150
2017-01-05,42800
2017-01-06,42650
2017-01-07,-1
2017-01-08,-1
2017-01-09,42400
2017-01-10,43250
2017-01-11,43350
2017-01-12,44100
2017-01-13,43850
2017-01-14,-1
2017-01-15,-1
2017-01-16,45150
2017-01-17,45850
2017-01-18,45800
2017-01-19,45550
2017-01-20,45400
2017-01-21,-1
2017-01-22,-1
2017-01-23,44750
2017-01-24,45100
2017-01-25,46300
2017-01-26,47200
2017-01-27,-1
2017-01-28,-1
2017-01-29,-1
2017-01-30,-1
2017-01-31,47000
2017-02-01,47800
2017-02-02,47350
2017-02-03,47550
2017-02-04,-1
2017-02-05,-1
2017-02-06,47900
2017-02-07,47950
2017-02-08,47250
2017-02-09,47600
2017-02-10,47800
2017-02-11,-1
2017-02-12,-1
2017-02-13,47950
2017-02-14,48000
2017-02-15,46950
2017-02-16,46950
2017-02-17,47300
2017-02-18,-1
2017-02-19,-1
2017-02-20,47350
2017-02-21,47550
2017-02-22,47200
2017-02-23,47650
2017-02-24,47700
2017-02-25,-1
2017-02-26,-1
2017-02-27,45850
2017-02-28,46900
2017-03-01,-1
2017-03-02,48050
2017-03-03,47400
2017-03-04,-1
2017-03-05,-1
2017-03-06,47500
2017-03-07,47950
2017-03-08,48900
2017-03-09,49000
2017-03-10,49000
2017-03-11,-1
2017-03-12,-1
2017-03-13,50700
2017-03-14,51600
2017-03-15,51400
2017-03-16,51700
2017-03-17,51900
2017-03-18,-1
2017-03-19,-1
2017-03-20,50900
2017-03-21,50600
2017-03-22,49700
2017-03-23,50300
2017-03-24,50200
2017-03-25,-1
2017-03-26,-1
2017-03-27,49200
2017-03-28,49400
2017-03-29,49900
2017-03-30,49350
2017-03-31,49000
2017-04-01,-1
2017-04-02,-1
2017-04-03,49200
2017-04-04,48650
2017-04-05,49000
2017-04-06,48700
2017-04-07,48600
2017-04-08,-1
2017-04-09,-1
2017-04-10,47500
2017-04-11,47400
2017-04-12,47000
2017-04-13,48550
2017-04-14,48250
2017-04-15,-1
2017-04-16,-1
2017-04-17,50400
2017-04-18,49850
2017-04-19,50100
2017-04-20,50000
2017-04-21,50600
2017-04-22,-1
2017-04-23,-1
2017-04-24,51200
2017-04-25,52000
2017-04-26,51400
2017-04-27,51100
2017-04-28,50100
2017-04-29,-1
2017-04-30,-1
2017-05-01,-1
2017-05-02,51300
2017-05-03,-1
2017-05-04,51900
2017-05-05,-1
2017-05-06,-1
2017-05-07,-1
2017-05-08,53500
2017-05-09,-1
2017-05-10,53000
2017-05-11,53900
2017-05-12,52900
2017-05-13,-1
2017-05-14,-1
2017-05-15,54000
2017-05-16,54000
2017-05-17,53400
2017-05-18,52900
2017-05-19,52900
2017-05-20,-1
2017-05-21,-1
2017-05-22,52900
2017-05-23,53900
2017-05-24,53200
2017-05-25,53800
2017-05-26,54500
2017-05-27,-1
2017-05-28,-1
2017-05-29,54000
2017-05-30,53700
2017-05-31,53600
2017-06-01,52600
2017-06-02,53900
2017-06-03,-1
2017-06-04,-1
2017-06-05,55000
2017-06-06,-1
2017-06-07,55400
2017-06-08,55700
2017-06-09,55900
2017-06-10,-1
2017-06-11,-1
2017-06-12,56300
2017-06-13,55600
2017-06-14,55700
2017-06-15,54900
2017-06-16,55500
2017-06-17,-1
2017-06-18,-1
2017-06-19,55600
2017-06-20,55400
2017-06-21,54200
2017-06-22,55000
2017-06-23,55200
2017-06-24,-1
2017-06-25,-1
2017-06-26,54900
2017-06-27,54900
2017-06-28,56300
2017-06-29,57800
2017-06-30,57700
2017-10-01,-1
2017-10-02,-1
2017-10-03,-1
2017-10-04,-1
2017-10-05,-1
2017-10-06,-1
2017-10-07,-1
2017-10-08,-1
2017-10-09,-1
2017-10-10,57900
2017-10-11,57700
2017-10-12,58600
2017-10-13,58000
2017-10-14,-1
2017-10-15,-1
2017-10-16,57100
2017-10-17,57300
2017-10-18,57000
2017-10-19,57300
2017-10-20,57100
2017-10-21,-1
2017-10-22,-1
2017-10-23,57400
2017-10-24,57700
2017-10-25,59100
2017-10-26,58800
2017-10-27,58900
2017-10-28,-1
2017-10-29,-1
2017-10-30,59200
2017-10-31,58400
2017-11-01,59000
2017-11-02,59100
2017-11-03,59900
2017-11-04,-1
2017-11-05,-1
2017-11-06,57800
2017-11-07,57900
2017-11-08,57400
2017-11-09,57700
2017-11-10,57400
2017-11-11,-1
2017-11-12,-1
2017-11-13,56600
2017-11-14,56800
2017-11-15,57300
2017-11-16,58000
2017-11-17,56900
2017-11-18,-1
2017-11-19,-1
2017-11-20,57100
2017-11-21,55800
2017-11-22,56200
2017-11-23,56700
2017-11-24,56700
2017-11-25,-1
2017-11-26,-1
2017-11-27,57500
2017-11-28,58300
2017-11-29,59200
2017-11-30,59900
2017-12-01,58300
2017-12-02,-1
2017-12-03,-1
2017-12-04,60000
2017-12-05,59900
2017-12-06,60200
2017-12-07,59200
2017-12-08,59500
2017-12-09,-1
2017-12-10,-1
2017-12-11,59000
2017-12-12,58300
2017-12-13,60800
2017-12-14,61400
2017-12-15,62600
2017-12-16,-1
2017-12-17,-1
2017-12-18,62300
2017-12-19,62400
2017-12-20,62800
2017-12-21,61900
2017-12-22,62300
2017-12-23,-1
2017-12-24,-1
2017-12-25,-1
2017-12-26,63800
2017-12-27,63000
2017-12-28,63400
2017-12-29,-1
2017-12-30,-1
2017-12-31,-1
2018-01-01,-1
2018-01-02,63100
2018-01-03,63100
2018-01-04,63000
2018-01-05,64100
2018-01-06,-1
2018-01-07,-1
2018-01-08,66600
2018-01-09,67200
2018-01-10,66000
2018-01-11,67700
2018-01-12,67700
2018-01-13,-1
2018-01-14,-1
2018-01-15,67600
2018-01-16,65800
2018-01-17,65400
2018-01-18,65700
2018-01-19,67100
2018-01-20,-1
2018-01-21,-1
2018-01-22,65700
2018-01-23,68600
2018-01-24,67500
2018-01-25,66600
2018-01-26,67400
2018-01-27,-1
2018-01-28,-1
2018-01-29,67200
2018-01-30,66900
2018-01-31,67300
2018-02-01,66100
2018-02-02,66400
2018-02-03,-1
2018-02-04,-1
2018-02-05,67700
2018-02-06,64200
2018-02-07,63100
2018-02-08,61400
2018-02-09,61000
2018-02-10,-1
2018-02-11,-1
2018-02-12,64300
2018-02-13,64200
2018-02-14,64800
2018-02-15,-1
2018-02-16,-1
2018-02-17,-1
2018-02-18,-1
2018-02-19,66800
2018-02-20,66700
2018-02-21,65500
2018-02-22,64900
2018-02-23,64700
2018-02-24,-1
2018-02-25,-1
2018-02-26,64100
2018-02-27,64000
2018-02-28,64000
2018-03-01,-1
2018-03-02,63500
2018-03-03,-1
2018-03-04,-1
2018-03-05,62200
2018-03-06,62300
2018-03-07,61500
2018-03-08,61800
2018-03-09,62500
2018-03-10,-1
2018-03-11,-1
2018-03-12,64000
2018-03-13,62200
2018-03-14,61600
2018-03-15,61700
2018-03-16,62700
2018-03-17,-1
2018-03-18,-1
2018-03-19,62900
2018-03-20,63600
2018-03-21,63000
2018-03-22,63900
2018-03-23,61600
2018-03-24,-1
2018-03-25,-1
2018-03-26,60800
2018-03-27,61300
2018-03-28,60100
2018-03-29,61600
2018-03-30,60700
2018-03-31,-1
2018-07-01,-1
2018-07-02,52500
2018-07-03,52000
2018-07-04,51900
2018-07-05,52700
2018-07-06,54200
2018-07-07,-1
2018-07-08,-1
2018-07-09,55200
2018-07-10,54500
2018-07-11,53800
2018-07-12,52900
2018-07-13,55300
2018-07-14,-1
2018-07-15,-1
2018-07-16,53900
2018-07-17,55400
2018-07-18,55200
2018-07-19,53600
2018-07-20,53900
2018-07-21,-1
2018-07-22,-1
2018-07-23,53900
2018-07-24,53400
2018-07-25,54400
2018-07-26,53500
2018-07-27,53600
2018-07-28,-1
2018-07-29,-1
2018-07-30,53900
2018-07-31,53600
2018-08-01,53900
2018-08-02,52500
2018-08-03,52800
2018-08-04,-1
2018-08-05,-1
2018-08-06,53100
2018-08-07,52800
2018-08-08,52600
2018-08-09,51800
2018-08-10,51700
2018-08-11,-1
2018-08-12,-1
2018-08-13,51100
2018-08-14,50400
2018-08-15,-1
2018-08-16,50200
2018-08-17,51200
2018-08-18,-1
2018-08-19,-1
2018-08-20,51200
2018-08-21,51300
2018-08-22,50900
2018-08-23,50800
2018-08-24,51600
2018-08-25,-1
2018-08-26,-1
2018-08-27,52800
2018-08-28,52700
2018-08-29,52700
2018-08-30,51400
2018-08-31,51700
2018-09-01,-1
2018-09-02,-1
2018-09-03,51300
2018-09-04,51400
2018-09-05,50400
2018-09-06,50500
2018-09-07,50700
2018-09-08,-1
2018-09-09,-1
2018-09-10,51000
2018-09-11,51100
2018-09-12,51400
2018-09-13,52200
2018-09-14,51100
2018-09-15,-1
2018-09-16,-1
2018-09-17,50400
2018-09-18,50300
2018-09-19,50400
2018-09-20,51500
2018-09-21,53200
2018-09-22,-1
2018-09-23,-1
2018-09-24,-1
2018-09-25,-1
2018-09-26,-1
2018-09-27,53700
2018-09-28,54200
2018-09-29,-1
2018-09-30,-1
2018-10-01,55600
2018-10-02,54500
2018-10-03,-1
2018-10-04,56100
2018-10-05,56200
2018-10-06,-1
2018-10-07,-1
2018-10-08,56000
2018-10-09,-1
2018-10-10,55400
2018-10-11,52800
2018-10-12,52400
2018-10-13,-1
2018-10-14,-1
2018-10-15,52500
2018-10-16,51900
2018-10-17,52500
2018-10-18,51400
2018-10-19,51100
2018-10-20,-1
2018-10-21,-1
2018-10-22,52400
2018-10-23,51000
2018-10-24,52100
2018-10-25,51300
2018-10-26,51000
2018-10-27,-1
2018-10-28,-1
2018-10-29,51600
2018-10-30,48750
2018-10-31,47400
2018-11-01,47750
2018-11-02,49050
2018-11-03,-1
2018-11-04,-1
2018-11-05,48650
2018-11-06,48550
2018-11-07,48000
2018-11-08,48450
2018-11-09,47800
2018-11-10,-1
2018-11-11,-1
2018-11-12,47700
2018-11-13,47050
2018-11-14,47100
2018-11-15,47100
2018-11-16,47100
2018-11-17,-1
2018-11-18,-1
2018-11-19,46900
2018-11-20,46950
2018-11-21,46550
2018-11-22,46900
2018-11-23,46850
2018-11-24,-1
2018-11-25,-1
2018-11-26,47600
2018-11-27,48350
2018-11-28,48350
2018-11-29,48500
2018-11-30,47200
2018-12-01,-1
2018-12-02,-1
2018-12-03,47200
2018-12-04,47950
2018-12-05,48000
2018-12-06,47750
2018-12-07,47050
2018-12-08,-1
2018-12-09,-1
2018-12-10,45200
2018-12-11,45600
2018-12-12,46800
2018-12-13,47300
2018-12-14,47950
2018-12-15,-1
2018-12-16,-1
2018-12-17,48200
2018-12-18,48950
2018-12-19,48200
2018-12-20,48850
2018-12-21,48950
2018-12-22,-1
2018-12-23,-1
2018-12-24,48750
2018-12-25,-1
2018-12-26,47800
2018-12-27,45450
2018-12-28,46500
2018-12-29,-1
2018-12-30,-1
2018-12-31,-1
2019-01-01,-1
2019-01-02,45950
2019-01-03,46450
2019-01-04,45650
2019-01-05,-1
2019-01-06,-1
2019-01-07,45450
2019-01-08,45500
2019-01-09,46450
2019-01-10,45500
2019-01-11,45350
2019-01-12,-1
2019-01-13,-1
2019-01-14,44550
2019-01-15,46750
2019-01-16,47450
2019-01-17,47600
2019-01-18,46700
2019-01-19,-1
2019-01-20,-1
2019-01-21,46100
2019-01-22,45750
2019-01-23,45350
2019-01-24,45900
2019-01-25,46300
2019-01-26,-1
2019-01-27,-1
2019-01-28,45800
2019-01-29,46100
2019-01-30,46650
2019-01-31,48050
2019-02-01,48600
2019-02-02,-1
2019-02-03,-1
2019-02-04,-1
2019-02-05,-1
2019-02-06,-1
2019-02-07,48050
2019-02-08,48100
2019-02-09,-1
2019-02-10,-1
2019-02-11,46350
2019-02-12,45500
2019-02-13,46150
2019-02-14,46200
2019-02-15,46000
2019-02-16,-1
2019-02-17,-1
2019-02-18,46100
2019-02-19,46050
2019-02-20,45850
2019-02-21,45550
2019-02-22,45650
2019-02-23,-1
2019-02-24,-1
2019-02-25,45900
2019-02-26,45200
2019-02-27,44650
2019-02-28,44350
2019-03-01,-1
2019-03-02,-1
2019-03-03,-1
2019-03-04,43050
2019-03-05,43150
2019-03-06,43000
2019-03-07,43100
2019-03-08,42150
2019-03-09,-1
2019-03-10,-1
2019-03-11,42700
2019-03-12,42950
2019-03-13,42200
2019-03-14,42650
2019-03-15,43950
2019-03-16,-1
2019-03-17,-1
2019-03-18,44100
2019-03-19,43850
2019-03-20,43500
2019-03-21,43000
2019-03-22,42500
2019-03-23,-1
2019-03-24,-1
2019-03-25,41550
2019-03-26,41400
2019-03-27,41450
2019-03-28,40750
2019-03-29,41850
2019-03-30,-1
2019-03-31,-1
2019-04-01,44000
2019-04-02,45000
2019-04-03,45250
2019-04-04,45400
2019-04-05,45300
2019-04-06,-1
2019-04-07,-1
2019-04-08,45000
2019-04-09,44800
2019-04-10,45200
2019-04-11,45200
2019-04-12,45450
2019-04-13,-1
2019-04-14,-1
2019-04-15,45700
2019-04-16,46300
2019-04-17,46150
2019-04-18,45750
2019-04-19,45350
2019-04-20,-1
2019-04-21,-1
2019-04-22,45200
2019-04-23,45900
2019-04-24,45350
2019-04-25,45750
2019-04-26,45400
2019-04-27,-1
2019-04-28,-1
2019-04-29,46450
2019-04-30,46200
2019-05-01,-1
2019-05-02,46700
2019-05-03,46600
2019-05-04,-1
2019-05-05,-1
2019-05-06,-1
2019-05-07,46600
2019-05-08,46800
2019-05-09,46100
2019-05-10,46350
2019-05-11,-1
2019-05-12,-1
2019-05-13,46200
2019-05-14,46150
2019-05-15,46100
2019-05-16,46100
2019-05-17,45700
2019-05-18,-1
2019-05-19,-1
2019-05-20,46350
2019-05-21,46400
2019-05-22,46200
2019-05-23,46150
2019-05-24,46200
2019-05-25,-1
2019-05-26,-1
2019-05-27,45750
2019-05-28,45800
2019-05-29,45150
2019-05-30,44650
2019-05-31,43800
2019-06-01,-1
2019-06-02,-1
2019-06-03,44550
2019-06-04,45350
2019-06-05,44450
2019-06-06,-1
2019-06-07,44300
2019-06-08,-1
2019-06-09,-1
2019-06-10,44900
2019-06-11,44450
2019-06-12,44850
2019-06-13,44300
2019-06-14,44300
2019-06-15,-1
2019-06-16,-1
2019-06-17,44300
2019-06-18,44700
2019-06-19,45750
2019-06-20,45500
2019-06-21,45350
2019-06-22,-1
2019-06-23,-1
2019-06-24,45050
2019-06-25,44950
2019-06-26,45400
2019-06-27,45750
2019-06-28,45850
2019-06-29,-1
2019-06-30,-1
2019-10-01,42500
2019-10-02,41850
2019-10-03,-1
2019-10-04,41650
2019-10-05,-1
2019-10-06,-1
2019-10-07,41250
2019-10-08,41700
2019-10-09,-1
2019-10-10,40850
2019-10-11,41950
2019-10-12,-1
2019-10-13,-1
2019-10-14,42800
2019-10-15,42700
2019-10-16,42700
2019-10-17,42900
2019-10-18,42850
2019-10-19,-1
2019-10-20,-1
2019-10-21,43150
2019-10-22,44100
2019-10-23,43900
2019-10-24,44000
2019-10-25,42800
2019-10-26,-1
2019-10-27,-1
2019-10-28,42900
2019-10-29,42600
2019-10-30,42450
2019-10-31,41950
2019-11-01,42300
2019-11-02,-1
2019-11-03,-1
2019-11-04,43200
2019-11-05,43950
2019-11-06,43250
2019-11-07,43200
2019-11-08,43300
2019-11-09,-1
2019-11-10,-1
2019-11-11,43000
2019-11-12,43550
2019-11-13,43400
2019-11-14,43700
2019-11-15,43700
2019-11-16,-1
2019-11-17,-1
2019-11-18,44000
2019-11-19,44900
2019-11-20,45950
2019-11-21,45650
2019-11-22,46200
2019-11-23,-1
2019-11-24,-1
2019-11-25,46050
2019-11-26,45850
2019-11-27,46100
2019-11-28,46550
2019-11-29,46050
2019-11-30,-1
2019-12-01,-1
2019-12-02,45950
2019-12-03,45850
2019-12-04,46050
2019-12-05,46650
2019-12-06,47000
2019-12-07,-1
2019-12-08,-1
2019-12-09,48050
2019-12-10,48300
2019-12-11,48000
2019-12-12,48350
2019-12-13,50000
2019-12-14,-1
2019-12-15,-1
2019-12-16,49050
2019-12-17,47950
2019-12-18,49400
2019-12-19,49400
2019-12-20,49050
2019-12-21,-1
2019-12-22,-1
2019-12-23,49900
2019-12-24,49450
2019-12-25,-1
2019-12-26,49400
2019-12-27,48050
2019-12-28,-1
2019-12-29,-1
2019-12-30,47650
2019-12-31,-1
2020-01-01,-1
2020-01-02,46550
2020-01-03,47150
2020-01-04,-1
2020-01-05,-1
2020-01-06,46600
2020-01-07,47000
2020-01-08,46150
2020-01-09,46500
2020-01-10,46800
2020-01-11,-1
2020-01-12,-1
2020-01-13,46700
2020-01-14,47850
2020-01-15,47900
2020-01-16,48000
2020-01-17,47900
2020-01-18,-1
2020-01-19,-1
2020-01-20,48300
2020-01-21,47350
2020-01-22,47550
2020-01-23,46700
2020-01-24,-1
2020-01-25,-1
2020-01-26,-1
2020-01-27,-1
2020-01-28,44500
2020-01-29,44250
2020-01-30,43800
2020-01-31,43950
2020-02-01,-1
2020-02-02,-1
2020-02-03,43850
2020-02-04,43500
2020-02-05,44200
2020-02-06,45250
2020-02-07,44400
2020-02-08,-1
2020-02-09,-1
2020-02-10,43250
2020-02-11,43100
2020-02-12,43500
2020-02-13,42750
2020-02-14,42750
2020-02-15,-1
2020-02-16,-1
2020-02-17,42400
2020-02-18,41750
2020-02-19,41800
2020-02-20,42200
2020-02-21,41150
2020-02-22,-1
2020-02-23,-1
2020-02-24,39050
2020-02-25,39250
2020-02-26,39050
2020-02-27,39400
2020-02-28,38900
2020-02-29,-1
2020-03-01,-1
2020-03-02,38400
2020-03-03,38100
2020-03-04,38950
2020-03-05,38700
2020-03-06,37450
2020-03-07,-1
2020-03-08,-1
2020-03-09,35150
2020-03-10,35150
2020-03-11,35300
2020-03-12,33450
2020-03-13,32900
2020-03-14,-1
2020-03-15,-1
2020-03-16,32100
2020-03-17,29850
2020-03-18,29050
2020-03-19,26050
2020-03-20,30850
2020-03-21,-1
2020-03-22,-1
2020-03-23,27650
2020-03-24,29150
2020-03-25,32000
2020-03-26,32900
2020-03-27,35750
2020-03-28,-1
2020-03-29,-1
2020-03-30,34750
2020-03-31,34550
2020-04-01,31600
2020-04-02,31700
2020-04-03,31150
2020-04-04,-1
2020-04-05,-1
2020-04-06,32850
2020-04-07,33100
2020-04-08,32100
2020-04-09,32500
2020-04-10,33650
2020-04-11,-1
2020-04-12,-1
2020-04-13,32550
2020-04-14,33200
2020-04-15,-1
2020-04-16,31900
2020-04-17,32350
2020-04-18,-1
2020-04-19,-1
2020-04-20,31900
2020-04-21,31700
2020-04-22,31500
2020-04-23,31300
2020-04-24,31100
2020-04-25,-1
2020-04-26,-1
2020-04-27,34200
2020-04-28,34150
2020-04-29,34750
2020-04-30,-1
2020-05-01,-1
2020-05-02,-1
2020-05-03,-1
2020-05-04,33000
2020-05-05,-1
2020-05-06,32700
2020-05-07,32450
2020-05-08,32800
2020-05-09,-1
2020-05-10,-1
2020-05-11,32150
2020-05-12,31550
2020-05-13,31450
2020-05-14,30950
2020-05-15,31450
2020-05-16,-1
2020-05-17,-1
2020-05-18,31000
2020-05-19,31950
2020-05-20,32050
2020-05-21,32000
2020-05-22,31100
2020-05-23,-1
2020-05-24,-1
2020-05-25,31350
2020-05-26,32600
2020-05-27,33100
2020-05-28,34200
2020-05-29,34000
2020-05-30,-1
2020-05-31,-1
2020-06-01,34600
2020-06-02,36250
2020-06-03,38600
2020-06-04,37000
2020-06-05,38050
2020-06-06,-1
2020-06-07,-1
2020-06-08,38200
2020-06-09,38500
2020-06-10,37550
2020-06-11,36350
2020-06-12,34650
2020-06-13,-1
2020-06-14,-1
2020-06-15,33250
2020-06-16,35700
2020-06-17,35000
2020-06-18,35250
2020-06-19,36000
2020-06-20,-1
2020-06-21,-1
2020-06-22,34850
2020-06-23,34700
2020-06-24,34900
2020-06-25,33750
2020-06-26,34800
2020-06-27,-1
2020-06-28,-1
2020-06-29,33900
2020-06-30,33950
2020-07-01,34400
2020-07-02,34450
2020-07-03,34800
2020-07-04,-1
2020-07-05,-1
2020-07-06,35750
2020-07-07,35800
2020-07-08,35050
2020-07-09,34700
2020-07-10,33950
2020-07-11,-1
2020-07-12,-1
2020-07-13,35350
2020-07-14,35100
2020-07-15,35650
2020-07-16,35950
2020-07-17,35650
2020-07-18,-1
2020-07-19,-1
2020-07-20,36900
2020-07-21,36700
2020-07-22,36200
2020-07-23,35850
2020-07-24,35400
2020-07-25,-1
2020-07-26,-1
2020-07-27,35450
2020-07-28,35700
2020-07-29,36200
2020-07-30,35950
2020-07-31,35250
2020-08-01,-1
2020-08-02,-1
2020-08-03,35250
2020-08-04,35500
2020-08-05,35500
2020-08-06,36550
2020-08-07,36150
2020-08-08,-1
2020-08-09,-1
2020-08-10,37150
2020-08-11,38800
2020-08-12,40350
2020-08-13,41500
2020-08-14,39800
2020-08-15,-1
2020-08-16,-1
2020-08-17,-1
2020-08-18,38150
2020-08-19,38000
2020-08-20,36450
2020-08-21,36750
2020-08-22,-1
2020-08-23,-1
2020-08-24,36950
2020-08-25,37950
2020-08-26,37100
2020-08-27,36950
2020-08-28,38000
2020-08-29,-1
2020-08-30,-1
2020-08-31,36850
2020-09-01,37400
2020-09-02,37700
2020-09-03,37400
2020-09-04,36950
2020-09-05,-1
2020-09-06,-1
2020-09-07,38250
2020-09-08,37800
2020-09-09,37500
2020-09-10,37550
2020-09-11,37150
2020-09-12,-1
2020-09-13,-1
2020-09-14,38300
2020-09-15,38350
2020-09-16,37900
2020-09-17,37950
2020-09-18,37750
2020-09-19,-1
2020-09-20,-1
2020-09-21,37650
2020-09-22,37450
2020-09-23,37550
2020-09-24,37200
2020-09-25,38200
2020-09-26,-1
2020-09-27,-1
2020-09-28,38200
2020-09-29,37550
2020-09-30,-1
2021-04-01,55000
2021-04-02,53900
2021-04-03,-1
2021-04-04,-1
2021-04-05,54600
2021-04-06,53000
2021-04-07,53600
2021-04-08,52800
2021-04-09,52600
2021-04-10,-1
2021-04-11,-1
2021-04-12,53400
2021-04-13,53500
2021-04-14,53200
2021-04-15,54000
2021-04-16,52700
2021-04-17,-1
2021-04-18,-1
2021-04-19,52300
2021-04-20,53100
2021-04-21,52400
2021-04-22,53500
2021-04-23,54300
2021-04-24,-1
2021-04-25,-1
2021-04-26,55000
2021-04-27,55000
2021-04-28,55000
2021-04-29,53900
2021-04-30,54700
2021-05-01,-1
2021-05-02,-1
2021-05-03,53700
2021-05-04,53300
2021-05-05,-1
2021-05-06,57500
2021-05-07,58300
2021-05-08,-1
2021-05-09,-1
2021-05-10,59500
2021-05-11,59700
2021-05-12,58400
2021-05-13,58800
2021-05-14,57600
2021-05-15,-1
2021-05-16,-1
2021-05-17,57900
2021-05-18,58800
2021-05-19,-1
2021-05-20,58000
2021-05-21,56300
2021-05-22,-1
2021-05-23,-1
2021-05-24,56900
2021-05-25,58100
2021-05-26,57200
2021-05-27,55400
2021-05-28,57000
2021-05-29,-1
2021-05-30,-1
2021-05-31,58800
2021-06-01,58800
2021-06-02,58900
2021-06-03,58300
2021-06-04,57600
2021-06-05,-1
2021-06-06,-1
2021-06-07,58000
2021-06-08,57900
2021-06-09,56900
2021-06-10,57200
2021-06-11,57000
2021-06-12,-1
2021-06-13,-1
2021-06-14,56200
2021-06-15,55900
2021-06-16,56900
2021-06-17,56900
2021-06-18,56800
2021-06-19,-1
2021-06-20,-1
2021-06-21,55100
2021-06-22,55800
2021-06-23,55500
2021-06-24,56100
2021-06-25,57300
2021-06-26,-1
2021-06-27,-1
2021-06-28,57200
2021-06-29,56100
2021-06-30,55800
2021-07-01,54700
2021-07-02,54500
2021-07-03,-1
2021-07-04,-1
2021-07-05,54000
2021-07-06,53800
2021-07-07,52800
2021-07-08,52300
2021-07-09,50400
2021-07-10,-1
2021-07-11,-1
2021-07-12,51500
2021-07-13,52200
2021-07-14,51500
2021-07-15,51800
2021-07-16,52500
2021-07-17,-1
2021-07-18,-1
2021-07-19,51100
2021-07-20,50800
2021-07-21,50600
2021-07-22,51800
2021-07-23,52200
2021-07-24,-1
2021-07-25,-1
2021-07-26,51800
2021-07-27,52100
2021-07-28,52500
2021-07-29,52600
2021-07-30,51300
2021-07-31,-1
2021-08-01,-1
2021-08-02,50900
2021-08-03,51600
2021-08-04,52700
2021-08-05,52000
2021-08-06,52200
2021-08-07,-1
2021-08-08,-1
2021-08-09,53000
2021-08-10,52300
2021-08-11,53600
2021-08-12,53400
2021-08-13,53200
2021-08-14,-1
2021-08-15,-1
2021-08-16,-1
2021-08-17,53200
2021-08-18,53000
2021-08-19,51300
2021-08-20,50800
2021-08-21,-1
2021-08-22,-1
2021-08-23,51100
2021-08-24,52500
2021-08-25,53700
2021-08-26,54200
2021-08-27,54700
2021-08-28,-1
2021-08-29,-1
2021-08-30,52500
2021-08-31,52900
2021-09-01,53100
2021-09-02,53100
2021-09-03,52900
2021-09-04,-1
2021-09-05,-1
2021-09-06,51800
2021-09-07,51400
2021-09-08,52500
2021-09-09,51800
2021-09-10,51500
2021-09-11,-1
2021-09-12,-1
2021-09-13,51800
2021-09-14,52300
2021-09-15,52700
2021-09-16,52100
2021-09-17,52100
2021-09-18,-1
2021-09-19,-1
2021-09-20,-1
2021-09-21,-1
2021-09-22,-1
2021-09-23,51500
2021-09-24,53000
2021-09-25,-1
2021-09-26,-1
2021-09-27,52900
2021-09-28,54500
2021-09-29,55200
2021-09-30,55300
2022-04-01,60800
2022-04-02,-1
2022-04-03,-1
2022-04-04,61100
2022-04-05,59500
2022-04-06,59700
2022-04-07,58200
2022-04-08,58200
2022-04-09,-1
2022-04-10,-1
2022-04-11,59600
2022-04-12,59600
2022-04-13,59700
2022-04-14,59800
2022-04-15,59400
2022-04-16,-1
2022-04-17,-1
2022-04-18,59600
2022-04-19,59700
2022-04-20,60000
2022-04-21,60300
2022-04-22,61900
2022-04-23,-1
2022-04-24,-1
2022-04-25,60000
2022-04-26,60000
2022-04-27,57900
2022-04-28,59100
2022-04-29,58500
2022-04-30,-1
2022-05-01,-1
2022-05-02,58300
2022-05-03,58600
2022-05-04,59900
2022-05-05,-1
2022-05-06,59600
2022-05-07,-1
2022-05-08,-1
2022-05-09,58900
2022-05-10,58000
2022-05-11,56900
2022-05-12,57700
2022-05-13,58300
2022-05-14,-1
2022-05-15,-1
2022-05-16,58700
2022-05-17,58000
2022-05-18,58000
2022-05-19,56700
2022-05-20,57800
2022-05-21,-1
2022-05-22,-1
2022-05-23,58300
2022-05-24,59400
2022-05-25,59600
2022-05-26,59200
2022-05-27,59800
2022-05-28,-1
2022-05-29,-1
2022-05-30,60000
2022-05-31,60400
2022-06-01,-1
2022-06-02,58200
2022-06-03,58200
2022-06-04,-1
2022-06-05,-1
2022-06-06,-1
2022-06-07,57400
2022-06-08,57400
2022-06-09,57100
2022-06-10,55400
2022-06-11,-1
2022-06-12,-1
2022-06-13,53800
2022-06-14,54800
2022-06-15,54000
2022-06-16,52800
2022-06-17,52100
2022-06-18,-1
2022-06-19,-1
2022-06-20,51400
2022-06-21,50800
2022-06-22,48650
2022-06-23,47900
2022-06-24,49000
2022-06-25,-1
2022-06-26,-1
2022-06-27,48900
2022-06-28,49400
2022-06-29,48100
2022-06-30,48150
2022-10-01,-1
2022-10-02,-1
2022-10-03,-1
2022-10-04,44700
2022-10-05,46500
2022-10-06,45800
2022-10-07,45900
2022-10-08,-1
2022-10-09,-1
2022-10-10,-1
2022-10-11,44650
2022-10-12,44550
2022-10-13,44700
2022-10-14,46750
2022-10-15,-1
2022-10-16,-1
2022-10-17,45900
2022-10-18,47350
2022-10-19,47900
2022-10-20,46500
2022-10-21,46000
2022-10-22,-1
2022-10-23,-1
2022-10-24,45150
2022-10-25,45750
2022-10-26,45300
2022-10-27,47000
2022-10-28,47800
2022-10-29,-1
2022-10-30,-1
2022-10-31,48050
2022-11-01,47300
2022-11-02,47900
2022-11-03,47500
2022-11-04,47100
2022-11-05,-1
2022-11-06,-1
2022-11-07,47450
2022-11-08,47750
2022-11-09,49100
2022-11-10,49100
2022-11-11,49400
2022-11-12,-1
2022-11-13,-1
2022-11-14,49650
2022-11-15,49600
2022-11-16,50100
2022-11-17,48550
2022-11-18,49000
2022-11-19,-1
2022-11-20,-1
2022-11-21,49700
2022-11-22,49800
2022-11-23,49950
2022-11-24,51000
2022-11-25,50400
2022-11-26,-1
2022-11-27,-1
2022-11-28,49300
2022-11-29,51600
2022-11-30,52500
2022-12-01,53500
2022-12-02,52400
2022-12-03,-1
2022-12-04,-1
2022-12-05,52500
2022-12-06,52100
2022-12-07,50800
2022-12-08,50400
2022-12-09,52600
2022-12-10,-1
2022-12-11,-1
2022-12-12,53300
2022-12-13,53300
2022-12-14,52900
2022-12-15,51600
2022-12-16,51900
2022-12-17,-1
2022-12-18,-1
2022-12-19,52200
2022-12-20,52900
2022-12-21,52300
2022-12-22,52600
2022-12-23,51600
2022-12-24,-1
2022-12-25,-1
2022-12-26,51000
2022-12-27,51500
2022-12-28,49450
2022-12-29,48500
2022-12-30,-1
2022-12-31,-1
2023-07-01,-1
2023-07-02,-1
2023-07-03,48650
2023-07-04,48400
2023-07-05,47750
2023-07-06,46700
2023-07-07,46500
2023-07-08,-1
2023-07-09,-1
2023-07-10,46750
2023-07-11,47250
2023-07-12,47000
2023-07-13,47100
2023-07-14,48750
2023-07-15,-1
2023-07-16,-1
2023-07-17,48650
2023-07-18,48150
2023-07-19,48150
2023-07-20,48200
2023-07-21,48650
2023-07-22,-1
2023-07-23,-1
2023-07-24,47650
2023-07-25,47650
2023-07-26,49600
2023-07-27,51700
2023-07-28,51100
2023-07-29,-1
2023-07-30,-1
2023-07-31,51000
2023-08-01,52800
2023-08-02,52600
2023-08-03,51200
2023-08-04,52000
2023-08-05,-1
2023-08-06,-1
2023-08-07,51200
2023-08-08,51800
2023-08-09,50800
2023-08-10,51400
2023-08-11,51600
2023-08-12,-1
2023-08-13,-1
2023-08-14,51600
2023-08-15,-1
2023-08-16,51000
2023-08-17,51800
2023-08-18,52000
2023-08-19,-1
2023-08-20,-1
2023-08-21,51800
2023-08-22,52200
2023-08-23,52600
2023-08-24,53200
2023-08-25,52500
2023-08-26,-1
2023-08-27,-1
2023-08-28,52600
2023-08-29,52900
2023-08-30,52600
2023-08-31,54100
2023-09-01,53600
2023-09-02,-1
2023-09-03,-1
2023-09-04,54000
2023-09-05,53900
2023-09-06,54300
2023-09-07,54200
2023-09-08,54100
2023-09-09,-1
2023-09-10,-1
2023-09-11,55200
2023-09-12,54800
2023-09-13,55500
2023-09-14,56100
2023-09-15,57300
2023-09-16,-1
2023-09-17,-1
2023-09-18,57200
2023-09-19,56200
2023-09-20,56800
2023-09-21,57300
2023-09-22,57500
2023-09-23,-1
2023-09-24,-1
2023-09-25,57400
2023-09-26,55700
2023-09-27,55300
2023-09-28,-1
2023-09-29,-1
2023-09-30,-1
2023-10-01,-1
2023-10-02,-1
2023-10-03,-1
2023-10-04,54700
2023-10-05,53600
2023-10-06,55800
2023-10-07,-1
2023-10-08,-1
2023-10-09,-1
2023-10-10,56600
2023-10-11,55600
2023-10-12,56500
2023-10-13,56600
2023-10-14,-1
2023-10-15,-1
2023-10-16,56600
2023-10-17,56400
2023-10-18,57700
2023-10-19,57200
2023-10-20,56800
2023-10-21,-1
2023-10-22,-1
2023-10-23,55200
2023-10-24,55600
2023-10-25,54400
2023-10-26,53300
2023-10-27,52500
2023-10-28,-1
2023-10-29,-1
2023-10-30,51100
2023-10-31,51500
2023-11-01,51300
2023-11-02,51000
2023-11-03,52600
2023-11-04,-1
2023-11-05,-1
2023-11-06,55700
2023-11-07,52300
2023-11-08,52100
2023-11-09,53400
2023-11-10,53500
2023-11-11,-1
2023-11-12,-1
2023-11-13,52900
2023-11-14,53500
2023-11-15,54600
2023-11-16,54300
2023-11-17,54600
2023-11-18,-1
2023-11-19,-1
2023-11-20,53900
2023-11-21,54100
2023-11-22,54500
2023-11-23,54300
2023-11-24,53700
2023-11-25,-1
2023-11-26,-1
2023-11-27,52400
2023-11-28,52400
2023-11-29,51700
2023-11-30,52400
2023-12-01,51900
2023-12-02,-1
2023-12-03,-1
2023-12-04,51500
2023-12-05,51500
2023-12-06,52000
2023-12-07,51400
2023-12-08,51800
2023-12-09,-1
2023-12-10,-1
2023-12-11,51600
2023-12-12,52100
2023-12-13,51500
2023-12-14,51900
2023-12-15,53200
2023-12-16,-1
2023-12-17,-1
2023-12-18,52500
2023-12-19,52000
2023-12-20,53200
2023-12-21,53100
2023-12-22,52500
2023-12-23,-1
2023-12-24,-1
2023-12-25,-1
2023-12-26,52500
2023-12-27,52300
2023-12-28,54100
2023-12-29,-1
2023-12-30,-1
2023-12-31,-1
2024-01-01,-1
2024-01-02,53600
2024-01-03,52600
2024-01-04,51700
2024-01-05,51300
2024-01-06,-1
2024-01-07,-1
2024-01-08,52200
2024-01-09,52400
2024-01-10,51300
2024-01-11,51000
2024-01-12,51000
2024-01-13,-1
2024-01-14,-1
2024-01-15,51600
2024-01-16,51100
2024-01-17,49800
2024-01-18,49400
2024-01-19,49500
2024-01-20,-1
2024-01-21,-1
2024-01-22,49300
2024-01-23,51400
2024-01-24,52100
2024-01-25,52900
2024-01-26,53800
2024-01-27,-1
2024-01-28,-1
2024-01-29,55600
2024-01-30,55900
2024-01-31,56600
2024-02-01,61300
2024-02-02,66300
2024-02-03,-1
2024-02-04,-1
2024-02-05,62700
2024-02-06,63100
2024-02-07,64700
2024-02-08,67600
2024-02-09,-1
2024-02-10,-1
2024-02-11,-1
2024-02-12,-1
2024-02-13,69700
2024-02-14,67300
2024-02-15,65100
2024-02-16,67700
2024-02-17,-1
2024-02-18,-1
2024-02-19,68800
2024-02-20,67900
2024-02-21,65100
2024-02-22,64900
2024-02-23,65800
2024-02-24,-1
2024-02-25,-1
2024-02-26,62500
2024-02-27,62400
2024-02-28,62300
2024-02-29,63500
2024-03-01,-1
2024-03-02,-1
2024-03-03,-1
2024-03-04,69000
2024-03-05,69500
2024-03-06,69800
2024-03-07,71200
2024-03-08,70900
2024-03-09,-1
2024-03-10,-1
2024-03-11,70700
2024-03-12,73200
2024-03-13,77500
2024-03-14,78600
2024-03-15,76200
2024-03-16,-1
2024-03-17,-1
2024-03-18,74400
2024-03-19,72500
2024-03-20,73800
2024-03-21,76100
2024-03-22,74900
2024-03-23,-1
2024-03-24,-1
2024-03-25,72000
2024-03-26,71800
2024-03-27,69000
2024-03-28,70300
2024-03-29,69500
2024-03-30,-1
2024-03-31,-1
2024-04-01,68400
2024-04-02,68900
2024-04-03,67300
2024-04-04,69500
2024-04-05,69100
2024-04-06,-1
2024-04-07,-1
2024-04-08,69300
2024-04-09,69100
2024-04-10,-1
2024-04-11,68300
2024-04-12,66300
2024-04-13,-1
2024-04-14,-1
2024-04-15,66200
2024-04-16,64400
2024-04-17,63100
2024-04-18,64000
2024-04-19,63700
2024-04-20,-1
2024-04-21,-1
2024-04-22,69500
2024-04-23,70200
2024-04-24,68900
2024-04-25,69300
2024-04-26,76000
2024-04-27,-1
2024-04-28,-1
2024-04-29,76600
2024-04-30,75600
2024-05-01,-1
2024-05-02,72300
2024-05-03,73700
2024-05-04,-1
2024-05-05,-1
2024-05-06,-1
2024-05-07,73900
2024-05-08,77700
2024-05-09,76600
2024-05-10,79300
2024-05-11,-1
2024-05-12,-1
2024-05-13,81600
2024-05-14,79600
2024-05-15,-1
2024-05-16,81000
2024-05-17,80100
2024-05-18,-1
2024-05-19,-1
2024-05-20,81600
2024-05-21,81600
2024-05-22,79100
2024-05-23,77300
2024-05-24,76900
2024-05-25,-1
2024-05-26,-1
2024-05-27,76300
2024-05-28,77100
2024-05-29,78100
2024-05-30,78700
2024-05-31,79400
2024-06-01,-1
2024-06-02,-1
2024-06-03,79300
2024-06-04,77600
2024-06-05,77400
2024-06-06,-1
2024-06-07,79600
2024-06-08,-1
2024-06-09,-1
2024-06-10,78400
2024-06-11,78400
2024-06-12,79100
2024-06-13,81000
2024-06-14,80900
2024-06-15,-1
2024-06-16,-1
2024-06-17,78300
2024-06-18,77400
2024-06-19,78900
2024-06-20,80800
2024-06-21,78600
2024-06-22,-1
2024-06-23,-1
2024-06-24,80000
2024-06-25,79000
2024-06-26,78900
2024-06-27,78500
2024-06-28,78500
2024-06-29,-1
2024-06-30,-1
2024-07-01,79600
2024-07-02,83200
2024-07-03,84400
2024-07-04,85900
2024-07-05,88200
2024-07-06,-1
2024-07-07,-1
2024-07-08,86900
2024-07-09,85200
2024-07-10,83600
2024-07-11,85400
2024-07-12,87000
2024-07-13,-1
2024-07-14,-1
2024-07-15,85700
2024-07-16,84100
2024-07-17,84100
2024-07-18,84400
2024-07-19,84800
2024-07-20,-1
2024-07-21,-1
2024-07-22,86500
2024-07-23,88300
2024-07-24,84600
2024-07-25,84000
2024-07-26,87900
2024-07-27,-1
2024-07-28,-1
2024-07-29,90800
2024-07-30,89300
2024-07-31,87900
2024-08-01,88300
2024-08-02,83200
2024-08-03,-1
2024-08-04,-1
2024-08-05,76800
2024-08-06,79500
2024-08-07,81600
2024-08-08,82200
2024-08-09,81900
2024-08-10,-1
2024-08-11,-1
2024-08-12,82500
2024-08-13,84600
2024-08-14,84400
2024-08-15,-1
2024-08-16,84000
2024-08-17,-1
2024-08-18,-1
2024-08-19,87000
2024-08-20,89900
2024-08-21,87200
2024-08-22,86500
2024-08-23,86800
2024-08-24,-1
2024-08-25,-1
2024-08-26,88500
2024-08-27,87800
2024-08-28,85800
2024-08-29,86900
2024-08-30,85900
2024-08-31,-1
2024-09-01,-1
2024-09-02,87700
2024-09-03,87000
2024-09-04,83600
2024-09-05,84600
2024-09-06,83300
2024-09-07,-1
2024-09-08,-1
2024-09-09,82300
2024-09-10,82900
2024-09-11,77900
2024-09-12,78100
2024-09-13,81800
2024-09-14,-1
2024-09-15,-1
2024-09-16,-1
2024-09-17,-1
2024-09-18,-1
2024-09-19,82500
2024-09-20,83600
2024-09-21,-1
2024-09-22,-1
2024-09-23,85000
2024-09-24,82000
2024-09-25,78100
2024-09-26,81200
2024-09-27,83800
2024-09-28,-1
2024-09-29,-1
2024-09-30,80900
2024-10-01,-1
2024-10-02,81300
2024-10-03,-1
2024-10-04,82600
2024-10-05,-1
2024-10-06,-1
2024-10-07,87300
2024-10-08,89400
2024-10-09,-1
2024-10-10,89900
2024-10-11,91300
2024-10-12,-1
2024-10-13,-1
2024-10-14,97200
2024-10-15,95600
2024-10-16,95400
2024-10-17,93700
2024-10-18,94400
2024-10-19,-1
2024-10-20,-1
2024-10-21,93500
2024-10-22,94100
2024-10-23,94300
2024-10-24,93200
2024-10-25,101000
2024-10-26,-1
2024-10-27,-1
2024-10-28,96200
2024-10-29,95500
2024-10-30,93900
2024-10-31,90300
2024-11-01,91800
2024-11-02,-1
2024-11-03,-1
2024-11-04,90700
2024-11-05,91000
2024-11-06,94000
2024-11-07,94100
2024-11-08,93200
2024-11-09,-1
2024-11-10,-1
2024-11-11,92700
2024-11-12,92700
2024-11-13,91000
2024-11-14,89900
2024-11-15,89600
2024-11-16,-1
2024-11-17,-1
2024-11-18,91500
2024-11-19,91600
2024-11-20,95600
2024-11-21,97300
2024-11-22,98400
2024-11-23,-1
2024-11-24,-1
2024-11-25,98000
2024-11-26,96000
2024-11-27,98700
2024-11-28,98000
2024-11-29,96200
2024-11-30,-1
2024-12-01,-1
2024-12-02,96400
2024-12-03,101200
2024-12-04,95400
2024-12-05,85800
2024-12-06,85300
2024-12-07,-1
2024-12-08,-1
2024-12-09,82800
2024-12-10,83300
2024-12-11,85400
2024-12-12,87000
2024-12-13,85000
2024-12-14,-1
2024-12-15,-1
2024-12-16,84600
2024-12-17,84400
2024-12-18,87200
2024-12-19,86900
2024-12-20,85800
2024-12-21,-1
2024-12-22,-1
2024-12-23,87000
2024-12-24,86500
2024-12-25,-1
2024-12-26,85500
2024-12-27,85000
2024-12-28,-1
2024-12-29,-1
2024-12-30,82900
2024-12-31,-1
2025-04-01,79600
2025-04-02,80500
2025-04-03,77100
2025-04-04,77700
2025-04-05,-1
2025-04-06,-1
2025-04-07,72300
2025-04-08,70500
2025-04-09,70900
2025-04-10,75900
2025-04-11,75200
2025-04-12,-1
2025-04-13,-1
2025-04-14,76100
2025-04-15,78000
2025-04-16,80000
2025-04-17,80300
2025-04-18,82400
2025-04-19,-1
2025-04-20,-1
2025-04-21,82800
2025-04-22,83400
2025-04-23,85000
2025-04-24,84600
2025-04-25,86900
2025-04-26,-1
2025-04-27,-1
2025-04-28,86600
2025-04-29,87800
2025-04-30,90200
2025-05-01,-1
2025-05-02,93200
2025-05-03,-1
2025-05-04,-1
2025-05-05,-1
2025-05-06,-1
2025-05-07,93600
2025-05-08,94500
2025-05-09,92000
2025-05-10,-1
2025-05-11,-1
2025-05-12,92200
2025-05-13,92600
2025-05-14,93400
2025-05-15,93600
2025-05-16,93600
2025-05-17,-1
2025-05-18,-1
2025-05-19,95000
2025-05-20,96300
2025-05-21,98000
2025-05-22,96700
2025-05-23,99000
2025-05-24,-1
2025-05-25,-1
2025-05-26,102000
2025-05-27,101900
2025-05-28,101000
2025-05-29,102700
2025-05-30,104300
2025-05-31,-1
2025-06-01,-1
2025-06-02,100000
2025-06-03,-1
2025-06-04,107900
2025-06-05,106300
2025-06-06,-1
2025-06-07,-1
2025-06-08,-1
2025-06-09,110700
2025-06-10,110900
2025-06-11,107200
2025-06-12,105900
2025-06-13,106000
2025-06-14,-1
2025-06-15,-1
2025-06-16,107800
2025-06-17,107100
2025-06-18,107000
2025-06-19,106700
2025-06-20,106500
2025-06-21,-1
2025-06-22,-1
2025-06-23,107600
2025-06-24,112300
2025-06-25,109500
2025-06-26,109900
2025-06-27,110600
2025-06-28,-1
2025-06-29,-1
2025-06-30,110900
2025-07-01,110800
2025-07-02,113500
2025-07-03,116900
2025-07-04,112100
2025-07-05,-1
2025-07-06,-1
2025-07-07,114400
2025-07-08,122000
2025-07-09,118400
2025-07-10,116800
2025-07-11,117300
2025-07-12,-1
2025-07-13,-1
2025-07-14,118500
2025-07-15,119600
2025-07-16,113600
2025-07-17,114800
2025-07-18,113400
2025-07-19,-1
2025-07-20,-1
2025-07-21,115000
2025-07-22,114600
2025-07-23,115300
2025-07-24,117200
2025-07-25,118800
2025-07-26,-1
2025-07-27,-1
2025-07-28,110500
2025-07-29,111300
2025-07-30,112800
2025-07-31,110900
2025-08-01,106000
2025-08-02,-1
2025-08-03,-1
2025-08-04,108400
2025-08-05,112400
2025-08-06,115600
2025-08-07,115000
2025-08-08,113500
2025-08-09,-1
2025-08-10,-1
2025-08-11,112700
2025-08-12,114100
2025-08-13,114600
2025-08-14,113200
2025-08-15,-1
2025-08-16,-1
2025-08-17,-1
2025-08-18,107200
2025-08-19,109400
2025-08-20,109500
2025-08-21,109700
2025-08-22,108400
2025-08-23,-1
2025-08-24,-1
2025-08-25,110300
2025-08-26,108300
2025-08-27,108500
2025-08-28,109100
2025-08-29,108200
2025-08-30,-1
2025-08-31,-1
2025-09-01,107100
2025-09-02,108800
2025-09-03,110200
2025-09-04,108500
2025-09-05,108600
2025-09-06,-1
2025-09-07,-1
2025-09-08,106700
2025-09-09,109900
2025-09-10,117600
2025-09-11,117600
2025-09-12,119300
2025-09-13,-1
2025-09-14,-1
2025-09-15,119600
2025-09-16,117800
2025-09-17,118300
2025-09-18,117400
2025-09-19,116500
2025-09-20,-1
2025-09-21,-1
2025-09-22,116900
2025-09-23,115400
2025-09-24,115300
2025-09-25,114300
2025-09-26,112700
2025-09-27,-1
2025-09-28,-1
2025-09-29,115700
2025-09-30,115500
2026-01-01,-1
2026-01-02,123300
2026-01-03,-1
2026-01-04,-1
2026-01-05,126800
2026-01-06,126400
2026-01-07,124700
2026-01-08,123500
2026-01-09,126600
2026-01-10,-1
2026-01-11,-1
2026-01-12,125500
2026-01-13,128500
2026-01-14,128900
2026-01-15,130100
2026-01-16,130900
2026-01-17,-1
2026-01-18,-1
2026-01-19,129500
2026-01-20,133100
2026-01-21,136800
2026-01-22,134700
2026-01-23,135600
2026-01-24,-1
2026-01-25,-1
2026-01-26,135500
2026-01-27,143000
2026-01-28,137900
2026-01-29,137800
2026-01-30,135200
2026-01-31,-1
2026-02-01,-1
2026-02-02,133700
2026-02-03,138800
2026-02-04,142100
2026-02-05,139500
2026-02-06,149300
2026-02-07,-1
2026-02-08,-1
2026-02-09,151400
2026-02-10,155500
2026-02-11,164500
2026-02-12,168500
2026-02-13,167900
2026-02-14,-1
2026-02-15,-1
2026-02-16,-1
2026-02-17,-1
2026-02-18,-1
2026-02-19,166500
2026-02-20,168800
2026-02-21,-1
2026-02-22,-1
2026-02-23,168700
2026-02-24,166700
2026-02-25,167700
2026-02-26,165300
2026-02-27,159000
2026-02-28,-1
2026-03-01,-1
2026-03-02,-1
2026-03-03,153500
2026-03-04,137700
2026-03-05,149000
2026-03-06,147400
2026-03-07,-1
2026-03-08,-1
2026-03-09,142600
2026-03-10,147400
2026-03-11,151300
2026-03-12,149200
2026-03-13,148900
2026-03-14,-1
2026-03-15,-1
2026-03-16,149300
2026-03-17,150700
2026-03-18,154700
2026-03-19,155700
2026-03-20,155200
2026-03-21,-1
2026-03-22,-1
2026-03-23,145300
2026-03-24,146900
2026-03-25,149400
2026-03-26,152200
2026-03-27,152200
2026-03-28,-1
2026-03-29,-1
2026-03-30,145900
2026-03-31,141900
2026-04-01,148300
2026-04-02,146500
2026-04-03,145500
2026-04-04,-1
2026-04-05,-1
2026-04-06,147900
2026-04-07,146700
2026-04-08,156000
2026-04-09,154200
2026-04-10,158300
2026-04-11,-1
2026-04-12,-1
2026-04-13,156600
2026-04-14,155900
2026-04-15,158200
2026-04-16,162300
2026-04-17,162300
2026-04-18,-1
2026-04-19,-1
2026-04-20,160900
2026-04-21,160400
2026-04-22,157400
2026-04-23,158000
2026-04-24,157400
2026-04-25,-1
2026-04-26,-1
2026-04-27,157400
2026-04-28,158800
2026-04-29,160600
2026-04-30,160500
2026-05-01,-1
2026-05-02,-1
2026-05-03,-1
2026-05-04,157800
2026-05-05,-1
2026-05-06,158900
2026-05-07,161200
2026-05-08,161700
2026-05-09,-1
2026-05-10,-1
2026-05-11,158800
2026-05-12,153600
2026-05-13,152000
2026-05-14,156000
2026-05-15,155600
2026-05-16,-1
2026-05-17,-1
2026-05-18,153000
2026-05-19,152800
2026-05-20,151700
2026-05-21,155800
2026-05-22,160000
2026-05-23,-1
2026-05-24,-1
2026-05-25,-1
2026-05-26,157300
2026-05-27,153800
2026-05-28,149700
2026-05-29,150600
2026-05-30,-1
2026-05-31,-1
2026-06-01,152100
2026-06-02,156600
2026-06-03,-1
2026-06-04,164200
2026-06-05,171600
2026-06-06,-1
2026-06-07,-1
2026-06-08,151500
2026-06-09,154800
2026-06-10,154000
2026-06-11,151500
2026-06-12,161200
2026-06-13,-1
2026-06-14,-1
2026-06-15,169600
2026-06-16,172000
2026-06-17,164000
2026-06-18,163100
2026-06-19,158300
2026-06-20,-1
2026-06-21,-1
2026-06-22,157000
2026-06-23,153700
2026-06-24,151800
2026-06-25,151900
2026-06-26,149300
2026-06-27,-1
2026-06-28,-1
2026-06-29,153700
2026-06-30,159000
