Date,Close
1995-05-02,-1
1995-05-03,-1
1995-05-04,-1
1995-05-05,-1
1995-05-06,-1
1995-05-07,-1
1995-05-08,-1
1995-05-09,-1
1995-05-10,-1
1995-05-11,-1
1995-05-12,-1
1995-05-13,-1
1995-05-14,-1
1995-05-15,-1
1995-05-16,-1
1995-05-17,-1
1995-05-18,-1
1995-05-19,-1
1995-05-20,-1
1995-05-21,-1
1995-05-22,-1
1995-05-23,-1
1995-05-24,-1
1995-05-25,-1
1995-05-26,-1
1995-05-27,-1
1995-05-28,-1
1995-05-29,-1
1995-05-30,-1
1995-05-31,-1
1995-06-01,-1
1995-06-02,-1
1995-06-03,-1
1995-06-04,-1
1995-06-05,-1
1995-06-06,-1
1995-06-07,-1
1995-06-08,-1
1995-06-09,-1
1995-06-10,-1
1995-06-11,-1
1995-06-12,-1
1995-06-13,-1
1995-06-14,-1
1995-06-15,-1
1995-06-16,-1
1995-06-17,-1
1995-06-18,-1
1995-06-19,-1
1995-06-20,-1
1995-06-21,-1
1995-06-22,-1
1995-06-23,-1
1995-06-24,-1
1995-06-25,-1
1995-06-26,-1
1995-06-27,-1
1995-06-28,-1
1995-06-29,-1
1995-06-30,-1
1995-07-01,-1
1995-07-02,-1
1995-07-03,-1
1995-07-04,-1
1995-07-05,-1
1995-07-06,-1
1995-07-07,-1
1995-07-08,-1
1995-07-09,-1
1995-07-10,-1
1995-07-11,-1
1995-07-12,-1
1995-07-13,-1
1995-07-14,-1
1995-07-15,-1
1995-07-16,-1
1995-07-17,-1
1995-07-18,-1
1995-07-19,-1
1995-07-20,-1
1995-07-21,-1
1995-07-22,-1
1995-07-23,-1
1995-07-24,-1
1995-07-25,-1
1995-07-26,-1
1995-07-27,-1
1995-07-28,-1
1995-07-29,-1
1995-07-30,-1
1995-07-31,-1
1995-08-01,-1
1995-08-02,-1
1995-08-03,-1
1995-08-04,-1
1995-08-05,-1
1995-08-06,-1
1995-08-07,-1
1995-08-08,-1
1995-08-09,-1
1995-08-10,-1
1995-08-11,-1
1995-08-12,-1
1995-08-13,-1
1995-08-14,-1
1995-08-15,-1
1995-08-16,-1
1995-08-17,-1
1995-08-18,-1
1995-08-19,-1
1995-08-20,-1
1995-08-21,-1
1995-08-22,-1
1995-08-23,-1
1995-08-24,-1
1995-08-25,-1
1995-08-26,-1
1995-08-27,-1
1995-08-28,-1
1995-08-29,-1
1995-08-30,-1
1995-08-31,-1
1995-09-01,-1
1995-09-02,-1
1995-09-03,-1
1995-09-04,-1
1995-09-05,-1
1995-09-06,-1
1995-09-07,-1
1995-09-08,-1
1995-09-09,-1
1995-09-10,-1
1995-09-11,-1
1995-09-12,-1
1995-09-13,-1
1995-09-14,-1
1995-09-15,-1
1995-09-16,-1
1995-09-17,-1
1995-09-18,-1
1995-09-19,-1
1995-09-20,-1
1995-09-21,-1
1995-09-22,-1
1995-09-23,-1
1995-09-24,-1
1995-09-25,-1
1995-09-26,-1
1995-09-27,-1
1995-09-28,-1
1995-09-29,-1
1995-09-30,-1
1995-10-01,-1
1995-10-02,-1
1995-10-03,-1
1995-10-04,-1
1995-10-05,-1
1995-10-06,-1
1995-10-07,-1
1995-10-08,-1
1995-10-09,-1
1995-10-10,-1
1995-10-11,-1
1995-10-12,-1
1995-10-13,-1
1995-10-14,-1
1995-10-15,-1
1995-10-16,-1
1995-10-17,-1
1995-10-18,-1
1995-10-19,-1
1995-10-20,-1
1995-10-21,-1
1995-10-22,-1
1995-10-23,-1
1995-10-24,-1
1995-10-25,-1
1995-10-26,-1
1995-10-27,-1
1995-10-28,-1
1995-10-29,-1
1995-10-30,-1
1995-10-31,-1
1995-11-01,-1
1995-11-02,-1
1995-11-03,-1
1995-11-04,-1
1995-11-05,-1
1995-11-06,-1
1995-11-07,-1
1995-11-08,-1
1995-11-09,-1
1995-11-10,-1
1995-11-11,-1
1995-11-12,-1
1995-11-13,-1
1995-11-14,-1
1995-11-15,-1
1995-11-16,-1
1995-11-17,-1
1995-11-18,-1
1995-11-19,-1
1995-11-20,-1
1995-11-21,-1
1995-11-22,-1
1995-11-23,-1
1995-11-24,-1
1995-11-25,-1
1995-11-26,-1
1995-11-27,-1
1995-11-28,-1
1995-11-29,-1
1995-11-30,-1
1995-12-01,-1
1995-12-02,-1
1995-12-03,-1
1995-12-04,-1
1995-12-05,-1
1995-12-06,-1
1995-12-07,-1
1995-12-08,-1
1995-12-09,-1
1995-12-10,-1
1995-12-11,-1
1995-12-12,-1
1995-12-13,-1
1995-12-14,-1
1995-12-15,-1
1995-12-16,-1
1995-12-17,-1
1995-12-18,-1
1995-12-19,-1
1995-12-20,-1
1995-12-21,-1
1995-12-22,-1
1995-12-23,-1
1995-12-24,-1
1995-12-25,-1
1995-12-26,-1
1995-12-27,-1
1995-12-28,-1
1995-12-29,-1
1995-12-30,-1
1995-12-31,-1
1996-01-01,-1
1996-01-02,-1
1996-01-03,-1
1996-01-04,-1
1996-01-05,-1
1996-01-06,-1
1996-01-07,-1
1996-01-08,-1
1996-01-09,-1
1996-01-10,-1
1996-01-11,-1
1996-01-12,-1
1996-01-13,-1
1996-01-14,-1
1996-01-15,-1
1996-01-16,-1
1996-01-17,-1
1996-01-18,-1
1996-01-19,-1
1996-01-20,-1
1996-01-21,-1
1996-01-22,-1
1996-01-23,-1
1996-01-24,-1
1996-01-25,-1
1996-01-26,-1
1996-01-27,-1
1996-01-28,-1
1996-01-29,-1
1996-01-30,-1
1996-01-31,-1
1996-02-01,-1
1996-02-02,-1
1996-02-03,-1
1996-02-04,-1
1996-02-05,-1
1996-02-06,-1
1996-02-07,-1
1996-02-08,-1
1996-02-09,-1
1996-02-10,-1
1996-02-11,-1
1996-02-12,-1
1996-02-13,-1
1996-02-14,-1
1996-02-15,-1
1996-02-16,-1
1996-02-17,-1
1996-02-18,-1
1996-02-19,-1
1996-02-20,-1
1996-02-21,-1
1996-02-22,-1
1996-02-23,-1
1996-02-24,-1
1996-02-25,-1
1996-02-26,-1
1996-02-27,-1
1996-02-28,-1
1996-02-29,-1
1996-03-01,-1
1996-03-02,-1
1996-03-03,-1
1996-03-04,-1
1996-03-05,-1
1996-03-06,-1
1996-03-07,-1
1996-03-08,-1
1996-03-09,-1
1996-03-10,-1
1996-03-11,-1
1996-03-12,-1
1996-03-13,-1
1996-03-14,-1
1996-03-15,-1
1996-03-16,-1
1996-03-17,-1
1996-03-18,-1
1996-03-19,-1
1996-03-20,-1
1996-03-21,-1
1996-03-22,-1
1996-03-23,-1
1996-03-24,-1
1996-03-25,-1
1996-03-26,-1
1996-03-27,-1
1996-03-28,-1
1996-03-29,-1
1996-03-30,-1
1996-03-31,-1
1996-04-01,-1
1996-04-02,-1
1996-04-03,-1
1996-04-04,-1
1996-04-05,-1
1996-04-06,-1
1996-04-07,-1
1996-04-08,-1
1996-04-09,-1
1996-04-10,-1
1996-04-11,-1
1996-04-12,-1
1996-04-13,-1
1996-04-14,-1
1996-04-15,-1
1996-04-16,-1
1996-04-17,-1
1996-04-18,-1
1996-04-19,-1
1996-04-20,-1
1996-04-21,-1
1996-04-22,-1
1996-04-23,-1
1996-04-24,-1
1996-04-25,-1
1996-04-26,-1
1996-04-27,-1
1996-04-28,-1
1996-04-29,-1
1996-04-30,-1
1996-05-01,-1
1996-05-02,-1
1996-05-03,-1
1996-05-04,-1
1996-05-05,-1
1996-05-06,-1
1996-05-07,-1
1996-05-08,-1
1996-05-09,-1
1996-05-10,-1
1996-05-11,-1
1996-05-12,-1
1996-05-13,-1
1996-05-14,-1
1996-05-15,-1
1996-05-16,-1
1996-05-17,-1
1996-05-18,-1
1996-05-19,-1
1996-05-20,-1
1996-05-21,-1
1996-05-22,-1
1996-05-23,-1
1996-05-24,-1
1996-05-25,-1
1996-05-26,-1
1996-05-27,-1
1996-05-28,-1
1996-05-29,-1
1996-05-30,-1
1996-05-31,-1
1996-06-01,-1
1996-06-02,-1
1996-06-03,-1
1996-06-04,-1
1996-06-05,-1
1996-06-06,-1
1996-06-07,-1
1996-06-08,-1
1996-06-09,-1
1996-06-10,-1
1996-06-11,-1
1996-06-12,-1
1996-06-13,-1
1996-06-14,-1
1996-06-15,-1
1996-06-16,-1
1996-06-17,-1
1996-06-18,-1
1996-06-19,-1
1996-06-20,-1
1996-06-21,-1
1996-06-22,-1
1996-06-23,-1
1996-06-24,-1
1996-06-25,-1
1996-06-26,-1
1996-06-27,-1
1996-06-28,-1
1996-06-29,-1
1996-06-30,-1
1996-07-01,-1
1996-07-02,-1
1996-07-03,-1
1996-07-04,-1
1996-07-05,-1
1996-07-06,-1
1996-07-07,-1
1996-07-08,-1
1996-07-09,-1
1996-07-10,-1
1996-07-11,-1
1996-07-12,-1
1996-07-13,-1
1996-07-14,-1
1996-07-15,-1
1996-07-16,-1
1996-07-17,-1
1996-07-18,-1
1996-07-19,-1
1996-07-20,-1
1996-07-21,-1
1996-07-22,-1
1996-07-23,-1
1996-07-24,-1
1996-07-25,-1
1996-07-26,-1
1996-07-27,-1
1996-07-28,-1
1996-07-29,-1
1996-07-30,-1
1996-07-31,-1
1996-08-01,-1
1996-08-02,-1
1996-08-03,-1
1996-08-04,-1
1996-08-05,-1
1996-08-06,-1
1996-08-07,-1
1996-08-08,-1
1996-08-09,-1
1996-08-10,-1
1996-08-11,-1
1996-08-12,-1
1996-08-13,-1
1996-08-14,-1
1996-08-15,-1
1996-08-16,-1
1996-08-17,-1
1996-08-18,-1
1996-08-19,-1
1996-08-20,-1
1996-08-21,-1
1996-08-22,-1
1996-08-23,-1
1996-08-24,-1
1996-08-25,-1
1996-08-26,-1
1996-08-27,-1
1996-08-28,-1
1996-08-29,-1
1996-08-30,-1
1996-08-31,-1
1996-09-01,-1
1996-09-02,-1
1996-09-03,-1
1996-09-04,-1
1996-09-05,-1
1996-09-06,-1
1996-09-07,-1
1996-09-08,-1
1996-09-09,-1
1996-09-10,-1
1996-09-11,-1
1996-09-12,-1
1996-09-13,-1
1996-09-14,-1
1996-09-15,-1
1996-09-16,-1
1996-09-17,-1
1996-09-18,-1
1996-09-19,-1
1996-09-20,-1
1996-09-21,-1
1996-09-22,-1
1996-09-23,-1
1996-09-24,-1
1996-09-25,-1
1996-09-26,-1
1996-09-27,-1
1996-09-28,-1
1996-09-29,-1
1996-09-30,-1
1997-01-01,-1
1997-01-02,-1
1997-01-03,-1
1997-01-04,-1
1997-01-05,-1
1997-01-06,-1
1997-01-07,-1
1997-01-08,-1
1997-01-09,-1
1997-01-10,-1
1997-01-11,-1
1997-01-12,-1
1997-01-13,-1
1997-01-14,-1
1997-01-15,-1
1997-01-16,-1
1997-01-17,-1
1997-01-18,-1
1997-01-19,-1
1997-01-20,-1
1997-01-21,-1
1997-01-22,-1
1997-01-23,-1
1997-01-24,-1
1997-01-25,-1
1997-01-26,-1
1997-01-27,-1
1997-01-28,-1
1997-01-29,-1
1997-01-30,-1
1997-01-31,-1
1997-02-01,-1
1997-02-02,-1
1997-02-03,-1
1997-02-04,-1
1997-02-05,-1
1997-02-06,-1
1997-02-07,-1
1997-02-08,-1
1997-02-09,-1
1997-02-10,-1
1997-02-11,-1
1997-02-12,-1
1997-02-13,-1
1997-02-14,-1
1997-02-15,-1
1997-02-16,-1
1997-02-17,-1
1997-02-18,-1
1997-02-19,-1
1997-02-20,-1
1997-02-21,-1
1997-02-22,-1
1997-02-23,-1
1997-02-24,-1
1997-02-25,-1
1997-02-26,-1
1997-02-27,-1
1997-02-28,-1
1997-03-01,-1
1997-03-02,-1
1997-03-03,-1
1997-03-04,-1
1997-03-05,-1
1997-03-06,-1
1997-03-07,-1
1997-03-08,-1
1997-03-09,-1
1997-03-10,-1
1997-03-11,-1
1997-03-12,-1
1997-03-13,-1
1997-03-14,-1
1997-03-15,-1
1997-03-16,-1
1997-03-17,-1
1997-03-18,-1
1997-03-19,-1
1997-03-20,-1
1997-03-21,-1
1997-03-22,-1
1997-03-23,-1
1997-03-24,-1
1997-03-25,-1
1997-03-26,-1
1997-03-27,-1
1997-03-28,-1
1997-03-29,-1
1997-03-30,-1
1997-03-31,-1
1997-10-01,-1
1997-10-02,-1
1997-10-03,-1
1997-10-04,-1
1997-10-05,-1
1997-10-06,-1
1997-10-07,-1
1997-10-08,-1
1997-10-09,-1
1997-10-10,-1
1997-10-11,-1
1997-10-12,-1
1997-10-13,-1
1997-10-14,-1
1997-10-15,-1
1997-10-16,-1
1997-10-17,-1
1997-10-18,-1
1997-10-19,-1
1997-10-20,-1
1997-10-21,-1
1997-10-22,-1
1997-10-23,-1
1997-10-24,-1
1997-10-25,-1
1997-10-26,-1
1997-10-27,-1
1997-10-28,-1
1997-10-29,-1
1997-10-30,-1
1997-10-31,-1
1997-11-01,-1
1997-11-02,-1
1997-11-03,-1
1997-11-04,-1
1997-11-05,-1
1997-11-06,-1
1997-11-07,-1
1997-11-08,-1
1997-11-09,-1
1997-11-10,-1
1997-11-11,-1
1997-11-12,-1
1997-11-13,-1
1997-11-14,-1
1997-11-15,-1
1997-11-16,-1
1997-11-17,-1
1997-11-18,-1
1997-11-19,-1
1997-11-20,-1
1997-11-21,-1
1997-11-22,-1
1997-11-23,-1
1997-11-24,-1
1997-11-25,-1
1997-11-26,-1
1997-11-27,-1
1997-11-28,-1
1997-11-29,-1
1997-11-30,-1
1997-12-01,-1
1997-12-02,-1
1997-12-03,-1
1997-12-04,-1
1997-12-05,-1
1997-12-06,-1
1997-12-07,-1
1997-12-08,-1
1997-12-09,-1
1997-12-10,-1
1997-12-11,-1
1997-12-12,-1
1997-12-13,-1
1997-12-14,-1
1997-12-15,-1
1997-12-16,-1
1997-12-17,-1
1997-12-18,-1
1997-12-19,-1
1997-12-20,-1
1997-12-21,-1
1997-12-22,-1
1997-12-23,-1
1997-12-24,-1
1997-12-25,-1
1997-12-26,-1
1997-12-27,-1
1997-12-28,-1
1997-12-29,-1
1997-12-30,-1
1997-12-31,-1
1999-07-01,-1
1999-07-02,-1
1999-07-03,-1
1999-07-04,-1
1999-07-05,-1
1999-07-06,-1
1999-07-07,-1
1999-07-08,-1
1999-07-09,-1
1999-07-10,-1
1999-07-11,-1
1999-07-12,-1
1999-07-13,-1
1999-07-14,-1
1999-07-15,-1
1999-07-16,-1
1999-07-17,-1
1999-07-18,-1
1999-07-19,-1
1999-07-20,-1
1999-07-21,-1
1999-07-22,-1
1999-07-23,-1
1999-07-24,-1
1999-07-25,-1
1999-07-26,-1
1999-07-27,-1
1999-07-28,-1
1999-07-29,-1
1999-07-30,-1
1999-07-31,-1
1999-08-01,-1
1999-08-02,-1
1999-08-03,-1
1999-08-04,-1
1999-08-05,-1
1999-08-06,-1
1999-08-07,-1
1999-08-08,-1
1999-08-09,-1
1999-08-10,-1
1999-08-11,-1
1999-08-12,-1
1999-08-13,-1
1999-08-14,-1
1999-08-15,-1
1999-08-16,-1
1999-08-17,-1
1999-08-18,-1
1999-08-19,-1
1999-08-20,-1
1999-08-21,-1
1999-08-22,-1
1999-08-23,-1
1999-08-24,-1
1999-08-25,-1
1999-08-26,-1
1999-08-27,-1
1999-08-28,-1
1999-08-29,-1
1999-08-30,-1
1999-08-31,-1
1999-09-01,-1
1999-09-02,-1
1999-09-03,-1
1999-09-04,-1
1999-09-05,-1
1999-09-06,-1
1999-09-07,-1
1999-09-08,-1
1999-09-09,-1
1999-09-10,-1
1999-09-11,-1
1999-09-12,-1
1999-09-13,-1
1999-09-14,-1
1999-09-15,-1
1999-09-16,-1
1999-09-17,-1
1999-09-18,-1
1999-09-19,-1
1999-09-20,-1
1999-09-21,-1
1999-09-22,-1
1999-09-23,-1
1999-09-24,-1
1999-09-25,-1
1999-09-26,-1
1999-09-27,-1
1999-09-28,-1
1999-09-29,-1
1999-09-30,-1
1999-10-01,-1
1999-10-02,-1
1999-10-03,-1
1999-10-04,-1
1999-10-05,-1
1999-10-06,-1
1999-10-07,-1
1999-10-08,-1
1999-10-09,-1
1999-10-10,-1
1999-10-11,-1
1999-10-12,-1
1999-10-13,-1
1999-10-14,-1
1999-10-15,-1
1999-10-16,-1
1999-10-17,-1
1999-10-18,-1
1999-10-19,-1
1999-10-20,-1
1999-10-21,-1
1999-10-22,-1
1999-10-23,-1
1999-10-24,-1
1999-10-25,-1
1999-10-26,-1
1999-10-27,-1
1999-10-28,-1
1999-10-29,-1
1999-10-30,-1
1999-10-31,-1
1999-11-01,-1
1999-11-02,-1
1999-11-03,-1
1999-11-04,-1
1999-11-05,-1
1999-11-06,-1
1999-11-07,-1
1999-11-08,-1
1999-11-09,-1
1999-11-10,-1
1999-11-11,-1
1999-11-12,-1
1999-11-13,-1
1999-11-14,-1
1999-11-15,-1
1999-11-16,-1
1999-11-17,-1
1999-11-18,-1
1999-11-19,-1
1999-11-20,-1
1999-11-21,-1
1999-11-22,-1
1999-11-23,-1
1999-11-24,-1
1999-11-25,-1
1999-11-26,-1
1999-11-27,-1
1999-11-28,-1
1999-11-29,-1
1999-11-30,-1
1999-12-01,-1
1999-12-02,-1
1999-12-03,-1
1999-12-04,-1
1999-12-05,-1
1999-12-06,-1
1999-12-07,-1
1999-12-08,-1
1999-12-09,-1
1999-12-10,-1
1999-12-11,-1
1999-12-12,-1
1999-12-13,-1
1999-12-14,-1
1999-12-15,-1
1999-12-16,-1
1999-12-17,-1
1999-12-18,-1
1999-12-19,-1
1999-12-20,-1
1999-12-21,-1
1999-12-22,-1
1999-12-23,-1
1999-12-24,-1
1999-12-25,-1
1999-12-26,-1
1999-12-27,-1
1999-12-28,-1
1999-12-29,-1
1999-12-30,-1
1999-12-31,-1
2000-04-01,-1
2000-04-02,-1
2000-04-03,-1
2000-04-04,-1
2000-04-05,-1
2000-04-06,-1
2000-04-07,-1
2000-04-08,-1
2000-04-09,-1
2000-04-10,-1
2000-04-11,-1
2000-04-12,-1
2000-04-13,-1
2000-04-14,-1
2000-04-15,-1
2000-04-16,-1
2000-04-17,-1
2000-04-18,-1
2000-04-19,-1
2000-04-20,-1
2000-04-21,-1
2000-04-22,-1
2000-04-23,-1
2000-04-24,-1
2000-04-25,-1
2000-04-26,-1
2000-04-27,-1
2000-04-28,-1
2000-04-29,-1
2000-04-30,-1
2000-05-01,-1
2000-05-02,-1
2000-05-03,-1
2000-05-04,-1
2000-05-05,-1
2000-05-06,-1
2000-05-07,-1
2000-05-08,-1
2000-05-09,-1
2000-05-10,-1
2000-05-11,-1
2000-05-12,-1
2000-05-13,-1
2000-05-14,-1
2000-05-15,-1
2000-05-16,-1
2000-05-17,-1
2000-05-18,-1
2000-05-19,-1
2000-05-20,-1
2000-05-21,-1
2000-05-22,-1
2000-05-23,-1
2000-05-24,-1
2000-05-25,-1
2000-05-26,-1
2000-05-27,-1
2000-05-28,-1
2000-05-29,-1
2000-05-30,-1
2000-05-31,-1
2000-06-01,-1
2000-06-02,-1
2000-06-03,-1
2000-06-04,-1
2000-06-05,-1
2000-06-06,-1
2000-06-07,-1
2000-06-08,-1
2000-06-09,-1
2000-06-10,-1
2000-06-11,-1
2000-06-12,-1
2000-06-13,-1
2000-06-14,-1
2000-06-15,-1
2000-06-16,-1
2000-06-17,-1
2000-06-18,-1
2000-06-19,-1
2000-06-20,-1
2000-06-21,-1
2000-06-22,-1
2000-06-23,-1
2000-06-24,-1
2000-06-25,-1
2000-06-26,-1
2000-06-27,-1
2000-06-28,-1
2000-06-29,-1
2000-06-30,-1
2000-07-01,-1
2000-07-02,-1
2000-07-03,-1
2000-07-04,-1
2000-07-05,-1
2000-07-06,-1
2000-07-07,-1
2000-07-08,-1
2000-07-09,-1
2000-07-10,-1
2000-07-11,-1
2000-07-12,-1
2000-07-13,-1
2000-07-14,-1
2000-07-15,-1
2000-07-16,-1
2000-07-17,-1
2000-07-18,-1
2000-07-19,-1
2000-07-20,-1
2000-07-21,-1
2000-07-22,-1
2000-07-23,-1
2000-07-24,-1
2000-07-25,-1
2000-07-26,-1
2000-07-27,-1
2000-07-28,-1
2000-07-29,-1
2000-07-30,-1
2000-07-31,-1
2000-08-01,-1
2000-08-02,-1
2000-08-03,-1
2000-08-04,-1
2000-08-05,-1
2000-08-06,-1
2000-08-07,-1
2000-08-08,-1
2000-08-09,-1
2000-08-10,-1
2000-08-11,-1
2000-08-12,-1
2000-08-13,-1
2000-08-14,-1
2000-08-15,-1
2000-08-16,-1
2000-08-17,-1
2000-08-18,-1
2000-08-19,-1
2000-08-20,-1
2000-08-21,-1
2000-08-22,-1
2000-08-23,-1
2000-08-24,-1
2000-08-25,-1
2000-08-26,-1
2000-08-27,-1
2000-08-28,-1
2000-08-29,-1
2000-08-30,-1
2000-08-31,-1
2000-09-01,-1
2000-09-02,-1
2000-09-03,-1
2000-09-04,-1
2000-09-05,-1
2000-09-06,-1
2000-09-07,-1
2000-09-08,-1
2000-09-09,-1
2000-09-10,-1
2000-09-11,-1
2000-09-12,-1
2000-09-13,-1
2000-09-14,-1
2000-09-15,-1
2000-09-16,-1
2000-09-17,-1
2000-09-18,-1
2000-09-19,-1
2000-09-20,-1
2000-09-21,-1
2000-09-22,-1
2000-09-23,-1
2000-09-24,-1
2000-09-25,-1
2000-09-26,-1
2000-09-27,-1
2000-09-28,-1
2000-09-29,-1
2000-09-30,-1
2001-04-01,-1
2001-04-02,-1
2001-04-03,-1
2001-04-04,-1
2001-04-05,-1
2001-04-06,-1
2001-04-07,-1
2001-04-08,-1
2001-04-09,-1
2001-04-10,-1
2001-04-11,-1
2001-04-12,-1
2001-04-13,-1
2001-04-14,-1
2001-04-15,-1
2001-04-16,-1
2001-04-17,-1
2001-04-18,-1
2001-04-19,-1
2001-04-20,-1
2001-04-21,-1
2001-04-22,-1
2001-04-23,-1
2001-04-24,-1
2001-04-25,-1
2001-04-26,-1
2001-04-27,-1
2001-04-28,-1
2001-04-29,-1
2001-04-30,-1
2001-05-01,-1
2001-05-02,-1
2001-05-03,-1
2001-05-04,-1
2001-05-05,-1
2001-05-06,-1
2001-05-07,-1
2001-05-08,-1
2001-05-09,-1
2001-05-10,-1
2001-05-11,-1
2001-05-12,-1
2001-05-13,-1
2001-05-14,-1
2001-05-15,-1
2001-05-16,-1
2001-05-17,-1
2001-05-18,-1
2001-05-19,-1
2001-05-20,-1
2001-05-21,-1
2001-05-22,-1
2001-05-23,-1
2001-05-24,-1
2001-05-25,-1
2001-05-26,-1
2001-05-27,-1
2001-05-28,-1
2001-05-29,-1
2001-05-30,-1
2001-05-31,-1
2001-06-01,-1
2001-06-02,-1
2001-06-03,-1
2001-06-04,-1
2001-06-05,-1
2001-06-06,-1
2001-06-07,-1
2001-06-08,-1
2001-06-09,-1
2001-06-10,-1
2001-06-11,-1
2001-06-12,-1
2001-06-13,-1
2001-06-14,-1
2001-06-15,-1
2001-06-16,-1
2001-06-17,-1
2001-06-18,-1
2001-06-19,-1
2001-06-20,-1
2001-06-21,-1
2001-06-22,-1
2001-06-23,-1
2001-06-24,-1
2001-06-25,-1
2001-06-26,-1
2001-06-27,-1
2001-06-28,-1
2001-06-29,-1
2001-06-30,-1
2001-07-01,-1
2001-07-02,-1
2001-07-03,-1
2001-07-04,-1
2001-07-05,-1
2001-07-06,-1
2001-07-07,-1
2001-07-08,-1
2001-07-09,-1
2001-07-10,-1
2001-07-11,-1
2001-07-12,-1
2001-07-13,-1
2001-07-14,-1
2001-07-15,-1
2001-07-16,-1
2001-07-17,-1
2001-07-18,-1
2001-07-19,-1
2001-07-20,-1
2001-07-21,-1
2001-07-22,-1
2001-07-23,-1
2001-07-24,-1
2001-07-25,-1
2001-07-26,-1
2001-07-27,-1
2001-07-28,-1
2001-07-29,-1
2001-07-30,-1
2001-07-31,-1
2001-08-01,-1
2001-08-02,-1
2001-08-03,-1
2001-08-04,-1
2001-08-05,-1
2001-08-06,-1
2001-08-07,-1
2001-08-08,-1
2001-08-09,-1
2001-08-10,-1
2001-08-11,-1
2001-08-12,-1
2001-08-13,-1
2001-08-14,-1
2001-08-15,-1
2001-08-16,-1
2001-08-17,-1
2001-08-18,-1
2001-08-19,-1
2001-08-20,-1
2001-08-21,-1
2001-08-22,-1
2001-08-23,-1
2001-08-24,-1
2001-08-25,-1
2001-08-26,-1
2001-08-27,-1
2001-08-28,-1
2001-08-29,-1
2001-08-30,-1
2001-08-31,-1
2001-09-01,-1
2001-09-02,-1
2001-09-03,-1
2001-09-04,-1
2001-09-05,-1
2001-09-06,-1
2001-09-07,-1
2001-09-08,-1
2001-09-09,-1
2001-09-10,-1
2001-09-11,-1
2001-09-12,-1
2001-09-13,-1
2001-09-14,-1
2001-09-15,-1
2001-09-16,-1
2001-09-17,-1
2001-09-18,-1
2001-09-19,-1
2001-09-20,-1
2001-09-21,-1
2001-09-22,-1
2001-09-23,-1
2001-09-24,-1
2001-09-25,-1
2001-09-26,-1
2001-09-27,-1
2001-09-28,-1
2001-09-29,-1
2001-09-30,-1
2001-10-01,-1
2001-10-02,-1
2001-10-03,-1
2001-10-04,-1
2001-10-05,-1
2001-10-06,-1
2001-10-07,-1
2001-10-08,-1
2001-10-09,-1
2001-10-10,-1
2001-10-11,-1
2001-10-12,-1
2001-10-13,-1
2001-10-14,-1
2001-10-15,-1
2001-10-16,-1
2001-10-17,-1
2001-10-18,-1
2001-10-19,-1
2001-10-20,-1
2001-10-21,-1
2001-10-22,-1
2001-10-23,-1
2001-10-24,-1
2001-10-25,-1
2001-10-26,-1
2001-10-27,-1
2001-10-28,-1
2001-10-29,-1
2001-10-30,-1
2001-10-31,-1
2001-11-01,-1
2001-11-02,-1
2001-11-03,-1
2001-11-04,-1
2001-11-05,-1
2001-11-06,-1
2001-11-07,-1
2001-11-08,-1
2001-11-09,-1
2001-11-10,-1
2001-11-11,-1
2001-11-12,-1
2001-11-13,-1
2001-11-14,-1
2001-11-15,-1
2001-11-16,-1
2001-11-17,-1
2001-11-18,-1
2001-11-19,-1
2001-11-20,-1
2001-11-21,-1
2001-11-22,-1
2001-11-23,-1
2001-11-24,-1
2001-11-25,-1
2001-11-26,-1
2001-11-27,-1
2001-11-28,-1
2001-11-29,-1
2001-11-30,-1
2001-12-01,-1
2001-12-02,-1
2001-12-03,-1
2001-12-04,-1
2001-12-05,-1
2001-12-06,-1
2001-12-07,-1
2001-12-08,-1
2001-12-09,-1
2001-12-10,-1
2001-12-11,-1
2001-12-12,-1
2001-12-13,-1
2001-12-14,-1
2001-12-15,-1
2001-12-16,-1
2001-12-17,-1
2001-12-18,-1
2001-12-19,-1
2001-12-20,-1
2001-12-21,-1
2001-12-22,-1
2001-12-23,-1
2001-12-24,-1
2001-12-25,-1
2001-12-26,-1
2001-12-27,-1
2001-12-28,-1
2001-12-29,-1
2001-12-30,-1
2001-12-31,-1
2002-01-01,-1
2002-01-02,-1
2002-01-03,-1
2002-01-04,-1
2002-01-05,-1
2002-01-06,-1
2002-01-07,-1
2002-01-08,-1
2002-01-09,-1
2002-01-10,-1
2002-01-11,-1
2002-01-12,-1
2002-01-13,-1
2002-01-14,-1
2002-01-15,-1
2002-01-16,-1
2002-01-17,-1
2002-01-18,-1
2002-01-19,-1
2002-01-20,-1
2002-01-21,-1
2002-01-22,-1
2002-01-23,-1
2002-01-24,-1
2002-01-25,-1
2002-01-26,-1
2002-01-27,-1
2002-01-28,-1
2002-01-29,-1
2002-01-30,-1
2002-01-31,-1
2002-02-01,-1
2002-02-02,-1
2002-02-03,-1
2002-02-04,-1
2002-02-05,-1
2002-02-06,-1
2002-02-07,-1
2002-02-08,-1
2002-02-09,-1
2002-02-10,-1
2002-02-11,-1
2002-02-12,-1
2002-02-13,-1
2002-02-14,-1
2002-02-15,-1
2002-02-16,-1
2002-02-17,-1
2002-02-18,-1
2002-02-19,-1
2002-02-20,-1
2002-02-21,-1
2002-02-22,-1
2002-02-23,-1
2002-02-24,-1
2002-02-25,-1
2002-02-26,-1
2002-02-27,-1
2002-02-28,-1
2002-03-01,-1
2002-03-02,-1
2002-03-03,-1
2002-03-04,-1
2002-03-05,-1
2002-03-06,-1
2002-03-07,-1
2002-03-08,-1
2002-03-09,-1
2002-03-10,-1
2002-03-11,-1
2002-03-12,-1
2002-03-13,-1
2002-03-14,-1
2002-03-15,-1
2002-03-16,-1
2002-03-17,-1
2002-03-18,-1
2002-03-19,-1
2002-03-20,-1
2002-03-21,-1
2002-03-22,-1
2002-03-23,-1
2002-03-24,-1
2002-03-25,-1
2002-03-26,-1
2002-03-27,-1
2002-03-28,-1
2002-03-29,-1
2002-03-30,-1
2002-03-31,-1
2002-04-01,-1
2002-04-02,-1
2002-04-03,-1
2002-04-04,-1
2002-04-05,-1
2002-04-06,-1
2002-04-07,-1
2002-04-08,-1
2002-04-09,-1
2002-04-10,-1
2002-04-11,-1
2002-04-12,-1
2002-04-13,-1
2002-04-14,-1
2002-04-15,-1
2002-04-16,-1
2002-04-17,-1
2002-04-18,-1
2002-04-19,-1
2002-04-20,-1
2002-04-21,-1
2002-04-22,-1
2002-04-23,-1
2002-04-24,-1
2002-04-25,-1
2002-04-26,-1
2002-04-27,-1
2002-04-28,-1
2002-04-29,-1
2002-04-30,-1
2002-05-01,-1
2002-05-02,-1
2002-05-03,-1
2002-05-04,-1
2002-05-05,-1
2002-05-06,-1
2002-05-07,-1
2002-05-08,-1
2002-05-09,-1
2002-05-10,-1
2002-05-11,-1
2002-05-12,-1
2002-05-13,-1
2002-05-14,-1
2002-05-15,-1
2002-05-16,-1
2002-05-17,-1
2002-05-18,-1
2002-05-19,-1
2002-05-20,-1
2002-05-21,-1
2002-05-22,-1
2002-05-23,-1
2002-05-24,-1
2002-05-25,-1
2002-05-26,-1
2002-05-27,-1
2002-05-28,-1
2002-05-29,-1
2002-05-30,-1
2002-05-31,-1
2002-06-01,-1
2002-06-02,-1
2002-06-03,-1
2002-06-04,-1
2002-06-05,-1
2002-06-06,-1
2002-06-07,-1
2002-06-08,-1
2002-06-09,-1
2002-06-10,-1
2002-06-11,-1
2002-06-12,-1
2002-06-13,-1
2002-06-14,-1
2002-06-15,-1
2002-06-16,-1
2002-06-17,-1
2002-06-18,-1
2002-06-19,-1
2002-06-20,-1
2002-06-21,-1
2002-06-22,-1
2002-06-23,-1
2002-06-24,-1
2002-06-25,-1
2002-06-26,-1
2002-06-27,-1
2002-06-28,-1
2002-06-29,-1
2002-06-30,-1
2002-07-01,-1
2002-07-02,-1
2002-07-03,-1
2002-07-04,-1
2002-07-05,-1
2002-07-06,-1
2002-07-07,-1
2002-07-08,-1
2002-07-09,-1
2002-07-10,-1
2002-07-11,-1
2002-07-12,-1
2002-07-13,-1
2002-07-14,-1
2002-07-15,-1
2002-07-16,-1
2002-07-17,-1
2002-07-18,-1
2002-07-19,-1
2002-07-20,-1
2002-07-21,-1
2002-07-22,-1
2002-07-23,-1
2002-07-24,-1
2002-07-25,-1
2002-07-26,-1
2002-07-27,-1
2002-07-28,-1
2002-07-29,-1
2002-07-30,-1
2002-07-31,-1
2002-08-01,-1
2002-08-02,-1
2002-08-03,-1
2002-08-04,-1
2002-08-05,-1
2002-08-06,-1
2002-08-07,-1
2002-08-08,-1
2002-08-09,-1
2002-08-10,-1
2002-08-11,-1
2002-08-12,-1
2002-08-13,-1
2002-08-14,-1
2002-08-15,-1
2002-08-16,-1
2002-08-17,-1
2002-08-18,-1
2002-08-19,-1
2002-08-20,-1
2002-08-21,-1
2002-08-22,-1
2002-08-23,-1
2002-08-24,-1
2002-08-25,-1
2002-08-26,-1
2002-08-27,-1
2002-08-28,-1
2002-08-29,-1
2002-08-30,-1
2002-08-31,-1
2002-09-01,-1
2002-09-02,-1
2002-09-03,-1
2002-09-04,-1
2002-09-05,-1
2002-09-06,-1
2002-09-07,-1
2002-09-08,-1
2002-09-09,-1
2002-09-10,-1
2002-09-11,-1
2002-09-12,-1
2002-09-13,-1
2002-09-14,-1
2002-09-15,-1
2002-09-16,-1
2002-09-17,-1
2002-09-18,-1
2002-09-19,-1
2002-09-20,-1
2002-09-21,-1
2002-09-22,-1
2002-09-23,-1
2002-09-24,-1
2002-09-25,-1
2002-09-26,-1
2002-09-27,-1
2002-09-28,-1
2002-09-29,-1
2002-09-30,-1
2003-07-01,-1
2003-07-02,-1
2003-07-03,-1
2003-07-04,-1
2003-07-05,-1
2003-07-06,-1
2003-07-07,-1
2003-07-08,-1
2003-07-09,-1
2003-07-10,-1
2003-07-11,-1
2003-07-12,-1
2003-07-13,-1
2003-07-14,-1
2003-07-15,-1
2003-07-16,-1
2003-07-17,-1
2003-07-18,-1
2003-07-19,-1
2003-07-20,-1
2003-07-21,-1
2003-07-22,-1
2003-07-23,-1
2003-07-24,-1
2003-07-25,-1
2003-07-26,-1
2003-07-27,-1
2003-07-28,-1
2003-07-29,-1
2003-07-30,-1
2003-07-31,-1
2003-08-01,-1
2003-08-02,-1
2003-08-03,-1
2003-08-04,-1
2003-08-05,-1
2003-08-06,-1
2003-08-07,-1
2003-08-08,-1
2003-08-09,-1
2003-08-10,-1
2003-08-11,-1
2003-08-12,-1
2003-08-13,-1
2003-08-14,-1
2003-08-15,-1
2003-08-16,-1
2003-08-17,-1
2003-08-18,-1
2003-08-19,-1
2003-08-20,-1
2003-08-21,-1
2003-08-22,-1
2003-08-23,-1
2003-08-24,-1
2003-08-25,-1
2003-08-26,-1
2003-08-27,-1
2003-08-28,-1
2003-08-29,-1
2003-08-30,-1
2003-08-31,-1
2003-09-01,-1
2003-09-02,-1
2003-09-03,-1
2003-09-04,-1
2003-09-05,-1
2003-09-06,-1
2003-09-07,-1
2003-09-08,-1
2003-09-09,-1
2003-09-10,-1
2003-09-11,-1
2003-09-12,-1
2003-09-13,-1
2003-09-14,-1
2003-09-15,-1
2003-09-16,-1
2003-09-17,-1
2003-09-18,-1
2003-09-19,-1
2003-09-20,-1
2003-09-21,-1
2003-09-22,-1
2003-09-23,-1
2003-09-24,-1
2003-09-25,-1
2003-09-26,-1
2003-09-27,-1
2003-09-28,-1
2003-09-29,-1
2003-09-30,-1
2004-07-01,-1
2004-07-02,-1
2004-07-03,-1
2004-07-04,-1
2004-07-05,-1
2004-07-06,-1
2004-07-07,-1
2004-07-08,-1
2004-07-09,-1
2004-07-10,-1
2004-07-11,-1
2004-07-12,-1
2004-07-13,-1
2004-07-14,-1
2004-07-15,-1
2004-07-16,-1
2004-07-17,-1
2004-07-18,-1
2004-07-19,-1
2004-07-20,-1
2004-07-21,-1
2004-07-22,-1
2004-07-23,-1
2004-07-24,-1
2004-07-25,-1
2004-07-26,-1
2004-07-27,-1
2004-07-28,-1
2004-07-29,-1
2004-07-30,-1
2004-07-31,-1
2004-08-01,-1
2004-08-02,-1
2004-08-03,-1
2004-08-04,-1
2004-08-05,-1
2004-08-06,-1
2004-08-07,-1
2004-08-08,-1
2004-08-09,-1
2004-08-10,-1
2004-08-11,-1
2004-08-12,-1
2004-08-13,-1
2004-08-14,-1
2004-08-15,-1
2004-08-16,-1
2004-08-17,-1
2004-08-18,-1
2004-08-19,-1
2004-08-20,-1
2004-08-21,-1
2004-08-22,-1
2004-08-23,-1
2004-08-24,-1
2004-08-25,-1
2004-08-26,-1
2004-08-27,-1
2004-08-28,-1
2004-08-29,-1
2004-08-30,-1
2004-08-31,-1
2004-09-01,-1
2004-09-02,-1
2004-09-03,-1
2004-09-04,-1
2004-09-05,-1
2004-09-06,-1
2004-09-07,-1
2004-09-08,-1
2004-09-09,-1
2004-09-10,-1
2004-09-11,-1
2004-09-12,-1
2004-09-13,-1
2004-09-14,-1
2004-09-15,-1
2004-09-16,-1
2004-09-17,-1
2004-09-18,-1
2004-09-19,-1
2004-09-20,-1
2004-09-21,-1
2004-09-22,-1
2004-09-23,-1
2004-09-24,-1
2004-09-25,-1
2004-09-26,-1
2004-09-27,-1
2004-09-28,-1
2004-09-29,-1
2004-09-30,-1
2004-10-01,-1
2004-10-02,-1
2004-10-03,-1
2004-10-04,-1
2004-10-05,-1
2004-10-06,-1
2004-10-07,-1
2004-10-08,-1
2004-10-09,-1
2004-10-10,-1
2004-10-11,-1
2004-10-12,-1
2004-10-13,-1
2004-10-14,-1
2004-10-15,-1
2004-10-16,-1
2004-10-17,-1
2004-10-18,-1
2004-10-19,-1
2004-10-20,-1
2004-10-21,-1
2004-10-22,-1
2004-10-23,-1
2004-10-24,-1
2004-10-25,-1
2004-10-26,-1
2004-10-27,-1
2004-10-28,-1
2004-10-29,-1
2004-10-30,-1
2004-10-31,-1
2004-11-01,-1
2004-11-02,-1
2004-11-03,-1
2004-11-04,-1
2004-11-05,-1
2004-11-06,-1
2004-11-07,-1
2004-11-08,-1
2004-11-09,-1
2004-11-10,-1
2004-11-11,-1
2004-11-12,-1
2004-11-13,-1
2004-11-14,-1
2004-11-15,-1
2004-11-16,-1
2004-11-17,-1
2004-11-18,-1
2004-11-19,-1
2004-11-20,-1
2004-11-21,-1
2004-11-22,-1
2004-11-23,-1
2004-11-24,-1
2004-11-25,-1
2004-11-26,-1
2004-11-27,-1
2004-11-28,-1
2004-11-29,-1
2004-11-30,-1
2004-12-01,-1
2004-12-02,-1
2004-12-03,-1
2004-12-04,-1
2004-12-05,-1
2004-12-06,-1
2004-12-07,-1
2004-12-08,-1
2004-12-09,-1
2004-12-10,-1
2004-12-11,-1
2004-12-12,-1
2004-12-13,-1
2004-12-14,-1
2004-12-15,-1
2004-12-16,-1
2004-12-17,-1
2004-12-18,-1
2004-12-19,-1
2004-12-20,-1
2004-12-21,-1
2004-12-22,-1
2004-12-23,-1
2004-12-24,-1
2004-12-25,-1
2004-12-26,-1
2004-12-27,-1
2004-12-28,-1
2004-12-29,-1
2004-12-30,-1
2004-12-31,-1
2005-01-01,-1
2005-01-02,-1
2005-01-03,-1
2005-01-04,-1
2005-01-05,-1
2005-01-06,-1
2005-01-07,-1
2005-01-08,-1
2005-01-09,-1
2005-01-10,-1
2005-01-11,-1
2005-01-12,-1
2005-01-13,-1
2005-01-14,-1
2005-01-15,-1
2005-01-16,-1
2005-01-17,-1
2005-01-18,-1
2005-01-19,-1
2005-01-20,-1
2005-01-21,-1
2005-01-22,-1
2005-01-23,-1
2005-01-24,-1
2005-01-25,-1
2005-01-26,-1
2005-01-27,-1
2005-01-28,-1
2005-01-29,-1
2005-01-30,-1
2005-01-31,-1
2005-02-01,-1
2005-02-02,-1
2005-02-03,-1
2005-02-04,-1
2005-02-05,-1
2005-02-06,-1
2005-02-07,-1
2005-02-08,-1
2005-02-09,-1
2005-02-10,-1
2005-02-11,-1
2005-02-12,-1
2005-02-13,-1
2005-02-14,-1
2005-02-15,-1
2005-02-16,-1
2005-02-17,-1
2005-02-18,-1
2005-02-19,-1
2005-02-20,-1
2005-02-21,-1
2005-02-22,-1
2005-02-23,-1
2005-02-24,-1
2005-02-25,-1
2005-02-26,-1
2005-02-27,-1
2005-02-28,-1
2005-03-01,-1
2005-03-02,-1
2005-03-03,-1
2005-03-04,-1
2005-03-05,-1
2005-03-06,-1
2005-03-07,-1
2005-03-08,-1
2005-03-09,-1
2005-03-10,-1
2005-03-11,-1
2005-03-12,-1
2005-03-13,-1
2005-03-14,-1
2005-03-15,-1
2005-03-16,-1
2005-03-17,-1
2005-03-18,-1
2005-03-19,-1
2005-03-20,-1
2005-03-21,-1
2005-03-22,-1
2005-03-23,-1
2005-03-24,-1
2005-03-25,-1
2005-03-26,-1
2005-03-27,-1
2005-03-28,-1
2005-03-29,-1
2005-03-30,-1
2005-03-31,-1
2005-04-01,-1
2005-04-02,-1
2005-04-03,-1
2005-04-04,-1
2005-04-05,-1
2005-04-06,-1
2005-04-07,-1
2005-04-08,-1
2005-04-09,-1
2005-04-10,-1
2005-04-11,-1
2005-04-12,-1
2005-04-13,-1
2005-04-14,-1
2005-04-15,-1
2005-04-16,-1
2005-04-17,-1
2005-04-18,-1
2005-04-19,-1
2005-04-20,-1
2005-04-21,-1
2005-04-22,-1
2005-04-23,-1
2005-04-24,-1
2005-04-25,-1
2005-04-26,-1
2005-04-27,-1
2005-04-28,-1
2005-04-29,-1
2005-04-30,-1
2005-05-01,-1
2005-05-02,-1
2005-05-03,-1
2005-05-04,-1
2005-05-05,-1
2005-05-06,-1
2005-05-07,-1
2005-05-08,-1
2005-05-09,-1
2005-05-10,-1
2005-05-11,-1
2005-05-12,-1
2005-05-13,-1
2005-05-14,-1
2005-05-15,-1
2005-05-16,-1
2005-05-17,-1
2005-05-18,-1
2005-05-19,-1
2005-05-20,-1
2005-05-21,-1
2005-05-22,-1
2005-05-23,-1
2005-05-24,-1
2005-05-25,-1
2005-05-26,-1
2005-05-27,-1
2005-05-28,-1
2005-05-29,-1
2005-05-30,-1
2005-05-31,-1
2005-06-01,-1
2005-06-02,-1
2005-06-03,-1
2005-06-04,-1
2005-06-05,-1
2005-06-06,-1
2005-06-07,-1
2005-06-08,-1
2005-06-09,-1
2005-06-10,-1
2005-06-11,-1
2005-06-12,-1
2005-06-13,-1
2005-06-14,-1
2005-06-15,-1
2005-06-16,-1
2005-06-17,-1
2005-06-18,-1
2005-06-19,-1
2005-06-20,-1
2005-06-21,-1
2005-06-22,-1
2005-06-23,-1
2005-06-24,-1
2005-06-25,-1
2005-06-26,-1
2005-06-27,-1
2005-06-28,-1
2005-06-29,-1
2005-06-30,-1
2005-10-01,-1
2005-10-02,-1
2005-10-03,-1
2005-10-04,-1
2005-10-05,-1
2005-10-06,-1
2005-10-07,-1
2005-10-08,-1
2005-10-09,-1
2005-10-10,-1
2005-10-11,-1
2005-10-12,-1
2005-10-13,-1
2005-10-14,-1
2005-10-15,-1
2005-10-16,-1
2005-10-17,-1
2005-10-18,-1
2005-10-19,-1
2005-10-20,-1
2005-10-21,-1
2005-10-22,-1
2005-10-23,-1
2005-10-24,-1
2005-10-25,-1
2005-10-26,-1
2005-10-27,-1
2005-10-28,-1
2005-10-29,-1
2005-10-30,-1
2005-10-31,-1
2005-11-01,-1
2005-11-02,-1
2005-11-03,-1
2005-11-04,-1
2005-11-05,-1
2005-11-06,-1
2005-11-07,-1
2005-11-08,-1
2005-11-09,-1
2005-11-10,-1
2005-11-11,-1
2005-11-12,-1
2005-11-13,-1
2005-11-14,-1
2005-11-15,-1
2005-11-16,-1
2005-11-17,-1
2005-11-18,-1
2005-11-19,-1
2005-11-20,-1
2005-11-21,-1
2005-11-22,-1
2005-11-23,-1
2005-11-24,-1
2005-11-25,-1
2005-11-26,-1
2005-11-27,-1
2005-11-28,-1
2005-11-29,-1
2005-11-30,-1
2005-12-01,-1
2005-12-02,-1
2005-12-03,-1
2005-12-04,-1
2005-12-05,-1
2005-12-06,-1
2005-12-07,-1
2005-12-08,-1
2005-12-09,-1
2005-12-10,-1
2005-12-11,-1
2005-12-12,-1
2005-12-13,-1
2005-12-14,-1
2005-12-15,-1
2005-12-16,-1
2005-12-17,-1
2005-12-18,-1
2005-12-19,-1
2005-12-20,-1
2005-12-21,-1
2005-12-22,-1
2005-12-23,-1
2005-12-24,-1
2005-12-25,-1
2005-12-26,-1
2005-12-27,-1
2005-12-28,-1
2005-12-29,-1
2005-12-30,-1
2005-12-31,-1
2006-01-01,-1
2006-01-02,-1
2006-01-03,-1
2006-01-04,-1
2006-01-05,-1
2006-01-06,-1
2006-01-07,-1
2006-01-08,-1
2006-01-09,-1
2006-01-10,-1
2006-01-11,-1
2006-01-12,-1
2006-01-13,-1
2006-01-14,-1
2006-01-15,-1
2006-01-16,-1
2006-01-17,-1
2006-01-18,-1
2006-01-19,-1
2006-01-20,-1
2006-01-21,-1
2006-01-22,-1
2006-01-23,-1
2006-01-24,-1
2006-01-25,-1
2006-01-26,-1
2006-01-27,-1
2006-01-28,-1
2006-01-29,-1
2006-01-30,-1
2006-01-31,-1
2006-02-01,-1
2006-02-02,-1
2006-02-03,-1
2006-02-04,-1
2006-02-05,-1
2006-02-06,-1
2006-02-07,-1
2006-02-08,-1
2006-02-09,-1
2006-02-10,-1
2006-02-11,-1
2006-02-12,-1
2006-02-13,-1
2006-02-14,-1
2006-02-15,-1
2006-02-16,-1
2006-02-17,-1
2006-02-18,-1
2006-02-19,-1
2006-02-20,-1
2006-02-21,-1
2006-02-22,-1
2006-02-23,-1
2006-02-24,-1
2006-02-25,-1
2006-02-26,-1
2006-02-27,-1
2006-02-28,-1
2006-03-01,-1
2006-03-02,-1
2006-03-03,-1
2006-03-04,-1
2006-03-05,-1
2006-03-06,-1
2006-03-07,-1
2006-03-08,-1
2006-03-09,-1
2006-03-10,-1
2006-03-11,-1
2006-03-12,-1
2006-03-13,-1
2006-03-14,-1
2006-03-15,-1
2006-03-16,-1
2006-03-17,-1
2006-03-18,-1
2006-03-19,-1
2006-03-20,-1
2006-03-21,-1
2006-03-22,-1
2006-03-23,-1
2006-03-24,-1
2006-03-25,-1
2006-03-26,-1
2006-03-27,-1
2006-03-28,-1
2006-03-29,-1
2006-03-30,-1
2006-03-31,-1
2006-07-01,-1
2006-07-02,-1
2006-07-03,-1
2006-07-04,-1
2006-07-05,-1
2006-07-06,-1
2006-07-07,-1
2006-07-08,-1
2006-07-09,-1
2006-07-10,-1
2006-07-11,-1
2006-07-12,-1
2006-07-13,-1
2006-07-14,-1
2006-07-15,-1
2006-07-16,-1
2006-07-17,-1
2006-07-18,-1
2006-07-19,-1
2006-07-20,-1
2006-07-21,-1
2006-07-22,-1
2006-07-23,-1
2006-07-24,-1
2006-07-25,-1
2006-07-26,-1
2006-07-27,-1
2006-07-28,-1
2006-07-29,-1
2006-07-30,-1
2006-07-31,-1
2006-08-01,-1
2006-08-02,-1
2006-08-03,-1
2006-08-04,-1
2006-08-05,-1
2006-08-06,-1
2006-08-07,-1
2006-08-08,-1
2006-08-09,-1
2006-08-10,-1
2006-08-11,-1
2006-08-12,-1
2006-08-13,-1
2006-08-14,-1
2006-08-15,-1
2006-08-16,-1
2006-08-17,-1
2006-08-18,-1
2006-08-19,-1
2006-08-20,-1
2006-08-21,-1
2006-08-22,-1
2006-08-23,-1
2006-08-24,-1
2006-08-25,-1
2006-08-26,-1
2006-08-27,-1
2006-08-28,-1
2006-08-29,-1
2006-08-30,-1
2006-08-31,-1
2006-09-01,-1
2006-09-02,-1
2006-09-03,-1
2006-09-04,-1
2006-09-05,-1
2006-09-06,-1
2006-09-07,-1
2006-09-08,-1
2006-09-09,-1
2006-09-10,-1
2006-09-11,-1
2006-09-12,-1
2006-09-13,-1
2006-09-14,-1
2006-09-15,-1
2006-09-16,-1
2006-09-17,-1
2006-09-18,-1
2006-09-19,-1
2006-09-20,-1
2006-09-21,-1
2006-09-22,-1
2006-09-23,-1
2006-09-24,-1
2006-09-25,-1
2006-09-26,-1
2006-09-27,-1
2006-09-28,-1
2006-09-29,-1
2006-09-30,-1
2006-10-01,-1
2006-10-02,-1
2006-10-03,-1
2006-10-04,-1
2006-10-05,-1
2006-10-06,-1
2006-10-07,-1
2006-10-08,-1
2006-10-09,-1
2006-10-10,-1
2006-10-11,-1
2006-10-12,-1
2006-10-13,-1
2006-10-14,-1
2006-10-15,-1
2006-10-16,-1
2006-10-17,-1
2006-10-18,-1
2006-10-19,-1
2006-10-20,-1
2006-10-21,-1
2006-10-22,-1
2006-10-23,-1
2006-10-24,-1
2006-10-25,-1
2006-10-26,-1
2006-10-27,-1
2006-10-28,-1
2006-10-29,-1
2006-10-30,-1
2006-10-31,-1
2006-11-01,-1
2006-11-02,-1
2006-11-03,-1
2006-11-04,-1
2006-11-05,-1
2006-11-06,-1
2006-11-07,-1
2006-11-08,-1
2006-11-09,-1
2006-11-10,-1
2006-11-11,-1
2006-11-12,-1
2006-11-13,-1
2006-11-14,-1
2006-11-15,-1
2006-11-16,-1
2006-11-17,-1
2006-11-18,-1
2006-11-19,-1
2006-11-20,-1
2006-11-21,-1
2006-11-22,-1
2006-11-23,-1
2006-11-24,-1
2006-11-25,-1
2006-11-26,-1
2006-11-27,-1
2006-11-28,-1
2006-11-29,-1
2006-11-30,-1
2006-12-01,-1
2006-12-02,-1
2006-12-03,-1
2006-12-04,-1
2006-12-05,-1
2006-12-06,-1
2006-12-07,-1
2006-12-08,-1
2006-12-09,-1
2006-12-10,-1
2006-12-11,-1
2006-12-12,-1
2006-12-13,-1
2006-12-14,-1
2006-12-15,-1
2006-12-16,-1
2006-12-17,-1
2006-12-18,-1
2006-12-19,-1
2006-12-20,-1
2006-12-21,-1
2006-12-22,-1
2006-12-23,-1
2006-12-24,-1
2006-12-25,-1
2006-12-26,-1
2006-12-27,-1
2006-12-28,-1
2006-12-29,-1
2006-12-30,-1
2006-12-31,-1
2007-10-01,-1
2007-10-02,-1
2007-10-03,-1
2007-10-04,-1
2007-10-05,-1
2007-10-06,-1
2007-10-07,-1
2007-10-08,-1
2007-10-09,-1
2007-10-10,-1
2007-10-11,-1
2007-10-12,-1
2007-10-13,-1
2007-10-14,-1
2007-10-15,-1
2007-10-16,-1
2007-10-17,-1
2007-10-18,-1
2007-10-19,-1
2007-10-20,-1
2007-10-21,-1
2007-10-22,-1
2007-10-23,-1
2007-10-24,-1
2007-10-25,-1
2007-10-26,-1
2007-10-27,-1
2007-10-28,-1
2007-10-29,-1
2007-10-30,-1
2007-10-31,-1
2007-11-01,-1
2007-11-02,-1
2007-11-03,-1
2007-11-04,-1
2007-11-05,-1
2007-11-06,-1
2007-11-07,-1
2007-11-08,-1
2007-11-09,-1
2007-11-10,-1
2007-11-11,-1
2007-11-12,-1
2007-11-13,-1
2007-11-14,-1
2007-11-15,-1
2007-11-16,-1
2007-11-17,-1
2007-11-18,-1
2007-11-19,-1
2007-11-20,-1
2007-11-21,-1
2007-11-22,-1
2007-11-23,-1
2007-11-24,-1
2007-11-25,-1
2007-11-26,-1
2007-11-27,-1
2007-11-28,-1
2007-11-29,-1
2007-11-30,-1
2007-12-01,-1
2007-12-02,-1
2007-12-03,-1
2007-12-04,-1
2007-12-05,-1
2007-12-06,-1
2007-12-07,-1
2007-12-08,-1
2007-12-09,-1
2007-12-10,-1
2007-12-11,-1
2007-12-12,-1
2007-12-13,-1
2007-12-14,-1
2007-12-15,-1
2007-12-16,-1
2007-12-17,-1
2007-12-18,-1
2007-12-19,-1
2007-12-20,-1
2007-12-21,-1
2007-12-22,-1
2007-12-23,-1
2007-12-24,-1
2007-12-25,-1
2007-12-26,-1
2007-12-27,-1
2007-12-28,-1
2007-12-29,-1
2007-12-30,-1
2007-12-31,-1
2008-01-01,-1
2008-01-02,-1
2008-01-03,-1
2008-01-04,-1
2008-01-05,-1
2008-01-06,-1
2008-01-07,-1
2008-01-08,-1
2008-01-09,-1
2008-01-10,-1
2008-01-11,-1
2008-01-12,-1
2008-01-13,-1
2008-01-14,-1
2008-01-15,-1
2008-01-16,-1
2008-01-17,-1
2008-01-18,-1
2008-01-19,-1
2008-01-20,-1
2008-01-21,-1
2008-01-22,-1
2008-01-23,-1
2008-01-24,-1
2008-01-25,-1
2008-01-26,-1
2008-01-27,-1
2008-01-28,-1
2008-01-29,-1
2008-01-30,-1
2008-01-31,-1
2008-02-01,-1
2008-02-02,-1
2008-02-03,-1
2008-02-04,-1
2008-02-05,-1
2008-02-06,-1
2008-02-07,-1
2008-02-08,-1
2008-02-09,-1
2008-02-10,-1
2008-02-11,-1
2008-02-12,-1
2008-02-13,-1
2008-02-14,-1
2008-02-15,-1
2008-02-16,-1
2008-02-17,-1
2008-02-18,-1
2008-02-19,-1
2008-02-20,-1
2008-02-21,-1
2008-02-22,-1
2008-02-23,-1
2008-02-24,-1
2008-02-25,-1
2008-02-26,-1
2008-02-27,-1
2008-02-28,-1
2008-02-29,-1
2008-03-01,-1
2008-03-02,-1
2008-03-03,-1
2008-03-04,-1
2008-03-05,-1
2008-03-06,-1
2008-03-07,-1
2008-03-08,-1
2008-03-09,-1
2008-03-10,-1
2008-03-11,-1
2008-03-12,-1
2008-03-13,-1
2008-03-14,-1
2008-03-15,-1
2008-03-16,-1
2008-03-17,-1
2008-03-18,-1
2008-03-19,-1
2008-03-20,-1
2008-03-21,-1
2008-03-22,-1
2008-03-23,-1
2008-03-24,-1
2008-03-25,-1
2008-03-26,-1
2008-03-27,-1
2008-03-28,-1
2008-03-29,-1
2008-03-30,-1
2008-03-31,-1
2008-04-01,-1
2008-04-02,-1
2008-04-03,-1
2008-04-04,-1
2008-04-05,-1
2008-04-06,-1
2008-04-07,-1
2008-04-08,-1
2008-04-09,-1
2008-04-10,-1
2008-04-11,-1
2008-04-12,-1
2008-04-13,-1
2008-04-14,-1
2008-04-15,-1
2008-04-16,-1
2008-04-17,-1
2008-04-18,-1
2008-04-19,-1
2008-04-20,-1
2008-04-21,-1
2008-04-22,-1
2008-04-23,-1
2008-04-24,-1
2008-04-25,-1
2008-04-26,-1
2008-04-27,-1
2008-04-28,-1
2008-04-29,-1
2008-04-30,-1
2008-05-01,-1
2008-05-02,-1
2008-05-03,-1
2008-05-04,-1
2008-05-05,-1
2008-05-06,-1
2008-05-07,-1
2008-05-08,-1
2008-05-09,-1
2008-05-10,-1
2008-05-11,-1
2008-05-12,-1
2008-05-13,-1
2008-05-14,-1
2008-05-15,-1
2008-05-16,-1
2008-05-17,-1
2008-05-18,-1
2008-05-19,-1
2008-05-20,-1
2008-05-21,-1
2008-05-22,-1
2008-05-23,-1
2008-05-24,-1
2008-05-25,-1
2008-05-26,-1
2008-05-27,-1
2008-05-28,-1
2008-05-29,-1
2008-05-30,-1
2008-05-31,-1
2008-06-01,-1
2008-06-02,-1
2008-06-03,-1
2008-06-04,-1
2008-06-05,-1
2008-06-06,-1
2008-06-07,-1
2008-06-08,-1
2008-06-09,-1
2008-06-10,-1
2008-06-11,-1
2008-06-12,-1
2008-06-13,-1
2008-06-14,-1
2008-06-15,-1
2008-06-16,-1
2008-06-17,-1
2008-06-18,-1
2008-06-19,-1
2008-06-20,-1
2008-06-21,-1
2008-06-22,-1
2008-06-23,-1
2008-06-24,-1
2008-06-25,-1
2008-06-26,-1
2008-06-27,-1
2008-06-28,-1
2008-06-29,-1
2008-06-30,-1
2009-01-01,-1
2009-01-02,-1
2009-01-03,-1
2009-01-04,-1
2009-01-05,-1
2009-01-06,-1
2009-01-07,-1
2009-01-08,-1
2009-01-09,-1
2009-01-10,-1
2009-01-11,-1
2009-01-12,-1
2009-01-13,-1
2009-01-14,-1
2009-01-15,-1
2009-01-16,-1
2009-01-17,-1
2009-01-18,-1
2009-01-19,-1
2009-01-20,-1
2009-01-21,-1
2009-01-22,-1
2009-01-23,-1
2009-01-24,-1
2009-01-25,-1
2009-01-26,-1
2009-01-27,-1
2009-01-28,-1
2009-01-29,-1
2009-01-30,-1
2009-01-31,-1
2009-02-01,-1
2009-02-02,-1
2009-02-03,-1
2009-02-04,-1
2009-02-05,-1
2009-02-06,-1
2009-02-07,-1
2009-02-08,-1
2009-02-09,-1
2009-02-10,-1
2009-02-11,-1
2009-02-12,-1
2009-02-13,-1
2009-02-14,-1
2009-02-15,-1
2009-02-16,-1
2009-02-17,-1
2009-02-18,-1
2009-02-19,-1
2009-02-20,-1
2009-02-21,-1
2009-02-22,-1
2009-02-23,-1
2009-02-24,-1
2009-02-25,-1
2009-02-26,-1
2009-02-27,-1
2009-02-28,-1
2009-03-01,-1
2009-03-02,-1
2009-03-03,-1
2009-03-04,-1
2009-03-05,-1
2009-03-06,-1
2009-03-07,-1
2009-03-08,-1
2009-03-09,-1
2009-03-10,-1
2009-03-11,-1
2009-03-12,-1
2009-03-13,-1
2009-03-14,-1
2009-03-15,-1
2009-03-16,-1
2009-03-17,-1
2009-03-18,-1
2009-03-19,-1
2009-03-20,-1
2009-03-21,-1
2009-03-22,-1
2009-03-23,-1
2009-03-24,-1
2009-03-25,-1
2009-03-26,-1
2009-03-27,-1
2009-03-28,-1
2009-03-29,-1
2009-03-30,-1
2009-03-31,-1
2009-04-01,-1
2009-04-02,-1
2009-04-03,-1
2009-04-04,-1
2009-04-05,-1
2009-04-06,-1
2009-04-07,-1
2009-04-08,-1
2009-04-09,-1
2009-04-10,-1
2009-04-11,-1
2009-04-12,-1
2009-04-13,-1
2009-04-14,-1
2009-04-15,-1
2009-04-16,-1
2009-04-17,-1
2009-04-18,-1
2009-04-19,-1
2009-04-20,-1
2009-04-21,-1
2009-04-22,-1
2009-04-23,-1
2009-04-24,-1
2009-04-25,-1
2009-04-26,-1
2009-04-27,-1
2009-04-28,-1
2009-04-29,-1
2009-04-30,-1
2009-05-01,-1
2009-05-02,-1
2009-05-03,-1
2009-05-04,-1
2009-05-05,-1
2009-05-06,-1
2009-05-07,-1
2009-05-08,-1
2009-05-09,-1
2009-05-10,-1
2009-05-11,-1
2009-05-12,-1
2009-05-13,-1
2009-05-14,-1
2009-05-15,-1
2009-05-16,-1
2009-05-17,-1
2009-05-18,-1
2009-05-19,-1
2009-05-20,-1
2009-05-21,-1
2009-05-22,-1
2009-05-23,-1
2009-05-24,-1
2009-05-25,-1
2009-05-26,-1
2009-05-27,-1
2009-05-28,-1
2009-05-29,-1
2009-05-30,-1
2009-05-31,-1
2009-06-01,-1
2009-06-02,-1
2009-06-03,-1
2009-06-04,-1
2009-06-05,-1
2009-06-06,-1
2009-06-07,-1
2009-06-08,-1
2009-06-09,-1
2009-06-10,-1
2009-06-11,-1
2009-06-12,-1
2009-06-13,-1
2009-06-14,-1
2009-06-15,-1
2009-06-16,-1
2009-06-17,-1
2009-06-18,-1
2009-06-19,-1
2009-06-20,-1
2009-06-21,-1
2009-06-22,-1
2009-06-23,-1
2009-06-24,-1
2009-06-25,-1
2009-06-26,-1
2009-06-27,-1
2009-06-28,-1
2009-06-29,-1
2009-06-30,-1
2010-01-01,-1
2010-01-02,-1
2010-01-03,-1
2010-01-04,-1
2010-01-05,-1
2010-01-06,-1
2010-01-07,-1
2010-01-08,-1
2010-01-09,-1
2010-01-10,-1
2010-01-11,-1
2010-01-12,-1
2010-01-13,-1
2010-01-14,-1
2010-01-15,-1
2010-01-16,-1
2010-01-17,-1
2010-01-18,-1
2010-01-19,-1
2010-01-20,-1
2010-01-21,-1
2010-01-22,-1
2010-01-23,-1
2010-01-24,-1
2010-01-25,-1
2010-01-26,-1
2010-01-27,-1
2010-01-28,-1
2010-01-29,-1
2010-01-30,-1
2010-01-31,-1
2010-02-01,-1
2010-02-02,-1
2010-02-03,-1
2010-02-04,-1
2010-02-05,-1
2010-02-06,-1
2010-02-07,-1
2010-02-08,-1
2010-02-09,-1
2010-02-10,-1
2010-02-11,-1
2010-02-12,-1
2010-02-13,-1
2010-02-14,-1
2010-02-15,-1
2010-02-16,-1
2010-02-17,-1
2010-02-18,-1
2010-02-19,-1
2010-02-20,-1
2010-02-21,-1
2010-02-22,-1
2010-02-23,-1
2010-02-24,-1
2010-02-25,-1
2010-02-26,-1
2010-02-27,-1
2010-02-28,-1
2010-03-01,-1
2010-03-02,-1
2010-03-03,-1
2010-03-04,-1
2010-03-05,-1
2010-03-06,-1
2010-03-07,-1
2010-03-08,-1
2010-03-09,-1
2010-03-10,-1
2010-03-11,-1
2010-03-12,-1
2010-03-13,-1
2010-03-14,-1
2010-03-15,-1
2010-03-16,-1
2010-03-17,-1
2010-03-18,-1
2010-03-19,-1
2010-03-20,-1
2010-03-21,-1
2010-03-22,-1
2010-03-23,-1
2010-03-24,-1
2010-03-25,-1
2010-03-26,-1
2010-03-27,-1
2010-03-28,-1
2010-03-29,-1
2010-03-30,-1
2010-03-31,-1
2011-01-01,-1
2011-01-02,-1
2011-01-03,-1
2011-01-04,-1
2011-01-05,-1
2011-01-06,-1
2011-01-07,-1
2011-01-08,-1
2011-01-09,-1
2011-01-10,-1
2011-01-11,-1
2011-01-12,-1
2011-01-13,-1
2011-01-14,-1
2011-01-15,-1
2011-01-16,-1
2011-01-17,-1
2011-01-18,-1
2011-01-19,-1
2011-01-20,-1
2011-01-21,-1
2011-01-22,-1
2011-01-23,-1
2011-01-24,-1
2011-01-25,-1
2011-01-26,-1
2011-01-27,-1
2011-01-28,-1
2011-01-29,-1
2011-01-30,-1
2011-01-31,-1
2011-02-01,-1
2011-02-02,-1
2011-02-03,-1
2011-02-04,-1
2011-02-05,-1
2011-02-06,-1
2011-02-07,-1
2011-02-08,-1
2011-02-09,-1
2011-02-10,-1
2011-02-11,-1
2011-02-12,-1
2011-02-13,-1
2011-02-14,-1
2011-02-15,-1
2011-02-16,-1
2011-02-17,-1
2011-02-18,-1
2011-02-19,-1
2011-02-20,-1
2011-02-21,-1
2011-02-22,-1
2011-02-23,-1
2011-02-24,-1
2011-02-25,-1
2011-02-26,-1
2011-02-27,-1
2011-02-28,-1
2011-03-01,-1
2011-03-02,-1
2011-03-03,-1
2011-03-04,-1
2011-03-05,-1
2011-03-06,-1
2011-03-07,-1
2011-03-08,-1
2011-03-09,-1
2011-03-10,-1
2011-03-11,-1
2011-03-12,-1
2011-03-13,-1
2011-03-14,-1
2011-03-15,-1
2011-03-16,-1
2011-03-17,-1
2011-03-18,-1
2011-03-19,-1
2011-03-20,-1
2011-03-21,-1
2011-03-22,-1
2011-03-23,-1
2011-03-24,-1
2011-03-25,-1
2011-03-26,-1
2011-03-27,-1
2011-03-28,-1
2011-03-29,-1
2011-03-30,-1
2011-03-31,-1
2012-04-01,-1
2012-04-02,-1
2012-04-03,-1
2012-04-04,-1
2012-04-05,-1
2012-04-06,-1
2012-04-07,-1
2012-04-08,-1
2012-04-09,-1
2012-04-10,-1
2012-04-11,-1
2012-04-12,-1
2012-04-13,-1
2012-04-14,-1
2012-04-15,-1
2012-04-16,-1
2012-04-17,-1
2012-04-18,-1
2012-04-19,-1
2012-04-20,-1
2012-04-21,-1
2012-04-22,-1
2012-04-23,-1
2012-04-24,-1
2012-04-25,-1
2012-04-26,-1
2012-04-27,-1
2012-04-28,-1
2012-04-29,-1
2012-04-30,-1
2012-05-01,-1
2012-05-02,-1
2012-05-03,-1
2012-05-04,-1
2012-05-05,-1
2012-05-06,-1
2012-05-07,-1
2012-05-08,-1
2012-05-09,-1
2012-05-10,-1
2012-05-11,-1
2012-05-12,-1
2012-05-13,-1
2012-05-14,-1
2012-05-15,-1
2012-05-16,-1
2012-05-17,-1
2012-05-18,-1
2012-05-19,-1
2012-05-20,-1
2012-05-21,-1
2012-05-22,-1
2012-05-23,-1
2012-05-24,-1
2012-05-25,-1
2012-05-26,-1
2012-05-27,-1
2012-05-28,-1
2012-05-29,-1
2012-05-30,-1
2012-05-31,-1
2012-06-01,-1
2012-06-02,-1
2012-06-03,-1
2012-06-04,-1
2012-06-05,-1
2012-06-06,-1
2012-06-07,-1
2012-06-08,-1
2012-06-09,-1
2012-06-10,-1
2012-06-11,-1
2012-06-12,-1
2012-06-13,-1
2012-06-14,-1
2012-06-15,-1
2012-06-16,-1
2012-06-17,-1
2012-06-18,-1
2012-06-19,-1
2012-06-20,-1
2012-06-21,-1
2012-06-22,-1
2012-06-23,-1
2012-06-24,-1
2012-06-25,-1
2012-06-26,-1
2012-06-27,-1
2012-06-28,-1
2012-06-29,-1
2012-06-30,-1
2012-07-01,-1
2012-07-02,-1
2012-07-03,-1
2012-07-04,-1
2012-07-05,-1
2012-07-06,-1
2012-07-07,-1
2012-07-08,-1
2012-07-09,-1
2012-07-10,-1
2012-07-11,-1
2012-07-12,-1
2012-07-13,-1
2012-07-14,-1
2012-07-15,-1
2012-07-16,-1
2012-07-17,-1
2012-07-18,-1
2012-07-19,-1
2012-07-20,-1
2012-07-21,-1
2012-07-22,-1
2012-07-23,-1
2012-07-24,-1
2012-07-25,-1
2012-07-26,-1
2012-07-27,-1
2012-07-28,-1
2012-07-29,-1
2012-07-30,-1
2012-07-31,-1
2012-08-01,-1
2012-08-02,-1
2012-08-03,-1
2012-08-04,-1
2012-08-05,-1
2012-08-06,-1
2012-08-07,-1
2012-08-08,-1
2012-08-09,-1
2012-08-10,-1
2012-08-11,-1
2012-08-12,-1
2012-08-13,-1
2012-08-14,-1
2012-08-15,-1
2012-08-16,-1
2012-08-17,-1
2012-08-18,-1
2012-08-19,-1
2012-08-20,-1
2012-08-21,-1
2012-08-22,-1
2012-08-23,-1
2012-08-24,-1
2012-08-25,-1
2012-08-26,-1
2012-08-27,-1
2012-08-28,-1
2012-08-29,-1
2012-08-30,-1
2012-08-31,-1
2012-09-01,-1
2012-09-02,-1
2012-09-03,-1
2012-09-04,-1
2012-09-05,-1
2012-09-06,-1
2012-09-07,-1
2012-09-08,-1
2012-09-09,-1
2012-09-10,-1
2012-09-11,-1
2012-09-12,-1
2012-09-13,-1
2012-09-14,-1
2012-09-15,-1
2012-09-16,-1
2012-09-17,-1
2012-09-18,-1
2012-09-19,-1
2012-09-20,-1
2012-09-21,-1
2012-09-22,-1
2012-09-23,-1
2012-09-24,-1
2012-09-25,-1
2012-09-26,-1
2012-09-27,-1
2012-09-28,-1
2012-09-29,-1
2012-09-30,-1
2012-10-01,-1
2012-10-02,-1
2012-10-03,-1
2012-10-04,-1
2012-10-05,-1
2012-10-06,-1
2012-10-07,-1
2012-10-08,-1
2012-10-09,-1
2012-10-10,-1
2012-10-11,-1
2012-10-12,-1
2012-10-13,-1
2012-10-14,-1
2012-10-15,-1
2012-10-16,-1
2012-10-17,-1
2012-10-18,-1
2012-10-19,-1
2012-10-20,-1
2012-10-21,-1
2012-10-22,-1
2012-10-23,-1
2012-10-24,-1
2012-10-25,-1
2012-10-26,-1
2012-10-27,-1
2012-10-28,-1
2012-10-29,-1
2012-10-30,-1
2012-10-31,-1
2012-11-01,-1
2012-11-02,-1
2012-11-03,-1
2012-11-04,-1
2012-11-05,-1
2012-11-06,-1
2012-11-07,-1
2012-11-08,-1
2012-11-09,-1
2012-11-10,-1
2012-11-11,-1
2012-11-12,-1
2012-11-13,-1
2012-11-14,-1
2012-11-15,-1
2012-11-16,-1
2012-11-17,-1
2012-11-18,-1
2012-11-19,-1
2012-11-20,-1
2012-11-21,-1
2012-11-22,-1
2012-11-23,-1
2012-11-24,-1
2012-11-25,-1
2012-11-26,-1
2012-11-27,-1
2012-11-28,-1
2012-11-29,-1
2012-11-30,-1
2012-12-01,-1
2012-12-02,-1
2012-12-03,-1
2012-12-04,-1
2012-12-05,-1
2012-12-06,-1
2012-12-07,-1
2012-12-08,-1
2012-12-09,-1
2012-12-10,-1
2012-12-11,-1
2012-12-12,-1
2012-12-13,-1
2012-12-14,-1
2012-12-15,-1
2012-12-16,-1
2012-12-17,-1
2012-12-18,-1
2012-12-19,-1
2012-12-20,-1
2012-12-21,-1
2012-12-22,-1
2012-12-23,-1
2012-12-24,-1
2012-12-25,-1
2012-12-26,-1
2012-12-27,-1
2012-12-28,-1
2012-12-29,-1
2012-12-30,-1
2012-12-31,-1
2013-01-01,-1
2013-01-02,-1
2013-01-03,-1
2013-01-04,-1
2013-01-05,-1
2013-01-06,-1
2013-01-07,-1
2013-01-08,-1
2013-01-09,-1
2013-01-10,-1
2013-01-11,-1
2013-01-12,-1
2013-01-13,-1
2013-01-14,-1
2013-01-15,-1
2013-01-16,-1
2013-01-17,-1
2013-01-18,-1
2013-01-19,-1
2013-01-20,-1
2013-01-21,-1
2013-01-22,-1
2013-01-23,-1
2013-01-24,-1
2013-01-25,-1
2013-01-26,-1
2013-01-27,-1
2013-01-28,-1
2013-01-29,-1
2013-01-30,-1
2013-01-31,-1
2013-02-01,-1
2013-02-02,-1
2013-02-03,-1
2013-02-04,-1
2013-02-05,-1
2013-02-06,-1
2013-02-07,-1
2013-02-08,-1
2013-02-09,-1
2013-02-10,-1
2013-02-11,-1
2013-02-12,-1
2013-02-13,-1
2013-02-14,-1
2013-02-15,-1
2013-02-16,-1
2013-02-17,-1
2013-02-18,-1
2013-02-19,-1
2013-02-20,-1
2013-02-21,-1
2013-02-22,-1
2013-02-23,-1
2013-02-24,-1
2013-02-25,-1
2013-02-26,-1
2013-02-27,-1
2013-02-28,-1
2013-03-01,-1
2013-03-02,-1
2013-03-03,-1
2013-03-04,-1
2013-03-05,-1
2013-03-06,-1
2013-03-07,-1
2013-03-08,-1
2013-03-09,-1
2013-03-10,-1
2013-03-11,-1
2013-03-12,-1
2013-03-13,-1
2013-03-14,-1
2013-03-15,-1
2013-03-16,-1
2013-03-17,-1
2013-03-18,-1
2013-03-19,-1
2013-03-20,-1
2013-03-21,-1
2013-03-22,-1
2013-03-23,-1
2013-03-24,-1
2013-03-25,-1
2013-03-26,-1
2013-03-27,-1
2013-03-28,-1
2013-03-29,-1
2013-03-30,-1
2013-03-31,-1
2013-04-01,-1
2013-04-02,-1
2013-04-03,-1
2013-04-04,-1
2013-04-05,-1
2013-04-06,-1
2013-04-07,-1
2013-04-08,-1
2013-04-09,-1
2013-04-10,-1
2013-04-11,-1
2013-04-12,-1
2013-04-13,-1
2013-04-14,-1
2013-04-15,-1
2013-04-16,-1
2013-04-17,-1
2013-04-18,-1
2013-04-19,-1
2013-04-20,-1
2013-04-21,-1
2013-04-22,-1
2013-04-23,-1
2013-04-24,-1
2013-04-25,-1
2013-04-26,-1
2013-04-27,-1
2013-04-28,-1
2013-04-29,-1
2013-04-30,-1
2013-05-01,-1
2013-05-02,-1
2013-05-03,-1
2013-05-04,-1
2013-05-05,-1
2013-05-06,-1
2013-05-07,-1
2013-05-08,-1
2013-05-09,-1
2013-05-10,-1
2013-05-11,-1
2013-05-12,-1
2013-05-13,-1
2013-05-14,-1
2013-05-15,-1
2013-05-16,-1
2013-05-17,-1
2013-05-18,-1
2013-05-19,-1
2013-05-20,-1
2013-05-21,-1
2013-05-22,-1
2013-05-23,-1
2013-05-24,-1
2013-05-25,-1
2013-05-26,-1
2013-05-27,-1
2013-05-28,-1
2013-05-29,-1
2013-05-30,-1
2013-05-31,-1
2013-06-01,-1
2013-06-02,-1
2013-06-03,-1
2013-06-04,-1
2013-06-05,-1
2013-06-06,-1
2013-06-07,-1
2013-06-08,-1
2013-06-09,-1
2013-06-10,-1
2013-06-11,-1
2013-06-12,-1
2013-06-13,-1
2013-06-14,-1
2013-06-15,-1
2013-06-16,-1
2013-06-17,-1
2013-06-18,-1
2013-06-19,-1
2013-06-20,-1
2013-06-21,-1
2013-06-22,-1
2013-06-23,-1
2013-06-24,-1
2013-06-25,-1
2013-06-26,-1
2013-06-27,-1
2013-06-28,-1
2013-06-29,-1
2013-06-30,-1
2013-07-01,-1
2013-07-02,-1
2013-07-03,-1
2013-07-04,-1
2013-07-05,-1
2013-07-06,-1
2013-07-07,-1
2013-07-08,-1
2013-07-09,-1
2013-07-10,-1
2013-07-11,-1
2013-07-12,-1
2013-07-13,-1
2013-07-14,-1
2013-07-15,-1
2013-07-16,-1
2013-07-17,-1
2013-07-18,-1
2013-07-19,-1
2013-07-20,-1
2013-07-21,-1
2013-07-22,-1
2013-07-23,-1
2013-07-24,-1
2013-07-25,-1
2013-07-26,-1
2013-07-27,-1
2013-07-28,-1
2013-07-29,-1
2013-07-30,-1
2013-07-31,-1
2013-08-01,-1
2013-08-02,-1
2013-08-03,-1
2013-08-04,-1
2013-08-05,-1
2013-08-06,-1
2013-08-07,-1
2013-08-08,-1
2013-08-09,-1
2013-08-10,-1
2013-08-11,-1
2013-08-12,-1
2013-08-13,-1
2013-08-14,-1
2013-08-15,-1
2013-08-16,-1
2013-08-17,-1
2013-08-18,-1
2013-08-19,-1
2013-08-20,-1
2013-08-21,-1
2013-08-22,-1
2013-08-23,-1
2013-08-24,-1
2013-08-25,-1
2013-08-26,-1
2013-08-27,-1
2013-08-28,-1
2013-08-29,-1
2013-08-30,-1
2013-08-31,-1
2013-09-01,-1
2013-09-02,-1
2013-09-03,-1
2013-09-04,-1
2013-09-05,-1
2013-09-06,-1
2013-09-07,-1
2013-09-08,-1
2013-09-09,-1
2013-09-10,-1
2013-09-11,-1
2013-09-12,-1
2013-09-13,-1
2013-09-14,-1
2013-09-15,-1
2013-09-16,-1
2013-09-17,-1
2013-09-18,-1
2013-09-19,-1
2013-09-20,-1
2013-09-21,-1
2013-09-22,-1
2013-09-23,-1
2013-09-24,-1
2013-09-25,-1
2013-09-26,-1
2013-09-27,-1
2013-09-28,-1
2013-09-29,-1
2013-09-30,-1
2014-01-01,-1
2014-01-02,-1
2014-01-03,-1
2014-01-04,-1
2014-01-05,-1
2014-01-06,-1
2014-01-07,-1
2014-01-08,-1
2014-01-09,-1
2014-01-10,-1
2014-01-11,-1
2014-01-12,-1
2014-01-13,-1
2014-01-14,-1
2014-01-15,-1
2014-01-16,-1
2014-01-17,-1
2014-01-18,-1
2014-01-19,-1
2014-01-20,-1
2014-01-21,-1
2014-01-22,-1
2014-01-23,-1
2014-01-24,-1
2014-01-25,-1
2014-01-26,-1
2014-01-27,-1
2014-01-28,-1
2014-01-29,-1
2014-01-30,-1
2014-01-31,-1
2014-02-01,-1
2014-02-02,-1
2014-02-03,-1
2014-02-04,-1
2014-02-05,-1
2014-02-06,-1
2014-02-07,-1
2014-02-08,-1
2014-02-09,-1
2014-02-10,-1
2014-02-11,-1
2014-02-12,-1
2014-02-13,-1
2014-02-14,-1
2014-02-15,-1
2014-02-16,-1
2014-02-17,-1
2014-02-18,-1
2014-02-19,-1
2014-02-20,-1
2014-02-21,-1
2014-02-22,-1
2014-02-23,-1
2014-02-24,-1
2014-02-25,-1
2014-02-26,-1
2014-02-27,-1
2014-02-28,-1
2014-03-01,-1
2014-03-02,-1
2014-03-03,-1
2014-03-04,-1
2014-03-05,-1
2014-03-06,-1
2014-03-07,-1
2014-03-08,-1
2014-03-09,-1
2014-03-10,-1
2014-03-11,-1
2014-03-12,-1
2014-03-13,-1
2014-03-14,-1
2014-03-15,-1
2014-03-16,-1
2014-03-17,-1
2014-03-18,-1
2014-03-19,-1
2014-03-20,-1
2014-03-21,-1
2014-03-22,-1
2014-03-23,-1
2014-03-24,-1
2014-03-25,-1
2014-03-26,-1
2014-03-27,-1
2014-03-28,-1
2014-03-29,-1
2014-03-30,-1
2014-03-31,-1
2014-04-01,-1
2014-04-02,-1
2014-04-03,-1
2014-04-04,-1
2014-04-05,-1
2014-04-06,-1
2014-04-07,-1
2014-04-08,-1
2014-04-09,-1
2014-04-10,-1
2014-04-11,-1
2014-04-12,-1
2014-04-13,-1
2014-04-14,-1
2014-04-15,-1
2014-04-16,-1
2014-04-17,-1
2014-04-18,-1
2014-04-19,-1
2014-04-20,-1
2014-04-21,-1
2014-04-22,-1
2014-04-23,-1
2014-04-24,-1
2014-04-25,-1
2014-04-26,-1
2014-04-27,-1
2014-04-28,-1
2014-04-29,-1
2014-04-30,-1
2014-05-01,-1
2014-05-02,-1
2014-05-03,-1
2014-05-04,-1
2014-05-05,-1
2014-05-06,-1
2014-05-07,-1
2014-05-08,-1
2014-05-09,-1
2014-05-10,-1
2014-05-11,-1
2014-05-12,-1
2014-05-13,-1
2014-05-14,-1
2014-05-15,-1
2014-05-16,-1
2014-05-17,-1
2014-05-18,-1
2014-05-19,-1
2014-05-20,-1
2014-05-21,-1
2014-05-22,-1
2014-05-23,-1
2014-05-24,-1
2014-05-25,-1
2014-05-26,-1
2014-05-27,-1
2014-05-28,-1
2014-05-29,-1
2014-05-30,-1
2014-05-31,-1
2014-06-01,-1
2014-06-02,-1
2014-06-03,-1
2014-06-04,-1
2014-06-05,-1
2014-06-06,-1
2014-06-07,-1
2014-06-08,-1
2014-06-09,-1
2014-06-10,-1
2014-06-11,-1
2014-06-12,-1
2014-06-13,-1
2014-06-14,-1
2014-06-15,-1
2014-06-16,-1
2014-06-17,-1
2014-06-18,-1
2014-06-19,-1
2014-06-20,-1
2014-06-21,-1
2014-06-22,-1
2014-06-23,-1
2014-06-24,-1
2014-06-25,-1
2014-06-26,-1
2014-06-27,-1
2014-06-28,-1
2014-06-29,-1
2014-06-30,-1
2014-10-01,-1
2014-10-02,-1
2014-10-03,-1
2014-10-04,-1
2014-10-05,-1
2014-10-06,-1
2014-10-07,-1
2014-10-08,-1
2014-10-09,-1
2014-10-10,-1
2014-10-11,-1
2014-10-12,-1
2014-10-13,-1
2014-10-14,-1
2014-10-15,-1
2014-10-16,-1
2014-10-17,-1
2014-10-18,-1
2014-10-19,-1
2014-10-20,-1
2014-10-21,-1
2014-10-22,-1
2014-10-23,-1
2014-10-24,-1
2014-10-25,-1
2014-10-26,-1
2014-10-27,-1
2014-10-28,-1
2014-10-29,-1
2014-10-30,-1
2014-10-31,-1
2014-11-01,-1
2014-11-02,-1
2014-11-03,-1
2014-11-04,-1
2014-11-05,-1
2014-11-06,-1
2014-11-07,-1
2014-11-08,-1
2014-11-09,-1
2014-11-10,-1
2014-11-11,-1
2014-11-12,-1
2014-11-13,-1
2014-11-14,-1
2014-11-15,-1
2014-11-16,-1
2014-11-17,-1
2014-11-18,-1
2014-11-19,-1
2014-11-20,-1
2014-11-21,-1
2014-11-22,-1
2014-11-23,-1
2014-11-24,-1
2014-11-25,-1
2014-11-26,-1
2014-11-27,-1
2014-11-28,-1
2014-11-29,-1
2014-11-30,-1
2014-12-01,-1
2014-12-02,-1
2014-12-03,-1
2014-12-04,-1
2014-12-05,-1
2014-12-06,-1
2014-12-07,-1
2014-12-08,-1
2014-12-09,-1
2014-12-10,-1
2014-12-11,-1
2014-12-12,-1
2014-12-13,-1
2014-12-14,-1
2014-12-15,-1
2014-12-16,-1
2014-12-17,-1
2014-12-18,-1
2014-12-19,-1
2014-12-20,-1
2014-12-21,-1
2014-12-22,-1
2014-12-23,-1
2014-12-24,-1
2014-12-25,-1
2014-12-26,-1
2014-12-27,-1
2014-12-28,-1
2014-12-29,-1
2014-12-30,-1
2014-12-31,-1
2015-04-01,-1
2015-04-02,-1
2015-04-03,-1
2015-04-04,-1
2015-04-05,-1
2015-04-06,-1
2015-04-07,-1
2015-04-08,-1
2015-04-09,-1
2015-04-10,-1
2015-04-11,-1
2015-04-12,-1
2015-04-13,-1
2015-04-14,-1
2015-04-15,-1
2015-04-16,-1
2015-04-17,-1
2015-04-18,-1
2015-04-19,-1
2015-04-20,-1
2015-04-21,-1
2015-04-22,-1
2015-04-23,-1
2015-04-24,-1
2015-04-25,-1
2015-04-26,-1
2015-04-27,-1
2015-04-28,-1
2015-04-29,-1
2015-04-30,-1
2015-05-01,-1
2015-05-02,-1
2015-05-03,-1
2015-05-04,-1
2015-05-05,-1
2015-05-06,-1
2015-05-07,-1
2015-05-08,-1
2015-05-09,-1
2015-05-10,-1
2015-05-11,-1
2015-05-12,-1
2015-05-13,-1
2015-05-14,-1
2015-05-15,-1
2015-05-16,-1
2015-05-17,-1
2015-05-18,-1
2015-05-19,-1
2015-05-20,-1
2015-05-21,-1
2015-05-22,-1
2015-05-23,-1
2015-05-24,-1
2015-05-25,-1
2015-05-26,-1
2015-05-27,-1
2015-05-28,-1
2015-05-29,-1
2015-05-30,-1
2015-05-31,-1
2015-06-01,-1
2015-06-02,-1
2015-06-03,-1
2015-06-04,-1
2015-06-05,-1
2015-06-06,-1
2015-06-07,-1
2015-06-08,-1
2015-06-09,-1
2015-06-10,-1
2015-06-11,-1
2015-06-12,-1
2015-06-13,-1
2015-06-14,-1
2015-06-15,-1
2015-06-16,-1
2015-06-17,-1
2015-06-18,-1
2015-06-19,-1
2015-06-20,-1
2015-06-21,-1
2015-06-22,-1
2015-06-23,-1
2015-06-24,-1
2015-06-25,-1
2015-06-26,-1
2015-06-27,-1
2015-06-28,-1
2015-06-29,-1
2015-06-30,-1
2015-07-01,-1
2015-07-02,-1
2015-07-03,-1
2015-07-04,-1
2015-07-05,-1
2015-07-06,-1
2015-07-07,-1
2015-07-08,-1
2015-07-09,-1
2015-07-10,-1
2015-07-11,-1
2015-07-12,-1
2015-07-13,-1
2015-07-14,-1
2015-07-15,-1
2015-07-16,-1
2015-07-17,-1
2015-07-18,-1
2015-07-19,-1
2015-07-20,-1
2015-07-21,-1
2015-07-22,-1
2015-07-23,-1
2015-07-24,-1
2015-07-25,-1
2015-07-26,-1
2015-07-27,-1
2015-07-28,-1
2015-07-29,-1
2015-07-30,-1
2015-07-31,-1
2015-08-01,-1
2015-08-02,-1
2015-08-03,-1
2015-08-04,-1
2015-08-05,-1
2015-08-06,-1
2015-08-07,-1
2015-08-08,-1
2015-08-09,-1
2015-08-10,-1
2015-08-11,-1
2015-08-12,-1
2015-08-13,-1
2015-08-14,-1
2015-08-15,-1
2015-08-16,-1
2015-08-17,-1
2015-08-18,-1
2015-08-19,-1
2015-08-20,-1
2015-08-21,-1
2015-08-22,-1
2015-08-23,-1
2015-08-24,-1
2015-08-25,-1
2015-08-26,-1
2015-08-27,-1
2015-08-28,-1
2015-08-29,-1
2015-08-30,-1
2015-08-31,-1
2015-09-01,-1
2015-09-02,-1
2015-09-03,-1
2015-09-04,-1
2015-09-05,-1
2015-09-06,-1
2015-09-07,-1
2015-09-08,-1
2015-09-09,-1
2015-09-10,-1
2015-09-11,-1
2015-09-12,-1
2015-09-13,-1
2015-09-14,-1
2015-09-15,-1
2015-09-16,-1
2015-09-17,-1
2015-09-18,-1
2015-09-19,-1
2015-09-20,-1
2015-09-21,-1
2015-09-22,-1
2015-09-23,-1
2015-09-24,-1
2015-09-25,-1
2015-09-26,-1
2015-09-27,-1
2015-09-28,-1
2015-09-29,-1
2015-09-30,-1
2015-10-01,-1
2015-10-02,-1
2015-10-03,-1
2015-10-04,-1
2015-10-05,-1
2015-10-06,-1
2015-10-07,-1
2015-10-08,-1
2015-10-09,-1
2015-10-10,-1
2015-10-11,-1
2015-10-12,-1
2015-10-13,-1
2015-10-14,-1
2015-10-15,-1
2015-10-16,-1
2015-10-17,-1
2015-10-18,-1
2015-10-19,-1
2015-10-20,-1
2015-10-21,-1
2015-10-22,-1
2015-10-23,-1
2015-10-24,-1
2015-10-25,-1
2015-10-26,-1
2015-10-27,-1
2015-10-28,-1
2015-10-29,-1
2015-10-30,-1
2015-10-31,-1
2015-11-01,-1
2015-11-02,-1
2015-11-03,-1
2015-11-04,-1
2015-11-05,-1
2015-11-06,-1
2015-11-07,-1
2015-11-08,-1
2015-11-09,-1
2015-11-10,-1
2015-11-11,-1
2015-11-12,-1
2015-11-13,-1
2015-11-14,-1
2015-11-15,-1
2015-11-16,-1
2015-11-17,-1
2015-11-18,-1
2015-11-19,-1
2015-11-20,-1
2015-11-21,-1
2015-11-22,-1
2015-11-23,-1
2015-11-24,-1
2015-11-25,-1
2015-11-26,-1
2015-11-27,-1
2015-11-28,-1
2015-11-29,-1
2015-11-30,-1
2015-12-01,-1
2015-12-02,-1
2015-12-03,-1
2015-12-04,-1
2015-12-05,-1
2015-12-06,-1
2015-12-07,-1
2015-12-08,-1
2015-12-09,-1
2015-12-10,-1
2015-12-11,-1
2015-12-12,-1
2015-12-13,-1
2015-12-14,-1
2015-12-15,-1
2015-12-16,-1
2015-12-17,-1
2015-12-18,-1
2015-12-19,-1
2015-12-20,-1
2015-12-21,-1
2015-12-22,-1
2015-12-23,-1
2015-12-24,-1
2015-12-25,-1
2015-12-26,-1
2015-12-27,-1
2015-12-28,-1
2015-12-29,-1
2015-12-30,-1
2015-12-31,-1
2016-01-01,-1
2016-01-02,-1
2016-01-03,-1
2016-01-04,-1
2016-01-05,-1
2016-01-06,-1
2016-01-07,-1
2016-01-08,-1
2016-01-09,-1
2016-01-10,-1
2016-01-11,-1
2016-01-12,-1
2016-01-13,-1
2016-01-14,-1
2016-01-15,-1
2016-01-16,-1
2016-01-17,-1
2016-01-18,-1
2016-01-19,-1
2016-01-20,-1
2016-01-21,-1
2016-01-22,-1
2016-01-23,-1
2016-01-24,-1
2016-01-25,-1
2016-01-26,-1
2016-01-27,-1
2016-01-28,-1
2016-01-29,-1
2016-01-30,-1
2016-01-31,-1
2016-02-01,-1
2016-02-02,-1
2016-02-03,-1
2016-02-04,-1
2016-02-05,-1
2016-02-06,-1
2016-02-07,-1
2016-02-08,-1
2016-02-09,-1
2016-02-10,-1
2016-02-11,-1
2016-02-12,-1
2016-02-13,-1
2016-02-14,-1
2016-02-15,-1
2016-02-16,-1
2016-02-17,-1
2016-02-18,-1
2016-02-19,-1
2016-02-20,-1
2016-02-21,-1
2016-02-22,-1
2016-02-23,-1
2016-02-24,-1
2016-02-25,-1
2016-02-26,-1
2016-02-27,-1
2016-02-28,-1
2016-02-29,-1
2016-03-01,-1
2016-03-02,-1
2016-03-03,-1
2016-03-04,-1
2016-03-05,-1
2016-03-06,-1
2016-03-07,-1
2016-03-08,-1
2016-03-09,-1
2016-03-10,-1
2016-03-11,-1
2016-03-12,-1
2016-03-13,-1
2016-03-14,-1
2016-03-15,-1
2016-03-16,-1
2016-03-17,-1
2016-03-18,-1
2016-03-19,-1
2016-03-20,-1
2016-03-21,-1
2016-03-22,-1
2016-03-23,-1
2016-03-24,-1
2016-03-25,-1
2016-03-26,-1
2016-03-27,-1
2016-03-28,-1
2016-03-29,-1
2016-03-30,-1
2016-03-31,-1
2016-04-01,-1
2016-04-02,-1
2016-04-03,-1
2016-04-04,-1
2016-04-05,-1
2016-04-06,-1
2016-04-07,-1
2016-04-08,-1
2016-04-09,-1
2016-04-10,-1
2016-04-11,-1
2016-04-12,-1
2016-04-13,-1
2016-04-14,-1
2016-04-15,-1
2016-04-16,-1
2016-04-17,-1
2016-04-18,-1
2016-04-19,-1
2016-04-20,-1
2016-04-21,-1
2016-04-22,-1
2016-04-23,-1
2016-04-24,-1
2016-04-25,-1
2016-04-26,-1
2016-04-27,-1
2016-04-28,-1
2016-04-29,-1
2016-04-30,-1
2016-05-01,-1
2016-05-02,-1
2016-05-03,-1
2016-05-04,-1
2016-05-05,-1
2016-05-06,-1
2016-05-07,-1
2016-05-08,-1
2016-05-09,-1
2016-05-10,-1
2016-05-11,-1
2016-05-12,-1
2016-05-13,-1
2016-05-14,-1
2016-05-15,-1
2016-05-16,-1
2016-05-17,-1
2016-05-18,-1
2016-05-19,-1
2016-05-20,-1
2016-05-21,-1
2016-05-22,-1
2016-05-23,-1
2016-05-24,-1
2016-05-25,-1
2016-05-26,-1
2016-05-27,-1
2016-05-28,-1
2016-05-29,-1
2016-05-30,-1
2016-05-31,-1
2016-06-01,-1
2016-06-02,-1
2016-06-03,-1
2016-06-04,-1
2016-06-05,-1
2016-06-06,-1
2016-06-07,-1
2016-06-08,-1
2016-06-09,-1
2016-06-10,-1
2016-06-11,-1
2016-06-12,-1
2016-06-13,-1
2016-06-14,-1
2016-06-15,-1
2016-06-16,-1
2016-06-17,-1
2016-06-18,-1
2016-06-19,-1
2016-06-20,-1
2016-06-21,-1
2016-06-22,-1
2016-06-23,-1
2016-06-24,-1
2016-06-25,-1
2016-06-26,-1
2016-06-27,-1
2016-06-28,-1
2016-06-29,-1
2016-06-30,-1
2016-07-01,-1
2016-07-02,-1
2016-07-03,-1
2016-07-04,-1
2016-07-05,-1
2016-07-06,-1
2016-07-07,-1
2016-07-08,-1
2016-07-09,-1
2016-07-10,-1
2016-07-11,-1
2016-07-12,-1
2016-07-13,-1
2016-07-14,-1
2016-07-15,-1
2016-07-16,-1
2016-07-17,-1
2016-07-18,-1
2016-07-19,-1
2016-07-20,-1
2016-07-21,-1
2016-07-22,-1
2016-07-23,-1
2016-07-24,-1
2016-07-25,-1
2016-07-26,-1
2016-07-27,-1
2016-07-28,-1
2016-07-29,-1
2016-07-30,-1
2016-07-31,-1
2016-08-01,-1
2016-08-02,-1
2016-08-03,-1
2016-08-04,-1
2016-08-05,-1
2016-08-06,-1
2016-08-07,-1
2016-08-08,-1
2016-08-09,-1
2016-08-10,-1
2016-08-11,-1
2016-08-12,-1
2016-08-13,-1
2016-08-14,-1
2016-08-15,-1
2016-08-16,-1
2016-08-17,-1
2016-08-18,-1
2016-08-19,-1
2016-08-20,-1
2016-08-21,-1
2016-08-22,-1
2016-08-23,-1
2016-08-24,-1
2016-08-25,-1
2016-08-26,-1
2016-08-27,-1
2016-08-28,-1
2016-08-29,-1
2016-08-30,-1
2016-08-31,-1
2016-09-01,-1
2016-09-02,-1
2016-09-03,-1
2016-09-04,-1
2016-09-05,-1
2016-09-06,-1
2016-09-07,-1
2016-09-08,-1
2016-09-09,-1
2016-09-10,-1
2016-09-11,-1
2016-09-12,-1
2016-09-13,-1
2016-09-14,-1
2016-09-15,-1
2016-09-16,-1
2016-09-17,-1
2016-09-18,-1
2016-09-19,-1
2016-09-20,-1
2016-09-21,-1
2016-09-22,-1
2016-09-23,-1
2016-09-24,-1
2016-09-25,-1
2016-09-26,-1
2016-09-27,-1
2016-09-28,-1
2016-09-29,-1
2016-09-30,-1
2016-10-01,-1
2016-10-02,-1
2016-10-03,-1
2016-10-04,-1
2016-10-05,-1
2016-10-06,-1
2016-10-07,-1
2016-10-08,-1
2016-10-09,-1
2016-10-10,-1
2016-10-11,-1
2016-10-12,-1
2016-10-13,-1
2016-10-14,-1
2016-10-15,-1
2016-10-16,-1
2016-10-17,-1
2016-10-18,-1
2016-10-19,-1
2016-10-20,-1
2016-10-21,-1
2016-10-22,-1
2016-10-23,-1
2016-10-24,-1
2016-10-25,-1
2016-10-26,-1
2016-10-27,-1
2016-10-28,-1
2016-10-29,-1
2016-10-30,-1
2016-10-31,-1
2016-11-01,-1
2016-11-02,-1
2016-11-03,-1
2016-11-04,-1
2016-11-05,-1
2016-11-06,-1
2016-11-07,-1
2016-11-08,-1
2016-11-09,-1
2016-11-10,-1
2016-11-11,-1
2016-11-12,-1
2016-11-13,-1
2016-11-14,-1
2016-11-15,-1
2016-11-16,-1
2016-11-17,-1
2016-11-18,-1
2016-11-19,-1
2016-11-20,-1
2016-11-21,-1
2016-11-22,-1
2016-11-23,-1
2016-11-24,-1
2016-11-25,-1
2016-11-26,-1
2016-11-27,-1
2016-11-28,-1
2016-11-29,-1
2016-11-30,-1
2016-12-01,-1
2016-12-02,-1
2016-12-03,-1
2016-12-04,-1
2016-12-05,-1
2016-12-06,-1
2016-12-07,-1
2016-12-08,-1
2016-12-09,-1
2016-12-10,-1
2016-12-11,-1
2016-12-12,-1
2016-12-13,-1
2016-12-14,-1
2016-12-15,-1
2016-12-16,-1
2016-12-17,-1
2016-12-18,-1
2016-12-19,-1
2016-12-20,-1
2016-12-21,-1
2016-12-22,-1
2016-12-23,-1
2016-12-24,-1
2016-12-25,-1
2016-12-26,-1
2016-12-27,-1
2016-12-28,-1
2016-12-29,-1
2016-12-30,-1
2016-12-31,-1
2017-01-01,-1
2017-01-02,-1
2017-01-03,-1
2017-01-04,-1
2017-01-05,-1
2017-01-06,-1
2017-01-07,-1
2017-01-08,-1
2017-01-09,-1
2017-01-10,-1
2017-01-11,-1
2017-01-12,-1
2017-01-13,-1
2017-01-14,-1
2017-01-15,-1
2017-01-16,-1
2017-01-17,-1
2017-01-18,-1
2017-01-19,-1
2017-01-20,-1
2017-01-21,-1
2017-01-22,-1
2017-01-23,-1
2017-01-24,-1
2017-01-25,-1
2017-01-26,-1
2017-01-27,-1
2017-01-28,-1
2017-01-29,-1
2017-01-30,-1
2017-01-31,-1
2017-02-01,-1
2017-02-02,-1
2017-02-03,-1
2017-02-04,-1
2017-02-05,-1
2017-02-06,-1
2017-02-07,-1
2017-02-08,-1
2017-02-09,-1
2017-02-10,-1
2017-02-11,-1
2017-02-12,-1
2017-02-13,-1
2017-02-14,-1
2017-02-15,-1
2017-02-16,-1
2017-02-17,-1
2017-02-18,-1
2017-02-19,-1
2017-02-20,-1
2017-02-21,-1
2017-02-22,-1
2017-02-23,-1
2017-02-24,-1
2017-02-25,-1
2017-02-26,-1
2017-02-27,-1
2017-02-28,-1
2017-03-01,-1
2017-03-02,-1
2017-03-03,-1
2017-03-04,-1
2017-03-05,-1
2017-03-06,-1
2017-03-07,-1
2017-03-08,-1
2017-03-09,-1
2017-03-10,-1
2017-03-11,-1
2017-03-12,-1
2017-03-13,-1
2017-03-14,-1
2017-03-15,-1
2017-03-16,-1
2017-03-17,-1
2017-03-18,-1
2017-03-19,-1
2017-03-20,-1
2017-03-21,-1
2017-03-22,-1
2017-03-23,-1
2017-03-24,-1
2017-03-25,-1
2017-03-26,-1
2017-03-27,-1
2017-03-28,-1
2017-03-29,-1
2017-03-30,-1
2017-03-31,-1
2017-04-01,-1
2017-04-02,-1
2017-04-03,-1
2017-04-04,-1
2017-04-05,-1
2017-04-06,-1
2017-04-07,-1
2017-04-08,-1
2017-04-09,-1
2017-04-10,-1
2017-04-11,-1
2017-04-12,-1
2017-04-13,-1
2017-04-14,-1
2017-04-15,-1
2017-04-16,-1
2017-04-17,-1
2017-04-18,-1
2017-04-19,-1
2017-04-20,-1
2017-04-21,-1
2017-04-22,-1
2017-04-23,-1
2017-04-24,-1
2017-04-25,-1
2017-04-26,-1
2017-04-27,-1
2017-04-28,-1
2017-04-29,-1
2017-04-30,-1
2017-05-01,-1
2017-05-02,-1
2017-05-03,-1
2017-05-04,-1
2017-05-05,-1
2017-05-06,-1
2017-05-07,-1
2017-05-08,-1
2017-05-09,-1
2017-05-10,-1
2017-05-11,-1
2017-05-12,-1
2017-05-13,-1
2017-05-14,-1
2017-05-15,-1
2017-05-16,-1
2017-05-17,-1
2017-05-18,-1
2017-05-19,-1
2017-05-20,-1
2017-05-21,-1
2017-05-22,-1
2017-05-23,-1
2017-05-24,-1
2017-05-25,-1
2017-05-26,-1
2017-05-27,-1
2017-05-28,-1
2017-05-29,-1
2017-05-30,-1
2017-05-31,-1
2017-06-01,-1
2017-06-02,-1
2017-06-03,-1
2017-06-04,-1
2017-06-05,-1
2017-06-06,-1
2017-06-07,-1
2017-06-08,-1
2017-06-09,-1
2017-06-10,-1
2017-06-11,-1
2017-06-12,-1
2017-06-13,-1
2017-06-14,-1
2017-06-15,-1
2017-06-16,-1
2017-06-17,-1
2017-06-18,-1
2017-06-19,-1
2017-06-20,-1
2017-06-21,-1
2017-06-22,-1
2017-06-23,-1
2017-06-24,-1
2017-06-25,-1
2017-06-26,-1
2017-06-27,-1
2017-06-28,-1
2017-06-29,-1
2017-06-30,-1
2017-10-01,-1
2017-10-02,-1
2017-10-03,-1
2017-10-04,-1
2017-10-05,-1
2017-10-06,-1
2017-10-07,-1
2017-10-08,-1
2017-10-09,-1
2017-10-10,-1
2017-10-11,-1
2017-10-12,-1
2017-10-13,-1
2017-10-14,-1
2017-10-15,-1
2017-10-16,-1
2017-10-17,-1
2017-10-18,-1
2017-10-19,-1
2017-10-20,-1
2017-10-21,-1
2017-10-22,-1
2017-10-23,-1
2017-10-24,-1
2017-10-25,-1
2017-10-26,-1
2017-10-27,-1
2017-10-28,-1
2017-10-29,-1
2017-10-30,-1
2017-10-31,-1
2017-11-01,-1
2017-11-02,-1
2017-11-03,-1
2017-11-04,-1
2017-11-05,-1
2017-11-06,-1
2017-11-07,-1
2017-11-08,-1
2017-11-09,-1
2017-11-10,-1
2017-11-11,-1
2017-11-12,-1
2017-11-13,-1
2017-11-14,-1
2017-11-15,-1
2017-11-16,-1
2017-11-17,-1
2017-11-18,-1
2017-11-19,-1
2017-11-20,-1
2017-11-21,-1
2017-11-22,-1
2017-11-23,-1
2017-11-24,-1
2017-11-25,-1
2017-11-26,-1
2017-11-27,-1
2017-11-28,-1
2017-11-29,-1
2017-11-30,-1
2017-12-01,-1
2017-12-02,-1
2017-12-03,-1
2017-12-04,-1
2017-12-05,-1
2017-12-06,-1
2017-12-07,-1
2017-12-08,-1
2017-12-09,-1
2017-12-10,-1
2017-12-11,-1
2017-12-12,-1
2017-12-13,-1
2017-12-14,-1
2017-12-15,-1
2017-12-16,-1
2017-12-17,-1
2017-12-18,-1
2017-12-19,-1
2017-12-20,-1
2017-12-21,-1
2017-12-22,-1
2017-12-23,-1
2017-12-24,-1
2017-12-25,-1
2017-12-26,-1
2017-12-27,-1
2017-12-28,-1
2017-12-29,-1
2017-12-30,-1
2017-12-31,-1
2018-01-01,-1
2018-01-02,-1
2018-01-03,-1
2018-01-04,-1
2018-01-05,-1
2018-01-06,-1
2018-01-07,-1
2018-01-08,-1
2018-01-09,-1
2018-01-10,-1
2018-01-11,-1
2018-01-12,-1
2018-01-13,-1
2018-01-14,-1
2018-01-15,-1
2018-01-16,-1
2018-01-17,-1
2018-01-18,-1
2018-01-19,-1
2018-01-20,-1
2018-01-21,-1
2018-01-22,-1
2018-01-23,-1
2018-01-24,-1
2018-01-25,-1
2018-01-26,-1
2018-01-27,-1
2018-01-28,-1
2018-01-29,-1
2018-01-30,-1
2018-01-31,-1
2018-02-01,-1
2018-02-02,-1
2018-02-03,-1
2018-02-04,-1
2018-02-05,-1
2018-02-06,-1
2018-02-07,-1
2018-02-08,-1
2018-02-09,-1
2018-02-10,-1
2018-02-11,-1
2018-02-12,-1
2018-02-13,-1
2018-02-14,-1
2018-02-15,-1
2018-02-16,-1
2018-02-17,-1
2018-02-18,-1
2018-02-19,-1
2018-02-20,-1
2018-02-21,-1
2018-02-22,-1
2018-02-23,-1
2018-02-24,-1
2018-02-25,-1
2018-02-26,-1
2018-02-27,-1
2018-02-28,-1
2018-03-01,-1
2018-03-02,-1
2018-03-03,-1
2018-03-04,-1
2018-03-05,-1
2018-03-06,-1
2018-03-07,-1
2018-03-08,-1
2018-03-09,-1
2018-03-10,-1
2018-03-11,-1
2018-03-12,-1
2018-03-13,-1
2018-03-14,-1
2018-03-15,-1
2018-03-16,-1
2018-03-17,-1
2018-03-18,-1
2018-03-19,-1
2018-03-20,-1
2018-03-21,-1
2018-03-22,-1
2018-03-23,-1
2018-03-24,-1
2018-03-25,-1
2018-03-26,-1
2018-03-27,-1
2018-03-28,-1
2018-03-29,-1
2018-03-30,-1
2018-03-31,-1
2018-07-01,-1
2018-07-02,-1
2018-07-03,-1
2018-07-04,-1
2018-07-05,-1
2018-07-06,-1
2018-07-07,-1
2018-07-08,-1
2018-07-09,-1
2018-07-10,-1
2018-07-11,-1
2018-07-12,-1
2018-07-13,-1
2018-07-14,-1
2018-07-15,-1
2018-07-16,-1
2018-07-17,-1
2018-07-18,-1
2018-07-19,-1
2018-07-20,-1
2018-07-21,-1
2018-07-22,-1
2018-07-23,-1
2018-07-24,-1
2018-07-25,-1
2018-07-26,-1
2018-07-27,-1
2018-07-28,-1
2018-07-29,-1
2018-07-30,-1
2018-07-31,-1
2018-08-01,-1
2018-08-02,-1
2018-08-03,-1
2018-08-04,-1
2018-08-05,-1
2018-08-06,-1
2018-08-07,-1
2018-08-08,-1
2018-08-09,-1
2018-08-10,-1
2018-08-11,-1
2018-08-12,-1
2018-08-13,-1
2018-08-14,-1
2018-08-15,-1
2018-08-16,-1
2018-08-17,-1
2018-08-18,-1
2018-08-19,-1
2018-08-20,-1
2018-08-21,-1
2018-08-22,-1
2018-08-23,-1
2018-08-24,-1
2018-08-25,-1
2018-08-26,-1
2018-08-27,-1
2018-08-28,-1
2018-08-29,-1
2018-08-30,-1
2018-08-31,-1
2018-09-01,-1
2018-09-02,-1
2018-09-03,-1
2018-09-04,-1
2018-09-05,-1
2018-09-06,-1
2018-09-07,-1
2018-09-08,-1
2018-09-09,-1
2018-09-10,-1
2018-09-11,-1
2018-09-12,-1
2018-09-13,-1
2018-09-14,-1
2018-09-15,-1
2018-09-16,-1
2018-09-17,-1
2018-09-18,-1
2018-09-19,-1
2018-09-20,-1
2018-09-21,-1
2018-09-22,-1
2018-09-23,-1
2018-09-24,-1
2018-09-25,-1
2018-09-26,-1
2018-09-27,-1
2018-09-28,-1
2018-09-29,-1
2018-09-30,-1
2018-10-01,-1
2018-10-02,-1
2018-10-03,-1
2018-10-04,-1
2018-10-05,-1
2018-10-06,-1
2018-10-07,-1
2018-10-08,-1
2018-10-09,-1
2018-10-10,-1
2018-10-11,-1
2018-10-12,-1
2018-10-13,-1
2018-10-14,-1
2018-10-15,-1
2018-10-16,-1
2018-10-17,-1
2018-10-18,-1
2018-10-19,-1
2018-10-20,-1
2018-10-21,-1
2018-10-22,-1
2018-10-23,-1
2018-10-24,-1
2018-10-25,-1
2018-10-26,-1
2018-10-27,-1
2018-10-28,-1
2018-10-29,-1
2018-10-30,-1
2018-10-31,-1
2018-11-01,-1
2018-11-02,-1
2018-11-03,-1
2018-11-04,-1
2018-11-05,-1
2018-11-06,-1
2018-11-07,-1
2018-11-08,-1
2018-11-09,-1
2018-11-10,-1
2018-11-11,-1
2018-11-12,-1
2018-11-13,-1
2018-11-14,-1
2018-11-15,-1
2018-11-16,-1
2018-11-17,-1
2018-11-18,-1
2018-11-19,-1
2018-11-20,-1
2018-11-21,-1
2018-11-22,-1
2018-11-23,-1
2018-11-24,-1
2018-11-25,-1
2018-11-26,-1
2018-11-27,-1
2018-11-28,-1
2018-11-29,-1
2018-11-30,-1
2018-12-01,-1
2018-12-02,-1
2018-12-03,-1
2018-12-04,-1
2018-12-05,-1
2018-12-06,-1
2018-12-07,-1
2018-12-08,-1
2018-12-09,-1
2018-12-10,-1
2018-12-11,-1
2018-12-12,-1
2018-12-13,-1
2018-12-14,-1
2018-12-15,-1
2018-12-16,-1
2018-12-17,-1
2018-12-18,-1
2018-12-19,-1
2018-12-20,-1
2018-12-21,-1
2018-12-22,-1
2018-12-23,-1
2018-12-24,-1
2018-12-25,-1
2018-12-26,-1
2018-12-27,-1
2018-12-28,-1
2018-12-29,-1
2018-12-30,-1
2018-12-31,-1
2019-01-01,-1
2019-01-02,-1
2019-01-03,-1
2019-01-04,-1
2019-01-05,-1
2019-01-06,-1
2019-01-07,-1
2019-01-08,-1
2019-01-09,-1
2019-01-10,-1
2019-01-11,-1
2019-01-12,-1
2019-01-13,-1
2019-01-14,-1
2019-01-15,-1
2019-01-16,-1
2019-01-17,-1
2019-01-18,-1
2019-01-19,-1
2019-01-20,-1
2019-01-21,-1
2019-01-22,-1
2019-01-23,-1
2019-01-24,-1
2019-01-25,-1
2019-01-26,-1
2019-01-27,-1
2019-01-28,-1
2019-01-29,-1
2019-01-30,-1
2019-01-31,-1
2019-02-01,-1
2019-02-02,-1
2019-02-03,-1
2019-02-04,-1
2019-02-05,-1
2019-02-06,-1
2019-02-07,-1
2019-02-08,-1
2019-02-09,-1
2019-02-10,-1
2019-02-11,-1
2019-02-12,-1
2019-02-13,15300
2019-02-14,16000
2019-02-15,15650
2019-02-16,-1
2019-02-17,-1
2019-02-18,15750
2019-02-19,15550
2019-02-20,15250
2019-02-21,15100
2019-02-22,14850
2019-02-23,-1
2019-02-24,-1
2019-02-25,14900
2019-02-26,14700
2019-02-27,14800
2019-02-28,14800
2019-03-01,-1
2019-03-02,-1
2019-03-03,-1
2019-03-04,14400
2019-03-05,14250
2019-03-06,14350
2019-03-07,14200
2019-03-08,14000
2019-03-09,-1
2019-03-10,-1
2019-03-11,14150
2019-03-12,14400
2019-03-13,14550
2019-03-14,14350
2019-03-15,14850
2019-03-16,-1
2019-03-17,-1
2019-03-18,14950
2019-03-19,14900
2019-03-20,15000
2019-03-21,14650
2019-03-22,14050
2019-03-23,-1
2019-03-24,-1
2019-03-25,13400
2019-03-26,13350
2019-03-27,13500
2019-03-28,13550
2019-03-29,13750
2019-03-30,-1
2019-03-31,-1
2019-04-01,14150
2019-04-02,14250
2019-04-03,14400
2019-04-04,14450
2019-04-05,14400
2019-04-06,-1
2019-04-07,-1
2019-04-08,14300
2019-04-09,14350
2019-04-10,14350
2019-04-11,14350
2019-04-12,14300
2019-04-13,-1
2019-04-14,-1
2019-04-15,14300
2019-04-16,14200
2019-04-17,14150
2019-04-18,14000
2019-04-19,13950
2019-04-20,-1
2019-04-21,-1
2019-04-22,13850
2019-04-23,14000
2019-04-24,13850
2019-04-25,14000
2019-04-26,13850
2019-04-27,-1
2019-04-28,-1
2019-04-29,14000
2019-04-30,13850
2019-05-01,-1
2019-05-02,14200
2019-05-03,13950
2019-05-04,-1
2019-05-05,-1
2019-05-06,-1
2019-05-07,14050
2019-05-08,14050
2019-05-09,13850
2019-05-10,13800
2019-05-11,-1
2019-05-12,-1
2019-05-13,13600
2019-05-14,13700
2019-05-15,13850
2019-05-16,13800
2019-05-17,13700
2019-05-18,-1
2019-05-19,-1
2019-05-20,13750
2019-05-21,13850
2019-05-22,14050
2019-05-23,13950
2019-05-24,14250
2019-05-25,-1
2019-05-26,-1
2019-05-27,14100
2019-05-28,14150
2019-05-29,14000
2019-05-30,14100
2019-05-31,13900
2019-06-01,-1
2019-06-02,-1
2019-06-03,14000
2019-06-04,14100
2019-06-05,13850
2019-06-06,-1
2019-06-07,13750
2019-06-08,-1
2019-06-09,-1
2019-06-10,13850
2019-06-11,13900
2019-06-12,14000
2019-06-13,14000
2019-06-14,13950
2019-06-15,-1
2019-06-16,-1
2019-06-17,14100
2019-06-18,14100
2019-06-19,14400
2019-06-20,14400
2019-06-21,14000
2019-06-22,-1
2019-06-23,-1
2019-06-24,14050
2019-06-25,13950
2019-06-26,14000
2019-06-27,14100
2019-06-28,14050
2019-06-29,-1
2019-06-30,-1
2019-10-01,12300
2019-10-02,11900
2019-10-03,-1
2019-10-04,11900
2019-10-05,-1
2019-10-06,-1
2019-10-07,11750
2019-10-08,11750
2019-10-09,-1
2019-10-10,11200
2019-10-11,11500
2019-10-12,-1
2019-10-13,-1
2019-10-14,11800
2019-10-15,11700
2019-10-16,11800
2019-10-17,12100
2019-10-18,12050
2019-10-19,-1
2019-10-20,-1
2019-10-21,12150
2019-10-22,12600
2019-10-23,12350
2019-10-24,12450
2019-10-25,12400
2019-10-26,-1
2019-10-27,-1
2019-10-28,12000
2019-10-29,12100
2019-10-30,11800
2019-10-31,11750
2019-11-01,11800
2019-11-02,-1
2019-11-03,-1
2019-11-04,12100
2019-11-05,12100
2019-11-06,12100
2019-11-07,12300
2019-11-08,12300
2019-11-09,-1
2019-11-10,-1
2019-11-11,12200
2019-11-12,12400
2019-11-13,12100
2019-11-14,12000
2019-11-15,12400
2019-11-16,-1
2019-11-17,-1
2019-11-18,12250
2019-11-19,12200
2019-11-20,12250
2019-11-21,11850
2019-11-22,12050
2019-11-23,-1
2019-11-24,-1
2019-11-25,11950
2019-11-26,11850
2019-11-27,11850
2019-11-28,11800
2019-11-29,11700
2019-11-30,-1
2019-12-01,-1
2019-12-02,11700
2019-12-03,11550
2019-12-04,11550
2019-12-05,11400
2019-12-06,11350
2019-12-07,-1
2019-12-08,-1
2019-12-09,11450
2019-12-10,11350
2019-12-11,11350
2019-12-12,11800
2019-12-13,12150
2019-12-14,-1
2019-12-15,-1
2019-12-16,11950
2019-12-17,11850
2019-12-18,11900
2019-12-19,12000
2019-12-20,12000
2019-12-21,-1
2019-12-22,-1
2019-12-23,12150
2019-12-24,12050
2019-12-25,-1
2019-12-26,12250
2019-12-27,11650
2019-12-28,-1
2019-12-29,-1
2019-12-30,11600
2019-12-31,-1
2020-01-01,-1
2020-01-02,11400
2020-01-03,11300
2020-01-04,-1
2020-01-05,-1
2020-01-06,11050
2020-01-07,11100
2020-01-08,10650
2020-01-09,10650
2020-01-10,10500
2020-01-11,-1
2020-01-12,-1
2020-01-13,10600
2020-01-14,10650
2020-01-15,10750
2020-01-16,10650
2020-01-17,10650
2020-01-18,-1
2020-01-19,-1
2020-01-20,10900
2020-01-21,10750
2020-01-22,10850
2020-01-23,10800
2020-01-24,-1
2020-01-25,-1
2020-01-26,-1
2020-01-27,-1
2020-01-28,10350
2020-01-29,10400
2020-01-30,10400
2020-01-31,10150
2020-02-01,-1
2020-02-02,-1
2020-02-03,10100
2020-02-04,10150
2020-02-05,10250
2020-02-06,10500
2020-02-07,10300
2020-02-08,-1
2020-02-09,-1
2020-02-10,10150
2020-02-11,10350
2020-02-12,10350
2020-02-13,10300
2020-02-14,10200
2020-02-15,-1
2020-02-16,-1
2020-02-17,10250
2020-02-18,10100
2020-02-19,10050
2020-02-20,9950
2020-02-21,9810
2020-02-22,-1
2020-02-23,-1
2020-02-24,9400
2020-02-25,9790
2020-02-26,9810
2020-02-27,9910
2020-02-28,9610
2020-02-29,-1
2020-03-01,-1
2020-03-02,9490
2020-03-03,9470
2020-03-04,9630
2020-03-05,9410
2020-03-06,9200
2020-03-07,-1
2020-03-08,-1
2020-03-09,8600
2020-03-10,8500
2020-03-11,8570
2020-03-12,8220
2020-03-13,7770
2020-03-14,-1
2020-03-15,-1
2020-03-16,7630
2020-03-17,7310
2020-03-18,7000
2020-03-19,6560
2020-03-20,7440
2020-03-21,-1
2020-03-22,-1
2020-03-23,6560
2020-03-24,6950
2020-03-25,7410
2020-03-26,7300
2020-03-27,7600
2020-03-28,-1
2020-03-29,-1
2020-03-30,7490
2020-03-31,7650
2020-04-01,7270
2020-04-02,7390
2020-04-03,7300
2020-04-04,-1
2020-04-05,-1
2020-04-06,7620
2020-04-07,7750
2020-04-08,7540
2020-04-09,7640
2020-04-10,7970
2020-04-11,-1
2020-04-12,-1
2020-04-13,7900
2020-04-14,8160
2020-04-15,-1
2020-04-16,8100
2020-04-17,8220
2020-04-18,-1
2020-04-19,-1
2020-04-20,8120
2020-04-21,7940
2020-04-22,7970
2020-04-23,7910
2020-04-24,7850
2020-04-25,-1
2020-04-26,-1
2020-04-27,8330
2020-04-28,8430
2020-04-29,8440
2020-04-30,-1
2020-05-01,-1
2020-05-02,-1
2020-05-03,-1
2020-05-04,8000
2020-05-05,-1
2020-05-06,8060
2020-05-07,8020
2020-05-08,8070
2020-05-09,-1
2020-05-10,-1
2020-05-11,8010
2020-05-12,7850
2020-05-13,8010
2020-05-14,7810
2020-05-15,7950
2020-05-16,-1
2020-05-17,-1
2020-05-18,7850
2020-05-19,8150
2020-05-20,8070
2020-05-21,8040
2020-05-22,7830
2020-05-23,-1
2020-05-24,-1
2020-05-25,8030
2020-05-26,8190
2020-05-27,8360
2020-05-28,8740
2020-05-29,9130
2020-05-30,-1
2020-05-31,-1
2020-06-01,9120
2020-06-02,9700
2020-06-03,10350
2020-06-04,10000
2020-06-05,10050
2020-06-06,-1
2020-06-07,-1
2020-06-08,10050
2020-06-09,9850
2020-06-10,9830
2020-06-11,9550
2020-06-12,9350
2020-06-13,-1
2020-06-14,-1
2020-06-15,8880
2020-06-16,9440
2020-06-17,9280
2020-06-18,9220
2020-06-19,9310
2020-06-20,-1
2020-06-21,-1
2020-06-22,9190
2020-06-23,9160
2020-06-24,9250
2020-06-25,8890
2020-06-26,8940
2020-06-27,-1
2020-06-28,-1
2020-06-29,8690
2020-06-30,8810
2020-07-01,8930
2020-07-02,8920
2020-07-03,8950
2020-07-04,-1
2020-07-05,-1
2020-07-06,9060
2020-07-07,8930
2020-07-08,8810
2020-07-09,8710
2020-07-10,8410
2020-07-11,-1
2020-07-12,-1
2020-07-13,8600
2020-07-14,8500
2020-07-15,8790
2020-07-16,8890
2020-07-17,8820
2020-07-18,-1
2020-07-19,-1
2020-07-20,8970
2020-07-21,8940
2020-07-22,8860
2020-07-23,8820
2020-07-24,8800
2020-07-25,-1
2020-07-26,-1
2020-07-27,8780
2020-07-28,8680
2020-07-29,8670
2020-07-30,8680
2020-07-31,8500
2020-08-01,-1
2020-08-02,-1
2020-08-03,8390
2020-08-04,8570
2020-08-05,8560
2020-08-06,8670
2020-08-07,8640
2020-08-08,-1
2020-08-09,-1
2020-08-10,8890
2020-08-11,9050
2020-08-12,9240
2020-08-13,9210
2020-08-14,9100
2020-08-15,-1
2020-08-16,-1
2020-08-17,-1
2020-08-18,8760
2020-08-19,8760
2020-08-20,8450
2020-08-21,8590
2020-08-22,-1
2020-08-23,-1
2020-08-24,8680
2020-08-25,8810
2020-08-26,8800
2020-08-27,8610
2020-08-28,8640
2020-08-29,-1
2020-08-30,-1
2020-08-31,8460
2020-09-01,8580
2020-09-02,8620
2020-09-03,8590
2020-09-04,8460
2020-09-05,-1
2020-09-06,-1
2020-09-07,8460
2020-09-08,8490
2020-09-09,8420
2020-09-10,8420
2020-09-11,8390
2020-09-12,-1
2020-09-13,-1
2020-09-14,8530
2020-09-15,8530
2020-09-16,8510
2020-09-17,8440
2020-09-18,8410
2020-09-19,-1
2020-09-20,-1
2020-09-21,8390
2020-09-22,8260
2020-09-23,8250
2020-09-24,8080
2020-09-25,8240
2020-09-26,-1
2020-09-27,-1
2020-09-28,8430
2020-09-29,8580
2020-09-30,-1
2021-04-01,10050
2021-04-02,10000
2021-04-03,-1
2021-04-04,-1
2021-04-05,10050
2021-04-06,10100
2021-04-07,10650
2021-04-08,10600
2021-04-09,10300
2021-04-10,-1
2021-04-11,-1
2021-04-12,10400
2021-04-13,10350
2021-04-14,10400
2021-04-15,10400
2021-04-16,10250
2021-04-17,-1
2021-04-18,-1
2021-04-19,10250
2021-04-20,10400
2021-04-21,10150
2021-04-22,10500
2021-04-23,10500
2021-04-24,-1
2021-04-25,-1
2021-04-26,10600
2021-04-27,10650
2021-04-28,10800
2021-04-29,10750
2021-04-30,10700
2021-05-01,-1
2021-05-02,-1
2021-05-03,10550
2021-05-04,10500
2021-05-05,-1
2021-05-06,10950
2021-05-07,11000
2021-05-08,-1
2021-05-09,-1
2021-05-10,11300
2021-05-11,11300
2021-05-12,11050
2021-05-13,11050
2021-05-14,11100
2021-05-15,-1
2021-05-16,-1
2021-05-17,11100
2021-05-18,11300
2021-05-19,-1
2021-05-20,11150
2021-05-21,10900
2021-05-22,-1
2021-05-23,-1
2021-05-24,11050
2021-05-25,11050
2021-05-26,11000
2021-05-27,10900
2021-05-28,11050
2021-05-29,-1
2021-05-30,-1
2021-05-31,11150
2021-06-01,11200
2021-06-02,11250
2021-06-03,11350
2021-06-04,11600
2021-06-05,-1
2021-06-06,-1
2021-06-07,11650
2021-06-08,11650
2021-06-09,11550
2021-06-10,11400
2021-06-11,11400
2021-06-12,-1
2021-06-13,-1
2021-06-14,11300
2021-06-15,11450
2021-06-16,11900
2021-06-17,11800
2021-06-18,11600
2021-06-19,-1
2021-06-20,-1
2021-06-21,11300
2021-06-22,11450
2021-06-23,11350
2021-06-24,11650
2021-06-25,11850
2021-06-26,-1
2021-06-27,-1
2021-06-28,11950
2021-06-29,11600
2021-06-30,11450
2021-07-01,11450
2021-07-02,11550
2021-07-03,-1
2021-07-04,-1
2021-07-05,11600
2021-07-06,11600
2021-07-07,11450
2021-07-08,11450
2021-07-09,11150
2021-07-10,-1
2021-07-11,-1
2021-07-12,11250
2021-07-13,11400
2021-07-14,11350
2021-07-15,11350
2021-07-16,11350
2021-07-17,-1
2021-07-18,-1
2021-07-19,11300
2021-07-20,11250
2021-07-21,11250
2021-07-22,11650
2021-07-23,11200
2021-07-24,-1
2021-07-25,-1
2021-07-26,11000
2021-07-27,11100
2021-07-28,11100
2021-07-29,11050
2021-07-30,10850
2021-07-31,-1
2021-08-01,-1
2021-08-02,10850
2021-08-03,10950
2021-08-04,11200
2021-08-05,11050
2021-08-06,11050
2021-08-07,-1
2021-08-08,-1
2021-08-09,11100
2021-08-10,11100
2021-08-11,11250
2021-08-12,11200
2021-08-13,11100
2021-08-14,-1
2021-08-15,-1
2021-08-16,-1
2021-08-17,11050
2021-08-18,11050
2021-08-19,10750
2021-08-20,10550
2021-08-21,-1
2021-08-22,-1
2021-08-23,10700
2021-08-24,10950
2021-08-25,11000
2021-08-26,11200
2021-08-27,11350
2021-08-28,-1
2021-08-29,-1
2021-08-30,11050
2021-08-31,11250
2021-09-01,11300
2021-09-02,11250
2021-09-03,11250
2021-09-04,-1
2021-09-05,-1
2021-09-06,11100
2021-09-07,11000
2021-09-08,11100
2021-09-09,10800
2021-09-10,10950
2021-09-11,-1
2021-09-12,-1
2021-09-13,11000
2021-09-14,11100
2021-09-15,11000
2021-09-16,11000
2021-09-17,11050
2021-09-18,-1
2021-09-19,-1
2021-09-20,-1
2021-09-21,-1
2021-09-22,-1
2021-09-23,11100
2021-09-24,11150
2021-09-25,-1
2021-09-26,-1
2021-09-27,11250
2021-09-28,11350
2021-09-29,11350
2021-09-30,11650
2022-04-01,15350
2022-04-02,-1
2022-04-03,-1
2022-04-04,15300
2022-04-05,14850
2022-04-06,15000
2022-04-07,15150
2022-04-08,15200
2022-04-09,-1
2022-04-10,-1
2022-04-11,15450
2022-04-12,15450
2022-04-13,15300
2022-04-14,15400
2022-04-15,15200
2022-04-16,-1
2022-04-17,-1
2022-04-18,15250
2022-04-19,15800
2022-04-20,16000
2022-04-21,16200
2022-04-22,16200
2022-04-23,-1
2022-04-24,-1
2022-04-25,15800
2022-04-26,15700
2022-04-27,15300
2022-04-28,15300
2022-04-29,14750
2022-04-30,-1
2022-05-01,-1
2022-05-02,14950
2022-05-03,15200
2022-05-04,15350
2022-05-05,-1
2022-05-06,15300
2022-05-07,-1
2022-05-08,-1
2022-05-09,15300
2022-05-10,14950
2022-05-11,14650
2022-05-12,15050
2022-05-13,15700
2022-05-14,-1
2022-05-15,-1
2022-05-16,15700
2022-05-17,15700
2022-05-18,14900
2022-05-19,14200
2022-05-20,14600
2022-05-21,-1
2022-05-22,-1
2022-05-23,14650
2022-05-24,14800
2022-05-25,14800
2022-05-26,14850
2022-05-27,14900
2022-05-28,-1
2022-05-29,-1
2022-05-30,14950
2022-05-31,14900
2022-06-01,-1
2022-06-02,14600
2022-06-03,14600
2022-06-04,-1
2022-06-05,-1
2022-06-06,-1
2022-06-07,14600
2022-06-08,14750
2022-06-09,14900
2022-06-10,14750
2022-06-11,-1
2022-06-12,-1
2022-06-13,14050
2022-06-14,14350
2022-06-15,14000
2022-06-16,13900
2022-06-17,13650
2022-06-18,-1
2022-06-19,-1
2022-06-20,13400
2022-06-21,13300
2022-06-22,12800
2022-06-23,12500
2022-06-24,12850
2022-06-25,-1
2022-06-26,-1
2022-06-27,12500
2022-06-28,12550
2022-06-29,12050
2022-06-30,12100
2022-10-01,-1
2022-10-02,-1
2022-10-03,-1
2022-10-04,11100
2022-10-05,11200
2022-10-06,11100
2022-10-07,11400
2022-10-08,-1
2022-10-09,-1
2022-10-10,-1
2022-10-11,11100
2022-10-12,11350
2022-10-13,11350
2022-10-14,11850
2022-10-15,-1
2022-10-16,-1
2022-10-17,11700
2022-10-18,11850
2022-10-19,12000
2022-10-20,12000
2022-10-21,11750
2022-10-22,-1
2022-10-23,-1
2022-10-24,11450
2022-10-25,11500
2022-10-26,11350
2022-10-27,11650
2022-10-28,11850
2022-10-29,-1
2022-10-30,-1
2022-10-31,11750
2022-11-01,11750
2022-11-02,11600
2022-11-03,11400
2022-11-04,11450
2022-11-05,-1
2022-11-06,-1
2022-11-07,11550
2022-11-08,11700
2022-11-09,11800
2022-11-10,11800
2022-11-11,11950
2022-11-12,-1
2022-11-13,-1
2022-11-14,11900
2022-11-15,11950
2022-11-16,12200
2022-11-17,11900
2022-11-18,11750
2022-11-19,-1
2022-11-20,-1
2022-11-21,12100
2022-11-22,12350
2022-11-23,12300
2022-11-24,12550
2022-11-25,12450
2022-11-26,-1
2022-11-27,-1
2022-11-28,12150
2022-11-29,12650
2022-11-30,13000
2022-12-01,13100
2022-12-02,12750
2022-12-03,-1
2022-12-04,-1
2022-12-05,12800
2022-12-06,12750
2022-12-07,12500
2022-12-08,12550
2022-12-09,12950
2022-12-10,-1
2022-12-11,-1
2022-12-12,12850
2022-12-13,12850
2022-12-14,12800
2022-12-15,12650
2022-12-16,12850
2022-12-17,-1
2022-12-18,-1
2022-12-19,12900
2022-12-20,12950
2022-12-21,12900
2022-12-22,12900
2022-12-23,12750
2022-12-24,-1
2022-12-25,-1
2022-12-26,12750
2022-12-27,13000
2022-12-28,11800
2022-12-29,11550
2022-12-30,-1
2022-12-31,-1
2023-07-01,-1
2023-07-02,-1
2023-07-03,11930
2023-07-04,11810
2023-07-05,11700
2023-07-06,11400
2023-07-07,11360
2023-07-08,-1
2023-07-09,-1
2023-07-10,11390
2023-07-11,11490
2023-07-12,11550
2023-07-13,11600
2023-07-14,11790
2023-07-15,-1
2023-07-16,-1
2023-07-17,11710
2023-07-18,11650
2023-07-19,11660
2023-07-20,11640
2023-07-21,11760
2023-07-22,-1
2023-07-23,-1
2023-07-24,11670
2023-07-25,11640
2023-07-26,11770
2023-07-27,12140
2023-07-28,11480
2023-07-29,-1
2023-07-30,-1
2023-07-31,11650
2023-08-01,11700
2023-08-02,11650
2023-08-03,11570
2023-08-04,11600
2023-08-05,-1
2023-08-06,-1
2023-08-07,11530
2023-08-08,11520
2023-08-09,11420
2023-08-10,11390
2023-08-11,11420
2023-08-12,-1
2023-08-13,-1
2023-08-14,11440
2023-08-15,-1
2023-08-16,11320
2023-08-17,11360
2023-08-18,11380
2023-08-19,-1
2023-08-20,-1
2023-08-21,11460
2023-08-22,11450
2023-08-23,11570
2023-08-24,11600
2023-08-25,11560
2023-08-26,-1
2023-08-27,-1
2023-08-28,11650
2023-08-29,11710
2023-08-30,11690
2023-08-31,11910
2023-09-01,11870
2023-09-02,-1
2023-09-03,-1
2023-09-04,11900
2023-09-05,11900
2023-09-06,11950
2023-09-07,11950
2023-09-08,12000
2023-09-09,-1
2023-09-10,-1
2023-09-11,12100
2023-09-12,12050
2023-09-13,12250
2023-09-14,12270
2023-09-15,12590
2023-09-16,-1
2023-09-17,-1
2023-09-18,12560
2023-09-19,12490
2023-09-20,12560
2023-09-21,12510
2023-09-22,12530
2023-09-23,-1
2023-09-24,-1
2023-09-25,12430
2023-09-26,12220
2023-09-27,12260
2023-09-28,-1
2023-09-29,-1
2023-09-30,-1
2023-10-01,-1
2023-10-02,-1
2023-10-03,-1
2023-10-04,12040
2023-10-05,11980
2023-10-06,12310
2023-10-07,-1
2023-10-08,-1
2023-10-09,-1
2023-10-10,12420
2023-10-11,12460
2023-10-12,12520
2023-10-13,12540
2023-10-14,-1
2023-10-15,-1
2023-10-16,12580
2023-10-17,12510
2023-10-18,12730
2023-10-19,12550
2023-10-20,12530
2023-10-21,-1
2023-10-22,-1
2023-10-23,12290
2023-10-24,12280
2023-10-25,12370
2023-10-26,12200
2023-10-27,12050
2023-10-28,-1
2023-10-29,-1
2023-10-30,11880
2023-10-31,11900
2023-11-01,12060
2023-11-02,12030
2023-11-03,12140
2023-11-04,-1
2023-11-05,-1
2023-11-06,12570
2023-11-07,12410
2023-11-08,12250
2023-11-09,12280
2023-11-10,12320
2023-11-11,-1
2023-11-12,-1
2023-11-13,12400
2023-11-14,12540
2023-11-15,12620
2023-11-16,12600
2023-11-17,12510
2023-11-18,-1
2023-11-19,-1
2023-11-20,12490
2023-11-21,12720
2023-11-22,12700
2023-11-23,12710
2023-11-24,12700
2023-11-25,-1
2023-11-26,-1
2023-11-27,12750
2023-11-28,12920
2023-11-29,12800
2023-11-30,13020
2023-12-01,12910
2023-12-02,-1
2023-12-03,-1
2023-12-04,12870
2023-12-05,12900
2023-12-06,12810
2023-12-07,12800
2023-12-08,12810
2023-12-09,-1
2023-12-10,-1
2023-12-11,12830
2023-12-12,12940
2023-12-13,12940
2023-12-14,12980
2023-12-15,13040
2023-12-16,-1
2023-12-17,-1
2023-12-18,12920
2023-12-19,12900
2023-12-20,12990
2023-12-21,12980
2023-12-22,13000
2023-12-23,-1
2023-12-24,-1
2023-12-25,-1
2023-12-26,13000
2023-12-27,12890
2023-12-28,13000
2023-12-29,-1
2023-12-30,-1
2023-12-31,-1
2024-01-01,-1
2024-01-02,12840
2024-01-03,12690
2024-01-04,12470
2024-01-05,12490
2024-01-06,-1
2024-01-07,-1
2024-01-08,12530
2024-01-09,12590
2024-01-10,12480
2024-01-11,12470
2024-01-12,12540
2024-01-13,-1
2024-01-14,-1
2024-01-15,12620
2024-01-16,12530
2024-01-17,12450
2024-01-18,12470
2024-01-19,12620
2024-01-20,-1
2024-01-21,-1
2024-01-22,12610
2024-01-23,12800
2024-01-24,13000
2024-01-25,13030
2024-01-26,13130
2024-01-27,-1
2024-01-28,-1
2024-01-29,13480
2024-01-30,13490
2024-01-31,13880
2024-02-01,14410
2024-02-02,14710
2024-02-03,-1
2024-02-04,-1
2024-02-05,14750
2024-02-06,14580
2024-02-07,14500
2024-02-08,14610
2024-02-09,-1
2024-02-10,-1
2024-02-11,-1
2024-02-12,-1
2024-02-13,14380
2024-02-14,14020
2024-02-15,14120
2024-02-16,14750
2024-02-17,-1
2024-02-18,-1
2024-02-19,15060
2024-02-20,14660
2024-02-21,14800
2024-02-22,14830
2024-02-23,14920
2024-02-24,-1
2024-02-25,-1
2024-02-26,14630
2024-02-27,14940
2024-02-28,14520
2024-02-29,14900
2024-03-01,-1
2024-03-02,-1
2024-03-03,-1
2024-03-04,14640
2024-03-05,14470
2024-03-06,14500
2024-03-07,14470
2024-03-08,14290
2024-03-09,-1
2024-03-10,-1
2024-03-11,14250
2024-03-12,14270
2024-03-13,14600
2024-03-14,15160
2024-03-15,15230
2024-03-16,-1
2024-03-17,-1
2024-03-18,14910
2024-03-19,14660
2024-03-20,14710
2024-03-21,15290
2024-03-22,15200
2024-03-23,-1
2024-03-24,-1
2024-03-25,15130
2024-03-26,15120
2024-03-27,14610
2024-03-28,14590
2024-03-29,14320
2024-03-30,-1
2024-03-31,-1
2024-04-01,14070
2024-04-02,14050
2024-04-03,13760
2024-04-04,14010
2024-04-05,13930
2024-04-06,-1
2024-04-07,-1
2024-04-08,14030
2024-04-09,13910
2024-04-10,-1
2024-04-11,13770
2024-04-12,13410
2024-04-13,-1
2024-04-14,-1
2024-04-15,13560
2024-04-16,13400
2024-04-17,13170
2024-04-18,13500
2024-04-19,13540
2024-04-20,-1
2024-04-21,-1
2024-04-22,14150
2024-04-23,14200
2024-04-24,14120
2024-04-25,14020
2024-04-26,14350
2024-04-27,-1
2024-04-28,-1
2024-04-29,14190
2024-04-30,14230
2024-05-01,-1
2024-05-02,13980
2024-05-03,14130
2024-05-04,-1
2024-05-05,-1
2024-05-06,-1
2024-05-07,14190
2024-05-08,14500
2024-05-09,14340
2024-05-10,14530
2024-05-11,-1
2024-05-12,-1
2024-05-13,14590
2024-05-14,14440
2024-05-15,-1
2024-05-16,14640
2024-05-17,14580
2024-05-18,-1
2024-05-19,-1
2024-05-20,14740
2024-05-21,14870
2024-05-22,14820
2024-05-23,14480
2024-05-24,14430
2024-05-25,-1
2024-05-26,-1
2024-05-27,14350
2024-05-28,14220
2024-05-29,14240
2024-05-30,14030
2024-05-31,14170
2024-06-01,-1
2024-06-02,-1
2024-06-03,14250
2024-06-04,14070
2024-06-05,14080
2024-06-06,-1
2024-06-07,14280
2024-06-08,-1
2024-06-09,-1
2024-06-10,14100
2024-06-11,14100
2024-06-12,14180
2024-06-13,13960
2024-06-14,14120
2024-06-15,-1
2024-06-16,-1
2024-06-17,13950
2024-06-18,14120
2024-06-19,14140
2024-06-20,14360
2024-06-21,14240
2024-06-22,-1
2024-06-23,-1
2024-06-24,14490
2024-06-25,14630
2024-06-26,14470
2024-06-27,14450
2024-06-28,14690
2024-06-29,-1
2024-06-30,-1
2024-07-01,14400
2024-07-02,14480
2024-07-03,14640
2024-07-04,14850
2024-07-05,14760
2024-07-06,-1
2024-07-07,-1
2024-07-08,14740
2024-07-09,14690
2024-07-10,14660
2024-07-11,14880
2024-07-12,14840
2024-07-13,-1
2024-07-14,-1
2024-07-15,14750
2024-07-16,14770
2024-07-17,14860
2024-07-18,14900
2024-07-19,14870
2024-07-20,-1
2024-07-21,-1
2024-07-22,14930
2024-07-23,14860
2024-07-24,14670
2024-07-25,14530
2024-07-26,16180
2024-07-27,-1
2024-07-28,-1
2024-07-29,16330
2024-07-30,15680
2024-07-31,15740
2024-08-01,15830
2024-08-02,15130
2024-08-03,-1
2024-08-04,-1
2024-08-05,13980
2024-08-06,14150
2024-08-07,14530
2024-08-08,14450
2024-08-09,14670
2024-08-10,-1
2024-08-11,-1
2024-08-12,14750
2024-08-13,15020
2024-08-14,15270
2024-08-15,-1
2024-08-16,15420
2024-08-17,-1
2024-08-18,-1
2024-08-19,16040
2024-08-20,16510
2024-08-21,16450
2024-08-22,16600
2024-08-23,16540
2024-08-24,-1
2024-08-25,-1
2024-08-26,16560
2024-08-27,16280
2024-08-28,16030
2024-08-29,16030
2024-08-30,16020
2024-08-31,-1
2024-09-01,-1
2024-09-02,16290
2024-09-03,16230
2024-09-04,16000
2024-09-05,16050
2024-09-06,15970
2024-09-07,-1
2024-09-08,-1
2024-09-09,15770
2024-09-10,15600
2024-09-11,14920
2024-09-12,15160
2024-09-13,15420
2024-09-14,-1
2024-09-15,-1
2024-09-16,-1
2024-09-17,-1
2024-09-18,-1
2024-09-19,15800
2024-09-20,15650
2024-09-21,-1
2024-09-22,-1
2024-09-23,15710
2024-09-24,15750
2024-09-25,15540
2024-09-26,16100
2024-09-27,15860
2024-09-28,-1
2024-09-29,-1
2024-09-30,15500
2024-10-01,-1
2024-10-02,15460
2024-10-03,-1
2024-10-04,15590
2024-10-05,-1
2024-10-06,-1
2024-10-07,15990
2024-10-08,15850
2024-10-09,-1
2024-10-10,16000
2024-10-11,15910
2024-10-12,-1
2024-10-13,-1
2024-10-14,16540
2024-10-15,16570
2024-10-16,16470
2024-10-17,16420
2024-10-18,16410
2024-10-19,-1
2024-10-20,-1
2024-10-21,16440
2024-10-22,16620
2024-10-23,16590
2024-10-24,16650
2024-10-25,17080
2024-10-26,-1
2024-10-27,-1
2024-10-28,16060
2024-10-29,16160
2024-10-30,15900
2024-10-31,15430
2024-11-01,15750
2024-11-02,-1
2024-11-03,-1
2024-11-04,15810
2024-11-05,15850
2024-11-06,16140
2024-11-07,16120
2024-11-08,16180
2024-11-09,-1
2024-11-10,-1
2024-11-11,16100
2024-11-12,16110
2024-11-13,16110
2024-11-14,15880
2024-11-15,15890
2024-11-16,-1
2024-11-17,-1
2024-11-18,16190
2024-11-19,16390
2024-11-20,16610
2024-11-21,16790
2024-11-22,16760
2024-11-23,-1
2024-11-24,-1
2024-11-25,16850
2024-11-26,16630
2024-11-27,16740
2024-11-28,16800
2024-11-29,16710
2024-11-30,-1
2024-12-01,-1
2024-12-02,16950
2024-12-03,17200
2024-12-04,16720
2024-12-05,16090
2024-12-06,16190
2024-12-07,-1
2024-12-08,-1
2024-12-09,15310
2024-12-10,15440
2024-12-11,15630
2024-12-12,15770
2024-12-13,15890
2024-12-14,-1
2024-12-15,-1
2024-12-16,15670
2024-12-17,15240
2024-12-18,15730
2024-12-19,15490
2024-12-20,15580
2024-12-21,-1
2024-12-22,-1
2024-12-23,15650
2024-12-24,15740
2024-12-25,-1
2024-12-26,15610
2024-12-27,15390
2024-12-28,-1
2024-12-29,-1
2024-12-30,15370
2024-12-31,-1
2025-04-01,16800
2025-04-02,16750
2025-04-03,16630
2025-04-04,16440
2025-04-05,-1
2025-04-06,-1
2025-04-07,15660
2025-04-08,15490
2025-04-09,15370
2025-04-10,16030
2025-04-11,15870
2025-04-12,-1
2025-04-13,-1
2025-04-14,16030
2025-04-15,16410
2025-04-16,16440
2025-04-17,16500
2025-04-18,16780
2025-04-19,-1
2025-04-20,-1
2025-04-21,16990
2025-04-22,17070
2025-04-23,17160
2025-04-24,17200
2025-04-25,17300
2025-04-26,-1
2025-04-27,-1
2025-04-28,16810
2025-04-29,17300
2025-04-30,17710
2025-05-01,-1
2025-05-02,17720
2025-05-03,-1
2025-05-04,-1
2025-05-05,-1
2025-05-06,-1
2025-05-07,17830
2025-05-08,17620
2025-05-09,17690
2025-05-10,-1
2025-05-11,-1
2025-05-12,17850
2025-05-13,17850
2025-05-14,17960
2025-05-15,18060
2025-05-16,18040
2025-05-17,-1
2025-05-18,-1
2025-05-19,17840
2025-05-20,18000
2025-05-21,17990
2025-05-22,17980
2025-05-23,18070
2025-05-24,-1
2025-05-25,-1
2025-05-26,18300
2025-05-27,18290
2025-05-28,18340
2025-05-29,19250
2025-05-30,19270
2025-05-31,-1
2025-06-01,-1
2025-06-02,18890
2025-06-03,-1
2025-06-04,20300
2025-06-05,20100
2025-06-06,-1
2025-06-07,-1
2025-06-08,-1
2025-06-09,20500
2025-06-10,20500
2025-06-11,20450
2025-06-12,20550
2025-06-13,20550
2025-06-14,-1
2025-06-15,-1
2025-06-16,20900
2025-06-17,20900
2025-06-18,20900
2025-06-19,20850
2025-06-20,21350
2025-06-21,-1
2025-06-22,-1
2025-06-23,21350
2025-06-24,22200
2025-06-25,22500
2025-06-26,22550
2025-06-27,22500
2025-06-28,-1
2025-06-29,-1
2025-06-30,22450
2025-07-01,22450
2025-07-02,22600
2025-07-03,23050
2025-07-04,22900
2025-07-05,-1
2025-07-06,-1
2025-07-07,23450
2025-07-08,25400
2025-07-09,24900
2025-07-10,25200
2025-07-11,25850
2025-07-12,-1
2025-07-13,-1
2025-07-14,26700
2025-07-15,26750
2025-07-16,24950
2025-07-17,25200
2025-07-18,24850
2025-07-19,-1
2025-07-20,-1
2025-07-21,24950
2025-07-22,24950
2025-07-23,25150
2025-07-24,25400
2025-07-25,25550
2025-07-26,-1
2025-07-27,-1
2025-07-28,24650
2025-07-29,24650
2025-07-30,25000
2025-07-31,24700
2025-08-01,23600
2025-08-02,-1
2025-08-03,-1
2025-08-04,24250
2025-08-05,24900
2025-08-06,25050
2025-08-07,25350
2025-08-08,25200
2025-08-09,-1
2025-08-10,-1
2025-08-11,24950
2025-08-12,25100
2025-08-13,25250
2025-08-14,25450
2025-08-15,-1
2025-08-16,-1
2025-08-17,-1
2025-08-18,24700
2025-08-19,24700
2025-08-20,24800
2025-08-21,24800
2025-08-22,24900
2025-08-23,-1
2025-08-24,-1
2025-08-25,25000
2025-08-26,24650
2025-08-27,25050
2025-08-28,24800
2025-08-29,24800
2025-08-30,-1
2025-08-31,-1
2025-09-01,24500
2025-09-02,24750
2025-09-03,24750
2025-09-04,24350
2025-09-05,24300
2025-09-06,-1
2025-09-07,-1
2025-09-08,24250
2025-09-09,24700
2025-09-10,25750
2025-09-11,25450
2025-09-12,25650
2025-09-13,-1
2025-09-14,-1
2025-09-15,26450
2025-09-16,26750
2025-09-17,26200
2025-09-18,26100
2025-09-19,26850
2025-09-20,-1
2025-09-21,-1
2025-09-22,26350
2025-09-23,26450
2025-09-24,26650
2025-09-25,26750
2025-09-26,26200
2025-09-27,-1
2025-09-28,-1
2025-09-29,26600
2025-09-30,25950
2026-01-01,-1
2026-01-02,28050
2026-01-03,-1
2026-01-04,-1
2026-01-05,27900
2026-01-06,28300
2026-01-07,27750
2026-01-08,27250
2026-01-09,27300
2026-01-10,-1
2026-01-11,-1
2026-01-12,27500
2026-01-13,27850
2026-01-14,28050
2026-01-15,28000
2026-01-16,27900
2026-01-17,-1
2026-01-18,-1
2026-01-19,27550
2026-01-20,28400
2026-01-21,28850
2026-01-22,29100
2026-01-23,29550
2026-01-24,-1
2026-01-25,-1
2026-01-26,29550
2026-01-27,30650
2026-01-28,30200
2026-01-29,30500
2026-01-30,30250
2026-01-31,-1
2026-02-01,-1
2026-02-02,30100
2026-02-03,31300
2026-02-04,32050
2026-02-05,31900
2026-02-06,32450
2026-02-07,-1
2026-02-08,-1
2026-02-09,34550
2026-02-10,35600
2026-02-11,37850
2026-02-12,39150
2026-02-13,38950
2026-02-14,-1
2026-02-15,-1
2026-02-16,-1
2026-02-17,-1
2026-02-18,-1
2026-02-19,39400
2026-02-20,40800
2026-02-21,-1
2026-02-22,-1
2026-02-23,40300
2026-02-24,39100
2026-02-25,39000
2026-02-26,37850
2026-02-27,36000
2026-02-28,-1
2026-03-01,-1
2026-03-02,-1
2026-03-03,35300
2026-03-04,31800
2026-03-05,33750
2026-03-06,33050
2026-03-07,-1
2026-03-08,-1
2026-03-09,31550
2026-03-10,32100
2026-03-11,33350
2026-03-12,32500
2026-03-13,32200
2026-03-14,-1
2026-03-15,-1
2026-03-16,31900
2026-03-17,32600
2026-03-18,33500
2026-03-19,33600
2026-03-20,33900
2026-03-21,-1
2026-03-22,-1
2026-03-23,31700
2026-03-24,32300
2026-03-25,33000
2026-03-26,33200
2026-03-27,33600
2026-03-28,-1
2026-03-29,-1
2026-03-30,32450
2026-03-31,32050
2026-04-01,32900
2026-04-02,32200
2026-04-03,31950
2026-04-04,-1
2026-04-05,-1
2026-04-06,32400
2026-04-07,31850
2026-04-08,33400
2026-04-09,33100
2026-04-10,34150
2026-04-11,-1
2026-04-12,-1
2026-04-13,34150
2026-04-14,35000
2026-04-15,35350
2026-04-16,35650
2026-04-17,35700
2026-04-18,-1
2026-04-19,-1
2026-04-20,35750
2026-04-21,35800
2026-04-22,34900
2026-04-23,34850
2026-04-24,35050
2026-04-25,-1
2026-04-26,-1
2026-04-27,33200
2026-04-28,33500
2026-04-29,33500
2026-04-30,33350
2026-05-01,-1
2026-05-02,-1
2026-05-03,-1
2026-05-04,33300
2026-05-05,-1
2026-05-06,32600
2026-05-07,33200
2026-05-08,32850
2026-05-09,-1
2026-05-10,-1
2026-05-11,32500
2026-05-12,31800
2026-05-13,31150
2026-05-14,31800
2026-05-15,31250
2026-05-16,-1
2026-05-17,-1
2026-05-18,30650
2026-05-19,30300
2026-05-20,30100
2026-05-21,30400
2026-05-22,31550
2026-05-23,-1
2026-05-24,-1
2026-05-25,-1
2026-05-26,30950
2026-05-27,30650
2026-05-28,30050
2026-05-29,29700
2026-05-30,-1
2026-05-31,-1
2026-06-01,29400
2026-06-02,29900
2026-06-03,-1
2026-06-04,30400
2026-06-05,31200
2026-06-06,-1
2026-06-07,-1
2026-06-08,28850
2026-06-09,30000
2026-06-10,29800
2026-06-11,30150
2026-06-12,31150
2026-06-13,-1
2026-06-14,-1
2026-06-15,32550
2026-06-16,33050
2026-06-17,32150
2026-06-18,31550
2026-06-19,31050
2026-06-20,-1
2026-06-21,-1
2026-06-22,29850
2026-06-23,29450
2026-06-24,29250
2026-06-25,29050
2026-06-26,28350
2026-06-27,-1
2026-06-28,-1
2026-06-29,29100
2026-06-30,29000
