Date,Close
1995-05-02,-1
1995-05-03,-1
1995-05-04,-1
1995-05-05,-1
1995-05-06,-1
1995-05-07,-1
1995-05-08,-1
1995-05-09,-1
1995-05-10,-1
1995-05-11,-1
1995-05-12,-1
1995-05-13,-1
1995-05-14,-1
1995-05-15,-1
1995-05-16,-1
1995-05-17,-1
1995-05-18,-1
1995-05-19,-1
1995-05-20,-1
1995-05-21,-1
1995-05-22,-1
1995-05-23,-1
1995-05-24,-1
1995-05-25,-1
1995-05-26,-1
1995-05-27,-1
1995-05-28,-1
1995-05-29,-1
1995-05-30,-1
1995-05-31,-1
1995-06-01,-1
1995-06-02,-1
1995-06-03,-1
1995-06-04,-1
1995-06-05,-1
1995-06-06,-1
1995-06-07,-1
1995-06-08,-1
1995-06-09,-1
1995-06-10,-1
1995-06-11,-1
1995-06-12,-1
1995-06-13,-1
1995-06-14,-1
1995-06-15,-1
1995-06-16,-1
1995-06-17,-1
1995-06-18,-1
1995-06-19,-1
1995-06-20,-1
1995-06-21,-1
1995-06-22,-1
1995-06-23,-1
1995-06-24,-1
1995-06-25,-1
1995-06-26,-1
1995-06-27,-1
1995-06-28,-1
1995-06-29,-1
1995-06-30,-1
1995-07-01,-1
1995-07-02,-1
1995-07-03,-1
1995-07-04,-1
1995-07-05,-1
1995-07-06,-1
1995-07-07,-1
1995-07-08,-1
1995-07-09,-1
1995-07-10,-1
1995-07-11,-1
1995-07-12,-1
1995-07-13,-1
1995-07-14,-1
1995-07-15,-1
1995-07-16,-1
1995-07-17,-1
1995-07-18,-1
1995-07-19,-1
1995-07-20,-1
1995-07-21,-1
1995-07-22,-1
1995-07-23,-1
1995-07-24,-1
1995-07-25,-1
1995-07-26,-1
1995-07-27,-1
1995-07-28,-1
1995-07-29,-1
1995-07-30,-1
1995-07-31,-1
1995-08-01,-1
1995-08-02,-1
1995-08-03,-1
1995-08-04,-1
1995-08-05,-1
1995-08-06,-1
1995-08-07,-1
1995-08-08,-1
1995-08-09,-1
1995-08-10,-1
1995-08-11,-1
1995-08-12,-1
1995-08-13,-1
1995-08-14,-1
1995-08-15,-1
1995-08-16,-1
1995-08-17,-1
1995-08-18,-1
1995-08-19,-1
1995-08-20,-1
1995-08-21,-1
1995-08-22,-1
1995-08-23,-1
1995-08-24,-1
1995-08-25,-1
1995-08-26,-1
1995-08-27,-1
1995-08-28,-1
1995-08-29,-1
1995-08-30,-1
1995-08-31,-1
1995-09-01,-1
1995-09-02,-1
1995-09-03,-1
1995-09-04,-1
1995-09-05,-1
1995-09-06,-1
1995-09-07,-1
1995-09-08,-1
1995-09-09,-1
1995-09-10,-1
1995-09-11,-1
1995-09-12,-1
1995-09-13,-1
1995-09-14,-1
1995-09-15,-1
1995-09-16,-1
1995-09-17,-1
1995-09-18,-1
1995-09-19,-1
1995-09-20,-1
1995-09-21,-1
1995-09-22,-1
1995-09-23,-1
1995-09-24,-1
1995-09-25,-1
1995-09-26,-1
1995-09-27,-1
1995-09-28,-1
1995-09-29,-1
1995-09-30,-1
1995-10-01,-1
1995-10-02,-1
1995-10-03,-1
1995-10-04,-1
1995-10-05,-1
1995-10-06,-1
1995-10-07,-1
1995-10-08,-1
1995-10-09,-1
1995-10-10,-1
1995-10-11,-1
1995-10-12,-1
1995-10-13,-1
1995-10-14,-1
1995-10-15,-1
1995-10-16,-1
1995-10-17,-1
1995-10-18,-1
1995-10-19,-1
1995-10-20,-1
1995-10-21,-1
1995-10-22,-1
1995-10-23,-1
1995-10-24,-1
1995-10-25,-1
1995-10-26,-1
1995-10-27,-1
1995-10-28,-1
1995-10-29,-1
1995-10-30,-1
1995-10-31,-1
1995-11-01,-1
1995-11-02,-1
1995-11-03,-1
1995-11-04,-1
1995-11-05,-1
1995-11-06,-1
1995-11-07,-1
1995-11-08,-1
1995-11-09,-1
1995-11-10,-1
1995-11-11,-1
1995-11-12,-1
1995-11-13,-1
1995-11-14,-1
1995-11-15,-1
1995-11-16,-1
1995-11-17,-1
1995-11-18,-1
1995-11-19,-1
1995-11-20,-1
1995-11-21,-1
1995-11-22,-1
1995-11-23,-1
1995-11-24,-1
1995-11-25,-1
1995-11-26,-1
1995-11-27,-1
1995-11-28,-1
1995-11-29,-1
1995-11-30,-1
1995-12-01,-1
1995-12-02,-1
1995-12-03,-1
1995-12-04,-1
1995-12-05,-1
1995-12-06,-1
1995-12-07,-1
1995-12-08,-1
1995-12-09,-1
1995-12-10,-1
1995-12-11,-1
1995-12-12,-1
1995-12-13,-1
1995-12-14,-1
1995-12-15,-1
1995-12-16,-1
1995-12-17,-1
1995-12-18,-1
1995-12-19,-1
1995-12-20,-1
1995-12-21,-1
1995-12-22,-1
1995-12-23,-1
1995-12-24,-1
1995-12-25,-1
1995-12-26,-1
1995-12-27,-1
1995-12-28,-1
1995-12-29,-1
1995-12-30,-1
1995-12-31,-1
1996-01-01,-1
1996-01-02,-1
1996-01-03,-1
1996-01-04,-1
1996-01-05,-1
1996-01-06,-1
1996-01-07,-1
1996-01-08,-1
1996-01-09,-1
1996-01-10,-1
1996-01-11,-1
1996-01-12,-1
1996-01-13,-1
1996-01-14,-1
1996-01-15,-1
1996-01-16,-1
1996-01-17,-1
1996-01-18,-1
1996-01-19,-1
1996-01-20,-1
1996-01-21,-1
1996-01-22,-1
1996-01-23,-1
1996-01-24,-1
1996-01-25,-1
1996-01-26,-1
1996-01-27,-1
1996-01-28,-1
1996-01-29,-1
1996-01-30,-1
1996-01-31,-1
1996-02-01,-1
1996-02-02,-1
1996-02-03,-1
1996-02-04,-1
1996-02-05,-1
1996-02-06,-1
1996-02-07,-1
1996-02-08,-1
1996-02-09,-1
1996-02-10,-1
1996-02-11,-1
1996-02-12,-1
1996-02-13,-1
1996-02-14,-1
1996-02-15,-1
1996-02-16,-1
1996-02-17,-1
1996-02-18,-1
1996-02-19,-1
1996-02-20,-1
1996-02-21,-1
1996-02-22,-1
1996-02-23,-1
1996-02-24,-1
1996-02-25,-1
1996-02-26,-1
1996-02-27,-1
1996-02-28,-1
1996-02-29,-1
1996-03-01,-1
1996-03-02,-1
1996-03-03,-1
1996-03-04,-1
1996-03-05,-1
1996-03-06,-1
1996-03-07,-1
1996-03-08,-1
1996-03-09,-1
1996-03-10,-1
1996-03-11,-1
1996-03-12,-1
1996-03-13,-1
1996-03-14,-1
1996-03-15,-1
1996-03-16,-1
1996-03-17,-1
1996-03-18,-1
1996-03-19,-1
1996-03-20,-1
1996-03-21,-1
1996-03-22,-1
1996-03-23,-1
1996-03-24,-1
1996-03-25,-1
1996-03-26,-1
1996-03-27,-1
1996-03-28,-1
1996-03-29,-1
1996-03-30,-1
1996-03-31,-1
1996-04-01,-1
1996-04-02,-1
1996-04-03,-1
1996-04-04,-1
1996-04-05,-1
1996-04-06,-1
1996-04-07,-1
1996-04-08,-1
1996-04-09,-1
1996-04-10,-1
1996-04-11,-1
1996-04-12,-1
1996-04-13,-1
1996-04-14,-1
1996-04-15,-1
1996-04-16,-1
1996-04-17,-1
1996-04-18,-1
1996-04-19,-1
1996-04-20,-1
1996-04-21,-1
1996-04-22,-1
1996-04-23,-1
1996-04-24,-1
1996-04-25,-1
1996-04-26,-1
1996-04-27,-1
1996-04-28,-1
1996-04-29,-1
1996-04-30,-1
1996-05-01,-1
1996-05-02,-1
1996-05-03,-1
1996-05-04,-1
1996-05-05,-1
1996-05-06,-1
1996-05-07,-1
1996-05-08,-1
1996-05-09,-1
1996-05-10,-1
1996-05-11,-1
1996-05-12,-1
1996-05-13,-1
1996-05-14,-1
1996-05-15,-1
1996-05-16,-1
1996-05-17,-1
1996-05-18,-1
1996-05-19,-1
1996-05-20,-1
1996-05-21,-1
1996-05-22,-1
1996-05-23,-1
1996-05-24,-1
1996-05-25,-1
1996-05-26,-1
1996-05-27,-1
1996-05-28,-1
1996-05-29,-1
1996-05-30,-1
1996-05-31,-1
1996-06-01,-1
1996-06-02,-1
1996-06-03,-1
1996-06-04,-1
1996-06-05,-1
1996-06-06,-1
1996-06-07,-1
1996-06-08,-1
1996-06-09,-1
1996-06-10,-1
1996-06-11,-1
1996-06-12,-1
1996-06-13,-1
1996-06-14,-1
1996-06-15,-1
1996-06-16,-1
1996-06-17,-1
1996-06-18,-1
1996-06-19,-1
1996-06-20,-1
1996-06-21,-1
1996-06-22,-1
1996-06-23,-1
1996-06-24,-1
1996-06-25,-1
1996-06-26,-1
1996-06-27,-1
1996-06-28,-1
1996-06-29,-1
1996-06-30,-1
1996-07-01,-1
1996-07-02,-1
1996-07-03,-1
1996-07-04,-1
1996-07-05,-1
1996-07-06,-1
1996-07-07,-1
1996-07-08,-1
1996-07-09,-1
1996-07-10,-1
1996-07-11,-1
1996-07-12,-1
1996-07-13,-1
1996-07-14,-1
1996-07-15,-1
1996-07-16,-1
1996-07-17,-1
1996-07-18,-1
1996-07-19,-1
1996-07-20,-1
1996-07-21,-1
1996-07-22,-1
1996-07-23,-1
1996-07-24,-1
1996-07-25,-1
1996-07-26,-1
1996-07-27,-1
1996-07-28,-1
1996-07-29,-1
1996-07-30,-1
1996-07-31,-1
1996-08-01,-1
1996-08-02,-1
1996-08-03,-1
1996-08-04,-1
1996-08-05,-1
1996-08-06,-1
1996-08-07,-1
1996-08-08,-1
1996-08-09,-1
1996-08-10,-1
1996-08-11,-1
1996-08-12,-1
1996-08-13,-1
1996-08-14,-1
1996-08-15,-1
1996-08-16,-1
1996-08-17,-1
1996-08-18,-1
1996-08-19,-1
1996-08-20,-1
1996-08-21,-1
1996-08-22,-1
1996-08-23,-1
1996-08-24,-1
1996-08-25,-1
1996-08-26,-1
1996-08-27,-1
1996-08-28,-1
1996-08-29,-1
1996-08-30,-1
1996-08-31,-1
1996-09-01,-1
1996-09-02,-1
1996-09-03,-1
1996-09-04,-1
1996-09-05,-1
1996-09-06,-1
1996-09-07,-1
1996-09-08,-1
1996-09-09,-1
1996-09-10,-1
1996-09-11,-1
1996-09-12,-1
1996-09-13,-1
1996-09-14,-1
1996-09-15,-1
1996-09-16,-1
1996-09-17,-1
1996-09-18,-1
1996-09-19,-1
1996-09-20,-1
1996-09-21,-1
1996-09-22,-1
1996-09-23,-1
1996-09-24,-1
1996-09-25,-1
1996-09-26,-1
1996-09-27,-1
1996-09-28,-1
1996-09-29,-1
1996-09-30,-1
1997-01-01,-1
1997-01-02,-1
1997-01-03,-1
1997-01-04,-1
1997-01-05,-1
1997-01-06,-1
1997-01-07,-1
1997-01-08,-1
1997-01-09,-1
1997-01-10,-1
1997-01-11,-1
1997-01-12,-1
1997-01-13,-1
1997-01-14,-1
1997-01-15,-1
1997-01-16,-1
1997-01-17,-1
1997-01-18,-1
1997-01-19,-1
1997-01-20,-1
1997-01-21,-1
1997-01-22,-1
1997-01-23,-1
1997-01-24,-1
1997-01-25,-1
1997-01-26,-1
1997-01-27,-1
1997-01-28,-1
1997-01-29,-1
1997-01-30,-1
1997-01-31,-1
1997-02-01,-1
1997-02-02,-1
1997-02-03,-1
1997-02-04,-1
1997-02-05,-1
1997-02-06,-1
1997-02-07,-1
1997-02-08,-1
1997-02-09,-1
1997-02-10,-1
1997-02-11,-1
1997-02-12,-1
1997-02-13,-1
1997-02-14,-1
1997-02-15,-1
1997-02-16,-1
1997-02-17,-1
1997-02-18,-1
1997-02-19,-1
1997-02-20,-1
1997-02-21,-1
1997-02-22,-1
1997-02-23,-1
1997-02-24,-1
1997-02-25,-1
1997-02-26,-1
1997-02-27,-1
1997-02-28,-1
1997-03-01,-1
1997-03-02,-1
1997-03-03,-1
1997-03-04,-1
1997-03-05,-1
1997-03-06,-1
1997-03-07,-1
1997-03-08,-1
1997-03-09,-1
1997-03-10,-1
1997-03-11,-1
1997-03-12,-1
1997-03-13,-1
1997-03-14,-1
1997-03-15,-1
1997-03-16,-1
1997-03-17,-1
1997-03-18,-1
1997-03-19,-1
1997-03-20,-1
1997-03-21,-1
1997-03-22,-1
1997-03-23,-1
1997-03-24,-1
1997-03-25,-1
1997-03-26,-1
1997-03-27,-1
1997-03-28,-1
1997-03-29,-1
1997-03-30,-1
1997-03-31,-1
1997-10-01,-1
1997-10-02,-1
1997-10-03,-1
1997-10-04,-1
1997-10-05,-1
1997-10-06,-1
1997-10-07,-1
1997-10-08,-1
1997-10-09,-1
1997-10-10,-1
1997-10-11,-1
1997-10-12,-1
1997-10-13,-1
1997-10-14,-1
1997-10-15,-1
1997-10-16,-1
1997-10-17,-1
1997-10-18,-1
1997-10-19,-1
1997-10-20,-1
1997-10-21,-1
1997-10-22,-1
1997-10-23,-1
1997-10-24,-1
1997-10-25,-1
1997-10-26,-1
1997-10-27,-1
1997-10-28,-1
1997-10-29,-1
1997-10-30,-1
1997-10-31,-1
1997-11-01,-1
1997-11-02,-1
1997-11-03,-1
1997-11-04,-1
1997-11-05,-1
1997-11-06,-1
1997-11-07,-1
1997-11-08,-1
1997-11-09,-1
1997-11-10,-1
1997-11-11,-1
1997-11-12,-1
1997-11-13,-1
1997-11-14,-1
1997-11-15,-1
1997-11-16,-1
1997-11-17,-1
1997-11-18,-1
1997-11-19,-1
1997-11-20,-1
1997-11-21,-1
1997-11-22,-1
1997-11-23,-1
1997-11-24,-1
1997-11-25,-1
1997-11-26,-1
1997-11-27,-1
1997-11-28,-1
1997-11-29,-1
1997-11-30,-1
1997-12-01,-1
1997-12-02,-1
1997-12-03,-1
1997-12-04,-1
1997-12-05,-1
1997-12-06,-1
1997-12-07,-1
1997-12-08,-1
1997-12-09,-1
1997-12-10,-1
1997-12-11,-1
1997-12-12,-1
1997-12-13,-1
1997-12-14,-1
1997-12-15,-1
1997-12-16,-1
1997-12-17,-1
1997-12-18,-1
1997-12-19,-1
1997-12-20,-1
1997-12-21,-1
1997-12-22,-1
1997-12-23,-1
1997-12-24,-1
1997-12-25,-1
1997-12-26,-1
1997-12-27,-1
1997-12-28,-1
1997-12-29,-1
1997-12-30,-1
1997-12-31,-1
1999-07-01,-1
1999-07-02,-1
1999-07-03,-1
1999-07-04,-1
1999-07-05,-1
1999-07-06,-1
1999-07-07,-1
1999-07-08,-1
1999-07-09,-1
1999-07-10,-1
1999-07-11,-1
1999-07-12,-1
1999-07-13,-1
1999-07-14,-1
1999-07-15,-1
1999-07-16,-1
1999-07-17,-1
1999-07-18,-1
1999-07-19,-1
1999-07-20,-1
1999-07-21,-1
1999-07-22,-1
1999-07-23,-1
1999-07-24,-1
1999-07-25,-1
1999-07-26,-1
1999-07-27,-1
1999-07-28,-1
1999-07-29,-1
1999-07-30,-1
1999-07-31,-1
1999-08-01,-1
1999-08-02,-1
1999-08-03,-1
1999-08-04,-1
1999-08-05,-1
1999-08-06,-1
1999-08-07,-1
1999-08-08,-1
1999-08-09,-1
1999-08-10,-1
1999-08-11,-1
1999-08-12,-1
1999-08-13,-1
1999-08-14,-1
1999-08-15,-1
1999-08-16,-1
1999-08-17,-1
1999-08-18,-1
1999-08-19,-1
1999-08-20,-1
1999-08-21,-1
1999-08-22,-1
1999-08-23,-1
1999-08-24,-1
1999-08-25,-1
1999-08-26,-1
1999-08-27,-1
1999-08-28,-1
1999-08-29,-1
1999-08-30,-1
1999-08-31,-1
1999-09-01,-1
1999-09-02,-1
1999-09-03,-1
1999-09-04,-1
1999-09-05,-1
1999-09-06,-1
1999-09-07,-1
1999-09-08,-1
1999-09-09,-1
1999-09-10,-1
1999-09-11,-1
1999-09-12,-1
1999-09-13,-1
1999-09-14,-1
1999-09-15,-1
1999-09-16,-1
1999-09-17,-1
1999-09-18,-1
1999-09-19,-1
1999-09-20,-1
1999-09-21,-1
1999-09-22,-1
1999-09-23,-1
1999-09-24,-1
1999-09-25,-1
1999-09-26,-1
1999-09-27,-1
1999-09-28,-1
1999-09-29,-1
1999-09-30,-1
1999-10-01,-1
1999-10-02,-1
1999-10-03,-1
1999-10-04,-1
1999-10-05,-1
1999-10-06,-1
1999-10-07,-1
1999-10-08,-1
1999-10-09,-1
1999-10-10,-1
1999-10-11,-1
1999-10-12,-1
1999-10-13,-1
1999-10-14,-1
1999-10-15,-1
1999-10-16,-1
1999-10-17,-1
1999-10-18,-1
1999-10-19,-1
1999-10-20,-1
1999-10-21,-1
1999-10-22,-1
1999-10-23,-1
1999-10-24,-1
1999-10-25,-1
1999-10-26,-1
1999-10-27,-1
1999-10-28,-1
1999-10-29,-1
1999-10-30,-1
1999-10-31,-1
1999-11-01,-1
1999-11-02,-1
1999-11-03,-1
1999-11-04,-1
1999-11-05,-1
1999-11-06,-1
1999-11-07,-1
1999-11-08,-1
1999-11-09,-1
1999-11-10,-1
1999-11-11,-1
1999-11-12,-1
1999-11-13,-1
1999-11-14,-1
1999-11-15,-1
1999-11-16,-1
1999-11-17,-1
1999-11-18,-1
1999-11-19,-1
1999-11-20,-1
1999-11-21,-1
1999-11-22,-1
1999-11-23,-1
1999-11-24,-1
1999-11-25,-1
1999-11-26,-1
1999-11-27,-1
1999-11-28,-1
1999-11-29,-1
1999-11-30,-1
1999-12-01,-1
1999-12-02,-1
1999-12-03,-1
1999-12-04,-1
1999-12-05,-1
1999-12-06,-1
1999-12-07,-1
1999-12-08,-1
1999-12-09,-1
1999-12-10,-1
1999-12-11,-1
1999-12-12,-1
1999-12-13,-1
1999-12-14,-1
1999-12-15,-1
1999-12-16,-1
1999-12-17,-1
1999-12-18,-1
1999-12-19,-1
1999-12-20,-1
1999-12-21,-1
1999-12-22,-1
1999-12-23,-1
1999-12-24,-1
1999-12-25,-1
1999-12-26,-1
1999-12-27,-1
1999-12-28,-1
1999-12-29,-1
1999-12-30,-1
1999-12-31,-1
2000-04-01,-1
2000-04-02,-1
2000-04-03,-1
2000-04-04,-1
2000-04-05,-1
2000-04-06,-1
2000-04-07,-1
2000-04-08,-1
2000-04-09,-1
2000-04-10,-1
2000-04-11,-1
2000-04-12,-1
2000-04-13,-1
2000-04-14,-1
2000-04-15,-1
2000-04-16,-1
2000-04-17,-1
2000-04-18,-1
2000-04-19,-1
2000-04-20,-1
2000-04-21,-1
2000-04-22,-1
2000-04-23,-1
2000-04-24,-1
2000-04-25,-1
2000-04-26,-1
2000-04-27,-1
2000-04-28,-1
2000-04-29,-1
2000-04-30,-1
2000-05-01,-1
2000-05-02,-1
2000-05-03,-1
2000-05-04,-1
2000-05-05,-1
2000-05-06,-1
2000-05-07,-1
2000-05-08,-1
2000-05-09,-1
2000-05-10,-1
2000-05-11,-1
2000-05-12,-1
2000-05-13,-1
2000-05-14,-1
2000-05-15,-1
2000-05-16,-1
2000-05-17,-1
2000-05-18,-1
2000-05-19,-1
2000-05-20,-1
2000-05-21,-1
2000-05-22,-1
2000-05-23,-1
2000-05-24,-1
2000-05-25,-1
2000-05-26,-1
2000-05-27,-1
2000-05-28,-1
2000-05-29,-1
2000-05-30,-1
2000-05-31,-1
2000-06-01,-1
2000-06-02,-1
2000-06-03,-1
2000-06-04,-1
2000-06-05,-1
2000-06-06,-1
2000-06-07,-1
2000-06-08,-1
2000-06-09,-1
2000-06-10,-1
2000-06-11,-1
2000-06-12,-1
2000-06-13,-1
2000-06-14,-1
2000-06-15,-1
2000-06-16,-1
2000-06-17,-1
2000-06-18,-1
2000-06-19,-1
2000-06-20,-1
2000-06-21,-1
2000-06-22,-1
2000-06-23,-1
2000-06-24,-1
2000-06-25,-1
2000-06-26,-1
2000-06-27,-1
2000-06-28,-1
2000-06-29,-1
2000-06-30,-1
2000-07-01,-1
2000-07-02,-1
2000-07-03,-1
2000-07-04,-1
2000-07-05,-1
2000-07-06,-1
2000-07-07,-1
2000-07-08,-1
2000-07-09,-1
2000-07-10,-1
2000-07-11,-1
2000-07-12,-1
2000-07-13,-1
2000-07-14,-1
2000-07-15,-1
2000-07-16,-1
2000-07-17,-1
2000-07-18,-1
2000-07-19,-1
2000-07-20,-1
2000-07-21,-1
2000-07-22,-1
2000-07-23,-1
2000-07-24,-1
2000-07-25,-1
2000-07-26,-1
2000-07-27,-1
2000-07-28,-1
2000-07-29,-1
2000-07-30,-1
2000-07-31,-1
2000-08-01,-1
2000-08-02,-1
2000-08-03,-1
2000-08-04,-1
2000-08-05,-1
2000-08-06,-1
2000-08-07,-1
2000-08-08,-1
2000-08-09,-1
2000-08-10,-1
2000-08-11,-1
2000-08-12,-1
2000-08-13,-1
2000-08-14,-1
2000-08-15,-1
2000-08-16,-1
2000-08-17,-1
2000-08-18,-1
2000-08-19,-1
2000-08-20,-1
2000-08-21,-1
2000-08-22,-1
2000-08-23,-1
2000-08-24,-1
2000-08-25,-1
2000-08-26,-1
2000-08-27,-1
2000-08-28,-1
2000-08-29,-1
2000-08-30,-1
2000-08-31,-1
2000-09-01,-1
2000-09-02,-1
2000-09-03,-1
2000-09-04,-1
2000-09-05,-1
2000-09-06,-1
2000-09-07,-1
2000-09-08,-1
2000-09-09,-1
2000-09-10,-1
2000-09-11,-1
2000-09-12,-1
2000-09-13,-1
2000-09-14,-1
2000-09-15,-1
2000-09-16,-1
2000-09-17,-1
2000-09-18,-1
2000-09-19,-1
2000-09-20,-1
2000-09-21,-1
2000-09-22,-1
2000-09-23,-1
2000-09-24,-1
2000-09-25,-1
2000-09-26,-1
2000-09-27,-1
2000-09-28,-1
2000-09-29,-1
2000-09-30,-1
2001-04-01,-1
2001-04-02,-1
2001-04-03,-1
2001-04-04,-1
2001-04-05,-1
2001-04-06,-1
2001-04-07,-1
2001-04-08,-1
2001-04-09,-1
2001-04-10,-1
2001-04-11,-1
2001-04-12,-1
2001-04-13,-1
2001-04-14,-1
2001-04-15,-1
2001-04-16,-1
2001-04-17,-1
2001-04-18,-1
2001-04-19,-1
2001-04-20,-1
2001-04-21,-1
2001-04-22,-1
2001-04-23,-1
2001-04-24,-1
2001-04-25,-1
2001-04-26,-1
2001-04-27,-1
2001-04-28,-1
2001-04-29,-1
2001-04-30,-1
2001-05-01,-1
2001-05-02,-1
2001-05-03,-1
2001-05-04,-1
2001-05-05,-1
2001-05-06,-1
2001-05-07,-1
2001-05-08,-1
2001-05-09,-1
2001-05-10,-1
2001-05-11,-1
2001-05-12,-1
2001-05-13,-1
2001-05-14,-1
2001-05-15,-1
2001-05-16,-1
2001-05-17,-1
2001-05-18,-1
2001-05-19,-1
2001-05-20,-1
2001-05-21,-1
2001-05-22,-1
2001-05-23,-1
2001-05-24,-1
2001-05-25,-1
2001-05-26,-1
2001-05-27,-1
2001-05-28,-1
2001-05-29,-1
2001-05-30,-1
2001-05-31,-1
2001-06-01,-1
2001-06-02,-1
2001-06-03,-1
2001-06-04,-1
2001-06-05,-1
2001-06-06,-1
2001-06-07,-1
2001-06-08,-1
2001-06-09,-1
2001-06-10,-1
2001-06-11,-1
2001-06-12,-1
2001-06-13,-1
2001-06-14,-1
2001-06-15,-1
2001-06-16,-1
2001-06-17,-1
2001-06-18,-1
2001-06-19,-1
2001-06-20,-1
2001-06-21,-1
2001-06-22,-1
2001-06-23,-1
2001-06-24,-1
2001-06-25,-1
2001-06-26,-1
2001-06-27,-1
2001-06-28,-1
2001-06-29,-1
2001-06-30,-1
2001-07-01,-1
2001-07-02,-1
2001-07-03,-1
2001-07-04,-1
2001-07-05,-1
2001-07-06,-1
2001-07-07,-1
2001-07-08,-1
2001-07-09,-1
2001-07-10,-1
2001-07-11,-1
2001-07-12,-1
2001-07-13,-1
2001-07-14,-1
2001-07-15,-1
2001-07-16,-1
2001-07-17,-1
2001-07-18,-1
2001-07-19,-1
2001-07-20,-1
2001-07-21,-1
2001-07-22,-1
2001-07-23,-1
2001-07-24,-1
2001-07-25,-1
2001-07-26,-1
2001-07-27,-1
2001-07-28,-1
2001-07-29,-1
2001-07-30,-1
2001-07-31,-1
2001-08-01,-1
2001-08-02,-1
2001-08-03,-1
2001-08-04,-1
2001-08-05,-1
2001-08-06,-1
2001-08-07,-1
2001-08-08,-1
2001-08-09,-1
2001-08-10,-1
2001-08-11,-1
2001-08-12,-1
2001-08-13,-1
2001-08-14,-1
2001-08-15,-1
2001-08-16,-1
2001-08-17,-1
2001-08-18,-1
2001-08-19,-1
2001-08-20,-1
2001-08-21,-1
2001-08-22,-1
2001-08-23,-1
2001-08-24,-1
2001-08-25,-1
2001-08-26,-1
2001-08-27,-1
2001-08-28,-1
2001-08-29,-1
2001-08-30,-1
2001-08-31,-1
2001-09-01,-1
2001-09-02,-1
2001-09-03,-1
2001-09-04,-1
2001-09-05,-1
2001-09-06,-1
2001-09-07,-1
2001-09-08,-1
2001-09-09,-1
2001-09-10,-1
2001-09-11,-1
2001-09-12,-1
2001-09-13,-1
2001-09-14,-1
2001-09-15,-1
2001-09-16,-1
2001-09-17,-1
2001-09-18,-1
2001-09-19,-1
2001-09-20,-1
2001-09-21,-1
2001-09-22,-1
2001-09-23,-1
2001-09-24,-1
2001-09-25,-1
2001-09-26,-1
2001-09-27,-1
2001-09-28,-1
2001-09-29,-1
2001-09-30,-1
2001-10-01,-1
2001-10-02,-1
2001-10-03,-1
2001-10-04,-1
2001-10-05,-1
2001-10-06,-1
2001-10-07,-1
2001-10-08,-1
2001-10-09,-1
2001-10-10,-1
2001-10-11,-1
2001-10-12,-1
2001-10-13,-1
2001-10-14,-1
2001-10-15,-1
2001-10-16,-1
2001-10-17,-1
2001-10-18,-1
2001-10-19,-1
2001-10-20,-1
2001-10-21,-1
2001-10-22,-1
2001-10-23,-1
2001-10-24,-1
2001-10-25,-1
2001-10-26,-1
2001-10-27,-1
2001-10-28,-1
2001-10-29,-1
2001-10-30,-1
2001-10-31,-1
2001-11-01,-1
2001-11-02,-1
2001-11-03,-1
2001-11-04,-1
2001-11-05,-1
2001-11-06,-1
2001-11-07,-1
2001-11-08,-1
2001-11-09,-1
2001-11-10,-1
2001-11-11,-1
2001-11-12,-1
2001-11-13,-1
2001-11-14,-1
2001-11-15,-1
2001-11-16,-1
2001-11-17,-1
2001-11-18,-1
2001-11-19,-1
2001-11-20,-1
2001-11-21,-1
2001-11-22,-1
2001-11-23,-1
2001-11-24,-1
2001-11-25,-1
2001-11-26,-1
2001-11-27,-1
2001-11-28,-1
2001-11-29,-1
2001-11-30,-1
2001-12-01,-1
2001-12-02,-1
2001-12-03,-1
2001-12-04,-1
2001-12-05,-1
2001-12-06,-1
2001-12-07,-1
2001-12-08,-1
2001-12-09,-1
2001-12-10,-1
2001-12-11,-1
2001-12-12,-1
2001-12-13,-1
2001-12-14,-1
2001-12-15,-1
2001-12-16,-1
2001-12-17,-1
2001-12-18,-1
2001-12-19,-1
2001-12-20,-1
2001-12-21,-1
2001-12-22,-1
2001-12-23,-1
2001-12-24,-1
2001-12-25,-1
2001-12-26,-1
2001-12-27,-1
2001-12-28,-1
2001-12-29,-1
2001-12-30,-1
2001-12-31,-1
2002-01-01,-1
2002-01-02,-1
2002-01-03,-1
2002-01-04,-1
2002-01-05,-1
2002-01-06,-1
2002-01-07,-1
2002-01-08,-1
2002-01-09,-1
2002-01-10,-1
2002-01-11,-1
2002-01-12,-1
2002-01-13,-1
2002-01-14,-1
2002-01-15,-1
2002-01-16,-1
2002-01-17,-1
2002-01-18,-1
2002-01-19,-1
2002-01-20,-1
2002-01-21,-1
2002-01-22,-1
2002-01-23,-1
2002-01-24,-1
2002-01-25,-1
2002-01-26,-1
2002-01-27,-1
2002-01-28,-1
2002-01-29,-1
2002-01-30,-1
2002-01-31,-1
2002-02-01,-1
2002-02-02,-1
2002-02-03,-1
2002-02-04,-1
2002-02-05,-1
2002-02-06,-1
2002-02-07,-1
2002-02-08,-1
2002-02-09,-1
2002-02-10,-1
2002-02-11,-1
2002-02-12,-1
2002-02-13,-1
2002-02-14,-1
2002-02-15,-1
2002-02-16,-1
2002-02-17,-1
2002-02-18,-1
2002-02-19,-1
2002-02-20,-1
2002-02-21,-1
2002-02-22,-1
2002-02-23,-1
2002-02-24,-1
2002-02-25,-1
2002-02-26,-1
2002-02-27,-1
2002-02-28,-1
2002-03-01,-1
2002-03-02,-1
2002-03-03,-1
2002-03-04,-1
2002-03-05,-1
2002-03-06,-1
2002-03-07,-1
2002-03-08,-1
2002-03-09,-1
2002-03-10,-1
2002-03-11,-1
2002-03-12,-1
2002-03-13,-1
2002-03-14,-1
2002-03-15,-1
2002-03-16,-1
2002-03-17,-1
2002-03-18,-1
2002-03-19,-1
2002-03-20,-1
2002-03-21,-1
2002-03-22,-1
2002-03-23,-1
2002-03-24,-1
2002-03-25,-1
2002-03-26,-1
2002-03-27,-1
2002-03-28,-1
2002-03-29,-1
2002-03-30,-1
2002-03-31,-1
2002-04-01,-1
2002-04-02,-1
2002-04-03,-1
2002-04-04,-1
2002-04-05,-1
2002-04-06,-1
2002-04-07,-1
2002-04-08,-1
2002-04-09,-1
2002-04-10,-1
2002-04-11,-1
2002-04-12,-1
2002-04-13,-1
2002-04-14,-1
2002-04-15,-1
2002-04-16,-1
2002-04-17,-1
2002-04-18,-1
2002-04-19,-1
2002-04-20,-1
2002-04-21,-1
2002-04-22,-1
2002-04-23,-1
2002-04-24,-1
2002-04-25,-1
2002-04-26,-1
2002-04-27,-1
2002-04-28,-1
2002-04-29,-1
2002-04-30,-1
2002-05-01,-1
2002-05-02,-1
2002-05-03,-1
2002-05-04,-1
2002-05-05,-1
2002-05-06,-1
2002-05-07,-1
2002-05-08,-1
2002-05-09,-1
2002-05-10,-1
2002-05-11,-1
2002-05-12,-1
2002-05-13,-1
2002-05-14,-1
2002-05-15,-1
2002-05-16,-1
2002-05-17,-1
2002-05-18,-1
2002-05-19,-1
2002-05-20,-1
2002-05-21,-1
2002-05-22,-1
2002-05-23,-1
2002-05-24,-1
2002-05-25,-1
2002-05-26,-1
2002-05-27,-1
2002-05-28,-1
2002-05-29,-1
2002-05-30,-1
2002-05-31,-1
2002-06-01,-1
2002-06-02,-1
2002-06-03,-1
2002-06-04,-1
2002-06-05,-1
2002-06-06,-1
2002-06-07,-1
2002-06-08,-1
2002-06-09,-1
2002-06-10,-1
2002-06-11,-1
2002-06-12,-1
2002-06-13,-1
2002-06-14,-1
2002-06-15,-1
2002-06-16,-1
2002-06-17,-1
2002-06-18,-1
2002-06-19,-1
2002-06-20,-1
2002-06-21,-1
2002-06-22,-1
2002-06-23,-1
2002-06-24,-1
2002-06-25,-1
2002-06-26,-1
2002-06-27,-1
2002-06-28,-1
2002-06-29,-1
2002-06-30,-1
2002-07-01,-1
2002-07-02,-1
2002-07-03,-1
2002-07-04,-1
2002-07-05,-1
2002-07-06,-1
2002-07-07,-1
2002-07-08,-1
2002-07-09,-1
2002-07-10,-1
2002-07-11,-1
2002-07-12,-1
2002-07-13,-1
2002-07-14,-1
2002-07-15,-1
2002-07-16,-1
2002-07-17,-1
2002-07-18,-1
2002-07-19,-1
2002-07-20,-1
2002-07-21,-1
2002-07-22,-1
2002-07-23,-1
2002-07-24,-1
2002-07-25,-1
2002-07-26,-1
2002-07-27,-1
2002-07-28,-1
2002-07-29,-1
2002-07-30,-1
2002-07-31,-1
2002-08-01,-1
2002-08-02,-1
2002-08-03,-1
2002-08-04,-1
2002-08-05,-1
2002-08-06,-1
2002-08-07,-1
2002-08-08,-1
2002-08-09,-1
2002-08-10,-1
2002-08-11,-1
2002-08-12,-1
2002-08-13,-1
2002-08-14,-1
2002-08-15,-1
2002-08-16,-1
2002-08-17,-1
2002-08-18,-1
2002-08-19,-1
2002-08-20,-1
2002-08-21,-1
2002-08-22,-1
2002-08-23,-1
2002-08-24,-1
2002-08-25,-1
2002-08-26,-1
2002-08-27,-1
2002-08-28,-1
2002-08-29,-1
2002-08-30,-1
2002-08-31,-1
2002-09-01,-1
2002-09-02,-1
2002-09-03,-1
2002-09-04,-1
2002-09-05,-1
2002-09-06,-1
2002-09-07,-1
2002-09-08,-1
2002-09-09,-1
2002-09-10,-1
2002-09-11,-1
2002-09-12,-1
2002-09-13,-1
2002-09-14,-1
2002-09-15,-1
2002-09-16,-1
2002-09-17,-1
2002-09-18,-1
2002-09-19,-1
2002-09-20,-1
2002-09-21,-1
2002-09-22,-1
2002-09-23,-1
2002-09-24,-1
2002-09-25,-1
2002-09-26,-1
2002-09-27,-1
2002-09-28,-1
2002-09-29,-1
2002-09-30,-1
2003-07-01,-1
2003-07-02,-1
2003-07-03,-1
2003-07-04,-1
2003-07-05,-1
2003-07-06,-1
2003-07-07,-1
2003-07-08,-1
2003-07-09,-1
2003-07-10,-1
2003-07-11,-1
2003-07-12,-1
2003-07-13,-1
2003-07-14,-1
2003-07-15,-1
2003-07-16,-1
2003-07-17,-1
2003-07-18,-1
2003-07-19,-1
2003-07-20,-1
2003-07-21,-1
2003-07-22,-1
2003-07-23,-1
2003-07-24,-1
2003-07-25,-1
2003-07-26,-1
2003-07-27,-1
2003-07-28,-1
2003-07-29,-1
2003-07-30,-1
2003-07-31,-1
2003-08-01,-1
2003-08-02,-1
2003-08-03,-1
2003-08-04,-1
2003-08-05,-1
2003-08-06,-1
2003-08-07,-1
2003-08-08,-1
2003-08-09,-1
2003-08-10,-1
2003-08-11,-1
2003-08-12,-1
2003-08-13,-1
2003-08-14,-1
2003-08-15,-1
2003-08-16,-1
2003-08-17,-1
2003-08-18,-1
2003-08-19,-1
2003-08-20,-1
2003-08-21,-1
2003-08-22,-1
2003-08-23,-1
2003-08-24,-1
2003-08-25,-1
2003-08-26,-1
2003-08-27,-1
2003-08-28,-1
2003-08-29,-1
2003-08-30,-1
2003-08-31,-1
2003-09-01,-1
2003-09-02,-1
2003-09-03,-1
2003-09-04,-1
2003-09-05,-1
2003-09-06,-1
2003-09-07,-1
2003-09-08,-1
2003-09-09,-1
2003-09-10,-1
2003-09-11,-1
2003-09-12,-1
2003-09-13,-1
2003-09-14,-1
2003-09-15,-1
2003-09-16,-1
2003-09-17,-1
2003-09-18,-1
2003-09-19,-1
2003-09-20,-1
2003-09-21,-1
2003-09-22,-1
2003-09-23,-1
2003-09-24,-1
2003-09-25,-1
2003-09-26,-1
2003-09-27,-1
2003-09-28,-1
2003-09-29,-1
2003-09-30,-1
2004-07-01,-1
2004-07-02,-1
2004-07-03,-1
2004-07-04,-1
2004-07-05,-1
2004-07-06,-1
2004-07-07,-1
2004-07-08,-1
2004-07-09,-1
2004-07-10,-1
2004-07-11,-1
2004-07-12,-1
2004-07-13,-1
2004-07-14,-1
2004-07-15,-1
2004-07-16,-1
2004-07-17,-1
2004-07-18,-1
2004-07-19,-1
2004-07-20,-1
2004-07-21,-1
2004-07-22,-1
2004-07-23,-1
2004-07-24,-1
2004-07-25,-1
2004-07-26,-1
2004-07-27,-1
2004-07-28,-1
2004-07-29,-1
2004-07-30,-1
2004-07-31,-1
2004-08-01,-1
2004-08-02,-1
2004-08-03,-1
2004-08-04,-1
2004-08-05,-1
2004-08-06,-1
2004-08-07,-1
2004-08-08,-1
2004-08-09,-1
2004-08-10,-1
2004-08-11,-1
2004-08-12,-1
2004-08-13,-1
2004-08-14,-1
2004-08-15,-1
2004-08-16,-1
2004-08-17,-1
2004-08-18,-1
2004-08-19,-1
2004-08-20,-1
2004-08-21,-1
2004-08-22,-1
2004-08-23,-1
2004-08-24,-1
2004-08-25,-1
2004-08-26,-1
2004-08-27,-1
2004-08-28,-1
2004-08-29,-1
2004-08-30,-1
2004-08-31,-1
2004-09-01,-1
2004-09-02,-1
2004-09-03,-1
2004-09-04,-1
2004-09-05,-1
2004-09-06,-1
2004-09-07,-1
2004-09-08,-1
2004-09-09,-1
2004-09-10,-1
2004-09-11,-1
2004-09-12,-1
2004-09-13,-1
2004-09-14,-1
2004-09-15,-1
2004-09-16,-1
2004-09-17,-1
2004-09-18,-1
2004-09-19,-1
2004-09-20,-1
2004-09-21,-1
2004-09-22,-1
2004-09-23,-1
2004-09-24,-1
2004-09-25,-1
2004-09-26,-1
2004-09-27,-1
2004-09-28,-1
2004-09-29,-1
2004-09-30,-1
2004-10-01,-1
2004-10-02,-1
2004-10-03,-1
2004-10-04,-1
2004-10-05,-1
2004-10-06,-1
2004-10-07,-1
2004-10-08,-1
2004-10-09,-1
2004-10-10,-1
2004-10-11,-1
2004-10-12,-1
2004-10-13,-1
2004-10-14,-1
2004-10-15,-1
2004-10-16,-1
2004-10-17,-1
2004-10-18,-1
2004-10-19,-1
2004-10-20,-1
2004-10-21,-1
2004-10-22,-1
2004-10-23,-1
2004-10-24,-1
2004-10-25,-1
2004-10-26,-1
2004-10-27,-1
2004-10-28,-1
2004-10-29,-1
2004-10-30,-1
2004-10-31,-1
2004-11-01,-1
2004-11-02,-1
2004-11-03,-1
2004-11-04,-1
2004-11-05,-1
2004-11-06,-1
2004-11-07,-1
2004-11-08,-1
2004-11-09,-1
2004-11-10,-1
2004-11-11,-1
2004-11-12,-1
2004-11-13,-1
2004-11-14,-1
2004-11-15,-1
2004-11-16,-1
2004-11-17,-1
2004-11-18,-1
2004-11-19,-1
2004-11-20,-1
2004-11-21,-1
2004-11-22,-1
2004-11-23,-1
2004-11-24,-1
2004-11-25,-1
2004-11-26,-1
2004-11-27,-1
2004-11-28,-1
2004-11-29,-1
2004-11-30,-1
2004-12-01,-1
2004-12-02,-1
2004-12-03,-1
2004-12-04,-1
2004-12-05,-1
2004-12-06,-1
2004-12-07,-1
2004-12-08,-1
2004-12-09,-1
2004-12-10,-1
2004-12-11,-1
2004-12-12,-1
2004-12-13,-1
2004-12-14,-1
2004-12-15,-1
2004-12-16,-1
2004-12-17,-1
2004-12-18,-1
2004-12-19,-1
2004-12-20,-1
2004-12-21,-1
2004-12-22,-1
2004-12-23,-1
2004-12-24,-1
2004-12-25,-1
2004-12-26,-1
2004-12-27,-1
2004-12-28,-1
2004-12-29,-1
2004-12-30,-1
2004-12-31,-1
2005-01-01,-1
2005-01-02,-1
2005-01-03,-1
2005-01-04,-1
2005-01-05,-1
2005-01-06,-1
2005-01-07,-1
2005-01-08,-1
2005-01-09,-1
2005-01-10,-1
2005-01-11,-1
2005-01-12,-1
2005-01-13,-1
2005-01-14,-1
2005-01-15,-1
2005-01-16,-1
2005-01-17,-1
2005-01-18,-1
2005-01-19,-1
2005-01-20,-1
2005-01-21,-1
2005-01-22,-1
2005-01-23,-1
2005-01-24,-1
2005-01-25,-1
2005-01-26,-1
2005-01-27,-1
2005-01-28,-1
2005-01-29,-1
2005-01-30,-1
2005-01-31,-1
2005-02-01,-1
2005-02-02,-1
2005-02-03,-1
2005-02-04,-1
2005-02-05,-1
2005-02-06,-1
2005-02-07,-1
2005-02-08,-1
2005-02-09,-1
2005-02-10,-1
2005-02-11,-1
2005-02-12,-1
2005-02-13,-1
2005-02-14,-1
2005-02-15,-1
2005-02-16,-1
2005-02-17,-1
2005-02-18,-1
2005-02-19,-1
2005-02-20,-1
2005-02-21,-1
2005-02-22,-1
2005-02-23,-1
2005-02-24,-1
2005-02-25,-1
2005-02-26,-1
2005-02-27,-1
2005-02-28,-1
2005-03-01,-1
2005-03-02,-1
2005-03-03,-1
2005-03-04,-1
2005-03-05,-1
2005-03-06,-1
2005-03-07,-1
2005-03-08,-1
2005-03-09,-1
2005-03-10,-1
2005-03-11,-1
2005-03-12,-1
2005-03-13,-1
2005-03-14,-1
2005-03-15,-1
2005-03-16,-1
2005-03-17,-1
2005-03-18,-1
2005-03-19,-1
2005-03-20,-1
2005-03-21,-1
2005-03-22,-1
2005-03-23,-1
2005-03-24,-1
2005-03-25,-1
2005-03-26,-1
2005-03-27,-1
2005-03-28,-1
2005-03-29,-1
2005-03-30,-1
2005-03-31,-1
2005-04-01,-1
2005-04-02,-1
2005-04-03,-1
2005-04-04,-1
2005-04-05,-1
2005-04-06,-1
2005-04-07,-1
2005-04-08,-1
2005-04-09,-1
2005-04-10,-1
2005-04-11,-1
2005-04-12,-1
2005-04-13,-1
2005-04-14,-1
2005-04-15,-1
2005-04-16,-1
2005-04-17,-1
2005-04-18,-1
2005-04-19,-1
2005-04-20,-1
2005-04-21,-1
2005-04-22,-1
2005-04-23,-1
2005-04-24,-1
2005-04-25,-1
2005-04-26,-1
2005-04-27,-1
2005-04-28,-1
2005-04-29,-1
2005-04-30,-1
2005-05-01,-1
2005-05-02,-1
2005-05-03,-1
2005-05-04,-1
2005-05-05,-1
2005-05-06,-1
2005-05-07,-1
2005-05-08,-1
2005-05-09,-1
2005-05-10,-1
2005-05-11,-1
2005-05-12,-1
2005-05-13,-1
2005-05-14,-1
2005-05-15,-1
2005-05-16,-1
2005-05-17,-1
2005-05-18,-1
2005-05-19,-1
2005-05-20,-1
2005-05-21,-1
2005-05-22,-1
2005-05-23,-1
2005-05-24,-1
2005-05-25,-1
2005-05-26,-1
2005-05-27,-1
2005-05-28,-1
2005-05-29,-1
2005-05-30,-1
2005-05-31,-1
2005-06-01,-1
2005-06-02,-1
2005-06-03,-1
2005-06-04,-1
2005-06-05,-1
2005-06-06,-1
2005-06-07,-1
2005-06-08,-1
2005-06-09,-1
2005-06-10,-1
2005-06-11,-1
2005-06-12,-1
2005-06-13,-1
2005-06-14,-1
2005-06-15,-1
2005-06-16,-1
2005-06-17,-1
2005-06-18,-1
2005-06-19,-1
2005-06-20,-1
2005-06-21,-1
2005-06-22,-1
2005-06-23,-1
2005-06-24,-1
2005-06-25,-1
2005-06-26,-1
2005-06-27,-1
2005-06-28,-1
2005-06-29,-1
2005-06-30,-1
2005-10-01,-1
2005-10-02,-1
2005-10-03,-1
2005-10-04,-1
2005-10-05,-1
2005-10-06,-1
2005-10-07,-1
2005-10-08,-1
2005-10-09,-1
2005-10-10,-1
2005-10-11,-1
2005-10-12,-1
2005-10-13,-1
2005-10-14,-1
2005-10-15,-1
2005-10-16,-1
2005-10-17,-1
2005-10-18,-1
2005-10-19,-1
2005-10-20,-1
2005-10-21,-1
2005-10-22,-1
2005-10-23,-1
2005-10-24,-1
2005-10-25,-1
2005-10-26,-1
2005-10-27,-1
2005-10-28,-1
2005-10-29,-1
2005-10-30,-1
2005-10-31,-1
2005-11-01,-1
2005-11-02,-1
2005-11-03,-1
2005-11-04,-1
2005-11-05,-1
2005-11-06,-1
2005-11-07,-1
2005-11-08,-1
2005-11-09,-1
2005-11-10,-1
2005-11-11,-1
2005-11-12,-1
2005-11-13,-1
2005-11-14,-1
2005-11-15,-1
2005-11-16,-1
2005-11-17,-1
2005-11-18,-1
2005-11-19,-1
2005-11-20,-1
2005-11-21,-1
2005-11-22,-1
2005-11-23,-1
2005-11-24,-1
2005-11-25,-1
2005-11-26,-1
2005-11-27,-1
2005-11-28,-1
2005-11-29,-1
2005-11-30,-1
2005-12-01,-1
2005-12-02,-1
2005-12-03,-1
2005-12-04,-1
2005-12-05,-1
2005-12-06,-1
2005-12-07,-1
2005-12-08,-1
2005-12-09,-1
2005-12-10,-1
2005-12-11,-1
2005-12-12,-1
2005-12-13,-1
2005-12-14,-1
2005-12-15,-1
2005-12-16,-1
2005-12-17,-1
2005-12-18,-1
2005-12-19,-1
2005-12-20,-1
2005-12-21,-1
2005-12-22,-1
2005-12-23,-1
2005-12-24,-1
2005-12-25,-1
2005-12-26,-1
2005-12-27,-1
2005-12-28,-1
2005-12-29,-1
2005-12-30,-1
2005-12-31,-1
2006-01-01,-1
2006-01-02,-1
2006-01-03,-1
2006-01-04,-1
2006-01-05,-1
2006-01-06,-1
2006-01-07,-1
2006-01-08,-1
2006-01-09,-1
2006-01-10,-1
2006-01-11,-1
2006-01-12,-1
2006-01-13,-1
2006-01-14,-1
2006-01-15,-1
2006-01-16,-1
2006-01-17,-1
2006-01-18,-1
2006-01-19,-1
2006-01-20,-1
2006-01-21,-1
2006-01-22,-1
2006-01-23,-1
2006-01-24,-1
2006-01-25,-1
2006-01-26,-1
2006-01-27,-1
2006-01-28,-1
2006-01-29,-1
2006-01-30,-1
2006-01-31,-1
2006-02-01,-1
2006-02-02,-1
2006-02-03,-1
2006-02-04,-1
2006-02-05,-1
2006-02-06,-1
2006-02-07,-1
2006-02-08,-1
2006-02-09,-1
2006-02-10,-1
2006-02-11,-1
2006-02-12,-1
2006-02-13,-1
2006-02-14,-1
2006-02-15,-1
2006-02-16,-1
2006-02-17,-1
2006-02-18,-1
2006-02-19,-1
2006-02-20,-1
2006-02-21,-1
2006-02-22,-1
2006-02-23,-1
2006-02-24,-1
2006-02-25,-1
2006-02-26,-1
2006-02-27,-1
2006-02-28,-1
2006-03-01,-1
2006-03-02,-1
2006-03-03,-1
2006-03-04,-1
2006-03-05,-1
2006-03-06,-1
2006-03-07,-1
2006-03-08,-1
2006-03-09,-1
2006-03-10,-1
2006-03-11,-1
2006-03-12,-1
2006-03-13,-1
2006-03-14,-1
2006-03-15,-1
2006-03-16,-1
2006-03-17,-1
2006-03-18,-1
2006-03-19,-1
2006-03-20,-1
2006-03-21,-1
2006-03-22,-1
2006-03-23,-1
2006-03-24,-1
2006-03-25,-1
2006-03-26,-1
2006-03-27,-1
2006-03-28,-1
2006-03-29,-1
2006-03-30,-1
2006-03-31,-1
2006-07-01,-1
2006-07-02,-1
2006-07-03,-1
2006-07-04,-1
2006-07-05,-1
2006-07-06,-1
2006-07-07,-1
2006-07-08,-1
2006-07-09,-1
2006-07-10,-1
2006-07-11,-1
2006-07-12,-1
2006-07-13,-1
2006-07-14,-1
2006-07-15,-1
2006-07-16,-1
2006-07-17,-1
2006-07-18,-1
2006-07-19,-1
2006-07-20,-1
2006-07-21,-1
2006-07-22,-1
2006-07-23,-1
2006-07-24,-1
2006-07-25,-1
2006-07-26,-1
2006-07-27,-1
2006-07-28,-1
2006-07-29,-1
2006-07-30,-1
2006-07-31,-1
2006-08-01,-1
2006-08-02,-1
2006-08-03,-1
2006-08-04,-1
2006-08-05,-1
2006-08-06,-1
2006-08-07,-1
2006-08-08,-1
2006-08-09,-1
2006-08-10,-1
2006-08-11,-1
2006-08-12,-1
2006-08-13,-1
2006-08-14,-1
2006-08-15,-1
2006-08-16,-1
2006-08-17,-1
2006-08-18,-1
2006-08-19,-1
2006-08-20,-1
2006-08-21,-1
2006-08-22,-1
2006-08-23,-1
2006-08-24,-1
2006-08-25,-1
2006-08-26,-1
2006-08-27,-1
2006-08-28,-1
2006-08-29,-1
2006-08-30,-1
2006-08-31,-1
2006-09-01,-1
2006-09-02,-1
2006-09-03,-1
2006-09-04,-1
2006-09-05,-1
2006-09-06,-1
2006-09-07,-1
2006-09-08,-1
2006-09-09,-1
2006-09-10,-1
2006-09-11,-1
2006-09-12,-1
2006-09-13,-1
2006-09-14,-1
2006-09-15,-1
2006-09-16,-1
2006-09-17,-1
2006-09-18,-1
2006-09-19,-1
2006-09-20,-1
2006-09-21,-1
2006-09-22,-1
2006-09-23,-1
2006-09-24,-1
2006-09-25,-1
2006-09-26,-1
2006-09-27,-1
2006-09-28,-1
2006-09-29,-1
2006-09-30,-1
2006-10-01,-1
2006-10-02,-1
2006-10-03,-1
2006-10-04,-1
2006-10-05,-1
2006-10-06,-1
2006-10-07,-1
2006-10-08,-1
2006-10-09,-1
2006-10-10,-1
2006-10-11,-1
2006-10-12,-1
2006-10-13,-1
2006-10-14,-1
2006-10-15,-1
2006-10-16,-1
2006-10-17,-1
2006-10-18,-1
2006-10-19,-1
2006-10-20,-1
2006-10-21,-1
2006-10-22,-1
2006-10-23,-1
2006-10-24,-1
2006-10-25,-1
2006-10-26,-1
2006-10-27,-1
2006-10-28,-1
2006-10-29,-1
2006-10-30,-1
2006-10-31,-1
2006-11-01,-1
2006-11-02,-1
2006-11-03,-1
2006-11-04,-1
2006-11-05,-1
2006-11-06,-1
2006-11-07,-1
2006-11-08,-1
2006-11-09,-1
2006-11-10,-1
2006-11-11,-1
2006-11-12,-1
2006-11-13,-1
2006-11-14,-1
2006-11-15,-1
2006-11-16,-1
2006-11-17,-1
2006-11-18,-1
2006-11-19,-1
2006-11-20,-1
2006-11-21,-1
2006-11-22,-1
2006-11-23,-1
2006-11-24,-1
2006-11-25,-1
2006-11-26,-1
2006-11-27,-1
2006-11-28,-1
2006-11-29,-1
2006-11-30,-1
2006-12-01,-1
2006-12-02,-1
2006-12-03,-1
2006-12-04,-1
2006-12-05,-1
2006-12-06,-1
2006-12-07,-1
2006-12-08,-1
2006-12-09,-1
2006-12-10,-1
2006-12-11,-1
2006-12-12,-1
2006-12-13,-1
2006-12-14,-1
2006-12-15,-1
2006-12-16,-1
2006-12-17,-1
2006-12-18,-1
2006-12-19,-1
2006-12-20,-1
2006-12-21,-1
2006-12-22,-1
2006-12-23,-1
2006-12-24,-1
2006-12-25,-1
2006-12-26,-1
2006-12-27,-1
2006-12-28,-1
2006-12-29,-1
2006-12-30,-1
2006-12-31,-1
2007-10-01,-1
2007-10-02,-1
2007-10-03,-1
2007-10-04,-1
2007-10-05,-1
2007-10-06,-1
2007-10-07,-1
2007-10-08,-1
2007-10-09,-1
2007-10-10,-1
2007-10-11,-1
2007-10-12,-1
2007-10-13,-1
2007-10-14,-1
2007-10-15,-1
2007-10-16,-1
2007-10-17,-1
2007-10-18,-1
2007-10-19,-1
2007-10-20,-1
2007-10-21,-1
2007-10-22,-1
2007-10-23,-1
2007-10-24,-1
2007-10-25,-1
2007-10-26,-1
2007-10-27,-1
2007-10-28,-1
2007-10-29,-1
2007-10-30,-1
2007-10-31,-1
2007-11-01,-1
2007-11-02,-1
2007-11-03,-1
2007-11-04,-1
2007-11-05,-1
2007-11-06,-1
2007-11-07,-1
2007-11-08,-1
2007-11-09,-1
2007-11-10,-1
2007-11-11,-1
2007-11-12,-1
2007-11-13,-1
2007-11-14,-1
2007-11-15,-1
2007-11-16,-1
2007-11-17,-1
2007-11-18,-1
2007-11-19,-1
2007-11-20,-1
2007-11-21,-1
2007-11-22,-1
2007-11-23,-1
2007-11-24,-1
2007-11-25,-1
2007-11-26,-1
2007-11-27,-1
2007-11-28,-1
2007-11-29,-1
2007-11-30,-1
2007-12-01,-1
2007-12-02,-1
2007-12-03,-1
2007-12-04,-1
2007-12-05,-1
2007-12-06,-1
2007-12-07,-1
2007-12-08,-1
2007-12-09,-1
2007-12-10,-1
2007-12-11,-1
2007-12-12,-1
2007-12-13,-1
2007-12-14,-1
2007-12-15,-1
2007-12-16,-1
2007-12-17,-1
2007-12-18,-1
2007-12-19,-1
2007-12-20,-1
2007-12-21,-1
2007-12-22,-1
2007-12-23,-1
2007-12-24,-1
2007-12-25,-1
2007-12-26,-1
2007-12-27,-1
2007-12-28,-1
2007-12-29,-1
2007-12-30,-1
2007-12-31,-1
2008-01-01,-1
2008-01-02,-1
2008-01-03,-1
2008-01-04,-1
2008-01-05,-1
2008-01-06,-1
2008-01-07,-1
2008-01-08,-1
2008-01-09,-1
2008-01-10,-1
2008-01-11,-1
2008-01-12,-1
2008-01-13,-1
2008-01-14,-1
2008-01-15,-1
2008-01-16,-1
2008-01-17,-1
2008-01-18,-1
2008-01-19,-1
2008-01-20,-1
2008-01-21,-1
2008-01-22,-1
2008-01-23,-1
2008-01-24,-1
2008-01-25,-1
2008-01-26,-1
2008-01-27,-1
2008-01-28,-1
2008-01-29,-1
2008-01-30,-1
2008-01-31,-1
2008-02-01,-1
2008-02-02,-1
2008-02-03,-1
2008-02-04,-1
2008-02-05,-1
2008-02-06,-1
2008-02-07,-1
2008-02-08,-1
2008-02-09,-1
2008-02-10,-1
2008-02-11,-1
2008-02-12,-1
2008-02-13,-1
2008-02-14,-1
2008-02-15,-1
2008-02-16,-1
2008-02-17,-1
2008-02-18,-1
2008-02-19,-1
2008-02-20,-1
2008-02-21,-1
2008-02-22,-1
2008-02-23,-1
2008-02-24,-1
2008-02-25,-1
2008-02-26,-1
2008-02-27,-1
2008-02-28,-1
2008-02-29,-1
2008-03-01,-1
2008-03-02,-1
2008-03-03,-1
2008-03-04,-1
2008-03-05,-1
2008-03-06,-1
2008-03-07,-1
2008-03-08,-1
2008-03-09,-1
2008-03-10,-1
2008-03-11,-1
2008-03-12,-1
2008-03-13,-1
2008-03-14,-1
2008-03-15,-1
2008-03-16,-1
2008-03-17,-1
2008-03-18,-1
2008-03-19,-1
2008-03-20,-1
2008-03-21,-1
2008-03-22,-1
2008-03-23,-1
2008-03-24,-1
2008-03-25,-1
2008-03-26,-1
2008-03-27,-1
2008-03-28,-1
2008-03-29,-1
2008-03-30,-1
2008-03-31,-1
2008-04-01,-1
2008-04-02,-1
2008-04-03,-1
2008-04-04,-1
2008-04-05,-1
2008-04-06,-1
2008-04-07,-1
2008-04-08,-1
2008-04-09,-1
2008-04-10,-1
2008-04-11,-1
2008-04-12,-1
2008-04-13,-1
2008-04-14,-1
2008-04-15,-1
2008-04-16,-1
2008-04-17,-1
2008-04-18,-1
2008-04-19,-1
2008-04-20,-1
2008-04-21,-1
2008-04-22,-1
2008-04-23,-1
2008-04-24,-1
2008-04-25,-1
2008-04-26,-1
2008-04-27,-1
2008-04-28,-1
2008-04-29,-1
2008-04-30,-1
2008-05-01,-1
2008-05-02,-1
2008-05-03,-1
2008-05-04,-1
2008-05-05,-1
2008-05-06,-1
2008-05-07,-1
2008-05-08,-1
2008-05-09,-1
2008-05-10,-1
2008-05-11,-1
2008-05-12,-1
2008-05-13,-1
2008-05-14,-1
2008-05-15,-1
2008-05-16,-1
2008-05-17,-1
2008-05-18,-1
2008-05-19,-1
2008-05-20,-1
2008-05-21,-1
2008-05-22,-1
2008-05-23,-1
2008-05-24,-1
2008-05-25,-1
2008-05-26,-1
2008-05-27,-1
2008-05-28,-1
2008-05-29,-1
2008-05-30,-1
2008-05-31,-1
2008-06-01,-1
2008-06-02,-1
2008-06-03,-1
2008-06-04,-1
2008-06-05,-1
2008-06-06,-1
2008-06-07,-1
2008-06-08,-1
2008-06-09,-1
2008-06-10,-1
2008-06-11,-1
2008-06-12,-1
2008-06-13,-1
2008-06-14,-1
2008-06-15,-1
2008-06-16,-1
2008-06-17,-1
2008-06-18,-1
2008-06-19,-1
2008-06-20,-1
2008-06-21,-1
2008-06-22,-1
2008-06-23,-1
2008-06-24,-1
2008-06-25,-1
2008-06-26,-1
2008-06-27,-1
2008-06-28,-1
2008-06-29,-1
2008-06-30,-1
2009-01-01,-1
2009-01-02,-1
2009-01-03,-1
2009-01-04,-1
2009-01-05,-1
2009-01-06,-1
2009-01-07,-1
2009-01-08,-1
2009-01-09,-1
2009-01-10,-1
2009-01-11,-1
2009-01-12,-1
2009-01-13,-1
2009-01-14,-1
2009-01-15,-1
2009-01-16,-1
2009-01-17,-1
2009-01-18,-1
2009-01-19,-1
2009-01-20,-1
2009-01-21,-1
2009-01-22,-1
2009-01-23,-1
2009-01-24,-1
2009-01-25,-1
2009-01-26,-1
2009-01-27,-1
2009-01-28,-1
2009-01-29,-1
2009-01-30,-1
2009-01-31,-1
2009-02-01,-1
2009-02-02,-1
2009-02-03,-1
2009-02-04,-1
2009-02-05,-1
2009-02-06,-1
2009-02-07,-1
2009-02-08,-1
2009-02-09,-1
2009-02-10,-1
2009-02-11,-1
2009-02-12,-1
2009-02-13,-1
2009-02-14,-1
2009-02-15,-1
2009-02-16,-1
2009-02-17,-1
2009-02-18,-1
2009-02-19,-1
2009-02-20,-1
2009-02-21,-1
2009-02-22,-1
2009-02-23,-1
2009-02-24,-1
2009-02-25,-1
2009-02-26,-1
2009-02-27,-1
2009-02-28,-1
2009-03-01,-1
2009-03-02,-1
2009-03-03,-1
2009-03-04,-1
2009-03-05,-1
2009-03-06,-1
2009-03-07,-1
2009-03-08,-1
2009-03-09,-1
2009-03-10,-1
2009-03-11,-1
2009-03-12,-1
2009-03-13,-1
2009-03-14,-1
2009-03-15,-1
2009-03-16,-1
2009-03-17,-1
2009-03-18,-1
2009-03-19,-1
2009-03-20,-1
2009-03-21,-1
2009-03-22,-1
2009-03-23,-1
2009-03-24,-1
2009-03-25,-1
2009-03-26,-1
2009-03-27,-1
2009-03-28,-1
2009-03-29,-1
2009-03-30,-1
2009-03-31,-1
2009-04-01,-1
2009-04-02,-1
2009-04-03,-1
2009-04-04,-1
2009-04-05,-1
2009-04-06,-1
2009-04-07,-1
2009-04-08,-1
2009-04-09,-1
2009-04-10,-1
2009-04-11,-1
2009-04-12,-1
2009-04-13,-1
2009-04-14,-1
2009-04-15,-1
2009-04-16,-1
2009-04-17,-1
2009-04-18,-1
2009-04-19,-1
2009-04-20,-1
2009-04-21,-1
2009-04-22,-1
2009-04-23,-1
2009-04-24,-1
2009-04-25,-1
2009-04-26,-1
2009-04-27,-1
2009-04-28,-1
2009-04-29,-1
2009-04-30,-1
2009-05-01,-1
2009-05-02,-1
2009-05-03,-1
2009-05-04,-1
2009-05-05,-1
2009-05-06,-1
2009-05-07,-1
2009-05-08,-1
2009-05-09,-1
2009-05-10,-1
2009-05-11,-1
2009-05-12,-1
2009-05-13,-1
2009-05-14,-1
2009-05-15,-1
2009-05-16,-1
2009-05-17,-1
2009-05-18,-1
2009-05-19,-1
2009-05-20,-1
2009-05-21,-1
2009-05-22,-1
2009-05-23,-1
2009-05-24,-1
2009-05-25,-1
2009-05-26,-1
2009-05-27,-1
2009-05-28,-1
2009-05-29,-1
2009-05-30,-1
2009-05-31,-1
2009-06-01,-1
2009-06-02,-1
2009-06-03,-1
2009-06-04,-1
2009-06-05,-1
2009-06-06,-1
2009-06-07,-1
2009-06-08,-1
2009-06-09,-1
2009-06-10,-1
2009-06-11,-1
2009-06-12,-1
2009-06-13,-1
2009-06-14,-1
2009-06-15,-1
2009-06-16,-1
2009-06-17,-1
2009-06-18,-1
2009-06-19,-1
2009-06-20,-1
2009-06-21,-1
2009-06-22,-1
2009-06-23,-1
2009-06-24,-1
2009-06-25,-1
2009-06-26,-1
2009-06-27,-1
2009-06-28,-1
2009-06-29,-1
2009-06-30,-1
2010-01-01,-1
2010-01-02,-1
2010-01-03,-1
2010-01-04,-1
2010-01-05,-1
2010-01-06,-1
2010-01-07,-1
2010-01-08,-1
2010-01-09,-1
2010-01-10,-1
2010-01-11,-1
2010-01-12,-1
2010-01-13,-1
2010-01-14,-1
2010-01-15,-1
2010-01-16,-1
2010-01-17,-1
2010-01-18,-1
2010-01-19,-1
2010-01-20,-1
2010-01-21,-1
2010-01-22,-1
2010-01-23,-1
2010-01-24,-1
2010-01-25,-1
2010-01-26,-1
2010-01-27,-1
2010-01-28,-1
2010-01-29,-1
2010-01-30,-1
2010-01-31,-1
2010-02-01,-1
2010-02-02,-1
2010-02-03,-1
2010-02-04,-1
2010-02-05,-1
2010-02-06,-1
2010-02-07,-1
2010-02-08,-1
2010-02-09,-1
2010-02-10,-1
2010-02-11,-1
2010-02-12,-1
2010-02-13,-1
2010-02-14,-1
2010-02-15,-1
2010-02-16,-1
2010-02-17,-1
2010-02-18,-1
2010-02-19,-1
2010-02-20,-1
2010-02-21,-1
2010-02-22,-1
2010-02-23,-1
2010-02-24,-1
2010-02-25,-1
2010-02-26,-1
2010-02-27,-1
2010-02-28,-1
2010-03-01,-1
2010-03-02,-1
2010-03-03,-1
2010-03-04,-1
2010-03-05,-1
2010-03-06,-1
2010-03-07,-1
2010-03-08,-1
2010-03-09,-1
2010-03-10,-1
2010-03-11,-1
2010-03-12,-1
2010-03-13,-1
2010-03-14,-1
2010-03-15,-1
2010-03-16,-1
2010-03-17,-1
2010-03-18,-1
2010-03-19,-1
2010-03-20,-1
2010-03-21,-1
2010-03-22,-1
2010-03-23,-1
2010-03-24,-1
2010-03-25,-1
2010-03-26,-1
2010-03-27,-1
2010-03-28,-1
2010-03-29,-1
2010-03-30,-1
2010-03-31,-1
2011-01-01,-1
2011-01-02,-1
2011-01-03,-1
2011-01-04,-1
2011-01-05,-1
2011-01-06,-1
2011-01-07,-1
2011-01-08,-1
2011-01-09,-1
2011-01-10,-1
2011-01-11,-1
2011-01-12,-1
2011-01-13,-1
2011-01-14,-1
2011-01-15,-1
2011-01-16,-1
2011-01-17,-1
2011-01-18,-1
2011-01-19,-1
2011-01-20,-1
2011-01-21,-1
2011-01-22,-1
2011-01-23,-1
2011-01-24,-1
2011-01-25,-1
2011-01-26,-1
2011-01-27,-1
2011-01-28,-1
2011-01-29,-1
2011-01-30,-1
2011-01-31,-1
2011-02-01,-1
2011-02-02,-1
2011-02-03,-1
2011-02-04,-1
2011-02-05,-1
2011-02-06,-1
2011-02-07,-1
2011-02-08,-1
2011-02-09,-1
2011-02-10,-1
2011-02-11,-1
2011-02-12,-1
2011-02-13,-1
2011-02-14,-1
2011-02-15,-1
2011-02-16,-1
2011-02-17,-1
2011-02-18,-1
2011-02-19,-1
2011-02-20,-1
2011-02-21,-1
2011-02-22,-1
2011-02-23,-1
2011-02-24,-1
2011-02-25,-1
2011-02-26,-1
2011-02-27,-1
2011-02-28,-1
2011-03-01,-1
2011-03-02,-1
2011-03-03,-1
2011-03-04,-1
2011-03-05,-1
2011-03-06,-1
2011-03-07,-1
2011-03-08,-1
2011-03-09,-1
2011-03-10,-1
2011-03-11,-1
2011-03-12,-1
2011-03-13,-1
2011-03-14,-1
2011-03-15,-1
2011-03-16,-1
2011-03-17,-1
2011-03-18,-1
2011-03-19,-1
2011-03-20,-1
2011-03-21,-1
2011-03-22,-1
2011-03-23,-1
2011-03-24,-1
2011-03-25,-1
2011-03-26,-1
2011-03-27,-1
2011-03-28,-1
2011-03-29,-1
2011-03-30,-1
2011-03-31,-1
2012-04-01,-1
2012-04-02,-1
2012-04-03,-1
2012-04-04,-1
2012-04-05,-1
2012-04-06,-1
2012-04-07,-1
2012-04-08,-1
2012-04-09,-1
2012-04-10,-1
2012-04-11,-1
2012-04-12,-1
2012-04-13,-1
2012-04-14,-1
2012-04-15,-1
2012-04-16,-1
2012-04-17,-1
2012-04-18,-1
2012-04-19,-1
2012-04-20,-1
2012-04-21,-1
2012-04-22,-1
2012-04-23,-1
2012-04-24,-1
2012-04-25,-1
2012-04-26,-1
2012-04-27,-1
2012-04-28,-1
2012-04-29,-1
2012-04-30,-1
2012-05-01,-1
2012-05-02,-1
2012-05-03,-1
2012-05-04,-1
2012-05-05,-1
2012-05-06,-1
2012-05-07,-1
2012-05-08,-1
2012-05-09,-1
2012-05-10,-1
2012-05-11,-1
2012-05-12,-1
2012-05-13,-1
2012-05-14,-1
2012-05-15,-1
2012-05-16,-1
2012-05-17,-1
2012-05-18,-1
2012-05-19,-1
2012-05-20,-1
2012-05-21,-1
2012-05-22,-1
2012-05-23,-1
2012-05-24,-1
2012-05-25,-1
2012-05-26,-1
2012-05-27,-1
2012-05-28,-1
2012-05-29,-1
2012-05-30,-1
2012-05-31,-1
2012-06-01,-1
2012-06-02,-1
2012-06-03,-1
2012-06-04,-1
2012-06-05,-1
2012-06-06,-1
2012-06-07,-1
2012-06-08,-1
2012-06-09,-1
2012-06-10,-1
2012-06-11,-1
2012-06-12,-1
2012-06-13,-1
2012-06-14,-1
2012-06-15,-1
2012-06-16,-1
2012-06-17,-1
2012-06-18,-1
2012-06-19,-1
2012-06-20,-1
2012-06-21,-1
2012-06-22,-1
2012-06-23,-1
2012-06-24,-1
2012-06-25,-1
2012-06-26,-1
2012-06-27,-1
2012-06-28,-1
2012-06-29,-1
2012-06-30,-1
2012-07-01,-1
2012-07-02,-1
2012-07-03,-1
2012-07-04,-1
2012-07-05,-1
2012-07-06,-1
2012-07-07,-1
2012-07-08,-1
2012-07-09,-1
2012-07-10,-1
2012-07-11,-1
2012-07-12,-1
2012-07-13,-1
2012-07-14,-1
2012-07-15,-1
2012-07-16,-1
2012-07-17,-1
2012-07-18,-1
2012-07-19,-1
2012-07-20,-1
2012-07-21,-1
2012-07-22,-1
2012-07-23,-1
2012-07-24,-1
2012-07-25,-1
2012-07-26,-1
2012-07-27,-1
2012-07-28,-1
2012-07-29,-1
2012-07-30,-1
2012-07-31,-1
2012-08-01,-1
2012-08-02,-1
2012-08-03,-1
2012-08-04,-1
2012-08-05,-1
2012-08-06,-1
2012-08-07,-1
2012-08-08,-1
2012-08-09,-1
2012-08-10,-1
2012-08-11,-1
2012-08-12,-1
2012-08-13,-1
2012-08-14,-1
2012-08-15,-1
2012-08-16,-1
2012-08-17,-1
2012-08-18,-1
2012-08-19,-1
2012-08-20,-1
2012-08-21,-1
2012-08-22,-1
2012-08-23,-1
2012-08-24,-1
2012-08-25,-1
2012-08-26,-1
2012-08-27,-1
2012-08-28,-1
2012-08-29,-1
2012-08-30,-1
2012-08-31,-1
2012-09-01,-1
2012-09-02,-1
2012-09-03,-1
2012-09-04,-1
2012-09-05,-1
2012-09-06,-1
2012-09-07,-1
2012-09-08,-1
2012-09-09,-1
2012-09-10,-1
2012-09-11,-1
2012-09-12,-1
2012-09-13,-1
2012-09-14,-1
2012-09-15,-1
2012-09-16,-1
2012-09-17,-1
2012-09-18,-1
2012-09-19,-1
2012-09-20,-1
2012-09-21,-1
2012-09-22,-1
2012-09-23,-1
2012-09-24,-1
2012-09-25,-1
2012-09-26,-1
2012-09-27,-1
2012-09-28,-1
2012-09-29,-1
2012-09-30,-1
2012-10-01,-1
2012-10-02,-1
2012-10-03,-1
2012-10-04,-1
2012-10-05,-1
2012-10-06,-1
2012-10-07,-1
2012-10-08,-1
2012-10-09,-1
2012-10-10,-1
2012-10-11,-1
2012-10-12,-1
2012-10-13,-1
2012-10-14,-1
2012-10-15,-1
2012-10-16,-1
2012-10-17,-1
2012-10-18,-1
2012-10-19,-1
2012-10-20,-1
2012-10-21,-1
2012-10-22,-1
2012-10-23,-1
2012-10-24,-1
2012-10-25,-1
2012-10-26,-1
2012-10-27,-1
2012-10-28,-1
2012-10-29,-1
2012-10-30,-1
2012-10-31,-1
2012-11-01,-1
2012-11-02,-1
2012-11-03,-1
2012-11-04,-1
2012-11-05,-1
2012-11-06,-1
2012-11-07,-1
2012-11-08,-1
2012-11-09,-1
2012-11-10,-1
2012-11-11,-1
2012-11-12,-1
2012-11-13,-1
2012-11-14,-1
2012-11-15,-1
2012-11-16,-1
2012-11-17,-1
2012-11-18,-1
2012-11-19,-1
2012-11-20,-1
2012-11-21,-1
2012-11-22,-1
2012-11-23,-1
2012-11-24,-1
2012-11-25,-1
2012-11-26,-1
2012-11-27,-1
2012-11-28,-1
2012-11-29,-1
2012-11-30,-1
2012-12-01,-1
2012-12-02,-1
2012-12-03,-1
2012-12-04,-1
2012-12-05,-1
2012-12-06,-1
2012-12-07,-1
2012-12-08,-1
2012-12-09,-1
2012-12-10,-1
2012-12-11,-1
2012-12-12,-1
2012-12-13,-1
2012-12-14,-1
2012-12-15,-1
2012-12-16,-1
2012-12-17,-1
2012-12-18,-1
2012-12-19,-1
2012-12-20,-1
2012-12-21,-1
2012-12-22,-1
2012-12-23,-1
2012-12-24,-1
2012-12-25,-1
2012-12-26,-1
2012-12-27,-1
2012-12-28,-1
2012-12-29,-1
2012-12-30,-1
2012-12-31,-1
2013-01-01,-1
2013-01-02,-1
2013-01-03,-1
2013-01-04,-1
2013-01-05,-1
2013-01-06,-1
2013-01-07,-1
2013-01-08,-1
2013-01-09,-1
2013-01-10,-1
2013-01-11,-1
2013-01-12,-1
2013-01-13,-1
2013-01-14,-1
2013-01-15,-1
2013-01-16,-1
2013-01-17,-1
2013-01-18,-1
2013-01-19,-1
2013-01-20,-1
2013-01-21,-1
2013-01-22,-1
2013-01-23,-1
2013-01-24,-1
2013-01-25,-1
2013-01-26,-1
2013-01-27,-1
2013-01-28,-1
2013-01-29,-1
2013-01-30,-1
2013-01-31,-1
2013-02-01,-1
2013-02-02,-1
2013-02-03,-1
2013-02-04,-1
2013-02-05,-1
2013-02-06,-1
2013-02-07,-1
2013-02-08,-1
2013-02-09,-1
2013-02-10,-1
2013-02-11,-1
2013-02-12,-1
2013-02-13,-1
2013-02-14,-1
2013-02-15,-1
2013-02-16,-1
2013-02-17,-1
2013-02-18,-1
2013-02-19,-1
2013-02-20,-1
2013-02-21,-1
2013-02-22,-1
2013-02-23,-1
2013-02-24,-1
2013-02-25,-1
2013-02-26,-1
2013-02-27,-1
2013-02-28,-1
2013-03-01,-1
2013-03-02,-1
2013-03-03,-1
2013-03-04,-1
2013-03-05,-1
2013-03-06,-1
2013-03-07,-1
2013-03-08,-1
2013-03-09,-1
2013-03-10,-1
2013-03-11,-1
2013-03-12,-1
2013-03-13,-1
2013-03-14,-1
2013-03-15,-1
2013-03-16,-1
2013-03-17,-1
2013-03-18,-1
2013-03-19,-1
2013-03-20,-1
2013-03-21,-1
2013-03-22,-1
2013-03-23,-1
2013-03-24,-1
2013-03-25,-1
2013-03-26,-1
2013-03-27,-1
2013-03-28,-1
2013-03-29,-1
2013-03-30,-1
2013-03-31,-1
2013-04-01,-1
2013-04-02,-1
2013-04-03,-1
2013-04-04,-1
2013-04-05,-1
2013-04-06,-1
2013-04-07,-1
2013-04-08,-1
2013-04-09,-1
2013-04-10,-1
2013-04-11,-1
2013-04-12,-1
2013-04-13,-1
2013-04-14,-1
2013-04-15,-1
2013-04-16,-1
2013-04-17,-1
2013-04-18,-1
2013-04-19,-1
2013-04-20,-1
2013-04-21,-1
2013-04-22,-1
2013-04-23,-1
2013-04-24,-1
2013-04-25,-1
2013-04-26,-1
2013-04-27,-1
2013-04-28,-1
2013-04-29,-1
2013-04-30,-1
2013-05-01,-1
2013-05-02,-1
2013-05-03,-1
2013-05-04,-1
2013-05-05,-1
2013-05-06,-1
2013-05-07,-1
2013-05-08,-1
2013-05-09,-1
2013-05-10,-1
2013-05-11,-1
2013-05-12,-1
2013-05-13,-1
2013-05-14,-1
2013-05-15,-1
2013-05-16,-1
2013-05-17,-1
2013-05-18,-1
2013-05-19,-1
2013-05-20,-1
2013-05-21,-1
2013-05-22,-1
2013-05-23,-1
2013-05-24,-1
2013-05-25,-1
2013-05-26,-1
2013-05-27,-1
2013-05-28,-1
2013-05-29,-1
2013-05-30,-1
2013-05-31,-1
2013-06-01,-1
2013-06-02,-1
2013-06-03,-1
2013-06-04,-1
2013-06-05,-1
2013-06-06,-1
2013-06-07,-1
2013-06-08,-1
2013-06-09,-1
2013-06-10,-1
2013-06-11,-1
2013-06-12,-1
2013-06-13,-1
2013-06-14,-1
2013-06-15,-1
2013-06-16,-1
2013-06-17,-1
2013-06-18,-1
2013-06-19,-1
2013-06-20,-1
2013-06-21,-1
2013-06-22,-1
2013-06-23,-1
2013-06-24,-1
2013-06-25,-1
2013-06-26,-1
2013-06-27,-1
2013-06-28,-1
2013-06-29,-1
2013-06-30,-1
2013-07-01,-1
2013-07-02,-1
2013-07-03,-1
2013-07-04,-1
2013-07-05,-1
2013-07-06,-1
2013-07-07,-1
2013-07-08,-1
2013-07-09,-1
2013-07-10,-1
2013-07-11,-1
2013-07-12,-1
2013-07-13,-1
2013-07-14,-1
2013-07-15,-1
2013-07-16,-1
2013-07-17,-1
2013-07-18,-1
2013-07-19,-1
2013-07-20,-1
2013-07-21,-1
2013-07-22,-1
2013-07-23,-1
2013-07-24,-1
2013-07-25,-1
2013-07-26,-1
2013-07-27,-1
2013-07-28,-1
2013-07-29,-1
2013-07-30,-1
2013-07-31,-1
2013-08-01,-1
2013-08-02,-1
2013-08-03,-1
2013-08-04,-1
2013-08-05,-1
2013-08-06,-1
2013-08-07,-1
2013-08-08,-1
2013-08-09,-1
2013-08-10,-1
2013-08-11,-1
2013-08-12,-1
2013-08-13,-1
2013-08-14,-1
2013-08-15,-1
2013-08-16,-1
2013-08-17,-1
2013-08-18,-1
2013-08-19,-1
2013-08-20,-1
2013-08-21,-1
2013-08-22,-1
2013-08-23,-1
2013-08-24,-1
2013-08-25,-1
2013-08-26,-1
2013-08-27,-1
2013-08-28,-1
2013-08-29,-1
2013-08-30,-1
2013-08-31,-1
2013-09-01,-1
2013-09-02,-1
2013-09-03,-1
2013-09-04,-1
2013-09-05,-1
2013-09-06,-1
2013-09-07,-1
2013-09-08,-1
2013-09-09,-1
2013-09-10,-1
2013-09-11,-1
2013-09-12,-1
2013-09-13,-1
2013-09-14,-1
2013-09-15,-1
2013-09-16,-1
2013-09-17,-1
2013-09-18,-1
2013-09-19,-1
2013-09-20,-1
2013-09-21,-1
2013-09-22,-1
2013-09-23,-1
2013-09-24,-1
2013-09-25,-1
2013-09-26,-1
2013-09-27,-1
2013-09-28,-1
2013-09-29,-1
2013-09-30,-1
2014-01-01,-1
2014-01-02,-1
2014-01-03,-1
2014-01-04,-1
2014-01-05,-1
2014-01-06,-1
2014-01-07,-1
2014-01-08,-1
2014-01-09,-1
2014-01-10,-1
2014-01-11,-1
2014-01-12,-1
2014-01-13,-1
2014-01-14,-1
2014-01-15,-1
2014-01-16,-1
2014-01-17,-1
2014-01-18,-1
2014-01-19,-1
2014-01-20,-1
2014-01-21,-1
2014-01-22,-1
2014-01-23,-1
2014-01-24,-1
2014-01-25,-1
2014-01-26,-1
2014-01-27,-1
2014-01-28,-1
2014-01-29,-1
2014-01-30,-1
2014-01-31,-1
2014-02-01,-1
2014-02-02,-1
2014-02-03,-1
2014-02-04,-1
2014-02-05,-1
2014-02-06,-1
2014-02-07,-1
2014-02-08,-1
2014-02-09,-1
2014-02-10,-1
2014-02-11,-1
2014-02-12,-1
2014-02-13,-1
2014-02-14,-1
2014-02-15,-1
2014-02-16,-1
2014-02-17,-1
2014-02-18,-1
2014-02-19,-1
2014-02-20,-1
2014-02-21,-1
2014-02-22,-1
2014-02-23,-1
2014-02-24,-1
2014-02-25,-1
2014-02-26,-1
2014-02-27,-1
2014-02-28,-1
2014-03-01,-1
2014-03-02,-1
2014-03-03,-1
2014-03-04,-1
2014-03-05,-1
2014-03-06,-1
2014-03-07,-1
2014-03-08,-1
2014-03-09,-1
2014-03-10,-1
2014-03-11,-1
2014-03-12,-1
2014-03-13,-1
2014-03-14,-1
2014-03-15,-1
2014-03-16,-1
2014-03-17,-1
2014-03-18,-1
2014-03-19,-1
2014-03-20,-1
2014-03-21,-1
2014-03-22,-1
2014-03-23,-1
2014-03-24,-1
2014-03-25,-1
2014-03-26,-1
2014-03-27,-1
2014-03-28,-1
2014-03-29,-1
2014-03-30,-1
2014-03-31,-1
2014-04-01,-1
2014-04-02,-1
2014-04-03,-1
2014-04-04,-1
2014-04-05,-1
2014-04-06,-1
2014-04-07,-1
2014-04-08,-1
2014-04-09,-1
2014-04-10,39850
2014-04-11,39200
2014-04-12,-1
2014-04-13,-1
2014-04-14,38850
2014-04-15,38600
2014-04-16,38350
2014-04-17,38400
2014-04-18,38500
2014-04-19,-1
2014-04-20,-1
2014-04-21,38050
2014-04-22,37750
2014-04-23,38000
2014-04-24,37700
2014-04-25,37350
2014-04-26,-1
2014-04-27,-1
2014-04-28,37000
2014-04-29,36450
2014-04-30,36350
2014-05-01,-1
2014-05-02,36300
2014-05-03,-1
2014-05-04,-1
2014-05-05,-1
2014-05-06,-1
2014-05-07,35450
2014-05-08,36250
2014-05-09,36200
2014-05-10,-1
2014-05-11,-1
2014-05-12,36000
2014-05-13,36700
2014-05-14,37800
2014-05-15,37800
2014-05-16,38100
2014-05-17,-1
2014-05-18,-1
2014-05-19,38150
2014-05-20,37750
2014-05-21,36900
2014-05-22,37600
2014-05-23,37750
2014-05-24,-1
2014-05-25,-1
2014-05-26,37600
2014-05-27,37200
2014-05-28,37200
2014-05-29,37200
2014-05-30,37050
2014-05-31,-1
2014-06-01,-1
2014-06-02,37300
2014-06-03,36750
2014-06-04,-1
2014-06-05,36100
2014-06-06,-1
2014-06-07,-1
2014-06-08,-1
2014-06-09,37250
2014-06-10,37850
2014-06-11,38700
2014-06-12,38000
2014-06-13,37450
2014-06-14,-1
2014-06-15,-1
2014-06-16,37900
2014-06-17,38100
2014-06-18,37700
2014-06-19,37800
2014-06-20,37750
2014-06-21,-1
2014-06-22,-1
2014-06-23,37800
2014-06-24,38300
2014-06-25,37300
2014-06-26,37500
2014-06-27,37300
2014-06-28,-1
2014-06-29,-1
2014-06-30,37500
2014-10-01,37700
2014-10-02,38100
2014-10-03,-1
2014-10-04,-1
2014-10-05,-1
2014-10-06,37850
2014-10-07,38050
2014-10-08,36850
2014-10-09,-1
2014-10-10,36800
2014-10-11,-1
2014-10-12,-1
2014-10-13,37050
2014-10-14,36300
2014-10-15,36150
2014-10-16,35800
2014-10-17,35550
2014-10-18,-1
2014-10-19,-1
2014-10-20,35700
2014-10-21,34250
2014-10-22,34550
2014-10-23,33800
2014-10-24,34100
2014-10-25,-1
2014-10-26,-1
2014-10-27,36000
2014-10-28,35950
2014-10-29,37550
2014-10-30,37250
2014-10-31,37050
2014-11-01,-1
2014-11-02,-1
2014-11-03,36750
2014-11-04,35600
2014-11-05,36200
2014-11-06,35950
2014-11-07,35150
2014-11-08,-1
2014-11-09,-1
2014-11-10,35100
2014-11-11,35250
2014-11-12,35550
2014-11-13,35250
2014-11-14,34650
2014-11-15,-1
2014-11-16,-1
2014-11-17,34800
2014-11-18,34750
2014-11-19,35000
2014-11-20,34200
2014-11-21,33850
2014-11-22,-1
2014-11-23,-1
2014-11-24,34750
2014-11-25,34300
2014-11-26,34350
2014-11-27,34150
2014-11-28,33800
2014-11-29,-1
2014-11-30,-1
2014-12-01,33050
2014-12-02,32750
2014-12-03,32750
2014-12-04,32750
2014-12-05,33100
2014-12-06,-1
2014-12-07,-1
2014-12-08,32850
2014-12-09,32750
2014-12-10,31950
2014-12-11,31450
2014-12-12,32150
2014-12-13,-1
2014-12-14,-1
2014-12-15,32200
2014-12-16,32250
2014-12-17,32650
2014-12-18,32650
2014-12-19,32950
2014-12-20,-1
2014-12-21,-1
2014-12-22,32750
2014-12-23,32850
2014-12-24,33150
2014-12-25,-1
2014-12-26,33200
2014-12-27,-1
2014-12-28,-1
2014-12-29,32550
2014-12-30,32000
2014-12-31,-1
2015-04-01,28650
2015-04-02,28350
2015-04-03,28400
2015-04-04,-1
2015-04-05,-1
2015-04-06,27950
2015-04-07,27600
2015-04-08,27350
2015-04-09,26950
2015-04-10,27700
2015-04-11,-1
2015-04-12,-1
2015-04-13,28150
2015-04-14,30000
2015-04-15,30100
2015-04-16,30200
2015-04-17,30150
2015-04-18,-1
2015-04-19,-1
2015-04-20,30650
2015-04-21,30800
2015-04-22,30400
2015-04-23,31450
2015-04-24,32250
2015-04-25,-1
2015-04-26,-1
2015-04-27,32400
2015-04-28,31750
2015-04-29,31400
2015-04-30,31700
2015-05-01,-1
2015-05-02,-1
2015-05-03,-1
2015-05-04,32300
2015-05-05,-1
2015-05-06,32400
2015-05-07,31700
2015-05-08,31500
2015-05-09,-1
2015-05-10,-1
2015-05-11,31100
2015-05-12,31350
2015-05-13,31200
2015-05-14,31000
2015-05-15,30950
2015-05-16,-1
2015-05-17,-1
2015-05-18,30500
2015-05-19,30450
2015-05-20,30850
2015-05-21,30300
2015-05-22,30700
2015-05-23,-1
2015-05-24,-1
2015-05-25,-1
2015-05-26,30050
2015-05-27,29250
2015-05-28,29600
2015-05-29,29700
2015-05-30,-1
2015-05-31,-1
2015-06-01,29400
2015-06-02,29550
2015-06-03,29600
2015-06-04,28950
2015-06-05,28500
2015-06-06,-1
2015-06-07,-1
2015-06-08,28700
2015-06-09,28700
2015-06-10,29250
2015-06-11,28600
2015-06-12,28150
2015-06-13,-1
2015-06-14,-1
2015-06-15,28000
2015-06-16,27600
2015-06-17,27500
2015-06-18,27350
2015-06-19,27050
2015-06-20,-1
2015-06-21,-1
2015-06-22,27050
2015-06-23,27650
2015-06-24,27850
2015-06-25,28300
2015-06-26,29150
2015-06-27,-1
2015-06-28,-1
2015-06-29,29200
2015-06-30,29050
2015-07-01,29400
2015-07-02,29250
2015-07-03,29300
2015-07-04,-1
2015-07-05,-1
2015-07-06,28750
2015-07-07,29450
2015-07-08,28850
2015-07-09,28900
2015-07-10,28850
2015-07-11,-1
2015-07-12,-1
2015-07-13,29700
2015-07-14,30850
2015-07-15,28500
2015-07-16,28900
2015-07-17,27750
2015-07-18,-1
2015-07-19,-1
2015-07-20,27750
2015-07-21,28300
2015-07-22,28000
2015-07-23,27750
2015-07-24,27250
2015-07-25,-1
2015-07-26,-1
2015-07-27,27350
2015-07-28,28150
2015-07-29,28000
2015-07-30,28900
2015-07-31,29150
2015-08-01,-1
2015-08-02,-1
2015-08-03,28950
2015-08-04,29450
2015-08-05,29100
2015-08-06,28850
2015-08-07,29100
2015-08-08,-1
2015-08-09,-1
2015-08-10,29950
2015-08-11,29350
2015-08-12,29150
2015-08-13,28250
2015-08-14,-1
2015-08-15,-1
2015-08-16,-1
2015-08-17,28250
2015-08-18,28450
2015-08-19,28450
2015-08-20,28200
2015-08-21,27650
2015-08-22,-1
2015-08-23,-1
2015-08-24,26500
2015-08-25,26050
2015-08-26,26600
2015-08-27,26700
2015-08-28,27250
2015-08-29,-1
2015-08-30,-1
2015-08-31,27200
2015-09-01,26750
2015-09-02,27250
2015-09-03,26900
2015-09-04,26750
2015-09-05,-1
2015-09-06,-1
2015-09-07,26400
2015-09-08,26500
2015-09-09,27000
2015-09-10,26800
2015-09-11,27000
2015-09-12,-1
2015-09-13,-1
2015-09-14,27250
2015-09-15,27500
2015-09-16,27800
2015-09-17,27800
2015-09-18,27100
2015-09-19,-1
2015-09-20,-1
2015-09-21,26800
2015-09-22,26900
2015-09-23,26600
2015-09-24,26400
2015-09-25,26300
2015-09-26,-1
2015-09-27,-1
2015-09-28,-1
2015-09-29,-1
2015-09-30,26400
2015-10-01,26300
2015-10-02,26050
2015-10-03,-1
2015-10-04,-1
2015-10-05,26050
2015-10-06,26150
2015-10-07,26250
2015-10-08,26750
2015-10-09,-1
2015-10-10,-1
2015-10-11,-1
2015-10-12,27400
2015-10-13,27550
2015-10-14,27150
2015-10-15,27700
2015-10-16,27950
2015-10-17,-1
2015-10-18,-1
2015-10-19,27800
2015-10-20,28350
2015-10-21,28350
2015-10-22,28000
2015-10-23,28500
2015-10-24,-1
2015-10-25,-1
2015-10-26,28550
2015-10-27,28250
2015-10-28,27900
2015-10-29,27500
2015-10-30,27800
2015-10-31,-1
2015-11-01,-1
2015-11-02,27450
2015-11-03,28000
2015-11-04,27900
2015-11-05,27700
2015-11-06,27350
2015-11-07,-1
2015-11-08,-1
2015-11-09,27450
2015-11-10,27150
2015-11-11,26900
2015-11-12,27000
2015-11-13,26500
2015-11-14,-1
2015-11-15,-1
2015-11-16,25850
2015-11-17,25800
2015-11-18,25300
2015-11-19,26000
2015-11-20,26000
2015-11-21,-1
2015-11-22,-1
2015-11-23,25850
2015-11-24,26000
2015-11-25,25500
2015-11-26,25550
2015-11-27,25750
2015-11-28,-1
2015-11-29,-1
2015-11-30,25500
2015-12-01,25650
2015-12-02,25450
2015-12-03,25200
2015-12-04,24850
2015-12-05,-1
2015-12-06,-1
2015-12-07,24700
2015-12-08,24150
2015-12-09,24050
2015-12-10,24050
2015-12-11,24050
2015-12-12,-1
2015-12-13,-1
2015-12-14,24200
2015-12-15,23900
2015-12-16,24150
2015-12-17,24100
2015-12-18,23800
2015-12-19,-1
2015-12-20,-1
2015-12-21,24200
2015-12-22,24250
2015-12-23,24600
2015-12-24,24650
2015-12-25,-1
2015-12-26,-1
2015-12-27,-1
2015-12-28,24300
2015-12-29,24100
2015-12-30,23600
2015-12-31,-1
2016-01-01,-1
2016-01-02,-1
2016-01-03,-1
2016-01-04,22900
2016-01-05,23250
2016-01-06,23300
2016-01-07,22650
2016-01-08,22850
2016-01-09,-1
2016-01-10,-1
2016-01-11,22050
2016-01-12,22100
2016-01-13,22150
2016-01-14,22050
2016-01-15,20750
2016-01-16,-1
2016-01-17,-1
2016-01-18,20950
2016-01-19,20750
2016-01-20,19650
2016-01-21,20050
2016-01-22,20450
2016-01-23,-1
2016-01-24,-1
2016-01-25,20750
2016-01-26,19950
2016-01-27,20450
2016-01-28,21100
2016-01-29,21400
2016-01-30,-1
2016-01-31,-1
2016-02-01,21100
2016-02-02,21050
2016-02-03,20450
2016-02-04,21050
2016-02-05,22300
2016-02-06,-1
2016-02-07,-1
2016-02-08,-1
2016-02-09,-1
2016-02-10,-1
2016-02-11,20850
2016-02-12,20550
2016-02-13,-1
2016-02-14,-1
2016-02-15,21700
2016-02-16,21850
2016-02-17,22600
2016-02-18,22700
2016-02-19,22250
2016-02-20,-1
2016-02-21,-1
2016-02-22,21950
2016-02-23,22000
2016-02-24,21700
2016-02-25,21350
2016-02-26,21350
2016-02-27,-1
2016-02-28,-1
2016-02-29,20850
2016-03-01,-1
2016-03-02,20850
2016-03-03,21400
2016-03-04,22300
2016-03-05,-1
2016-03-06,-1
2016-03-07,22500
2016-03-08,22050
2016-03-09,22100
2016-03-10,21950
2016-03-11,22500
2016-03-12,-1
2016-03-13,-1
2016-03-14,23400
2016-03-15,23450
2016-03-16,23650
2016-03-17,23800
2016-03-18,24050
2016-03-19,-1
2016-03-20,-1
2016-03-21,24400
2016-03-22,24050
2016-03-23,24150
2016-03-24,23700
2016-03-25,23150
2016-03-26,-1
2016-03-27,-1
2016-03-28,23400
2016-03-29,24500
2016-03-30,24300
2016-03-31,24800
2016-04-01,23950
2016-04-02,-1
2016-04-03,-1
2016-04-04,23100
2016-04-05,23200
2016-04-06,23100
2016-04-07,23350
2016-04-08,23050
2016-04-09,-1
2016-04-10,-1
2016-04-11,22800
2016-04-12,23250
2016-04-13,-1
2016-04-14,24900
2016-04-15,25000
2016-04-16,-1
2016-04-17,-1
2016-04-18,24950
2016-04-19,25000
2016-04-20,25700
2016-04-21,25950
2016-04-22,26000
2016-04-23,-1
2016-04-24,-1
2016-04-25,27200
2016-04-26,27400
2016-04-27,26750
2016-04-28,25650
2016-04-29,25650
2016-04-30,-1
2016-05-01,-1
2016-05-02,24950
2016-05-03,24950
2016-05-04,24450
2016-05-05,-1
2016-05-06,-1
2016-05-07,-1
2016-05-08,-1
2016-05-09,24100
2016-05-10,24350
2016-05-11,25150
2016-05-12,25000
2016-05-13,24150
2016-05-14,-1
2016-05-15,-1
2016-05-16,24250
2016-05-17,23650
2016-05-18,23650
2016-05-19,24700
2016-05-20,24150
2016-05-21,-1
2016-05-22,-1
2016-05-23,24250
2016-05-24,23750
2016-05-25,24650
2016-05-26,24850
2016-05-27,24950
2016-05-28,-1
2016-05-29,-1
2016-05-30,25000
2016-05-31,25850
2016-06-01,25150
2016-06-02,25050
2016-06-03,24950
2016-06-04,-1
2016-06-05,-1
2016-06-06,-1
2016-06-07,25100
2016-06-08,25500
2016-06-09,26150
2016-06-10,25600
2016-06-11,-1
2016-06-12,-1
2016-06-13,24750
2016-06-14,24150
2016-06-15,23400
2016-06-16,23450
2016-06-17,23300
2016-06-18,-1
2016-06-19,-1
2016-06-20,24550
2016-06-21,24100
2016-06-22,25000
2016-06-23,25200
2016-06-24,23350
2016-06-25,-1
2016-06-26,-1
2016-06-27,23200
2016-06-28,23200
2016-06-29,23700
2016-06-30,23250
2016-07-01,23400
2016-07-02,-1
2016-07-03,-1
2016-07-04,23700
2016-07-05,23150
2016-07-06,22450
2016-07-07,22950
2016-07-08,22450
2016-07-09,-1
2016-07-10,-1
2016-07-11,22700
2016-07-12,23450
2016-07-13,23750
2016-07-14,23500
2016-07-15,24300
2016-07-16,-1
2016-07-17,-1
2016-07-18,24550
2016-07-19,24700
2016-07-20,24550
2016-07-21,24850
2016-07-22,25200
2016-07-23,-1
2016-07-24,-1
2016-07-25,27600
2016-07-26,27850
2016-07-27,28300
2016-07-28,28050
2016-07-29,27550
2016-07-30,-1
2016-07-31,-1
2016-08-01,27650
2016-08-02,27250
2016-08-03,26450
2016-08-04,26500
2016-08-05,27000
2016-08-06,-1
2016-08-07,-1
2016-08-08,28000
2016-08-09,28800
2016-08-10,29050
2016-08-11,28150
2016-08-12,28400
2016-08-13,-1
2016-08-14,-1
2016-08-15,-1
2016-08-16,28450
2016-08-17,28000
2016-08-18,28150
2016-08-19,28000
2016-08-20,-1
2016-08-21,-1
2016-08-22,28000
2016-08-23,28600
2016-08-24,28400
2016-08-25,29000
2016-08-26,28500
2016-08-27,-1
2016-08-28,-1
2016-08-29,29350
2016-08-30,29350
2016-08-31,29300
2016-09-01,29700
2016-09-02,28600
2016-09-03,-1
2016-09-04,-1
2016-09-05,29000
2016-09-06,29050
2016-09-07,29500
2016-09-08,29200
2016-09-09,29450
2016-09-10,-1
2016-09-11,-1
2016-09-12,29350
2016-09-13,28400
2016-09-14,-1
2016-09-15,-1
2016-09-16,-1
2016-09-17,-1
2016-09-18,-1
2016-09-19,28700
2016-09-20,29000
2016-09-21,29100
2016-09-22,28850
2016-09-23,29000
2016-09-24,-1
2016-09-25,-1
2016-09-26,28900
2016-09-27,29000
2016-09-28,28650
2016-09-29,28400
2016-09-30,27850
2016-10-01,-1
2016-10-02,-1
2016-10-03,-1
2016-10-04,28850
2016-10-05,28800
2016-10-06,28700
2016-10-07,28700
2016-10-08,-1
2016-10-09,-1
2016-10-10,29700
2016-10-11,30650
2016-10-12,30850
2016-10-13,30000
2016-10-14,30300
2016-10-15,-1
2016-10-16,-1
2016-10-17,31300
2016-10-18,31900
2016-10-19,31800
2016-10-20,31900
2016-10-21,32000
2016-10-22,-1
2016-10-23,-1
2016-10-24,32900
2016-10-25,33100
2016-10-26,32150
2016-10-27,32150
2016-10-28,32200
2016-10-29,-1
2016-10-30,-1
2016-10-31,32800
2016-11-01,32450
2016-11-02,32400
2016-11-03,32600
2016-11-04,32600
2016-11-05,-1
2016-11-06,-1
2016-11-07,32700
2016-11-08,32700
2016-11-09,32300
2016-11-10,34500
2016-11-11,34350
2016-11-12,-1
2016-11-13,-1
2016-11-14,34050
2016-11-15,34100
2016-11-16,33500
2016-11-17,32600
2016-11-18,33050
2016-11-19,-1
2016-11-20,-1
2016-11-21,32450
2016-11-22,32500
2016-11-23,33000
2016-11-24,32900
2016-11-25,33000
2016-11-26,-1
2016-11-27,-1
2016-11-28,32250
2016-11-29,32050
2016-11-30,32150
2016-12-01,32300
2016-12-02,32700
2016-12-03,-1
2016-12-04,-1
2016-12-05,32750
2016-12-06,32700
2016-12-07,33300
2016-12-08,34000
2016-12-09,33650
2016-12-10,-1
2016-12-11,-1
2016-12-12,33900
2016-12-13,33900
2016-12-14,33500
2016-12-15,33750
2016-12-16,34000
2016-12-17,-1
2016-12-18,-1
2016-12-19,33950
2016-12-20,33800
2016-12-21,33700
2016-12-22,33500
2016-12-23,32950
2016-12-24,-1
2016-12-25,-1
2016-12-26,32600
2016-12-27,32600
2016-12-28,31900
2016-12-29,31250
2016-12-30,-1
2016-12-31,-1
2017-01-01,-1
2017-01-02,30900
2017-01-03,31450
2017-01-04,32000
2017-01-05,31600
2017-01-06,31900
2017-01-07,-1
2017-01-08,-1
2017-01-09,32000
2017-01-10,31450
2017-01-11,32100
2017-01-12,32600
2017-01-13,32400
2017-01-14,-1
2017-01-15,-1
2017-01-16,33050
2017-01-17,33600
2017-01-18,33800
2017-01-19,33250
2017-01-20,33300
2017-01-21,-1
2017-01-22,-1
2017-01-23,33000
2017-01-24,33000
2017-01-25,33950
2017-01-26,34750
2017-01-27,-1
2017-01-28,-1
2017-01-29,-1
2017-01-30,-1
2017-01-31,34450
2017-02-01,35350
2017-02-02,35700
2017-02-03,36000
2017-02-04,-1
2017-02-05,-1
2017-02-06,36400
2017-02-07,36300
2017-02-08,36300
2017-02-09,35850
2017-02-10,36250
2017-02-11,-1
2017-02-12,-1
2017-02-13,36000
2017-02-14,36000
2017-02-15,36000
2017-02-16,35750
2017-02-17,36400
2017-02-18,-1
2017-02-19,-1
2017-02-20,36300
2017-02-21,36500
2017-02-22,36250
2017-02-23,36250
2017-02-24,36200
2017-02-25,-1
2017-02-26,-1
2017-02-27,34550
2017-02-28,35250
2017-03-01,-1
2017-03-02,36700
2017-03-03,36300
2017-03-04,-1
2017-03-05,-1
2017-03-06,35650
2017-03-07,36000
2017-03-08,37200
2017-03-09,36750
2017-03-10,37350
2017-03-11,-1
2017-03-12,-1
2017-03-13,39250
2017-03-14,40100
2017-03-15,40100
2017-03-16,39650
2017-03-17,40100
2017-03-18,-1
2017-03-19,-1
2017-03-20,39850
2017-03-21,39050
2017-03-22,37700
2017-03-23,39100
2017-03-24,39100
2017-03-25,-1
2017-03-26,-1
2017-03-27,38050
2017-03-28,37600
2017-03-29,37450
2017-03-30,37500
2017-03-31,36950
2017-04-01,-1
2017-04-02,-1
2017-04-03,37250
2017-04-04,36600
2017-04-05,37650
2017-04-06,37350
2017-04-07,37000
2017-04-08,-1
2017-04-09,-1
2017-04-10,35750
2017-04-11,35750
2017-04-12,35550
2017-04-13,36900
2017-04-14,36950
2017-04-15,-1
2017-04-16,-1
2017-04-17,37400
2017-04-18,37500
2017-04-19,37050
2017-04-20,36250
2017-04-21,37200
2017-04-22,-1
2017-04-23,-1
2017-04-24,39900
2017-04-25,39900
2017-04-26,39850
2017-04-27,39950
2017-04-28,39200
2017-04-29,-1
2017-04-30,-1
2017-05-01,-1
2017-05-02,40000
2017-05-03,-1
2017-05-04,40200
2017-05-05,-1
2017-05-06,-1
2017-05-07,-1
2017-05-08,41700
2017-05-09,-1
2017-05-10,41150
2017-05-11,43000
2017-05-12,42150
2017-05-13,-1
2017-05-14,-1
2017-05-15,42650
2017-05-16,42200
2017-05-17,41800
2017-05-18,41850
2017-05-19,41400
2017-05-20,-1
2017-05-21,-1
2017-05-22,41950
2017-05-23,42550
2017-05-24,41550
2017-05-25,41400
2017-05-26,42200
2017-05-27,-1
2017-05-28,-1
2017-05-29,42150
2017-05-30,41750
2017-05-31,41050
2017-06-01,41200
2017-06-02,42750
2017-06-03,-1
2017-06-04,-1
2017-06-05,42700
2017-06-06,-1
2017-06-07,42300
2017-06-08,42150
2017-06-09,42650
2017-06-10,-1
2017-06-11,-1
2017-06-12,43750
2017-06-13,43150
2017-06-14,43050
2017-06-15,42500
2017-06-16,42100
2017-06-17,-1
2017-06-18,-1
2017-06-19,42550
2017-06-20,42550
2017-06-21,41750
2017-06-22,42150
2017-06-23,42800
2017-06-24,-1
2017-06-25,-1
2017-06-26,42450
2017-06-27,42000
2017-06-28,44450
2017-06-29,45300
2017-06-30,45250
2017-10-01,-1
2017-10-02,-1
2017-10-03,-1
2017-10-04,-1
2017-10-05,-1
2017-10-06,-1
2017-10-07,-1
2017-10-08,-1
2017-10-09,-1
2017-10-10,49500
2017-10-11,48700
2017-10-12,49500
2017-10-13,48700
2017-10-14,-1
2017-10-15,-1
2017-10-16,47450
2017-10-17,47150
2017-10-18,46750
2017-10-19,47400
2017-10-20,47300
2017-10-21,-1
2017-10-22,-1
2017-10-23,46900
2017-10-24,48750
2017-10-25,50000
2017-10-26,48800
2017-10-27,48250
2017-10-28,-1
2017-10-29,-1
2017-10-30,49050
2017-10-31,47950
2017-11-01,47900
2017-11-02,48200
2017-11-03,48550
2017-11-04,-1
2017-11-05,-1
2017-11-06,47000
2017-11-07,46300
2017-11-08,45650
2017-11-09,46200
2017-11-10,45850
2017-11-11,-1
2017-11-12,-1
2017-11-13,45350
2017-11-14,45700
2017-11-15,45850
2017-11-16,47600
2017-11-17,46300
2017-11-18,-1
2017-11-19,-1
2017-11-20,46300
2017-11-21,45850
2017-11-22,46550
2017-11-23,46100
2017-11-24,45850
2017-11-25,-1
2017-11-26,-1
2017-11-27,46600
2017-11-28,47700
2017-11-29,47700
2017-11-30,47450
2017-12-01,45650
2017-12-02,-1
2017-12-03,-1
2017-12-04,46700
2017-12-05,46900
2017-12-06,47550
2017-12-07,46650
2017-12-08,46950
2017-12-09,-1
2017-12-10,-1
2017-12-11,47200
2017-12-12,46300
2017-12-13,48000
2017-12-14,48850
2017-12-15,49350
2017-12-16,-1
2017-12-17,-1
2017-12-18,49500
2017-12-19,49150
2017-12-20,50500
2017-12-21,50800
2017-12-22,50300
2017-12-23,-1
2017-12-24,-1
2017-12-25,-1
2017-12-26,51400
2017-12-27,50100
2017-12-28,49800
2017-12-29,-1
2017-12-30,-1
2017-12-31,-1
2018-01-01,-1
2018-01-02,50900
2018-01-03,51400
2018-01-04,51300
2018-01-05,52300
2018-01-06,-1
2018-01-07,-1
2018-01-08,54200
2018-01-09,54600
2018-01-10,54400
2018-01-11,55100
2018-01-12,55200
2018-01-13,-1
2018-01-14,-1
2018-01-15,54300
2018-01-16,53700
2018-01-17,53700
2018-01-18,54000
2018-01-19,55500
2018-01-20,-1
2018-01-21,-1
2018-01-22,53300
2018-01-23,54500
2018-01-24,52700
2018-01-25,51900
2018-01-26,51200
2018-01-27,-1
2018-01-28,-1
2018-01-29,50900
2018-01-30,51600
2018-01-31,52100
2018-02-01,51200
2018-02-02,51400
2018-02-03,-1
2018-02-04,-1
2018-02-05,53200
2018-02-06,50300
2018-02-07,49150
2018-02-08,49800
2018-02-09,48450
2018-02-10,-1
2018-02-11,-1
2018-02-12,50900
2018-02-13,50400
2018-02-14,49600
2018-02-15,-1
2018-02-16,-1
2018-02-17,-1
2018-02-18,-1
2018-02-19,50900
2018-02-20,50200
2018-02-21,50000
2018-02-22,50200
2018-02-23,51600
2018-02-24,-1
2018-02-25,-1
2018-02-26,50700
2018-02-27,50200
2018-02-28,49150
2018-03-01,-1
2018-03-02,48800
2018-03-03,-1
2018-03-04,-1
2018-03-05,48050
2018-03-06,47850
2018-03-07,46100
2018-03-08,47650
2018-03-09,47100
2018-03-10,-1
2018-03-11,-1
2018-03-12,49350
2018-03-13,47150
2018-03-14,46400
2018-03-15,46300
2018-03-16,47200
2018-03-17,-1
2018-03-18,-1
2018-03-19,48100
2018-03-20,47700
2018-03-21,47600
2018-03-22,48950
2018-03-23,47400
2018-03-24,-1
2018-03-25,-1
2018-03-26,46400
2018-03-27,46700
2018-03-28,45300
2018-03-29,45600
2018-03-30,45750
2018-03-31,-1
2018-07-01,-1
2018-07-02,42700
2018-07-03,41350
2018-07-04,41450
2018-07-05,41500
2018-07-06,42650
2018-07-07,-1
2018-07-08,-1
2018-07-09,43750
2018-07-10,42950
2018-07-11,43250
2018-07-12,42400
2018-07-13,43950
2018-07-14,-1
2018-07-15,-1
2018-07-16,43050
2018-07-17,43950
2018-07-18,43250
2018-07-19,42400
2018-07-20,42250
2018-07-21,-1
2018-07-22,-1
2018-07-23,43650
2018-07-24,44250
2018-07-25,45200
2018-07-26,44350
2018-07-27,45400
2018-07-28,-1
2018-07-29,-1
2018-07-30,45050
2018-07-31,44900
2018-08-01,45000
2018-08-02,43900
2018-08-03,43900
2018-08-04,-1
2018-08-05,-1
2018-08-06,44100
2018-08-07,43850
2018-08-08,44450
2018-08-09,43600
2018-08-10,43250
2018-08-11,-1
2018-08-12,-1
2018-08-13,42650
2018-08-14,43500
2018-08-15,-1
2018-08-16,43200
2018-08-17,43550
2018-08-18,-1
2018-08-19,-1
2018-08-20,44150
2018-08-21,43750
2018-08-22,42950
2018-08-23,42450
2018-08-24,42650
2018-08-25,-1
2018-08-26,-1
2018-08-27,43300
2018-08-28,43900
2018-08-29,43900
2018-08-30,42700
2018-08-31,42700
2018-09-01,-1
2018-09-02,-1
2018-09-03,42750
2018-09-04,42950
2018-09-05,42400
2018-09-06,41850
2018-09-07,41850
2018-09-08,-1
2018-09-09,-1
2018-09-10,41900
2018-09-11,42200
2018-09-12,42500
2018-09-13,43800
2018-09-14,43100
2018-09-15,-1
2018-09-16,-1
2018-09-17,42650
2018-09-18,42050
2018-09-19,41900
2018-09-20,43200
2018-09-21,43750
2018-09-22,-1
2018-09-23,-1
2018-09-24,-1
2018-09-25,-1
2018-09-26,-1
2018-09-27,43400
2018-09-28,44550
2018-09-29,-1
2018-09-30,-1
2018-10-01,45750
2018-10-02,45600
2018-10-03,-1
2018-10-04,46150
2018-10-05,46400
2018-10-06,-1
2018-10-07,-1
2018-10-08,46150
2018-10-09,-1
2018-10-10,45850
2018-10-11,43200
2018-10-12,42600
2018-10-13,-1
2018-10-14,-1
2018-10-15,43100
2018-10-16,43250
2018-10-17,43600
2018-10-18,42900
2018-10-19,42900
2018-10-20,-1
2018-10-21,-1
2018-10-22,44150
2018-10-23,42950
2018-10-24,43200
2018-10-25,41000
2018-10-26,40600
2018-10-27,-1
2018-10-28,-1
2018-10-29,40500
2018-10-30,38550
2018-10-31,38300
2018-11-01,38150
2018-11-02,39450
2018-11-03,-1
2018-11-04,-1
2018-11-05,38400
2018-11-06,38550
2018-11-07,38150
2018-11-08,38250
2018-11-09,38300
2018-11-10,-1
2018-11-11,-1
2018-11-12,38300
2018-11-13,38250
2018-11-14,38100
2018-11-15,38700
2018-11-16,38700
2018-11-17,-1
2018-11-18,-1
2018-11-19,38650
2018-11-20,38600
2018-11-21,38650
2018-11-22,38850
2018-11-23,38300
2018-11-24,-1
2018-11-25,-1
2018-11-26,38700
2018-11-27,39500
2018-11-28,38750
2018-11-29,38700
2018-11-30,37600
2018-12-01,-1
2018-12-02,-1
2018-12-03,37150
2018-12-04,36650
2018-12-05,36450
2018-12-06,36400
2018-12-07,36650
2018-12-08,-1
2018-12-09,-1
2018-12-10,36350
2018-12-11,35950
2018-12-12,37000
2018-12-13,37150
2018-12-14,37250
2018-12-15,-1
2018-12-16,-1
2018-12-17,37400
2018-12-18,37950
2018-12-19,37600
2018-12-20,37800
2018-12-21,38050
2018-12-22,-1
2018-12-23,-1
2018-12-24,38000
2018-12-25,-1
2018-12-26,37300
2018-12-27,35700
2018-12-28,36250
2018-12-29,-1
2018-12-30,-1
2018-12-31,-1
2019-01-01,-1
2019-01-02,36150
2019-01-03,35550
2019-01-04,35050
2019-01-05,-1
2019-01-06,-1
2019-01-07,34850
2019-01-08,34750
2019-01-09,35550
2019-01-10,35400
2019-01-11,35650
2019-01-12,-1
2019-01-13,-1
2019-01-14,35100
2019-01-15,36800
2019-01-16,37950
2019-01-17,38400
2019-01-18,38050
2019-01-19,-1
2019-01-20,-1
2019-01-21,37800
2019-01-22,37650
2019-01-23,37500
2019-01-24,38300
2019-01-25,38350
2019-01-26,-1
2019-01-27,-1
2019-01-28,38100
2019-01-29,38400
2019-01-30,38500
2019-01-31,39950
2019-02-01,40100
2019-02-02,-1
2019-02-03,-1
2019-02-04,-1
2019-02-05,-1
2019-02-06,-1
2019-02-07,40300
2019-02-08,40350
2019-02-09,-1
2019-02-10,-1
2019-02-11,40200
2019-02-12,39750
2019-02-13,40550
2019-02-14,40500
2019-02-15,39700
2019-02-16,-1
2019-02-17,-1
2019-02-18,39800
2019-02-19,39500
2019-02-20,39600
2019-02-21,39700
2019-02-22,39500
2019-02-23,-1
2019-02-24,-1
2019-02-25,39500
2019-02-26,38950
2019-02-27,38500
2019-02-28,38850
2019-03-01,-1
2019-03-02,-1
2019-03-03,-1
2019-03-04,38150
2019-03-05,38000
2019-03-06,38400
2019-03-07,37700
2019-03-08,36800
2019-03-09,-1
2019-03-10,-1
2019-03-11,37750
2019-03-12,37950
2019-03-13,37550
2019-03-14,38000
2019-03-15,37850
2019-03-16,-1
2019-03-17,-1
2019-03-18,38050
2019-03-19,37950
2019-03-20,37850
2019-03-21,37250
2019-03-22,37000
2019-03-23,-1
2019-03-24,-1
2019-03-25,36600
2019-03-26,36000
2019-03-27,36100
2019-03-28,35900
2019-03-29,36400
2019-03-30,-1
2019-03-31,-1
2019-04-01,37550
2019-04-02,39000
2019-04-03,39250
2019-04-04,39400
2019-04-05,39500
2019-04-06,-1
2019-04-07,-1
2019-04-08,39550
2019-04-09,39200
2019-04-10,39150
2019-04-11,38950
2019-04-12,38800
2019-04-13,-1
2019-04-14,-1
2019-04-15,39050
2019-04-16,38650
2019-04-17,38500
2019-04-18,38000
2019-04-19,37850
2019-04-20,-1
2019-04-21,-1
2019-04-22,37350
2019-04-23,37450
2019-04-24,36950
2019-04-25,37300
2019-04-26,36450
2019-04-27,-1
2019-04-28,-1
2019-04-29,37350
2019-04-30,36800
2019-05-01,-1
2019-05-02,36900
2019-05-03,36500
2019-05-04,-1
2019-05-05,-1
2019-05-06,-1
2019-05-07,36900
2019-05-08,37100
2019-05-09,36500
2019-05-10,36300
2019-05-11,-1
2019-05-12,-1
2019-05-13,36000
2019-05-14,35500
2019-05-15,36550
2019-05-16,36800
2019-05-17,36400
2019-05-18,-1
2019-05-19,-1
2019-05-20,36600
2019-05-21,37400
2019-05-22,37050
2019-05-23,36750
2019-05-24,37650
2019-05-25,-1
2019-05-26,-1
2019-05-27,37300
2019-05-28,37300
2019-05-29,36800
2019-05-30,37150
2019-05-31,36300
2019-06-01,-1
2019-06-02,-1
2019-06-03,36700
2019-06-04,37100
2019-06-05,37000
2019-06-06,-1
2019-06-07,37500
2019-06-08,-1
2019-06-09,-1
2019-06-10,37750
2019-06-11,37600
2019-06-12,37550
2019-06-13,37200
2019-06-14,37250
2019-06-15,-1
2019-06-16,-1
2019-06-17,37300
2019-06-18,37500
2019-06-19,37250
2019-06-20,36500
2019-06-21,36650
2019-06-22,-1
2019-06-23,-1
2019-06-24,36950
2019-06-25,36850
2019-06-26,37500
2019-06-27,37400
2019-06-28,37400
2019-06-29,-1
2019-06-30,-1
2019-10-01,34850
2019-10-02,34300
2019-10-03,-1
2019-10-04,34050
2019-10-05,-1
2019-10-06,-1
2019-10-07,34050
2019-10-08,33900
2019-10-09,-1
2019-10-10,32700
2019-10-11,33650
2019-10-12,-1
2019-10-13,-1
2019-10-14,35000
2019-10-15,35200
2019-10-16,35150
2019-10-17,35350
2019-10-18,35150
2019-10-19,-1
2019-10-20,-1
2019-10-21,35500
2019-10-22,35950
2019-10-23,35600
2019-10-24,36250
2019-10-25,35350
2019-10-26,-1
2019-10-27,-1
2019-10-28,33850
2019-10-29,34450
2019-10-30,33800
2019-10-31,33700
2019-11-01,34200
2019-11-02,-1
2019-11-03,-1
2019-11-04,34700
2019-11-05,35550
2019-11-06,35250
2019-11-07,35350
2019-11-08,36000
2019-11-09,-1
2019-11-10,-1
2019-11-11,35900
2019-11-12,36050
2019-11-13,35600
2019-11-14,35550
2019-11-15,35900
2019-11-16,-1
2019-11-17,-1
2019-11-18,36050
2019-11-19,36400
2019-11-20,36550
2019-11-21,35800
2019-11-22,35650
2019-11-23,-1
2019-11-24,-1
2019-11-25,36100
2019-11-26,36300
2019-11-27,36350
2019-11-28,36300
2019-11-29,35750
2019-11-30,-1
2019-12-01,-1
2019-12-02,36000
2019-12-03,35700
2019-12-04,35500
2019-12-05,35750
2019-12-06,35800
2019-12-07,-1
2019-12-08,-1
2019-12-09,36750
2019-12-10,36850
2019-12-11,37000
2019-12-12,37600
2019-12-13,38600
2019-12-14,-1
2019-12-15,-1
2019-12-16,37650
2019-12-17,37500
2019-12-18,38400
2019-12-19,38600
2019-12-20,38550
2019-12-21,-1
2019-12-22,-1
2019-12-23,38700
2019-12-24,38250
2019-12-25,-1
2019-12-26,38650
2019-12-27,37500
2019-12-28,-1
2019-12-29,-1
2019-12-30,36900
2019-12-31,-1
2020-01-01,-1
2020-01-02,35950
2020-01-03,36200
2020-01-04,-1
2020-01-05,-1
2020-01-06,35450
2020-01-07,35550
2020-01-08,34950
2020-01-09,35050
2020-01-10,34950
2020-01-11,-1
2020-01-12,-1
2020-01-13,34750
2020-01-14,35300
2020-01-15,35350
2020-01-16,35350
2020-01-17,35150
2020-01-18,-1
2020-01-19,-1
2020-01-20,35100
2020-01-21,35250
2020-01-22,35050
2020-01-23,35100
2020-01-24,-1
2020-01-25,-1
2020-01-26,-1
2020-01-27,-1
2020-01-28,33850
2020-01-29,33450
2020-01-30,33450
2020-01-31,33200
2020-02-01,-1
2020-02-02,-1
2020-02-03,33200
2020-02-04,33400
2020-02-05,34300
2020-02-06,34900
2020-02-07,34500
2020-02-08,-1
2020-02-09,-1
2020-02-10,34000
2020-02-11,34300
2020-02-12,35500
2020-02-13,34300
2020-02-14,33900
2020-02-15,-1
2020-02-16,-1
2020-02-17,33350
2020-02-18,33300
2020-02-19,33050
2020-02-20,32900
2020-02-21,32900
2020-02-22,-1
2020-02-23,-1
2020-02-24,31650
2020-02-25,31600
2020-02-26,31400
2020-02-27,31800
2020-02-28,31400
2020-02-29,-1
2020-03-01,-1
2020-03-02,30750
2020-03-03,30100
2020-03-04,30650
2020-03-05,30200
2020-03-06,29850
2020-03-07,-1
2020-03-08,-1
2020-03-09,27900
2020-03-10,27600
2020-03-11,27350
2020-03-12,24950
2020-03-13,24100
2020-03-14,-1
2020-03-15,-1
2020-03-16,23400
2020-03-17,21200
2020-03-18,21200
2020-03-19,18550
2020-03-20,20650
2020-03-21,-1
2020-03-22,-1
2020-03-23,18450
2020-03-24,19200
2020-03-25,21200
2020-03-26,21900
2020-03-27,23750
2020-03-28,-1
2020-03-29,-1
2020-03-30,23000
2020-03-31,23100
2020-04-01,21850
2020-04-02,22550
2020-04-03,22400
2020-04-04,-1
2020-04-05,-1
2020-04-06,23800
2020-04-07,24350
2020-04-08,23700
2020-04-09,23950
2020-04-10,25300
2020-04-11,-1
2020-04-12,-1
2020-04-13,24600
2020-04-14,25000
2020-04-15,-1
2020-04-16,24250
2020-04-17,24750
2020-04-18,-1
2020-04-19,-1
2020-04-20,24550
2020-04-21,23750
2020-04-22,23700
2020-04-23,23600
2020-04-24,23150
2020-04-25,-1
2020-04-26,-1
2020-04-27,27050
2020-04-28,27350
2020-04-29,27600
2020-04-30,-1
2020-05-01,-1
2020-05-02,-1
2020-05-03,-1
2020-05-04,26350
2020-05-05,-1
2020-05-06,26350
2020-05-07,26750
2020-05-08,26850
2020-05-09,-1
2020-05-10,-1
2020-05-11,26250
2020-05-12,25400
2020-05-13,25800
2020-05-14,24800
2020-05-15,25350
2020-05-16,-1
2020-05-17,-1
2020-05-18,24900
2020-05-19,26100
2020-05-20,26050
2020-05-21,25900
2020-05-22,25250
2020-05-23,-1
2020-05-24,-1
2020-05-25,25600
2020-05-26,26750
2020-05-27,27200
2020-05-28,28450
2020-05-29,29750
2020-05-30,-1
2020-05-31,-1
2020-06-01,30100
2020-06-02,31600
2020-06-03,32250
2020-06-04,31250
2020-06-05,31250
2020-06-06,-1
2020-06-07,-1
2020-06-08,31050
2020-06-09,30900
2020-06-10,29650
2020-06-11,29000
2020-06-12,27800
2020-06-13,-1
2020-06-14,-1
2020-06-15,26550
2020-06-16,28850
2020-06-17,28250
2020-06-18,28050
2020-06-19,27850
2020-06-20,-1
2020-06-21,-1
2020-06-22,27450
2020-06-23,27150
2020-06-24,27650
2020-06-25,26850
2020-06-26,27550
2020-06-27,-1
2020-06-28,-1
2020-06-29,26800
2020-06-30,27000
2020-07-01,27300
2020-07-02,27250
2020-07-03,27250
2020-07-04,-1
2020-07-05,-1
2020-07-06,27600
2020-07-07,27100
2020-07-08,26800
2020-07-09,26500
2020-07-10,25750
2020-07-11,-1
2020-07-12,-1
2020-07-13,27200
2020-07-14,27400
2020-07-15,27800
2020-07-16,28050
2020-07-17,28000
2020-07-18,-1
2020-07-19,-1
2020-07-20,29550
2020-07-21,29900
2020-07-22,28900
2020-07-23,28650
2020-07-24,28850
2020-07-25,-1
2020-07-26,-1
2020-07-27,28750
2020-07-28,28700
2020-07-29,29700
2020-07-30,30100
2020-07-31,29500
2020-08-01,-1
2020-08-02,-1
2020-08-03,29550
2020-08-04,29200
2020-08-05,28800
2020-08-06,29350
2020-08-07,29300
2020-08-08,-1
2020-08-09,-1
2020-08-10,30250
2020-08-11,31250
2020-08-12,31900
2020-08-13,31950
2020-08-14,30800
2020-08-15,-1
2020-08-16,-1
2020-08-17,-1
2020-08-18,29050
2020-08-19,29050
2020-08-20,27800
2020-08-21,28350
2020-08-22,-1
2020-08-23,-1
2020-08-24,28450
2020-08-25,29350
2020-08-26,29150
2020-08-27,28700
2020-08-28,28950
2020-08-29,-1
2020-08-30,-1
2020-08-31,28200
2020-09-01,28500
2020-09-02,28500
2020-09-03,28050
2020-09-04,27950
2020-09-05,-1
2020-09-06,-1
2020-09-07,28050
2020-09-08,28050
2020-09-09,27700
2020-09-10,27850
2020-09-11,28200
2020-09-12,-1
2020-09-13,-1
2020-09-14,28700
2020-09-15,28600
2020-09-16,28450
2020-09-17,28450
2020-09-18,28150
2020-09-19,-1
2020-09-20,-1
2020-09-21,28150
2020-09-22,27750
2020-09-23,27700
2020-09-24,27550
2020-09-25,27550
2020-09-26,-1
2020-09-27,-1
2020-09-28,27750
2020-09-29,28100
2020-09-30,-1
2021-04-01,41350
2021-04-02,41150
2021-04-03,-1
2021-04-04,-1
2021-04-05,41750
2021-04-06,41100
2021-04-07,42300
2021-04-08,41650
2021-04-09,41250
2021-04-10,-1
2021-04-11,-1
2021-04-12,41600
2021-04-13,41250
2021-04-14,41150
2021-04-15,41650
2021-04-16,41000
2021-04-17,-1
2021-04-18,-1
2021-04-19,40950
2021-04-20,42300
2021-04-21,41550
2021-04-22,42000
2021-04-23,42900
2021-04-24,-1
2021-04-25,-1
2021-04-26,43000
2021-04-27,43900
2021-04-28,44400
2021-04-29,44800
2021-04-30,45650
2021-05-01,-1
2021-05-02,-1
2021-05-03,43950
2021-05-04,43750
2021-05-05,-1
2021-05-06,46350
2021-05-07,46300
2021-05-08,-1
2021-05-09,-1
2021-05-10,46800
2021-05-11,46800
2021-05-12,45700
2021-05-13,46850
2021-05-14,45900
2021-05-15,-1
2021-05-16,-1
2021-05-17,46400
2021-05-18,47200
2021-05-19,-1
2021-05-20,46100
2021-05-21,44700
2021-05-22,-1
2021-05-23,-1
2021-05-24,45300
2021-05-25,45750
2021-05-26,45300
2021-05-27,44400
2021-05-28,45550
2021-05-29,-1
2021-05-30,-1
2021-05-31,46550
2021-06-01,46450
2021-06-02,47100
2021-06-03,47350
2021-06-04,46900
2021-06-05,-1
2021-06-06,-1
2021-06-07,47100
2021-06-08,46900
2021-06-09,46050
2021-06-10,46000
2021-06-11,45850
2021-06-12,-1
2021-06-13,-1
2021-06-14,44900
2021-06-15,44750
2021-06-16,46000
2021-06-17,46000
2021-06-18,45300
2021-06-19,-1
2021-06-20,-1
2021-06-21,44500
2021-06-22,45500
2021-06-23,45000
2021-06-24,45850
2021-06-25,47350
2021-06-26,-1
2021-06-27,-1
2021-06-28,47550
2021-06-29,46500
2021-06-30,46050
2021-07-01,45300
2021-07-02,45350
2021-07-03,-1
2021-07-04,-1
2021-07-05,44950
2021-07-06,44950
2021-07-07,44000
2021-07-08,43650
2021-07-09,42500
2021-07-10,-1
2021-07-11,-1
2021-07-12,43150
2021-07-13,43700
2021-07-14,43100
2021-07-15,43800
2021-07-16,43800
2021-07-17,-1
2021-07-18,-1
2021-07-19,42800
2021-07-20,42050
2021-07-21,42200
2021-07-22,43900
2021-07-23,44100
2021-07-24,-1
2021-07-25,-1
2021-07-26,43800
2021-07-27,44150
2021-07-28,44750
2021-07-29,44700
2021-07-30,43450
2021-07-31,-1
2021-08-01,-1
2021-08-02,42800
2021-08-03,43100
2021-08-04,44000
2021-08-05,43350
2021-08-06,43250
2021-08-07,-1
2021-08-08,-1
2021-08-09,44300
2021-08-10,44250
2021-08-11,45000
2021-08-12,45300
2021-08-13,44650
2021-08-14,-1
2021-08-15,-1
2021-08-16,-1
2021-08-17,44500
2021-08-18,44550
2021-08-19,42900
2021-08-20,41900
2021-08-21,-1
2021-08-22,-1
2021-08-23,42600
2021-08-24,44250
2021-08-25,44900
2021-08-26,44800
2021-08-27,45150
2021-08-28,-1
2021-08-29,-1
2021-08-30,43650
2021-08-31,45050
2021-09-01,45100
2021-09-02,44650
2021-09-03,44650
2021-09-04,-1
2021-09-05,-1
2021-09-06,44000
2021-09-07,43350
2021-09-08,44150
2021-09-09,43950
2021-09-10,43500
2021-09-11,-1
2021-09-12,-1
2021-09-13,44000
2021-09-14,45150
2021-09-15,45100
2021-09-16,44750
2021-09-17,44400
2021-09-18,-1
2021-09-19,-1
2021-09-20,-1
2021-09-21,-1
2021-09-22,-1
2021-09-23,44300
2021-09-24,44850
2021-09-25,-1
2021-09-26,-1
2021-09-27,44650
2021-09-28,45700
2021-09-29,45550
2021-09-30,46400
2022-04-01,48400
2022-04-02,-1
2022-04-03,-1
2022-04-04,48500
2022-04-05,47100
2022-04-06,47450
2022-04-07,46700
2022-04-08,46350
2022-04-09,-1
2022-04-10,-1
2022-04-11,47000
2022-04-12,46900
2022-04-13,47200
2022-04-14,47100
2022-04-15,46900
2022-04-16,-1
2022-04-17,-1
2022-04-18,46700
2022-04-19,47600
2022-04-20,47750
2022-04-21,48050
2022-04-22,48750
2022-04-23,-1
2022-04-24,-1
2022-04-25,47450
2022-04-26,47250
2022-04-27,46250
2022-04-28,47600
2022-04-29,47000
2022-04-30,-1
2022-05-01,-1
2022-05-02,46600
2022-05-03,46250
2022-05-04,47300
2022-05-05,-1
2022-05-06,47100
2022-05-07,-1
2022-05-08,-1
2022-05-09,47500
2022-05-10,45950
2022-05-11,44500
2022-05-12,44650
2022-05-13,45900
2022-05-14,-1
2022-05-15,-1
2022-05-16,46450
2022-05-17,46250
2022-05-18,46200
2022-05-19,45300
2022-05-20,46950
2022-05-21,-1
2022-05-22,-1
2022-05-23,47400
2022-05-24,47650
2022-05-25,47850
2022-05-26,48200
2022-05-27,49050
2022-05-28,-1
2022-05-29,-1
2022-05-30,49500
2022-05-31,49500
2022-06-01,-1
2022-06-02,47600
2022-06-03,47600
2022-06-04,-1
2022-06-05,-1
2022-06-06,-1
2022-06-07,46750
2022-06-08,46750
2022-06-09,46550
2022-06-10,46000
2022-06-11,-1
2022-06-12,-1
2022-06-13,44700
2022-06-14,45150
2022-06-15,44300
2022-06-16,43950
2022-06-17,42600
2022-06-18,-1
2022-06-19,-1
2022-06-20,41950
2022-06-21,42200
2022-06-22,40000
2022-06-23,40050
2022-06-24,40300
2022-06-25,-1
2022-06-26,-1
2022-06-27,39800
2022-06-28,40750
2022-06-29,39900
2022-06-30,39350
2022-10-01,-1
2022-10-02,-1
2022-10-03,-1
2022-10-04,37250
2022-10-05,38250
2022-10-06,37350
2022-10-07,37850
2022-10-08,-1
2022-10-09,-1
2022-10-10,-1
2022-10-11,36850
2022-10-12,37350
2022-10-13,37500
2022-10-14,38450
2022-10-15,-1
2022-10-16,-1
2022-10-17,38300
2022-10-18,39400
2022-10-19,39500
2022-10-20,39150
2022-10-21,38800
2022-10-22,-1
2022-10-23,-1
2022-10-24,37800
2022-10-25,38150
2022-10-26,39200
2022-10-27,41100
2022-10-28,41350
2022-10-29,-1
2022-10-30,-1
2022-10-31,41250
2022-11-01,41300
2022-11-02,41200
2022-11-03,40850
2022-11-04,40750
2022-11-05,-1
2022-11-06,-1
2022-11-07,40800
2022-11-08,40750
2022-11-09,41200
2022-11-10,40550
2022-11-11,41400
2022-11-12,-1
2022-11-13,-1
2022-11-14,41250
2022-11-15,40950
2022-11-16,41750
2022-11-17,41000
2022-11-18,41400
2022-11-19,-1
2022-11-20,-1
2022-11-21,41950
2022-11-22,42300
2022-11-23,42250
2022-11-24,43350
2022-11-25,43300
2022-11-26,-1
2022-11-27,-1
2022-11-28,41850
2022-11-29,43750
2022-11-30,44550
2022-12-01,46000
2022-12-02,45550
2022-12-03,-1
2022-12-04,-1
2022-12-05,45600
2022-12-06,45350
2022-12-07,44100
2022-12-08,44800
2022-12-09,46450
2022-12-10,-1
2022-12-11,-1
2022-12-12,47200
2022-12-13,46350
2022-12-14,46150
2022-12-15,44550
2022-12-16,44750
2022-12-17,-1
2022-12-18,-1
2022-12-19,44550
2022-12-20,44600
2022-12-21,45300
2022-12-22,45300
2022-12-23,44650
2022-12-24,-1
2022-12-25,-1
2022-12-26,44600
2022-12-27,45300
2022-12-28,42150
2022-12-29,42050
2022-12-30,-1
2022-12-31,-1
2023-07-01,-1
2023-07-02,-1
2023-07-03,40200
2023-07-04,39550
2023-07-05,39050
2023-07-06,38000
2023-07-07,37700
2023-07-08,-1
2023-07-09,-1
2023-07-10,37950
2023-07-11,38450
2023-07-12,38500
2023-07-13,38150
2023-07-14,39300
2023-07-15,-1
2023-07-16,-1
2023-07-17,39050
2023-07-18,39000
2023-07-19,38750
2023-07-20,38950
2023-07-21,39150
2023-07-22,-1
2023-07-23,-1
2023-07-24,38500
2023-07-25,38550
2023-07-26,39400
2023-07-27,41200
2023-07-28,39700
2023-07-29,-1
2023-07-30,-1
2023-07-31,39300
2023-08-01,39900
2023-08-02,39400
2023-08-03,38450
2023-08-04,38550
2023-08-05,-1
2023-08-06,-1
2023-08-07,38550
2023-08-08,38450
2023-08-09,37900
2023-08-10,37900
2023-08-11,38200
2023-08-12,-1
2023-08-13,-1
2023-08-14,38300
2023-08-15,-1
2023-08-16,37850
2023-08-17,38000
2023-08-18,37550
2023-08-19,-1
2023-08-20,-1
2023-08-21,38050
2023-08-22,38100
2023-08-23,38800
2023-08-24,38550
2023-08-25,38750
2023-08-26,-1
2023-08-27,-1
2023-08-28,39050
2023-08-29,39400
2023-08-30,39150
2023-08-31,39550
2023-09-01,39500
2023-09-02,-1
2023-09-03,-1
2023-09-04,39850
2023-09-05,39650
2023-09-06,39950
2023-09-07,40100
2023-09-08,40150
2023-09-09,-1
2023-09-10,-1
2023-09-11,40700
2023-09-12,40650
2023-09-13,41300
2023-09-14,41650
2023-09-15,43500
2023-09-16,-1
2023-09-17,-1
2023-09-18,43400
2023-09-19,43250
2023-09-20,44000
2023-09-21,44250
2023-09-22,44400
2023-09-23,-1
2023-09-24,-1
2023-09-25,43950
2023-09-26,42600
2023-09-27,42450
2023-09-28,-1
2023-09-29,-1
2023-09-30,-1
2023-10-01,-1
2023-10-02,-1
2023-10-03,-1
2023-10-04,41400
2023-10-05,40900
2023-10-06,42800
2023-10-07,-1
2023-10-08,-1
2023-10-09,-1
2023-10-10,43150
2023-10-11,42550
2023-10-12,43250
2023-10-13,43500
2023-10-14,-1
2023-10-15,-1
2023-10-16,43700
2023-10-17,43150
2023-10-18,44000
2023-10-19,43750
2023-10-20,43400
2023-10-21,-1
2023-10-22,-1
2023-10-23,42300
2023-10-24,42250
2023-10-25,42550
2023-10-26,41800
2023-10-27,41200
2023-10-28,-1
2023-10-29,-1
2023-10-30,39650
2023-10-31,39200
2023-11-01,39600
2023-11-02,39000
2023-11-03,40250
2023-11-04,-1
2023-11-05,-1
2023-11-06,42250
2023-11-07,40850
2023-11-08,40450
2023-11-09,40500
2023-11-10,40800
2023-11-11,-1
2023-11-12,-1
2023-11-13,40800
2023-11-14,41300
2023-11-15,41900
2023-11-16,42000
2023-11-17,41600
2023-11-18,-1
2023-11-19,-1
2023-11-20,41600
2023-11-21,41900
2023-11-22,41800
2023-11-23,42300
2023-11-24,41750
2023-11-25,-1
2023-11-26,-1
2023-11-27,41550
2023-11-28,41600
2023-11-29,41250
2023-11-30,41650
2023-12-01,41850
2023-12-02,-1
2023-12-03,-1
2023-12-04,41700
2023-12-05,41600
2023-12-06,41600
2023-12-07,41150
2023-12-08,41450
2023-12-09,-1
2023-12-10,-1
2023-12-11,41600
2023-12-12,42100
2023-12-13,41650
2023-12-14,41850
2023-12-15,42950
2023-12-16,-1
2023-12-17,-1
2023-12-18,42350
2023-12-19,42200
2023-12-20,43000
2023-12-21,43050
2023-12-22,42900
2023-12-23,-1
2023-12-24,-1
2023-12-25,-1
2023-12-26,43450
2023-12-27,42800
2023-12-28,43400
2023-12-29,-1
2023-12-30,-1
2023-12-31,-1
2024-01-01,-1
2024-01-02,42800
2024-01-03,42350
2024-01-04,41350
2024-01-05,41500
2024-01-06,-1
2024-01-07,-1
2024-01-08,41250
2024-01-09,41650
2024-01-10,41150
2024-01-11,41250
2024-01-12,41450
2024-01-13,-1
2024-01-14,-1
2024-01-15,42500
2024-01-16,41550
2024-01-17,41300
2024-01-18,41100
2024-01-19,41200
2024-01-20,-1
2024-01-21,-1
2024-01-22,41250
2024-01-23,42900
2024-01-24,43600
2024-01-25,43750
2024-01-26,44850
2024-01-27,-1
2024-01-28,-1
2024-01-29,46400
2024-01-30,46300
2024-01-31,47800
2024-02-01,52000
2024-02-02,55900
2024-02-03,-1
2024-02-04,-1
2024-02-05,55200
2024-02-06,54300
2024-02-07,55600
2024-02-08,56600
2024-02-09,-1
2024-02-10,-1
2024-02-11,-1
2024-02-12,-1
2024-02-13,55500
2024-02-14,53400
2024-02-15,53000
2024-02-16,55700
2024-02-17,-1
2024-02-18,-1
2024-02-19,58900
2024-02-20,56200
2024-02-21,56000
2024-02-22,57000
2024-02-23,58900
2024-02-24,-1
2024-02-25,-1
2024-02-26,55400
2024-02-27,54700
2024-02-28,55600
2024-02-29,56600
2024-03-01,-1
2024-03-02,-1
2024-03-03,-1
2024-03-04,60200
2024-03-05,59700
2024-03-06,59200
2024-03-07,59800
2024-03-08,59700
2024-03-09,-1
2024-03-10,-1
2024-03-11,59500
2024-03-12,59500
2024-03-13,60800
2024-03-14,64600
2024-03-15,62100
2024-03-16,-1
2024-03-17,-1
2024-03-18,62000
2024-03-19,61400
2024-03-20,62000
2024-03-21,63900
2024-03-22,64000
2024-03-23,-1
2024-03-24,-1
2024-03-25,62600
2024-03-26,61400
2024-03-27,58900
2024-03-28,58900
2024-03-29,57700
2024-03-30,-1
2024-03-31,-1
2024-04-01,56400
2024-04-02,56500
2024-04-03,55600
2024-04-04,58300
2024-04-05,57800
2024-04-06,-1
2024-04-07,-1
2024-04-08,59200
2024-04-09,58100
2024-04-10,-1
2024-04-11,58000
2024-04-12,55000
2024-04-13,-1
2024-04-14,-1
2024-04-15,55400
2024-04-16,53600
2024-04-17,52300
2024-04-18,53500
2024-04-19,52400
2024-04-20,-1
2024-04-21,-1
2024-04-22,57000
2024-04-23,57600
2024-04-24,56500
2024-04-25,56600
2024-04-26,60000
2024-04-27,-1
2024-04-28,-1
2024-04-29,59700
2024-04-30,58700
2024-05-01,-1
2024-05-02,57000
2024-05-03,58000
2024-05-04,-1
2024-05-05,-1
2024-05-06,-1
2024-05-07,58100
2024-05-08,60600
2024-05-09,59500
2024-05-10,62100
2024-05-11,-1
2024-05-12,-1
2024-05-13,63600
2024-05-14,61400
2024-05-15,-1
2024-05-16,63600
2024-05-17,63100
2024-05-18,-1
2024-05-19,-1
2024-05-20,64300
2024-05-21,63400
2024-05-22,62300
2024-05-23,61300
2024-05-24,61100
2024-05-25,-1
2024-05-26,-1
2024-05-27,62300
2024-05-28,61700
2024-05-29,61500
2024-05-30,60900
2024-05-31,61700
2024-06-01,-1
2024-06-02,-1
2024-06-03,62700
2024-06-04,60400
2024-06-05,59700
2024-06-06,-1
2024-06-07,60400
2024-06-08,-1
2024-06-09,-1
2024-06-10,59700
2024-06-11,59700
2024-06-12,60300
2024-06-13,59600
2024-06-14,58600
2024-06-15,-1
2024-06-16,-1
2024-06-17,58500
2024-06-18,58400
2024-06-19,59000
2024-06-20,60200
2024-06-21,59900
2024-06-22,-1
2024-06-23,-1
2024-06-24,59900
2024-06-25,60500
2024-06-26,60400
2024-06-27,60400
2024-06-28,60700
2024-06-29,-1
2024-06-30,-1
2024-07-01,60200
2024-07-02,62900
2024-07-03,64600
2024-07-04,65800
2024-07-05,66200
2024-07-06,-1
2024-07-07,-1
2024-07-08,64100
2024-07-09,62400
2024-07-10,61700
2024-07-11,62000
2024-07-12,62400
2024-07-13,-1
2024-07-14,-1
2024-07-15,62000
2024-07-16,62100
2024-07-17,62000
2024-07-18,61800
2024-07-19,62700
2024-07-20,-1
2024-07-21,-1
2024-07-22,63600
2024-07-23,63300
2024-07-24,61600
2024-07-25,60900
2024-07-26,63500
2024-07-27,-1
2024-07-28,-1
2024-07-29,63000
2024-07-30,64000
2024-07-31,64700
2024-08-01,64500
2024-08-02,62000
2024-08-03,-1
2024-08-04,-1
2024-08-05,56700
2024-08-06,57800
2024-08-07,59400
2024-08-08,59600
2024-08-09,60300
2024-08-10,-1
2024-08-11,-1
2024-08-12,60500
2024-08-13,60900
2024-08-14,61200
2024-08-15,-1
2024-08-16,61000
2024-08-17,-1
2024-08-18,-1
2024-08-19,62900
2024-08-20,64500
2024-08-21,65500
2024-08-22,66500
2024-08-23,67300
2024-08-24,-1
2024-08-25,-1
2024-08-26,68800
2024-08-27,66000
2024-08-28,63300
2024-08-29,63000
2024-08-30,61900
2024-08-31,-1
2024-09-01,-1
2024-09-02,63400
2024-09-03,63900
2024-09-04,62700
2024-09-05,62900
2024-09-06,62900
2024-09-07,-1
2024-09-08,-1
2024-09-09,61200
2024-09-10,61500
2024-09-11,57500
2024-09-12,58300
2024-09-13,60700
2024-09-14,-1
2024-09-15,-1
2024-09-16,-1
2024-09-17,-1
2024-09-18,-1
2024-09-19,61600
2024-09-20,61600
2024-09-21,-1
2024-09-22,-1
2024-09-23,61700
2024-09-24,59600
2024-09-25,57700
2024-09-26,60900
2024-09-27,60700
2024-09-28,-1
2024-09-29,-1
2024-09-30,58800
2024-10-01,-1
2024-10-02,59500
2024-10-03,-1
2024-10-04,59500
2024-10-05,-1
2024-10-06,-1
2024-10-07,61600
2024-10-08,61300
2024-10-09,-1
2024-10-10,61400
2024-10-11,61000
2024-10-12,-1
2024-10-13,-1
2024-10-14,63800
2024-10-15,64400
2024-10-16,65800
2024-10-17,65700
2024-10-18,65600
2024-10-19,-1
2024-10-20,-1
2024-10-21,64900
2024-10-22,64600
2024-10-23,64400
2024-10-24,63900
2024-10-25,66500
2024-10-26,-1
2024-10-27,-1
2024-10-28,65400
2024-10-29,65000
2024-10-30,62600
2024-10-31,59900
2024-11-01,61100
2024-11-02,-1
2024-11-03,-1
2024-11-04,60300
2024-11-05,60700
2024-11-06,61900
2024-11-07,61200
2024-11-08,61200
2024-11-09,-1
2024-11-10,-1
2024-11-11,61800
2024-11-12,61400
2024-11-13,60600
2024-11-14,59800
2024-11-15,59100
2024-11-16,-1
2024-11-17,-1
2024-11-18,60200
2024-11-19,59900
2024-11-20,61100
2024-11-21,61600
2024-11-22,62500
2024-11-23,-1
2024-11-24,-1
2024-11-25,62900
2024-11-26,62100
2024-11-27,63900
2024-11-28,63900
2024-11-29,62400
2024-11-30,-1
2024-12-01,-1
2024-12-02,63700
2024-12-03,66000
2024-12-04,61600
2024-12-05,59600
2024-12-06,60800
2024-12-07,-1
2024-12-08,-1
2024-12-09,57200
2024-12-10,57300
2024-12-11,59200
2024-12-12,60000
2024-12-13,59700
2024-12-14,-1
2024-12-15,-1
2024-12-16,58900
2024-12-17,58300
2024-12-18,59800
2024-12-19,58400
2024-12-20,56800
2024-12-21,-1
2024-12-22,-1
2024-12-23,59000
2024-12-24,58900
2024-12-25,-1
2024-12-26,58300
2024-12-27,57600
2024-12-28,-1
2024-12-29,-1
2024-12-30,56800
2024-12-31,-1
2025-04-01,61400
2025-04-02,60600
2025-04-03,58900
2025-04-04,58600
2025-04-05,-1
2025-04-06,-1
2025-04-07,55300
2025-04-08,54000
2025-04-09,52200
2025-04-10,55300
2025-04-11,55400
2025-04-12,-1
2025-04-13,-1
2025-04-14,55600
2025-04-15,57300
2025-04-16,57700
2025-04-17,57700
2025-04-18,58800
2025-04-19,-1
2025-04-20,-1
2025-04-21,59700
2025-04-22,59800
2025-04-23,60200
2025-04-24,60800
2025-04-25,61200
2025-04-26,-1
2025-04-27,-1
2025-04-28,62000
2025-04-29,62900
2025-04-30,64500
2025-05-01,-1
2025-05-02,64100
2025-05-03,-1
2025-05-04,-1
2025-05-05,-1
2025-05-06,-1
2025-05-07,65300
2025-05-08,64700
2025-05-09,63800
2025-05-10,-1
2025-05-11,-1
2025-05-12,64900
2025-05-13,64900
2025-05-14,65500
2025-05-15,65700
2025-05-16,66000
2025-05-17,-1
2025-05-18,-1
2025-05-19,66400
2025-05-20,67600
2025-05-21,67400
2025-05-22,67400
2025-05-23,68700
2025-05-24,-1
2025-05-25,-1
2025-05-26,70500
2025-05-27,70100
2025-05-28,69900
2025-05-29,72200
2025-05-30,72700
2025-05-31,-1
2025-06-01,-1
2025-06-02,70000
2025-06-03,-1
2025-06-04,74500
2025-06-05,73500
2025-06-06,-1
2025-06-07,-1
2025-06-08,-1
2025-06-09,77600
2025-06-10,78300
2025-06-11,77800
2025-06-12,77200
2025-06-13,78500
2025-06-14,-1
2025-06-15,-1
2025-06-16,79700
2025-06-17,79500
2025-06-18,78900
2025-06-19,78700
2025-06-20,80000
2025-06-21,-1
2025-06-22,-1
2025-06-23,79800
2025-06-24,82300
2025-06-25,83200
2025-06-26,83500
2025-06-27,84200
2025-06-28,-1
2025-06-29,-1
2025-06-30,86300
2025-07-01,88900
2025-07-02,85800
2025-07-03,87500
2025-07-04,85400
2025-07-05,-1
2025-07-06,-1
2025-07-07,85700
2025-07-08,94500
2025-07-09,94100
2025-07-10,92200
2025-07-11,93200
2025-07-12,-1
2025-07-13,-1
2025-07-14,95600
2025-07-15,96500
2025-07-16,91700
2025-07-17,91900
2025-07-18,91500
2025-07-19,-1
2025-07-20,-1
2025-07-21,91900
2025-07-22,91200
2025-07-23,90800
2025-07-24,91000
2025-07-25,92500
2025-07-26,-1
2025-07-27,-1
2025-07-28,84300
2025-07-29,86000
2025-07-30,86000
2025-07-31,85400
2025-08-01,82300
2025-08-02,-1
2025-08-03,-1
2025-08-04,82400
2025-08-05,84500
2025-08-06,85500
2025-08-07,85800
2025-08-08,84900
2025-08-09,-1
2025-08-10,-1
2025-08-11,84400
2025-08-12,85400
2025-08-13,85300
2025-08-14,86300
2025-08-15,-1
2025-08-16,-1
2025-08-17,-1
2025-08-18,82800
2025-08-19,82500
2025-08-20,82700
2025-08-21,82900
2025-08-22,82300
2025-08-23,-1
2025-08-24,-1
2025-08-25,82600
2025-08-26,81700
2025-08-27,82000
2025-08-28,82900
2025-08-29,82200
2025-08-30,-1
2025-08-31,-1
2025-09-01,81300
2025-09-02,82200
2025-09-03,83100
2025-09-04,81600
2025-09-05,81200
2025-09-06,-1
2025-09-07,-1
2025-09-08,81500
2025-09-09,83300
2025-09-10,87100
2025-09-11,87700
2025-09-12,88700
2025-09-13,-1
2025-09-14,-1
2025-09-15,90900
2025-09-16,90800
2025-09-17,90000
2025-09-18,90600
2025-09-19,90700
2025-09-20,-1
2025-09-21,-1
2025-09-22,90400
2025-09-23,89500
2025-09-24,89100
2025-09-25,88900
2025-09-26,87100
2025-09-27,-1
2025-09-28,-1
2025-09-29,88800
2025-09-30,87200
2026-01-01,-1
2026-01-02,93400
2026-01-03,-1
2026-01-04,-1
2026-01-05,94100
2026-01-06,94900
2026-01-07,93500
2026-01-08,91900
2026-01-09,92900
2026-01-10,-1
2026-01-11,-1
2026-01-12,94000
2026-01-13,94300
2026-01-14,96100
2026-01-15,96200
2026-01-16,96400
2026-01-17,-1
2026-01-18,-1
2026-01-19,96200
2026-01-20,100300
2026-01-21,99800
2026-01-22,100500
2026-01-23,101100
2026-01-24,-1
2026-01-25,-1
2026-01-26,101200
2026-01-27,105000
2026-01-28,102700
2026-01-29,103600
2026-01-30,100100
2026-01-31,-1
2026-02-01,-1
2026-02-02,103300
2026-02-03,110200
2026-02-04,112500
2026-02-05,114100
2026-02-06,114600
2026-02-07,-1
2026-02-08,-1
2026-02-09,118800
2026-02-10,122200
2026-02-11,125800
2026-02-12,130000
2026-02-13,127600
2026-02-14,-1
2026-02-15,-1
2026-02-16,-1
2026-02-17,-1
2026-02-18,-1
2026-02-19,126300
2026-02-20,131300
2026-02-21,-1
2026-02-22,-1
2026-02-23,129100
2026-02-24,126100
2026-02-25,126000
2026-02-26,124900
2026-02-27,121800
2026-02-28,-1
2026-03-01,-1
2026-03-02,-1
2026-03-03,120100
2026-03-04,105500
2026-03-05,111200
2026-03-06,110300
2026-03-07,-1
2026-03-08,-1
2026-03-09,107900
2026-03-10,109900
2026-03-11,113400
2026-03-12,112500
2026-03-13,108900
2026-03-14,-1
2026-03-15,-1
2026-03-16,108400
2026-03-17,109900
2026-03-18,114500
2026-03-19,113200
2026-03-20,113200
2026-03-21,-1
2026-03-22,-1
2026-03-23,106000
2026-03-24,106500
2026-03-25,108700
2026-03-26,108800
2026-03-27,110400
2026-03-28,-1
2026-03-29,-1
2026-03-30,107200
2026-03-31,106600
2026-04-01,112800
2026-04-02,110400
2026-04-03,109700
2026-04-04,-1
2026-04-05,-1
2026-04-06,112400
2026-04-07,111200
2026-04-08,117100
2026-04-09,117100
2026-04-10,119500
2026-04-11,-1
2026-04-12,-1
2026-04-13,120000
2026-04-14,120800
2026-04-15,121100
2026-04-16,122500
2026-04-17,123500
2026-04-18,-1
2026-04-19,-1
2026-04-20,122700
2026-04-21,123000
2026-04-22,119500
2026-04-23,120900
2026-04-24,123300
2026-04-25,-1
2026-04-26,-1
2026-04-27,124000
2026-04-28,127000
2026-04-29,127100
2026-04-30,127900
2026-05-01,-1
2026-05-02,-1
2026-05-03,-1
2026-05-04,126600
2026-05-05,-1
2026-05-06,125500
2026-05-07,128800
2026-05-08,126500
2026-05-09,-1
2026-05-10,-1
2026-05-11,126600
2026-05-12,123100
2026-05-13,122300
2026-05-14,126500
2026-05-15,119000
2026-05-16,-1
2026-05-17,-1
2026-05-18,114200
2026-05-19,115300
2026-05-20,115600
2026-05-21,119400
2026-05-22,122100
2026-05-23,-1
2026-05-24,-1
2026-05-25,-1
2026-05-26,120000
2026-05-27,118400
2026-05-28,115300
2026-05-29,115100
2026-05-30,-1
2026-05-31,-1
2026-06-01,113900
2026-06-02,117000
2026-06-03,-1
2026-06-04,120600
2026-06-05,123600
2026-06-06,-1
2026-06-07,-1
2026-06-08,112400
2026-06-09,119000
2026-06-10,117900
2026-06-11,114800
2026-06-12,121000
2026-06-13,-1
2026-06-14,-1
2026-06-15,129300
2026-06-16,132000
2026-06-17,126800
2026-06-18,126100
2026-06-19,123500
2026-06-20,-1
2026-06-21,-1
2026-06-22,119700
2026-06-23,115500
2026-06-24,114200
2026-06-25,114000
2026-06-26,109700
2026-06-27,-1
2026-06-28,-1
2026-06-29,114800
2026-06-30,114600
