Date,Close
1995-05-02,-1
1995-05-03,-1
1995-05-04,-1
1995-05-05,-1
1995-05-06,-1
1995-05-07,-1
1995-05-08,-1
1995-05-09,-1
1995-05-10,-1
1995-05-11,-1
1995-05-12,-1
1995-05-13,-1
1995-05-14,-1
1995-05-15,-1
1995-05-16,-1
1995-05-17,-1
1995-05-18,-1
1995-05-19,-1
1995-05-20,-1
1995-05-21,-1
1995-05-22,-1
1995-05-23,-1
1995-05-24,-1
1995-05-25,-1
1995-05-26,-1
1995-05-27,-1
1995-05-28,-1
1995-05-29,-1
1995-05-30,-1
1995-05-31,-1
1995-06-01,-1
1995-06-02,-1
1995-06-03,-1
1995-06-04,-1
1995-06-05,-1
1995-06-06,-1
1995-06-07,-1
1995-06-08,-1
1995-06-09,-1
1995-06-10,-1
1995-06-11,-1
1995-06-12,-1
1995-06-13,-1
1995-06-14,-1
1995-06-15,-1
1995-06-16,-1
1995-06-17,-1
1995-06-18,-1
1995-06-19,-1
1995-06-20,-1
1995-06-21,-1
1995-06-22,-1
1995-06-23,-1
1995-06-24,-1
1995-06-25,-1
1995-06-26,-1
1995-06-27,-1
1995-06-28,-1
1995-06-29,-1
1995-06-30,-1
1995-07-01,-1
1995-07-02,-1
1995-07-03,-1
1995-07-04,-1
1995-07-05,-1
1995-07-06,-1
1995-07-07,-1
1995-07-08,-1
1995-07-09,-1
1995-07-10,-1
1995-07-11,-1
1995-07-12,-1
1995-07-13,-1
1995-07-14,-1
1995-07-15,-1
1995-07-16,-1
1995-07-17,-1
1995-07-18,-1
1995-07-19,-1
1995-07-20,-1
1995-07-21,-1
1995-07-22,-1
1995-07-23,-1
1995-07-24,-1
1995-07-25,-1
1995-07-26,-1
1995-07-27,-1
1995-07-28,-1
1995-07-29,-1
1995-07-30,-1
1995-07-31,-1
1995-08-01,-1
1995-08-02,-1
1995-08-03,-1
1995-08-04,-1
1995-08-05,-1
1995-08-06,-1
1995-08-07,-1
1995-08-08,-1
1995-08-09,-1
1995-08-10,-1
1995-08-11,-1
1995-08-12,-1
1995-08-13,-1
1995-08-14,-1
1995-08-15,-1
1995-08-16,-1
1995-08-17,-1
1995-08-18,-1
1995-08-19,-1
1995-08-20,-1
1995-08-21,-1
1995-08-22,-1
1995-08-23,-1
1995-08-24,-1
1995-08-25,-1
1995-08-26,-1
1995-08-27,-1
1995-08-28,-1
1995-08-29,-1
1995-08-30,-1
1995-08-31,-1
1995-09-01,-1
1995-09-02,-1
1995-09-03,-1
1995-09-04,-1
1995-09-05,-1
1995-09-06,-1
1995-09-07,-1
1995-09-08,-1
1995-09-09,-1
1995-09-10,-1
1995-09-11,-1
1995-09-12,-1
1995-09-13,-1
1995-09-14,-1
1995-09-15,-1
1995-09-16,-1
1995-09-17,-1
1995-09-18,-1
1995-09-19,-1
1995-09-20,-1
1995-09-21,-1
1995-09-22,-1
1995-09-23,-1
1995-09-24,-1
1995-09-25,-1
1995-09-26,-1
1995-09-27,-1
1995-09-28,-1
1995-09-29,-1
1995-09-30,-1
1995-10-01,-1
1995-10-02,-1
1995-10-03,-1
1995-10-04,-1
1995-10-05,-1
1995-10-06,-1
1995-10-07,-1
1995-10-08,-1
1995-10-09,-1
1995-10-10,-1
1995-10-11,-1
1995-10-12,-1
1995-10-13,-1
1995-10-14,-1
1995-10-15,-1
1995-10-16,-1
1995-10-17,-1
1995-10-18,-1
1995-10-19,-1
1995-10-20,-1
1995-10-21,-1
1995-10-22,-1
1995-10-23,-1
1995-10-24,-1
1995-10-25,-1
1995-10-26,-1
1995-10-27,-1
1995-10-28,-1
1995-10-29,-1
1995-10-30,-1
1995-10-31,-1
1995-11-01,-1
1995-11-02,-1
1995-11-03,-1
1995-11-04,-1
1995-11-05,-1
1995-11-06,-1
1995-11-07,-1
1995-11-08,-1
1995-11-09,-1
1995-11-10,-1
1995-11-11,-1
1995-11-12,-1
1995-11-13,-1
1995-11-14,-1
1995-11-15,-1
1995-11-16,-1
1995-11-17,-1
1995-11-18,-1
1995-11-19,-1
1995-11-20,-1
1995-11-21,-1
1995-11-22,-1
1995-11-23,-1
1995-11-24,-1
1995-11-25,-1
1995-11-26,-1
1995-11-27,-1
1995-11-28,-1
1995-11-29,-1
1995-11-30,-1
1995-12-01,-1
1995-12-02,-1
1995-12-03,-1
1995-12-04,-1
1995-12-05,-1
1995-12-06,-1
1995-12-07,-1
1995-12-08,-1
1995-12-09,-1
1995-12-10,-1
1995-12-11,-1
1995-12-12,-1
1995-12-13,-1
1995-12-14,-1
1995-12-15,-1
1995-12-16,-1
1995-12-17,-1
1995-12-18,-1
1995-12-19,-1
1995-12-20,-1
1995-12-21,-1
1995-12-22,-1
1995-12-23,-1
1995-12-24,-1
1995-12-25,-1
1995-12-26,-1
1995-12-27,-1
1995-12-28,-1
1995-12-29,-1
1995-12-30,-1
1995-12-31,-1
1996-01-01,-1
1996-01-02,-1
1996-01-03,-1
1996-01-04,-1
1996-01-05,-1
1996-01-06,-1
1996-01-07,-1
1996-01-08,-1
1996-01-09,-1
1996-01-10,-1
1996-01-11,-1
1996-01-12,-1
1996-01-13,-1
1996-01-14,-1
1996-01-15,-1
1996-01-16,-1
1996-01-17,-1
1996-01-18,-1
1996-01-19,-1
1996-01-20,-1
1996-01-21,-1
1996-01-22,-1
1996-01-23,-1
1996-01-24,-1
1996-01-25,-1
1996-01-26,-1
1996-01-27,-1
1996-01-28,-1
1996-01-29,-1
1996-01-30,-1
1996-01-31,-1
1996-02-01,-1
1996-02-02,-1
1996-02-03,-1
1996-02-04,-1
1996-02-05,-1
1996-02-06,-1
1996-02-07,-1
1996-02-08,-1
1996-02-09,-1
1996-02-10,-1
1996-02-11,-1
1996-02-12,-1
1996-02-13,-1
1996-02-14,-1
1996-02-15,-1
1996-02-16,-1
1996-02-17,-1
1996-02-18,-1
1996-02-19,-1
1996-02-20,-1
1996-02-21,-1
1996-02-22,-1
1996-02-23,-1
1996-02-24,-1
1996-02-25,-1
1996-02-26,-1
1996-02-27,-1
1996-02-28,-1
1996-02-29,-1
1996-03-01,-1
1996-03-02,-1
1996-03-03,-1
1996-03-04,-1
1996-03-05,-1
1996-03-06,-1
1996-03-07,-1
1996-03-08,-1
1996-03-09,-1
1996-03-10,-1
1996-03-11,-1
1996-03-12,-1
1996-03-13,-1
1996-03-14,-1
1996-03-15,-1
1996-03-16,-1
1996-03-17,-1
1996-03-18,-1
1996-03-19,-1
1996-03-20,-1
1996-03-21,-1
1996-03-22,-1
1996-03-23,-1
1996-03-24,-1
1996-03-25,-1
1996-03-26,-1
1996-03-27,-1
1996-03-28,-1
1996-03-29,-1
1996-03-30,-1
1996-03-31,-1
1996-04-01,-1
1996-04-02,-1
1996-04-03,-1
1996-04-04,-1
1996-04-05,-1
1996-04-06,-1
1996-04-07,-1
1996-04-08,-1
1996-04-09,-1
1996-04-10,-1
1996-04-11,-1
1996-04-12,-1
1996-04-13,-1
1996-04-14,-1
1996-04-15,-1
1996-04-16,-1
1996-04-17,-1
1996-04-18,-1
1996-04-19,-1
1996-04-20,-1
1996-04-21,-1
1996-04-22,-1
1996-04-23,-1
1996-04-24,-1
1996-04-25,-1
1996-04-26,-1
1996-04-27,-1
1996-04-28,-1
1996-04-29,-1
1996-04-30,-1
1996-05-01,-1
1996-05-02,-1
1996-05-03,-1
1996-05-04,-1
1996-05-05,-1
1996-05-06,-1
1996-05-07,-1
1996-05-08,-1
1996-05-09,-1
1996-05-10,-1
1996-05-11,-1
1996-05-12,-1
1996-05-13,-1
1996-05-14,-1
1996-05-15,-1
1996-05-16,-1
1996-05-17,-1
1996-05-18,-1
1996-05-19,-1
1996-05-20,-1
1996-05-21,-1
1996-05-22,-1
1996-05-23,-1
1996-05-24,-1
1996-05-25,-1
1996-05-26,-1
1996-05-27,-1
1996-05-28,-1
1996-05-29,-1
1996-05-30,-1
1996-05-31,-1
1996-06-01,-1
1996-06-02,-1
1996-06-03,-1
1996-06-04,-1
1996-06-05,-1
1996-06-06,-1
1996-06-07,-1
1996-06-08,-1
1996-06-09,-1
1996-06-10,-1
1996-06-11,-1
1996-06-12,-1
1996-06-13,-1
1996-06-14,-1
1996-06-15,-1
1996-06-16,-1
1996-06-17,-1
1996-06-18,-1
1996-06-19,-1
1996-06-20,-1
1996-06-21,-1
1996-06-22,-1
1996-06-23,-1
1996-06-24,-1
1996-06-25,-1
1996-06-26,-1
1996-06-27,-1
1996-06-28,-1
1996-06-29,-1
1996-06-30,-1
1996-07-01,-1
1996-07-02,-1
1996-07-03,-1
1996-07-04,-1
1996-07-05,-1
1996-07-06,-1
1996-07-07,-1
1996-07-08,-1
1996-07-09,-1
1996-07-10,-1
1996-07-11,-1
1996-07-12,-1
1996-07-13,-1
1996-07-14,-1
1996-07-15,-1
1996-07-16,-1
1996-07-17,-1
1996-07-18,-1
1996-07-19,-1
1996-07-20,-1
1996-07-21,-1
1996-07-22,-1
1996-07-23,-1
1996-07-24,-1
1996-07-25,-1
1996-07-26,-1
1996-07-27,-1
1996-07-28,-1
1996-07-29,-1
1996-07-30,-1
1996-07-31,-1
1996-08-01,-1
1996-08-02,-1
1996-08-03,-1
1996-08-04,-1
1996-08-05,-1
1996-08-06,-1
1996-08-07,-1
1996-08-08,-1
1996-08-09,-1
1996-08-10,-1
1996-08-11,-1
1996-08-12,-1
1996-08-13,-1
1996-08-14,-1
1996-08-15,-1
1996-08-16,-1
1996-08-17,-1
1996-08-18,-1
1996-08-19,-1
1996-08-20,-1
1996-08-21,-1
1996-08-22,-1
1996-08-23,-1
1996-08-24,-1
1996-08-25,-1
1996-08-26,-1
1996-08-27,-1
1996-08-28,-1
1996-08-29,-1
1996-08-30,-1
1996-08-31,-1
1996-09-01,-1
1996-09-02,-1
1996-09-03,-1
1996-09-04,-1
1996-09-05,-1
1996-09-06,-1
1996-09-07,-1
1996-09-08,-1
1996-09-09,-1
1996-09-10,-1
1996-09-11,-1
1996-09-12,-1
1996-09-13,-1
1996-09-14,-1
1996-09-15,-1
1996-09-16,-1
1996-09-17,-1
1996-09-18,-1
1996-09-19,-1
1996-09-20,-1
1996-09-21,-1
1996-09-22,-1
1996-09-23,-1
1996-09-24,-1
1996-09-25,-1
1996-09-26,-1
1996-09-27,-1
1996-09-28,-1
1996-09-29,-1
1996-09-30,-1
1997-01-01,-1
1997-01-02,-1
1997-01-03,-1
1997-01-04,-1
1997-01-05,-1
1997-01-06,-1
1997-01-07,-1
1997-01-08,-1
1997-01-09,-1
1997-01-10,-1
1997-01-11,-1
1997-01-12,-1
1997-01-13,-1
1997-01-14,-1
1997-01-15,-1
1997-01-16,-1
1997-01-17,-1
1997-01-18,-1
1997-01-19,-1
1997-01-20,-1
1997-01-21,-1
1997-01-22,-1
1997-01-23,-1
1997-01-24,-1
1997-01-25,-1
1997-01-26,-1
1997-01-27,-1
1997-01-28,-1
1997-01-29,-1
1997-01-30,-1
1997-01-31,-1
1997-02-01,-1
1997-02-02,-1
1997-02-03,-1
1997-02-04,-1
1997-02-05,-1
1997-02-06,-1
1997-02-07,-1
1997-02-08,-1
1997-02-09,-1
1997-02-10,-1
1997-02-11,-1
1997-02-12,-1
1997-02-13,-1
1997-02-14,-1
1997-02-15,-1
1997-02-16,-1
1997-02-17,-1
1997-02-18,-1
1997-02-19,-1
1997-02-20,-1
1997-02-21,-1
1997-02-22,-1
1997-02-23,-1
1997-02-24,-1
1997-02-25,-1
1997-02-26,-1
1997-02-27,-1
1997-02-28,-1
1997-03-01,-1
1997-03-02,-1
1997-03-03,-1
1997-03-04,-1
1997-03-05,-1
1997-03-06,-1
1997-03-07,-1
1997-03-08,-1
1997-03-09,-1
1997-03-10,-1
1997-03-11,-1
1997-03-12,-1
1997-03-13,-1
1997-03-14,-1
1997-03-15,-1
1997-03-16,-1
1997-03-17,-1
1997-03-18,-1
1997-03-19,-1
1997-03-20,-1
1997-03-21,-1
1997-03-22,-1
1997-03-23,-1
1997-03-24,-1
1997-03-25,-1
1997-03-26,-1
1997-03-27,-1
1997-03-28,-1
1997-03-29,-1
1997-03-30,-1
1997-03-31,-1
1997-10-01,-1
1997-10-02,-1
1997-10-03,-1
1997-10-04,-1
1997-10-05,-1
1997-10-06,-1
1997-10-07,-1
1997-10-08,-1
1997-10-09,-1
1997-10-10,-1
1997-10-11,-1
1997-10-12,-1
1997-10-13,-1
1997-10-14,-1
1997-10-15,-1
1997-10-16,-1
1997-10-17,-1
1997-10-18,-1
1997-10-19,-1
1997-10-20,-1
1997-10-21,-1
1997-10-22,-1
1997-10-23,-1
1997-10-24,-1
1997-10-25,-1
1997-10-26,-1
1997-10-27,-1
1997-10-28,-1
1997-10-29,-1
1997-10-30,-1
1997-10-31,-1
1997-11-01,-1
1997-11-02,-1
1997-11-03,-1
1997-11-04,-1
1997-11-05,-1
1997-11-06,-1
1997-11-07,-1
1997-11-08,-1
1997-11-09,-1
1997-11-10,-1
1997-11-11,-1
1997-11-12,-1
1997-11-13,-1
1997-11-14,-1
1997-11-15,-1
1997-11-16,-1
1997-11-17,-1
1997-11-18,-1
1997-11-19,-1
1997-11-20,-1
1997-11-21,-1
1997-11-22,-1
1997-11-23,-1
1997-11-24,-1
1997-11-25,-1
1997-11-26,-1
1997-11-27,-1
1997-11-28,-1
1997-11-29,-1
1997-11-30,-1
1997-12-01,-1
1997-12-02,-1
1997-12-03,-1
1997-12-04,-1
1997-12-05,-1
1997-12-06,-1
1997-12-07,-1
1997-12-08,-1
1997-12-09,-1
1997-12-10,-1
1997-12-11,-1
1997-12-12,-1
1997-12-13,-1
1997-12-14,-1
1997-12-15,-1
1997-12-16,-1
1997-12-17,-1
1997-12-18,-1
1997-12-19,-1
1997-12-20,-1
1997-12-21,-1
1997-12-22,-1
1997-12-23,-1
1997-12-24,-1
1997-12-25,-1
1997-12-26,-1
1997-12-27,-1
1997-12-28,-1
1997-12-29,-1
1997-12-30,-1
1997-12-31,-1
1999-07-01,-1
1999-07-02,-1
1999-07-03,-1
1999-07-04,-1
1999-07-05,-1
1999-07-06,-1
1999-07-07,-1
1999-07-08,-1
1999-07-09,-1
1999-07-10,-1
1999-07-11,-1
1999-07-12,-1
1999-07-13,-1
1999-07-14,-1
1999-07-15,-1
1999-07-16,-1
1999-07-17,-1
1999-07-18,-1
1999-07-19,-1
1999-07-20,-1
1999-07-21,-1
1999-07-22,-1
1999-07-23,-1
1999-07-24,-1
1999-07-25,-1
1999-07-26,-1
1999-07-27,-1
1999-07-28,-1
1999-07-29,-1
1999-07-30,-1
1999-07-31,-1
1999-08-01,-1
1999-08-02,-1
1999-08-03,-1
1999-08-04,-1
1999-08-05,-1
1999-08-06,-1
1999-08-07,-1
1999-08-08,-1
1999-08-09,-1
1999-08-10,-1
1999-08-11,-1
1999-08-12,-1
1999-08-13,-1
1999-08-14,-1
1999-08-15,-1
1999-08-16,-1
1999-08-17,-1
1999-08-18,-1
1999-08-19,-1
1999-08-20,-1
1999-08-21,-1
1999-08-22,-1
1999-08-23,-1
1999-08-24,-1
1999-08-25,-1
1999-08-26,-1
1999-08-27,-1
1999-08-28,-1
1999-08-29,-1
1999-08-30,-1
1999-08-31,-1
1999-09-01,-1
1999-09-02,-1
1999-09-03,-1
1999-09-04,-1
1999-09-05,-1
1999-09-06,-1
1999-09-07,-1
1999-09-08,-1
1999-09-09,-1
1999-09-10,-1
1999-09-11,-1
1999-09-12,-1
1999-09-13,-1
1999-09-14,-1
1999-09-15,-1
1999-09-16,-1
1999-09-17,-1
1999-09-18,-1
1999-09-19,-1
1999-09-20,-1
1999-09-21,-1
1999-09-22,-1
1999-09-23,-1
1999-09-24,-1
1999-09-25,-1
1999-09-26,-1
1999-09-27,-1
1999-09-28,-1
1999-09-29,-1
1999-09-30,-1
1999-10-01,-1
1999-10-02,-1
1999-10-03,-1
1999-10-04,-1
1999-10-05,-1
1999-10-06,-1
1999-10-07,-1
1999-10-08,-1
1999-10-09,-1
1999-10-10,-1
1999-10-11,-1
1999-10-12,-1
1999-10-13,-1
1999-10-14,-1
1999-10-15,-1
1999-10-16,-1
1999-10-17,-1
1999-10-18,-1
1999-10-19,-1
1999-10-20,-1
1999-10-21,-1
1999-10-22,-1
1999-10-23,-1
1999-10-24,-1
1999-10-25,-1
1999-10-26,-1
1999-10-27,-1
1999-10-28,-1
1999-10-29,-1
1999-10-30,-1
1999-10-31,-1
1999-11-01,-1
1999-11-02,-1
1999-11-03,-1
1999-11-04,-1
1999-11-05,-1
1999-11-06,-1
1999-11-07,-1
1999-11-08,-1
1999-11-09,-1
1999-11-10,-1
1999-11-11,-1
1999-11-12,-1
1999-11-13,-1
1999-11-14,-1
1999-11-15,-1
1999-11-16,-1
1999-11-17,-1
1999-11-18,-1
1999-11-19,-1
1999-11-20,-1
1999-11-21,-1
1999-11-22,-1
1999-11-23,-1
1999-11-24,-1
1999-11-25,-1
1999-11-26,-1
1999-11-27,-1
1999-11-28,-1
1999-11-29,-1
1999-11-30,-1
1999-12-01,-1
1999-12-02,-1
1999-12-03,-1
1999-12-04,-1
1999-12-05,-1
1999-12-06,-1
1999-12-07,-1
1999-12-08,-1
1999-12-09,-1
1999-12-10,-1
1999-12-11,-1
1999-12-12,-1
1999-12-13,-1
1999-12-14,-1
1999-12-15,-1
1999-12-16,-1
1999-12-17,-1
1999-12-18,-1
1999-12-19,-1
1999-12-20,-1
1999-12-21,-1
1999-12-22,-1
1999-12-23,-1
1999-12-24,-1
1999-12-25,-1
1999-12-26,-1
1999-12-27,-1
1999-12-28,-1
1999-12-29,-1
1999-12-30,-1
1999-12-31,-1
2000-04-01,-1
2000-04-02,-1
2000-04-03,-1
2000-04-04,-1
2000-04-05,-1
2000-04-06,-1
2000-04-07,-1
2000-04-08,-1
2000-04-09,-1
2000-04-10,-1
2000-04-11,-1
2000-04-12,-1
2000-04-13,-1
2000-04-14,-1
2000-04-15,-1
2000-04-16,-1
2000-04-17,-1
2000-04-18,-1
2000-04-19,-1
2000-04-20,-1
2000-04-21,-1
2000-04-22,-1
2000-04-23,-1
2000-04-24,-1
2000-04-25,-1
2000-04-26,-1
2000-04-27,-1
2000-04-28,-1
2000-04-29,-1
2000-04-30,-1
2000-05-01,-1
2000-05-02,-1
2000-05-03,-1
2000-05-04,-1
2000-05-05,-1
2000-05-06,-1
2000-05-07,-1
2000-05-08,-1
2000-05-09,-1
2000-05-10,-1
2000-05-11,-1
2000-05-12,-1
2000-05-13,-1
2000-05-14,-1
2000-05-15,-1
2000-05-16,-1
2000-05-17,-1
2000-05-18,-1
2000-05-19,-1
2000-05-20,-1
2000-05-21,-1
2000-05-22,-1
2000-05-23,-1
2000-05-24,-1
2000-05-25,-1
2000-05-26,-1
2000-05-27,-1
2000-05-28,-1
2000-05-29,-1
2000-05-30,-1
2000-05-31,-1
2000-06-01,-1
2000-06-02,-1
2000-06-03,-1
2000-06-04,-1
2000-06-05,-1
2000-06-06,-1
2000-06-07,-1
2000-06-08,-1
2000-06-09,-1
2000-06-10,-1
2000-06-11,-1
2000-06-12,-1
2000-06-13,-1
2000-06-14,-1
2000-06-15,-1
2000-06-16,-1
2000-06-17,-1
2000-06-18,-1
2000-06-19,-1
2000-06-20,-1
2000-06-21,-1
2000-06-22,-1
2000-06-23,-1
2000-06-24,-1
2000-06-25,-1
2000-06-26,-1
2000-06-27,-1
2000-06-28,-1
2000-06-29,-1
2000-06-30,-1
2000-07-01,-1
2000-07-02,-1
2000-07-03,-1
2000-07-04,-1
2000-07-05,-1
2000-07-06,-1
2000-07-07,-1
2000-07-08,-1
2000-07-09,-1
2000-07-10,-1
2000-07-11,-1
2000-07-12,-1
2000-07-13,-1
2000-07-14,-1
2000-07-15,-1
2000-07-16,-1
2000-07-17,-1
2000-07-18,-1
2000-07-19,-1
2000-07-20,-1
2000-07-21,-1
2000-07-22,-1
2000-07-23,-1
2000-07-24,-1
2000-07-25,-1
2000-07-26,-1
2000-07-27,-1
2000-07-28,-1
2000-07-29,-1
2000-07-30,-1
2000-07-31,-1
2000-08-01,-1
2000-08-02,-1
2000-08-03,-1
2000-08-04,-1
2000-08-05,-1
2000-08-06,-1
2000-08-07,-1
2000-08-08,-1
2000-08-09,-1
2000-08-10,-1
2000-08-11,-1
2000-08-12,-1
2000-08-13,-1
2000-08-14,-1
2000-08-15,-1
2000-08-16,-1
2000-08-17,-1
2000-08-18,-1
2000-08-19,-1
2000-08-20,-1
2000-08-21,-1
2000-08-22,-1
2000-08-23,-1
2000-08-24,-1
2000-08-25,-1
2000-08-26,-1
2000-08-27,-1
2000-08-28,-1
2000-08-29,-1
2000-08-30,-1
2000-08-31,-1
2000-09-01,-1
2000-09-02,-1
2000-09-03,-1
2000-09-04,-1
2000-09-05,-1
2000-09-06,-1
2000-09-07,-1
2000-09-08,-1
2000-09-09,-1
2000-09-10,-1
2000-09-11,-1
2000-09-12,-1
2000-09-13,-1
2000-09-14,-1
2000-09-15,-1
2000-09-16,-1
2000-09-17,-1
2000-09-18,-1
2000-09-19,-1
2000-09-20,-1
2000-09-21,-1
2000-09-22,-1
2000-09-23,-1
2000-09-24,-1
2000-09-25,-1
2000-09-26,-1
2000-09-27,-1
2000-09-28,-1
2000-09-29,-1
2000-09-30,-1
2001-04-01,-1
2001-04-02,-1
2001-04-03,-1
2001-04-04,-1
2001-04-05,-1
2001-04-06,-1
2001-04-07,-1
2001-04-08,-1
2001-04-09,-1
2001-04-10,-1
2001-04-11,-1
2001-04-12,-1
2001-04-13,-1
2001-04-14,-1
2001-04-15,-1
2001-04-16,-1
2001-04-17,-1
2001-04-18,-1
2001-04-19,-1
2001-04-20,-1
2001-04-21,-1
2001-04-22,-1
2001-04-23,-1
2001-04-24,-1
2001-04-25,-1
2001-04-26,-1
2001-04-27,-1
2001-04-28,-1
2001-04-29,-1
2001-04-30,-1
2001-05-01,-1
2001-05-02,-1
2001-05-03,-1
2001-05-04,-1
2001-05-05,-1
2001-05-06,-1
2001-05-07,-1
2001-05-08,-1
2001-05-09,-1
2001-05-10,-1
2001-05-11,-1
2001-05-12,-1
2001-05-13,-1
2001-05-14,-1
2001-05-15,-1
2001-05-16,-1
2001-05-17,-1
2001-05-18,-1
2001-05-19,-1
2001-05-20,-1
2001-05-21,-1
2001-05-22,-1
2001-05-23,-1
2001-05-24,-1
2001-05-25,-1
2001-05-26,-1
2001-05-27,-1
2001-05-28,-1
2001-05-29,-1
2001-05-30,-1
2001-05-31,-1
2001-06-01,-1
2001-06-02,-1
2001-06-03,-1
2001-06-04,-1
2001-06-05,-1
2001-06-06,-1
2001-06-07,-1
2001-06-08,-1
2001-06-09,-1
2001-06-10,-1
2001-06-11,-1
2001-06-12,-1
2001-06-13,-1
2001-06-14,-1
2001-06-15,-1
2001-06-16,-1
2001-06-17,-1
2001-06-18,-1
2001-06-19,-1
2001-06-20,-1
2001-06-21,-1
2001-06-22,-1
2001-06-23,-1
2001-06-24,-1
2001-06-25,-1
2001-06-26,-1
2001-06-27,-1
2001-06-28,-1
2001-06-29,-1
2001-06-30,-1
2001-07-01,-1
2001-07-02,-1
2001-07-03,-1
2001-07-04,-1
2001-07-05,-1
2001-07-06,-1
2001-07-07,-1
2001-07-08,-1
2001-07-09,-1
2001-07-10,-1
2001-07-11,-1
2001-07-12,-1
2001-07-13,-1
2001-07-14,-1
2001-07-15,-1
2001-07-16,-1
2001-07-17,-1
2001-07-18,-1
2001-07-19,-1
2001-07-20,-1
2001-07-21,-1
2001-07-22,-1
2001-07-23,-1
2001-07-24,-1
2001-07-25,-1
2001-07-26,-1
2001-07-27,-1
2001-07-28,-1
2001-07-29,-1
2001-07-30,-1
2001-07-31,-1
2001-08-01,-1
2001-08-02,-1
2001-08-03,-1
2001-08-04,-1
2001-08-05,-1
2001-08-06,-1
2001-08-07,-1
2001-08-08,-1
2001-08-09,-1
2001-08-10,-1
2001-08-11,-1
2001-08-12,-1
2001-08-13,-1
2001-08-14,-1
2001-08-15,-1
2001-08-16,-1
2001-08-17,-1
2001-08-18,-1
2001-08-19,-1
2001-08-20,-1
2001-08-21,-1
2001-08-22,-1
2001-08-23,-1
2001-08-24,-1
2001-08-25,-1
2001-08-26,-1
2001-08-27,-1
2001-08-28,-1
2001-08-29,-1
2001-08-30,-1
2001-08-31,-1
2001-09-01,-1
2001-09-02,-1
2001-09-03,-1
2001-09-04,-1
2001-09-05,-1
2001-09-06,-1
2001-09-07,-1
2001-09-08,-1
2001-09-09,-1
2001-09-10,-1
2001-09-11,-1
2001-09-12,-1
2001-09-13,-1
2001-09-14,-1
2001-09-15,-1
2001-09-16,-1
2001-09-17,-1
2001-09-18,-1
2001-09-19,-1
2001-09-20,-1
2001-09-21,-1
2001-09-22,-1
2001-09-23,-1
2001-09-24,-1
2001-09-25,-1
2001-09-26,-1
2001-09-27,-1
2001-09-28,-1
2001-09-29,-1
2001-09-30,-1
2001-10-01,-1
2001-10-02,-1
2001-10-03,-1
2001-10-04,-1
2001-10-05,-1
2001-10-06,-1
2001-10-07,-1
2001-10-08,-1
2001-10-09,-1
2001-10-10,-1
2001-10-11,-1
2001-10-12,-1
2001-10-13,-1
2001-10-14,-1
2001-10-15,-1
2001-10-16,-1
2001-10-17,-1
2001-10-18,-1
2001-10-19,-1
2001-10-20,-1
2001-10-21,-1
2001-10-22,-1
2001-10-23,-1
2001-10-24,-1
2001-10-25,-1
2001-10-26,-1
2001-10-27,-1
2001-10-28,-1
2001-10-29,-1
2001-10-30,-1
2001-10-31,-1
2001-11-01,-1
2001-11-02,-1
2001-11-03,-1
2001-11-04,-1
2001-11-05,-1
2001-11-06,-1
2001-11-07,-1
2001-11-08,-1
2001-11-09,-1
2001-11-10,-1
2001-11-11,-1
2001-11-12,-1
2001-11-13,-1
2001-11-14,-1
2001-11-15,-1
2001-11-16,-1
2001-11-17,-1
2001-11-18,-1
2001-11-19,-1
2001-11-20,-1
2001-11-21,-1
2001-11-22,-1
2001-11-23,-1
2001-11-24,-1
2001-11-25,-1
2001-11-26,-1
2001-11-27,-1
2001-11-28,-1
2001-11-29,-1
2001-11-30,-1
2001-12-01,-1
2001-12-02,-1
2001-12-03,-1
2001-12-04,-1
2001-12-05,-1
2001-12-06,-1
2001-12-07,-1
2001-12-08,-1
2001-12-09,-1
2001-12-10,-1
2001-12-11,-1
2001-12-12,-1
2001-12-13,-1
2001-12-14,-1
2001-12-15,-1
2001-12-16,-1
2001-12-17,-1
2001-12-18,-1
2001-12-19,-1
2001-12-20,-1
2001-12-21,-1
2001-12-22,-1
2001-12-23,-1
2001-12-24,-1
2001-12-25,-1
2001-12-26,-1
2001-12-27,-1
2001-12-28,-1
2001-12-29,-1
2001-12-30,-1
2001-12-31,-1
2002-01-01,-1
2002-01-02,-1
2002-01-03,-1
2002-01-04,-1
2002-01-05,-1
2002-01-06,-1
2002-01-07,-1
2002-01-08,-1
2002-01-09,-1
2002-01-10,-1
2002-01-11,-1
2002-01-12,-1
2002-01-13,-1
2002-01-14,-1
2002-01-15,-1
2002-01-16,-1
2002-01-17,-1
2002-01-18,-1
2002-01-19,-1
2002-01-20,-1
2002-01-21,-1
2002-01-22,-1
2002-01-23,-1
2002-01-24,-1
2002-01-25,-1
2002-01-26,-1
2002-01-27,-1
2002-01-28,-1
2002-01-29,-1
2002-01-30,-1
2002-01-31,-1
2002-02-01,-1
2002-02-02,-1
2002-02-03,-1
2002-02-04,-1
2002-02-05,-1
2002-02-06,-1
2002-02-07,-1
2002-02-08,-1
2002-02-09,-1
2002-02-10,-1
2002-02-11,-1
2002-02-12,-1
2002-02-13,-1
2002-02-14,-1
2002-02-15,-1
2002-02-16,-1
2002-02-17,-1
2002-02-18,-1
2002-02-19,-1
2002-02-20,-1
2002-02-21,-1
2002-02-22,-1
2002-02-23,-1
2002-02-24,-1
2002-02-25,-1
2002-02-26,-1
2002-02-27,-1
2002-02-28,-1
2002-03-01,-1
2002-03-02,-1
2002-03-03,-1
2002-03-04,-1
2002-03-05,-1
2002-03-06,-1
2002-03-07,-1
2002-03-08,-1
2002-03-09,-1
2002-03-10,-1
2002-03-11,-1
2002-03-12,-1
2002-03-13,-1
2002-03-14,-1
2002-03-15,-1
2002-03-16,-1
2002-03-17,-1
2002-03-18,-1
2002-03-19,-1
2002-03-20,-1
2002-03-21,-1
2002-03-22,-1
2002-03-23,-1
2002-03-24,-1
2002-03-25,-1
2002-03-26,-1
2002-03-27,-1
2002-03-28,-1
2002-03-29,-1
2002-03-30,-1
2002-03-31,-1
2002-04-01,-1
2002-04-02,-1
2002-04-03,-1
2002-04-04,-1
2002-04-05,-1
2002-04-06,-1
2002-04-07,-1
2002-04-08,-1
2002-04-09,-1
2002-04-10,-1
2002-04-11,-1
2002-04-12,-1
2002-04-13,-1
2002-04-14,-1
2002-04-15,-1
2002-04-16,-1
2002-04-17,-1
2002-04-18,-1
2002-04-19,-1
2002-04-20,-1
2002-04-21,-1
2002-04-22,-1
2002-04-23,-1
2002-04-24,-1
2002-04-25,-1
2002-04-26,-1
2002-04-27,-1
2002-04-28,-1
2002-04-29,-1
2002-04-30,-1
2002-05-01,-1
2002-05-02,-1
2002-05-03,-1
2002-05-04,-1
2002-05-05,-1
2002-05-06,-1
2002-05-07,-1
2002-05-08,-1
2002-05-09,-1
2002-05-10,-1
2002-05-11,-1
2002-05-12,-1
2002-05-13,-1
2002-05-14,-1
2002-05-15,-1
2002-05-16,-1
2002-05-17,-1
2002-05-18,-1
2002-05-19,-1
2002-05-20,-1
2002-05-21,-1
2002-05-22,-1
2002-05-23,-1
2002-05-24,-1
2002-05-25,-1
2002-05-26,-1
2002-05-27,-1
2002-05-28,-1
2002-05-29,-1
2002-05-30,-1
2002-05-31,-1
2002-06-01,-1
2002-06-02,-1
2002-06-03,-1
2002-06-04,-1
2002-06-05,-1
2002-06-06,-1
2002-06-07,-1
2002-06-08,-1
2002-06-09,-1
2002-06-10,-1
2002-06-11,-1
2002-06-12,-1
2002-06-13,-1
2002-06-14,-1
2002-06-15,-1
2002-06-16,-1
2002-06-17,-1
2002-06-18,-1
2002-06-19,-1
2002-06-20,-1
2002-06-21,-1
2002-06-22,-1
2002-06-23,-1
2002-06-24,-1
2002-06-25,-1
2002-06-26,-1
2002-06-27,-1
2002-06-28,-1
2002-06-29,-1
2002-06-30,-1
2002-07-01,-1
2002-07-02,-1
2002-07-03,-1
2002-07-04,-1
2002-07-05,-1
2002-07-06,-1
2002-07-07,-1
2002-07-08,-1
2002-07-09,-1
2002-07-10,-1
2002-07-11,-1
2002-07-12,-1
2002-07-13,-1
2002-07-14,-1
2002-07-15,-1
2002-07-16,-1
2002-07-17,-1
2002-07-18,-1
2002-07-19,-1
2002-07-20,-1
2002-07-21,-1
2002-07-22,-1
2002-07-23,-1
2002-07-24,-1
2002-07-25,-1
2002-07-26,-1
2002-07-27,-1
2002-07-28,-1
2002-07-29,-1
2002-07-30,-1
2002-07-31,-1
2002-08-01,-1
2002-08-02,-1
2002-08-03,-1
2002-08-04,-1
2002-08-05,-1
2002-08-06,-1
2002-08-07,-1
2002-08-08,-1
2002-08-09,-1
2002-08-10,-1
2002-08-11,-1
2002-08-12,-1
2002-08-13,-1
2002-08-14,-1
2002-08-15,-1
2002-08-16,-1
2002-08-17,-1
2002-08-18,-1
2002-08-19,-1
2002-08-20,-1
2002-08-21,-1
2002-08-22,-1
2002-08-23,-1
2002-08-24,-1
2002-08-25,-1
2002-08-26,-1
2002-08-27,-1
2002-08-28,-1
2002-08-29,-1
2002-08-30,-1
2002-08-31,-1
2002-09-01,-1
2002-09-02,-1
2002-09-03,-1
2002-09-04,-1
2002-09-05,-1
2002-09-06,-1
2002-09-07,-1
2002-09-08,-1
2002-09-09,-1
2002-09-10,-1
2002-09-11,-1
2002-09-12,-1
2002-09-13,-1
2002-09-14,-1
2002-09-15,-1
2002-09-16,-1
2002-09-17,-1
2002-09-18,-1
2002-09-19,-1
2002-09-20,-1
2002-09-21,-1
2002-09-22,-1
2002-09-23,-1
2002-09-24,-1
2002-09-25,-1
2002-09-26,-1
2002-09-27,-1
2002-09-28,-1
2002-09-29,-1
2002-09-30,-1
2003-07-01,-1
2003-07-02,-1
2003-07-03,-1
2003-07-04,-1
2003-07-05,-1
2003-07-06,-1
2003-07-07,-1
2003-07-08,-1
2003-07-09,-1
2003-07-10,-1
2003-07-11,-1
2003-07-12,-1
2003-07-13,-1
2003-07-14,-1
2003-07-15,-1
2003-07-16,-1
2003-07-17,-1
2003-07-18,-1
2003-07-19,-1
2003-07-20,-1
2003-07-21,-1
2003-07-22,-1
2003-07-23,-1
2003-07-24,-1
2003-07-25,-1
2003-07-26,-1
2003-07-27,-1
2003-07-28,-1
2003-07-29,-1
2003-07-30,-1
2003-07-31,-1
2003-08-01,-1
2003-08-02,-1
2003-08-03,-1
2003-08-04,-1
2003-08-05,-1
2003-08-06,-1
2003-08-07,-1
2003-08-08,-1
2003-08-09,-1
2003-08-10,-1
2003-08-11,-1
2003-08-12,-1
2003-08-13,-1
2003-08-14,-1
2003-08-15,-1
2003-08-16,-1
2003-08-17,-1
2003-08-18,-1
2003-08-19,-1
2003-08-20,-1
2003-08-21,-1
2003-08-22,-1
2003-08-23,-1
2003-08-24,-1
2003-08-25,-1
2003-08-26,-1
2003-08-27,-1
2003-08-28,-1
2003-08-29,-1
2003-08-30,-1
2003-08-31,-1
2003-09-01,-1
2003-09-02,-1
2003-09-03,-1
2003-09-04,-1
2003-09-05,-1
2003-09-06,-1
2003-09-07,-1
2003-09-08,-1
2003-09-09,-1
2003-09-10,-1
2003-09-11,-1
2003-09-12,-1
2003-09-13,-1
2003-09-14,-1
2003-09-15,-1
2003-09-16,-1
2003-09-17,-1
2003-09-18,-1
2003-09-19,-1
2003-09-20,-1
2003-09-21,-1
2003-09-22,-1
2003-09-23,-1
2003-09-24,-1
2003-09-25,-1
2003-09-26,-1
2003-09-27,-1
2003-09-28,-1
2003-09-29,-1
2003-09-30,-1
2004-07-01,-1
2004-07-02,-1
2004-07-03,-1
2004-07-04,-1
2004-07-05,-1
2004-07-06,-1
2004-07-07,-1
2004-07-08,-1
2004-07-09,-1
2004-07-10,-1
2004-07-11,-1
2004-07-12,-1
2004-07-13,-1
2004-07-14,-1
2004-07-15,-1
2004-07-16,-1
2004-07-17,-1
2004-07-18,-1
2004-07-19,-1
2004-07-20,-1
2004-07-21,-1
2004-07-22,-1
2004-07-23,-1
2004-07-24,-1
2004-07-25,-1
2004-07-26,-1
2004-07-27,-1
2004-07-28,-1
2004-07-29,-1
2004-07-30,-1
2004-07-31,-1
2004-08-01,-1
2004-08-02,-1
2004-08-03,-1
2004-08-04,-1
2004-08-05,-1
2004-08-06,-1
2004-08-07,-1
2004-08-08,-1
2004-08-09,-1
2004-08-10,-1
2004-08-11,-1
2004-08-12,-1
2004-08-13,-1
2004-08-14,-1
2004-08-15,-1
2004-08-16,-1
2004-08-17,-1
2004-08-18,-1
2004-08-19,-1
2004-08-20,-1
2004-08-21,-1
2004-08-22,-1
2004-08-23,-1
2004-08-24,-1
2004-08-25,-1
2004-08-26,-1
2004-08-27,-1
2004-08-28,-1
2004-08-29,-1
2004-08-30,-1
2004-08-31,-1
2004-09-01,-1
2004-09-02,-1
2004-09-03,-1
2004-09-04,-1
2004-09-05,-1
2004-09-06,-1
2004-09-07,-1
2004-09-08,-1
2004-09-09,-1
2004-09-10,-1
2004-09-11,-1
2004-09-12,-1
2004-09-13,-1
2004-09-14,-1
2004-09-15,-1
2004-09-16,-1
2004-09-17,-1
2004-09-18,-1
2004-09-19,-1
2004-09-20,-1
2004-09-21,-1
2004-09-22,-1
2004-09-23,-1
2004-09-24,-1
2004-09-25,-1
2004-09-26,-1
2004-09-27,-1
2004-09-28,-1
2004-09-29,-1
2004-09-30,-1
2004-10-01,-1
2004-10-02,-1
2004-10-03,-1
2004-10-04,-1
2004-10-05,-1
2004-10-06,-1
2004-10-07,-1
2004-10-08,-1
2004-10-09,-1
2004-10-10,-1
2004-10-11,-1
2004-10-12,-1
2004-10-13,-1
2004-10-14,-1
2004-10-15,-1
2004-10-16,-1
2004-10-17,-1
2004-10-18,-1
2004-10-19,-1
2004-10-20,-1
2004-10-21,-1
2004-10-22,-1
2004-10-23,-1
2004-10-24,-1
2004-10-25,-1
2004-10-26,-1
2004-10-27,-1
2004-10-28,-1
2004-10-29,-1
2004-10-30,-1
2004-10-31,-1
2004-11-01,-1
2004-11-02,-1
2004-11-03,-1
2004-11-04,-1
2004-11-05,-1
2004-11-06,-1
2004-11-07,-1
2004-11-08,-1
2004-11-09,-1
2004-11-10,-1
2004-11-11,-1
2004-11-12,-1
2004-11-13,-1
2004-11-14,-1
2004-11-15,-1
2004-11-16,-1
2004-11-17,-1
2004-11-18,-1
2004-11-19,-1
2004-11-20,-1
2004-11-21,-1
2004-11-22,-1
2004-11-23,-1
2004-11-24,-1
2004-11-25,-1
2004-11-26,-1
2004-11-27,-1
2004-11-28,-1
2004-11-29,-1
2004-11-30,-1
2004-12-01,-1
2004-12-02,-1
2004-12-03,-1
2004-12-04,-1
2004-12-05,-1
2004-12-06,-1
2004-12-07,-1
2004-12-08,-1
2004-12-09,-1
2004-12-10,-1
2004-12-11,-1
2004-12-12,-1
2004-12-13,-1
2004-12-14,-1
2004-12-15,-1
2004-12-16,-1
2004-12-17,-1
2004-12-18,-1
2004-12-19,-1
2004-12-20,-1
2004-12-21,-1
2004-12-22,-1
2004-12-23,-1
2004-12-24,-1
2004-12-25,-1
2004-12-26,-1
2004-12-27,-1
2004-12-28,-1
2004-12-29,-1
2004-12-30,-1
2004-12-31,-1
2005-01-01,-1
2005-01-02,-1
2005-01-03,-1
2005-01-04,-1
2005-01-05,-1
2005-01-06,-1
2005-01-07,-1
2005-01-08,-1
2005-01-09,-1
2005-01-10,-1
2005-01-11,-1
2005-01-12,-1
2005-01-13,-1
2005-01-14,-1
2005-01-15,-1
2005-01-16,-1
2005-01-17,-1
2005-01-18,-1
2005-01-19,-1
2005-01-20,-1
2005-01-21,-1
2005-01-22,-1
2005-01-23,-1
2005-01-24,-1
2005-01-25,-1
2005-01-26,-1
2005-01-27,-1
2005-01-28,-1
2005-01-29,-1
2005-01-30,-1
2005-01-31,-1
2005-02-01,-1
2005-02-02,-1
2005-02-03,-1
2005-02-04,-1
2005-02-05,-1
2005-02-06,-1
2005-02-07,-1
2005-02-08,-1
2005-02-09,-1
2005-02-10,-1
2005-02-11,-1
2005-02-12,-1
2005-02-13,-1
2005-02-14,-1
2005-02-15,-1
2005-02-16,-1
2005-02-17,-1
2005-02-18,-1
2005-02-19,-1
2005-02-20,-1
2005-02-21,-1
2005-02-22,-1
2005-02-23,-1
2005-02-24,-1
2005-02-25,-1
2005-02-26,-1
2005-02-27,-1
2005-02-28,-1
2005-03-01,-1
2005-03-02,-1
2005-03-03,-1
2005-03-04,-1
2005-03-05,-1
2005-03-06,-1
2005-03-07,-1
2005-03-08,-1
2005-03-09,-1
2005-03-10,-1
2005-03-11,-1
2005-03-12,-1
2005-03-13,-1
2005-03-14,-1
2005-03-15,-1
2005-03-16,-1
2005-03-17,-1
2005-03-18,-1
2005-03-19,-1
2005-03-20,-1
2005-03-21,-1
2005-03-22,-1
2005-03-23,-1
2005-03-24,-1
2005-03-25,-1
2005-03-26,-1
2005-03-27,-1
2005-03-28,-1
2005-03-29,-1
2005-03-30,-1
2005-03-31,-1
2005-04-01,-1
2005-04-02,-1
2005-04-03,-1
2005-04-04,-1
2005-04-05,-1
2005-04-06,-1
2005-04-07,-1
2005-04-08,-1
2005-04-09,-1
2005-04-10,-1
2005-04-11,-1
2005-04-12,-1
2005-04-13,-1
2005-04-14,-1
2005-04-15,-1
2005-04-16,-1
2005-04-17,-1
2005-04-18,-1
2005-04-19,-1
2005-04-20,-1
2005-04-21,-1
2005-04-22,-1
2005-04-23,-1
2005-04-24,-1
2005-04-25,-1
2005-04-26,-1
2005-04-27,-1
2005-04-28,-1
2005-04-29,-1
2005-04-30,-1
2005-05-01,-1
2005-05-02,-1
2005-05-03,-1
2005-05-04,-1
2005-05-05,-1
2005-05-06,-1
2005-05-07,-1
2005-05-08,-1
2005-05-09,-1
2005-05-10,-1
2005-05-11,-1
2005-05-12,-1
2005-05-13,-1
2005-05-14,-1
2005-05-15,-1
2005-05-16,-1
2005-05-17,-1
2005-05-18,-1
2005-05-19,-1
2005-05-20,-1
2005-05-21,-1
2005-05-22,-1
2005-05-23,-1
2005-05-24,-1
2005-05-25,-1
2005-05-26,-1
2005-05-27,-1
2005-05-28,-1
2005-05-29,-1
2005-05-30,-1
2005-05-31,-1
2005-06-01,-1
2005-06-02,-1
2005-06-03,-1
2005-06-04,-1
2005-06-05,-1
2005-06-06,-1
2005-06-07,-1
2005-06-08,-1
2005-06-09,-1
2005-06-10,-1
2005-06-11,-1
2005-06-12,-1
2005-06-13,-1
2005-06-14,-1
2005-06-15,-1
2005-06-16,-1
2005-06-17,-1
2005-06-18,-1
2005-06-19,-1
2005-06-20,-1
2005-06-21,-1
2005-06-22,-1
2005-06-23,-1
2005-06-24,-1
2005-06-25,-1
2005-06-26,-1
2005-06-27,-1
2005-06-28,-1
2005-06-29,-1
2005-06-30,-1
2005-10-01,-1
2005-10-02,-1
2005-10-03,-1
2005-10-04,-1
2005-10-05,-1
2005-10-06,-1
2005-10-07,-1
2005-10-08,-1
2005-10-09,-1
2005-10-10,-1
2005-10-11,-1
2005-10-12,-1
2005-10-13,-1
2005-10-14,-1
2005-10-15,-1
2005-10-16,-1
2005-10-17,-1
2005-10-18,-1
2005-10-19,-1
2005-10-20,-1
2005-10-21,-1
2005-10-22,-1
2005-10-23,-1
2005-10-24,-1
2005-10-25,-1
2005-10-26,-1
2005-10-27,-1
2005-10-28,-1
2005-10-29,-1
2005-10-30,-1
2005-10-31,-1
2005-11-01,-1
2005-11-02,-1
2005-11-03,-1
2005-11-04,-1
2005-11-05,-1
2005-11-06,-1
2005-11-07,-1
2005-11-08,-1
2005-11-09,-1
2005-11-10,-1
2005-11-11,-1
2005-11-12,-1
2005-11-13,-1
2005-11-14,-1
2005-11-15,-1
2005-11-16,-1
2005-11-17,-1
2005-11-18,-1
2005-11-19,-1
2005-11-20,-1
2005-11-21,-1
2005-11-22,-1
2005-11-23,-1
2005-11-24,-1
2005-11-25,-1
2005-11-26,-1
2005-11-27,-1
2005-11-28,-1
2005-11-29,-1
2005-11-30,-1
2005-12-01,-1
2005-12-02,-1
2005-12-03,-1
2005-12-04,-1
2005-12-05,-1
2005-12-06,-1
2005-12-07,-1
2005-12-08,-1
2005-12-09,-1
2005-12-10,-1
2005-12-11,-1
2005-12-12,-1
2005-12-13,-1
2005-12-14,-1
2005-12-15,-1
2005-12-16,-1
2005-12-17,-1
2005-12-18,-1
2005-12-19,-1
2005-12-20,-1
2005-12-21,-1
2005-12-22,-1
2005-12-23,-1
2005-12-24,-1
2005-12-25,-1
2005-12-26,-1
2005-12-27,-1
2005-12-28,-1
2005-12-29,-1
2005-12-30,-1
2005-12-31,-1
2006-01-01,-1
2006-01-02,-1
2006-01-03,-1
2006-01-04,-1
2006-01-05,-1
2006-01-06,-1
2006-01-07,-1
2006-01-08,-1
2006-01-09,-1
2006-01-10,-1
2006-01-11,-1
2006-01-12,-1
2006-01-13,-1
2006-01-14,-1
2006-01-15,-1
2006-01-16,-1
2006-01-17,-1
2006-01-18,-1
2006-01-19,-1
2006-01-20,-1
2006-01-21,-1
2006-01-22,-1
2006-01-23,-1
2006-01-24,-1
2006-01-25,-1
2006-01-26,-1
2006-01-27,-1
2006-01-28,-1
2006-01-29,-1
2006-01-30,-1
2006-01-31,-1
2006-02-01,-1
2006-02-02,-1
2006-02-03,-1
2006-02-04,-1
2006-02-05,-1
2006-02-06,-1
2006-02-07,-1
2006-02-08,-1
2006-02-09,-1
2006-02-10,-1
2006-02-11,-1
2006-02-12,-1
2006-02-13,-1
2006-02-14,-1
2006-02-15,-1
2006-02-16,-1
2006-02-17,-1
2006-02-18,-1
2006-02-19,-1
2006-02-20,-1
2006-02-21,-1
2006-02-22,-1
2006-02-23,-1
2006-02-24,-1
2006-02-25,-1
2006-02-26,-1
2006-02-27,-1
2006-02-28,-1
2006-03-01,-1
2006-03-02,-1
2006-03-03,-1
2006-03-04,-1
2006-03-05,-1
2006-03-06,-1
2006-03-07,-1
2006-03-08,-1
2006-03-09,-1
2006-03-10,-1
2006-03-11,-1
2006-03-12,-1
2006-03-13,-1
2006-03-14,-1
2006-03-15,-1
2006-03-16,-1
2006-03-17,-1
2006-03-18,-1
2006-03-19,-1
2006-03-20,-1
2006-03-21,-1
2006-03-22,-1
2006-03-23,-1
2006-03-24,-1
2006-03-25,-1
2006-03-26,-1
2006-03-27,-1
2006-03-28,-1
2006-03-29,-1
2006-03-30,-1
2006-03-31,-1
2006-07-01,-1
2006-07-02,-1
2006-07-03,-1
2006-07-04,-1
2006-07-05,-1
2006-07-06,-1
2006-07-07,-1
2006-07-08,-1
2006-07-09,-1
2006-07-10,-1
2006-07-11,-1
2006-07-12,-1
2006-07-13,-1
2006-07-14,-1
2006-07-15,-1
2006-07-16,-1
2006-07-17,-1
2006-07-18,-1
2006-07-19,-1
2006-07-20,-1
2006-07-21,-1
2006-07-22,-1
2006-07-23,-1
2006-07-24,-1
2006-07-25,-1
2006-07-26,-1
2006-07-27,-1
2006-07-28,-1
2006-07-29,-1
2006-07-30,-1
2006-07-31,-1
2006-08-01,-1
2006-08-02,-1
2006-08-03,-1
2006-08-04,-1
2006-08-05,-1
2006-08-06,-1
2006-08-07,-1
2006-08-08,-1
2006-08-09,-1
2006-08-10,-1
2006-08-11,-1
2006-08-12,-1
2006-08-13,-1
2006-08-14,-1
2006-08-15,-1
2006-08-16,-1
2006-08-17,-1
2006-08-18,-1
2006-08-19,-1
2006-08-20,-1
2006-08-21,-1
2006-08-22,-1
2006-08-23,-1
2006-08-24,-1
2006-08-25,-1
2006-08-26,-1
2006-08-27,-1
2006-08-28,-1
2006-08-29,-1
2006-08-30,-1
2006-08-31,-1
2006-09-01,-1
2006-09-02,-1
2006-09-03,-1
2006-09-04,-1
2006-09-05,-1
2006-09-06,-1
2006-09-07,-1
2006-09-08,-1
2006-09-09,-1
2006-09-10,-1
2006-09-11,-1
2006-09-12,-1
2006-09-13,-1
2006-09-14,-1
2006-09-15,-1
2006-09-16,-1
2006-09-17,-1
2006-09-18,-1
2006-09-19,-1
2006-09-20,-1
2006-09-21,-1
2006-09-22,-1
2006-09-23,-1
2006-09-24,-1
2006-09-25,-1
2006-09-26,-1
2006-09-27,-1
2006-09-28,-1
2006-09-29,-1
2006-09-30,-1
2006-10-01,-1
2006-10-02,-1
2006-10-03,-1
2006-10-04,-1
2006-10-05,-1
2006-10-06,-1
2006-10-07,-1
2006-10-08,-1
2006-10-09,-1
2006-10-10,-1
2006-10-11,-1
2006-10-12,-1
2006-10-13,-1
2006-10-14,-1
2006-10-15,-1
2006-10-16,-1
2006-10-17,-1
2006-10-18,-1
2006-10-19,-1
2006-10-20,-1
2006-10-21,-1
2006-10-22,-1
2006-10-23,-1
2006-10-24,-1
2006-10-25,-1
2006-10-26,-1
2006-10-27,-1
2006-10-28,-1
2006-10-29,-1
2006-10-30,-1
2006-10-31,-1
2006-11-01,-1
2006-11-02,-1
2006-11-03,-1
2006-11-04,-1
2006-11-05,-1
2006-11-06,-1
2006-11-07,-1
2006-11-08,-1
2006-11-09,-1
2006-11-10,-1
2006-11-11,-1
2006-11-12,-1
2006-11-13,-1
2006-11-14,-1
2006-11-15,-1
2006-11-16,-1
2006-11-17,-1
2006-11-18,-1
2006-11-19,-1
2006-11-20,-1
2006-11-21,-1
2006-11-22,-1
2006-11-23,-1
2006-11-24,-1
2006-11-25,-1
2006-11-26,-1
2006-11-27,-1
2006-11-28,-1
2006-11-29,-1
2006-11-30,-1
2006-12-01,-1
2006-12-02,-1
2006-12-03,-1
2006-12-04,-1
2006-12-05,-1
2006-12-06,-1
2006-12-07,-1
2006-12-08,-1
2006-12-09,-1
2006-12-10,-1
2006-12-11,-1
2006-12-12,-1
2006-12-13,-1
2006-12-14,-1
2006-12-15,-1
2006-12-16,-1
2006-12-17,-1
2006-12-18,-1
2006-12-19,-1
2006-12-20,-1
2006-12-21,-1
2006-12-22,-1
2006-12-23,-1
2006-12-24,-1
2006-12-25,-1
2006-12-26,-1
2006-12-27,-1
2006-12-28,-1
2006-12-29,-1
2006-12-30,-1
2006-12-31,-1
2007-10-01,-1
2007-10-02,-1
2007-10-03,-1
2007-10-04,-1
2007-10-05,-1
2007-10-06,-1
2007-10-07,-1
2007-10-08,-1
2007-10-09,-1
2007-10-10,-1
2007-10-11,-1
2007-10-12,-1
2007-10-13,-1
2007-10-14,-1
2007-10-15,-1
2007-10-16,-1
2007-10-17,-1
2007-10-18,-1
2007-10-19,-1
2007-10-20,-1
2007-10-21,-1
2007-10-22,-1
2007-10-23,-1
2007-10-24,-1
2007-10-25,-1
2007-10-26,-1
2007-10-27,-1
2007-10-28,-1
2007-10-29,-1
2007-10-30,-1
2007-10-31,-1
2007-11-01,-1
2007-11-02,-1
2007-11-03,-1
2007-11-04,-1
2007-11-05,-1
2007-11-06,-1
2007-11-07,-1
2007-11-08,-1
2007-11-09,-1
2007-11-10,-1
2007-11-11,-1
2007-11-12,-1
2007-11-13,-1
2007-11-14,-1
2007-11-15,-1
2007-11-16,-1
2007-11-17,-1
2007-11-18,-1
2007-11-19,-1
2007-11-20,-1
2007-11-21,-1
2007-11-22,-1
2007-11-23,-1
2007-11-24,-1
2007-11-25,-1
2007-11-26,-1
2007-11-27,-1
2007-11-28,-1
2007-11-29,-1
2007-11-30,-1
2007-12-01,-1
2007-12-02,-1
2007-12-03,-1
2007-12-04,-1
2007-12-05,-1
2007-12-06,-1
2007-12-07,-1
2007-12-08,-1
2007-12-09,-1
2007-12-10,-1
2007-12-11,-1
2007-12-12,-1
2007-12-13,-1
2007-12-14,-1
2007-12-15,-1
2007-12-16,-1
2007-12-17,-1
2007-12-18,-1
2007-12-19,-1
2007-12-20,-1
2007-12-21,-1
2007-12-22,-1
2007-12-23,-1
2007-12-24,-1
2007-12-25,-1
2007-12-26,-1
2007-12-27,-1
2007-12-28,-1
2007-12-29,-1
2007-12-30,-1
2007-12-31,-1
2008-01-01,-1
2008-01-02,-1
2008-01-03,-1
2008-01-04,-1
2008-01-05,-1
2008-01-06,-1
2008-01-07,-1
2008-01-08,-1
2008-01-09,-1
2008-01-10,-1
2008-01-11,-1
2008-01-12,-1
2008-01-13,-1
2008-01-14,-1
2008-01-15,-1
2008-01-16,-1
2008-01-17,-1
2008-01-18,-1
2008-01-19,-1
2008-01-20,-1
2008-01-21,-1
2008-01-22,-1
2008-01-23,-1
2008-01-24,-1
2008-01-25,-1
2008-01-26,-1
2008-01-27,-1
2008-01-28,-1
2008-01-29,-1
2008-01-30,-1
2008-01-31,-1
2008-02-01,-1
2008-02-02,-1
2008-02-03,-1
2008-02-04,-1
2008-02-05,-1
2008-02-06,-1
2008-02-07,-1
2008-02-08,-1
2008-02-09,-1
2008-02-10,-1
2008-02-11,-1
2008-02-12,-1
2008-02-13,-1
2008-02-14,-1
2008-02-15,-1
2008-02-16,-1
2008-02-17,-1
2008-02-18,-1
2008-02-19,-1
2008-02-20,-1
2008-02-21,-1
2008-02-22,-1
2008-02-23,-1
2008-02-24,-1
2008-02-25,-1
2008-02-26,-1
2008-02-27,-1
2008-02-28,-1
2008-02-29,-1
2008-03-01,-1
2008-03-02,-1
2008-03-03,-1
2008-03-04,-1
2008-03-05,-1
2008-03-06,-1
2008-03-07,-1
2008-03-08,-1
2008-03-09,-1
2008-03-10,-1
2008-03-11,-1
2008-03-12,-1
2008-03-13,-1
2008-03-14,-1
2008-03-15,-1
2008-03-16,-1
2008-03-17,-1
2008-03-18,-1
2008-03-19,-1
2008-03-20,-1
2008-03-21,-1
2008-03-22,-1
2008-03-23,-1
2008-03-24,-1
2008-03-25,-1
2008-03-26,-1
2008-03-27,-1
2008-03-28,-1
2008-03-29,-1
2008-03-30,-1
2008-03-31,-1
2008-04-01,-1
2008-04-02,-1
2008-04-03,-1
2008-04-04,-1
2008-04-05,-1
2008-04-06,-1
2008-04-07,-1
2008-04-08,-1
2008-04-09,-1
2008-04-10,-1
2008-04-11,-1
2008-04-12,-1
2008-04-13,-1
2008-04-14,-1
2008-04-15,-1
2008-04-16,-1
2008-04-17,-1
2008-04-18,-1
2008-04-19,-1
2008-04-20,-1
2008-04-21,-1
2008-04-22,-1
2008-04-23,-1
2008-04-24,-1
2008-04-25,-1
2008-04-26,-1
2008-04-27,-1
2008-04-28,-1
2008-04-29,-1
2008-04-30,-1
2008-05-01,-1
2008-05-02,-1
2008-05-03,-1
2008-05-04,-1
2008-05-05,-1
2008-05-06,-1
2008-05-07,-1
2008-05-08,-1
2008-05-09,-1
2008-05-10,-1
2008-05-11,-1
2008-05-12,-1
2008-05-13,-1
2008-05-14,-1
2008-05-15,-1
2008-05-16,-1
2008-05-17,-1
2008-05-18,-1
2008-05-19,-1
2008-05-20,-1
2008-05-21,-1
2008-05-22,-1
2008-05-23,-1
2008-05-24,-1
2008-05-25,-1
2008-05-26,-1
2008-05-27,-1
2008-05-28,-1
2008-05-29,-1
2008-05-30,-1
2008-05-31,-1
2008-06-01,-1
2008-06-02,-1
2008-06-03,-1
2008-06-04,-1
2008-06-05,-1
2008-06-06,-1
2008-06-07,-1
2008-06-08,-1
2008-06-09,-1
2008-06-10,-1
2008-06-11,-1
2008-06-12,-1
2008-06-13,-1
2008-06-14,-1
2008-06-15,-1
2008-06-16,-1
2008-06-17,-1
2008-06-18,-1
2008-06-19,-1
2008-06-20,-1
2008-06-21,-1
2008-06-22,-1
2008-06-23,-1
2008-06-24,-1
2008-06-25,-1
2008-06-26,-1
2008-06-27,-1
2008-06-28,-1
2008-06-29,-1
2008-06-30,-1
2009-01-01,-1
2009-01-02,-1
2009-01-03,-1
2009-01-04,-1
2009-01-05,-1
2009-01-06,-1
2009-01-07,-1
2009-01-08,-1
2009-01-09,-1
2009-01-10,-1
2009-01-11,-1
2009-01-12,-1
2009-01-13,-1
2009-01-14,-1
2009-01-15,-1
2009-01-16,-1
2009-01-17,-1
2009-01-18,-1
2009-01-19,-1
2009-01-20,-1
2009-01-21,-1
2009-01-22,-1
2009-01-23,-1
2009-01-24,-1
2009-01-25,-1
2009-01-26,-1
2009-01-27,-1
2009-01-28,-1
2009-01-29,-1
2009-01-30,-1
2009-01-31,-1
2009-02-01,-1
2009-02-02,-1
2009-02-03,-1
2009-02-04,-1
2009-02-05,-1
2009-02-06,-1
2009-02-07,-1
2009-02-08,-1
2009-02-09,-1
2009-02-10,-1
2009-02-11,-1
2009-02-12,-1
2009-02-13,-1
2009-02-14,-1
2009-02-15,-1
2009-02-16,-1
2009-02-17,-1
2009-02-18,-1
2009-02-19,-1
2009-02-20,-1
2009-02-21,-1
2009-02-22,-1
2009-02-23,-1
2009-02-24,-1
2009-02-25,-1
2009-02-26,-1
2009-02-27,-1
2009-02-28,-1
2009-03-01,-1
2009-03-02,-1
2009-03-03,-1
2009-03-04,-1
2009-03-05,-1
2009-03-06,-1
2009-03-07,-1
2009-03-08,-1
2009-03-09,-1
2009-03-10,-1
2009-03-11,-1
2009-03-12,-1
2009-03-13,-1
2009-03-14,-1
2009-03-15,-1
2009-03-16,-1
2009-03-17,-1
2009-03-18,-1
2009-03-19,-1
2009-03-20,-1
2009-03-21,-1
2009-03-22,-1
2009-03-23,-1
2009-03-24,-1
2009-03-25,-1
2009-03-26,-1
2009-03-27,-1
2009-03-28,-1
2009-03-29,-1
2009-03-30,-1
2009-03-31,-1
2009-04-01,-1
2009-04-02,-1
2009-04-03,-1
2009-04-04,-1
2009-04-05,-1
2009-04-06,-1
2009-04-07,-1
2009-04-08,-1
2009-04-09,-1
2009-04-10,-1
2009-04-11,-1
2009-04-12,-1
2009-04-13,-1
2009-04-14,-1
2009-04-15,-1
2009-04-16,-1
2009-04-17,-1
2009-04-18,-1
2009-04-19,-1
2009-04-20,-1
2009-04-21,-1
2009-04-22,-1
2009-04-23,-1
2009-04-24,-1
2009-04-25,-1
2009-04-26,-1
2009-04-27,-1
2009-04-28,-1
2009-04-29,-1
2009-04-30,-1
2009-05-01,-1
2009-05-02,-1
2009-05-03,-1
2009-05-04,-1
2009-05-05,-1
2009-05-06,-1
2009-05-07,-1
2009-05-08,-1
2009-05-09,-1
2009-05-10,-1
2009-05-11,-1
2009-05-12,-1
2009-05-13,-1
2009-05-14,-1
2009-05-15,-1
2009-05-16,-1
2009-05-17,-1
2009-05-18,-1
2009-05-19,-1
2009-05-20,-1
2009-05-21,-1
2009-05-22,-1
2009-05-23,-1
2009-05-24,-1
2009-05-25,-1
2009-05-26,-1
2009-05-27,-1
2009-05-28,-1
2009-05-29,-1
2009-05-30,-1
2009-05-31,-1
2009-06-01,-1
2009-06-02,-1
2009-06-03,-1
2009-06-04,-1
2009-06-05,-1
2009-06-06,-1
2009-06-07,-1
2009-06-08,-1
2009-06-09,-1
2009-06-10,-1
2009-06-11,-1
2009-06-12,-1
2009-06-13,-1
2009-06-14,-1
2009-06-15,-1
2009-06-16,-1
2009-06-17,-1
2009-06-18,-1
2009-06-19,-1
2009-06-20,-1
2009-06-21,-1
2009-06-22,-1
2009-06-23,-1
2009-06-24,-1
2009-06-25,-1
2009-06-26,-1
2009-06-27,-1
2009-06-28,-1
2009-06-29,-1
2009-06-30,-1
2010-01-01,-1
2010-01-02,-1
2010-01-03,-1
2010-01-04,-1
2010-01-05,-1
2010-01-06,-1
2010-01-07,-1
2010-01-08,-1
2010-01-09,-1
2010-01-10,-1
2010-01-11,-1
2010-01-12,-1
2010-01-13,-1
2010-01-14,-1
2010-01-15,-1
2010-01-16,-1
2010-01-17,-1
2010-01-18,-1
2010-01-19,-1
2010-01-20,-1
2010-01-21,-1
2010-01-22,-1
2010-01-23,-1
2010-01-24,-1
2010-01-25,-1
2010-01-26,-1
2010-01-27,-1
2010-01-28,-1
2010-01-29,-1
2010-01-30,-1
2010-01-31,-1
2010-02-01,-1
2010-02-02,-1
2010-02-03,-1
2010-02-04,-1
2010-02-05,-1
2010-02-06,-1
2010-02-07,-1
2010-02-08,-1
2010-02-09,-1
2010-02-10,-1
2010-02-11,-1
2010-02-12,-1
2010-02-13,-1
2010-02-14,-1
2010-02-15,-1
2010-02-16,-1
2010-02-17,-1
2010-02-18,-1
2010-02-19,-1
2010-02-20,-1
2010-02-21,-1
2010-02-22,-1
2010-02-23,-1
2010-02-24,-1
2010-02-25,-1
2010-02-26,-1
2010-02-27,-1
2010-02-28,-1
2010-03-01,-1
2010-03-02,-1
2010-03-03,-1
2010-03-04,-1
2010-03-05,-1
2010-03-06,-1
2010-03-07,-1
2010-03-08,-1
2010-03-09,-1
2010-03-10,-1
2010-03-11,-1
2010-03-12,-1
2010-03-13,-1
2010-03-14,-1
2010-03-15,-1
2010-03-16,-1
2010-03-17,-1
2010-03-18,-1
2010-03-19,-1
2010-03-20,-1
2010-03-21,-1
2010-03-22,-1
2010-03-23,-1
2010-03-24,-1
2010-03-25,-1
2010-03-26,-1
2010-03-27,-1
2010-03-28,-1
2010-03-29,-1
2010-03-30,-1
2010-03-31,-1
2011-01-01,-1
2011-01-02,-1
2011-01-03,-1
2011-01-04,-1
2011-01-05,-1
2011-01-06,-1
2011-01-07,-1
2011-01-08,-1
2011-01-09,-1
2011-01-10,-1
2011-01-11,-1
2011-01-12,-1
2011-01-13,-1
2011-01-14,-1
2011-01-15,-1
2011-01-16,-1
2011-01-17,-1
2011-01-18,-1
2011-01-19,-1
2011-01-20,-1
2011-01-21,-1
2011-01-22,-1
2011-01-23,-1
2011-01-24,-1
2011-01-25,-1
2011-01-26,-1
2011-01-27,-1
2011-01-28,-1
2011-01-29,-1
2011-01-30,-1
2011-01-31,-1
2011-02-01,-1
2011-02-02,-1
2011-02-03,-1
2011-02-04,-1
2011-02-05,-1
2011-02-06,-1
2011-02-07,-1
2011-02-08,-1
2011-02-09,-1
2011-02-10,-1
2011-02-11,-1
2011-02-12,-1
2011-02-13,-1
2011-02-14,-1
2011-02-15,-1
2011-02-16,-1
2011-02-17,-1
2011-02-18,-1
2011-02-19,-1
2011-02-20,-1
2011-02-21,-1
2011-02-22,-1
2011-02-23,-1
2011-02-24,-1
2011-02-25,-1
2011-02-26,-1
2011-02-27,-1
2011-02-28,-1
2011-03-01,-1
2011-03-02,-1
2011-03-03,-1
2011-03-04,-1
2011-03-05,-1
2011-03-06,-1
2011-03-07,-1
2011-03-08,-1
2011-03-09,-1
2011-03-10,-1
2011-03-11,-1
2011-03-12,-1
2011-03-13,-1
2011-03-14,-1
2011-03-15,-1
2011-03-16,-1
2011-03-17,-1
2011-03-18,-1
2011-03-19,-1
2011-03-20,-1
2011-03-21,-1
2011-03-22,-1
2011-03-23,-1
2011-03-24,-1
2011-03-25,-1
2011-03-26,-1
2011-03-27,-1
2011-03-28,-1
2011-03-29,-1
2011-03-30,-1
2011-03-31,-1
2012-04-01,-1
2012-04-02,-1
2012-04-03,-1
2012-04-04,-1
2012-04-05,-1
2012-04-06,-1
2012-04-07,-1
2012-04-08,-1
2012-04-09,-1
2012-04-10,-1
2012-04-11,-1
2012-04-12,-1
2012-04-13,-1
2012-04-14,-1
2012-04-15,-1
2012-04-16,-1
2012-04-17,-1
2012-04-18,-1
2012-04-19,-1
2012-04-20,-1
2012-04-21,-1
2012-04-22,-1
2012-04-23,-1
2012-04-24,-1
2012-04-25,-1
2012-04-26,-1
2012-04-27,-1
2012-04-28,-1
2012-04-29,-1
2012-04-30,-1
2012-05-01,-1
2012-05-02,-1
2012-05-03,-1
2012-05-04,-1
2012-05-05,-1
2012-05-06,-1
2012-05-07,-1
2012-05-08,-1
2012-05-09,-1
2012-05-10,-1
2012-05-11,-1
2012-05-12,-1
2012-05-13,-1
2012-05-14,-1
2012-05-15,-1
2012-05-16,-1
2012-05-17,-1
2012-05-18,-1
2012-05-19,-1
2012-05-20,-1
2012-05-21,-1
2012-05-22,-1
2012-05-23,-1
2012-05-24,-1
2012-05-25,-1
2012-05-26,-1
2012-05-27,-1
2012-05-28,-1
2012-05-29,-1
2012-05-30,-1
2012-05-31,-1
2012-06-01,-1
2012-06-02,-1
2012-06-03,-1
2012-06-04,-1
2012-06-05,-1
2012-06-06,-1
2012-06-07,-1
2012-06-08,-1
2012-06-09,-1
2012-06-10,-1
2012-06-11,-1
2012-06-12,-1
2012-06-13,-1
2012-06-14,-1
2012-06-15,-1
2012-06-16,-1
2012-06-17,-1
2012-06-18,-1
2012-06-19,-1
2012-06-20,-1
2012-06-21,-1
2012-06-22,-1
2012-06-23,-1
2012-06-24,-1
2012-06-25,-1
2012-06-26,-1
2012-06-27,-1
2012-06-28,-1
2012-06-29,-1
2012-06-30,-1
2012-07-01,-1
2012-07-02,-1
2012-07-03,-1
2012-07-04,-1
2012-07-05,-1
2012-07-06,-1
2012-07-07,-1
2012-07-08,-1
2012-07-09,-1
2012-07-10,-1
2012-07-11,-1
2012-07-12,-1
2012-07-13,-1
2012-07-14,-1
2012-07-15,-1
2012-07-16,-1
2012-07-17,-1
2012-07-18,-1
2012-07-19,-1
2012-07-20,-1
2012-07-21,-1
2012-07-22,-1
2012-07-23,-1
2012-07-24,-1
2012-07-25,-1
2012-07-26,-1
2012-07-27,-1
2012-07-28,-1
2012-07-29,-1
2012-07-30,-1
2012-07-31,-1
2012-08-01,-1
2012-08-02,-1
2012-08-03,-1
2012-08-04,-1
2012-08-05,-1
2012-08-06,-1
2012-08-07,-1
2012-08-08,-1
2012-08-09,-1
2012-08-10,-1
2012-08-11,-1
2012-08-12,-1
2012-08-13,-1
2012-08-14,-1
2012-08-15,-1
2012-08-16,-1
2012-08-17,-1
2012-08-18,-1
2012-08-19,-1
2012-08-20,-1
2012-08-21,-1
2012-08-22,-1
2012-08-23,-1
2012-08-24,-1
2012-08-25,-1
2012-08-26,-1
2012-08-27,-1
2012-08-28,-1
2012-08-29,-1
2012-08-30,-1
2012-08-31,-1
2012-09-01,-1
2012-09-02,-1
2012-09-03,-1
2012-09-04,-1
2012-09-05,-1
2012-09-06,-1
2012-09-07,-1
2012-09-08,-1
2012-09-09,-1
2012-09-10,-1
2012-09-11,-1
2012-09-12,-1
2012-09-13,-1
2012-09-14,-1
2012-09-15,-1
2012-09-16,-1
2012-09-17,-1
2012-09-18,-1
2012-09-19,-1
2012-09-20,-1
2012-09-21,-1
2012-09-22,-1
2012-09-23,-1
2012-09-24,-1
2012-09-25,-1
2012-09-26,-1
2012-09-27,-1
2012-09-28,-1
2012-09-29,-1
2012-09-30,-1
2012-10-01,-1
2012-10-02,-1
2012-10-03,-1
2012-10-04,-1
2012-10-05,-1
2012-10-06,-1
2012-10-07,-1
2012-10-08,-1
2012-10-09,-1
2012-10-10,-1
2012-10-11,-1
2012-10-12,-1
2012-10-13,-1
2012-10-14,-1
2012-10-15,-1
2012-10-16,-1
2012-10-17,-1
2012-10-18,-1
2012-10-19,-1
2012-10-20,-1
2012-10-21,-1
2012-10-22,-1
2012-10-23,-1
2012-10-24,-1
2012-10-25,-1
2012-10-26,-1
2012-10-27,-1
2012-10-28,-1
2012-10-29,-1
2012-10-30,-1
2012-10-31,-1
2012-11-01,-1
2012-11-02,-1
2012-11-03,-1
2012-11-04,-1
2012-11-05,-1
2012-11-06,-1
2012-11-07,-1
2012-11-08,-1
2012-11-09,-1
2012-11-10,-1
2012-11-11,-1
2012-11-12,-1
2012-11-13,-1
2012-11-14,-1
2012-11-15,-1
2012-11-16,-1
2012-11-17,-1
2012-11-18,-1
2012-11-19,-1
2012-11-20,-1
2012-11-21,-1
2012-11-22,-1
2012-11-23,-1
2012-11-24,-1
2012-11-25,-1
2012-11-26,-1
2012-11-27,-1
2012-11-28,-1
2012-11-29,-1
2012-11-30,-1
2012-12-01,-1
2012-12-02,-1
2012-12-03,-1
2012-12-04,-1
2012-12-05,-1
2012-12-06,-1
2012-12-07,-1
2012-12-08,-1
2012-12-09,-1
2012-12-10,-1
2012-12-11,-1
2012-12-12,-1
2012-12-13,-1
2012-12-14,-1
2012-12-15,-1
2012-12-16,-1
2012-12-17,-1
2012-12-18,-1
2012-12-19,-1
2012-12-20,-1
2012-12-21,-1
2012-12-22,-1
2012-12-23,-1
2012-12-24,-1
2012-12-25,-1
2012-12-26,-1
2012-12-27,-1
2012-12-28,-1
2012-12-29,-1
2012-12-30,-1
2012-12-31,-1
2013-01-01,-1
2013-01-02,-1
2013-01-03,-1
2013-01-04,-1
2013-01-05,-1
2013-01-06,-1
2013-01-07,-1
2013-01-08,-1
2013-01-09,-1
2013-01-10,-1
2013-01-11,-1
2013-01-12,-1
2013-01-13,-1
2013-01-14,-1
2013-01-15,-1
2013-01-16,-1
2013-01-17,-1
2013-01-18,-1
2013-01-19,-1
2013-01-20,-1
2013-01-21,-1
2013-01-22,-1
2013-01-23,-1
2013-01-24,-1
2013-01-25,-1
2013-01-26,-1
2013-01-27,-1
2013-01-28,-1
2013-01-29,-1
2013-01-30,-1
2013-01-31,-1
2013-02-01,-1
2013-02-02,-1
2013-02-03,-1
2013-02-04,-1
2013-02-05,-1
2013-02-06,-1
2013-02-07,-1
2013-02-08,-1
2013-02-09,-1
2013-02-10,-1
2013-02-11,-1
2013-02-12,-1
2013-02-13,-1
2013-02-14,-1
2013-02-15,-1
2013-02-16,-1
2013-02-17,-1
2013-02-18,-1
2013-02-19,-1
2013-02-20,-1
2013-02-21,-1
2013-02-22,-1
2013-02-23,-1
2013-02-24,-1
2013-02-25,-1
2013-02-26,-1
2013-02-27,-1
2013-02-28,-1
2013-03-01,-1
2013-03-02,-1
2013-03-03,-1
2013-03-04,-1
2013-03-05,-1
2013-03-06,-1
2013-03-07,-1
2013-03-08,-1
2013-03-09,-1
2013-03-10,-1
2013-03-11,-1
2013-03-12,-1
2013-03-13,-1
2013-03-14,-1
2013-03-15,-1
2013-03-16,-1
2013-03-17,-1
2013-03-18,-1
2013-03-19,-1
2013-03-20,-1
2013-03-21,-1
2013-03-22,-1
2013-03-23,-1
2013-03-24,-1
2013-03-25,-1
2013-03-26,-1
2013-03-27,-1
2013-03-28,-1
2013-03-29,-1
2013-03-30,-1
2013-03-31,-1
2013-04-01,-1
2013-04-02,-1
2013-04-03,-1
2013-04-04,-1
2013-04-05,-1
2013-04-06,-1
2013-04-07,-1
2013-04-08,-1
2013-04-09,-1
2013-04-10,-1
2013-04-11,-1
2013-04-12,-1
2013-04-13,-1
2013-04-14,-1
2013-04-15,-1
2013-04-16,-1
2013-04-17,-1
2013-04-18,-1
2013-04-19,-1
2013-04-20,-1
2013-04-21,-1
2013-04-22,-1
2013-04-23,-1
2013-04-24,-1
2013-04-25,-1
2013-04-26,-1
2013-04-27,-1
2013-04-28,-1
2013-04-29,-1
2013-04-30,-1
2013-05-01,-1
2013-05-02,-1
2013-05-03,-1
2013-05-04,-1
2013-05-05,-1
2013-05-06,-1
2013-05-07,-1
2013-05-08,-1
2013-05-09,-1
2013-05-10,-1
2013-05-11,-1
2013-05-12,-1
2013-05-13,-1
2013-05-14,-1
2013-05-15,-1
2013-05-16,-1
2013-05-17,-1
2013-05-18,-1
2013-05-19,-1
2013-05-20,-1
2013-05-21,-1
2013-05-22,-1
2013-05-23,-1
2013-05-24,-1
2013-05-25,-1
2013-05-26,-1
2013-05-27,-1
2013-05-28,-1
2013-05-29,-1
2013-05-30,-1
2013-05-31,-1
2013-06-01,-1
2013-06-02,-1
2013-06-03,-1
2013-06-04,-1
2013-06-05,-1
2013-06-06,-1
2013-06-07,-1
2013-06-08,-1
2013-06-09,-1
2013-06-10,-1
2013-06-11,-1
2013-06-12,-1
2013-06-13,-1
2013-06-14,-1
2013-06-15,-1
2013-06-16,-1
2013-06-17,-1
2013-06-18,-1
2013-06-19,-1
2013-06-20,-1
2013-06-21,-1
2013-06-22,-1
2013-06-23,-1
2013-06-24,-1
2013-06-25,-1
2013-06-26,-1
2013-06-27,-1
2013-06-28,-1
2013-06-29,-1
2013-06-30,-1
2013-07-01,-1
2013-07-02,-1
2013-07-03,-1
2013-07-04,-1
2013-07-05,-1
2013-07-06,-1
2013-07-07,-1
2013-07-08,-1
2013-07-09,-1
2013-07-10,-1
2013-07-11,-1
2013-07-12,-1
2013-07-13,-1
2013-07-14,-1
2013-07-15,-1
2013-07-16,-1
2013-07-17,-1
2013-07-18,-1
2013-07-19,-1
2013-07-20,-1
2013-07-21,-1
2013-07-22,-1
2013-07-23,-1
2013-07-24,-1
2013-07-25,-1
2013-07-26,-1
2013-07-27,-1
2013-07-28,-1
2013-07-29,-1
2013-07-30,-1
2013-07-31,-1
2013-08-01,-1
2013-08-02,-1
2013-08-03,-1
2013-08-04,-1
2013-08-05,-1
2013-08-06,-1
2013-08-07,-1
2013-08-08,-1
2013-08-09,-1
2013-08-10,-1
2013-08-11,-1
2013-08-12,-1
2013-08-13,-1
2013-08-14,-1
2013-08-15,-1
2013-08-16,-1
2013-08-17,-1
2013-08-18,-1
2013-08-19,-1
2013-08-20,-1
2013-08-21,-1
2013-08-22,-1
2013-08-23,-1
2013-08-24,-1
2013-08-25,-1
2013-08-26,-1
2013-08-27,-1
2013-08-28,-1
2013-08-29,-1
2013-08-30,-1
2013-08-31,-1
2013-09-01,-1
2013-09-02,-1
2013-09-03,-1
2013-09-04,-1
2013-09-05,-1
2013-09-06,-1
2013-09-07,-1
2013-09-08,-1
2013-09-09,-1
2013-09-10,-1
2013-09-11,-1
2013-09-12,-1
2013-09-13,-1
2013-09-14,-1
2013-09-15,-1
2013-09-16,-1
2013-09-17,-1
2013-09-18,-1
2013-09-19,-1
2013-09-20,-1
2013-09-21,-1
2013-09-22,-1
2013-09-23,-1
2013-09-24,-1
2013-09-25,-1
2013-09-26,-1
2013-09-27,-1
2013-09-28,-1
2013-09-29,-1
2013-09-30,-1
2014-01-01,-1
2014-01-02,-1
2014-01-03,-1
2014-01-04,-1
2014-01-05,-1
2014-01-06,-1
2014-01-07,-1
2014-01-08,-1
2014-01-09,-1
2014-01-10,-1
2014-01-11,-1
2014-01-12,-1
2014-01-13,-1
2014-01-14,-1
2014-01-15,-1
2014-01-16,-1
2014-01-17,-1
2014-01-18,-1
2014-01-19,-1
2014-01-20,-1
2014-01-21,-1
2014-01-22,-1
2014-01-23,-1
2014-01-24,-1
2014-01-25,-1
2014-01-26,-1
2014-01-27,-1
2014-01-28,-1
2014-01-29,-1
2014-01-30,-1
2014-01-31,-1
2014-02-01,-1
2014-02-02,-1
2014-02-03,-1
2014-02-04,-1
2014-02-05,-1
2014-02-06,-1
2014-02-07,-1
2014-02-08,-1
2014-02-09,-1
2014-02-10,-1
2014-02-11,-1
2014-02-12,-1
2014-02-13,-1
2014-02-14,-1
2014-02-15,-1
2014-02-16,-1
2014-02-17,-1
2014-02-18,-1
2014-02-19,-1
2014-02-20,-1
2014-02-21,-1
2014-02-22,-1
2014-02-23,-1
2014-02-24,-1
2014-02-25,-1
2014-02-26,-1
2014-02-27,-1
2014-02-28,-1
2014-03-01,-1
2014-03-02,-1
2014-03-03,246000
2014-03-04,242000
2014-03-05,244500
2014-03-06,243500
2014-03-07,238500
2014-03-08,-1
2014-03-09,-1
2014-03-10,237000
2014-03-11,236500
2014-03-12,235500
2014-03-13,229000
2014-03-14,229000
2014-03-15,-1
2014-03-16,-1
2014-03-17,234000
2014-03-18,235000
2014-03-19,231000
2014-03-20,229500
2014-03-21,234500
2014-03-22,-1
2014-03-23,-1
2014-03-24,235500
2014-03-25,232500
2014-03-26,243000
2014-03-27,246000
2014-03-28,248000
2014-03-29,-1
2014-03-30,-1
2014-03-31,251000
2014-04-01,251500
2014-04-02,250000
2014-04-03,245500
2014-04-04,247500
2014-04-05,-1
2014-04-06,-1
2014-04-07,246500
2014-04-08,248500
2014-04-09,243500
2014-04-10,242500
2014-04-11,242000
2014-04-12,-1
2014-04-13,-1
2014-04-14,241500
2014-04-15,238000
2014-04-16,242000
2014-04-17,240000
2014-04-18,245000
2014-04-19,-1
2014-04-20,-1
2014-04-21,244000
2014-04-22,245000
2014-04-23,245000
2014-04-24,242000
2014-04-25,236000
2014-04-26,-1
2014-04-27,-1
2014-04-28,233500
2014-04-29,234000
2014-04-30,230000
2014-05-01,-1
2014-05-02,225000
2014-05-03,-1
2014-05-04,-1
2014-05-05,-1
2014-05-06,-1
2014-05-07,223000
2014-05-08,228500
2014-05-09,231500
2014-05-10,-1
2014-05-11,-1
2014-05-12,229500
2014-05-13,231500
2014-05-14,237500
2014-05-15,239500
2014-05-16,234500
2014-05-17,-1
2014-05-18,-1
2014-05-19,233500
2014-05-20,230000
2014-05-21,230500
2014-05-22,233000
2014-05-23,233000
2014-05-24,-1
2014-05-25,-1
2014-05-26,235000
2014-05-27,229000
2014-05-28,230000
2014-05-29,230000
2014-05-30,224500
2014-05-31,-1
2014-06-01,-1
2014-06-02,226500
2014-06-03,227000
2014-06-04,-1
2014-06-05,225000
2014-06-06,-1
2014-06-07,-1
2014-06-08,-1
2014-06-09,224000
2014-06-10,223000
2014-06-11,224000
2014-06-12,225000
2014-06-13,224000
2014-06-14,-1
2014-06-15,-1
2014-06-16,225000
2014-06-17,229500
2014-06-18,226000
2014-06-19,223500
2014-06-20,218000
2014-06-21,-1
2014-06-22,-1
2014-06-23,219500
2014-06-24,224500
2014-06-25,228500
2014-06-26,229500
2014-06-27,230000
2014-06-28,-1
2014-06-29,-1
2014-06-30,229500
2014-10-01,188500
2014-10-02,180000
2014-10-03,-1
2014-10-04,-1
2014-10-05,-1
2014-10-06,184500
2014-10-07,182000
2014-10-08,178000
2014-10-09,-1
2014-10-10,178000
2014-10-11,-1
2014-10-12,-1
2014-10-13,178500
2014-10-14,176000
2014-10-15,175000
2014-10-16,168000
2014-10-17,162000
2014-10-18,-1
2014-10-19,-1
2014-10-20,169000
2014-10-21,167000
2014-10-22,161500
2014-10-23,171000
2014-10-24,172500
2014-10-25,-1
2014-10-26,-1
2014-10-27,176000
2014-10-28,173500
2014-10-29,173500
2014-10-30,172000
2014-10-31,170000
2014-11-01,-1
2014-11-02,-1
2014-11-03,160000
2014-11-04,155000
2014-11-05,151000
2014-11-06,158500
2014-11-07,162000
2014-11-08,-1
2014-11-09,-1
2014-11-10,166500
2014-11-11,176000
2014-11-12,176000
2014-11-13,178500
2014-11-14,177000
2014-11-15,-1
2014-11-16,-1
2014-11-17,177500
2014-11-18,177500
2014-11-19,171500
2014-11-20,167000
2014-11-21,165000
2014-11-22,-1
2014-11-23,-1
2014-11-24,171500
2014-11-25,174000
2014-11-26,174500
2014-11-27,180500
2014-11-28,179000
2014-11-29,-1
2014-11-30,-1
2014-12-01,182000
2014-12-02,176500
2014-12-03,177500
2014-12-04,185000
2014-12-05,188000
2014-12-06,-1
2014-12-07,-1
2014-12-08,185500
2014-12-09,181500
2014-12-10,180000
2014-12-11,178000
2014-12-12,178500
2014-12-13,-1
2014-12-14,-1
2014-12-15,174500
2014-12-16,174500
2014-12-17,169000
2014-12-18,167500
2014-12-19,170000
2014-12-20,-1
2014-12-21,-1
2014-12-22,171000
2014-12-23,171500
2014-12-24,175000
2014-12-25,-1
2014-12-26,174500
2014-12-27,-1
2014-12-28,-1
2014-12-29,171500
2014-12-30,169000
2014-12-31,-1
2015-04-01,164000
2015-04-02,164000
2015-04-03,166000
2015-04-04,-1
2015-04-05,-1
2015-04-06,162000
2015-04-07,161500
2015-04-08,161000
2015-04-09,161500
2015-04-10,167500
2015-04-11,-1
2015-04-12,-1
2015-04-13,167000
2015-04-14,171000
2015-04-15,170000
2015-04-16,169000
2015-04-17,170000
2015-04-18,-1
2015-04-19,-1
2015-04-20,174500
2015-04-21,171000
2015-04-22,170000
2015-04-23,175500
2015-04-24,177500
2015-04-25,-1
2015-04-26,-1
2015-04-27,176000
2015-04-28,172500
2015-04-29,171000
2015-04-30,169000
2015-05-01,-1
2015-05-02,-1
2015-05-03,-1
2015-05-04,172000
2015-05-05,-1
2015-05-06,171500
2015-05-07,173000
2015-05-08,173000
2015-05-09,-1
2015-05-10,-1
2015-05-11,169500
2015-05-12,169000
2015-05-13,166000
2015-05-14,164000
2015-05-15,163500
2015-05-16,-1
2015-05-17,-1
2015-05-18,162500
2015-05-19,162500
2015-05-20,162500
2015-05-21,159500
2015-05-22,162500
2015-05-23,-1
2015-05-24,-1
2015-05-25,-1
2015-05-26,160000
2015-05-27,157000
2015-05-28,156000
2015-05-29,158000
2015-05-30,-1
2015-05-31,-1
2015-06-01,154500
2015-06-02,138500
2015-06-03,135500
2015-06-04,139000
2015-06-05,137500
2015-06-06,-1
2015-06-07,-1
2015-06-08,134500
2015-06-09,135500
2015-06-10,134500
2015-06-11,138000
2015-06-12,136000
2015-06-13,-1
2015-06-14,-1
2015-06-15,136500
2015-06-16,137000
2015-06-17,136000
2015-06-18,131500
2015-06-19,130000
2015-06-20,-1
2015-06-21,-1
2015-06-22,132000
2015-06-23,131000
2015-06-24,133000
2015-06-25,132000
2015-06-26,135000
2015-06-27,-1
2015-06-28,-1
2015-06-29,134500
2015-06-30,136000
2015-07-01,136500
2015-07-02,135500
2015-07-03,135000
2015-07-04,-1
2015-07-05,-1
2015-07-06,133000
2015-07-07,131500
2015-07-08,128000
2015-07-09,127000
2015-07-10,124000
2015-07-11,-1
2015-07-12,-1
2015-07-13,125500
2015-07-14,125500
2015-07-15,126500
2015-07-16,127000
2015-07-17,123500
2015-07-18,-1
2015-07-19,-1
2015-07-20,124000
2015-07-21,133000
2015-07-22,131000
2015-07-23,138000
2015-07-24,139000
2015-07-25,-1
2015-07-26,-1
2015-07-27,145000
2015-07-28,145000
2015-07-29,146000
2015-07-30,150000
2015-07-31,149000
2015-08-01,-1
2015-08-02,-1
2015-08-03,143500
2015-08-04,144000
2015-08-05,145500
2015-08-06,139500
2015-08-07,138000
2015-08-08,-1
2015-08-09,-1
2015-08-10,140000
2015-08-11,139000
2015-08-12,146000
2015-08-13,144500
2015-08-14,-1
2015-08-15,-1
2015-08-16,-1
2015-08-17,143500
2015-08-18,146500
2015-08-19,148000
2015-08-20,149000
2015-08-21,146000
2015-08-22,-1
2015-08-23,-1
2015-08-24,142500
2015-08-25,147500
2015-08-26,150000
2015-08-27,147000
2015-08-28,144000
2015-08-29,-1
2015-08-30,-1
2015-08-31,149000
2015-09-01,146500
2015-09-02,151500
2015-09-03,152000
2015-09-04,150000
2015-09-05,-1
2015-09-06,-1
2015-09-07,152000
2015-09-08,156500
2015-09-09,155500
2015-09-10,156500
2015-09-11,156000
2015-09-12,-1
2015-09-13,-1
2015-09-14,154500
2015-09-15,156500
2015-09-16,163000
2015-09-17,163500
2015-09-18,165500
2015-09-19,-1
2015-09-20,-1
2015-09-21,159000
2015-09-22,164000
2015-09-23,157000
2015-09-24,158000
2015-09-25,162000
2015-09-26,-1
2015-09-27,-1
2015-09-28,-1
2015-09-29,-1
2015-09-30,164000
2015-10-01,168000
2015-10-02,167000
2015-10-03,-1
2015-10-04,-1
2015-10-05,164000
2015-10-06,158000
2015-10-07,160500
2015-10-08,162000
2015-10-09,-1
2015-10-10,-1
2015-10-11,-1
2015-10-12,159500
2015-10-13,163500
2015-10-14,163000
2015-10-15,162500
2015-10-16,161000
2015-10-17,-1
2015-10-18,-1
2015-10-19,161000
2015-10-20,162500
2015-10-21,163000
2015-10-22,162000
2015-10-23,158000
2015-10-24,-1
2015-10-25,-1
2015-10-26,159000
2015-10-27,159000
2015-10-28,155500
2015-10-29,153500
2015-10-30,156000
2015-10-31,-1
2015-11-01,-1
2015-11-02,158500
2015-11-03,162500
2015-11-04,165500
2015-11-05,165500
2015-11-06,164500
2015-11-07,-1
2015-11-08,-1
2015-11-09,165000
2015-11-10,162500
2015-11-11,163000
2015-11-12,160500
2015-11-13,156500
2015-11-14,-1
2015-11-15,-1
2015-11-16,158000
2015-11-17,157000
2015-11-18,158000
2015-11-19,159500
2015-11-20,158000
2015-11-21,-1
2015-11-22,-1
2015-11-23,157000
2015-11-24,155000
2015-11-25,151500
2015-11-26,152500
2015-11-27,151000
2015-11-28,-1
2015-11-29,-1
2015-11-30,147500
2015-12-01,153000
2015-12-02,152000
2015-12-03,153000
2015-12-04,151500
2015-12-05,-1
2015-12-06,-1
2015-12-07,150500
2015-12-08,150000
2015-12-09,151500
2015-12-10,151500
2015-12-11,148500
2015-12-12,-1
2015-12-13,-1
2015-12-14,150500
2015-12-15,151500
2015-12-16,153000
2015-12-17,155500
2015-12-18,154000
2015-12-19,-1
2015-12-20,-1
2015-12-21,152000
2015-12-22,153000
2015-12-23,151500
2015-12-24,151500
2015-12-25,-1
2015-12-26,-1
2015-12-27,-1
2015-12-28,151000
2015-12-29,149000
2015-12-30,149000
2015-12-31,-1
2016-01-01,-1
2016-01-02,-1
2016-01-03,-1
2016-01-04,144000
2016-01-05,143500
2016-01-06,140000
2016-01-07,137500
2016-01-08,136500
2016-01-09,-1
2016-01-10,-1
2016-01-11,140000
2016-01-12,139500
2016-01-13,140500
2016-01-14,141000
2016-01-15,138500
2016-01-16,-1
2016-01-17,-1
2016-01-18,139000
2016-01-19,140000
2016-01-20,136500
2016-01-21,137000
2016-01-22,139000
2016-01-23,-1
2016-01-24,-1
2016-01-25,137500
2016-01-26,136000
2016-01-27,137000
2016-01-28,135000
2016-01-29,133000
2016-01-30,-1
2016-01-31,-1
2016-02-01,132500
2016-02-02,129500
2016-02-03,129000
2016-02-04,132500
2016-02-05,133500
2016-02-06,-1
2016-02-07,-1
2016-02-08,-1
2016-02-09,-1
2016-02-10,-1
2016-02-11,131000
2016-02-12,137000
2016-02-13,-1
2016-02-14,-1
2016-02-15,139500
2016-02-16,141000
2016-02-17,147000
2016-02-18,147000
2016-02-19,149000
2016-02-20,-1
2016-02-21,-1
2016-02-22,147500
2016-02-23,149000
2016-02-24,149000
2016-02-25,147000
2016-02-26,147000
2016-02-27,-1
2016-02-28,-1
2016-02-29,147500
2016-03-01,-1
2016-03-02,150000
2016-03-03,147500
2016-03-04,147500
2016-03-05,-1
2016-03-06,-1
2016-03-07,146500
2016-03-08,148000
2016-03-09,149500
2016-03-10,148000
2016-03-11,149000
2016-03-12,-1
2016-03-13,-1
2016-03-14,148500
2016-03-15,147000
2016-03-16,146500
2016-03-17,146500
2016-03-18,150500
2016-03-19,-1
2016-03-20,-1
2016-03-21,154500
2016-03-22,159000
2016-03-23,158000
2016-03-24,155500
2016-03-25,153000
2016-03-26,-1
2016-03-27,-1
2016-03-28,154000
2016-03-29,155000
2016-03-30,155500
2016-03-31,152500
2016-04-01,149500
2016-04-02,-1
2016-04-03,-1
2016-04-04,144000
2016-04-05,144500
2016-04-06,144000
2016-04-07,146500
2016-04-08,146000
2016-04-09,-1
2016-04-10,-1
2016-04-11,146000
2016-04-12,148500
2016-04-13,-1
2016-04-14,152000
2016-04-15,151500
2016-04-16,-1
2016-04-17,-1
2016-04-18,154000
2016-04-19,153000
2016-04-20,151500
2016-04-21,154000
2016-04-22,151000
2016-04-23,-1
2016-04-24,-1
2016-04-25,149500
2016-04-26,153500
2016-04-27,149000
2016-04-28,148000
2016-04-29,143500
2016-04-30,-1
2016-05-01,-1
2016-05-02,142500
2016-05-03,142500
2016-05-04,139000
2016-05-05,-1
2016-05-06,-1
2016-05-07,-1
2016-05-08,-1
2016-05-09,135500
2016-05-10,139500
2016-05-11,139000
2016-05-12,136500
2016-05-13,135000
2016-05-14,-1
2016-05-15,-1
2016-05-16,135500
2016-05-17,134500
2016-05-18,133000
2016-05-19,134500
2016-05-20,132000
2016-05-21,-1
2016-05-22,-1
2016-05-23,133000
2016-05-24,133500
2016-05-25,135000
2016-05-26,135000
2016-05-27,136000
2016-05-28,-1
2016-05-29,-1
2016-05-30,136500
2016-05-31,139500
2016-06-01,138000
2016-06-02,138000
2016-06-03,138500
2016-06-04,-1
2016-06-05,-1
2016-06-06,-1
2016-06-07,139500
2016-06-08,139500
2016-06-09,139000
2016-06-10,139000
2016-06-11,-1
2016-06-12,-1
2016-06-13,135500
2016-06-14,138500
2016-06-15,135500
2016-06-16,134500
2016-06-17,134500
2016-06-18,-1
2016-06-19,-1
2016-06-20,136500
2016-06-21,138000
2016-06-22,140000
2016-06-23,141000
2016-06-24,139500
2016-06-25,-1
2016-06-26,-1
2016-06-27,141500
2016-06-28,139000
2016-06-29,139000
2016-06-30,135500
2016-07-01,137000
2016-07-02,-1
2016-07-03,-1
2016-07-04,137000
2016-07-05,135000
2016-07-06,130000
2016-07-07,131000
2016-07-08,130500
2016-07-09,-1
2016-07-10,-1
2016-07-11,131000
2016-07-12,132000
2016-07-13,135500
2016-07-14,131500
2016-07-15,133000
2016-07-16,-1
2016-07-17,-1
2016-07-18,132000
2016-07-19,130000
2016-07-20,129500
2016-07-21,130000
2016-07-22,129000
2016-07-23,-1
2016-07-24,-1
2016-07-25,135500
2016-07-26,136000
2016-07-27,137000
2016-07-28,136000
2016-07-29,132000
2016-07-30,-1
2016-07-31,-1
2016-08-01,135500
2016-08-02,134000
2016-08-03,132000
2016-08-04,130500
2016-08-05,133000
2016-08-06,-1
2016-08-07,-1
2016-08-08,133000
2016-08-09,136500
2016-08-10,134000
2016-08-11,134500
2016-08-12,136000
2016-08-13,-1
2016-08-14,-1
2016-08-15,-1
2016-08-16,133000
2016-08-17,135000
2016-08-18,132500
2016-08-19,132500
2016-08-20,-1
2016-08-21,-1
2016-08-22,132000
2016-08-23,132500
2016-08-24,135500
2016-08-25,136500
2016-08-26,135500
2016-08-27,-1
2016-08-28,-1
2016-08-29,134000
2016-08-30,132500
2016-08-31,133000
2016-09-01,131500
2016-09-02,135000
2016-09-03,-1
2016-09-04,-1
2016-09-05,139000
2016-09-06,139500
2016-09-07,139000
2016-09-08,139000
2016-09-09,139500
2016-09-10,-1
2016-09-11,-1
2016-09-12,138500
2016-09-13,138500
2016-09-14,-1
2016-09-15,-1
2016-09-16,-1
2016-09-17,-1
2016-09-18,-1
2016-09-19,137000
2016-09-20,138500
2016-09-21,138000
2016-09-22,138000
2016-09-23,142000
2016-09-24,-1
2016-09-25,-1
2016-09-26,140500
2016-09-27,141500
2016-09-28,138500
2016-09-29,139500
2016-09-30,135500
2016-10-01,-1
2016-10-02,-1
2016-10-03,-1
2016-10-04,139000
2016-10-05,140000
2016-10-06,139000
2016-10-07,136500
2016-10-08,-1
2016-10-09,-1
2016-10-10,133500
2016-10-11,134500
2016-10-12,136500
2016-10-13,134000
2016-10-14,133000
2016-10-15,-1
2016-10-16,-1
2016-10-17,133000
2016-10-18,134500
2016-10-19,133000
2016-10-20,132000
2016-10-21,133500
2016-10-22,-1
2016-10-23,-1
2016-10-24,134500
2016-10-25,138000
2016-10-26,137500
2016-10-27,138000
2016-10-28,140500
2016-10-29,-1
2016-10-30,-1
2016-10-31,140000
2016-11-01,141500
2016-11-02,139500
2016-11-03,136500
2016-11-04,136000
2016-11-05,-1
2016-11-06,-1
2016-11-07,137000
2016-11-08,138500
2016-11-09,134000
2016-11-10,129000
2016-11-11,131500
2016-11-12,-1
2016-11-13,-1
2016-11-14,132000
2016-11-15,130500
2016-11-16,131000
2016-11-17,132000
2016-11-18,129500
2016-11-19,-1
2016-11-20,-1
2016-11-21,133500
2016-11-22,133500
2016-11-23,134000
2016-11-24,135000
2016-11-25,136000
2016-11-26,-1
2016-11-27,-1
2016-11-28,135000
2016-11-29,134500
2016-11-30,133000
2016-12-01,132000
2016-12-02,133500
2016-12-03,-1
2016-12-04,-1
2016-12-05,134000
2016-12-06,136500
2016-12-07,136500
2016-12-08,142000
2016-12-09,144000
2016-12-10,-1
2016-12-11,-1
2016-12-12,144500
2016-12-13,145000
2016-12-14,143500
2016-12-15,142000
2016-12-16,139500
2016-12-17,-1
2016-12-18,-1
2016-12-19,142000
2016-12-20,143500
2016-12-21,143500
2016-12-22,142000
2016-12-23,144000
2016-12-24,-1
2016-12-25,-1
2016-12-26,144500
2016-12-27,144500
2016-12-28,143500
2016-12-29,146000
2016-12-30,-1
2016-12-31,-1
2017-01-01,-1
2017-01-02,150000
2017-01-03,153000
2017-01-04,154000
2017-01-05,153500
2017-01-06,151000
2017-01-07,-1
2017-01-08,-1
2017-01-09,150500
2017-01-10,152000
2017-01-11,148500
2017-01-12,148000
2017-01-13,149000
2017-01-14,-1
2017-01-15,-1
2017-01-16,150500
2017-01-17,153500
2017-01-18,154000
2017-01-19,152000
2017-01-20,153000
2017-01-21,-1
2017-01-22,-1
2017-01-23,149000
2017-01-24,146500
2017-01-25,142000
2017-01-26,142500
2017-01-27,-1
2017-01-28,-1
2017-01-29,-1
2017-01-30,-1
2017-01-31,139500
2017-02-01,139500
2017-02-02,136000
2017-02-03,137500
2017-02-04,-1
2017-02-05,-1
2017-02-06,136500
2017-02-07,139000
2017-02-08,139000
2017-02-09,140000
2017-02-10,141000
2017-02-11,-1
2017-02-12,-1
2017-02-13,139500
2017-02-14,140000
2017-02-15,145500
2017-02-16,150500
2017-02-17,150500
2017-02-18,-1
2017-02-19,-1
2017-02-20,150000
2017-02-21,151000
2017-02-22,149500
2017-02-23,146000
2017-02-24,148000
2017-02-25,-1
2017-02-26,-1
2017-02-27,148500
2017-02-28,149500
2017-03-01,-1
2017-03-02,148500
2017-03-03,142000
2017-03-04,-1
2017-03-05,-1
2017-03-06,145000
2017-03-07,144000
2017-03-08,144500
2017-03-09,145000
2017-03-10,146000
2017-03-11,-1
2017-03-12,-1
2017-03-13,146000
2017-03-14,149000
2017-03-15,149500
2017-03-16,151500
2017-03-17,151500
2017-03-18,-1
2017-03-19,-1
2017-03-20,156500
2017-03-21,170000
2017-03-22,170000
2017-03-23,165000
2017-03-24,164000
2017-03-25,-1
2017-03-26,-1
2017-03-27,162000
2017-03-28,160000
2017-03-29,156000
2017-03-30,158500
2017-03-31,157500
2017-04-01,-1
2017-04-02,-1
2017-04-03,156500
2017-04-04,152000
2017-04-05,150000
2017-04-06,148000
2017-04-07,144500
2017-04-08,-1
2017-04-09,-1
2017-04-10,146000
2017-04-11,142500
2017-04-12,141500
2017-04-13,142500
2017-04-14,142500
2017-04-15,-1
2017-04-16,-1
2017-04-17,144000
2017-04-18,141000
2017-04-19,137000
2017-04-20,141500
2017-04-21,141500
2017-04-22,-1
2017-04-23,-1
2017-04-24,141500
2017-04-25,144500
2017-04-26,151000
2017-04-27,147000
2017-04-28,144000
2017-04-29,-1
2017-04-30,-1
2017-05-01,-1
2017-05-02,151000
2017-05-03,-1
2017-05-04,152000
2017-05-05,-1
2017-05-06,-1
2017-05-07,-1
2017-05-08,158000
2017-05-09,-1
2017-05-10,156500
2017-05-11,157500
2017-05-12,155000
2017-05-13,-1
2017-05-14,-1
2017-05-15,154000
2017-05-16,157500
2017-05-17,158500
2017-05-18,165000
2017-05-19,170000
2017-05-20,-1
2017-05-21,-1
2017-05-22,170000
2017-05-23,170000
2017-05-24,164000
2017-05-25,165000
2017-05-26,163500
2017-05-27,-1
2017-05-28,-1
2017-05-29,162000
2017-05-30,164000
2017-05-31,163000
2017-06-01,165500
2017-06-02,163000
2017-06-03,-1
2017-06-04,-1
2017-06-05,161500
2017-06-06,-1
2017-06-07,159000
2017-06-08,160000
2017-06-09,160000
2017-06-10,-1
2017-06-11,-1
2017-06-12,162500
2017-06-13,164500
2017-06-14,169000
2017-06-15,163000
2017-06-16,165000
2017-06-17,-1
2017-06-18,-1
2017-06-19,167000
2017-06-20,166500
2017-06-21,160500
2017-06-22,161500
2017-06-23,164000
2017-06-24,-1
2017-06-25,-1
2017-06-26,164000
2017-06-27,160500
2017-06-28,160000
2017-06-29,161000
2017-06-30,159500
2017-10-01,-1
2017-10-02,-1
2017-10-03,-1
2017-10-04,-1
2017-10-05,-1
2017-10-06,-1
2017-10-07,-1
2017-10-08,-1
2017-10-09,-1
2017-10-10,151000
2017-10-11,155000
2017-10-12,156500
2017-10-13,154500
2017-10-14,-1
2017-10-15,-1
2017-10-16,153000
2017-10-17,149500
2017-10-18,150500
2017-10-19,151500
2017-10-20,151500
2017-10-21,-1
2017-10-22,-1
2017-10-23,151500
2017-10-24,151000
2017-10-25,148500
2017-10-26,159500
2017-10-27,158500
2017-10-28,-1
2017-10-29,-1
2017-10-30,156000
2017-10-31,161000
2017-11-01,160500
2017-11-02,160000
2017-11-03,161500
2017-11-04,-1
2017-11-05,-1
2017-11-06,158500
2017-11-07,155000
2017-11-08,155000
2017-11-09,155500
2017-11-10,154500
2017-11-11,-1
2017-11-12,-1
2017-11-13,160500
2017-11-14,160500
2017-11-15,161500
2017-11-16,159500
2017-11-17,157000
2017-11-18,-1
2017-11-19,-1
2017-11-20,156500
2017-11-21,157000
2017-11-22,155000
2017-11-23,157000
2017-11-24,159000
2017-11-25,-1
2017-11-26,-1
2017-11-27,158500
2017-11-28,157000
2017-11-29,160500
2017-11-30,164500
2017-12-01,161500
2017-12-02,-1
2017-12-03,-1
2017-12-04,160500
2017-12-05,161500
2017-12-06,162000
2017-12-07,161500
2017-12-08,158500
2017-12-09,-1
2017-12-10,-1
2017-12-11,150000
2017-12-12,150000
2017-12-13,151500
2017-12-14,150500
2017-12-15,154000
2017-12-16,-1
2017-12-17,-1
2017-12-18,154000
2017-12-19,153000
2017-12-20,152500
2017-12-21,150000
2017-12-22,153000
2017-12-23,-1
2017-12-24,-1
2017-12-25,-1
2017-12-26,154000
2017-12-27,156500
2017-12-28,156000
2017-12-29,-1
2017-12-30,-1
2017-12-31,-1
2018-01-01,-1
2018-01-02,149500
2018-01-03,150500
2018-01-04,146500
2018-01-05,149000
2018-01-06,-1
2018-01-07,-1
2018-01-08,151000
2018-01-09,152500
2018-01-10,155500
2018-01-11,155000
2018-01-12,154000
2018-01-13,-1
2018-01-14,-1
2018-01-15,155000
2018-01-16,158000
2018-01-17,157500
2018-01-18,155000
2018-01-19,162000
2018-01-20,-1
2018-01-21,-1
2018-01-22,162500
2018-01-23,161000
2018-01-24,156500
2018-01-25,158500
2018-01-26,152500
2018-01-27,-1
2018-01-28,-1
2018-01-29,154500
2018-01-30,156000
2018-01-31,162000
2018-02-01,160500
2018-02-02,162500
2018-02-03,-1
2018-02-04,-1
2018-02-05,159000
2018-02-06,157500
2018-02-07,157500
2018-02-08,161000
2018-02-09,155000
2018-02-10,-1
2018-02-11,-1
2018-02-12,154000
2018-02-13,152500
2018-02-14,154500
2018-02-15,-1
2018-02-16,-1
2018-02-17,-1
2018-02-18,-1
2018-02-19,155000
2018-02-20,153500
2018-02-21,160000
2018-02-22,157000
2018-02-23,159000
2018-02-24,-1
2018-02-25,-1
2018-02-26,161000
2018-02-27,161000
2018-02-28,161500
2018-03-01,-1
2018-03-02,156000
2018-03-03,-1
2018-03-04,-1
2018-03-05,153000
2018-03-06,157000
2018-03-07,152500
2018-03-08,154500
2018-03-09,154000
2018-03-10,-1
2018-03-11,-1
2018-03-12,153500
2018-03-13,153500
2018-03-14,156000
2018-03-15,157500
2018-03-16,157500
2018-03-17,-1
2018-03-18,-1
2018-03-19,151500
2018-03-20,152500
2018-03-21,154500
2018-03-22,152500
2018-03-23,151500
2018-03-24,-1
2018-03-25,-1
2018-03-26,149500
2018-03-27,154000
2018-03-28,151500
2018-03-29,143500
2018-03-30,143500
2018-03-31,-1
2018-07-01,-1
2018-07-02,123500
2018-07-03,122000
2018-07-04,119500
2018-07-05,121500
2018-07-06,123500
2018-07-07,-1
2018-07-08,-1
2018-07-09,124500
2018-07-10,123500
2018-07-11,121500
2018-07-12,123000
2018-07-13,122500
2018-07-14,-1
2018-07-15,-1
2018-07-16,126000
2018-07-17,126500
2018-07-18,124000
2018-07-19,124000
2018-07-20,127000
2018-07-21,-1
2018-07-22,-1
2018-07-23,129500
2018-07-24,129500
2018-07-25,130500
2018-07-26,130000
2018-07-27,129500
2018-07-28,-1
2018-07-29,-1
2018-07-30,130500
2018-07-31,129500
2018-08-01,128500
2018-08-02,125500
2018-08-03,124000
2018-08-04,-1
2018-08-05,-1
2018-08-06,124500
2018-08-07,125000
2018-08-08,127500
2018-08-09,126000
2018-08-10,126000
2018-08-11,-1
2018-08-12,-1
2018-08-13,123500
2018-08-14,123000
2018-08-15,-1
2018-08-16,126500
2018-08-17,126500
2018-08-18,-1
2018-08-19,-1
2018-08-20,127500
2018-08-21,125500
2018-08-22,126000
2018-08-23,124500
2018-08-24,124500
2018-08-25,-1
2018-08-26,-1
2018-08-27,124000
2018-08-28,125000
2018-08-29,124000
2018-08-30,123500
2018-08-31,125000
2018-09-01,-1
2018-09-02,-1
2018-09-03,125000
2018-09-04,126500
2018-09-05,129000
2018-09-06,134000
2018-09-07,133000
2018-09-08,-1
2018-09-09,-1
2018-09-10,131000
2018-09-11,128000
2018-09-12,129500
2018-09-13,128500
2018-09-14,129500
2018-09-15,-1
2018-09-16,-1
2018-09-17,128500
2018-09-18,128000
2018-09-19,126500
2018-09-20,129000
2018-09-21,129000
2018-09-22,-1
2018-09-23,-1
2018-09-24,-1
2018-09-25,-1
2018-09-26,-1
2018-09-27,130500
2018-09-28,129500
2018-09-29,-1
2018-09-30,-1
2018-10-01,129000
2018-10-02,128500
2018-10-03,-1
2018-10-04,124500
2018-10-05,124500
2018-10-06,-1
2018-10-07,-1
2018-10-08,122000
2018-10-09,-1
2018-10-10,120000
2018-10-11,116000
2018-10-12,115500
2018-10-13,-1
2018-10-14,-1
2018-10-15,113500
2018-10-16,116500
2018-10-17,118500
2018-10-18,116000
2018-10-19,115500
2018-10-20,-1
2018-10-21,-1
2018-10-22,118000
2018-10-23,116500
2018-10-24,117000
2018-10-25,110000
2018-10-26,108000
2018-10-27,-1
2018-10-28,-1
2018-10-29,106000
2018-10-30,107500
2018-10-31,106500
2018-11-01,108500
2018-11-02,110000
2018-11-03,-1
2018-11-04,-1
2018-11-05,104000
2018-11-06,107500
2018-11-07,107500
2018-11-08,105500
2018-11-09,105000
2018-11-10,-1
2018-11-11,-1
2018-11-12,102000
2018-11-13,102500
2018-11-14,101500
2018-11-15,103000
2018-11-16,103000
2018-11-17,-1
2018-11-18,-1
2018-11-19,101500
2018-11-20,97500
2018-11-21,97800
2018-11-22,92800
2018-11-23,93700
2018-11-24,-1
2018-11-25,-1
2018-11-26,95100
2018-11-27,101000
2018-11-28,101000
2018-11-29,100000
2018-11-30,107000
2018-12-01,-1
2018-12-02,-1
2018-12-03,108500
2018-12-04,107500
2018-12-05,107500
2018-12-06,110500
2018-12-07,111000
2018-12-08,-1
2018-12-09,-1
2018-12-10,110500
2018-12-11,111500
2018-12-12,118500
2018-12-13,118500
2018-12-14,116500
2018-12-15,-1
2018-12-16,-1
2018-12-17,116500
2018-12-18,118000
2018-12-19,123000
2018-12-20,121500
2018-12-21,122500
2018-12-22,-1
2018-12-23,-1
2018-12-24,123000
2018-12-25,-1
2018-12-26,120000
2018-12-27,118500
2018-12-28,118500
2018-12-29,-1
2018-12-30,-1
2018-12-31,-1
2019-01-01,-1
2019-01-02,114000
2019-01-03,116500
2019-01-04,119500
2019-01-05,-1
2019-01-06,-1
2019-01-07,120500
2019-01-08,119500
2019-01-09,123000
2019-01-10,123000
2019-01-11,123000
2019-01-12,-1
2019-01-13,-1
2019-01-14,121500
2019-01-15,127500
2019-01-16,128500
2019-01-17,129500
2019-01-18,131000
2019-01-19,-1
2019-01-20,-1
2019-01-21,127000
2019-01-22,127500
2019-01-23,129000
2019-01-24,130000
2019-01-25,128500
2019-01-26,-1
2019-01-27,-1
2019-01-28,126500
2019-01-29,128000
2019-01-30,129500
2019-01-31,129500
2019-02-01,129500
2019-02-02,-1
2019-02-03,-1
2019-02-04,-1
2019-02-05,-1
2019-02-06,-1
2019-02-07,126000
2019-02-08,125500
2019-02-09,-1
2019-02-10,-1
2019-02-11,127500
2019-02-12,128500
2019-02-13,124500
2019-02-14,121500
2019-02-15,121000
2019-02-16,-1
2019-02-17,-1
2019-02-18,120500
2019-02-19,119500
2019-02-20,119000
2019-02-21,120000
2019-02-22,121000
2019-02-23,-1
2019-02-24,-1
2019-02-25,121000
2019-02-26,122500
2019-02-27,129000
2019-02-28,126500
2019-03-01,-1
2019-03-02,-1
2019-03-03,-1
2019-03-04,122000
2019-03-05,121500
2019-03-06,124500
2019-03-07,125500
2019-03-08,120000
2019-03-09,-1
2019-03-10,-1
2019-03-11,121000
2019-03-12,125500
2019-03-13,122500
2019-03-14,119000
2019-03-15,121000
2019-03-16,-1
2019-03-17,-1
2019-03-18,124000
2019-03-19,124000
2019-03-20,124000
2019-03-21,124500
2019-03-22,123500
2019-03-23,-1
2019-03-24,-1
2019-03-25,120000
2019-03-26,118500
2019-03-27,118500
2019-03-28,119500
2019-03-29,119500
2019-03-30,-1
2019-03-31,-1
2019-04-01,120500
2019-04-02,119000
2019-04-03,124000
2019-04-04,123500
2019-04-05,126000
2019-04-06,-1
2019-04-07,-1
2019-04-08,128000
2019-04-09,127000
2019-04-10,127500
2019-04-11,128000
2019-04-12,126500
2019-04-13,-1
2019-04-14,-1
2019-04-15,125500
2019-04-16,128500
2019-04-17,131000
2019-04-18,134000
2019-04-19,134000
2019-04-20,-1
2019-04-21,-1
2019-04-22,134000
2019-04-23,136000
2019-04-24,138500
2019-04-25,138000
2019-04-26,135500
2019-04-27,-1
2019-04-28,-1
2019-04-29,139000
2019-04-30,138500
2019-05-01,-1
2019-05-02,138500
2019-05-03,137500
2019-05-04,-1
2019-05-05,-1
2019-05-06,-1
2019-05-07,136000
2019-05-08,135500
2019-05-09,131000
2019-05-10,130000
2019-05-11,-1
2019-05-12,-1
2019-05-13,129000
2019-05-14,128000
2019-05-15,128000
2019-05-16,127500
2019-05-17,125500
2019-05-18,-1
2019-05-19,-1
2019-05-20,129000
2019-05-21,127000
2019-05-22,127000
2019-05-23,127500
2019-05-24,130500
2019-05-25,-1
2019-05-26,-1
2019-05-27,135000
2019-05-28,136500
2019-05-29,134000
2019-05-30,135500
2019-05-31,134500
2019-06-01,-1
2019-06-02,-1
2019-06-03,138500
2019-06-04,139000
2019-06-05,141000
2019-06-06,-1
2019-06-07,140000
2019-06-08,-1
2019-06-09,-1
2019-06-10,143000
2019-06-11,143500
2019-06-12,141000
2019-06-13,141000
2019-06-14,140500
2019-06-15,-1
2019-06-16,-1
2019-06-17,140000
2019-06-18,141000
2019-06-19,140000
2019-06-20,140500
2019-06-21,140500
2019-06-22,-1
2019-06-23,-1
2019-06-24,142500
2019-06-25,141500
2019-06-26,141500
2019-06-27,140500
2019-06-28,140000
2019-06-29,-1
2019-06-30,-1
2019-10-01,132500
2019-10-02,128500
2019-10-03,-1
2019-10-04,126500
2019-10-05,-1
2019-10-06,-1
2019-10-07,128000
2019-10-08,129500
2019-10-09,-1
2019-10-10,126500
2019-10-11,126000
2019-10-12,-1
2019-10-13,-1
2019-10-14,122000
2019-10-15,122000
2019-10-16,123000
2019-10-17,123000
2019-10-18,123000
2019-10-19,-1
2019-10-20,-1
2019-10-21,122000
2019-10-22,122000
2019-10-23,121000
2019-10-24,122000
2019-10-25,123500
2019-10-26,-1
2019-10-27,-1
2019-10-28,121500
2019-10-29,122500
2019-10-30,122500
2019-10-31,122000
2019-11-01,124000
2019-11-02,-1
2019-11-03,-1
2019-11-04,124000
2019-11-05,125000
2019-11-06,123500
2019-11-07,123500
2019-11-08,124000
2019-11-09,-1
2019-11-10,-1
2019-11-11,123500
2019-11-12,125500
2019-11-13,124500
2019-11-14,124500
2019-11-15,125500
2019-11-16,-1
2019-11-17,-1
2019-11-18,126000
2019-11-19,125000
2019-11-20,124500
2019-11-21,124500
2019-11-22,123500
2019-11-23,-1
2019-11-24,-1
2019-11-25,125000
2019-11-26,122500
2019-11-27,123500
2019-11-28,124000
2019-11-29,121000
2019-11-30,-1
2019-12-01,-1
2019-12-02,121500
2019-12-03,121500
2019-12-04,122000
2019-12-05,118000
2019-12-06,118500
2019-12-07,-1
2019-12-08,-1
2019-12-09,119500
2019-12-10,120000
2019-12-11,119000
2019-12-12,120000
2019-12-13,121000
2019-12-14,-1
2019-12-15,-1
2019-12-16,119000
2019-12-17,122000
2019-12-18,123000
2019-12-19,123500
2019-12-20,124000
2019-12-21,-1
2019-12-22,-1
2019-12-23,122500
2019-12-24,122000
2019-12-25,-1
2019-12-26,122500
2019-12-27,120500
2019-12-28,-1
2019-12-29,-1
2019-12-30,120500
2019-12-31,-1
2020-01-01,-1
2020-01-02,118000
2020-01-03,116000
2020-01-04,-1
2020-01-05,-1
2020-01-06,116000
2020-01-07,115500
2020-01-08,112000
2020-01-09,111500
2020-01-10,113500
2020-01-11,-1
2020-01-12,-1
2020-01-13,115000
2020-01-14,116000
2020-01-15,115000
2020-01-16,118500
2020-01-17,118500
2020-01-18,-1
2020-01-19,-1
2020-01-20,118000
2020-01-21,117000
2020-01-22,127000
2020-01-23,130500
2020-01-24,-1
2020-01-25,-1
2020-01-26,-1
2020-01-27,-1
2020-01-28,131000
2020-01-29,131000
2020-01-30,127500
2020-01-31,125000
2020-02-01,-1
2020-02-02,-1
2020-02-03,123500
2020-02-04,124000
2020-02-05,124000
2020-02-06,132000
2020-02-07,131000
2020-02-08,-1
2020-02-09,-1
2020-02-10,130000
2020-02-11,132500
2020-02-12,136000
2020-02-13,133000
2020-02-14,133500
2020-02-15,-1
2020-02-16,-1
2020-02-17,135500
2020-02-18,132500
2020-02-19,131500
2020-02-20,130000
2020-02-21,128000
2020-02-22,-1
2020-02-23,-1
2020-02-24,122500
2020-02-25,122500
2020-02-26,122500
2020-02-27,121000
2020-02-28,115000
2020-02-29,-1
2020-03-01,-1
2020-03-02,113500
2020-03-03,112500
2020-03-04,113000
2020-03-05,114000
2020-03-06,110500
2020-03-07,-1
2020-03-08,-1
2020-03-09,104000
2020-03-10,102000
2020-03-11,100000
2020-03-12,95000
2020-03-13,87200
2020-03-14,-1
2020-03-15,-1
2020-03-16,82900
2020-03-17,80100
2020-03-18,73500
2020-03-19,65900
2020-03-20,71100
2020-03-21,-1
2020-03-22,-1
2020-03-23,68900
2020-03-24,74800
2020-03-25,84500
2020-03-26,84900
2020-03-27,86400
2020-03-28,-1
2020-03-29,-1
2020-03-30,85400
2020-03-31,88700
2020-04-01,85400
2020-04-02,86600
2020-04-03,86300
2020-04-04,-1
2020-04-05,-1
2020-04-06,88800
2020-04-07,90400
2020-04-08,90000
2020-04-09,97100
2020-04-10,99700
2020-04-11,-1
2020-04-12,-1
2020-04-13,97800
2020-04-14,100000
2020-04-15,-1
2020-04-16,99100
2020-04-17,100500
2020-04-18,-1
2020-04-19,-1
2020-04-20,97600
2020-04-21,93500
2020-04-22,92600
2020-04-23,92400
2020-04-24,90100
2020-04-25,-1
2020-04-26,-1
2020-04-27,91600
2020-04-28,93200
2020-04-29,93600
2020-04-30,-1
2020-05-01,-1
2020-05-02,-1
2020-05-03,-1
2020-05-04,91500
2020-05-05,-1
2020-05-06,93200
2020-05-07,92600
2020-05-08,94500
2020-05-09,-1
2020-05-10,-1
2020-05-11,93700
2020-05-12,91900
2020-05-13,93100
2020-05-14,92300
2020-05-15,92300
2020-05-16,-1
2020-05-17,-1
2020-05-18,91900
2020-05-19,99100
2020-05-20,97300
2020-05-21,97200
2020-05-22,94500
2020-05-23,-1
2020-05-24,-1
2020-05-25,96000
2020-05-26,97800
2020-05-27,98100
2020-05-28,97200
2020-05-29,98000
2020-05-30,-1
2020-05-31,-1
2020-06-01,100000
2020-06-02,102500
2020-06-03,108500
2020-06-04,108500
2020-06-05,111000
2020-06-06,-1
2020-06-07,-1
2020-06-08,113000
2020-06-09,112000
2020-06-10,111500
2020-06-11,108500
2020-06-12,103500
2020-06-13,-1
2020-06-14,-1
2020-06-15,97000
2020-06-16,101500
2020-06-17,100500
2020-06-18,100000
2020-06-19,100000
2020-06-20,-1
2020-06-21,-1
2020-06-22,98500
2020-06-23,98700
2020-06-24,103000
2020-06-25,99400
2020-06-26,100000
2020-06-27,-1
2020-06-28,-1
2020-06-29,97700
2020-06-30,97700
2020-07-01,98200
2020-07-02,99000
2020-07-03,99200
2020-07-04,-1
2020-07-05,-1
2020-07-06,101500
2020-07-07,99200
2020-07-08,99600
2020-07-09,99600
2020-07-10,98300
2020-07-11,-1
2020-07-12,-1
2020-07-13,101500
2020-07-14,101500
2020-07-15,109000
2020-07-16,110000
2020-07-17,117500
2020-07-18,-1
2020-07-19,-1
2020-07-20,121500
2020-07-21,121500
2020-07-22,118500
2020-07-23,124500
2020-07-24,122500
2020-07-25,-1
2020-07-26,-1
2020-07-27,123500
2020-07-28,123000
2020-07-29,125000
2020-07-30,127500
2020-07-31,126500
2020-08-01,-1
2020-08-02,-1
2020-08-03,127000
2020-08-04,132500
2020-08-05,134000
2020-08-06,144500
2020-08-07,147000
2020-08-08,-1
2020-08-09,-1
2020-08-10,170000
2020-08-11,179000
2020-08-12,172000
2020-08-13,170000
2020-08-14,167000
2020-08-15,-1
2020-08-16,-1
2020-08-17,-1
2020-08-18,158000
2020-08-19,164500
2020-08-20,155000
2020-08-21,156000
2020-08-22,-1
2020-08-23,-1
2020-08-24,161500
2020-08-25,166000
2020-08-26,167500
2020-08-27,163500
2020-08-28,172000
2020-08-29,-1
2020-08-30,-1
2020-08-31,176500
2020-09-01,180000
2020-09-02,176000
2020-09-03,176500
2020-09-04,172500
2020-09-05,-1
2020-09-06,-1
2020-09-07,170000
2020-09-08,168000
2020-09-09,167500
2020-09-10,169000
2020-09-11,171500
2020-09-12,-1
2020-09-13,-1
2020-09-14,180000
2020-09-15,179000
2020-09-16,183500
2020-09-17,184000
2020-09-18,181000
2020-09-19,-1
2020-09-20,-1
2020-09-21,185000
2020-09-22,179500
2020-09-23,179500
2020-09-24,171500
2020-09-25,170000
2020-09-26,-1
2020-09-27,-1
2020-09-28,175500
2020-09-29,178500
2020-09-30,-1
2021-04-01,219000
2021-04-02,233500
2021-04-03,-1
2021-04-04,-1
2021-04-05,234000
2021-04-06,230000
2021-04-07,230000
2021-04-08,231500
2021-04-09,228500
2021-04-10,-1
2021-04-11,-1
2021-04-12,226000
2021-04-13,230000
2021-04-14,232500
2021-04-15,230500
2021-04-16,231500
2021-04-17,-1
2021-04-18,-1
2021-04-19,230000
2021-04-20,229000
2021-04-21,225500
2021-04-22,226000
2021-04-23,221000
2021-04-24,-1
2021-04-25,-1
2021-04-26,221500
2021-04-27,220000
2021-04-28,221500
2021-04-29,217500
2021-04-30,212000
2021-05-01,-1
2021-05-02,-1
2021-05-03,218000
2021-05-04,223500
2021-05-05,-1
2021-05-06,223500
2021-05-07,224000
2021-05-08,-1
2021-05-09,-1
2021-05-10,229500
2021-05-11,226500
2021-05-12,227500
2021-05-13,229500
2021-05-14,229000
2021-05-15,-1
2021-05-16,-1
2021-05-17,227000
2021-05-18,231000
2021-05-19,-1
2021-05-20,224500
2021-05-21,227500
2021-05-22,-1
2021-05-23,-1
2021-05-24,228000
2021-05-25,227500
2021-05-26,223500
2021-05-27,220500
2021-05-28,232000
2021-05-29,-1
2021-05-30,-1
2021-05-31,235000
2021-06-01,237000
2021-06-02,238000
2021-06-03,238500
2021-06-04,241500
2021-06-05,-1
2021-06-06,-1
2021-06-07,241500
2021-06-08,243500
2021-06-09,239500
2021-06-10,236000
2021-06-11,238500
2021-06-12,-1
2021-06-13,-1
2021-06-14,238000
2021-06-15,237000
2021-06-16,239500
2021-06-17,236500
2021-06-18,235000
2021-06-19,-1
2021-06-20,-1
2021-06-21,233000
2021-06-22,241000
2021-06-23,242500
2021-06-24,242500
2021-06-25,243000
2021-06-26,-1
2021-06-27,-1
2021-06-28,241000
2021-06-29,239500
2021-06-30,239500
2021-07-01,242000
2021-07-02,239000
2021-07-03,-1
2021-07-04,-1
2021-07-05,236000
2021-07-06,236000
2021-07-07,232000
2021-07-08,229500
2021-07-09,226000
2021-07-10,-1
2021-07-11,-1
2021-07-12,230000
2021-07-13,230000
2021-07-14,230000
2021-07-15,231500
2021-07-16,230000
2021-07-17,-1
2021-07-18,-1
2021-07-19,227500
2021-07-20,227000
2021-07-21,228000
2021-07-22,228500
2021-07-23,225500
2021-07-24,-1
2021-07-25,-1
2021-07-26,224500
2021-07-27,225000
2021-07-28,222500
2021-07-29,222000
2021-07-30,218000
2021-07-31,-1
2021-08-01,-1
2021-08-02,220000
2021-08-03,223500
2021-08-04,225000
2021-08-05,223000
2021-08-06,222500
2021-08-07,-1
2021-08-08,-1
2021-08-09,221000
2021-08-10,219000
2021-08-11,218500
2021-08-12,219000
2021-08-13,217000
2021-08-14,-1
2021-08-15,-1
2021-08-16,-1
2021-08-17,213000
2021-08-18,212500
2021-08-19,206500
2021-08-20,201500
2021-08-21,-1
2021-08-22,-1
2021-08-23,204000
2021-08-24,209500
2021-08-25,209500
2021-08-26,210000
2021-08-27,208500
2021-08-28,-1
2021-08-29,-1
2021-08-30,210000
2021-08-31,212500
2021-09-01,215000
2021-09-02,211500
2021-09-03,214500
2021-09-04,-1
2021-09-05,-1
2021-09-06,215000
2021-09-07,212500
2021-09-08,213000
2021-09-09,208500
2021-09-10,206500
2021-09-11,-1
2021-09-12,-1
2021-09-13,205000
2021-09-14,209000
2021-09-15,209500
2021-09-16,208000
2021-09-17,209000
2021-09-18,-1
2021-09-19,-1
2021-09-20,-1
2021-09-21,-1
2021-09-22,-1
2021-09-23,208500
2021-09-24,207000
2021-09-25,-1
2021-09-26,-1
2021-09-27,204000
2021-09-28,201500
2021-09-29,201500
2021-09-30,200000
2022-04-01,178000
2022-04-02,-1
2022-04-03,-1
2022-04-04,178000
2022-04-05,179000
2022-04-06,180000
2022-04-07,178500
2022-04-08,176500
2022-04-09,-1
2022-04-10,-1
2022-04-11,179500
2022-04-12,178000
2022-04-13,181000
2022-04-14,177500
2022-04-15,177000
2022-04-16,-1
2022-04-17,-1
2022-04-18,178500
2022-04-19,181000
2022-04-20,183000
2022-04-21,183000
2022-04-22,180000
2022-04-23,-1
2022-04-24,-1
2022-04-25,182000
2022-04-26,187000
2022-04-27,187000
2022-04-28,188500
2022-04-29,186000
2022-04-30,-1
2022-05-01,-1
2022-05-02,187000
2022-05-03,183500
2022-05-04,184000
2022-05-05,-1
2022-05-06,182500
2022-05-07,-1
2022-05-08,-1
2022-05-09,181500
2022-05-10,180500
2022-05-11,183000
2022-05-12,180500
2022-05-13,186500
2022-05-14,-1
2022-05-15,-1
2022-05-16,184000
2022-05-17,185500
2022-05-18,185500
2022-05-19,182000
2022-05-20,186500
2022-05-21,-1
2022-05-22,-1
2022-05-23,188000
2022-05-24,185000
2022-05-25,183500
2022-05-26,184000
2022-05-27,185500
2022-05-28,-1
2022-05-29,-1
2022-05-30,187500
2022-05-31,189500
2022-06-01,-1
2022-06-02,187500
2022-06-03,187000
2022-06-04,-1
2022-06-05,-1
2022-06-06,-1
2022-06-07,183500
2022-06-08,183000
2022-06-09,182500
2022-06-10,184500
2022-06-11,-1
2022-06-12,-1
2022-06-13,175000
2022-06-14,171500
2022-06-15,174000
2022-06-16,173000
2022-06-17,170000
2022-06-18,-1
2022-06-19,-1
2022-06-20,170500
2022-06-21,172500
2022-06-22,171500
2022-06-23,171000
2022-06-24,173000
2022-06-25,-1
2022-06-26,-1
2022-06-27,183000
2022-06-28,186000
2022-06-29,175500
2022-06-30,180500
2022-10-01,-1
2022-10-02,-1
2022-10-03,-1
2022-10-04,179500
2022-10-05,177000
2022-10-06,178000
2022-10-07,175500
2022-10-08,-1
2022-10-09,-1
2022-10-10,-1
2022-10-11,168000
2022-10-12,168000
2022-10-13,164500
2022-10-14,167000
2022-10-15,-1
2022-10-16,-1
2022-10-17,167000
2022-10-18,168000
2022-10-19,168000
2022-10-20,168500
2022-10-21,167000
2022-10-22,-1
2022-10-23,-1
2022-10-24,161500
2022-10-25,162500
2022-10-26,160500
2022-10-27,162000
2022-10-28,164000
2022-10-29,-1
2022-10-30,-1
2022-10-31,164500
2022-11-01,164500
2022-11-02,165000
2022-11-03,162000
2022-11-04,163000
2022-11-05,-1
2022-11-06,-1
2022-11-07,169500
2022-11-08,170000
2022-11-09,169500
2022-11-10,169500
2022-11-11,172000
2022-11-12,-1
2022-11-13,-1
2022-11-14,176000
2022-11-15,174500
2022-11-16,172000
2022-11-17,170000
2022-11-18,169500
2022-11-19,-1
2022-11-20,-1
2022-11-21,168000
2022-11-22,165500
2022-11-23,166000
2022-11-24,167500
2022-11-25,166000
2022-11-26,-1
2022-11-27,-1
2022-11-28,167500
2022-11-29,169000
2022-11-30,169000
2022-12-01,171500
2022-12-02,169000
2022-12-03,-1
2022-12-04,-1
2022-12-05,165500
2022-12-06,164500
2022-12-07,163000
2022-12-08,162000
2022-12-09,162500
2022-12-10,-1
2022-12-11,-1
2022-12-12,163500
2022-12-13,159500
2022-12-14,163500
2022-12-15,162000
2022-12-16,162500
2022-12-17,-1
2022-12-18,-1
2022-12-19,159000
2022-12-20,157000
2022-12-21,156000
2022-12-22,158500
2022-12-23,157000
2022-12-24,-1
2022-12-25,-1
2022-12-26,158000
2022-12-27,158000
2022-12-28,154000
2022-12-29,151000
2022-12-30,-1
2022-12-31,-1
2023-07-01,-1
2023-07-02,-1
2023-07-03,208500
2023-07-04,208000
2023-07-05,205500
2023-07-06,206500
2023-07-07,204000
2023-07-08,-1
2023-07-09,-1
2023-07-10,205500
2023-07-11,207000
2023-07-12,203500
2023-07-13,203500
2023-07-14,208500
2023-07-15,-1
2023-07-16,-1
2023-07-17,203500
2023-07-18,201500
2023-07-19,202000
2023-07-20,200500
2023-07-21,200000
2023-07-22,-1
2023-07-23,-1
2023-07-24,199200
2023-07-25,200500
2023-07-26,198700
2023-07-27,197800
2023-07-28,196800
2023-07-29,-1
2023-07-30,-1
2023-07-31,196000
2023-08-01,199400
2023-08-02,192500
2023-08-03,191700
2023-08-04,192200
2023-08-05,-1
2023-08-06,-1
2023-08-07,188000
2023-08-08,188400
2023-08-09,189400
2023-08-10,188400
2023-08-11,190500
2023-08-12,-1
2023-08-13,-1
2023-08-14,188800
2023-08-15,-1
2023-08-16,185800
2023-08-17,184800
2023-08-18,186100
2023-08-19,-1
2023-08-20,-1
2023-08-21,186100
2023-08-22,187900
2023-08-23,187500
2023-08-24,186400
2023-08-25,186200
2023-08-26,-1
2023-08-27,-1
2023-08-28,185400
2023-08-29,186700
2023-08-30,187800
2023-08-31,189100
2023-09-01,187400
2023-09-02,-1
2023-09-03,-1
2023-09-04,187300
2023-09-05,186600
2023-09-06,186700
2023-09-07,187200
2023-09-08,185700
2023-09-09,-1
2023-09-10,-1
2023-09-11,185500
2023-09-12,186200
2023-09-13,189800
2023-09-14,190700
2023-09-15,192200
2023-09-16,-1
2023-09-17,-1
2023-09-18,191000
2023-09-19,190000
2023-09-20,194900
2023-09-21,191900
2023-09-22,191500
2023-09-23,-1
2023-09-24,-1
2023-09-25,192900
2023-09-26,190700
2023-09-27,191100
2023-09-28,-1
2023-09-29,-1
2023-09-30,-1
2023-10-01,-1
2023-10-02,-1
2023-10-03,-1
2023-10-04,190800
2023-10-05,190500
2023-10-06,192200
2023-10-07,-1
2023-10-08,-1
2023-10-09,-1
2023-10-10,188400
2023-10-11,189400
2023-10-12,188000
2023-10-13,187100
2023-10-14,-1
2023-10-15,-1
2023-10-16,186800
2023-10-17,188500
2023-10-18,191800
2023-10-19,188900
2023-10-20,183500
2023-10-21,-1
2023-10-22,-1
2023-10-23,185400
2023-10-24,182800
2023-10-25,182000
2023-10-26,179500
2023-10-27,175600
2023-10-28,-1
2023-10-29,-1
2023-10-30,172500
2023-10-31,169700
2023-11-01,170300
2023-11-02,172000
2023-11-03,173400
2023-11-04,-1
2023-11-05,-1
2023-11-06,177900
2023-11-07,176100
2023-11-08,174800
2023-11-09,174700
2023-11-10,173700
2023-11-11,-1
2023-11-12,-1
2023-11-13,173300
2023-11-14,175200
2023-11-15,182500
2023-11-16,184800
2023-11-17,184400
2023-11-18,-1
2023-11-19,-1
2023-11-20,183600
2023-11-21,184200
2023-11-22,183000
2023-11-23,184800
2023-11-24,184000
2023-11-25,-1
2023-11-26,-1
2023-11-27,184900
2023-11-28,185700
2023-11-29,184800
2023-11-30,184300
2023-12-01,182800
2023-12-02,-1
2023-12-03,-1
2023-12-04,181600
2023-12-05,181400
2023-12-06,182900
2023-12-07,182600
2023-12-08,185100
2023-12-09,-1
2023-12-10,-1
2023-12-11,185400
2023-12-12,185600
2023-12-13,185000
2023-12-14,184800
2023-12-15,192800
2023-12-16,-1
2023-12-17,-1
2023-12-18,192000
2023-12-19,192200
2023-12-20,199100
2023-12-21,198700
2023-12-22,199000
2023-12-23,-1
2023-12-24,-1
2023-12-25,-1
2023-12-26,198800
2023-12-27,198500
2023-12-28,203500
2023-12-29,-1
2023-12-30,-1
2023-12-31,-1
2024-01-01,-1
2024-01-02,200500
2024-01-03,193800
2024-01-04,190000
2024-01-05,187300
2024-01-06,-1
2024-01-07,-1
2024-01-08,185700
2024-01-09,185600
2024-01-10,186700
2024-01-11,187000
2024-01-12,186000
2024-01-13,-1
2024-01-14,-1
2024-01-15,187500
2024-01-16,186200
2024-01-17,181800
2024-01-18,180200
2024-01-19,181700
2024-01-20,-1
2024-01-21,-1
2024-01-22,180100
2024-01-23,184800
2024-01-24,185000
2024-01-25,188700
2024-01-26,187300
2024-01-27,-1
2024-01-28,-1
2024-01-29,195600
2024-01-30,190000
2024-01-31,194600
2024-02-01,208000
2024-02-02,227000
2024-02-03,-1
2024-02-04,-1
2024-02-05,238000
2024-02-06,235500
2024-02-07,245000
2024-02-08,250000
2024-02-09,-1
2024-02-10,-1
2024-02-11,-1
2024-02-12,-1
2024-02-13,249000
2024-02-14,245500
2024-02-15,240000
2024-02-16,252500
2024-02-17,-1
2024-02-18,-1
2024-02-19,252500
2024-02-20,242000
2024-02-21,239500
2024-02-22,243500
2024-02-23,244000
2024-02-24,-1
2024-02-25,-1
2024-02-26,239000
2024-02-27,238500
2024-02-28,248000
2024-02-29,250500
2024-03-01,-1
2024-03-02,-1
2024-03-03,-1
2024-03-04,255500
2024-03-05,249000
2024-03-06,251000
2024-03-07,250000
2024-03-08,253000
2024-03-09,-1
2024-03-10,-1
2024-03-11,243500
2024-03-12,241500
2024-03-13,248500
2024-03-14,251500
2024-03-15,243500
2024-03-16,-1
2024-03-17,-1
2024-03-18,242500
2024-03-19,237500
2024-03-20,241000
2024-03-21,252000
2024-03-22,243500
2024-03-23,-1
2024-03-24,-1
2024-03-25,239500
2024-03-26,240500
2024-03-27,244000
2024-03-28,237000
2024-03-29,233000
2024-03-30,-1
2024-03-31,-1
2024-04-01,227500
2024-04-02,220000
2024-04-03,216000
2024-04-04,226000
2024-04-05,225500
2024-04-06,-1
2024-04-07,-1
2024-04-08,232500
2024-04-09,228000
2024-04-10,-1
2024-04-11,241000
2024-04-12,238000
2024-04-13,-1
2024-04-14,-1
2024-04-15,241500
2024-04-16,242000
2024-04-17,233500
2024-04-18,231000
2024-04-19,235000
2024-04-20,-1
2024-04-21,-1
2024-04-22,245000
2024-04-23,249500
2024-04-24,252500
2024-04-25,250000
2024-04-26,249500
2024-04-27,-1
2024-04-28,-1
2024-04-29,251500
2024-04-30,251000
2024-05-01,-1
2024-05-02,249000
2024-05-03,241000
2024-05-04,-1
2024-05-05,-1
2024-05-06,-1
2024-05-07,242000
2024-05-08,242000
2024-05-09,237000
2024-05-10,241500
2024-05-11,-1
2024-05-12,-1
2024-05-13,245000
2024-05-14,246500
2024-05-15,-1
2024-05-16,247000
2024-05-17,244000
2024-05-18,-1
2024-05-19,-1
2024-05-20,250500
2024-05-21,253000
2024-05-22,277000
2024-05-23,271500
2024-05-24,267500
2024-05-25,-1
2024-05-26,-1
2024-05-27,265500
2024-05-28,265000
2024-05-29,261000
2024-05-30,257000
2024-05-31,253000
2024-06-01,-1
2024-06-02,-1
2024-06-03,265000
2024-06-04,259000
2024-06-05,264000
2024-06-06,-1
2024-06-07,265000
2024-06-08,-1
2024-06-09,-1
2024-06-10,267500
2024-06-11,271000
2024-06-12,270000
2024-06-13,269000
2024-06-14,268000
2024-06-15,-1
2024-06-16,-1
2024-06-17,278500
2024-06-18,283000
2024-06-19,286500
2024-06-20,285500
2024-06-21,280000
2024-06-22,-1
2024-06-23,-1
2024-06-24,281000
2024-06-25,288500
2024-06-26,289500
2024-06-27,298000
2024-06-28,295000
2024-06-29,-1
2024-06-30,-1
2024-07-01,286000
2024-07-02,272500
2024-07-03,276000
2024-07-04,277500
2024-07-05,281000
2024-07-06,-1
2024-07-07,-1
2024-07-08,283000
2024-07-09,274500
2024-07-10,274500
2024-07-11,278500
2024-07-12,271500
2024-07-13,-1
2024-07-14,-1
2024-07-15,268500
2024-07-16,274500
2024-07-17,268500
2024-07-18,260500
2024-07-19,258500
2024-07-20,-1
2024-07-21,-1
2024-07-22,255000
2024-07-23,263500
2024-07-24,258500
2024-07-25,251500
2024-07-26,243500
2024-07-27,-1
2024-07-28,-1
2024-07-29,255500
2024-07-30,250000
2024-07-31,249000
2024-08-01,253500
2024-08-02,244000
2024-08-03,-1
2024-08-04,-1
2024-08-05,224000
2024-08-06,235000
2024-08-07,236000
2024-08-08,236500
2024-08-09,243000
2024-08-10,-1
2024-08-11,-1
2024-08-12,243500
2024-08-13,243000
2024-08-14,241000
2024-08-15,-1
2024-08-16,255000
2024-08-17,-1
2024-08-18,-1
2024-08-19,255000
2024-08-20,256000
2024-08-21,252500
2024-08-22,248000
2024-08-23,252500
2024-08-24,-1
2024-08-25,-1
2024-08-26,249500
2024-08-27,247500
2024-08-28,259000
2024-08-29,258500
2024-08-30,255500
2024-08-31,-1
2024-09-01,-1
2024-09-02,246000
2024-09-03,237500
2024-09-04,232500
2024-09-05,229000
2024-09-06,227500
2024-09-07,-1
2024-09-08,-1
2024-09-09,229500
2024-09-10,231000
2024-09-11,223500
2024-09-12,232000
2024-09-13,237000
2024-09-14,-1
2024-09-15,-1
2024-09-16,-1
2024-09-17,-1
2024-09-18,-1
2024-09-19,246000
2024-09-20,250500
2024-09-21,-1
2024-09-22,-1
2024-09-23,249000
2024-09-24,253000
2024-09-25,251500
2024-09-26,259000
2024-09-27,254500
2024-09-28,-1
2024-09-29,-1
2024-09-30,244000
2024-10-01,-1
2024-10-02,237000
2024-10-03,-1
2024-10-04,239500
2024-10-05,-1
2024-10-06,-1
2024-10-07,247000
2024-10-08,246000
2024-10-09,-1
2024-10-10,246000
2024-10-11,248500
2024-10-12,-1
2024-10-13,-1
2024-10-14,248500
2024-10-15,246000
2024-10-16,247000
2024-10-17,235500
2024-10-18,234500
2024-10-19,-1
2024-10-20,-1
2024-10-21,237000
2024-10-22,234500
2024-10-23,241000
2024-10-24,228500
2024-10-25,225500
2024-10-26,-1
2024-10-27,-1
2024-10-28,226500
2024-10-29,224000
2024-10-30,220500
2024-10-31,215000
2024-11-01,213500
2024-11-02,-1
2024-11-03,-1
2024-11-04,216500
2024-11-05,215000
2024-11-06,206500
2024-11-07,207500
2024-11-08,203500
2024-11-09,-1
2024-11-10,-1
2024-11-11,211000
2024-11-12,207000
2024-11-13,199900
2024-11-14,201500
2024-11-15,206000
2024-11-16,-1
2024-11-17,-1
2024-11-18,217000
2024-11-19,215500
2024-11-20,218500
2024-11-21,215500
2024-11-22,217000
2024-11-23,-1
2024-11-24,-1
2024-11-25,219000
2024-11-26,223500
2024-11-27,221000
2024-11-28,219000
2024-11-29,218500
2024-11-30,-1
2024-12-01,-1
2024-12-02,216000
2024-12-03,214500
2024-12-04,209000
2024-12-05,204500
2024-12-06,203500
2024-12-07,-1
2024-12-08,-1
2024-12-09,201000
2024-12-10,210500
2024-12-11,209000
2024-12-12,211500
2024-12-13,215000
2024-12-14,-1
2024-12-15,-1
2024-12-16,211000
2024-12-17,206500
2024-12-18,216500
2024-12-19,212000
2024-12-20,210500
2024-12-21,-1
2024-12-22,-1
2024-12-23,215000
2024-12-24,216500
2024-12-25,-1
2024-12-26,217500
2024-12-27,215000
2024-12-28,-1
2024-12-29,-1
2024-12-30,212000
2024-12-31,-1
2025-04-01,198600
2025-04-02,196300
2025-04-03,193800
2025-04-04,191800
2025-04-05,-1
2025-04-06,-1
2025-04-07,179100
2025-04-08,179200
2025-04-09,178000
2025-04-10,187000
2025-04-11,177500
2025-04-12,-1
2025-04-13,-1
2025-04-14,179300
2025-04-15,187000
2025-04-16,181700
2025-04-17,181700
2025-04-18,187200
2025-04-19,-1
2025-04-20,-1
2025-04-21,187300
2025-04-22,185600
2025-04-23,190000
2025-04-24,188900
2025-04-25,188800
2025-04-26,-1
2025-04-27,-1
2025-04-28,189000
2025-04-29,192800
2025-04-30,190600
2025-05-01,-1
2025-05-02,189400
2025-05-03,-1
2025-05-04,-1
2025-05-05,-1
2025-05-06,-1
2025-05-07,187600
2025-05-08,187100
2025-05-09,189900
2025-05-10,-1
2025-05-11,-1
2025-05-12,195800
2025-05-13,196700
2025-05-14,197100
2025-05-15,192900
2025-05-16,193800
2025-05-17,-1
2025-05-18,-1
2025-05-19,191000
2025-05-20,189500
2025-05-21,188000
2025-05-22,182400
2025-05-23,179900
2025-05-24,-1
2025-05-25,-1
2025-05-26,181900
2025-05-27,181900
2025-05-28,185900
2025-05-29,191000
2025-05-30,185300
2025-05-31,-1
2025-06-01,-1
2025-06-02,184000
2025-06-03,-1
2025-06-04,186000
2025-06-05,189600
2025-06-06,-1
2025-06-07,-1
2025-06-08,-1
2025-06-09,197800
2025-06-10,197000
2025-06-11,201000
2025-06-12,201500
2025-06-13,199000
2025-06-14,-1
2025-06-15,-1
2025-06-16,201500
2025-06-17,205000
2025-06-18,206000
2025-06-19,207000
2025-06-20,210000
2025-06-21,-1
2025-06-22,-1
2025-06-23,201500
2025-06-24,206000
2025-06-25,217000
2025-06-26,209500
2025-06-27,205000
2025-06-28,-1
2025-06-29,-1
2025-06-30,203500
2025-07-01,210000
2025-07-02,213500
2025-07-03,214500
2025-07-04,210500
2025-07-05,-1
2025-07-06,-1
2025-07-07,208500
2025-07-08,211000
2025-07-09,209500
2025-07-10,208000
2025-07-11,208000
2025-07-12,-1
2025-07-13,-1
2025-07-14,217000
2025-07-15,211000
2025-07-16,207500
2025-07-17,210000
2025-07-18,210500
2025-07-19,-1
2025-07-20,-1
2025-07-21,209000
2025-07-22,206500
2025-07-23,222000
2025-07-24,217500
2025-07-25,216500
2025-07-26,-1
2025-07-27,-1
2025-07-28,218500
2025-07-29,218000
2025-07-30,223000
2025-07-31,213000
2025-08-01,210000
2025-08-02,-1
2025-08-03,-1
2025-08-04,211000
2025-08-05,210500
2025-08-06,210500
2025-08-07,212500
2025-08-08,212500
2025-08-09,-1
2025-08-10,-1
2025-08-11,212500
2025-08-12,213000
2025-08-13,216000
2025-08-14,217500
2025-08-15,-1
2025-08-16,-1
2025-08-17,-1
2025-08-18,216500
2025-08-19,219000
2025-08-20,220500
2025-08-21,221500
2025-08-22,220000
2025-08-23,-1
2025-08-24,-1
2025-08-25,222000
2025-08-26,218500
2025-08-27,220000
2025-08-28,222000
2025-08-29,220000
2025-08-30,-1
2025-08-31,-1
2025-09-01,220500
2025-09-02,220000
2025-09-03,221500
2025-09-04,221500
2025-09-05,220000
2025-09-06,-1
2025-09-07,-1
2025-09-08,218500
2025-09-09,219000
2025-09-10,220500
2025-09-11,223000
2025-09-12,223500
2025-09-13,-1
2025-09-14,-1
2025-09-15,215000
2025-09-16,215000
2025-09-17,216000
2025-09-18,218500
2025-09-19,214000
2025-09-20,-1
2025-09-21,-1
2025-09-22,218000
2025-09-23,219000
2025-09-24,217500
2025-09-25,217000
2025-09-26,214500
2025-09-27,-1
2025-09-28,-1
2025-09-29,215000
2025-09-30,215000
2026-01-01,-1
2026-01-02,298500
2026-01-03,-1
2026-01-04,-1
2026-01-05,304500
2026-01-06,308000
2026-01-07,350500
2026-01-08,340500
2026-01-09,366000
2026-01-10,-1
2026-01-11,-1
2026-01-12,367000
2026-01-13,406000
2026-01-14,411500
2026-01-15,422000
2026-01-16,413000
2026-01-17,-1
2026-01-18,-1
2026-01-19,480000
2026-01-20,479000
2026-01-21,549000
2026-01-22,529000
2026-01-23,510000
2026-01-24,-1
2026-01-25,-1
2026-01-26,492500
2026-01-27,488500
2026-01-28,492500
2026-01-29,528000
2026-01-30,500000
2026-01-31,-1
2026-02-01,-1
2026-02-02,478000
2026-02-03,491500
2026-02-04,504000
2026-02-05,488500
2026-02-06,467500
2026-02-07,-1
2026-02-08,-1
2026-02-09,478000
2026-02-10,480500
2026-02-11,509000
2026-02-12,506000
2026-02-13,499000
2026-02-14,-1
2026-02-15,-1
2026-02-16,-1
2026-02-17,-1
2026-02-18,-1
2026-02-19,513000
2026-02-20,509000
2026-02-21,-1
2026-02-22,-1
2026-02-23,523000
2026-02-24,524000
2026-02-25,572000
2026-02-26,609000
2026-02-27,674000
2026-02-28,-1
2026-03-01,-1
2026-03-02,-1
2026-03-03,595000
2026-03-04,501000
2026-03-05,548000
2026-03-06,553000
2026-03-07,-1
2026-03-08,-1
2026-03-09,507000
2026-03-10,525000
2026-03-11,530000
2026-03-12,521000
2026-03-13,517000
2026-03-14,-1
2026-03-15,-1
2026-03-16,506000
2026-03-17,522000
2026-03-18,545000
2026-03-19,522000
2026-03-20,517000
2026-03-21,-1
2026-03-22,-1
2026-03-23,485000
2026-03-24,492000
2026-03-25,501000
2026-03-26,490000
2026-03-27,495000
2026-03-28,-1
2026-03-29,-1
2026-03-30,469500
2026-03-31,445500
2026-04-01,488000
2026-04-02,465500
2026-04-03,471000
2026-04-04,-1
2026-04-05,-1
2026-04-06,469000
2026-04-07,473000
2026-04-08,508000
2026-04-09,489500
2026-04-10,489500
2026-04-11,-1
2026-04-12,-1
2026-04-13,478500
2026-04-14,491500
2026-04-15,508000
2026-04-16,534000
2026-04-17,538000
2026-04-18,-1
2026-04-19,-1
2026-04-20,527000
2026-04-21,546000
2026-04-22,541000
2026-04-23,532000
2026-04-24,513000
2026-04-25,-1
2026-04-26,-1
2026-04-27,524000
2026-04-28,555000
2026-04-29,556000
2026-04-30,531000
2026-05-01,-1
2026-05-02,-1
2026-05-03,-1
2026-05-04,539000
2026-05-05,-1
2026-05-06,550000
2026-05-07,572000
2026-05-08,613000
2026-05-09,-1
2026-05-10,-1
2026-05-11,646000
2026-05-12,646000
2026-05-13,710000
2026-05-14,712000
2026-05-15,700000
2026-05-16,-1
2026-05-17,-1
2026-05-18,663000
2026-05-19,604000
2026-05-20,592000
2026-05-21,666000
2026-05-22,655000
2026-05-23,-1
2026-05-24,-1
2026-05-25,-1
2026-05-26,689000
2026-05-27,681000
2026-05-28,677000
2026-05-29,723000
2026-05-30,-1
2026-05-31,-1
2026-06-01,750000
2026-06-02,729000
2026-06-03,-1
2026-06-04,700000
2026-06-05,700000
2026-06-06,-1
2026-06-07,-1
2026-06-08,639000
2026-06-09,639000
2026-06-10,602000
2026-06-11,597000
2026-06-12,607000
2026-06-13,-1
2026-06-14,-1
2026-06-15,647000
2026-06-16,640000
2026-06-17,618000
2026-06-18,601000
2026-06-19,613000
2026-06-20,-1
2026-06-21,-1
2026-06-22,581000
2026-06-23,511000
2026-06-24,509000
2026-06-25,503000
2026-06-26,480500
2026-06-27,-1
2026-06-28,-1
2026-06-29,497000
2026-06-30,495000
