Date,Open,High,Low,Close,Volume
2014-03-03,18219,18272,18030,18272,5300
2014-03-04,18036,18204,17978,18002,3658
2014-03-05,18139,18204,18018,18156,3085
2014-03-06,18139,18144,17965,18053,1507
2014-03-07,18144,18144,17847,17905,5292
2014-03-10,17870,17870,17692,17695,3168
2014-03-11,17755,17900,17687,17900,1798
2014-03-12,18069,18069,17723,17723,1206
2014-03-13,17852,17852,17589,17589,3565
2014-03-14,17431,17507,17343,17507,914
2014-03-17,17517,17826,17517,17768,1847
2014-03-18,17938,17944,17804,17924,925
2014-03-19,17920,18006,17900,17956,584
2014-03-20,17878,17878,17673,17746,1839
2014-03-21,17900,17982,17865,17965,25970
2014-03-24,18149,18149,17948,18036,948
2014-03-25,18006,18086,18006,18049,14939
2014-03-26,18125,18374,18125,18374,3247
2014-03-27,18400,18572,18354,18572,2948
2014-03-28,18441,18599,18437,18539,2487
2014-03-31,18650,18701,18452,18701,5659
2014-04-01,18650,18724,18592,18646,33323
2014-04-02,18833,18833,18716,18833,4597
2014-04-03,18877,18877,18537,18537,2060
2014-04-04,18603,18732,18584,18650,1247
2014-04-07,18650,18650,18397,18505,25158
2014-04-08,18397,18519,18397,18519,2590
2014-04-09,18537,18572,18106,18253,10606
2014-04-10,18384,18384,17951,18125,17890
2014-04-11,17990,18125,17960,18115,1481
2014-04-14,18086,18248,18086,18226,2976
2014-04-15,18430,18430,17997,18094,2463
2014-04-16,18134,18134,18021,18098,10110
2014-04-17,18204,18204,17944,18122,2361
2014-04-18,18091,18243,18091,18243,5658
2014-04-21,18134,18195,18053,18094,1470
2014-04-22,18086,18167,18006,18167,2480
2014-04-23,18269,18272,18086,18086,521
2014-04-24,18118,18118,17978,18094,1964
2014-04-25,18010,18010,17746,17788,4049
2014-04-28,17779,17941,17763,17941,709
2014-04-29,17970,17973,17880,17887,1785
2014-04-30,17905,17920,17599,17749,6106
2014-05-02,17735,17735,17378,17465,33336
2014-05-07,17491,17491,17271,17320,2391
2014-05-08,17390,17604,17308,17604,2473
2014-05-09,17540,17637,17519,17609,945
2014-05-12,17596,17596,17390,17523,35466
2014-05-13,17568,17763,17531,17699,1180
2014-05-14,17835,18092,17783,18092,5630
2014-05-15,18123,18163,18054,18123,4204
2014-05-16,18014,18058,17811,17865,10423
2014-05-19,17887,17896,17800,17892,1280
2014-05-20,17843,17847,17676,17714,18017
2014-05-21,17706,17860,17681,17807,1582
2014-05-22,17978,17978,17746,17887,5399
2014-05-23,17944,18006,17900,17944,3975
2014-05-26,18002,18025,17920,17924,1148
2014-05-27,17973,17973,17665,17783,1566
2014-05-28,17706,17874,17699,17874,2913
2014-05-29,17754,17874,17754,17763,366
2014-05-30,17847,17870,17681,17719,1659
2014-06-02,17706,17719,17613,17665,2189
2014-06-03,17637,17719,17371,17719,3002
2014-06-05,17641,17706,17535,17613,10666
2014-06-09,17676,17735,17609,17665,1852
2014-06-10,17783,17783,17691,17709,454
2014-06-11,17833,17847,17691,17763,1778
2014-06-12,17800,17800,17709,17800,739
2014-06-13,17800,17800,17645,17791,2375
2014-06-16,17665,17726,17637,17694,384
2014-06-17,17665,17933,17649,17924,2103
2014-06-18,17924,17924,17649,17649,44683
2014-06-19,17754,17787,17549,17703,830
2014-06-20,17613,17625,17334,17357,10810
2014-06-23,17296,17362,17248,17271,4595
2014-06-24,17231,17437,17170,17406,2700
2014-06-25,17446,17446,17344,17446,699
2014-06-26,17609,17658,17531,17649,2767
2014-06-27,17604,17787,17560,17703,7877
2014-06-30,17731,17787,17568,17787,1922
2014-07-01,17676,17676,17482,17555,1784
2014-07-02,17620,17620,17482,17555,2850
2014-07-03,17535,17555,17458,17555,1076
2014-07-04,17580,17580,17535,17570,863
2014-07-07,17535,17535,17387,17442,729
2014-07-08,17515,17523,17353,17411,829
2014-07-09,17362,17398,17248,17398,2738
2014-07-10,17324,17502,17320,17502,5515
2014-07-11,17475,17475,17288,17288,7903
2014-07-14,17442,17442,17269,17296,1808
2014-07-15,17305,17676,17305,17633,4764
2014-07-16,17783,17909,17691,17811,10076
2014-07-17,17970,17970,17811,17816,6309
2014-07-18,17706,17860,17706,17860,1499
2014-07-21,17840,17920,17599,17649,776
2014-07-22,17742,17783,17649,17723,927
2014-07-23,17676,17681,17540,17580,688
2014-07-24,17676,17676,17498,17649,1009
2014-07-25,17800,17833,17637,17763,2305
2014-07-28,17746,17749,17568,17709,1349
2014-07-29,17746,18280,17746,18274,8801
2014-07-30,18310,18464,18263,18406,26034
2014-07-31,18406,18578,18401,18578,4105
2014-08-01,18538,18543,18326,18543,832
2014-08-04,18543,18658,18310,18420,3491
2014-08-05,18338,18343,18225,18250,784
2014-08-06,18255,18299,17997,18006,576
2014-08-07,18150,18184,18042,18042,1373
2014-08-08,17944,17990,17847,17865,743
2014-08-11,18058,18058,17909,17933,122
2014-08-12,18010,18083,17912,17912,824
2014-08-13,17951,18168,17905,18168,2649
2014-08-14,18054,18184,17990,17990,500
2014-08-18,18126,18126,17803,17803,911
2014-08-19,17941,18083,17924,17978,57379
2014-08-20,18196,18196,17933,18047,634
2014-08-21,18010,18014,17758,17758,571
2014-08-22,17791,17912,17767,17912,672
2014-08-25,17887,17912,17791,17825,1179
2014-08-26,17847,18002,17833,17920,994
2014-08-27,17965,18047,17924,18042,2342
2014-08-28,18126,18205,17973,17973,1642
2014-08-29,17973,18259,17973,18259,2284
2014-09-01,18092,18205,18092,18107,4008
2014-09-02,18002,18002,17795,17887,697
2014-09-03,17843,17843,17668,17672,512
2014-09-04,17731,17731,17540,17591,2105
2014-09-05,17637,17637,17387,17387,1441
2014-09-11,17450,17450,17203,17305,49062
2014-09-12,17313,17553,17305,17553,2352
2014-09-15,17575,17668,17479,17609,918
2014-09-16,17654,17672,17555,17628,1268
2014-09-17,17649,17649,17596,17633,326
2014-09-18,17568,17568,16602,16656,17851
2014-09-19,16623,16875,16554,16721,8670
2014-09-22,16802,16802,16569,16579,1631
2014-09-23,16525,16525,16299,16420,2825
2014-09-24,16266,16445,16263,16420,3617
2014-09-25,16427,16493,16392,16470,442
2014-09-26,16249,16259,16181,16227,3192
2014-09-29,16336,16356,16217,16274,876
2014-09-30,16312,16470,16254,16392,3327
2014-10-01,16259,16316,16222,16274,12517
2014-10-02,16266,16266,15877,15958,13500
2014-10-06,15943,16116,15943,16083,4747
2014-10-07,16190,16194,16015,16194,3434
2014-10-08,16087,16144,15979,16071,1553
2014-10-10,16071,16157,15792,16157,7251
2014-10-13,16157,16157,15979,16018,1507
2014-10-14,16045,16045,15726,15739,1179
2014-10-15,15795,15808,15560,15635,2089
2014-10-16,15551,15551,15115,15194,20969
2014-10-17,15143,15316,15090,15135,1389
2014-10-20,15301,15551,15290,15471,3710
2014-10-21,15432,15432,15232,15331,1007
2014-10-22,15523,15523,14862,15125,4023
2014-10-23,15143,15597,15070,15495,7077
2014-10-24,15602,15618,15249,15570,3544
2014-10-27,15592,15833,15592,15726,5335
2014-10-28,15784,15784,15505,15573,1163
2014-10-29,15658,15658,15471,15602,5370
2014-10-30,15663,15739,15645,15649,756
2014-10-31,15720,15720,15464,15570,4904
2014-11-03,15519,15519,14855,14892,5870
2014-11-04,14867,14867,14547,14730,4896
2014-11-05,14717,14782,14498,14538,1572
2014-11-06,14531,15062,14494,15045,4805
2014-11-07,15045,15306,14993,15181,5396
2014-11-10,15343,15667,15343,15440,22595
2014-11-11,15437,15755,15316,15635,3702
2014-11-12,15729,15771,15611,15618,7445
2014-11-13,15606,15729,15606,15674,1087
2014-11-14,15623,15698,15580,15640,450
2014-11-17,15640,15677,15570,15635,559
2014-11-18,15611,15739,15611,15720,2289
2014-11-19,15804,15808,15519,15677,786
2014-11-20,15606,15606,15403,15491,1653
2014-11-21,15505,15505,15306,15403,1183
2014-11-24,15448,15663,15448,15663,836
2014-11-25,15760,15760,15560,15717,914
2014-11-26,15726,15726,15584,15685,1426
2014-11-27,15626,15844,15565,15844,1011
2014-11-28,15768,15844,15729,15844,433
2014-12-01,15717,15906,15635,15873,1232
2014-12-02,15787,15840,15580,15602,565
2014-12-03,15618,15894,15618,15674,1266
2014-12-04,15760,16222,15760,16222,2954
2014-12-05,16245,16356,16177,16356,6831
2014-12-08,16347,16371,16071,16137,2401
2014-12-09,16063,16092,15837,15853,5774
2014-12-10,15853,15853,15606,15729,275
2014-12-11,15500,15649,15479,15508,1872
2014-12-12,15432,15690,15432,15654,389
2014-12-15,15537,15618,15471,15618,632
2014-12-16,15548,15671,15491,15576,1139
2014-12-17,15649,15649,15115,15139,2817
2014-12-18,15249,15253,14943,15090,2243
2014-12-19,15249,15301,15203,15203,1840
2014-12-22,15301,15306,15241,15306,492
2014-12-23,15321,15373,15277,15369,296
2014-12-24,15455,15551,15414,15528,1054
2014-12-26,15556,15556,15471,15486,2864
2014-12-29,15570,15602,15528,15528,1171
2014-12-30,15570,15570,15232,15350,1210
2015-01-02,15257,15369,15194,15369,1610
2015-01-05,15355,15355,15122,15245,4531
2015-01-06,15143,15143,14862,14943,992
2015-01-07,14791,15171,14791,15156,725
2015-01-08,15212,15334,15183,15334,1140
2015-01-09,15495,15734,15414,15580,1729
2015-01-12,15528,15618,15486,15523,1380
2015-01-13,15974,16096,15886,15997,6437
2015-01-14,16036,16036,15708,15729,444
2015-01-15,15776,15776,15649,15698,451
2015-01-16,15606,15606,15432,15505,1262
2015-01-19,15611,15645,15519,15519,226
2015-01-20,15543,15597,15471,15560,795
2015-01-21,15570,15570,15241,15241,1781
2015-01-22,15311,15373,15147,15191,1146
2015-01-23,15369,15369,15207,15207,1521
2015-01-26,15045,15093,14920,14957,15777
2015-01-27,14966,15036,14839,14943,2271
2015-01-28,14880,15036,14880,14962,5168
2015-01-29,14993,15120,14943,15040,3507
2015-01-30,15147,15215,15002,15086,1097
2015-02-02,15032,15086,15002,15054,636
2015-02-03,15062,15062,14690,14750,8556
2015-02-04,14852,14871,14741,14871,2783
2015-02-05,14839,14943,14835,14880,1430
2015-02-06,14937,14937,14408,14559,7259
2015-02-09,14494,14494,14183,14199,4138
2015-02-10,14104,14280,14104,14199,2481
2015-02-11,14219,14304,14219,14304,472
2015-02-12,14390,14390,14247,14304,744
2015-02-13,14357,14507,14357,14425,2918
2015-02-16,14454,14454,14323,14385,644
2015-02-17,14344,14615,14344,14594,18450
2015-02-23,14806,14806,14608,14693,7847
2015-02-24,14799,14799,14656,14696,4447
2015-02-25,14757,14795,14696,14795,619
2015-02-26,14782,14782,14707,14746,412
2015-02-27,14786,14786,14554,14612,1540
2015-03-02,14579,14637,14551,14619,853
2015-03-03,14686,15058,14648,14978,9833
2015-03-04,15002,15162,14880,14905,6442
2015-03-05,14852,15082,14852,15002,20382
2015-03-06,15098,15316,15082,15316,38317
2015-03-09,15241,15241,15050,15074,4026
2015-03-10,15162,15167,15086,15158,1955
2015-03-11,15019,15290,14943,15262,6340
2015-03-12,15262,15262,15010,15010,190176
2015-03-13,15050,15115,14916,14928,126572
2015-03-16,14971,15098,14940,15086,887
2015-03-17,15158,15437,15125,15345,2753
2015-03-18,15403,15543,15343,15358,2412
2015-03-19,15560,15560,15334,15383,4374
2015-03-20,15383,15383,14978,15115,8378
2015-03-23,15167,15167,14962,14978,4447
2015-03-24,14985,14985,14712,14795,5508
2015-03-25,14775,14775,14466,14471,12030
2015-03-26,14405,14590,14405,14519,6078
2015-03-27,14538,14585,14252,14487,2794
2015-03-30,14514,14543,14463,14482,1876
2015-03-31,14554,14623,14482,14551,3000
2015-04-01,14514,14514,14235,14312,30742
2015-04-02,14357,14425,14215,14235,15593
2015-04-03,14314,14366,14287,14366,2056
2015-04-06,14369,14369,14117,14124,23130
2015-04-07,14124,14146,14081,14146,26985
2015-04-08,14149,14270,14104,14187,12569
2015-04-09,14161,14183,14064,14088,11996
2015-04-10,14104,14394,14097,14372,360314
2015-04-13,14478,14478,14254,14312,35886
2015-04-14,14353,14615,14280,14603,44553
2015-04-15,14757,14757,14563,14637,19816
2015-04-16,14623,14623,14471,14527,23621
2015-04-17,14579,14799,14579,14741,47169
2015-04-20,14656,14786,14538,14782,22204
2015-04-21,14839,14839,14661,14664,56766
2015-04-22,14707,14734,14608,14619,38874
2015-04-23,14730,15082,14686,15082,41881
2015-04-24,15212,15444,15212,15290,59537
2015-04-27,15427,15570,15316,15343,26432
2015-04-28,15437,15437,15036,15082,83923
2015-04-29,15082,15082,14805,15001,19547
2015-04-30,14817,14956,14763,14879,76143
2015-05-04,14871,14965,14846,14951,18837
2015-05-06,14919,15024,14829,14879,9895
2015-05-07,14829,14861,14720,14850,11384
2015-05-08,14826,14951,14822,14943,1421
2015-05-11,15054,15054,14715,14715,8112
2015-05-12,14760,14760,14613,14744,3105
2015-05-13,14673,14720,14613,14616,4427
2015-05-14,14587,14605,14455,14512,44243
2015-05-15,14531,14544,14296,14385,39529
2015-05-18,14336,14336,14152,14214,6737
2015-05-19,14140,14186,14058,14186,26674
2015-05-20,14225,14323,14205,14266,9104
2015-05-21,14287,14287,14099,14112,39324
2015-05-22,14058,14323,14058,14323,19327
2015-05-26,14319,14319,14086,14124,19355
2015-05-27,14003,14044,13900,13913,17320
2015-05-28,13875,13978,13875,13925,13405
2015-05-29,13887,14039,13872,14039,11060
2015-06-01,13953,13953,13716,13831,9191
2015-06-02,13692,13692,12890,12912,69852
2015-06-03,12840,12954,12738,12779,81672
2015-06-04,12774,12860,12742,12774,32744
2015-06-05,12715,12830,12676,12799,6408
2015-06-08,12751,12762,12474,12615,9723
2015-06-09,12656,12701,12572,12612,5612
2015-06-10,12719,12721,12600,12619,4217
2015-06-11,12758,13276,12758,13068,16281
2015-06-12,13153,13183,12840,12942,5278
2015-06-15,12966,13041,12835,12995,1339
2015-06-16,12962,12962,12623,12766,62131
2015-06-17,12830,12830,12689,12770,305715
2015-06-18,12840,12840,12608,12608,9652
2015-06-19,12721,12721,12528,12623,7219
2015-06-22,12681,12809,12656,12706,11581
2015-06-23,12787,12787,12636,12663,20920
2015-06-24,12719,12881,12689,12881,24675
2015-06-25,12823,12835,12733,12799,4083
2015-06-26,12849,12946,12835,12835,3733
2015-06-29,12652,12701,12608,12685,14556
2015-06-30,12636,12799,12636,12799,2395
2015-07-01,12787,12854,12660,12819,4550
2015-07-02,12881,12881,12639,12676,5576
2015-07-03,12676,12676,12536,12612,5102
2015-07-06,12412,12443,12364,12379,6024
2015-07-07,12420,12456,12332,12424,73791
2015-07-08,12424,12448,12278,12304,97995
2015-07-09,12159,12212,12069,12151,7336
2015-07-10,12151,12151,11776,11779,665113
2015-07-13,11822,11870,11731,11870,27254
2015-07-14,11894,11907,11822,11894,5207
2015-07-15,11902,12106,11894,12065,7291
2015-07-16,12087,12138,11997,12013,1889
2015-07-17,11997,11997,11638,11641,67569
2015-07-20,11677,11788,11644,11762,18133
2015-07-21,11762,12293,11762,12151,20514
2015-07-22,12249,12249,11964,12106,9668
2015-07-23,12118,12424,12118,12391,28121
2015-07-24,12351,12407,12196,12351,17132
2015-07-27,12337,12858,12328,12819,27611
2015-07-28,12710,12930,12628,12782,30196
2015-07-29,12809,12809,12585,12710,3263
2015-07-30,12710,12979,12632,12872,12532
2015-07-31,12907,12962,12758,12912,21284
2015-08-03,12858,12858,12506,12568,63666
2015-08-04,12470,12721,12470,12623,153900
2015-08-05,12681,12738,12553,12733,1894
2015-08-06,12742,12742,12416,12416,2679
2015-08-07,12429,12429,12228,12360,1879
2015-08-10,12355,12460,12260,12395,488
2015-08-11,12434,12470,12273,12273,1097
2015-08-12,12253,12835,12253,12721,70987
2015-08-13,12689,12754,12553,12603,2426
2015-08-17,12660,12719,12543,12608,821
2015-08-18,12615,12904,12615,12890,68588
2015-08-19,12799,13041,12779,13015,15660
2015-08-20,12912,12921,12577,12849,5839
2015-08-21,12470,12639,12441,12558,6121
2015-08-24,12407,12510,12045,12220,41027
2015-08-25,12245,12881,12170,12615,147191
2015-08-26,12619,12899,12603,12864,227757
2015-08-27,13002,13041,12719,12738,88057
2015-08-28,12754,12804,12572,12733,4087
2015-08-31,12676,12971,12578,12971,1437
2015-09-01,12819,12881,12751,12791,11111
2015-09-02,12639,13183,12639,13088,21629
2015-09-03,13076,13145,13052,13080,10399
2015-09-04,13125,13125,12917,12971,1933
2015-09-07,12930,13188,12930,13137,22482
2015-09-08,13134,13398,13134,13386,73685
2015-09-09,13386,13475,13345,13475,4019
2015-09-10,13460,13692,13412,13662,51901
2015-09-11,13606,13655,13509,13538,11180
2015-09-14,13529,13529,13295,13469,16898
2015-09-15,13498,13666,13498,13602,6857
2015-09-16,13652,14079,13652,14007,26558
2015-09-17,14099,14099,13838,13933,138588
2015-09-18,13966,13966,13762,13933,190124
2015-09-21,13846,13953,13655,13655,3649
2015-09-22,13831,14148,13828,14103,8474
2015-09-23,14044,14082,13680,13680,2650
2015-09-24,13795,13939,13732,13732,10269
2015-09-25,13891,14053,13869,13974,11695
2015-09-30,13754,14327,13659,14327,9575
2015-10-01,14280,14635,14275,14592,31710
2015-10-02,14620,14710,14556,14556,12955
2015-10-05,14561,14592,14247,14332,7391
2015-10-06,14225,14225,13689,13953,15882
2015-10-07,13772,14116,13772,14116,7433
2015-10-08,14145,14319,14145,14319,1730
2015-10-12,14438,14478,14214,14251,3601
2015-10-13,14292,14592,14292,14544,10695
2015-10-14,14587,14662,14548,14658,8223
2015-10-15,14645,14658,14451,14583,8865
2015-10-16,14587,14587,14225,14296,28426
2015-10-19,14418,14472,14327,14390,1944
2015-10-20,14478,14544,14478,14515,3832
2015-10-21,14561,14569,14433,14531,6659
2015-10-22,14508,14605,14353,14455,7671
2015-10-23,14601,14645,14385,14385,6292
2015-10-26,14499,14683,14495,14650,28230
2015-10-27,14698,14706,14583,14673,4469
2015-10-28,14694,14694,14488,14515,5677
2015-10-29,14478,14515,14369,14413,3917
2015-10-30,14327,14658,14309,14610,5904
2015-11-02,14610,14673,14548,14650,7629
2015-11-03,14780,15199,14780,15168,15974
2015-11-04,15264,15446,15221,15258,20932
2015-11-05,15347,15389,15229,15308,9243
2015-11-06,15262,15282,15125,15139,1965
2015-11-09,15273,15308,15143,15273,5539
2015-11-10,15233,15328,15216,15216,2043
2015-11-11,15189,15246,14996,15122,896
2015-11-12,15139,15192,15050,15139,2584
2015-11-13,15010,15028,14854,14899,7897
2015-11-16,14630,14943,14630,14805,3220
2015-11-17,14984,14984,14702,14735,2035
2015-11-18,14838,15010,14838,14904,566
2015-11-19,15032,15082,14970,15050,879
2015-11-20,14984,15015,14939,14939,1876
2015-11-23,14919,14919,14740,14773,540
2015-11-24,14735,14857,14720,14755,2943
2015-11-25,14854,14854,14587,14587,2891
2015-11-26,14658,14755,14613,14654,1385
2015-11-27,14755,14755,14565,14569,444
2015-11-30,14572,14610,14369,14403,3778
2015-12-01,14418,14789,14418,14789,6137
2015-12-02,14798,14899,14654,14710,26746
2015-12-03,14724,14724,14515,14596,489
2015-12-04,14534,14534,14430,14515,742
2015-12-07,14523,14523,14403,14403,387
2015-12-08,14385,14488,14319,14319,1672
2015-12-09,14247,14296,14014,14280,3087
2015-12-10,14155,14430,14155,14430,1427
2015-12-11,14399,14430,14124,14280,2741
2015-12-14,14218,14548,14186,14503,7186
2015-12-15,14534,14576,14472,14488,481
2015-12-16,14666,14834,14616,14763,3344
2015-12-17,14879,14912,14732,14879,1953
2015-12-18,14763,14932,14740,14932,5334
2015-12-21,14947,14947,14673,14805,2465
2015-12-22,14755,14891,14702,14871,6569
2015-12-23,14895,14965,14813,14813,2291
2015-12-24,14912,14939,14760,14760,1901
2015-12-28,14775,14793,14583,14635,852
2015-12-29,14715,14773,14673,14735,117
2015-12-30,14784,14805,14666,14740,530
2016-01-04,14587,14587,14292,14292,1282
2016-01-05,14229,14399,14225,14357,294
2016-01-06,14344,14394,14007,14062,493
2016-01-07,14014,14039,13998,14014,82
2016-01-08,13831,13993,13754,13939,27661
2016-01-11,13712,14148,13712,14128,2743
2016-01-12,14247,14299,14086,14168,2698
2016-01-13,14266,14357,14214,14218,6576
2016-01-14,14086,14280,13989,14244,7609
2016-01-15,14319,14344,14079,14182,1080
2016-01-18,14058,14182,13939,13989,303
2016-01-19,13949,14067,13869,14011,448
2016-01-20,14053,14053,13648,13655,1536
2016-01-21,13655,13891,13648,13648,1909
2016-01-22,13815,14053,13815,13925,1142
2016-01-25,14039,14062,14018,14053,1432
2016-01-26,13989,13989,13745,13918,230
2016-01-27,13928,14190,13913,14155,7434
2016-01-28,14062,14332,14062,14332,6051
2016-01-29,14186,14287,13887,13998,1372
2016-02-01,13861,13861,13587,13741,5857
2016-02-02,13635,13652,13419,13460,798
2016-02-03,13407,13509,13268,13509,1054
2016-02-04,13613,13704,13516,13695,1706
2016-02-05,13732,13769,13676,13708,834
2016-02-11,13550,13617,13493,13498,5312
2016-02-12,13505,14062,13505,14007,71404
2016-02-15,14152,14336,14023,14067,2936
2016-02-16,14103,14239,13953,14164,1104
2016-02-17,14177,14472,14177,14451,1988
2016-02-18,14523,14625,14394,14409,4368
2016-02-19,14409,14691,14409,14592,2939
2016-02-22,14569,14673,14508,14523,859
2016-02-23,14583,14605,14512,14601,8557
2016-02-24,14601,14650,14565,14650,1312
2016-02-25,14673,14822,14495,14539,12485
2016-02-26,14601,14625,14528,14539,1548
2016-02-29,14523,14523,14390,14520,823
2016-03-02,14670,14670,14499,14616,2976
2016-03-03,14673,14673,14467,14531,4893
2016-03-04,14552,14552,14357,14467,10959
2016-03-07,14512,14576,14463,14556,1241
2016-03-08,14512,14673,14512,14576,1000
2016-03-09,14601,14805,14601,14805,8407
2016-03-10,14817,14817,14673,14763,1287
2016-03-11,14658,14801,14641,14641,1490
2016-03-14,14706,14755,14556,14592,1719
2016-03-15,14592,14592,14430,14478,199
2016-03-16,14520,14576,14413,14438,117
2016-03-17,14548,14673,14548,14630,1377
2016-03-18,14610,14702,14610,14670,688
2016-03-21,14732,14904,14678,14871,3365
2016-03-22,14915,15269,14915,15269,4898
2016-03-23,15208,15229,15078,15110,986
2016-03-24,15054,15102,14965,14987,427
2016-03-25,14891,14980,14829,14854,1848
2016-03-28,14854,15032,14838,14871,4136
2016-03-29,14908,14992,14871,14984,657
2016-03-30,15032,15090,14947,15017,1451
2016-03-31,15017,15017,14706,14793,820
2016-04-01,14805,14805,14399,14399,1147
2016-04-04,14418,14418,14072,14107,1924
2016-04-05,14095,14120,14053,14082,370
2016-04-06,13982,14095,13982,14095,319
2016-04-07,14152,14182,14067,14182,2430
2016-04-08,14182,14182,13998,14145,5878
2016-04-11,14145,14266,14145,14254,701
2016-04-12,14254,14332,14202,14292,1534
2016-04-14,14390,14641,14390,14641,2808
2016-04-15,14635,14683,14592,14645,5978
2016-04-18,14610,14857,14610,14857,10575
2016-04-19,14886,14919,14813,14912,9236
2016-04-20,14912,14961,14760,14760,679
2016-04-21,14673,14886,14673,14871,2466
2016-04-22,14891,14919,14838,14838,444
2016-04-25,14838,14882,14715,14715,377
2016-04-26,14720,15082,14720,15036,7135
2016-04-27,14965,15005,14768,14775,1895
2016-04-28,14888,14979,14773,14814,2236
2016-04-29,14806,14839,14606,14728,296
2016-05-02,14690,14690,14548,14622,605
2016-05-03,14622,14622,14534,14534,848
2016-05-04,14415,14507,14358,14407,1481
2016-05-09,14410,14410,14191,14212,6030
2016-05-10,14191,14531,14191,14531,3826
2016-05-11,14606,14614,14415,14531,2798
2016-05-12,14531,14531,14491,14491,45
2016-05-13,14531,14531,14392,14420,454
2016-05-16,14462,14462,14257,14257,5648
2016-05-17,14312,14312,14242,14265,129
2016-05-18,14296,14296,14108,14121,546
2016-05-19,14108,14200,14072,14153,7289
2016-05-20,14170,14170,14095,14117,371
2016-05-23,14157,14157,14067,14124,231
2016-05-24,14157,14250,14124,14162,1632
2016-05-25,14312,14432,14191,14358,1558
2016-05-26,14423,14743,14423,14482,7841
2016-05-27,14552,14552,14482,14552,488
2016-05-30,14502,14519,14423,14423,2473
2016-05-31,14362,14672,14362,14672,4075
2016-06-01,14531,14655,14475,14655,2387
2016-06-02,14582,14582,14441,14475,350
2016-06-03,14454,14577,14454,14577,5045
2016-06-07,14577,14622,14534,14611,6740
2016-06-08,14672,14855,14672,14855,3371
2016-06-09,14872,14872,14664,14672,4738
2016-06-10,14690,14793,14690,14773,2175
2016-06-13,14664,14672,14507,14507,1142
2016-06-14,14531,14606,14441,14569,7978
2016-06-15,14511,14647,14507,14514,5903
2016-06-16,14606,14606,14358,14358,180
2016-06-17,14534,14534,14246,14312,12195
2016-06-20,14534,14686,14457,14565,428
2016-06-21,14514,14556,14507,14523,1348
2016-06-22,14552,14701,14534,14584,868
2016-06-23,14584,14588,14539,14573,353
2016-06-24,14577,14606,13919,14179,3986
2016-06-27,14354,14407,14223,14274,17854
2016-06-28,14183,14274,14099,14246,15979
2016-06-29,14312,14358,14174,14341,7607
2016-06-30,14358,14358,14062,14141,2036
2016-07-01,14165,14220,14129,14220,2778
2016-07-04,14261,14261,14149,14191,3193
2016-07-05,14179,14179,14038,14057,7395
2016-07-06,14062,14062,13697,13764,5257
2016-07-07,13834,13968,13834,13919,793
2016-07-08,13904,13996,13721,13757,645
2016-07-11,13935,14047,13935,14022,2020
2016-07-12,14137,14223,14108,14191,1052
2016-07-13,14354,14441,14246,14246,4267
2016-07-14,14314,14314,14146,14146,4542
2016-07-15,14220,14314,14191,14261,7673
2016-07-18,14195,14195,13963,14052,2848
2016-07-19,14052,14052,13901,13973,4272
2016-07-20,13963,14005,13869,14005,757
2016-07-21,14117,14117,13941,13955,4230
2016-07-22,14082,14082,13996,14072,893
2016-07-25,14052,14274,14052,14220,9569
2016-07-26,14265,14358,14223,14299,5745
2016-07-27,14323,14450,14299,14450,3425
2016-07-28,14498,14647,14498,14647,5949
2016-07-29,14584,14584,14309,14314,2207
2016-08-01,14358,14502,14358,14441,627
2016-08-02,14514,14514,14250,14250,220
2016-08-03,14124,14124,13996,14086,2887
2016-08-04,14044,14103,13941,14038,11631
2016-08-05,14072,14220,14072,14188,118714
2016-08-08,14250,14250,14108,14121,54
2016-08-09,14191,14314,14153,14291,6038
2016-08-10,14312,14319,14250,14319,557
2016-08-11,14274,14287,14207,14232,1708
2016-08-12,14332,14382,14312,14350,3349
2016-08-16,14478,14478,14204,14217,256
2016-08-17,14250,14350,14246,14319,111
2016-08-18,14428,14462,14191,14191,2418
2016-08-19,14279,14279,14191,14253,266
2016-08-22,14141,14204,14141,14204,609
2016-08-23,14204,14204,14117,14146,980
2016-08-24,14133,14304,14044,14304,7695
2016-08-25,14377,14482,14345,14462,9112
2016-08-26,14498,14498,14382,14407,6582
2016-08-29,14373,14373,14287,14291,3433
2016-08-30,14327,14450,14327,14415,212
2016-08-31,14350,14539,14350,14498,129372
2016-09-01,14478,14478,14358,14445,269
2016-09-02,14445,14569,14445,14528,165
2016-09-05,14640,14863,14640,14863,22702
2016-09-06,14863,15071,14835,15071,9531
2016-09-07,15071,15263,15017,15161,184145
2016-09-08,15237,15320,15128,15320,7021
2016-09-09,15258,15258,15041,15154,1506
2016-09-12,15108,15246,15100,15124,31838
2016-09-13,15212,15212,15095,15124,1534
2016-09-19,15019,15288,14939,15199,2014
2016-09-20,15150,15265,15062,15191,86720
2016-09-21,15124,15142,15050,15128,860
2016-09-22,15181,15330,15181,15250,4702
2016-09-23,15342,15438,15283,15395,8840
2016-09-26,15395,15395,15188,15354,1811
2016-09-27,15246,15585,15221,15536,2353
2016-09-28,15589,15589,15342,15349,1075
2016-09-29,15395,15395,15233,15297,467
2016-09-30,15161,15161,14823,14893,632
2016-10-04,14972,15112,14972,15005,561
2016-10-05,14907,15015,14855,15015,1207
2016-10-06,14922,14922,14806,14810,503
2016-10-07,14789,14881,14763,14763,368
2016-10-10,14760,14972,14760,14775,409
2016-10-11,14979,14979,14728,14814,453
2016-10-12,14935,14935,14843,14843,35
2016-10-13,14801,14801,14569,14569,354
2016-10-14,14569,14582,14482,14482,189
2016-10-17,14614,14614,14457,14462,2353
2016-10-18,14462,14482,14367,14396,7674
2016-10-19,14396,14396,14242,14242,5011
2016-10-20,14314,14314,14191,14223,73
2016-10-21,14314,14314,14237,14237,3156
2016-10-24,14336,14336,14195,14207,12202
2016-10-25,14287,14632,14287,14523,13353
2016-10-26,14539,14539,14217,14336,10838
2016-10-27,14341,14404,14237,14382,6183
2016-10-28,14323,14482,14323,14428,8730
2016-10-31,14396,14428,14358,14428,679
2016-11-01,14410,14415,14350,14354,171
2016-11-02,14354,14354,14257,14265,199
2016-11-03,14373,14373,14265,14274,1409
2016-11-04,14309,14309,14179,14204,22043
2016-11-07,14404,14404,14332,14354,503
2016-11-08,14436,14482,14420,14420,348980
2016-11-09,14445,14523,13883,13976,2643
2016-11-10,14095,14095,13375,13486,21340
2016-11-11,13486,13527,13416,13503,18360
2016-11-14,13503,13548,13403,13407,977
2016-11-15,13391,13391,13166,13203,7772
2016-11-16,13290,13394,13286,13361,476
2016-11-17,13332,13332,13274,13282,738
2016-11-18,13282,13282,13153,13171,2698
2016-11-21,13186,13370,13186,13348,3588
2016-11-22,13366,13366,13258,13356,639
2016-11-23,13290,13440,13290,13412,2682
2016-11-24,13416,13503,13403,13403,4781
2016-11-25,13451,13451,13403,13440,1850
2016-11-28,13440,13448,13382,13448,427
2016-11-29,13448,13448,13332,13436,390
2016-11-30,13391,13470,13337,13470,2174
2016-12-01,13470,13477,13424,13424,134
2016-12-02,13461,13562,13420,13448,137
2016-12-05,13436,13436,13412,13412,136
2016-12-06,13477,13577,13477,13532,5889
2016-12-07,13577,13577,13356,13361,121
2016-12-08,13555,13814,13500,13784,455
2016-12-09,13784,13951,13784,13892,5575
2016-12-12,14072,14072,13901,13955,1045
2016-12-13,13963,14017,13909,14017,6082
2016-12-14,14086,14086,13983,14027,3243
2016-12-15,13968,14038,13883,14017,465
2016-12-16,13926,13926,13784,13827,1296
2016-12-19,13831,13983,13831,13941,269
2016-12-20,13909,13983,13909,13983,717
2016-12-21,14027,14108,14001,14017,2538
2016-12-22,13980,13980,13880,13941,68
2016-12-23,13941,14042,13941,14031,238
2016-12-26,14067,14133,14052,14067,94
2016-12-27,14099,14162,14067,14141,1146
2016-12-28,14149,14207,14146,14204,1692
2016-12-29,14170,14415,14124,14415,3283
2017-01-02,14396,14676,14396,14606,901
2017-01-03,14640,14955,14640,14881,5774
2017-01-04,14942,15059,14930,14996,31993
2017-01-05,14976,15100,14939,15059,16041
2017-01-06,14979,14979,14881,14935,9186
2017-01-09,14917,14917,14823,14881,758
2017-01-10,14780,15010,14780,15010,2525
2017-01-11,14907,14917,14789,14883,3690
2017-01-12,14877,14898,14810,14859,2699
2017-01-13,14950,15017,14877,15015,539
2017-01-16,15015,15019,14855,15019,1131
2017-01-17,14969,15128,14969,15128,30031
2017-01-18,15121,15279,15037,15203,9082
2017-01-19,15133,15133,14960,15010,4333
2017-01-20,14893,14910,14830,14872,8621
2017-01-23,14823,14855,14611,14681,33354
2017-01-24,14618,14618,14336,14454,1405
2017-01-25,14478,14478,14149,14179,1246
2017-01-26,14170,14191,14057,14170,1741
2017-01-31,14038,14038,13639,13681,5621
2017-02-01,13681,13775,13660,13757,6560
2017-02-02,13730,13743,13536,13567,6406
2017-02-03,13602,13717,13536,13553,842
2017-02-06,13562,13562,13378,13420,2512
2017-02-07,13482,13655,13482,13655,17698
2017-02-08,13653,13748,13591,13748,5369
2017-02-09,13798,13798,13609,13721,1908
2017-02-10,13730,13775,13685,13734,2824
2017-02-13,13734,13842,13734,13831,2659
2017-02-14,13901,14062,13901,13987,5549
2017-02-15,14038,14250,14038,14191,5022
2017-02-16,14265,14400,14265,14336,2156
2017-02-17,14309,14420,14246,14420,2833
2017-02-20,14392,14396,14250,14336,832
2017-02-21,14327,14387,14319,14387,11472
2017-02-22,14387,14387,14232,14327,5891
2017-02-23,14327,14327,14191,14269,13470
2017-02-24,14242,14354,14242,14354,88
2017-02-27,14358,14432,14354,14382,10077
2017-02-28,14350,14350,14217,14332,2211
2017-03-02,14350,14350,13976,14042,5827
2017-03-03,13959,13959,13582,13635,5132
2017-03-06,13572,13672,13495,13667,7591
2017-03-07,13639,13794,13609,13761,2090
2017-03-08,13757,13764,13562,13734,2585
2017-03-09,13713,13775,13685,13775,1725
2017-03-10,13775,13834,13702,13834,4746
2017-03-13,13838,13842,13775,13814,3926
2017-03-14,13814,13991,13814,13991,1113
2017-03-15,13959,13959,13831,13880,629
2017-03-16,13976,14027,13904,13991,1830
2017-03-17,14034,14034,13983,14005,1276
2017-03-20,14027,14165,14005,14149,12758
2017-03-21,14191,14735,14191,14672,22860
2017-03-22,14593,14672,14478,14622,10732
2017-03-23,14622,14622,14428,14428,8675
2017-03-24,14410,14523,14358,14377,5724
2017-03-27,14319,14319,14108,14250,2630
2017-03-28,14223,14237,14108,14188,2230
2017-03-29,14212,14212,13914,13946,3451
2017-03-30,13959,14067,13909,13963,1750
2017-03-31,13963,14121,13963,14121,886
2017-04-03,14108,14108,13959,14022,2590
2017-04-04,13991,13991,13672,13767,3751
2017-04-05,13780,13780,13486,13572,39439
2017-04-06,13548,13548,13444,13473,5407
2017-04-07,13490,13541,13321,13344,7504
2017-04-10,13337,13382,13236,13290,19525
2017-04-11,13278,13278,13153,13162,6313
2017-04-12,13212,13282,13212,13282,1930
2017-04-13,13361,13361,13225,13337,9419
2017-04-14,13232,13308,13232,13290,721
2017-04-17,13236,13332,13236,13332,2311
2017-04-18,13341,13344,13174,13194,5199
2017-04-19,13112,13129,12904,12960,14902
2017-04-20,12967,13294,12963,13278,12427
2017-04-21,13308,13332,13240,13290,5068
2017-04-24,13303,13378,13229,13378,5443
2017-04-25,13403,13545,13366,13512,18743
2017-04-26,13512,13775,13470,13734,19414
2017-04-27,13717,13765,13508,13533,10131
2017-04-28,13419,13419,13305,13340,18724
2017-05-02,13245,13652,13245,13592,15026
2017-05-04,13693,13693,13482,13542,3171
2017-05-08,13605,14058,13574,14044,21964
2017-05-10,14126,14452,14087,14131,36108
2017-05-11,14245,14370,14177,14370,8195
2017-05-12,14299,14299,14114,14164,2158
2017-05-15,14101,14219,14048,14182,2879
2017-05-16,14206,14351,14206,14296,6013
2017-05-17,14241,14351,14186,14315,3116
2017-05-18,14291,14703,14261,14703,15891
2017-05-19,14694,14923,14412,14923,8454
2017-05-22,15065,15065,14881,15054,3163
2017-05-23,14974,15295,14974,15167,7853
2017-05-24,15103,15103,14957,15013,6678
2017-05-25,15013,15167,15013,15138,2677
2017-05-26,15121,15181,14971,15050,9119
2017-05-29,15050,15167,14978,15027,2105
2017-05-30,15027,15181,14974,15128,3345
2017-05-31,15058,15095,14936,15003,3254
2017-06-01,14978,15162,14978,15079,29234
2017-06-02,15019,15022,14889,14907,11817
2017-06-05,14957,15103,14952,14952,1407
2017-06-07,14847,14907,14746,14823,6718
2017-06-08,14823,14962,14779,14936,1760
2017-06-09,14936,15013,14859,14986,2931
2017-06-12,14948,15027,14859,14919,6075
2017-06-13,14923,15108,14923,15065,6858
2017-06-14,15079,15319,15065,15319,19786
2017-06-15,15302,15304,14962,15074,5058
2017-06-16,15074,15227,15074,15162,2683
2017-06-19,15162,15252,15092,15234,2594
2017-06-20,15205,15205,15032,15088,10288
2017-06-21,15019,15019,14788,14793,5992
2017-06-22,14818,14986,14818,14986,2768
2017-06-23,14986,15074,14971,15016,1530
2017-06-26,14999,14999,14873,14943,1346
2017-06-27,14873,14907,14741,14763,4750
2017-06-28,14691,14797,14691,14717,2886
2017-06-29,14801,14843,14763,14801,2964
2017-06-30,14717,14772,14619,14734,5099
2017-07-03,14707,14995,14628,14995,7778
2017-07-04,14915,14915,14662,14734,6590
2017-07-05,14666,14741,14589,14633,4895
2017-07-06,14615,14628,14548,14577,5133
2017-07-07,14493,14552,14346,14422,5018
2017-07-10,14296,14309,14190,14190,4338
2017-07-11,14190,14252,14143,14190,3157
2017-07-12,14206,14337,14164,14164,4502
2017-07-13,14168,14249,14138,14186,1685
2017-07-14,14206,14412,14168,14398,3324
2017-07-17,14408,14460,14359,14430,7173
2017-07-18,14430,14430,14309,14315,1066
2017-07-19,14355,14490,14309,14398,2368
2017-07-20,14426,14426,14203,14265,4319
2017-07-21,14236,14279,14148,14216,3835
2017-07-24,14198,14211,14155,14211,2549
2017-07-25,14177,14363,14177,14312,5194
2017-07-26,14342,14493,14342,14439,32440
2017-07-27,14473,14473,14274,14393,10446
2017-07-28,14342,14666,14342,14633,14600
2017-07-31,14573,14615,14198,14203,21716
2017-08-01,14160,14405,14155,14269,5112
2017-08-02,14368,14370,14219,14370,3929
2017-08-03,14315,14468,14279,14468,7288
2017-08-04,14412,14619,14402,14561,6329
2017-08-07,14561,14598,14426,14426,12372
2017-08-08,14393,14402,14087,14177,7762
2017-08-09,14072,14279,14072,14274,1632
2017-08-10,14274,14389,14206,14279,7731
2017-08-11,14151,14231,14123,14168,8998
2017-08-14,14236,14283,14186,14236,6892
2017-08-16,14219,14219,14072,14138,3840
2017-08-17,14044,14083,13934,14080,2880
2017-08-18,14001,14160,14001,14160,511
2017-08-21,14206,14274,14114,14274,5097
2017-08-22,14236,14236,14134,14198,842
2017-08-23,14155,14155,14114,14114,5971
2017-08-24,14143,14245,14138,14138,1109
2017-08-25,14138,14274,14126,14274,1409
2017-08-28,14252,14328,14241,14312,11974
2017-08-29,14236,14236,14058,14177,1832
2017-08-30,14119,14143,13862,14114,11202
2017-08-31,14058,14155,13721,13790,14467
2017-09-01,13757,13996,13757,13938,11691
2017-09-04,13696,13873,13693,13693,3060
2017-09-05,13776,13795,13564,13588,980
2017-09-06,13550,13550,13276,13313,4366
2017-09-07,13394,13440,13342,13377,18265
2017-09-08,13318,13318,12926,13019,39477
2017-09-11,12930,13026,12902,12934,14541
2017-09-12,13006,13140,12993,12993,19777
2017-09-13,13048,13137,12874,12884,4211
2017-09-14,12884,12968,12846,12968,10341
2017-09-15,12889,13132,12889,13132,4061
2017-09-18,13111,13111,13010,13080,20872
2017-09-19,13065,13250,13061,13189,15492
2017-09-20,13230,13313,13183,13236,5705
2017-09-21,13174,13174,13019,13123,6206
2017-09-22,13084,13111,13010,13057,4364
2017-09-25,13140,13207,13077,13123,2491
2017-09-26,13174,13616,13174,13556,23661
2017-09-27,13542,13642,13482,13564,31818
2017-09-28,13537,13611,13397,13592,5192
2017-09-29,13652,13805,13637,13801,7902
2017-10-10,13776,13873,13666,13873,8208
2017-10-11,13945,14031,13869,13967,7344
2017-10-12,13945,13962,13869,13962,5058
2017-10-13,13962,13996,13815,13987,16341
2017-10-16,13991,14097,13912,13979,28004
2017-10-17,13929,13929,13684,13730,11306
2017-10-18,13693,14114,13666,14077,16559
2017-10-19,14211,14422,14168,14269,46773
2017-10-20,14219,14309,14182,14299,35928
2017-10-23,14222,14506,14222,14408,14262
2017-10-24,14393,14393,14190,14261,19069
2017-10-25,14211,14211,13979,14031,36270
2017-10-26,14027,14584,14027,14556,55004
2017-10-27,14548,14584,14408,14478,46349
2017-10-30,14539,14561,14291,14405,13212
2017-10-31,14368,14847,14368,14775,47983
2017-11-01,14628,14772,14628,14741,47107
2017-11-02,14688,14788,14688,14754,4090
2017-11-03,14754,14966,14754,14835,22083
2017-11-06,14797,14843,14717,14750,5389
2017-11-07,14649,14691,14534,14641,15850
2017-11-08,14452,14670,14443,14522,1627
2017-11-09,14506,14746,14506,14673,5759
2017-11-10,14633,14649,14556,14615,2126
2017-11-13,14673,14966,14673,14943,7470
2017-11-14,14932,14932,14670,14754,6297
2017-11-15,14694,14911,14688,14703,3925
2017-11-16,14722,14722,14513,14594,4193
2017-11-17,14527,14548,14342,14351,13047
2017-11-20,14269,14402,14231,14355,2965
2017-11-21,14355,14408,14287,14368,7912
2017-11-22,14422,14430,14274,14324,769
2017-11-23,14320,14422,14320,14412,4121
2017-11-24,14374,14473,14312,14448,6464
2017-11-27,14448,14552,14430,14452,7362
2017-11-28,14389,14678,14324,14478,5300
2017-11-29,14478,14673,14456,14569,10620
2017-11-30,14694,14995,14688,14818,36669
2017-12-01,14793,14793,14637,14673,8839
2017-12-04,14662,14662,14486,14619,5768
2017-12-05,14501,14839,14501,14793,3471
2017-12-06,14707,14873,14673,14703,5684
2017-12-07,14717,14717,14430,14473,4448
2017-12-08,14426,14426,14182,14206,3107
2017-12-11,14222,14222,13795,13867,11032
2017-12-12,13881,14005,13832,13950,6612
2017-12-13,13979,14148,13979,14119,10794
2017-12-14,14119,14222,14010,14010,3426
2017-12-15,14164,14245,14119,14245,4899
2017-12-18,14245,14422,14164,14328,9171
2017-12-19,14333,14359,14126,14241,15447
2017-12-20,14190,14287,14168,14245,942
2017-12-21,14164,14164,13967,14013,4511
2017-12-22,14058,14172,13967,14110,1011
2017-12-26,14151,14312,14151,14222,3978
2017-12-27,14309,14637,14274,14573,13381
2017-12-28,14518,14628,14384,14628,5337
2018-01-02,14490,14490,14291,14342,16773
2018-01-03,14222,14384,14222,14370,12848
2018-01-04,14351,14355,13954,13979,38037
2018-01-05,14005,14072,13921,14072,12620
2018-01-08,14077,14087,14022,14072,4496
2018-01-09,14072,14216,14044,14155,41479
2018-01-10,14155,14402,14155,14312,32382
2018-01-11,14315,14315,14177,14182,12727
2018-01-12,14182,14265,13987,14001,14062
2018-01-15,14001,14022,13828,14022,16224
2018-01-16,13972,14283,13972,14257,23159
2018-01-17,14177,14315,14164,14222,9906
2018-01-18,14245,14265,14131,14131,4039
2018-01-19,14123,14612,14123,14612,139684
2018-01-22,14612,14694,14430,14649,17538
2018-01-23,14649,14847,14615,14662,51021
2018-01-24,14644,14741,14619,14730,17577
2018-01-25,14726,14894,14703,14864,37887
2018-01-26,14534,14534,14131,14315,100367
2018-01-29,14252,14405,14198,14405,127467
2018-01-30,14346,14473,14304,14346,10533
2018-01-31,14269,14534,14131,14534,35314
2018-02-01,14531,14619,14443,14573,24534
2018-02-02,14573,14957,14573,14927,53130
2018-02-05,14746,14932,14703,14703,17295
2018-02-06,14527,14573,14241,14501,31576
2018-02-07,14452,14527,14198,14198,29089
2018-02-08,14226,14402,14101,14279,28204
2018-02-09,13991,14126,13907,14042,11012
2018-02-12,14042,14042,13757,13765,9954
2018-02-13,13768,13815,13528,13537,9278
2018-02-14,13537,13608,13528,13588,2820
2018-02-19,13798,13839,13696,13772,2084
2018-02-20,13752,13768,13561,13600,5002
2018-02-21,13647,13958,13588,13958,6912
2018-02-22,13921,13945,13820,13904,7974
2018-02-23,13921,14101,13904,14101,5560
2018-02-26,14110,14211,14013,14160,11571
2018-02-27,14143,14287,14143,14164,5096
2018-02-28,14123,14245,14042,14182,14556
2018-03-02,13996,14053,13734,13828,23900
2018-03-05,13765,13790,13608,13647,10419
2018-03-06,13752,13761,13652,13761,13007
2018-03-07,13574,13574,13295,13335,22345
2018-03-08,13419,13428,13295,13428,9471
2018-03-09,13428,13550,13373,13550,10109
2018-03-12,13624,13624,13528,13583,10983
2018-03-13,13501,13564,13423,13501,6835
2018-03-14,13415,13676,13382,13652,5420
2018-03-15,13556,13583,13448,13583,2929
2018-03-16,13583,13734,13554,13592,9687
2018-03-19,13451,13451,13276,13292,11056
2018-03-20,13245,13456,13230,13415,1592
2018-03-21,13436,13564,13436,13523,7139
2018-03-22,13515,13569,13440,13528,5028
2018-03-23,13368,13385,13245,13292,3331
2018-03-26,13226,13335,13123,13335,3993
2018-03-27,13397,13671,13397,13569,22654
2018-03-28,13620,13858,13503,13853,26994
2018-03-29,13693,13815,13295,13390,10442
2018-03-30,13432,13432,13162,13241,16026
2018-04-02,13276,13542,13276,13542,88738
2018-04-03,13503,13835,13503,13835,20573
2018-04-04,13987,14241,13987,14131,14852
2018-04-05,14198,14203,13940,13945,11200
2018-04-06,13945,13945,13730,13790,6860
2018-04-09,13666,13696,13583,13671,1133
2018-04-10,13659,13798,13550,13785,3875
2018-04-11,13693,13721,13647,13684,4648
2018-04-12,13689,13689,13537,13542,13357
2018-04-13,13501,13501,13359,13428,17439
2018-04-16,13470,13482,13322,13423,3542
2018-04-17,13436,13616,13436,13608,5953
2018-04-18,13620,13710,13595,13647,10909
2018-04-19,13569,13569,13415,13461,9533
2018-04-20,13423,13486,13397,13482,2370
2018-04-23,13508,13508,13354,13491,15505
2018-04-24,13554,13705,13550,13588,4893
2018-04-25,13546,13546,13411,13461,1472
2018-04-26,13448,13519,13230,13259,12076
2018-04-27,13254,13447,13202,13421,10983
2018-04-30,13519,13674,13400,13674,12838
2018-05-02,13601,13764,13565,13687,7103
2018-05-03,13725,13824,13695,13695,14514
2018-05-04,13592,13608,13473,13528,40701
2018-05-08,13542,13660,13404,13442,2824
2018-05-09,13476,13533,13327,13356,6699
2018-05-10,13331,13382,13186,13301,18253
2018-05-11,13301,13460,13301,13439,13902
2018-05-14,13439,13503,13361,13400,6326
2018-05-15,13341,13370,13236,13267,20386
2018-05-16,13198,13336,13121,13331,8850
2018-05-17,13327,13430,13327,13395,3669
2018-05-18,13344,13404,13310,13404,2572
2018-05-21,13469,13481,13409,13430,1300
2018-05-23,13430,13455,13229,13233,6780
2018-05-24,13211,13216,12892,12963,19541
2018-05-25,12892,12892,12719,12780,6045
2018-05-28,12770,12770,12658,12740,10605
2018-05-29,12726,12740,12561,12580,7691
2018-05-30,12472,12506,12240,12299,19383
2018-05-31,12393,12393,12248,12270,23493
2018-06-01,12283,12532,12257,12523,12228
2018-06-04,12547,13006,12532,13001,27078
2018-06-05,12960,12960,12770,12861,5137
2018-06-07,12861,12972,12861,12960,13945
2018-06-08,12960,12960,12858,12892,2563
2018-06-11,12858,12858,12693,12780,3386
2018-06-12,12796,12861,12716,12796,17909
2018-06-14,12702,12711,12566,12603,10489
2018-06-15,12603,12633,12483,12496,11613
2018-06-18,12556,12575,12411,12488,12742
2018-06-19,12389,12424,12302,12312,3083
2018-06-20,12274,12274,12162,12213,1797
2018-06-21,12158,12158,11967,12009,22369
2018-06-22,11902,12115,11888,12115,2004
2018-06-25,12136,12162,11988,12162,19432
2018-06-26,12087,12235,12082,12227,1950
2018-06-27,12146,12151,11940,11970,2898
2018-06-28,11949,11963,11854,11902,605
2018-06-29,11858,11876,11739,11876,1140
2018-07-02,11838,11838,11643,11671,11215
2018-07-03,11708,11708,11452,11593,12281
2018-07-04,11462,11474,11221,11255,10405
2018-07-05,11255,11401,11255,11401,6044
2018-07-06,11462,11881,11462,11768,8658
2018-07-09,11768,11821,11683,11816,6322
2018-07-10,11760,11794,11667,11679,1684
2018-07-11,11560,11633,11555,11628,4497
2018-07-12,11704,11850,11691,11726,302985
2018-07-13,11863,11992,11863,11923,3130
2018-07-16,11997,12292,11997,12227,4592
2018-07-17,12141,12337,12141,12257,5269
2018-07-18,12257,12274,12111,12120,1269
2018-07-19,12098,12213,12069,12127,2028
2018-07-20,12025,12299,12002,12240,1382
2018-07-23,12312,12476,12312,12369,11859
2018-07-24,12441,12441,12052,12218,6281
2018-07-25,12235,12334,12235,12334,737
2018-07-26,12351,12381,12244,12322,330
2018-07-27,12496,12547,12406,12429,298794
2018-07-30,12398,12406,12302,12402,1799
2018-07-31,12402,12402,12299,12398,790
2018-08-01,12441,12480,12334,12381,9087
2018-08-02,12365,12381,12064,12131,10458
2018-08-03,12111,12175,12052,12111,2078
2018-08-06,12283,12356,12227,12257,13911
2018-08-07,12257,12287,12200,12287,3523
2018-08-08,12411,12541,12411,12454,6021
2018-08-09,12424,12424,12274,12411,1311
2018-08-10,12411,12523,12356,12501,1670
2018-08-13,12467,12541,12346,12429,2921
2018-08-14,12429,12437,12327,12341,1209
2018-08-16,12279,12496,12227,12496,1096
2018-08-17,12406,12462,12365,12437,831
2018-08-20,12556,12624,12532,12624,2923
2018-08-21,12580,12580,12450,12506,675
2018-08-22,12488,12488,12334,12386,865
2018-08-23,12381,12381,12184,12227,1759
2018-08-24,12218,12266,12193,12261,451
2018-08-27,12346,12346,12248,12248,5576
2018-08-28,12312,12472,12312,12441,4774
2018-08-29,12445,12445,12287,12346,2526
2018-08-30,12351,12351,12235,12235,576
2018-08-31,12270,12317,12210,12302,128
2018-09-03,12274,12307,12240,12266,3449
2018-09-04,12240,12341,12218,12317,2778
2018-09-05,12317,12544,12317,12454,6672
2018-09-06,12454,12865,12454,12745,22506
2018-09-07,12865,12968,12761,12843,45027
2018-09-10,12796,12829,12629,12702,22603
2018-09-11,12613,12633,12467,12510,3457
2018-09-12,12528,12578,12402,12528,13171
2018-09-13,12578,12578,12386,12386,830
2018-09-14,12454,12561,12454,12544,8652
2018-09-17,12483,12483,12369,12434,3375
2018-09-18,12369,12496,12327,12488,334
2018-09-19,12488,12523,12437,12510,2196
2018-09-20,12510,12719,12496,12654,1528
2018-09-21,12745,12843,12613,12671,21620
2018-09-27,12780,12806,12671,12770,1801
2018-09-28,12758,12796,12702,12788,1099
2018-10-01,12761,12761,12580,12616,8120
2018-10-02,12547,12676,12518,12532,903
2018-10-04,12510,12510,12043,12171,18135
2018-10-05,12210,12341,12131,12222,106273
2018-10-08,12213,12261,12082,12103,1340
2018-10-10,12131,12131,11850,11863,33944
2018-10-11,11731,11843,11530,11539,7429
2018-10-12,11503,11551,11355,11507,12868
2018-10-15,11474,11478,11178,11268,5950
2018-10-16,11326,11457,11259,11389,16669
2018-10-17,11492,11564,11423,11492,476
2018-10-18,11434,11434,11183,11255,87242
2018-10-19,11144,11221,11083,11218,1294
2018-10-22,11135,11315,11083,11315,1159
2018-10-23,11199,11247,10831,10934,9074
2018-10-24,11072,11114,10969,11079,8985
2018-10-25,10912,10964,10300,10622,18017
2018-10-26,10622,10900,10596,10639,13068
2018-10-29,10643,10814,10485,10515,3744
2018-10-30,10506,10651,10506,10588,1720
2018-10-31,10460,10643,10322,10630,9115
2018-11-01,10588,10618,10446,10562,6523
2018-11-02,10566,10749,10566,10749,3076
2018-11-05,10660,10660,10418,10489,8456
2018-11-06,10544,10796,10544,10796,117371
2018-11-07,10738,10796,10554,10613,11180
2018-11-08,10733,10819,10655,10655,6842
2018-11-09,10668,10939,10635,10686,3616
2018-11-12,10690,10690,10365,10418,4556
2018-11-13,10296,10480,10211,10476,3780
2018-11-14,10480,10610,10480,10566,4944
2018-11-15,10540,10771,10494,10771,22939
2018-11-16,10768,10801,10695,10768,321
2018-11-19,10724,10768,10678,10768,605
2018-11-20,10763,10763,10413,10451,8402
2018-11-21,10356,10520,10270,10520,5069
2018-11-22,10532,10532,9997,10049,21267
2018-11-23,10049,10056,9966,10022,20628
2018-11-26,10044,10202,10036,10172,17128
2018-11-27,10193,10515,10193,10476,168964
2018-11-28,10524,10524,10446,10515,8789
2018-11-29,10596,10690,10446,10472,9824
2018-11-30,10566,10874,10566,10786,9230
2018-12-03,10866,10943,10768,10887,6758
2018-12-04,10892,10896,10738,10781,6423
2018-12-05,10686,10715,10610,10682,67916
2018-12-06,10682,10866,10678,10844,11867
2018-12-07,10809,10809,10724,10786,361
2018-12-10,10566,10742,10559,10724,2312
2018-12-11,10622,10724,10605,10706,1038
2018-12-12,10878,11319,10878,11224,6456
2018-12-13,11204,11503,11191,11470,11817
2018-12-14,11478,11569,11298,11341,18771
2018-12-17,11355,11499,11204,11499,4426
2018-12-18,11474,11535,11413,11507,4000
2018-12-19,11598,11893,11598,11833,3534
2018-12-20,11752,11778,11564,11700,693
2018-12-21,11648,11648,11492,11530,1432
2018-12-24,11530,11657,11530,11573,2996
2018-12-26,11408,11448,11165,11263,57802
2018-12-27,11428,11585,11389,11457,1945
2018-12-28,11530,11598,11492,11542,4657
2019-01-02,11517,11542,11276,11276,7246
2019-01-03,11308,11525,11214,11434,977
2019-01-04,11438,11863,11438,11807,8144
2019-01-07,11838,11858,11696,11773,11759
2019-01-08,11812,11812,11432,11474,11883
2019-01-09,11495,11867,11495,11850,31804
2019-01-10,11691,11700,11564,11700,16714
2019-01-11,11674,11731,11590,11713,21558
2019-01-14,11638,11718,11560,11679,5854
2019-01-15,11781,12069,11748,12043,16955
2019-01-16,11932,12073,11923,12073,1346
2019-01-17,12048,12266,11992,12205,1272
2019-01-18,12331,12551,12331,12551,10332
2019-01-21,12600,12711,12346,12376,9172
2019-01-22,12369,12376,12248,12317,7632
2019-01-23,12351,12633,12351,12633,3045
2019-01-24,12506,12590,12369,12590,8793
2019-01-25,12523,12532,12398,12398,40150
2019-01-28,12566,12603,12398,12441,2860
2019-01-29,12376,12580,12341,12518,62109
2019-01-30,12595,12761,12518,12740,5748
2019-01-31,12843,12877,12693,12788,4293
2019-02-01,12780,12780,12603,12624,10693
2019-02-07,12740,12740,12532,12532,7603
2019-02-08,12506,12580,12424,12493,2029
2019-02-11,12510,12676,12496,12624,9805
2019-02-12,12642,12716,12608,12689,507
2019-02-13,12676,12676,12551,12590,4167
2019-02-14,12501,12501,12252,12393,22007
2019-02-15,12483,12483,12302,12302,968
2019-02-18,12322,12322,12141,12257,8103
2019-02-19,12257,12257,12146,12196,10219
2019-02-20,12252,12420,12193,12248,3286
2019-02-21,12292,12386,12283,12292,11937
2019-02-22,12292,12402,12292,12376,880
2019-02-25,12376,12496,12341,12441,14213
2019-02-26,12441,12600,12441,12501,9287
2019-02-27,12754,12812,12689,12783,3995
2019-02-28,12775,12825,12693,12740,41449
2019-03-04,12624,12624,12369,12429,51312
2019-03-05,12393,12393,12151,12287,56931
2019-03-06,12372,12406,12337,12406,6820
2019-03-07,12450,12480,12222,12307,6829
2019-03-08,12299,12299,12006,12009,28898
2019-03-11,12002,12111,11949,12098,3460
2019-03-12,12167,12274,12136,12274,19660
2019-03-13,12327,12327,12002,12188,9145
2019-03-14,12240,12240,11846,11940,5428
2019-03-15,11997,12146,11958,12091,4942
2019-03-18,12120,12411,12120,12372,16024
2019-03-19,12386,12411,12266,12365,5002
2019-03-20,12270,12393,12205,12393,3824
2019-03-21,12411,12493,12162,12274,8673
2019-03-22,12240,12327,12136,12213,6840
2019-03-25,12098,12098,11932,11940,1021
2019-03-26,11978,12069,11940,11940,60
2019-03-27,11944,11992,11927,11967,2108
2019-03-28,11919,11944,11833,11923,7863
2019-03-29,11978,12057,11893,11983,3089
2019-04-01,11988,12120,11988,12094,35052
2019-04-02,12060,12060,11953,12017,10858
2019-04-03,11944,12369,11944,12317,29426
2019-04-04,12317,12595,12292,12541,22055
2019-04-05,12541,12770,12541,12770,7393
2019-04-08,12731,12925,12731,12925,22553
2019-04-09,12868,12981,12796,12925,9882
2019-04-10,12865,13082,12865,13082,7304
2019-04-11,13070,13139,13015,13139,10745
2019-04-12,13062,13155,13027,13082,3277
2019-04-15,12990,13086,12920,12963,21488
2019-04-16,12955,13225,12955,13198,10336
2019-04-17,13221,13439,13139,13430,219207
2019-04-18,13490,13836,13473,13592,108373
2019-04-19,13601,13625,13430,13495,10182
2019-04-22,13421,13465,13361,13447,12274
2019-04-23,13447,13584,13421,13584,30893
2019-04-24,13678,13678,13473,13653,7205
2019-04-25,13617,13617,13379,13409,3089
2019-04-26,13413,13413,13198,13262,3901
2019-04-29,13363,13841,13350,13841,167697
2019-04-30,13841,13893,13623,13742,138706
2019-05-02,13681,13860,13636,13805,125541
2019-05-03,13732,13732,13432,13528,37833
2019-05-07,13389,13437,13302,13412,5950
2019-05-08,13284,13469,13262,13432,10516
2019-05-09,13315,13315,12990,12990,53588
2019-05-10,13050,13145,12719,12880,14047
2019-05-13,12701,12890,12640,12731,17111
2019-05-14,12670,12771,12615,12692,17385
2019-05-15,12611,12797,12511,12684,23634
2019-05-16,13158,13241,12697,12716,28429
2019-05-17,12716,12758,12568,12611,35697
2019-05-20,12618,12845,12618,12706,18994
2019-05-21,12553,12568,12419,12476,65631
2019-05-22,12483,12483,12371,12419,6154
2019-05-23,12392,12519,12293,12437,3810
2019-05-24,12441,12582,12367,12553,452
2019-05-27,12597,12866,12597,12866,57279
2019-05-28,12841,12850,12640,12789,23143
2019-05-29,12789,12793,12577,12697,10064
2019-05-30,12582,12812,12553,12812,1489
2019-05-31,12670,12670,12359,12497,25576
2019-06-03,12389,12577,12389,12577,9442
2019-06-04,12601,12789,12592,12719,2075
2019-06-05,12793,12919,12762,12859,101305
2019-06-07,12924,13059,12771,12807,9776
2019-06-10,13067,13241,13024,13232,10269
2019-06-11,13202,13245,13118,13225,7116
2019-06-12,13236,13315,13102,13172,6700
2019-06-13,13141,13185,12902,13046,2550
2019-06-14,12985,13185,12902,13024,3356
2019-06-17,13015,13185,13015,13076,3492
2019-06-18,13167,13167,13114,13137,3858
2019-06-19,13167,13197,13024,13076,62456
2019-06-20,13059,13133,13042,13083,59666
2019-06-21,13059,13197,13059,13118,6697
2019-06-24,13232,13384,13232,13324,25393
2019-06-25,13280,13337,13206,13320,6269
2019-06-26,13232,13315,13215,13259,17384
2019-06-27,13245,13389,13163,13320,26460
2019-06-28,13245,13346,13245,13346,7389
2019-07-01,13432,13472,13225,13259,25784
2019-07-02,13128,13197,13024,13076,11972
2019-07-03,13054,13149,12836,12904,10207
2019-07-04,12904,13080,12859,13054,18245
2019-07-05,13015,13271,12998,13254,13891
2019-07-08,13185,13215,13033,13050,9887
2019-07-09,13118,13225,13006,13006,7304
2019-07-10,13037,13037,12859,13001,3167
2019-07-11,12932,13092,12850,13092,8351
2019-07-12,13050,13250,13046,13123,56575
2019-07-15,13137,13137,12998,13033,1411
2019-07-16,13118,13145,12802,12871,14645
2019-07-17,12914,13024,12871,13024,11331
2019-07-18,12981,12981,12885,12919,15422
2019-07-19,13054,13092,12871,13083,5451
2019-07-22,13050,13050,12875,12963,22632
2019-07-23,12904,13001,12845,13001,12499
2019-07-24,13033,13180,13010,13118,4515
2019-07-25,13153,13280,13102,13180,3661
2019-07-26,13118,13315,13118,13197,6339
2019-07-29,13145,13163,12845,12941,3156
2019-07-30,13046,13149,12981,13071,8157
2019-07-31,13020,13080,12919,12959,13470
2019-08-01,12841,13076,12831,12880,1475
2019-08-02,12831,12967,12670,12914,40821
2019-08-05,12789,12899,12750,12814,13183
2019-08-06,12640,12740,12367,12537,5971
2019-08-07,12582,12675,12497,12611,1998
2019-08-08,12740,12904,12740,12819,2213
2019-08-09,12919,13046,12827,13033,1613
2019-08-12,13015,13037,12875,12937,9787
2019-08-13,12823,12914,12819,12862,11054
2019-08-14,12914,12945,12875,12875,7939
2019-08-16,12745,12836,12670,12836,3005
2019-08-19,12875,12914,12819,12875,69350
2019-08-20,12771,12819,12666,12819,68582
2019-08-21,12784,12902,12627,12762,73635
2019-08-22,12706,12719,12622,12632,33383
2019-08-23,12627,12706,12548,12706,1430
2019-08-26,12450,12592,12445,12578,2413
2019-08-27,12649,12653,12488,12488,3255
2019-08-28,12680,12899,12680,12836,6482
2019-08-29,12902,12902,12814,12855,2222
2019-08-30,12924,13010,12899,13010,3971
2019-09-02,12963,13163,12904,13128,2935
2019-09-03,13083,13149,12998,13033,2901
2019-09-04,13033,13114,12972,13083,2202
2019-09-05,13141,13149,13006,13037,5180
2019-09-06,13020,13071,12950,12981,541
2019-09-09,13024,13118,12875,12902,1003
2019-09-10,12972,13033,12963,13024,5736
2019-09-11,13137,13210,13028,13210,128039
2019-09-16,13232,13241,13076,13149,4958
2019-09-17,13149,13175,13083,13149,8900
2019-09-18,13137,13225,13097,13180,2641
2019-09-19,13141,13202,13088,13141,14587
2019-09-20,13145,13289,13137,13289,11379
2019-09-23,13297,13597,13297,13590,59606
2019-09-24,13641,13776,13581,13681,40264
2019-09-25,13537,13694,13537,13606,3122
2019-09-26,13619,13672,13328,13424,2898
2019-09-27,13528,13528,13267,13367,4888
2019-09-30,13358,13480,13342,13441,4250
2019-10-01,13358,13381,13225,13276,8324
2019-10-02,13187,13187,12976,13006,11129
2019-10-04,12937,12937,12688,12716,4067
2019-10-07,12771,12784,12692,12754,6688
2019-10-08,12754,12866,12726,12841,4552
2019-10-10,12722,12722,12507,12640,8201
2019-10-11,12736,12745,12645,12666,9375
2019-10-14,12666,12666,12476,12476,248670
2019-10-15,12553,12662,12553,12653,22629
2019-10-16,12692,12706,12592,12706,9835
2019-10-17,12776,12793,12615,12615,10672
2019-10-18,12719,12745,12568,12568,3946
2019-10-21,12680,12680,12545,12568,5161
2019-10-22,12493,12632,12480,12582,31020
2019-10-23,12568,12572,12419,12488,51984
2019-10-24,12563,12587,12462,12587,3388
2019-10-25,12587,12618,12542,12597,5002
2019-10-28,12675,12781,12645,12662,71516
2019-10-29,12666,12793,12662,12750,3189
2019-10-30,12754,12754,12632,12640,4048
2019-10-31,12640,12745,12601,12618,15757
2019-11-01,12572,12762,12558,12745,2108
2019-11-04,12745,12859,12726,12855,7841
2019-11-05,12850,13006,12850,12990,18728
2019-11-06,12985,13042,12880,12880,689
2019-11-07,12880,12967,12855,12954,15726
2019-11-08,12941,12941,12871,12924,26699
2019-11-11,12880,12902,12793,12871,26763
2019-11-12,12924,13028,12904,13024,46235
2019-11-13,13010,13050,12945,12954,1023
2019-11-14,12967,13020,12945,13020,692
2019-11-15,13054,13210,12998,13141,71141
2019-11-18,13149,13149,13063,13080,21390
2019-11-19,13080,13080,12981,12981,3356
2019-11-20,12885,12972,12875,12937,2425
2019-11-21,12945,12950,12789,12866,24059
2019-11-22,12866,12924,12807,12850,2772
2019-11-25,12875,13015,12875,13015,3638
2019-11-26,12967,12976,12831,12831,28718
2019-11-27,12855,12998,12855,12937,52128
2019-11-28,12871,12945,12841,12875,1291
2019-11-29,12937,12937,12611,12658,8200
2019-12-02,12658,12658,12502,12592,41089
2019-12-03,12622,12688,12511,12688,13057
2019-12-04,12618,12776,12558,12684,37271
2019-12-05,12706,12781,12553,12618,1753
2019-12-06,12666,12666,12577,12662,376
2019-12-09,12684,12688,12615,12666,1881
2019-12-10,12622,12807,12622,12797,24350
2019-12-11,12736,12793,12701,12776,669
2019-12-12,12784,12954,12784,12954,46324
2019-12-13,12998,13080,12875,12919,30299
2019-12-16,12972,12972,12924,12929,1068
2019-12-17,12954,13042,12929,13042,11801
2019-12-18,13010,13110,12981,13076,5733
2019-12-19,13020,13076,12902,12990,4974
2019-12-20,13042,13042,12919,13024,1627
2019-12-23,13092,13092,12954,12954,7465
2019-12-24,12981,12981,12875,12914,6215
2019-12-26,12993,13024,12890,12993,13633
2019-12-27,13033,13172,12959,13054,4773
2019-12-30,13046,13175,13006,13088,12491
2020-01-02,13080,13080,12722,12722,37990
2020-01-03,12716,12750,12537,12592,8602
2020-01-06,12529,12592,12502,12502,2709
2020-01-07,12578,12675,12529,12548,5368
2020-01-08,12445,12445,12249,12262,9917
2020-01-09,12324,12397,12184,12266,4866
2020-01-10,12266,12389,12266,12296,10594
2020-01-13,12296,12359,12280,12359,9506
2020-01-14,12414,12472,12379,12467,16997
2020-01-15,12441,12483,12406,12480,2718
2020-01-16,12568,12653,12568,12636,230404
2020-01-17,12666,12726,12611,12618,20975
2020-01-20,12618,12670,12592,12597,11662
2020-01-21,12597,12597,12502,12502,4421
2020-01-22,12545,12890,12545,12871,77375
2020-01-23,12972,13153,12959,13133,193945
2020-01-28,12862,13015,12823,12899,221045
2020-01-29,12899,12899,12692,12750,78226
2020-01-30,12688,12697,12488,12524,4702
2020-01-31,12524,12537,12231,12231,14661
2020-02-03,12027,12113,11831,12096,173663
2020-02-04,12096,12213,12080,12161,119316
2020-02-05,12196,12196,12076,12076,27513
2020-02-06,12205,12615,12193,12578,190031
2020-02-07,12476,12476,12293,12441,20021
2020-02-10,12285,12423,12275,12367,5559
2020-02-11,12406,12762,12406,12684,56603
2020-02-12,12627,12904,12627,12894,31573
2020-02-13,12894,12899,12662,12692,17096
2020-02-14,12582,12766,12507,12636,61871
2020-02-17,12597,12726,12542,12711,11743
2020-02-18,12649,12701,12533,12572,23738
2020-02-19,12627,12632,12472,12497,3882
2020-02-20,12553,12553,12340,12349,7606
2020-02-21,12213,12289,12170,12200,6965
2020-02-24,11935,11979,11691,11691,53384
2020-02-25,11643,11845,11643,11701,52109
2020-02-26,11571,11801,11553,11740,7411
2020-02-27,11719,11744,11627,11640,12886
2020-02-28,11541,11541,11156,11215,106084
2020-03-02,11097,11215,11010,11082,87865
2020-03-03,11230,11274,10966,11018,36416
2020-03-04,11018,11210,11018,11174,19961
2020-03-05,11265,11288,11131,11234,10566
2020-03-06,11156,11156,10866,10905,18807
2020-03-09,10674,10674,10391,10443,50283
2020-03-10,10414,10443,10230,10264,67852
2020-03-11,10274,10356,10091,10161,7558
2020-03-12,10174,10185,9495,9577,66783
2020-03-13,8578,9202,8578,9037,40814
2020-03-16,9191,9191,8773,8781,14816
2020-03-17,8311,8656,8290,8472,97701
2020-03-18,8461,8495,7937,7937,25661
2020-03-19,8117,8168,7177,7302,24076
2020-03-20,7220,7754,7107,7734,12614
2020-03-23,7199,7428,7111,7243,26846
2020-03-24,7380,7707,7312,7703,32436
2020-03-25,8164,8582,8100,8551,120368
2020-03-26,8586,8838,8294,8437,175458
2020-03-27,8904,8904,8333,8511,116820
2020-03-30,8316,8516,8190,8432,6972
2020-03-31,8594,8704,8495,8704,15185
2020-04-01,8646,8813,8451,8482,11535
2020-04-02,8516,8604,8324,8599,36790
2020-04-03,8551,8586,8437,8542,21048
2020-04-06,8547,8909,8547,8909,9250
2020-04-07,9091,9255,8942,9179,26876
2020-04-08,9104,9312,8987,9108,58157
2020-04-09,9290,9582,9246,9570,68304
2020-04-10,9577,9825,9479,9738,43694
2020-04-13,9596,9644,9394,9408,67143
2020-04-14,9443,9570,9430,9543,42670
2020-04-16,9347,9434,9246,9430,5685
2020-04-17,9543,9717,9543,9656,41108
2020-04-20,9656,9694,9530,9586,29075
2020-04-21,9466,9466,9199,9364,81154
2020-04-22,9182,9273,8977,9207,61585
2020-04-23,9294,9394,9265,9294,12523
2020-04-24,9215,9220,8963,8963,34416
2020-04-27,9025,9165,8995,9125,10411
2020-04-28,9189,9317,9139,9254,19297
2020-04-29,9277,9366,9189,9321,38134
2020-05-04,9180,9233,9050,9139,93158
2020-05-06,9272,9290,9189,9249,14045
2020-05-07,9193,9228,9139,9189,8153
2020-05-08,9200,9572,9200,9518,29829
2020-05-11,9545,9652,9479,9479,29123
2020-05-12,9438,9455,9197,9259,17127
2020-05-13,9113,9307,9103,9307,31012
2020-05-14,9269,9269,9059,9139,46040
2020-05-15,9218,9218,9072,9170,41478
2020-05-18,9244,9244,9067,9184,4690
2020-05-19,9474,9897,9474,9893,57019
2020-05-20,9771,9820,9691,9767,32781
2020-05-21,9987,10013,9776,9811,43565
2020-05-22,9811,9820,9545,9625,30616
2020-05-25,9700,9745,9536,9745,15957
2020-05-26,9785,10115,9785,10057,62323
2020-05-27,10067,10142,10040,10130,104239
2020-05-28,10181,10181,9879,9987,55134
2020-05-29,9936,10297,9905,10254,34457
2020-06-01,10209,10525,10146,10517,58196
2020-06-02,10454,10895,10422,10846,57022
2020-06-03,10998,11351,10993,11217,170462
2020-06-04,11351,11449,10981,11097,73000
2020-06-05,11047,11243,10953,11193,72967
2020-06-08,11400,11471,11186,11311,37797
2020-06-09,11311,11458,11066,11198,192939
2020-06-10,11171,11171,10958,11150,99811
2020-06-11,10967,11140,10767,10932,264665
2020-06-12,10411,10654,10365,10654,36293
2020-06-15,10441,10486,9852,9852,61325
2020-06-16,9995,10360,9995,10360,25914
2020-06-17,10334,10355,10138,10276,16350
2020-06-18,10170,10370,10067,10235,29203
2020-06-19,10324,10324,10097,10142,17348
2020-06-22,10057,10135,9991,10008,25717
2020-06-23,10036,10244,9987,10156,99198
2020-06-24,10244,10602,10227,10486,81513
2020-06-25,10217,10244,10084,10097,63373
2020-06-26,10185,10235,10138,10200,25745
2020-06-29,9972,9999,9856,9909,39709
2020-06-30,10102,10173,9950,9950,24268
2020-07-01,10057,10102,9931,9931,8142
2020-07-02,9955,10076,9955,10071,15448
2020-07-03,10120,10138,10013,10067,25592
2020-07-06,10106,10432,10044,10386,76351
2020-07-07,10436,10522,10276,10297,58095
2020-07-08,10297,10450,10297,10355,31739
2020-07-09,10432,10432,10276,10312,26314
2020-07-10,10209,10249,10008,10053,27174
2020-07-13,10130,10432,10057,10432,70135
2020-07-14,10370,10481,10244,10476,69349
2020-07-15,10703,11047,10681,10820,137407
2020-07-16,10861,11012,10785,10801,116300
2020-07-17,10851,11243,10851,11213,179190
2020-07-20,11243,11506,11190,11356,250524
2020-07-21,11332,11332,11097,11167,132107
2020-07-22,11190,11252,10941,10941,117206
2020-07-23,10927,11198,10785,11145,583895
2020-07-24,10998,11292,10895,10967,278256
2020-07-27,10984,11233,10949,11082,58304
2020-07-28,11123,11131,10984,11087,53828
2020-07-29,11021,11323,10918,11323,111500
2020-07-30,11412,11787,11392,11680,289615
2020-07-31,11693,11730,11444,11471,166845
2020-08-03,11497,11501,11248,11387,127487
2020-08-04,11480,11769,11476,11743,91855
2020-08-05,11747,11917,11716,11909,570646
2020-08-06,11948,12393,11948,12368,397366
2020-08-07,12416,12634,12269,12492,432297
2020-08-10,12661,13763,12621,13545,997037
2020-08-11,13652,13857,13214,13852,411888
2020-08-12,13570,14071,13526,13687,627455
2020-08-13,13847,13973,13501,13700,247737
2020-08-14,13790,13874,13241,13597,310317
2020-08-18,13451,13674,12905,13019,188089
2020-08-19,13093,13312,12956,13214,151712
2020-08-20,13054,13205,12482,12549,167817
2020-08-21,12692,12929,12511,12835,142244
2020-08-24,12854,13014,12577,12952,133380
2020-08-25,13254,13606,13254,13348,231252
2020-08-26,13371,13514,13098,13402,111326
2020-08-27,13446,13446,13046,13054,201425
2020-08-28,13080,13664,13080,13416,309039
2020-08-31,13647,13946,13514,13517,229109
2020-09-01,13554,13910,13517,13910,177323
2020-09-02,13896,13896,13606,13776,879564
2020-09-03,13776,13806,13633,13695,192573
2020-09-04,13098,13482,13084,13469,204944
2020-09-07,13412,13460,13280,13392,85897
2020-09-08,13486,13535,13312,13361,126849
2020-09-09,13214,13482,13214,13280,67821
2020-09-10,13412,13412,13254,13344,70165
2020-09-11,13224,13366,13142,13356,57997
2020-09-14,13460,13985,13446,13985,458237
2020-09-15,14092,14172,13968,14027,543280
2020-09-16,14009,14397,13857,14347,322121
2020-09-17,14401,14886,14347,14681,403026
2020-09-18,14601,14668,14276,14432,319898
2020-09-21,14432,14859,14428,14703,261103
2020-09-22,14566,14578,13923,14102,242842
2020-09-23,14262,14262,13590,14000,213922
2020-09-24,13692,13692,13312,13446,1123095
2020-09-25,13554,13575,13151,13330,356108
2020-09-28,13521,13745,13501,13717,359028
2020-09-29,13973,14017,13821,13995,141106
2020-10-05,14150,14686,14150,14672,340252
2020-10-06,14752,14824,14401,14556,206116
2020-10-07,14328,14605,14276,14605,94188
2020-10-08,14752,14752,14378,14494,216687
2020-10-12,14378,14498,14281,14393,114401
2020-10-13,14393,14454,14195,14454,245838
2020-10-14,14454,14601,14235,14240,67875
2020-10-15,14221,14357,14035,14257,101986
2020-10-16,14293,14293,13758,13928,169904
2020-10-19,13928,13995,13687,13736,122496
2020-10-20,13229,13933,13165,13933,445181
2020-10-21,13920,13920,13652,13785,56241
2020-10-22,13678,13678,13473,13647,75860
2020-10-23,13713,13874,13687,13866,61027
2020-10-26,13826,14221,13669,14106,203260
2020-10-27,14218,14672,14155,14418,293243
2020-10-28,14413,14668,14240,14659,133955
2020-10-29,14360,14383,14177,14328,138285
2020-10-30,14230,14230,13704,13754,271147
2020-11-02,13847,14066,13839,14035,167727
2020-11-03,14035,14141,13928,14013,123005
2020-11-04,14092,14328,14017,14087,126794
2020-11-05,14235,14388,14195,14388,151472
2020-11-06,14423,14552,14200,14262,168571
2020-11-09,14333,14566,14333,14418,226152
2020-11-10,14502,14690,14328,14676,185499
2020-11-11,14676,15257,14676,15158,869036
2020-11-12,15145,15283,14963,15212,540818
2020-11-13,15158,15487,15131,15360,248814
2020-11-16,15492,15581,15248,15507,286249
2020-11-17,15387,15644,15262,15423,227573
2020-11-18,15423,15538,15262,15382,520873
2020-11-19,15337,15899,15337,15774,397859
2020-11-20,15760,15760,15554,15658,196134
2020-11-23,15549,15939,15510,15939,386862
2020-11-24,15934,15995,15796,15995,271002
2020-11-25,16019,16095,15720,15903,542439
2020-11-26,15873,15934,15631,15792,413154
2020-11-27,15755,15944,15658,15939,515019
2020-11-30,15964,16202,15720,15720,464490
2020-12-01,15908,16202,15876,16198,249720
2020-12-02,16179,16319,16095,16246,516309
2020-12-03,16246,16933,16210,16933,1021034
2020-12-04,16969,17156,16791,16875,627476
2020-12-07,16776,16808,16491,16751,525538
2020-12-08,16653,16714,16470,16510,495449
2020-12-09,16607,16880,16526,16853,315084
2020-12-10,16692,16880,16566,16724,445348
2020-12-11,16796,16870,16657,16728,328764
2020-12-14,16629,16791,16505,16692,231706
2020-12-15,16639,16751,16501,16710,177353
2020-12-16,16751,16897,16710,16781,233374
2020-12-17,16755,16796,16590,16746,227342
2020-12-18,16746,16746,16599,16670,180037
2020-12-21,16648,16648,16309,16447,388389
2020-12-22,16416,16447,16184,16184,154170
2020-12-23,16260,16890,16143,16719,208987
2020-12-24,16719,16853,16612,16755,161534
2020-12-28,16769,17005,16732,16977,224333
2020-12-29,17080,17151,16959,17130,388841
2020-12-30,17146,17380,17084,17357,817009
2021-01-04,17384,18556,17366,18476,1527466
2021-01-05,18279,18565,18033,18503,877832
2021-01-06,18476,18587,17985,18066,876439
2021-01-07,18191,18868,18127,18587,795542
2021-01-08,19083,21990,19083,20955,2982592
2021-01-11,21624,22935,20670,21242,2366319
2021-01-12,20915,21361,20180,20826,1266874
2021-01-13,20705,21539,20274,21040,1445038
2021-01-14,20670,21049,20509,20826,968676
2021-01-15,20871,21089,20207,20215,848039
2021-01-18,20010,20626,19865,20371,578620
2021-01-19,20566,21896,20566,21896,2254973
2021-01-20,22435,23527,22074,22333,3089331
2021-01-21,22472,23404,22310,23394,1594918
2021-01-22,23190,23291,22855,23006,2401158
2021-01-25,22458,23420,22458,23341,1719108
2021-01-26,23345,23364,22651,22788,2276879
2021-01-27,22801,23185,22369,22651,1120952
2021-01-28,22024,22623,21985,22069,870925
2021-01-29,22297,22369,20777,20974,1152766
2021-02-01,20842,22248,20626,22248,633832
2021-02-02,22168,22561,21904,22302,952554
2021-02-03,22725,23702,22725,23389,3252469
2021-02-04,23710,23760,22949,23384,1291740
2021-02-05,23586,23586,22917,23537,1038741
2021-02-08,22592,22605,21687,21883,2575622
2021-02-09,21736,22289,21629,21950,1265608
2021-02-10,22114,22476,21847,22395,926067
2021-02-15,22417,22551,22186,22289,695621
2021-02-16,22364,22364,22049,22173,734076
2021-02-17,22084,22088,21678,21797,751557
2021-02-18,21731,21874,21383,21383,526585
2021-02-19,21383,21758,21166,21749,541629
2021-02-22,21768,21945,21482,21543,346680
2021-02-23,21467,21637,21045,21424,339235
2021-02-24,21472,21637,20325,20375,521291
2021-02-25,20715,20955,20375,20955,403875
2021-02-26,20274,21419,20212,20541,469846
2021-03-02,21026,21557,20777,21013,469614
2021-03-03,20902,21191,20807,21191,213084
2021-03-04,20852,21259,20607,20812,304208
2021-03-05,20518,20937,20086,20847,270407
2021-03-08,20981,21035,20546,20656,207677
2021-03-09,20656,20768,20073,20536,310973
2021-03-10,20871,20871,20024,20104,306689
2021-03-11,20117,20678,20112,20581,179580
2021-03-12,20719,20960,20612,20960,255226
2021-03-15,20937,21179,20683,20892,206333
2021-03-16,21035,21206,21017,21161,170769
2021-03-17,21112,21112,20755,20928,118019
2021-03-18,21133,21472,21022,21174,359811
2021-03-19,20871,21218,20772,21169,137827
2021-03-22,21289,21486,21089,21169,147428
2021-03-23,21259,21397,20737,20777,149038
2021-03-24,20631,20644,20340,20357,175621
2021-03-25,20212,20385,20100,20215,196772
2021-03-26,20367,20406,20152,20344,216097
2021-03-29,20367,20367,20037,20237,162096
2021-03-30,20283,20839,20270,20839,241670
2021-03-31,20839,20861,20590,20590,274643
2021-04-01,20750,20950,20651,20724,117157
2021-04-02,20964,21696,20964,21393,751735
2021-04-05,21472,21499,21053,21298,268495
2021-04-06,21364,21378,20981,21035,223589
2021-04-07,20955,21259,20866,21138,343461
2021-04-08,21156,21567,21004,21557,393500
2021-04-09,21491,21552,21161,21214,344982
2021-04-12,21206,21214,21058,21153,217334
2021-04-13,21143,21397,21143,21373,179978
2021-04-14,21428,21713,21361,21522,304272
2021-04-15,21491,21552,21276,21361,318472
2021-04-16,21400,21584,21316,21383,186453
2021-04-19,21383,21458,21246,21329,185785
2021-04-20,21237,21373,21237,21361,202233
2021-04-21,21214,21223,20803,20883,379025
2021-04-22,20969,21045,20883,20892,227254
2021-04-23,20741,20764,20469,20590,376797
2021-04-26,20598,20661,20487,20635,312695
2021-04-27,20566,20571,20371,20558,336741
2021-04-28,20526,20644,20220,20255,300027
2021-04-29,20242,20260,19898,19907,280574
2021-04-30,19814,19819,19462,19516,398331
2021-05-03,19489,20321,19489,19917,320644
2021-05-04,19917,20125,19701,20115,194794
2021-05-06,20115,20247,19962,20170,222921
2021-05-07,20170,20363,20071,20251,222961
2021-05-10,20336,20849,20336,20813,320783
2021-05-11,20674,20719,20358,20525,415105
2021-05-12,20556,20884,20274,20701,409028
2021-05-13,20274,20769,20274,20498,273539
2021-05-14,20773,20868,20471,20594,359489
2021-05-17,20778,20778,20331,20421,263771
2021-05-18,20458,20849,20458,20823,213617
2021-05-20,20565,20678,20283,20408,267476
2021-05-21,20503,20944,20417,20634,388987
2021-05-24,20561,20801,20498,20539,169575
2021-05-25,20647,20688,20350,20485,401433
2021-05-26,20494,20688,20314,20399,184721
2021-05-27,20367,20421,20115,20247,170149
2021-05-28,20394,21044,20367,20994,558876
2021-05-31,21093,21233,20926,21233,461041
2021-06-01,21233,21371,21066,21264,439945
2021-06-02,21391,21665,21287,21457,708160
2021-06-03,21462,21683,21323,21574,414744
2021-06-04,21688,22044,21531,22044,1050037
2021-06-07,22139,22479,22139,22354,1435814
2021-06-08,22340,22593,22024,22530,907556
2021-06-09,22484,22670,22313,22404,794473
2021-06-10,22255,22358,22151,22165,460000
2021-06-11,22272,22670,22201,22246,370418
2021-06-14,22246,22255,21881,22120,458683
2021-06-15,22058,22193,21854,22120,359740
2021-06-16,22065,22382,22065,22300,286942
2021-06-17,22174,22205,22017,22161,423202
2021-06-18,22161,22394,22106,22318,350686
2021-06-21,22115,22313,21963,22125,414141
2021-06-22,22268,22679,22260,22648,1010603
2021-06-23,22687,22702,22377,22499,848477
2021-06-24,22489,22881,22345,22440,1133574
2021-06-25,22530,22552,22260,22552,479804
2021-06-28,22566,22566,22215,22358,755972
2021-06-29,22363,22530,22255,22358,618280
2021-06-30,22349,22358,22210,22349,490301
2021-07-01,22282,22382,22044,22382,666046
2021-07-02,22354,22512,22165,22174,389152
2021-07-05,22205,22220,21890,21990,633237
2021-07-06,22024,22144,21917,21958,376263
2021-07-07,21863,21863,21675,21765,607276
2021-07-08,21742,21781,21395,21426,775737
2021-07-09,21179,21256,20944,21143,654716
2021-07-12,21340,21539,21318,21493,505925
2021-07-13,21574,21606,21440,21606,411883
2021-07-14,21579,21620,21431,21498,484608
2021-07-15,21498,21701,21498,21693,536840
2021-07-16,21572,21572,21350,21502,834713
2021-07-19,21251,21295,21107,21169,709248
2021-07-20,20884,21247,20884,21207,713006
2021-07-21,21435,21476,21259,21313,452243
2021-07-22,21391,21552,21323,21431,395708
2021-07-23,21502,21562,21133,21219,516615
2021-07-26,21251,21251,20984,21007,257843
2021-07-27,21039,21138,21007,21039,240966
2021-07-28,20963,21044,20773,20926,313729
2021-07-29,20953,21062,20930,20953,199537
2021-07-30,20930,20930,20594,20620,396768
2021-08-02,20638,20818,20602,20801,271270
2021-08-03,20769,21030,20678,21030,213600
2021-08-04,21080,21214,20944,21214,217068
2021-08-05,21097,21214,21062,21117,263172
2021-08-06,21169,21188,21025,21084,270996
2021-08-09,20984,20984,20783,20930,316075
2021-08-10,20863,20863,20602,20674,372109
2021-08-11,20584,20818,20584,20647,247219
2021-08-12,20697,21128,20697,20868,625304
2021-08-13,20909,20989,20475,20634,431057
2021-08-17,20529,20678,20183,20255,178678
2021-08-18,20161,20403,20088,20274,212842
2021-08-19,20130,20130,19503,19521,399147
2021-08-20,19543,19628,18993,19111,333302
2021-08-23,19246,19612,19147,19413,319144
2021-08-24,19588,19876,19570,19809,251042
2021-08-25,19804,20038,19714,19859,137404
2021-08-26,19835,20110,19819,20012,116015
2021-08-27,19912,20030,19796,19989,166353
2021-08-30,20206,20345,20156,20175,135506
2021-08-31,20142,20471,20026,20471,151837
2021-09-01,20431,20751,20431,20606,232278
2021-09-02,20534,20580,20247,20306,126937
2021-09-03,20390,20606,20358,20556,219432
2021-09-06,20549,20630,20485,20625,183543
2021-09-07,20584,20611,20413,20539,119099
2021-09-08,20381,20746,20363,20674,217217
2021-09-09,20544,20674,20260,20260,152888
2021-09-10,20251,20283,19778,19926,320127
2021-09-13,19819,19907,19669,19824,175705
2021-09-14,19863,20224,19863,20067,237698
2021-09-15,19971,20151,19926,20043,170583
2021-09-16,20134,20138,19886,20067,123166
2021-09-17,19989,20026,19881,19993,110576
2021-09-23,19724,19962,19656,19886,115370
2021-09-24,19907,19948,19679,19688,149458
2021-09-27,19593,19724,19548,19656,250252
2021-09-28,19538,19562,19219,19237,228114
2021-09-29,18962,19202,18930,19197,213497
2021-09-30,19080,19197,18970,19143,169695
2021-10-01,18975,19065,18484,18539,162075
2021-10-05,18179,18679,18102,18543,326521
2021-10-06,18661,18727,18224,18224,166019
2021-10-07,18260,19034,18260,19007,299144
2021-10-08,19070,19538,19007,19475,339592
2021-10-12,19389,19548,19205,19430,301084
2021-10-13,19444,20074,19444,20057,427089
2021-10-14,20170,20251,19948,20107,289182
2021-10-15,20084,20134,19891,20003,272434
2021-10-18,19917,20062,19724,19981,177067
2021-10-19,20071,20192,19967,20107,204406
2021-10-20,20071,20192,19863,19886,197494
2021-10-21,19945,20079,19714,19728,148682
2021-10-22,19746,19859,19628,19638,110319
2021-10-25,19624,19945,19472,19895,160959
2021-10-26,20088,20093,19845,20047,179598
2021-10-27,20057,20183,19912,19981,185443
2021-10-28,20038,20130,19719,19719,296298
2021-10-29,19871,19891,19255,19389,270997
2021-11-01,19373,19475,19295,19358,87496
2021-11-02,19413,19743,19413,19607,151389
2021-11-03,19728,19728,19333,19430,167680
2021-11-04,19562,19903,19548,19684,202670
2021-11-05,19863,19863,19617,19692,177601
2021-11-08,19692,19840,19494,19751,165657
2021-11-09,19756,19898,19448,19575,238442
2021-11-10,19373,19416,19111,19205,303261
2021-11-11,18934,19044,18783,18899,492330
2021-11-12,18886,19278,18886,19229,307295
2021-11-15,19237,19416,19147,19358,388930
2021-11-16,19219,19219,18899,19003,518740
2021-11-17,19007,19007,18706,18899,465167
2021-11-18,18810,18837,18588,18630,382805
2021-11-19,18846,18975,18701,18791,466533
2021-11-22,18720,19373,18620,19353,805746
2021-11-23,19234,19260,18949,19034,511494
2021-11-24,18944,19061,18765,18872,515747
2021-11-25,18854,18872,18720,18796,335435
2021-11-26,18701,18701,18196,18251,651955
2021-11-29,17795,18043,17783,17881,388748
2021-11-30,18332,18489,17373,17465,739517
2021-12-01,17633,18102,17606,18088,743465
2021-12-02,17746,18439,17729,18386,626124
2021-12-03,18467,18620,18382,18530,350479
2021-12-06,18402,18692,18304,18656,329618
2021-12-07,18630,18765,18467,18727,364289
2021-12-08,18872,18966,18656,18679,282680
2021-12-09,18665,18926,18665,18769,478910
2021-12-10,18711,18917,18646,18886,308389
2021-12-13,19056,19283,18944,18944,480907
2021-12-14,18791,19065,18783,18908,225402
2021-12-15,18827,18872,18646,18701,206346
2021-12-16,18850,18908,18598,18818,298902
2021-12-17,18630,18934,18630,18810,242454
2021-12-20,18737,18751,18391,18435,339875
2021-12-21,18439,18571,18332,18471,228543
2021-12-22,18588,18783,18520,18696,282553
2021-12-23,18801,18864,18706,18850,209922
2021-12-24,18899,19444,18899,19444,607996
2021-12-27,19484,19503,19324,19333,300759
2021-12-28,19426,19426,19130,19426,499865
2021-12-29,19480,19530,19358,19399,538016
2021-12-30,19384,19384,19106,19130,252760
2022-01-03,19234,19260,19097,19255,280960
2022-01-04,19309,19399,19197,19324,473164
2022-01-05,19453,19769,19389,19484,922727
2022-01-06,19314,19835,19314,19633,733167
2022-01-07,19653,19824,19624,19706,316618
2022-01-10,19557,19706,19111,19151,461631
2022-01-11,19156,19273,18894,19003,309805
2022-01-12,19039,19273,19025,19255,315677
2022-01-13,19229,19341,18949,19016,275578
2022-01-14,18917,18993,18801,18854,193152
2022-01-17,18796,18796,18323,18443,427950
2022-01-18,18489,18547,18088,18160,319742
2022-01-19,17916,18206,17854,17926,316604
2022-01-20,17845,18084,17778,18084,306130
2022-01-21,17873,17904,17683,17764,339621
2022-01-24,17629,17760,17395,17529,341362
2022-01-25,17516,17516,16846,17110,951088
2022-01-26,17110,17251,16935,17025,530451
2022-01-27,17035,17350,16782,16841,552683
2022-01-28,16882,17296,16502,17296,660510
2022-02-03,17493,17666,17409,17409,350605
2022-02-04,17314,17458,17178,17322,271793
2022-02-07,17310,17310,16967,17156,333397
2022-02-08,17286,17470,16998,17066,303797
2022-02-09,17219,17310,17133,17300,241844
2022-02-10,17430,17430,17115,17278,370981
2022-02-11,17110,17211,16943,17125,314393
2022-02-14,16867,16957,16664,16664,375315
2022-02-15,16710,16952,16669,16782,199173
2022-02-16,17047,17146,16967,17106,209179
2022-02-17,17120,17310,16918,17106,401982
2022-02-18,16931,17125,16850,17043,187169
2022-02-21,16797,17137,16714,17137,264237
2022-02-22,16846,16967,16782,16923,226054
2022-02-23,17056,17056,16882,17015,181902
2022-02-24,16823,16867,16250,16368,494260
2022-02-25,16553,16584,16390,16538,282708
2022-02-28,16278,16475,16124,16475,209009
2022-03-02,16314,16431,16278,16309,418697
2022-03-03,16502,16787,16448,16737,418858
2022-03-04,16664,16701,16467,16498,216465
2022-03-07,16269,16269,15922,16038,261305
2022-03-08,15791,16034,15727,15845,114488
2022-03-10,16129,16134,15922,16016,151029
2022-03-11,16016,16016,15747,15850,291439
2022-03-14,15773,15773,15431,15539,437073
2022-03-15,15423,15606,15368,15507,467602
2022-03-16,15670,15931,15547,15931,329750
2022-03-17,16204,16291,16025,16025,475651
2022-03-18,16097,16097,15904,16021,394251
2022-03-21,16052,16052,15805,15818,467978
2022-03-22,15822,16111,15822,16083,505165
2022-03-23,16178,16413,16146,16278,633675
2022-03-24,16151,16240,16083,16240,290183
2022-03-25,16278,16278,16129,16170,244285
2022-03-28,16065,16192,15950,16156,224803
2022-03-29,16274,16472,16274,16359,578601
2022-03-30,16574,16809,16557,16628,480721
2022-03-31,16543,16674,16493,16607,254727
2022-04-01,16488,16648,16373,16648,223454
2022-04-04,16579,16643,16484,16628,232622
2022-04-05,16679,16692,16520,16679,316583
2022-04-06,16569,16931,16426,16809,556097
2022-04-07,16688,16746,16475,16475,544343
2022-04-08,16475,16525,16305,16368,288473
2022-04-11,16373,16706,16305,16574,476730
2022-04-12,16426,16553,16323,16417,213855
2022-04-13,16475,16755,16475,16728,316450
2022-04-14,16728,16801,16588,16593,332517
2022-04-15,16484,16574,16422,16548,210430
2022-04-18,16502,16872,16475,16872,408017
2022-04-19,16877,16943,16832,16882,646869
2022-04-20,16913,17165,16813,17097,738290
2022-04-21,17133,17310,17079,17170,649927
2022-04-22,17007,17178,16943,17035,655977
2022-04-25,16742,16908,16602,16792,987683
2022-04-26,17012,17449,17012,17178,1043187
2022-04-27,16801,17130,16801,17130,542470
2022-04-28,17213,17355,17088,17309,507733
2022-04-29,17250,17250,17083,17193,343062
2022-05-02,17083,17337,17074,17253,585939
2022-05-03,17213,17230,17065,17106,213333
2022-05-04,17110,17143,17028,17115,182518
2022-05-06,16900,17038,16900,16969,268141
2022-05-09,16882,16936,16601,16638,323070
2022-05-10,16509,16692,16271,16692,606461
2022-05-11,16560,16887,16442,16827,295459
2022-05-12,16665,17001,16665,16748,463845
2022-05-13,16835,17166,16817,17166,340893
2022-05-16,17277,17304,16986,17028,248910
2022-05-17,17088,17157,17018,17070,243782
2022-05-18,17157,17171,16932,17038,274643
2022-05-19,16675,16748,16615,16665,355654
2022-05-20,16753,17028,16716,16991,359571
2022-05-23,17130,17162,16936,17010,371165
2022-05-24,16991,17023,16808,16835,281290
2022-05-25,16895,16964,16716,16827,378165
2022-05-26,16859,16982,16692,16780,316550
2022-05-27,16954,16973,16840,16895,254222
2022-05-30,17006,17130,16950,17130,252407
2022-05-31,17125,17501,17088,17501,546990
2022-06-02,17396,17483,17327,17468,286949
2022-06-03,17524,17570,17272,17382,299470
2022-06-07,17359,17359,17193,17282,382030
2022-06-08,17318,17355,17070,17078,257527
2022-06-09,17078,17355,16964,17355,183039
2022-06-10,17083,17245,17010,17221,271041
2022-06-13,16827,16900,16377,16377,473741
2022-06-14,16110,16266,15890,16114,437538
2022-06-15,16156,16417,15959,16050,489686
2022-06-16,16330,16330,15917,15922,308811
2022-06-17,15463,15738,15385,15660,344642
2022-06-20,15760,15770,15298,15476,201698
2022-06-21,15521,15843,15422,15743,489240
2022-06-22,15797,15821,15444,15444,350294
2022-06-23,15541,15655,15269,15375,623760
2022-06-24,15320,15632,15246,15609,286918
2022-06-27,15723,16367,15692,16280,688994
2022-06-28,16280,16628,16257,16477,531003
2022-06-29,16027,16146,15711,15834,724520
2022-06-30,15913,16252,15857,15950,484689
2022-07-01,16091,16266,15875,15945,608877
2022-07-04,15981,16110,15660,15926,623677
2022-07-05,16022,16078,15646,15853,395396
2022-07-06,15793,15834,15362,15380,509896
2022-07-07,15544,15660,15357,15526,292275
2022-07-08,15719,16031,15706,15890,546645
2022-07-11,16059,16198,15885,15917,430215
2022-07-12,15862,15998,15682,15825,274345
2022-07-13,15890,16377,15834,16293,489813
2022-07-14,16137,16340,16096,16202,346242
2022-07-15,16210,16349,15935,16308,581611
2022-07-18,16442,16564,16308,16453,483630
2022-07-19,16413,16729,16385,16729,760648
2022-07-20,16932,16954,16712,16780,399323
2022-07-21,16758,17083,16638,16850,728301
2022-07-22,16909,16991,16753,16758,631190
2022-07-25,16775,17272,16775,17258,532240
2022-07-26,17203,17225,17042,17225,407298
2022-07-27,17213,17253,17051,17240,610369
2022-07-28,17355,17359,17134,17208,557069
2022-07-29,17282,17391,17221,17359,589842
2022-08-01,17221,17382,17221,17295,604062
2022-08-02,17350,17401,17176,17300,525810
2022-08-03,17364,17575,17364,17547,473220
2022-08-04,17643,17658,17423,17584,817422
2022-08-05,17584,17621,17359,17423,722025
2022-08-08,17295,17533,17267,17528,339947
2022-08-09,17528,17575,17341,17575,513026
2022-08-10,17520,17588,17359,17373,241697
2022-08-11,17588,17588,17441,17493,351722
2022-08-12,17520,17653,17401,17639,405087
2022-08-16,17675,17732,17327,17515,612224
2022-08-17,17463,17588,17097,17203,1131296
2022-08-18,16923,16936,16638,16877,519162
2022-08-19,16882,17088,16840,16982,514360
2022-08-22,16827,16996,16753,16877,299900
2022-08-23,16748,16954,16697,16726,419440
2022-08-24,16739,16854,16514,16643,527736
2022-08-25,16712,16973,16702,16973,364315
2022-08-26,16996,17051,16919,17042,215025
2022-08-29,16514,16638,16500,16620,406955
2022-08-30,16721,17240,16721,17198,497253
2022-08-31,17166,17332,17074,17285,379418
2022-09-01,17208,17240,16900,17115,544928
2022-09-02,17267,17588,17193,17300,519318
2022-09-05,17290,17616,17282,17488,519019
2022-09-06,17524,17685,17423,17653,416669
2022-09-07,17680,17855,17533,17732,414949
2022-09-08,17860,17897,17602,17805,586621
2022-09-13,17901,17901,17496,17663,397398
2022-09-14,17217,17520,17217,17493,394383
2022-09-15,17493,17580,17203,17203,395789
2022-09-16,17225,17415,17203,17230,275390
2022-09-19,17309,17318,17042,17157,259482
2022-09-20,17313,17432,17235,17235,268493
2022-09-21,17162,17162,16887,17033,264092
2022-09-22,16832,16904,16675,16803,397170
2022-09-23,16758,16762,16417,16417,258174
2022-09-26,16220,16220,15755,15816,578243
2022-09-27,15935,15959,15628,15935,299154
2022-09-28,15755,15788,15269,15453,382151
2022-09-29,15660,15788,15526,15526,378790
2022-09-30,15536,15595,14998,15066,379473
2022-10-04,15246,15412,15154,15338,322193
2022-10-05,15669,15719,14925,15150,410420
2022-10-06,15302,15302,15136,15298,781464
2022-10-07,15145,15191,15030,15168,293059
2022-10-11,14787,14865,14465,14548,370751
2022-10-12,14425,14566,14278,14443,433843
2022-10-13,14457,14512,14295,14295,317952
2022-10-14,14497,14626,14365,14516,256545
2022-10-17,14323,14533,14190,14530,307152
2022-10-18,14823,14962,14640,14925,527906
2022-10-19,14806,15302,14806,15039,596682
2022-10-20,14994,15012,14777,14888,289221
2022-10-21,14875,14875,14695,14740,540624
2022-10-24,14893,14976,14378,14462,395150
2022-10-25,14507,14548,14346,14548,424637
2022-10-26,14589,14589,14346,14415,408858
2022-10-27,14497,14668,14457,14668,387111
2022-10-28,14658,15168,14658,15108,487412
2022-10-31,15283,15283,14883,15062,374297
2022-11-01,15086,15141,14967,15058,442963
2022-11-02,15017,15173,14870,15150,314508
2022-11-03,14870,14948,14769,14880,321356
2022-11-04,14833,14994,14782,14972,383852
2022-11-07,15158,15357,15154,15333,319664
2022-11-08,15422,15463,15186,15228,331294
2022-11-09,15315,15389,15210,15325,935552
2022-11-10,15158,15385,15108,15214,208236
2022-11-11,15563,15613,15330,15412,383750
2022-11-14,15558,15867,15541,15760,461463
2022-11-15,15743,15748,15544,15623,250130
2022-11-16,15669,15669,15333,15412,244746
2022-11-17,15330,15458,15173,15173,176812
2022-11-18,15173,15338,15118,15200,177919
2022-11-21,15200,15261,14967,15081,92128
2022-11-22,14994,15007,14833,14870,146923
2022-11-23,14957,15066,14880,15025,165372
2022-11-24,15150,15173,14980,15039,139905
2022-11-25,14998,15094,14935,14962,132186
2022-11-28,14898,14985,14728,14943,180966
2022-11-29,14943,15141,14860,15118,134649
2022-11-30,15118,15256,15066,15256,114486
2022-12-01,15430,15480,15330,15338,155510
2022-12-02,15338,15347,15154,15186,94406
2022-12-05,15163,15195,14833,14883,188034
2022-12-06,14792,14811,14691,14718,234573
2022-12-07,14718,14801,14612,14723,192482
2022-12-08,14782,14787,14594,14672,78124
2022-12-09,14764,14815,14644,14777,136147
2022-12-12,14732,14760,14649,14676,132489
2022-12-13,14708,14708,14250,14287,269937
2022-12-14,14323,14740,14310,14723,212792
2022-12-15,14640,14782,14603,14603,139214
2022-12-16,14448,14713,14443,14594,137646
2022-12-19,14530,14538,14241,14323,136967
2022-12-20,14250,14305,14039,14258,208387
2022-12-21,14327,14327,14144,14171,100663
2022-12-22,14199,14465,14199,14438,87091
2022-12-23,14241,14360,14236,14282,110472
2022-12-26,14282,14420,14246,14410,122915
2022-12-27,14457,14530,14383,14429,167137
2022-12-28,14480,14548,14337,14369,158355
2022-12-29,14378,14378,13993,14007,175342
2023-01-02,14199,14530,14171,14263,294787
2023-01-03,14346,14438,14007,14388,230121
2023-01-04,14166,14443,14166,14397,116823
2023-01-05,14397,14557,14305,14378,214155
2023-01-06,14369,14728,14194,14649,145580
2023-01-09,14649,15017,14649,14985,209645
2023-01-10,14925,15039,14865,14962,131234
2023-01-11,15071,15113,14925,15017,105164
2023-01-12,15030,15131,14980,15017,107070
2023-01-13,15062,15333,15062,15214,360911
2023-01-16,15126,15163,14962,15118,219407
2023-01-17,15118,15191,15034,15062,145956
2023-01-18,15062,15141,14856,14985,124458
2023-01-19,14920,14920,14774,14883,67431
2023-01-20,14875,14920,14828,14915,72591
2023-01-25,15017,15178,15017,15126,77728
2023-01-26,15154,15812,15150,15793,256986
2023-01-27,15843,15917,15572,15613,266338
2023-01-30,15636,15797,15357,15366,137955
2023-01-31,15338,15417,15210,15256,104018
2023-02-01,15435,15572,15315,15526,160401
2023-02-02,15613,15706,15426,15508,176413
2023-02-03,15558,15963,15516,15872,238804
2023-02-06,15802,15872,15664,15682,120237
2023-02-07,15728,15733,15586,15673,107726
2023-02-08,15797,15959,15711,15959,139298
2023-02-09,15797,15998,15784,15935,124678
2023-02-10,15816,15913,15715,15880,102232
2023-02-13,15880,15903,15692,15830,100210
2023-02-14,15872,16188,15843,16118,185314
2023-02-15,16118,16160,15816,15848,141981
2023-02-16,15931,16432,15931,16385,211451
2023-02-17,16193,16427,16193,16381,150443
2023-02-20,16381,16448,16215,16372,121842
2023-02-21,16377,16500,16280,16477,103039
2023-02-22,16210,16344,16133,16178,292692
2023-02-23,16118,16564,16114,16390,279788
2023-02-24,16390,16523,16225,16257,205913
2023-02-27,16137,16262,15890,16262,144567
2023-02-28,16262,16472,16133,16275,302637
2023-03-02,16275,16680,16247,16606,300554
2023-03-03,16578,16729,16472,16628,187124
2023-03-06,16697,16743,16588,16743,222362
2023-03-07,16743,16743,16468,16536,136723
2023-03-08,16372,16514,16271,16514,129672
2023-03-09,16514,16684,16442,16560,289884
2023-03-10,16280,16472,16275,16427,115294
2023-03-13,16257,16422,16198,16330,192929
2023-03-14,16178,16247,15780,15830,152462
2023-03-15,16118,16322,15998,16193,165028
2023-03-16,16050,16086,15848,16027,110381
2023-03-17,16146,16215,15971,16210,152581
2023-03-20,16110,16193,15917,15931,58587
2023-03-21,16027,16105,15913,15935,52077
2023-03-22,16118,16142,15998,16114,67774
2023-03-23,16068,16234,15994,16091,193955
2023-03-24,16064,16073,15770,15922,63282
2023-03-27,15788,15917,15723,15853,61294
2023-03-28,15931,16018,15917,16018,106161
2023-03-29,16031,16322,16031,16322,151754
2023-03-30,16335,16442,16188,16372,131323
2023-03-31,16409,16652,16395,16638,184274
2023-04-03,16739,16739,16468,16532,149955
2023-04-04,16532,16670,16417,16490,140176
2023-04-05,16523,16712,16468,16689,138878
2023-04-06,16716,16785,16482,16518,134346
2023-04-07,16564,16596,16405,16458,1481506
2023-04-10,16509,16615,16322,16468,846085
2023-04-11,16468,17134,16422,17134,720987
2023-04-12,17382,17759,17382,17745,1038157
2023-04-13,17712,17712,17436,17671,929549
2023-04-14,17759,17759,17556,17570,401504
2023-04-17,17570,17598,17332,17565,367200
2023-04-18,17432,17432,17013,17240,1632071
2023-04-19,17208,17584,17198,17570,307450
2023-04-20,17533,17533,17258,17350,192721
2023-04-21,17171,17240,16986,17213,300623
2023-04-24,17230,17538,17230,17478,363528
2023-04-25,17488,17787,17277,17759,664259
2023-04-26,17901,18030,17300,17300,834766
2023-04-27,17422,17610,17262,17343,213125
2023-04-28,17455,17455,17050,17140,290474
2023-05-02,17131,17511,17131,17511,128197
2023-05-03,17422,17506,17239,17305,166291
2023-05-04,17300,17300,17159,17244,83059
2023-05-08,17319,17624,17319,17511,195003
2023-05-09,17511,17675,17347,17647,154738
2023-05-10,17647,18093,17647,17962,551702
2023-05-11,18004,18146,17901,18047,468626
2023-05-12,18047,18056,17874,17947,227790
2023-05-15,17967,18098,17803,18093,314142
2023-05-16,18056,18056,17534,17643,371848
2023-05-17,17525,17934,17525,17924,263280
2023-05-18,18080,18202,17943,18174,344917
2023-05-19,18174,18183,17972,18098,256104
2023-05-22,18098,18207,17943,18155,212647
2023-05-23,18159,18230,18033,18131,286232
2023-05-24,18080,18179,17967,18179,196628
2023-05-25,18098,18118,17850,17859,287179
2023-05-26,17859,17859,17652,17854,468507
2023-05-30,17947,17972,17577,17662,274332
2023-05-31,17582,17901,17582,17680,185757
2023-06-01,17586,17695,17431,17463,275521
2023-06-02,17529,17638,17459,17638,192907
2023-06-05,17708,17874,17708,17859,162384
2023-06-07,17906,17939,17290,17399,409497
2023-06-08,17300,17404,17182,17343,205785
2023-06-09,17431,17506,17310,17478,198180
2023-06-12,17516,17521,17277,17385,186677
2023-06-13,17445,17511,17356,17445,210970
2023-06-14,17511,17586,17385,17496,257337
2023-06-15,17529,17582,17366,17422,286422
2023-06-16,17473,17525,17290,17314,243764
2023-06-19,17282,17366,17215,17366,130608
2023-06-20,17282,17328,17149,17215,120731
2023-06-21,17215,17708,17098,17708,1744255
2023-06-22,17685,17685,17450,17619,245623
2023-06-23,17544,17619,17356,17380,146096
2023-06-26,17300,17667,17300,17629,208495
2023-06-27,17558,17947,17558,17947,544676
2023-06-28,17934,18065,17854,17967,455831
2023-06-29,18009,18028,17845,17878,166101
2023-06-30,17919,18296,17919,18183,638542
2023-07-03,18277,18325,18169,18325,467828
2023-07-04,18315,18432,18202,18315,405938
2023-07-05,18277,18408,18164,18282,244138
2023-07-06,18230,18695,18230,18469,756698
2023-07-07,18408,18413,18070,18334,288257
2023-07-10,18334,18455,18113,18363,214624
2023-07-11,18334,18516,18287,18512,270068
2023-07-12,18483,18488,18282,18451,322953
2023-07-13,18465,18564,18325,18358,250517
2023-07-14,18413,18822,18413,18776,747337
2023-07-17,18695,18860,18390,18436,400544
2023-07-18,18427,18512,18188,18254,574093
2023-07-19,18226,18436,18169,18371,348874
2023-07-20,18235,18301,18126,18159,349277
2023-07-21,18113,18202,17911,18169,353814
2023-07-24,18080,18169,17793,17897,352385
2023-07-25,17957,18136,17878,18033,341020
2023-07-26,18004,18004,17319,17662,1133573
2023-07-27,17803,17901,17408,17675,623519
2023-07-28,17633,17995,17619,17690,610766
2023-07-31,17774,17789,17553,17708,346575
2023-08-01,17713,18014,17534,18014,379666
2023-08-02,17817,17822,17356,17375,458055
2023-08-03,17328,17567,17249,17385,281556
2023-08-04,17338,17375,17178,17347,157101
2023-08-07,17224,17224,16863,16952,367414
2023-08-08,16933,17149,16896,16971,354409
2023-08-09,16929,17192,16920,17163,155564
2023-08-10,17074,17201,16887,17192,255728
2023-08-11,17182,17733,17182,17521,626808
2023-08-14,17468,17525,17272,17338,117702
2023-08-16,17187,17290,17037,17070,180239
2023-08-17,16942,17116,16793,17116,242687
2023-08-18,16793,17215,16793,17201,159367
2023-08-21,17182,17224,17055,17078,290217
2023-08-22,17145,17305,17121,17178,225141
2023-08-23,17041,17239,17004,17187,87384
2023-08-24,17201,17215,16966,17027,271153
2023-08-25,16831,16984,16831,16971,152972
2023-08-28,17004,17065,16859,16999,114686
2023-08-29,17050,17352,17041,17343,194487
2023-08-30,17445,17501,17371,17422,208461
2023-08-31,17328,17385,17211,17385,266415
2023-09-01,17385,17534,17333,17366,126908
2023-09-04,17206,17366,17187,17333,121724
2023-09-05,17290,17352,17196,17352,106438
2023-09-06,17272,17440,17206,17272,128319
2023-09-07,17083,17211,17078,17126,113194
2023-09-08,17083,17168,17022,17121,66855
2023-09-11,17050,17135,16966,16971,189514
2023-09-12,17065,17244,17004,17022,116961
2023-09-13,16989,17285,16984,17173,158478
2023-09-14,17234,17328,17121,17215,242683
2023-09-15,17234,17516,17201,17516,242273
2023-09-18,17323,17435,17249,17262,118769
2023-09-19,17173,17385,17173,17229,219310
2023-09-20,17215,17675,17215,17614,291834
2023-09-21,17496,17619,17290,17314,246722
2023-09-22,17055,17394,17055,17328,433500
2023-09-25,17262,17582,17234,17572,239223
2023-09-26,17422,17549,17300,17323,167155
2023-09-27,17145,17529,17145,17516,225214
2023-10-04,17149,17267,16966,17145,242938
2023-10-05,17173,17253,17050,17111,120443
2023-10-06,17093,17343,17050,17338,124661
2023-10-10,17422,17558,16896,17045,344761
2023-10-11,17017,17285,17017,17159,103298
2023-10-12,17121,17196,17045,17196,129972
2023-10-13,17088,17088,16834,16863,192941
2023-10-16,16816,16901,16590,16675,292729
2023-10-17,16755,16773,16468,16468,172502
2023-10-18,16557,16760,16557,16736,181548
2023-10-19,16548,16680,16486,16548,213890
2023-10-20,16413,16441,16125,16158,153795
2023-10-23,16092,16393,16092,16304,120192
2023-10-24,16332,16370,15942,16233,103771
2023-10-25,16275,16375,16143,16233,92592
2023-10-26,16050,16135,15891,15947,1217580
2023-10-27,16059,16285,15895,15947,135812
2023-10-30,15815,15957,15500,15655,447491
2023-10-31,15768,15848,15383,15383,241776
2023-11-01,15453,15589,15402,15481,153845
2023-11-02,15820,16045,15786,15862,198076
2023-11-03,16002,16082,15740,15876,179457
2023-11-06,16101,16472,16022,16472,281479
2023-11-07,16290,16383,16030,16168,279183
2023-11-08,16262,16398,16082,16143,135152
2023-11-09,16153,16262,16097,16158,101242
2023-11-10,15997,16059,15904,15957,71368
2023-11-13,15957,16204,15867,15867,111552
2023-11-14,16022,16233,16002,16186,136958
2023-11-15,16468,16736,16468,16693,213140
2023-11-16,16693,16984,16680,16952,196617
2023-11-17,16942,16980,16773,16971,117550
2023-11-20,16942,16942,16708,16849,165309
2023-11-21,17050,17050,16821,17008,157381
2023-11-22,16877,16966,16755,16905,118606
2023-11-23,16915,17074,16834,17060,140332
2023-11-24,16999,17140,16980,17055,125206
2023-11-27,17083,17192,17032,17140,90371
2023-11-28,17192,17224,17041,17196,113934
2023-11-29,17206,17211,16984,17111,173048
2023-11-30,17008,17187,16910,17159,135803
2023-12-01,17008,17013,16872,16920,319257
2023-12-04,16947,17065,16859,16867,122831
2023-12-05,16859,16961,16760,16806,213353
2023-12-06,16806,16901,16689,16797,83954
2023-12-07,16675,16863,16586,16797,223987
2023-12-08,16821,17041,16821,17017,199417
2023-12-11,16961,17088,16929,17083,79239
2023-12-12,17017,17206,17017,17135,115268
2023-12-13,17065,17163,17032,17070,133818
2023-12-14,17178,17206,16773,17022,322363
2023-12-15,17126,17380,17013,17239,422764
2023-12-18,17310,17352,17135,17338,260475
2023-12-19,17338,17380,17178,17295,142521
2023-12-20,17277,17939,17277,17892,762188
2023-12-21,17741,18207,17718,17901,865034
2023-12-22,17939,18065,17924,17943,252957
2023-12-26,17967,18098,17803,17976,253044
2023-12-27,17976,18028,17765,17943,415684
2023-12-28,17947,18427,17947,18418,493818
2024-01-02,18399,18418,18159,18277,552991
2024-01-03,18075,18075,17741,17746,452809
2024-01-04,17582,17629,17385,17506,230894
2024-01-05,17488,17488,17267,17310,186510
2024-01-08,17417,17417,17098,17131,267395
2024-01-09,17239,17323,17078,17131,139936
2024-01-10,17201,17300,17126,17290,197452
2024-01-11,17277,17394,17187,17187,133998
2024-01-12,17103,17182,16956,17037,90872
2024-01-15,17037,17319,17022,17229,123608
2024-01-16,17103,17196,16937,16989,128106
2024-01-17,17004,17004,16529,16590,157620
2024-01-18,16590,16642,16398,16472,130781
2024-01-19,16647,16660,16431,16501,106577
2024-01-22,16533,16586,16360,16416,168600
2024-01-23,16458,16713,16360,16713,288822
2024-01-24,16594,16680,16416,16680,380312
2024-01-25,16660,17201,16538,17201,405785
2024-01-26,17211,17300,17078,17159,376584
2024-01-29,17154,17633,17074,17582,446960
2024-01-30,17713,17887,17390,17390,374995
2024-01-31,17413,17822,17408,17822,375284
2024-02-01,17647,18554,17619,18455,1489140
2024-02-02,18610,19729,18610,19621,3490195
2024-02-05,19954,20030,19137,19729,2065269
2024-02-06,19546,19739,18972,19076,1041048
2024-02-07,19227,19841,19227,19829,1062136
2024-02-08,19640,19964,19569,19869,661409
2024-02-13,19954,20537,19954,20105,1144935
2024-02-14,19786,20209,19739,20101,914532
2024-02-15,20255,20382,19621,19715,600075
2024-02-16,19786,20247,19593,20247,616845
2024-02-19,20227,20603,20194,20491,978180
2024-02-20,20353,20584,19922,20199,824700
2024-02-21,20157,20368,19973,20213,860419
2024-02-22,20199,20527,20053,20504,835872
2024-02-23,20466,20660,20344,20429,711733
2024-02-26,20251,20251,19602,19987,1176689
2024-02-27,19898,20015,19630,19630,732979
2024-02-28,19569,20420,19513,20330,883614
2024-02-29,20237,20899,20157,20645,1761925
2024-03-04,20838,21144,20759,20904,1708191
2024-03-05,20819,21031,20622,20726,632507
2024-03-06,20524,21049,20519,20979,639822
2024-03-07,20945,21134,20711,20823,645305
2024-03-08,20955,21092,20823,21021,778288
2024-03-11,20884,21073,20556,20594,636858
2024-03-12,20580,20688,20401,20514,480814
2024-03-13,20514,20721,20368,20636,618633
2024-03-14,20524,21129,20486,21040,967051
2024-03-15,20937,21210,20739,20739,514117
2024-03-18,20814,20979,20631,20782,410919
2024-03-19,20749,20749,20190,20194,563674
2024-03-20,20391,20542,19959,20162,668521
2024-03-21,20382,20792,20382,20674,580499
2024-03-22,20706,20838,20438,20509,557288
2024-03-25,20401,20589,20280,20317,375669
2024-03-26,20223,20764,20223,20575,528464
2024-03-27,20481,20787,20382,20650,451506
2024-03-28,20716,20716,20265,20344,355468
2024-03-29,20396,20420,19978,20039,596559
2024-04-01,20101,20194,19762,19864,298664
2024-04-02,19734,19767,19236,19357,1064605
2024-04-03,19189,19395,18855,18897,1060313
2024-04-04,19146,19517,19038,19489,634347
2024-04-05,19293,19678,19207,19433,703832
2024-04-08,19390,19926,19321,19724,596534
2024-04-09,19889,20147,19734,19748,483791
2024-04-11,19194,20453,19194,20382,944427
2024-04-12,20280,20373,20058,20105,558017
2024-04-15,19864,20401,19711,20344,758074
2024-04-16,20162,20358,20006,20330,698308
2024-04-17,20298,20330,19940,20044,533668
2024-04-18,20134,20251,19715,19922,676728
2024-04-19,19762,19931,19340,19706,568309
2024-04-22,19922,20275,19922,20260,635767
2024-04-23,20325,20499,20142,20280,493094
2024-04-24,20284,20641,20166,20542,710364
2024-04-25,20344,20711,20317,20537,582481
2024-04-26,20527,20749,20275,20561,715923
2024-04-29,20687,20831,20508,20682,684946
2024-04-30,20706,20938,20706,20716,495250
2024-05-02,20542,20760,20498,20716,259965
2024-05-03,20716,20807,20296,20353,643726
2024-05-07,20296,20343,19943,20025,555014
2024-05-08,19851,20175,19851,20122,245717
2024-05-09,20098,20165,19605,19683,465267
2024-05-10,19721,19899,19649,19856,262833
2024-05-13,19750,20078,19750,19885,232553
2024-05-14,19856,19982,19731,19880,304153
2024-05-16,19996,20064,19779,19894,317065
2024-05-17,19861,19967,19668,19702,417664
2024-05-20,19702,20127,19702,19818,511232
2024-05-21,19750,19818,19663,19813,308196
2024-05-22,19712,20668,19649,20600,1196352
2024-05-23,20537,20629,20238,20590,514302
2024-05-24,20291,20590,20199,20296,432981
2024-05-27,20277,20721,20103,20518,885722
2024-05-28,20450,20682,20416,20489,597230
2024-05-29,20319,20406,20025,20296,459170
2024-05-30,20141,20219,19861,19894,790899
2024-05-31,20054,20156,19804,19804,789104
2024-06-03,20020,20532,20020,20319,526249
2024-06-04,20253,20324,20020,20132,275730
2024-06-05,20243,20464,20020,20392,356418
2024-06-07,20489,20634,20363,20464,515992
2024-06-10,20377,20687,20248,20532,440545
2024-06-11,20619,20702,20455,20566,337730
2024-06-12,20648,20706,20489,20668,415560
2024-06-13,20760,21073,20552,20556,868633
2024-06-14,20474,21243,20426,20764,1034843
2024-06-17,20962,21445,20962,21334,1587985
2024-06-18,21488,21889,21314,21522,2245741
2024-06-19,21653,22097,21498,21826,1657212
2024-06-20,21711,21755,21469,21629,831871
2024-06-21,21532,21575,21073,21285,564273
2024-06-24,21155,21377,20962,21267,342661
2024-06-25,21304,21874,21304,21745,974451
2024-06-26,21638,21894,21566,21855,800159
2024-06-27,21653,22116,21609,21928,768529
2024-06-28,22034,22121,21773,21865,582716
2024-07-01,21740,21918,21503,21634,519116
2024-07-02,21425,21440,20668,20735,934605
2024-07-03,20831,21102,20682,20957,635602
2024-07-04,20918,21146,20884,21064,672526
2024-07-05,21064,21257,20933,21097,668778
2024-07-08,21059,21238,20870,20904,641939
2024-07-09,20957,20996,20373,20634,975509
2024-07-10,20532,20687,20426,20527,540960
2024-07-11,20595,20687,20484,20687,496876
2024-07-12,20566,20745,20291,20498,508301
2024-07-15,20469,20571,20248,20358,388980
2024-07-16,20348,20610,20348,20552,473706
2024-07-17,20542,20556,20204,20257,469497
2024-07-18,20156,20161,19678,19919,811172
2024-07-19,19784,19784,19445,19615,565965
2024-07-22,19615,19741,19272,19479,519633
2024-07-23,19571,20044,19571,19962,805088
2024-07-24,19789,19894,19639,19697,514639
2024-07-25,19416,19654,19243,19335,378186
2024-07-26,19383,19503,18741,19083,1420462
2024-07-29,19064,19639,19025,19431,647781
2024-07-30,19340,19595,19088,19103,657819
2024-07-31,19079,19321,19054,19219,318179
2024-08-01,19292,19523,19267,19277,321845
2024-08-02,18780,18904,18601,18639,407184
2024-08-05,18292,18292,16645,16997,675110
2024-08-06,17654,18253,17355,17848,904598
2024-08-07,17586,17958,17485,17770,306823
2024-08-08,17548,17958,17408,17843,299398
2024-08-09,18103,18345,18011,18152,469430
2024-08-12,18181,18441,18137,18273,224571
2024-08-13,18229,18441,18118,18214,116927
2024-08-14,18431,18475,18205,18258,185645
2024-08-16,18644,18943,18513,18809,371689
2024-08-19,18809,19050,18572,18697,371256
2024-08-20,18880,18967,18688,18693,140576
2024-08-21,18712,18775,18528,18605,156513
2024-08-22,18712,18712,18393,18480,210399
2024-08-23,18364,18702,18364,18639,192017
2024-08-26,18712,18818,18484,18543,205746
2024-08-27,18543,18615,18282,18489,155491
2024-08-28,18538,18943,18417,18943,330779
2024-08-29,19054,19156,18775,18885,385840
2024-08-30,18948,19161,18765,18765,327969
2024-09-02,18784,18784,18287,18397,272996
2024-09-03,18350,18383,17948,17977,449308
2024-09-04,17528,17698,17436,17519,389457
2024-09-05,17611,17896,17399,17528,316000
2024-09-06,17557,17722,17302,17523,307026
2024-09-09,17268,17659,17239,17591,349433
2024-09-10,17611,17625,17408,17528,164613
2024-09-11,17499,17499,17012,17118,369139
2024-09-12,17273,17620,17244,17596,281304
2024-09-13,17775,18219,17761,17982,405578
2024-09-19,18277,18412,18074,18302,407895
2024-09-20,18436,18562,18360,18484,259233
2024-09-23,18523,18523,18214,18369,167281
2024-09-24,18422,18543,18311,18533,185708
2024-09-25,18731,18890,18465,18484,313346
2024-09-26,18402,18843,18360,18843,178359
2024-09-27,18871,18900,18659,18688,235484
2024-09-30,18818,18818,18273,18273,164296
2024-10-02,17924,18021,17794,17867,189580
2024-10-04,17862,18069,17688,17914,97683
2024-10-07,18006,18210,17919,18156,244453
2024-10-08,17963,18069,17939,18011,113281
2024-10-10,18253,18431,18064,18064,234564
2024-10-11,18171,18326,18147,18161,162163
2024-10-14,18123,18350,18060,18176,213120
2024-10-15,18142,18205,18055,18064,217222
2024-10-16,17992,18282,17910,18224,124275
2024-10-17,18166,18185,17853,17973,201295
2024-10-18,17997,18098,17794,17809,109814
2024-10-21,17853,18021,17751,17914,90243
2024-10-22,17780,17886,17659,17693,141878
2024-10-23,17741,17929,17601,17886,190546
2024-10-24,17819,17886,17611,17640,217957
2024-10-25,17669,17910,17465,17780,354787
2024-10-28,17780,17877,17688,17819,170991
2024-10-29,17775,17775,17341,17485,213650
2024-10-30,17519,17528,17350,17490,128023
2024-10-31,17417,17485,17253,17379,95022
2024-11-01,17297,17591,17157,17461,159134
2024-11-04,17509,17664,17399,17664,145835
2024-11-05,17577,17862,17514,17770,93365
2024-11-06,17799,17799,17384,17422,199411
2024-11-07,17278,17451,17050,17365,156922
2024-11-08,17446,17519,17137,17249,130932
2024-11-11,17152,17620,17103,17577,249700
2024-11-12,17562,17688,17287,17321,286552
2024-11-13,17258,17258,16925,16958,502605
2024-11-14,16992,17205,16911,17016,257593
2024-11-15,16978,17084,16664,16939,188557
2024-11-18,16848,17673,16848,17673,247074
2024-11-19,17606,17751,17528,17586,106209
2024-11-20,17591,17939,17528,17814,302136
2024-11-21,17819,17867,17644,17659,126360
2024-11-22,17775,17775,17586,17698,133299
2024-11-25,17833,17833,17562,17562,139591
2024-11-26,17548,17746,17436,17736,130051
2024-11-27,17577,17741,17345,17399,147319
2024-11-28,17441,17601,17326,17519,47133
2024-11-29,17523,17523,17113,17176,109133
2024-12-02,17263,17577,17205,17287,166365
2024-12-03,17427,17514,17283,17417,108325
2024-12-04,17108,17331,17002,17162,230941
2024-12-05,17157,17205,16809,16858,176907
2024-12-06,16853,17016,16572,16858,167641
2024-12-09,16572,16732,16553,16582,294085
2024-12-10,16727,17239,16727,17239,204164
2024-12-11,17113,17432,17070,17408,98602
2024-12-12,17427,17572,17355,17480,136781
2024-12-13,17470,17615,17316,17582,130778
2024-12-16,17615,17659,17210,17268,240544
2024-12-17,17268,17432,17215,17268,81946
2024-12-18,17326,17948,17326,17948,325135
2024-12-19,17625,17790,17533,17659,104346
2024-12-20,17499,17630,17273,17374,126595
2024-12-23,17475,17649,17370,17601,105162
2024-12-24,17586,17698,17446,17523,85434
2024-12-26,17620,17678,17413,17606,136591
2024-12-27,17504,17582,17239,17326,227131
2024-12-30,17244,17528,17210,17297,100009
2025-01-02,17326,17591,17287,17494,177017
2025-01-03,17485,17693,17422,17586,214555
2025-01-06,17625,17625,17365,17591,176342
2025-01-07,17649,17823,17606,17644,117026
2025-01-08,17475,17943,17475,17848,165205
2025-01-09,17891,18253,17799,17882,247059
2025-01-10,17914,18393,17914,18282,356583
2025-01-13,18195,18273,17973,18171,366077
2025-01-14,18166,18412,18079,18360,208431
2025-01-15,18374,18480,18243,18306,171523
2025-01-16,18355,18417,18123,18152,111155
2025-01-17,18132,18142,17953,18045,136345
2025-01-20,18045,18045,17804,17828,146699
2025-01-21,17828,18185,17780,17838,153023
2025-01-22,17992,18055,17785,18026,147825
2025-01-23,18026,18064,17814,17910,111474
2025-01-24,18035,18200,17900,17973,321817
2025-01-31,18006,18239,18006,18147,268095
2025-02-03,17819,17877,17316,17485,759013
2025-02-04,17799,17896,17485,17528,157155
2025-02-05,17572,17586,17312,17557,298326
2025-02-06,17630,17664,17432,17509,92126
2025-02-07,17422,17615,17365,17379,346295
2025-02-10,17263,17326,17050,17283,203147
2025-02-11,17283,17470,17186,17253,282508
2025-02-12,17253,17316,17070,17103,162202
2025-02-13,17278,17557,17278,17499,238942
2025-02-14,17504,17640,17461,17485,233626
2025-02-17,17360,17441,17287,17360,222459
2025-02-18,17399,17456,17321,17394,309586
2025-02-19,17321,17790,17321,17751,242168
2025-02-20,17693,17693,17456,17615,160172
2025-02-21,17924,18161,17770,17785,354103
2025-02-24,17606,17848,17582,17823,165484
2025-02-25,17770,17828,17625,17625,147595
2025-02-26,17625,17891,17606,17867,187388
2025-02-27,17785,17934,17770,17891,228437
2025-02-28,17712,17809,17345,17374,393974
2025-03-04,17370,17586,17147,17292,264852
2025-03-05,17456,17557,17287,17499,276623
2025-03-06,17794,17963,17741,17804,214356
2025-03-07,17765,17765,17615,17659,180712
2025-03-10,17582,17848,17567,17848,161388
2025-03-11,17394,17567,17321,17446,798034
2025-03-12,17404,17586,17287,17586,267692
2025-03-13,17591,17929,17548,17756,311405
2025-03-14,17761,17867,17606,17804,188033
2025-03-17,17809,17823,17654,17804,164780
2025-03-18,17853,18156,17853,18050,268121
2025-03-19,18035,18388,18035,18369,256036
2025-03-20,18369,18470,18239,18239,186944
2025-03-21,18171,18499,18171,18379,173663
2025-03-24,18470,19025,18282,18895,456025
2025-03-25,19518,19600,19175,19190,956597
2025-03-26,19358,19528,19267,19287,438948
2025-03-27,18929,19021,18702,18809,532576
2025-03-28,18528,18712,18229,18335,150748
2025-03-31,18079,18079,17465,17819,358383
2025-04-01,17953,18031,17669,17896,420686
2025-04-02,17914,18026,17727,17848,235871
2025-04-03,17408,17596,17200,17582,207894
2025-04-04,17307,17707,17215,17422,487809
2025-04-07,16756,16896,16404,16533,208885
2025-04-08,16708,16737,16215,16293,182682
2025-04-09,16138,16254,16022,16109,232169
2025-04-10,16997,16997,16659,16756,253823
2025-04-11,16611,16611,16167,16297,345896
2025-04-14,16317,16461,16201,16389,189868
2025-04-15,17007,17036,16795,16953,441484
2025-04-16,16916,16921,16621,16698,174344
2025-04-17,16630,16780,16572,16727,151536
2025-04-18,16732,17041,16635,16973,203183
2025-04-21,16978,17113,16877,16968,258773
2025-04-22,16829,16949,16829,16887,295331
2025-04-23,17094,17456,17031,17436,970037
2025-04-24,17567,17567,17304,17432,178462
2025-04-25,17567,17601,17312,17394,578928
2025-04-28,17422,17490,17326,17404,404916
2025-04-29,17803,17823,17463,17603,237291
2025-04-30,17693,17733,17468,17733,253241
2025-05-02,17683,17733,17409,17513,424377
2025-05-07,17513,17593,17254,17389,395295
2025-05-08,17458,17488,17344,17344,201755
2025-05-09,17523,17643,17289,17289,406413
2025-05-12,17329,17733,17329,17733,321345
2025-05-13,17788,17902,17688,17823,245879
2025-05-14,17893,17922,17623,17803,452015
2025-05-15,17748,17778,17528,17573,314920
2025-05-16,17583,17643,17438,17548,204588
2025-05-19,17493,17493,17169,17279,217705
2025-05-20,17369,17409,17024,17044,199919
2025-05-21,17064,17149,16994,16994,153718
2025-05-22,16964,17059,16610,16740,310196
2025-05-23,16670,16740,16490,16515,162806
2025-05-26,16485,16745,16465,16650,163073
2025-05-27,16610,16705,16500,16625,169908
2025-05-28,16675,17089,16620,17029,463550
2025-05-29,17279,17698,17199,17623,613106
2025-05-30,17448,17448,17114,17114,221053
2025-06-02,17069,17124,16815,16925,414488
2025-06-04,16959,17154,16959,17094,188989
2025-06-05,17129,17623,17114,17458,415352
2025-06-09,17733,18277,17658,18167,869445
2025-06-10,18307,18307,17927,17987,565684
2025-06-11,18167,18461,18117,18461,714909
2025-06-12,18372,18631,18372,18491,497101
2025-06-13,18302,18451,18027,18072,531269
2025-06-16,18117,18317,17878,18297,423055
2025-06-17,18317,18601,18222,18401,736685
2025-06-18,18262,18716,18032,18646,794893
2025-06-19,18686,18736,18441,18576,288425
2025-06-20,18626,18696,18436,18686,646207
2025-06-23,18406,18406,18022,18072,1121122
2025-06-24,18362,18541,18362,18451,455489
2025-06-25,18496,19295,18496,19080,1458121
2025-06-26,19040,19125,18621,18821,1011834
2025-06-27,18756,18756,18372,18451,606982
2025-06-30,18441,18576,18337,18401,400705
2025-07-01,18406,18950,18406,18751,769198
2025-07-02,18821,19110,18701,19055,935786
2025-07-03,19180,19394,19095,19364,808560
2025-07-04,19364,19519,19080,19105,511366
2025-07-07,19060,19105,18796,19010,295114
2025-07-08,18950,19359,18811,19250,748582
2025-07-09,19120,19464,19010,19464,415747
2025-07-10,19429,19684,19399,19599,887114
2025-07-11,19599,19759,19519,19544,394927
2025-07-14,19469,20178,19444,20063,737819
2025-07-15,20063,20063,19669,19824,587594
2025-07-16,19824,19858,19549,19599,312322
2025-07-17,19694,19739,19369,19669,742982
2025-07-18,19669,19918,19499,19644,397390
2025-07-21,19529,19739,19474,19499,272894
2025-07-22,19499,19579,19160,19200,503623
2025-07-23,19574,20208,19574,20148,1604679
2025-07-24,20163,20537,19824,19908,1187945
2025-07-25,19759,20213,19704,19838,892660
2025-07-28,20008,20208,19704,19938,594745
2025-07-29,19774,19883,19564,19794,633820
2025-07-30,19734,20562,19709,20303,981595
2025-07-31,20667,20707,19335,19399,2365279
2025-08-01,19190,19424,18851,18851,1107073
2025-08-04,18831,19175,18746,19090,744543
2025-08-05,19125,19325,18970,19160,829756
2025-08-06,19060,19215,19035,19145,310337
2025-08-07,19290,19414,19255,19354,468491
2025-08-08,19335,19479,19255,19379,301962
2025-08-11,19444,19544,19325,19340,496711
2025-08-12,19394,19654,19290,19439,481362
2025-08-13,19524,19699,19474,19654,322996
2025-08-14,19664,19933,19285,19290,461817
2025-08-18,19175,19285,19030,19030,264141
2025-08-19,19120,19345,19000,19345,360560
2025-08-20,19315,19504,19195,19499,452613
2025-08-21,19469,19779,19469,19514,363449
2025-08-22,19514,19724,19474,19529,333181
2025-08-25,19539,19559,19310,19534,327108
2025-08-26,19499,19644,19434,19474,260886
2025-08-27,19504,19634,19454,19584,171056
2025-08-28,19654,19973,19569,19799,739121
2025-08-29,19858,20253,19858,19968,691786
2025-09-01,20018,20268,19968,20063,583081
2025-09-02,20043,20098,19908,20058,319839
2025-09-03,19908,20273,19893,20143,382624
2025-09-04,19988,20193,19973,20108,286962
2025-09-05,20108,20123,19963,20023,239076
2025-09-08,19948,19978,19734,19883,278655
2025-09-09,19933,20043,19719,19804,366552
2025-09-10,19809,20148,19759,19968,441098
2025-09-11,20058,20218,19878,20063,440548
2025-09-12,20063,20143,19953,20058,356442
2025-09-15,19843,19883,19509,19539,617651
2025-09-16,19534,19554,19429,19529,455584
2025-09-17,19529,19529,19369,19414,310191
2025-09-18,19464,19664,19354,19649,295217
2025-09-19,19589,19639,19230,19350,584678
2025-09-22,19359,19594,19354,19479,357222
2025-09-23,19429,19624,19429,19519,411755
2025-09-24,19519,19559,19320,19409,221731
2025-09-25,19325,19394,19180,19205,232318
2025-09-26,19100,19105,18836,18960,307294
2025-09-29,19000,19105,18970,19045,144421
2025-09-30,19025,19120,18950,19035,108394
2025-10-01,18985,19145,18960,19010,157325
2025-10-02,19015,19439,19015,19359,1098838
2025-10-10,19255,19315,18990,19070,509911
2025-10-13,18930,19010,18751,18990,414281
2025-10-14,19000,19404,18791,19335,790556
2025-10-15,19270,19459,19235,19454,357317
2025-10-16,20158,20657,20063,20437,2212014
2025-10-17,20342,20752,20278,20627,1214239
2025-10-20,21026,21091,20422,21001,1542924
2025-10-21,21146,21789,21071,21300,2604880
2025-10-22,21655,21725,21116,21725,1232206
2025-10-23,21350,21505,21071,21126,1054618
2025-10-24,21226,21276,20916,21166,1179655
2025-10-27,21176,21425,21101,21196,1029030
2025-10-28,21076,21096,20881,20961,833592
2025-10-29,21276,21405,20941,21405,1128114
2025-10-30,22648,22787,21430,21565,5518283
2025-10-31,21715,22648,21670,22318,3797627
2025-11-03,22503,22578,21879,22084,1942044
2025-11-04,21774,21944,21405,21430,1503573
2025-11-05,21340,21365,20507,20981,2441093
2025-11-06,21271,21430,20846,21226,941652
2025-11-07,20931,21136,20567,21016,616327
2025-11-10,21226,22343,21226,22249,1402986
2025-11-11,22104,22383,22034,22273,1161078
2025-11-12,22278,22742,22129,22493,1594739
2025-11-13,22278,22703,22278,22703,579386
2025-11-14,22273,22698,22234,22258,965338
2025-11-17,22323,22353,22049,22204,641399
2025-11-18,21959,22139,21485,21495,523791
2025-11-19,21794,21974,21510,21745,441436
2025-11-20,21904,22119,21735,21735,319263
2025-11-21,21495,21796,21355,21705,549857
2025-11-24,21839,21934,21565,21565,386488
2025-11-25,21814,21934,21535,21725,372053
2025-11-26,21859,22084,21745,22064,252798
2025-11-27,22084,22513,22064,22513,332729
2025-11-28,22523,23082,22503,22772,2000505
2025-12-01,22807,22897,22398,22398,620224
2025-12-02,22678,23266,22678,23197,1455800
2025-12-03,23167,23701,23152,23666,2490752
2025-12-04,23840,24504,23735,24269,4597288
2025-12-05,24170,25477,24170,25442,5294309
2025-12-08,25796,25836,25113,25417,2515573
2025-12-09,25148,25432,24768,25048,905122
2025-12-10,24948,25157,24678,24993,693684
2025-12-11,25108,25242,24584,24584,732296
2025-12-12,24823,25362,24748,25212,759377
2025-12-15,24723,25018,24678,24783,383464
2025-12-16,24928,25143,24254,24294,460715
2025-12-17,24384,24833,24254,24579,369096
2025-12-18,24239,24449,23955,24075,582651
2025-12-19,24279,24793,23925,24743,290887
2025-12-22,24768,24828,24444,24818,588329
2025-12-23,24863,25008,24394,24439,555170
2025-12-24,24574,25028,24424,24524,1158503
2025-12-26,24634,24673,24120,24304,241262
2025-12-29,24085,24639,23930,24554,509685
2025-12-30,24439,24828,24429,24808,423159
2026-01-02,24808,25257,24713,24898,797156
2026-01-05,24848,25192,24773,24928,1209926
2026-01-06,25362,26001,24639,24843,1965923
2026-01-07,24843,26575,24738,26240,5439925
2026-01-08,26585,26684,25602,25846,2281494
2026-01-09,26121,27009,25681,27009,2881052
2026-01-12,27568,27687,26335,26744,2179316
2026-01-13,27248,28795,27138,28560,6086564
2026-01-14,28715,29174,28311,29174,3383580
2026-01-15,28865,29828,28655,29828,3581104
2026-01-16,29997,30342,29339,29603,3398673
2026-01-19,29628,31988,29628,31988,8519748
2026-01-20,32333,32572,30906,31739,5084503
2026-01-21,30921,34209,30916,34179,7074499
2026-01-22,35202,35611,32837,33076,6072062
2026-01-23,32946,33610,31978,32343,4836364
2026-01-26,32093,32562,31669,31829,2773113
2026-01-27,30791,31724,30367,31629,4129908
2026-01-28,32023,32208,31420,31445,2585303
2026-01-29,31700,32615,31365,32570,4104763
2026-01-30,32050,32150,31565,31595,2711987
2026-02-02,31065,31880,30155,30485,2193904
2026-02-03,30930,31370,30380,31370,2210139
2026-02-04,31725,32200,31455,31900,2840342
2026-02-05,31525,32405,31170,31470,2381105
2026-02-06,30650,30700,29690,30575,1269807
2026-02-09,31500,31500,31055,31365,724200
2026-02-10,32175,32460,31865,32015,1612577
2026-02-11,32160,32995,31885,32865,2229846
2026-02-12,32915,33030,32405,32930,1230503
2026-02-13,32735,32970,32435,32615,972546
2026-02-19,32805,33795,32540,33425,2366947
2026-02-20,33425,33680,33230,33680,1144642
2026-02-23,34135,34790,33550,33685,2828712
2026-02-24,33655,34090,33140,34000,1032059
2026-02-25,34330,36640,34320,36200,6400532
2026-02-26,36435,38205,36185,38185,2806509
2026-02-27,37020,39730,36620,39135,4046562
2026-03-03,37935,38115,35255,35360,3170618
2026-03-04,35165,35165,29655,30180,2971623
2026-03-05,32730,33395,32005,32675,1798803
2026-03-06,31830,33130,31515,32890,1582398
2026-03-09,30310,30665,29505,30665,1086607
2026-03-10,32080,32100,31035,31735,896078
2026-03-11,32920,33225,31545,31950,1137851
2026-03-12,31610,31985,31190,31985,446461
2026-03-13,30795,31690,30560,31280,688811
2026-03-16,30985,31275,30480,30850,322170
2026-03-17,31680,32415,31675,31855,1857405
2026-03-18,32375,33050,32325,33050,1259663
2026-03-19,32020,32445,31955,32150,475884
2026-03-20,32290,32315,31875,31940,663066
2026-03-23,30865,30865,30020,30300,508943
2026-03-24,31420,31420,30205,30930,444089
2026-03-25,31515,31875,31195,31350,305808
2026-03-26,31165,31290,30570,30880,313592
2026-03-27,30070,31160,29705,30990,525466
2026-03-30,29615,30095,29270,29905,649309
2026-03-31,29455,29805,28800,29005,884641
2026-04-01,30220,31110,29870,30895,782110
2026-04-02,31245,31410,29205,29555,764921
2026-04-03,30130,30500,29425,29565,1029673
2026-04-06,29580,30035,29370,29510,370022
2026-04-07,29790,30015,29270,29505,271158
2026-04-08,31100,31625,30665,31490,703666
2026-04-09,31515,31950,30700,30795,490685
2026-04-10,31245,31335,30890,31065,293841
2026-04-13,30310,30400,30005,30275,355800
2026-04-14,30970,31280,30800,30840,366586
2026-04-15,31825,32080,31340,31640,627622
2026-04-16,32400,32890,32345,32500,1630435
2026-04-17,32910,32910,32295,32730,623893
2026-04-20,32535,32740,32100,32215,1052752
2026-04-21,32495,33450,32495,33450,1282857
2026-04-22,33250,33535,32840,33535,809407
2026-04-23,34195,34310,32665,33130,1482616
2026-04-24,32900,32900,32035,32280,1280105
2026-04-27,32495,32960,32185,32715,1075149
2026-04-28,32970,34365,32750,33745,2675484
2026-04-29,33475,33475,32645,33225,1070002
2026-04-30,33030,33290,32035,32165,1097859
2026-05-04,32675,32940,32465,32720,777424
2026-05-06,32855,33450,32565,32815,1236349
2026-05-07,33785,34480,33285,33640,2580655
2026-05-08,34290,36980,33795,35565,6653855
2026-05-11,36195,37570,35500,37250,3715668
2026-05-12,37825,38925,34320,36480,4913591
2026-05-13,36300,39525,36200,39480,5843937
2026-05-14,40150,40400,38800,39755,3710860
2026-05-15,40035,41675,37715,38830,6220095
2026-05-18,39380,39380,35625,36875,3496729
2026-05-19,36530,36640,33605,34380,2749627
2026-05-20,34175,34350,32855,33770,2637454
2026-05-21,34800,38445,34800,38200,2456964
2026-05-22,38050,38285,36950,38065,1487525
2026-05-26,38900,39550,38105,39095,1130458
2026-05-27,39020,39525,38245,38985,1807238
2026-05-28,39995,40400,37165,38700,2751567
2026-05-29,39590,41645,39545,41120,3369236
2026-06-01,41120,42670,40627,41515,3505436
2026-06-02,41665,41850,39040,40780,2463223
2026-06-04,39500,40715,39110,40050,1110563
2026-06-05,39090,39425,36825,38835,1269653
2026-06-08,35450,36880,35110,35700,933151
2026-06-09,36450,36890,35260,36590,750753
2026-06-10,35945,37070,33930,35100,1055558
2026-06-11,33765,35085,33160,35085,746100
2026-06-12,36700,37940,36330,36845,674449
2026-06-15,37960,39275,37630,38465,1075874
2026-06-16,38835,39410,38005,38650,802757
2026-06-17,38380,38380,37230,37460,506615
2026-06-18,37175,37175,35775,36055,744775
2026-06-19,36080,37275,34880,35925,1078160
2026-06-22,35110,35285,34000,34150,918434
2026-06-23,34150,34150,30645,30850,1261097
2026-06-24,31360,31360,30095,30850,1185350
2026-06-25,31605,31800,30385,30590,1033014
2026-06-26,30210,30350,28300,29600,1119145
2026-06-29,29495,31135,28815,30995,766540
2026-06-30,31070,31390,30125,30550,442975
2026-07-01,30885,31470,29725,30535,445930
2026-07-02,29965,31260,29075,30675,1404319
2026-07-03,30335,31195,29460,31110,1097604
2026-07-06,31155,32480,30930,32300,1095626
2026-07-07,31820,31860,30230,31220,687684
2026-07-08,30990,32260,30165,30845,1769238
2026-07-09,30915,30920,28870,29615,922893
2026-07-10,29910,31245,29750,30770,300273
2026-07-13,30505,31705,29550,29935,836113
2026-07-14,29280,29605,27970,28760,748963
2026-07-15,29490,30065,29230,29850,599452
2026-07-16,29365,30170,28975,29770,432391
2026-07-20,29001,29006,27877,28196,333152
2026-07-21,28036,28802,27460,28598,433526
2026-07-22,29602,30582,29438,29662,494784
2026-07-23,29672,30800,29568,30800,402401
2026-07-24,29826,29831,28111,28196,443533
2026-07-27,28633,28658,27609,28106,356363
2026-07-28,27112,27326,25954,26292,443371
2026-07-29,26625,27266,24800,25790,1235400
2026-07-30,25160,27015,25160,26035,1026349
2026-07-31,27385,28145,26605,27950,492206
2026-08-03,27355,28575,27250,28225,398822
2026-08-04,28015,28285,27245,28285,115155
2026-08-05,28615,29440,28615,29170,269673
2026-08-06,29040,29945,28595,29225,168765
2026-08-07,29225,29585,28610,29200,172201
2026-08-10,29145,29685,28700,29550,186059
2026-08-11,29500,29820,29100,29195,89831
2026-08-12,29335,29990,29080,29665,183280
2026-08-13,30325,30800,29960,30200,177719
2026-08-14,30420,31820,30285,31700,491375
