,[IDX] KOSPI,[IDX] KOSDAQ,[US] 한국 추종 ETF,[IDX] 항셍,[IDX] 상하이종합,[IDX] 대만가권,[KR] 삼성전자,[KR] SK하이닉스,[KR] 현대차,[KR] 두산에너빌리티,[KR] 현대로템,[KR] 네이버,[KR] 카카오,[KR] LG전자,[KR] KODEX 2차전지산업,[KR] KODEX 자동차,[KR] TIGER 200 IT,[KR] TIGER 200 건설,[KR] TIGER 의료기기,[KR] TIGER 반도체,[KR] TIGER 증권,[KR] TIGER 헬스케어,[KR] TIGER 은행,[KR] 신한지주,[KR] 하나금융지주,[KR] KB금융,[KR] 우리금융지주,[IDX] 다우 존스,[IDX] S&P 500,[US] S&P500,[IDX] 러셀 2000,[US] 러셀,[US] 미국 전체,[IDX] NASDAQ,[US] 나스닥,[US] 나스닥 레버리지,[US] 미국 반도체,[US] 엔비디아,[US] 마이크론,[US] 브로드컴,[US] 인텔,[US] AMD,[US] 퀄컴,[US] 시게이트,[US] 웨스턴디지털,[US] 애플,[US] 마이크로소프트,[US] 구글,[US] 아마존,[US] 제타,[US] M7 ETF,[US] 모멘텀 ETF,[US] 반도체 ETF,[US] 소프트웨어 ETF,[US] 테슬라,[US] 월마트,[US] 코카콜라,[US] 일라이릴리,[US] 존슨 앤드 존슨,[US] 애브비,[US] 제이피모건,[US] 뱅크 오브 아메리카,[US] 모건스탠리,[US] 골드만삭스,[US] 이즈코프,[US] 이머징 마켓,[US] 선진국 마켓,[US] 금,[US] 은,[US] 미국 오일 펀드,[US] 원자재 펀드,[IDX] 닛케이225,[KR] 코스피200롱150숏선물
[IDX] KOSPI,1.0,-0.14264865564724208,0.9959556355767186,0.49919185823472223,0.8309166334053376,0.9857026214715904,0.9847055152889306,0.9981465409791397,0.9456298177551444,0.7084152888037577,0.46497413465973986,-0.10709055463570598,-0.5865790988956714,0.8935707534800712,-0.29753584515727166,0.9808639031238975,0.9928689284765815,0.9660770695884101,-0.6086953363268103,0.9911107333581407,0.8975758250389672,0.03927518803434369,0.8540564217408848,0.9283602340988132,0.8726199876348257,0.9045745564700807,0.7912994919362227,0.9100274186944424,0.882212646502266,0.8821676691122315,0.9748456937322724,0.9747412098989495,0.8899279971890016,0.8956137045691167,0.9091698572901729,0.9533120663148742,0.9883255084290973,0.7286447150535703,0.9898905919062179,0.8253257565187285,0.9707889070384441,0.9852169353699144,0.14575931672411027,0.9904596941138336,0.9920425745140824,0.9479696070394227,-0.4878095514761185,0.9811696504010339,0.6576383153284352,0.5598902208981704,0.7746984735612692,0.9062405669451177,0.9819520045204748,-0.01337650777996937,0.8535619683995059,0.7626600586717777,0.9485267735138048,0.8360532420431059,0.9757331356097104,0.9488131229681211,0.7678608130347513,0.8913105027173409,0.9451568831182143,0.907516848134764,0.9923225847022211,0.9749500369203248,0.9134258907978938,0.8245606540604427,0.9627969964398638,0.9015954267421034,0.9474887917993892,0.9870418485130051,0.9890914796276353
[IDX] KOSDAQ,-0.14264865564724208,1.0,-0.20023308417537333,-0.46165726426831044,-0.23294150278664325,-0.24363872119750077,-0.08318628826714661,-0.12264192298301976,-0.060522270936142535,-0.39002150771769845,-0.45736128037095825,-0.2569927076739055,-0.09530711191785447,0.0600843907211258,0.7672886714832726,-0.15377788472199427,-0.07387168670367056,-0.2112154825081398,0.08369702847766683,-0.08847986828809824,-0.38592303146828527,-0.45993176782575057,-0.5034966592535859,-0.4441595204426697,-0.5061115413291244,-0.4793389129535321,-0.4938940021875542,-0.4981358901653576,-0.5176471709960301,-0.5179112868838528,-0.35787958508829826,-0.35795925219051655,-0.510644128778807,-0.4815329315269979,-0.4604426333590622,-0.34593477667092815,-0.25182281028290515,-0.6166678002466717,-0.21834833003610826,-0.5324136578108207,-0.07724682271211428,-0.23341782151387466,-0.08967891871421062,-0.26205224798759097,-0.22520901027656756,-0.2995408995599947,-0.3649255705347353,-0.2854864523328539,-0.6141018100454898,-0.4334048828093385,-0.5692635697955493,-0.46750254676356595,-0.32505744878689463,-0.5014435786277321,-0.22128336078087663,-0.578331738039094,-0.4230618664499017,-0.3794417722825533,-0.187427839550751,-0.46201013479734926,-0.5891716592815502,-0.5486258789194025,-0.4055021048211079,-0.4895251448930308,-0.26914490852080303,-0.3237796989260255,-0.4606924924266958,-0.5227109426656262,-0.36738528793713654,-0.3614437012559166,-0.3450186932786507,-0.17781420521719365,-0.25349846383535724
[US] 한국 추종 ETF,0.9959556355767186,-0.20023308417537333,1.0,0.49030295625117576,0.8140691165276471,0.9853395927738638,0.9873627235126501,0.996111572578338,0.9450490826398341,0.6676522389744619,0.4165619324997701,-0.13636793505640363,-0.6086130016966884,0.9075151371611982,-0.26441083257544745,0.9809207528269538,0.9915139119086296,0.9522896586308156,-0.6478399166822062,0.9904103451496085,0.8751813596075134,-0.04147174731656838,0.834430983215006,0.9151614716014678,0.858084448572803,0.8927529275054332,0.7667115670773738,0.8970257411227218,0.867739265965182,0.8677158119556757,0.9725560644050525,0.972397587963529,0.8757509209482945,0.881544396396122,0.8955020708562706,0.9440814716214743,0.9897976178554558,0.7086400371293701,0.9960543446986581,0.8112785847694134,0.9795834497085618,0.9912618781230126,0.13901674882177206,0.9955161349573491,0.9973761692814551,0.9572079587187777,-0.5384161276309685,0.9795333442281502,0.6338873250800958,0.5622721179803506,0.7556783315553331,0.8916430332146337,0.9788733734302559,-0.06196406126312934,0.8427742059598057,0.7456153593064797,0.9440289821371979,0.833108597918134,0.9843305353919457,0.9412806995422118,0.7497138960477712,0.8803867115632695,0.9394242896820236,0.8989438503845303,0.9890272476061773,0.9704556583045142,0.9026751232233897,0.8086113975669234,0.955437901404904,0.9193021109961381,0.9590179496060812,0.9854723213995779,0.9931901232432674
[IDX] 항셍,0.49919185823472223,-0.46165726426831044,0.49030295625117576,1.0,0.8843252004219917,0.43322377379617616,0.3466271834653046,0.4533235661899194,0.21526466414307815,0.929106878850502,0.9467365689459986,0.7324857450608218,0.3597212382995032,0.09718846565067267,-0.5650568371699427,0.39803765592159646,0.39834784492371683,0.680030845717366,0.27551286925636437,0.3875543309904028,0.789228373817025,0.5232607007230686,0.7932371009571029,0.6577916316069631,0.756027193641196,0.6977685814334306,0.87681288883386,0.7196425770294482,0.7334433990856851,0.7337699067878525,0.5284829457637443,0.5292452299031397,0.7325054209730518,0.7191607638562404,0.7083815770940921,0.5835446947238712,0.4527967421153302,0.7564360744631543,0.44402649145366907,0.8383058012197123,0.3156349859376879,0.4474001020861285,-0.4538276784113182,0.502141608524269,0.4698336109515287,0.3616869782577313,0.23801517678036754,0.4827487016271911,0.7494050890580114,-0.06315234953094634,0.7528967633254993,0.730888355743003,0.5319504950896838,0.720459584963094,0.814126559941165,0.8567871148322037,0.6600799319850369,0.2584021906998152,0.5075560110871854,0.6122742560684922,0.8596046937394738,0.6829651808125475,0.7290219952814578,0.7609556257552976,0.5805622122273464,0.668861776745388,0.7574954831225112,0.8499447858913306,0.6800638861048844,0.4213592058079036,0.5364522920597576,0.45475434994501673,0.5085981904308974
[IDX] 상하이종합,0.8309166334053376,-0.23294150278664325,0.8140691165276471,0.8843252004219917,1.0,0.7661276067456964,0.7292358008193135,0.8032483753135355,0.6184100146779039,0.9420814594956062,0.8253704971596616,0.417725756068274,-0.06328210953289534,0.5358843585100739,-0.42733984999240865,0.7415574332036742,0.7689100535028286,0.930384950206871,-0.10408778957937594,0.7571395703917705,0.9440321897482314,0.3097999752238749,0.9076165588945171,0.8634805772171312,0.888602409672568,0.8714499071228454,0.9343899078782714,0.8867070271444367,0.8736436460242071,0.8737887706357552,0.8087022252634852,0.8091588296610033,0.8784418323549602,0.873592541674204,0.8760757723606993,0.8265292916817141,0.7711671123309828,0.7910857760328711,0.7744453352879084,0.9170610619347365,0.7015576305359519,0.7673890055763601,-0.2822899635781399,0.8077871419078518,0.7930680519185574,0.6737579925408607,-0.16305185050688858,0.7820466190747595,0.7526609821325777,0.17897495553882967,0.8217961168314815,0.89059607664259,0.8102432081682486,0.41454294835341843,0.9613909661414807,0.8982660848869534,0.8853111235686596,0.5296393791212308,0.8213405113316685,0.8359447150920915,0.8965176000876441,0.8399185321039958,0.9253205127427232,0.9138144996946413,0.8632070330189824,0.9056803200679833,0.917756780112674,0.9306533898740498,0.8994567991948357,0.6746352167632337,0.7856307322431291,0.7827306721637204,0.8201291699828647
[IDX] 대만가권,0.9857026214715904,-0.24363872119750077,0.9853395927738638,0.43322377379617616,0.7661276067456964,1.0,0.9823755140743289,0.9861840408150354,0.9638241305485683,0.6478454543299228,0.39397264550870637,-0.20783090216629585,-0.6616424066184504,0.9033448109658272,-0.3452210730068303,0.9916551503967085,0.9812936970262361,0.9263183928512543,-0.6940611237325601,0.9866338678878617,0.8697151446683933,0.04304437648841653,0.8445257771834642,0.9321690264216309,0.8736387929495391,0.9106673780560446,0.7617083956848879,0.9108362468298339,0.8910946320534718,0.8909978485847486,0.9780292857739242,0.9778620457298204,0.8969463131576194,0.9048912551223,0.9168142692005099,0.9678158961951931,0.9980562238901773,0.751278658783723,0.9899880637653576,0.8170346540973175,0.9644938207924202,0.9935971968878434,0.2537434163487844,0.9880796355568758,0.9892159334668588,0.9783819043362915,-0.4612143032201421,0.9944657392679781,0.684277336630506,0.6758149979416055,0.7934147602333788,0.9072138739604485,0.9933326214301251,-0.044973230335458136,0.8069288210901588,0.751943445916612,0.9372394258242958,0.9046257466079493,0.9541900536078931,0.9547500737431249,0.7600032549768598,0.9092422919355454,0.9310260316443532,0.9022824164650809,0.9787597699340731,0.9629759383981199,0.9067234889310619,0.8061853413853195,0.9564458344227829,0.935758611030098,0.9597788374384576,0.9990962354313402,0.9875489681632685
[KR] 삼성전자,0.9847055152889306,-0.08318628826714661,0.9873627235126501,0.3466271834653046,0.7292358008193135,0.9823755140743289,1.0,0.9909966944599252,0.9793443465573818,0.5769033089189782,0.30716663757345625,-0.26771540232617247,-0.7126313029346644,0.9542387977325038,-0.19383681179017448,0.9866539569002267,0.9958773556886031,0.9095026182915282,-0.7274637583195692,0.9970195135336469,0.812579722211183,-0.08706956180975185,0.7668095657516703,0.875196588733497,0.7964309785556689,0.8415930896387988,0.6823510127448258,0.8400569359557668,0.8074980193547141,0.8074605482152886,0.9539936959869157,0.9537128829219309,0.8162995798027803,0.8255508419687307,0.8423565481264563,0.9172304480237693,0.9852117283289437,0.634995754525265,0.9908636350348501,0.7268243517755631,0.9940934353402177,0.9876431241028554,0.24045758309284346,0.9806419462023782,0.9881158114831331,0.9669043323384023,-0.5927678634177822,0.971993040981268,0.5533518236492849,0.6159996348581952,0.6845472642683081,0.8338787045777334,0.9612055562197361,-0.17458129083388974,0.7637586950846874,0.6498276931343518,0.8954759167497343,0.8527195232933605,0.9665691455267912,0.9056325700398005,0.6575438881362051,0.8296365643560601,0.8813551442454287,0.833711461632137,0.9621778044842458,0.9269584190827672,0.8383211671849219,0.7203279441859933,0.9098243816797432,0.9139172838616851,0.9363943080135223,0.981888790954375,0.9757773874217817
[KR] SK하이닉스,0.9981465409791397,-0.12264192298301976,0.996111572578338,0.4533235661899194,0.8032483753135355,0.9861840408150354,0.9909966944599252,1.0,0.957788552720777,0.6721863180557315,0.42045312510366706,-0.15273960499215838,-0.6228793424369653,0.9121878733082383,-0.27040168755508615,0.9832423370951375,0.9971698489646952,0.9520098923212875,-0.6424040434902549,0.996234109583519,0.8753845737776667,0.001830756949882356,0.8295386259860196,0.9133405503465687,0.8512751981305393,0.887629413305111,0.7599579960930771,0.8912198590268673,0.8617519042295606,0.8616716887054043,0.9703197435358277,0.9701621412816966,0.8697668381165594,0.8769235280874704,0.8918924868465904,0.9459145877838236,0.990340946394989,0.7009711600413269,0.9926716095940691,0.7974792442289101,0.9811365725075438,0.9867118200191493,0.17739747301234188,0.9896944276576896,0.9933700558632138,0.9531155440547524,-0.5204202919458761,0.9807175786488471,0.6283961305077639,0.5778048290857033,0.7496808486145946,0.8876296811273405,0.9784806831436911,-0.059650238867274906,0.8312430052581741,0.7317055284359156,0.935721362447329,0.8433083855219178,0.9727246272204406,0.937247532494758,0.7356716356774367,0.8735308518962037,0.9282416076015877,0.8868885758471217,0.986691802628224,0.9629903901412252,0.8929990427816072,0.7958008946144439,0.9486920290551328,0.9009611220854429,0.9422431144806795,0.9872151052130481,0.98665890109089
[KR] 현대차,0.9456298177551444,-0.060522270936142535,0.9450490826398341,0.21526466414307815,0.6184100146779039,0.9638241305485683,0.9793443465573818,0.957788552720777,1.0,0.48318722530845687,0.20577496889850647,-0.3990812335172479,-0.7912060126477802,0.9552721571227231,-0.20248585842396755,0.9796610235438665,0.9681570634249869,0.8381494432573062,-0.793109534642201,0.9742128819252356,0.7424368334699606,-0.08697766649179292,0.7029232051905362,0.8295712523800439,0.7372068041731797,0.7947548485078075,0.5991603934619267,0.7904164148883611,0.7665495164848668,0.7662983497371418,0.9118618098917215,0.9114500697456761,0.7731626360816115,0.7883266319921537,0.8057460836703,0.8991465782624266,0.9642079633698717,0.6080927952900675,0.9573486103065346,0.6612915301447634,0.9716318041207355,0.9591611557740317,0.4161943660205217,0.9374495765667286,0.9505908741692266,0.9555337493810965,-0.5600829504100553,0.953920541918917,0.5359832729244842,0.7063876691529121,0.6561739580639873,0.7904511582781767,0.9361697953736354,-0.22051802255697311,0.675830231289649,0.5835179554961022,0.83318697096779,0.9095850987676724,0.903739754676325,0.86239091378746,0.5876025768218444,0.7903758794135687,0.8124994119998056,0.7661320669016025,0.9120799676989876,0.8691720429476757,0.7782065487105035,0.6465720779998655,0.8587855593935729,0.8805458799307189,0.8855203104149713,0.9642232741327026,0.9319390886654868
[KR] 두산에너빌리티,0.7084152888037577,-0.39002150771769845,0.6676522389744619,0.929106878850502,0.9420814594956062,0.6478454543299228,0.5769033089189782,0.6721863180557315,0.48318722530845687,1.0,0.9511345834945916,0.5640868281704852,0.11948160893170212,0.3265711142298309,-0.6655726494382377,0.6187843291905972,0.6259004198513487,0.850261250482906,0.06969760396004973,0.6152499781555889,0.9314147269069266,0.581492160525196,0.9225860632818066,0.8346332358440772,0.8895460661113858,0.8593414739760838,0.9654871322957965,0.8786877725017805,0.8852768577768477,0.8852929519749873,0.7133167240444795,0.7139347114720499,0.8847528135299457,0.8744716775172809,0.8681868430087959,0.7708349766565707,0.6487890784615304,0.8778835232637401,0.6268282267309006,0.9410332512507688,0.5190615110276696,0.6248600614685625,-0.2347630983017463,0.6721452555151812,0.6488442754925935,0.5405030478071164,0.1533635582308466,0.674579864962623,0.8681395742037821,0.18706925663224827,0.8885190942078258,0.8863626220280608,0.7202033342609985,0.6693994515122353,0.9021190629596644,0.9596832620574403,0.8218158970298766,0.49909675718446517,0.6536418199537772,0.7897360247130716,0.954394950589857,0.8421095406519052,0.8653045566729427,0.888521193873197,0.752543119469516,0.8194064614585861,0.8965457987466819,0.9587635632355438,0.8364952567476812,0.5363385285624916,0.6539323864545259,0.6771077191038866,0.6987787660155955
[KR] 현대로템,0.46497413465973986,-0.45736128037095825,0.4165619324997701,0.9467365689459986,0.8253704971596616,0.39397264550870637,0.30716663757345625,0.42045312510366706,0.20577496889850647,0.9511345834945916,1.0,0.7486152308867471,0.39178574198525523,0.03137962872908087,-0.7243172540612912,0.36074750149548507,0.3637469639080757,0.6576202643723583,0.3348941319083096,0.3514665199620969,0.7914989102264464,0.7187804980343594,0.8007523587336164,0.6610452619659708,0.7510625902265677,0.7007635045351003,0.8793975814591719,0.7224494693161835,0.739830673246289,0.739905246701681,0.48998560730967206,0.4907890669840521,0.7362075006833269,0.7189870420144208,0.7046917847563106,0.562484906584625,0.3962928771966907,0.794398771680334,0.3683072226845829,0.8316530095423346,0.23957419779265585,0.3676528517478267,-0.3558917533927785,0.4256713628772466,0.3951612758298655,0.28033692352471945,0.3959688324848878,0.4334337478440268,0.8124452447837797,0.022381630971684052,0.7884097610221247,0.7289119018917816,0.48881421519125984,0.8425533651401501,0.7662798750589015,0.8839894732180615,0.6374428970989021,0.27424749106363155,0.4082559397918793,0.5973115228559216,0.8760363341841241,0.6843522068555936,0.6879163930933136,0.7355351830185393,0.5253924647957399,0.6144899202904858,0.7391888914056126,0.855176259876637,0.6405643957379785,0.294037532718511,0.420363476065207,0.43047094608379977,0.46044820574908946
[KR] 네이버,-0.10709055463570598,-0.2569927076739055,-0.13636793505640363,0.7324857450608218,0.417725756068274,-0.20783090216629585,-0.26771540232617247,-0.15273960499215838,-0.3990812335172479,0.5640868281704852,0.7486152308867471,1.0,0.8525218086237238,-0.479851556027427,-0.367947876187902,-0.24196865764455597,-0.20370807588860962,0.14342083242997203,0.7829450093547855,-0.22586762418747985,0.2747229750016449,0.523627328156922,0.2750355936127029,0.07581829346137278,0.21180324217357907,0.13165966587541672,0.4127667422541737,0.15391828175193925,0.16391366327586968,0.1639260226580727,-0.0892791402533669,-0.08841242928869927,0.1604859955001007,0.13338428991670148,0.11787652449301296,-0.055843792627116993,-0.194024359997968,0.2527990485627677,-0.19004367305965075,0.3177857110908411,-0.29713527292107594,-0.21009989214982924,-0.7044260131292699,-0.13124471873212498,-0.165283649434403,-0.2974289175850361,0.5061076268132179,-0.1826393407484888,0.28828179370047735,-0.5557727594004054,0.22963706777509926,0.1579905318794055,-0.11259914739972836,0.7600058611425696,0.3041133262523475,0.4019605216484071,0.09638221486638555,-0.3588554624656469,-0.10535560330891708,0.024220763640332564,0.3915315896142404,0.10704404602360974,0.1515064643464981,0.19517645617565904,-0.03500099958426122,0.05905478041214316,0.19553963687592635,0.3635134490738873,0.07324145493003628,-0.21905306586263074,-0.1044129862903978,-0.17922955382392014,-0.10533135374127635
[KR] 카카오,-0.5865790988956714,-0.09530711191785447,-0.6086130016966884,0.3597212382995032,-0.06328210953289534,-0.6616424066184504,-0.7126313029346644,-0.6228793424369653,-0.7912060126477802,0.11948160893170212,0.39178574198525523,0.8525218086237238,1.0,-0.848243408803138,-0.1585164889130243,-0.6825815770964597,-0.6625942483652454,-0.3709990028435792,0.9634032567946402,-0.678160714362132,-0.22084480189584405,0.4356018849203418,-0.20199154022385657,-0.4067630226864645,-0.26491660797520017,-0.3463849719321882,-0.05566411187656769,-0.32552583420011044,-0.2938591860828868,-0.29388222584540946,-0.5712645900518534,-0.5705030182414366,-0.30206196429799637,-0.32047351354293746,-0.34003657500377477,-0.4984338491715583,-0.6481327338304997,-0.1356296994566932,-0.653777055317718,-0.13851729866423557,-0.729161844201721,-0.6621708806229183,-0.6100384787680557,-0.6073349877117544,-0.6331854984661527,-0.7227702767046876,0.7006050114270496,-0.6264804214168043,-0.04967307147449227,-0.7384476447603221,-0.17176198813145366,-0.31043520381643885,-0.5752853958144294,0.6650451430392812,-0.14741066531860564,-0.04016772838908607,-0.4045450230586074,-0.6971824521251517,-0.5848259480758653,-0.46585617700237336,-0.05669684443691829,-0.3554005935586888,-0.34556869220364633,-0.29200608207501605,-0.521160266821783,-0.43201043052247373,-0.29023808887433356,-0.10796693165408916,-0.4131965151182679,-0.6490670594234469,-0.5687778638354932,-0.6386756092349375,-0.5889929926627364
[KR] LG전자,0.8935707534800712,0.0600843907211258,0.9075151371611982,0.09718846565067267,0.5358843585100739,0.9033448109658272,0.9542387977325038,0.9121878733082383,0.9552721571227231,0.3265711142298309,0.03137962872908087,-0.479851556027427,-0.848243408803138,1.0,0.04473303582358284,0.9225173476070828,0.9341407248944167,0.763306554299388,-0.8484152365492356,0.9383789829107645,0.6177010239141624,-0.33650686767217014,0.5647846370644639,0.7161016415735033,0.6103325885295653,0.6713265250985737,0.4563264768065558,0.6545584736432681,0.6112274800390257,0.6111466934127883,0.8466191519827162,0.8460969794444396,0.6222751774812346,0.6358156710664639,0.6578231842306308,0.7766291144715868,0.904019357029319,0.4075289812859621,0.9243752201631054,0.5056839927535036,0.966235230636177,0.9183673762130069,0.3038573330753001,0.8974344088106299,0.9136827238453973,0.9196328900751536,-0.7648365581104581,0.8781687784210372,0.30738274048651537,0.5977086855345373,0.4614537184556011,0.643322354772559,0.8498452775812316,-0.44755506237078957,0.5754983947246858,0.41102684933138406,0.7487786240683211,0.7786784367333296,0.8984319255655815,0.7590750693276136,0.419189447994499,0.6523276832983578,0.7185979708897159,0.6508288442147171,0.8479386280533796,0.7841163122920775,0.6515089948990302,0.49367464109444426,0.7547437375818518,0.8686418609254459,0.8572128692305412,0.8989306029835897,0.886613966099277
[KR] KODEX 2차전지산업,-0.29753584515727166,0.7672886714832726,-0.26441083257544745,-0.5650568371699427,-0.42733984999240865,-0.3452210730068303,-0.19383681179017448,-0.27040168755508615,-0.20248585842396755,-0.6655726494382377,-0.7243172540612912,-0.367947876187902,-0.1585164889130243,0.04473303582358284,1.0,-0.29043500524872,-0.2177037153410445,-0.39689249431510176,-0.08339741202345805,-0.22905854001156956,-0.5962093949784587,-0.8507627772441767,-0.680931176481374,-0.5903957046493564,-0.655647720068436,-0.6315464664982878,-0.6878254916899678,-0.6424690184252788,-0.6896546490103115,-0.6895186245196007,-0.4189718430354643,-0.41945561417795474,-0.678039400381006,-0.6653597379813897,-0.6439175646081812,-0.5250156487670845,-0.3375816211972551,-0.8319394646597498,-0.26095198238677564,-0.7006783972889862,-0.12612266251243823,-0.28240779083760625,-0.23060116400773598,-0.30369467062845795,-0.27503048514195155,-0.29328238402112955,-0.6055586382948512,-0.3884858393145035,-0.8692994084090413,-0.49204662330721083,-0.7962325198000864,-0.6481252964270016,-0.4355970410565536,-0.7858238473839761,-0.44325347265466436,-0.7615585991874696,-0.49398689324802353,-0.51632476321512,-0.19122919649673878,-0.5438964848083346,-0.7582456265204142,-0.6663368318267159,-0.5080489525802141,-0.6005290937616786,-0.36560362158212745,-0.4416713980638999,-0.6022283236200392,-0.6950439256845038,-0.500468439587973,-0.27057396560757274,-0.30981934246927945,-0.34995324142575934,-0.32800047500264007
[KR] KODEX 자동차,0.9808639031238975,-0.15377788472199427,0.9809207528269538,0.39803765592159646,0.7415574332036742,0.9916551503967085,0.9866539569002267,0.9832423370951375,0.9796610235438665,0.6187843291905972,0.36074750149548507,-0.24196865764455597,-0.6825815770964597,0.9225173476070828,-0.29043500524872,1.0,0.9827701132503843,0.9109038407951267,-0.706377931279271,0.987579841691103,0.8452579811371762,-0.0034735613625165003,0.8131419422643983,0.9067652435282154,0.8413627839796352,0.882573439626903,0.7295863850425098,0.8777179143215795,0.8586027686532114,0.8584394012176294,0.9560053800172801,0.9557389353998017,0.8644383696893218,0.8756018386590991,0.8894273910817033,0.9513557459683658,0.9912477897492274,0.7162317740053605,0.9850280987563963,0.7826319122352826,0.9702550497499163,0.9884058508186765,0.2964202195198442,0.9784686698058577,0.9830226191184934,0.9724746298494531,-0.4861504052305069,0.9852237692435306,0.6451958369184183,0.6396774464868865,0.7577803706765748,0.87913906029789,0.9800100285167115,-0.07862305940971671,0.7794143446151585,0.7088120178913196,0.9084208447279095,0.9006486966538882,0.9472469261445349,0.9275254481558379,0.7158876733814442,0.8740033781750864,0.9036190956934391,0.8669986231550821,0.9654489041451448,0.9433591703252314,0.8751908524132734,0.7683049509933817,0.9358852376750604,0.9240399691156297,0.9473204123570368,0.9910390970670574,0.9769949429511552
[KR] TIGER 200 IT,0.9928689284765815,-0.07387168670367056,0.9915139119086296,0.39834784492371683,0.7689100535028286,0.9812936970262361,0.9958773556886031,0.9971698489646952,0.9681570634249869,0.6259004198513487,0.3637469639080757,-0.20370807588860962,-0.6625942483652454,0.9341407248944167,-0.2177037153410445,0.9827701132503843,1.0,0.9339539790423478,-0.6751060915253909,0.9985589388014183,0.8413815771835712,-0.04788513119094242,0.7909157816541981,0.8861518037249461,0.8161817165640649,0.8563743182663163,0.7156261427304446,0.860025781231137,0.8277806633044386,0.8276713810380075,0.9586925625337449,0.9584728556665197,0.8364646821182086,0.8449406289921697,0.8616073319704362,0.9273274144548745,0.9858742390197203,0.6572061011559872,0.9912033710442778,0.7551464436439749,0.9905756677138804,0.9845192022767945,0.1975552566341587,0.9835262503525611,0.989718786577641,0.9539959528333407,-0.5651580776469096,0.972515367847261,0.5801436269818432,0.5809927966702056,0.7079926187642085,0.8561015792342941,0.9665039757264435,-0.12348178311373065,0.799238486793712,0.6841208227980153,0.9120959175070305,0.8395790152676454,0.9693279465861842,0.9171981322588398,0.689872817095597,0.8437214896937524,0.9007658956135276,0.8544256548657408,0.9747001821666649,0.9429530675611334,0.8614263369453805,0.7534868090540207,0.9264983014703978,0.8999968108996022,0.9337978485652795,0.9819052742138885,0.9779949784087358
[KR] TIGER 200 건설,0.9660770695884101,-0.2112154825081398,0.9522896586308156,0.680030845717366,0.930384950206871,0.9263183928512543,0.9095026182915282,0.9520098923212875,0.8381494432573062,0.850261250482906,0.6576202643723583,0.14342083242997203,-0.3709990028435792,0.763306554299388,-0.39689249431510176,0.9109038407951267,0.9339539790423478,1.0,-0.4045085143376357,0.925506258724871,0.96246971003787,0.18889079462878192,0.9197916268036511,0.9450562027600821,0.9201221322774116,0.932455657538033,0.8934456052927195,0.9469320484523082,0.9188826773428931,0.918877096448096,0.9497030721913232,0.9498512873275616,0.9261345581765129,0.9227413969511276,0.931945435809198,0.9293130882652302,0.9292755423113082,0.7882435089494818,0.9322611363387591,0.8998439197206985,0.8862749065646904,0.9213353594625983,-0.042330302030502066,0.9481423270034179,0.9414189207197341,0.8600999836446523,-0.3528958130553587,0.9253447760327078,0.7283295877824508,0.4299855179867318,0.8266509549853344,0.9404385551196894,0.9442060552571296,0.18523120295642453,0.9225144520524686,0.8620412841106834,0.971545210679634,0.7362578123061738,0.9440374848058954,0.952986844359945,0.8657713964710402,0.9135019262721188,0.9766938480025635,0.9511357086563117,0.9764828676617129,0.9811727653878962,0.9570527750811262,0.9140597438943442,0.9743402759929635,0.8304678977266404,0.9059940068292782,0.9325826051720594,0.9538252320236223
[KR] TIGER 의료기기,-0.6086953363268103,0.08369702847766683,-0.6478399166822062,0.27551286925636437,-0.10408778957937594,-0.6940611237325601,-0.7274637583195692,-0.6424040434902549,-0.793109534642201,0.06969760396004973,0.3348941319083096,0.7829450093547855,0.9634032567946402,-0.8484152365492356,-0.08339741202345805,-0.706377931279271,-0.6751060915253909,-0.4045085143376357,1.0,-0.6932650762615391,-0.2755915781963222,0.45946949653002483,-0.2720317701082494,-0.4621597121129313,-0.341880246299088,-0.41638053831377686,-0.12190595268170792,-0.3929103521005492,-0.36294653976296004,-0.362888475865539,-0.6178227604301868,-0.6169744890301807,-0.3698968786007603,-0.38356475572324145,-0.4020438766184933,-0.5419483472000188,-0.689672253066854,-0.2095374687758945,-0.6981394758059477,-0.21824343030035456,-0.7470441758098587,-0.7057557329645584,-0.5840187687837748,-0.658483262953224,-0.6766852839769396,-0.7803377962749114,0.6821615357560354,-0.6639963363727138,-0.11527885678971439,-0.7350102697011901,-0.24033656566855574,-0.37618703517115204,-0.6248428465149181,0.6172818552778551,-0.1766460910764811,-0.12363419284423867,-0.4731229421862831,-0.7338007772509343,-0.6219780882567347,-0.5314717254972087,-0.14181537105211045,-0.43716102262332923,-0.41585931560121153,-0.37047692790025993,-0.5668140922694099,-0.4863822676721384,-0.3611924009199926,-0.18530765262470483,-0.470066366947782,-0.7404647098213217,-0.6531500769319989,-0.6682846844176182,-0.6414880591986302
[KR] TIGER 반도체,0.9911107333581407,-0.08847986828809824,0.9904103451496085,0.3875543309904028,0.7571395703917705,0.9866338678878617,0.9970195135336469,0.996234109583519,0.9742128819252356,0.6152499781555889,0.3514665199620969,-0.22586762418747985,-0.678160714362132,0.9383789829107645,-0.22905854001156956,0.987579841691103,0.9985589388014183,0.925506258724871,-0.6932650762615391,1.0,0.8385699309604397,-0.050000721226422754,0.7928967592366472,0.8897097468486805,0.8206921656523842,0.8619757212427404,0.712748675227853,0.8615490343819109,0.8321889378229135,0.8320880065409577,0.9595187627148012,0.9593147492978961,0.8402737260850247,0.8500423627589108,0.8662752402708174,0.9342711899949872,0.9900247697011414,0.6663169687378457,0.9922562238383642,0.756370152983831,0.990044653070858,0.9882606850504867,0.22909483350425144,0.9840085993364692,0.9902579076858727,0.9632221292110357,-0.5561130158583388,0.9786747057211173,0.5906916986747912,0.6034212785403806,0.7166967066433637,0.858590862088619,0.9712732469155189,-0.1246223494866379,0.7928300042352622,0.6845981979975526,0.9105808456750999,0.8563585630924957,0.9640234903350919,0.9172668880302612,0.6894593999205747,0.849268425050247,0.9000886367251368,0.8558045275516033,0.973012541154175,0.9419540432325708,0.8613025330164062,0.7506698605015542,0.9260364458305084,0.9084596163288478,0.9385821715870135,0.9871284104059361,0.9789072882610366
[KR] TIGER 증권,0.8975758250389672,-0.38592303146828527,0.8751813596075134,0.789228373817025,0.9440321897482314,0.8697151446683933,0.812579722211183,0.8753845737776667,0.7424368334699606,0.9314147269069266,0.7914989102264464,0.2747229750016449,-0.22084480189584405,0.6177010239141624,-0.5962093949784587,0.8452579811371762,0.8413815771835712,0.96246971003787,-0.2755915781963222,0.8385699309604397,1.0,0.38451234896138736,0.9866453259779123,0.9686156554919919,0.9795437014837366,0.9747170861829927,0.9751630680038424,0.9816524272897478,0.9745242790846009,0.9745393914621674,0.9077642489402431,0.9080856221971833,0.976974150155394,0.9720437959704116,0.9726719057521805,0.9301638747611327,0.8688018545064267,0.9068669379062694,0.8514453766153983,0.9764026527128441,0.7686581622938289,0.8505570667557514,-0.03386852663643689,0.8808324734745492,0.8649593239139652,0.7977931889363202,-0.11269907964868468,0.8841950519774626,0.8705828179928791,0.4301939557314179,0.9324816907061163,0.9799564191722565,0.9128151025289992,0.4117898406860283,0.9408104150736125,0.9608039928720613,0.9618345555804909,0.7312572926280518,0.8510159649034755,0.9462240023164384,0.9594584950400505,0.9566212938208427,0.9815012718123084,0.9844707529169291,0.9282547822449626,0.9614500451000054,0.9887527896296159,0.9847091533253736,0.9697637756315997,0.773855788051243,0.8600245710779908,0.8795834913545716,0.8990287330701872
[KR] TIGER 헬스케어,0.03927518803434369,-0.45993176782575057,-0.04147174731656838,0.5232607007230686,0.3097999752238749,0.04304437648841653,-0.08706956180975185,0.001830756949882356,-0.08697766649179292,0.581492160525196,0.7187804980343594,0.523627328156922,0.4356018849203418,-0.33650686767217014,-0.8507627772441767,-0.0034735613625165003,-0.04788513119094242,0.18889079462878192,0.45946949653002483,-0.050000721226422754,0.38451234896138736,1.0,0.4455051657430236,0.3194836361189561,0.3843788357241459,0.3475367258265857,0.5123256032311039,0.36796085571834264,0.42125919638739945,0.4213726268727415,0.10419165651238076,0.10502665277963097,0.4096032292085109,0.3970595474765942,0.3706846238577585,0.23068894533622378,0.005702317568077273,0.6053475989499119,-0.071552341591871,0.471607893955019,-0.1829181808002776,-0.04803603073539638,0.027701962409954508,-0.02563221562454324,-0.04940993661381088,-0.07932558978504688,0.7930078255017773,0.06865566463037884,0.6785159973111461,0.18785933997475532,0.5636555512066863,0.3786653496798364,0.11094484921756215,0.8917898251528146,0.3028466168189588,0.5543762781602957,0.19584445180143092,0.16568716615178328,-0.08804046551787356,0.23205387962714882,0.5480724971559738,0.35906704839930015,0.2294583830471591,0.32124165439735414,0.07020769905012895,0.1632197857958194,0.33731458152284677,0.4794215843761909,0.22312917726618164,-0.12402518304101892,-0.05294881600764397,0.07590526928182868,0.01817726032007907
[KR] TIGER 은행,0.8540564217408848,-0.5034966592535859,0.834430983215006,0.7932371009571029,0.9076165588945171,0.8445257771834642,0.7668095657516703,0.8295386259860196,0.7029232051905362,0.9225860632818066,0.8007523587336164,0.2750355936127029,-0.20199154022385657,0.5647846370644639,-0.680931176481374,0.8131419422643983,0.7909157816541981,0.9197916268036511,-0.2720317701082494,0.7928967592366472,0.9866453259779123,0.4455051657430236,1.0,0.9742832574422114,0.9949502392109159,0.9863905795823813,0.9856580299689293,0.9840237390343298,0.9856876973072662,0.9857681464057967,0.8903783851477655,0.8907541463322314,0.9861089145390785,0.9790869797072173,0.9754903221709048,0.9200769321174519,0.8421636778850403,0.9477000440935901,0.817220469538485,0.9883313866583969,0.7164326998402313,0.8233779273535403,0.006724580331134755,0.8507222387307433,0.8303870791941422,0.7874969742639119,-0.026739480596432295,0.8646002002490634,0.9174235913337397,0.4770028250424723,0.9618730015031781,0.980499591956364,0.8960325698198749,0.4669278826495722,0.9002822391921069,0.9781340841158768,0.9475913914567758,0.7463973208811214,0.8083532327193865,0.9427176482383881,0.97940400387491,0.9710434705057683,0.9669236059942886,0.9858301942450267,0.89459134479618,0.936450071612293,0.984602890540185,0.9887061725472407,0.9528717495995734,0.7756427783341758,0.8495581218223944,0.8541022366455712,0.8707083016368651
[KR] 신한지주,0.9283602340988132,-0.4441595204426697,0.9151614716014678,0.6577916316069631,0.8634805772171312,0.9321690264216309,0.875196588733497,0.9133405503465687,0.8295712523800439,0.8346332358440772,0.6610452619659708,0.07581829346137278,-0.4067630226864645,0.7161016415735033,-0.5903957046493564,0.9067652435282154,0.8861518037249461,0.9450562027600821,-0.4621597121129313,0.8897097468486805,0.9686156554919919,0.3194836361189561,0.9742832574422114,1.0,0.9800727548912609,0.9927166398195316,0.9303899170923505,0.9894414072789441,0.9799373577744693,0.980056840729695,0.9609429615053564,0.9611131941698143,0.9829402228931421,0.9786953013917837,0.9797774957330793,0.962652306837857,0.926684177139588,0.9038670712005241,0.9067845698665042,0.9484792522095341,0.8319038665387255,0.9127520149220815,0.1216445232654227,0.9280409474845915,0.9152691271236374,0.8901410029496056,-0.19442090424620512,0.9419620532113299,0.8571221428849591,0.6076456522623397,0.9258754121628392,0.9788936616734943,0.9596506138240167,0.2824296992833161,0.8740279112644029,0.9190540941179189,0.9773475496819207,0.8387552429083864,0.8898771427170201,0.985247984141301,0.9226929428989218,0.9793985431753197,0.9788017771524461,0.9824159602935333,0.9508861417733059,0.9687760661134852,0.9809040740864423,0.9448113995191645,0.9780204027743241,0.8593016925931248,0.9122974060021682,0.9360987622963,0.9433172826275262
[KR] 하나금융지주,0.8726199876348257,-0.5061115413291244,0.858084448572803,0.756027193641196,0.888602409672568,0.8736387929495391,0.7964309785556689,0.8512751981305393,0.7372068041731797,0.8895460661113858,0.7510625902265677,0.21180324217357907,-0.26491660797520017,0.6103325885295653,-0.655647720068436,0.8413627839796352,0.8161817165640649,0.9201221322774116,-0.341880246299088,0.8206921656523842,0.9795437014837366,0.3843788357241459,0.9949502392109159,0.9800727548912609,1.0,0.9923825736521802,0.9683591744583266,0.9852983658437374,0.986358248045283,0.9864277633078911,0.9093437012867491,0.9096535145260234,0.9869182123540255,0.9815418573725181,0.9793036967738131,0.934646254915033,0.8702834699023274,0.9397742153651585,0.8471415545730464,0.9792128465194448,0.7500381848169526,0.8541405345371431,0.04681554960566697,0.8770139843133069,0.8572325883367548,0.829464759787734,-0.07463838555228643,0.8899703957735039,0.9060089201383208,0.5089582178555009,0.9557204056227305,0.9817983534461882,0.9183037069370369,0.40762754508878046,0.8860336351073157,0.9610410368050306,0.9558564549549714,0.7804953055318492,0.8297282167045543,0.9548998901958261,0.9652122279485109,0.9801949582146732,0.9722791178877651,0.989432357303957,0.9113434033457719,0.9471565535526855,0.986251660367959,0.9761750414589522,0.9621351416746521,0.8221930961518175,0.8852825899158843,0.8803246420584547,0.8951422383188596
[KR] KB금융,0.9045745564700807,-0.4793389129535321,0.8927529275054332,0.6977685814334306,0.8714499071228454,0.9106673780560446,0.8415930896387988,0.887629413305111,0.7947548485078075,0.8593414739760838,0.7007635045351003,0.13165966587541672,-0.3463849719321882,0.6713265250985737,-0.6315464664982878,0.882573439626903,0.8563743182663163,0.932455657538033,-0.41638053831377686,0.8619757212427404,0.9747170861829927,0.3475367258265857,0.9863905795823813,0.9927166398195316,0.9923825736521802,1.0,0.9464573889034542,0.9917782766323286,0.989284368064884,0.9893172262303488,0.9395726821180737,0.9398159232542516,0.9906285236868863,0.9871607187916074,0.9872179594324707,0.9601561547012992,0.9086013638475949,0.9281790760359718,0.8849371795738897,0.9669375579683592,0.7988282715531886,0.8919079093176401,0.11783270965661885,0.9096498478943537,0.8941290810779006,0.869710380152947,-0.13474696257696084,0.9248346189421315,0.8878269435686412,0.5750608111149287,0.9481669843736055,0.9874457888013659,0.9485274110983462,0.3408938253413175,0.8800227440740553,0.9431701272191979,0.9699771058426853,0.8286215046447508,0.860161067782646,0.9727281237423777,0.9446958374536488,0.9872285788495535,0.9790186630068511,0.9886800444165871,0.9355972415795951,0.9626842899751022,0.9875703524573405,0.9609171604319126,0.9742661111462073,0.846988149014087,0.9035594020254855,0.9164645159507074,0.9234023414742936
[KR] 우리금융지주,0.7912994919362227,-0.4938940021875542,0.7667115670773738,0.87681288883386,0.9343899078782714,0.7617083956848879,0.6823510127448258,0.7599579960930771,0.5991603934619267,0.9654871322957965,0.8793975814591719,0.4127667422541737,-0.05566411187656769,0.4563264768065558,-0.6878254916899678,0.7295863850425098,0.7156261427304446,0.8934456052927195,-0.12190595268170792,0.712748675227853,0.9751630680038424,0.5123256032311039,0.9856580299689293,0.9303899170923505,0.9683591744583266,0.9464573889034542,1.0,0.9508369515944022,0.9544866881602536,0.9546343650838109,0.8241974254559642,0.8246845677095314,0.9546588960692172,0.9443910206520715,0.9381806346259147,0.8589181712710258,0.7614038541259766,0.9330935893798786,0.7389402219098778,0.9842354557494865,0.628886513801519,0.7432253882125794,-0.12325051775034299,0.780381525751155,0.7565234486320691,0.6884848971034403,0.05583938064458687,0.7871780543387417,0.9096163574718554,0.3509303572860253,0.9425976506690495,0.948778905644028,0.8253323401605351,0.565891005576515,0.908001354648872,0.9847798104471612,0.9049280140351756,0.6370010989382807,0.751186111437337,0.8898810711610354,0.9858533997390009,0.927043107521956,0.9360126874116222,0.9595634373007652,0.8396156244354199,0.8943813700679992,0.958657373229459,0.9905874418646561,0.911928178439345,0.6881732139176422,0.7800798828750507,0.7752556169841842,0.803535685658621
[IDX] 다우 존스,0.9100274186944424,-0.4981358901653576,0.8970257411227218,0.7196425770294482,0.8867070271444367,0.9108362468298339,0.8400569359557668,0.8912198590268673,0.7904164148883611,0.8786877725017805,0.7224494693161835,0.15391828175193925,-0.32552583420011044,0.6545584736432681,-0.6424690184252788,0.8777179143215795,0.860025781231137,0.9469320484523082,-0.3929103521005492,0.8615490343819109,0.9816524272897478,0.36796085571834264,0.9840237390343298,0.9894414072789441,0.9852983658437374,0.9917782766323286,0.9508369515944022,1.0,0.993482156194622,0.9935190170663428,0.9473821181910409,0.9476079778639903,0.9956119453356214,0.9903725936563479,0.9902181851072329,0.9608179270978123,0.9079676642585851,0.9286530587317064,0.8851916670888675,0.9711963809411677,0.8058839902857774,0.8897984567125331,0.09099659433597497,0.9094587769470689,0.8948549848979162,0.8604452571431208,-0.14491601637023552,0.9252977938702516,0.8912628872578153,0.5814328923662643,0.9508977301091626,0.9922157047834841,0.9473790811717513,0.3527099179303971,0.9022806610354273,0.9533934806977132,0.9746685378412833,0.8232984798579546,0.8692094590771544,0.9777700639420774,0.956095364242393,0.9903773707037872,0.9827184358571064,0.9918471790553859,0.9422357763682564,0.9680974413914272,0.9940818392814915,0.9728905556853483,0.9795742584635753,0.8303243468260586,0.8913720877908986,0.9165089395807146,0.9195814102212819
[IDX] S&P 500,0.882212646502266,-0.5176471709960301,0.867739265965182,0.7334433990856851,0.8736436460242071,0.8910946320534718,0.8074980193547141,0.8617519042295606,0.7665495164848668,0.8852768577768477,0.739830673246289,0.16391366327586968,-0.2938591860828868,0.6112274800390257,-0.6896546490103115,0.8586027686532114,0.8277806633044386,0.9188826773428931,-0.36294653976296004,0.8321889378229135,0.9745242790846009,0.42125919638739945,0.9856876973072662,0.9799373577744693,0.986358248045283,0.989284368064884,0.9544866881602536,0.993482156194622,1.0,0.9999960645874655,0.9182183935965984,0.9184682663131514,0.9997317820755544,0.9983538440124824,0.9964250432636433,0.9622495547691606,0.8886663799183439,0.9609447553215679,0.8568189089788749,0.9828127791774283,0.768557347299605,0.8681359439292684,0.13595683375268078,0.8828694835696789,0.8671191430800292,0.8400151379017996,-0.063516779233777,0.9109045723117282,0.930887972203699,0.5774462548322901,0.9775599897086011,0.9961685329996266,0.9354747104000636,0.4092637808932402,0.8938249690361171,0.9640491607168276,0.9482992758031399,0.8330577104287247,0.8288677516424685,0.9589975374802501,0.9662763283154961,0.9901037582862758,0.96816942959511,0.9850850330533681,0.9167239672854683,0.9526435873303665,0.9886363726069148,0.9752267799057167,0.9694543480732678,0.813471549789719,0.8734876201817409,0.8986510817923664,0.8927020107021253
[US] S&P500,0.8821676691122315,-0.5179112868838528,0.8677158119556757,0.7337699067878525,0.8737887706357552,0.8909978485847486,0.8074605482152886,0.8616716887054043,0.7662983497371418,0.8852929519749873,0.739905246701681,0.1639260226580727,-0.29388222584540946,0.6111466934127883,-0.6895186245196007,0.8584394012176294,0.8276713810380075,0.918877096448096,-0.362888475865539,0.8320880065409577,0.9745393914621674,0.4213726268727415,0.9857681464057967,0.980056840729695,0.9864277633078911,0.9893172262303488,0.9546343650838109,0.9935190170663428,0.9999960645874655,1.0,0.9183764603776191,0.9186296417048628,0.9997492227256309,0.9983174925803425,0.9963597076788907,0.962123365293381,0.8885798509429702,0.9609440609865889,0.8567742183810874,0.9828837055512308,0.7684617186741352,0.8681739919821854,0.1352632869347445,0.882907980560646,0.8671252441762377,0.8400402482812942,-0.0637289298347963,0.9108652254858011,0.9307976565863975,0.577562676542235,0.9775038304273493,0.9961034596568435,0.9353993313943535,0.40922777882440553,0.8938964354990392,0.9640649064685374,0.9483439143315806,0.8327144702161864,0.8290665192891461,0.9590399489543414,0.9663715654226095,0.9901481602088652,0.968246916510196,0.9852040767474415,0.9166958787245116,0.9526670725139977,0.9886684857684328,0.975258526513598,0.969429698628136,0.8136181661165544,0.8736024940590279,0.898602122635528,0.8927200149442063
[IDX] 러셀 2000,0.9748456937322724,-0.35787958508829826,0.9725560644050525,0.5284829457637443,0.8087022252634852,0.9780292857739242,0.9539936959869157,0.9703197435358277,0.9118618098917215,0.7133167240444795,0.48998560730967206,-0.0892791402533669,-0.5712645900518534,0.8466191519827162,-0.4189718430354643,0.9560053800172801,0.9586925625337449,0.9497030721913232,-0.6178227604301868,0.9595187627148012,0.9077642489402431,0.10419165651238076,0.8903783851477655,0.9609429615053564,0.9093437012867491,0.9395726821180737,0.8241974254559642,0.9473821181910409,0.9182183935965984,0.9183764603776191,1.0,0.9999950273853399,0.9257149563290131,0.9222420786618788,0.9297145221966879,0.9527465429986958,0.9756485656157312,0.7857377740390171,0.971648219958444,0.8582497398066412,0.935575810996831,0.9702333669264136,0.15077105115678127,0.9792618274062475,0.9743298076968656,0.9545350822605118,-0.43052635787740323,0.9752998179426003,0.7168618877331223,0.660370366185277,0.8219007400439298,0.9267404819206404,0.9797056045944378,0.0459429280845474,0.8390068361699742,0.8132063910878142,0.9721703361392069,0.8603372960723044,0.9589092738575167,0.9804255581904725,0.8202786405523647,0.9384175254353403,0.9574258376424892,0.9386634077566021,0.9814250426494936,0.9701479614974541,0.9379169431800009,0.8610250212806314,0.9647057525599568,0.9129144974819139,0.9474079869010888,0.9766456786417749,0.9823481909748176
[US] 러셀,0.9747412098989495,-0.35795925219051655,0.972397587963529,0.5292452299031397,0.8091588296610033,0.9778620457298204,0.9537128829219309,0.9701621412816966,0.9114500697456761,0.7139347114720499,0.4907890669840521,-0.08841242928869927,-0.5705030182414366,0.8460969794444396,-0.41945561417795474,0.9557389353998017,0.9584728556665197,0.9498512873275616,-0.6169744890301807,0.9593147492978961,0.9080856221971833,0.10502665277963097,0.8907541463322314,0.9611131941698143,0.9096535145260234,0.9398159232542516,0.8246845677095314,0.9476079778639903,0.9184682663131514,0.9186296417048628,0.9999950273853399,1.0,0.9259649175010575,0.922459569535422,0.9299093817550198,0.9527817782696177,0.975488150015625,0.7861316438306304,0.9714480077650365,0.8586430020037733,0.9352500663360225,0.9700574340492242,0.15021576995597508,0.9791235543869347,0.9741668876848736,0.9542880791014724,-0.42995639469513247,0.9751600646397807,0.7172741996750306,0.6601164118001991,0.8222372046881593,0.9269559806663284,0.9796424575002067,0.04682534086422103,0.8393264700700828,0.8136643140690495,0.9723121503152743,0.8600645406135096,0.9587989700221828,0.9804637994981403,0.8207331089427267,0.9385850794212799,0.9576060257406056,0.9389102101424207,0.9813708455899586,0.9702245131812995,0.9381515002362245,0.8614059089186245,0.9647843701247167,0.9126470566806145,0.9472531807363241,0.9765101341714442,0.9821821016814976
[US] 미국 전체,0.8899279971890016,-0.510644128778807,0.8757509209482945,0.7325054209730518,0.8784418323549602,0.8969463131576194,0.8162995798027803,0.8697668381165594,0.7731626360816115,0.8847528135299457,0.7362075006833269,0.1604859955001007,-0.30206196429799637,0.6222751774812346,-0.678039400381006,0.8644383696893218,0.8364646821182086,0.9261345581765129,-0.3698968786007603,0.8402737260850247,0.976974150155394,0.4096032292085109,0.9861089145390785,0.9829402228931421,0.9869182123540255,0.9906285236868863,0.9546588960692172,0.9956119453356214,0.9997317820755544,0.9997492227256309,0.9257149563290131,0.9259649175010575,1.0,0.9980546189752177,0.9965135392741382,0.9638042655436965,0.894529037604322,0.9552954619234848,0.8645480148857748,0.9817283190342431,0.7782918997179555,0.8748556416855143,0.12657212829961284,0.8902794955573827,0.8748324252837176,0.8458578112334018,-0.08186029979901423,0.915712109588798,0.9231890494643171,0.5780023614747888,0.9729959513553519,0.9966140131703191,0.9396827892147074,0.39674623669460624,0.8976668972714998,0.9622223905308515,0.9542221537486393,0.8319009633029457,0.839280274592924,0.9636748792807323,0.9647362797221852,0.9908694148192615,0.9725005512590206,0.9876195275896402,0.9235708926169252,0.9576637748360752,0.9908660928634838,0.9754757629646764,0.9731390065086678,0.8188368938192111,0.8791371979554843,0.9041604097669875,0.8999162647277824
[IDX] NASDAQ,0.8956137045691167,-0.4815329315269979,0.881544396396122,0.7191607638562404,0.873592541674204,0.9048912551223,0.8255508419687307,0.8769235280874704,0.7883266319921537,0.8744716775172809,0.7189870420144208,0.13338428991670148,-0.32047351354293746,0.6358156710664639,-0.6653597379813897,0.8756018386590991,0.8449406289921697,0.9227413969511276,-0.38356475572324145,0.8500423627589108,0.9720437959704116,0.3970595474765942,0.9790869797072173,0.9786953013917837,0.9815418573725181,0.9871607187916074,0.9443910206520715,0.9903725936563479,0.9983538440124824,0.9983174925803425,0.9222420786618788,0.922459569535422,0.9980546189752177,1.0,0.9992904126445303,0.9739941501005036,0.9030374428594993,0.954758131435773,0.8705936436101219,0.9779515664652615,0.7882454602567578,0.8830122382278096,0.15933136639227008,0.8940092098767564,0.8804122109290905,0.8526621789588961,-0.08494689237909878,0.9248771404179259,0.9233906351776711,0.5804582999032397,0.974686301107195,0.9970551099582032,0.9465037813815768,0.3845501871002044,0.9013166703128861,0.95354104403682,0.9468736437313131,0.8458779431701301,0.838787410298693,0.9576195165366166,0.9543748265921825,0.9863105482443215,0.9694848036196294,0.9822646878460297,0.9261292865741921,0.9598636967857828,0.98721475270685,0.9673582166297796,0.9748858322589736,0.821274635969354,0.8816733573213996,0.9125796814195498,0.9024929177636727
[US] 나스닥,0.9091698572901729,-0.4604426333590622,0.8955020708562706,0.7083815770940921,0.8760757723606993,0.9168142692005099,0.8423565481264563,0.8918924868465904,0.8057460836703,0.8681868430087959,0.7046917847563106,0.11787652449301296,-0.34003657500377477,0.6578231842306308,-0.6439175646081812,0.8894273910817033,0.8616073319704362,0.931945435809198,-0.4020438766184933,0.8662752402708174,0.9726719057521805,0.3706846238577585,0.9754903221709048,0.9797774957330793,0.9793036967738131,0.9872179594324707,0.9381806346259147,0.9902181851072329,0.9964250432636433,0.9963597076788907,0.9297145221966879,0.9299093817550198,0.9965135392741382,0.9992904126445303,1.0,0.9801108603387276,0.9155865310070093,0.9451210852238089,0.8850622220683507,0.9736041932596998,0.8069184218117063,0.8958922711692737,0.16444369012995325,0.9066604235656069,0.8943956859917616,0.8633514545109598,-0.11332521817465359,0.934401105588819,0.9115443429890239,0.5800888164371079,0.9672631991154071,0.9979989931818555,0.9556511471127337,0.35938372961748244,0.9044269238122942,0.9461392489970993,0.9519126426385971,0.8521684829821969,0.8519660637920232,0.9615324364262955,0.9467003160477593,0.9849662070805734,0.9733546396508693,0.9822276579279314,0.936402857816217,0.9671710298480279,0.9880508148005714,0.9633869064824544,0.9805048451828459,0.830786472248446,0.8909208017744108,0.9240031555675011,0.9143191123777915
[US] 나스닥 레버리지,0.9533120663148742,-0.34593477667092815,0.9440814716214743,0.5835446947238712,0.8265292916817141,0.9678158961951931,0.9172304480237693,0.9459145877838236,0.8991465782624266,0.7708349766565707,0.562484906584625,-0.055843792627116993,-0.4984338491715583,0.7766291144715868,-0.5250156487670845,0.9513557459683658,0.9273274144548745,0.9293130882652302,-0.5419483472000188,0.9342711899949872,0.9301638747611327,0.23068894533622378,0.9200769321174519,0.962652306837857,0.934646254915033,0.9601561547012992,0.8589181712710258,0.9608179270978123,0.9622495547691606,0.962123365293381,0.9527465429986958,0.9527817782696177,0.9638042655436965,0.9739941501005036,0.9801108603387276,1.0,0.9670608794042933,0.8792396366673758,0.9395976200947415,0.9135237936024074,0.8898914301910813,0.9511020409785994,0.270925464793702,0.9482690984377131,0.9447579775751107,0.9228887416919672,-0.25237845923088537,0.9786031881746112,0.8348678912737822,0.6403647524610205,0.9127777982252906,0.9715737245746688,0.987166429434667,0.1928076989884953,0.8797462132421884,0.8661752488217211,0.941511067743282,0.9060104150110014,0.8935539727518126,0.9556925704333454,0.8654946457384628,0.9570618755139104,0.9572747437240298,0.9487852385311215,0.9615818342710298,0.9735949989402745,0.9578177589294528,0.8970474738109463,0.978856744674676,0.8712572648090701,0.918783878764558,0.9723287731646555,0.9506517212287849
[US] 미국 반도체,0.9883255084290973,-0.25182281028290515,0.9897976178554558,0.4527967421153302,0.7711671123309828,0.9980562238901773,0.9852117283289437,0.990340946394989,0.9642079633698717,0.6487890784615304,0.3962928771966907,-0.194024359997968,-0.6481327338304997,0.904019357029319,-0.3375816211972551,0.9912477897492274,0.9858742390197203,0.9292755423113082,-0.689672253066854,0.9900247697011414,0.8688018545064267,0.005702317568077273,0.8421636778850403,0.926684177139588,0.8702834699023274,0.9086013638475949,0.7614038541259766,0.9079676642585851,0.8886663799183439,0.8885798509429702,0.9756485656157312,0.975488150015625,0.894529037604322,0.9030374428594993,0.9155865310070093,0.9670608794042933,1.0,0.750870702026368,0.9939875178259229,0.8198308196674988,0.972105146133213,0.9957374919110002,0.2574099841864069,0.9918180162527687,0.9935278321607541,0.9762232389451431,-0.48003263861522255,0.9929116767459502,0.6812837231728214,0.6465218734198039,0.7922647840547532,0.9075904687685737,0.9932093026510881,-0.0431976301332155,0.8157896001267944,0.7540190299315344,0.9360494847227273,0.8986091230118576,0.9578462852414432,0.9494781180064983,0.7587966698624035,0.9038603791908904,0.9318286707503235,0.9010340134921534,0.9804805549223656,0.9640383638949547,0.9055758378473938,0.8085291639196671,0.9563197126886133,0.9330846421792898,0.9600683288851277,0.9978198013589495,0.9891475427161884
[US] 엔비디아,0.7286447150535703,-0.6166678002466717,0.7086400371293701,0.7564360744631543,0.7910857760328711,0.751278658783723,0.634995754525265,0.7009711600413269,0.6080927952900675,0.8778835232637401,0.794398771680334,0.2527990485627677,-0.1356296994566932,0.4075289812859621,-0.8319394646597498,0.7162317740053605,0.6572061011559872,0.7882435089494818,-0.2095374687758945,0.6663169687378457,0.9068669379062694,0.6053475989499119,0.9477000440935901,0.9038670712005241,0.9397742153651585,0.9281790760359718,0.9330935893798786,0.9286530587317064,0.9609447553215679,0.9609440609865889,0.7857377740390171,0.7861316438306304,0.9552954619234848,0.954758131435773,0.9451210852238089,0.8792396366673758,0.750870702026368,1.0,0.6989313734207092,0.9641805898457864,0.5821292720415268,0.7227342803552864,0.17669180713873914,0.7344318512919616,0.7121879888179712,0.700969350178551,0.19612368608721234,0.7860548657515365,0.9883551958695665,0.5426878265376458,0.9925767349190878,0.9443874094589768,0.8217480070400821,0.5907744589390466,0.8067742073346104,0.9596933200010727,0.8327881477088894,0.7715301113664933,0.6549142887432347,0.8599259154995906,0.9637696605456983,0.9383728648981124,0.8710154655726441,0.916973467861273,0.7761409707573395,0.8391152252047518,0.9187130530072772,0.9438806525352905,0.87218312201038,0.6901778428230935,0.7458386989100139,0.7664548595416545,0.7460279767329114
[US] 마이크론,0.9898905919062179,-0.21834833003610826,0.9960543446986581,0.44402649145366907,0.7744453352879084,0.9899880637653576,0.9908636350348501,0.9926716095940691,0.9573486103065346,0.6268282267309006,0.3683072226845829,-0.19004367305965075,-0.653777055317718,0.9243752201631054,-0.26095198238677564,0.9850280987563963,0.9912033710442778,0.9322611363387591,-0.6981394758059477,0.9922562238383642,0.8514453766153983,-0.071552341591871,0.817220469538485,0.9067845698665042,0.8471415545730464,0.8849371795738897,0.7389402219098778,0.8851916670888675,0.8568189089788749,0.8567742183810874,0.971648219958444,0.9714480077650365,0.8645480148857748,0.8705936436101219,0.8850622220683507,0.9395976200947415,0.9939875178259229,0.6989313734207092,1.0,0.7914446508399263,0.9839538700708867,0.996124155206248,0.18777933760050697,0.99699261820139,0.9990133593435738,0.9723583910330776,-0.5533748510589892,0.980245554120045,0.6208525846374049,0.5983902323766256,0.7427732428584531,0.8800941107317733,0.9798758555701172,-0.10259703880570013,0.8039761301111172,0.7220938773559553,0.9330148640184508,0.8568449625507055,0.9779120223127151,0.9387917369619478,0.7291058084062333,0.8769403603320733,0.9243110404445622,0.8854909325562903,0.9806566445667639,0.9575195649627434,0.8871241480114966,0.7850089942055297,0.9440852806837134,0.9407681534708262,0.9669664509796211,0.9889799506989924,0.9926224051503989
[US] 브로드컴,0.8253257565187285,-0.5324136578108207,0.8112785847694134,0.8383058012197123,0.9170610619347365,0.8170346540973175,0.7268243517755631,0.7974792442289101,0.6612915301447634,0.9410332512507688,0.8316530095423346,0.3177857110908411,-0.13851729866423557,0.5056839927535036,-0.7006783972889862,0.7826319122352826,0.7551464436439749,0.8998439197206985,-0.21824343030035456,0.756370152983831,0.9764026527128441,0.471607893955019,0.9883313866583969,0.9484792522095341,0.9792128465194448,0.9669375579683592,0.9842354557494865,0.9711963809411677,0.9828127791774283,0.9828837055512308,0.8582497398066412,0.8586430020037733,0.9817283190342431,0.9779515664652615,0.9736041932596998,0.9135237936024074,0.8198308196674988,0.9641805898457864,0.7914446508399263,1.0,0.6856994431943134,0.8021716871275026,0.00017840514910028507,0.8278646581838565,0.8068229426249657,0.7557932514786877,0.019476120120261904,0.8432515660484993,0.9382226821649163,0.43966211809756073,0.9731981150486833,0.9796181857752035,0.8781470919674602,0.5161795030157043,0.9101212266311349,0.9869404738214975,0.9185850256184421,0.7285380987189706,0.7818709180105425,0.9148023589131257,0.9891931661736345,0.9607994611370002,0.9540944705081027,0.9766072422761034,0.8711832182597793,0.9250198340008366,0.9768181324913846,0.9924026514388418,0.9418338519117357,0.7537204188275143,0.8300550200587444,0.8299945700326347,0.8386251429883486
[US] 인텔,0.9707889070384441,-0.07724682271211428,0.9795834497085618,0.3156349859376879,0.7015576305359519,0.9644938207924202,0.9940934353402177,0.9811365725075438,0.9716318041207355,0.5190615110276696,0.23957419779265585,-0.29713527292107594,-0.729161844201721,0.966235230636177,-0.12612266251243823,0.9702550497499163,0.9905756677138804,0.8862749065646904,-0.7470441758098587,0.990044653070858,0.7686581622938289,-0.1829181808002776,0.7164326998402313,0.8319038665387255,0.7500381848169526,0.7988282715531886,0.628886513801519,0.8058839902857774,0.768557347299605,0.7684617186741352,0.935575810996831,0.9352500663360225,0.7782918997179555,0.7882454602567578,0.8069184218117063,0.8898914301910813,0.972105146133213,0.5821292720415268,0.9839538700708867,0.6856994431943134,1.0,0.9759105433752028,0.21985337357546025,0.9697808560305043,0.9798598540229253,0.9515704274323262,-0.657184241088964,0.9529417563599564,0.49876375546058455,0.592127009518888,0.6377158312327814,0.7985723908255196,0.9403101451482706,-0.2389904345182154,0.7498011910114073,0.6094334154228023,0.8741518182891813,0.826012638266806,0.9621204776248814,0.8780035531462436,0.6129677325339177,0.7913841288680435,0.8559721540821875,0.8009893561699643,0.9481798006780566,0.9064004170404601,0.8075846318115273,0.6837450585749008,0.8849871666983954,0.8976217752112768,0.9193737136222404,0.9637769590525428,0.9603632448198611
[US] AMD,0.9852169353699144,-0.23341782151387466,0.9912618781230126,0.4474001020861285,0.7673890055763601,0.9935971968878434,0.9876431241028554,0.9867118200191493,0.9591611557740317,0.6248600614685625,0.3676528517478267,-0.21009989214982924,-0.6621708806229183,0.9183673762130069,-0.28240779083760625,0.9884058508186765,0.9845192022767945,0.9213353594625983,-0.7057557329645584,0.9882606850504867,0.8505570667557514,-0.04803603073539638,0.8233779273535403,0.9127520149220815,0.8541405345371431,0.8919079093176401,0.7432253882125794,0.8897984567125331,0.8681359439292684,0.8681739919821854,0.9702333669264136,0.9700574340492242,0.8748556416855143,0.8830122382278096,0.8958922711692737,0.9511020409785994,0.9957374919110002,0.7227342803552864,0.996124155206248,0.8021716871275026,0.9759105433752028,1.0,0.22365015063297572,0.994192276304309,0.9956842067792383,0.9805566777969741,-0.5217296464316034,0.9870208955507499,0.6463772568771798,0.6189543114772864,0.7636946003661313,0.8875187942482811,0.984725051939113,-0.08548947342089541,0.8044925820691645,0.7292277658207701,0.9261341517196019,0.8760079107618657,0.9702476792259471,0.9381876968761073,0.7375732410249678,0.887151746864436,0.9245677427233052,0.890119118192596,0.9762239734535588,0.9582019466275726,0.8910676149388508,0.788183854906927,0.9471294540631724,0.9492448700791393,0.9717234385582156,0.9930880955966105,0.9902046403251217
[US] 퀄컴,0.14575931672411027,-0.08967891871421062,0.13901674882177206,-0.4538276784113182,-0.2822899635781399,0.2537434163487844,0.24045758309284346,0.17739747301234188,0.4161943660205217,-0.2347630983017463,-0.3558917533927785,-0.7044260131292699,-0.6100384787680557,0.3038573330753001,-0.23060116400773598,0.2964202195198442,0.1975552566341587,-0.042330302030502066,-0.5840187687837748,0.22909483350425144,-0.03386852663643689,0.027701962409954508,0.006724580331134755,0.1216445232654227,0.04681554960566697,0.11783270965661885,-0.12325051775034299,0.09099659433597497,0.13595683375268078,0.1352632869347445,0.15077105115678127,0.15021576995597508,0.12657212829961284,0.15933136639227008,0.16444369012995325,0.270925464793702,0.2574099841864069,0.17669180713873914,0.18777933760050697,0.00017840514910028507,0.21985337357546025,0.22365015063297572,1.0,0.14858105905502914,0.16978893871179238,0.31109607436927855,0.02446224894106009,0.26424138655039153,0.19093963012302373,0.6991991167047027,0.17590229275027125,0.12646283181535997,0.23947927157977406,-0.21697455128811002,-0.12934972829102354,-0.04377328014141518,0.017319931612615018,0.6029953651826617,0.0177187891275292,0.12342163146821652,-0.0480191498298581,0.15874337649429435,0.00416534487801594,0.013429433857919768,0.09166587358808172,0.06857876006146982,0.04240462697010006,-0.05697118406429124,0.09636511217563005,0.20873213503596358,0.1223217821739172,0.28305069745370853,0.14572727159309112
[US] 시게이트,0.9904596941138336,-0.26205224798759097,0.9955161349573491,0.502141608524269,0.8077871419078518,0.9880796355568758,0.9806419462023782,0.9896944276576896,0.9374495765667286,0.6721452555151812,0.4256713628772466,-0.13124471873212498,-0.6073349877117544,0.8974344088106299,-0.30369467062845795,0.9784686698058577,0.9835262503525611,0.9481423270034179,-0.658483262953224,0.9840085993364692,0.8808324734745492,-0.02563221562454324,0.8507222387307433,0.9280409474845915,0.8770139843133069,0.9096498478943537,0.780381525751155,0.9094587769470689,0.8828694835696789,0.882907980560646,0.9792618274062475,0.9791235543869347,0.8902794955573827,0.8940092098767564,0.9066604235656069,0.9482690984377131,0.9918180162527687,0.7344318512919616,0.99699261820139,0.8278646581838565,0.9697808560305043,0.994192276304309,0.14858105905502914,1.0,0.9985667664949898,0.9667226467900926,-0.514509824032953,0.9803439221353223,0.6581274683405598,0.5836462237829806,0.7745231839062376,0.903952448559854,0.9845736437755861,-0.045254411080382057,0.8298656700404415,0.7622999880429433,0.9504468739471769,0.8473589084714802,0.9804756484744094,0.9538631298600724,0.7703307020741671,0.9008279300578426,0.9461947154109067,0.9128330311815785,0.9872915990400011,0.9720551930512711,0.9125078341445753,0.8218004356244214,0.9603687880936292,0.9432500553453087,0.9747122486874715,0.9875823166784444,0.9968448872490745
[US] 웨스턴디지털,0.9920425745140824,-0.22520901027656756,0.9973761692814551,0.4698336109515287,0.7930680519185574,0.9892159334668588,0.9881158114831331,0.9933700558632138,0.9505908741692266,0.6488442754925935,0.3951612758298655,-0.165283649434403,-0.6331854984661527,0.9136827238453973,-0.27503048514195155,0.9830226191184934,0.989718786577641,0.9414189207197341,-0.6766852839769396,0.9902579076858727,0.8649593239139652,-0.04940993661381088,0.8303870791941422,0.9152691271236374,0.8572325883367548,0.8941290810779006,0.7565234486320691,0.8948549848979162,0.8671191430800292,0.8671252441762377,0.9743298076968656,0.9741668876848736,0.8748324252837176,0.8804122109290905,0.8943956859917616,0.9447579775751107,0.9935278321607541,0.7121879888179712,0.9990133593435738,0.8068229426249657,0.9798598540229253,0.9956842067792383,0.16978893871179238,0.9985667664949898,1.0,0.9662800392517154,-0.5383530479270896,0.980776755192198,0.6349174276118031,0.5897814566755076,0.7553344520128943,0.8905493242667447,0.9819778839803859,-0.07712468724011752,0.8209168566754084,0.7386406133689579,0.9398874978989813,0.8498125021372164,0.9803069853112701,0.9430621240146506,0.7451137306945774,0.8841499532241798,0.9337914049110511,0.8958234837895612,0.9845039299271875,0.9648740598915254,0.8973901458118085,0.8004852214992317,0.9516175259754611,0.9350210844981549,0.9659700324829176,0.9886402731349775,0.9940270409966316
[US] 애플,0.9479696070394227,-0.2995408995599947,0.9572079587187777,0.3616869782577313,0.6737579925408607,0.9783819043362915,0.9669043323384023,0.9531155440547524,0.9555337493810965,0.5405030478071164,0.28033692352471945,-0.2974289175850361,-0.7227702767046876,0.9196328900751536,-0.29328238402112955,0.9724746298494531,0.9539959528333407,0.8600999836446523,-0.7803377962749114,0.9632221292110357,0.7977931889363202,-0.07932558978504688,0.7874969742639119,0.8901410029496056,0.829464759787734,0.869710380152947,0.6884848971034403,0.8604452571431208,0.8400151379017996,0.8400402482812942,0.9545350822605118,0.9542880791014724,0.8458578112334018,0.8526621789588961,0.8633514545109598,0.9228887416919672,0.9762232389451431,0.700969350178551,0.9723583910330776,0.7557932514786877,0.9515704274323262,0.9805566777969741,0.31109607436927855,0.9667226467900926,0.9662800392517154,1.0,-0.5198483068610509,0.9712012507468285,0.6266837877990842,0.6903754863986803,0.7396652231082084,0.8484932220397683,0.9629803658154057,-0.13708720331649757,0.724736019265065,0.6862433910110968,0.8955431868171263,0.9081541663387229,0.9347353683624452,0.9210911306427819,0.6960551105320143,0.8760516690542479,0.8831696181024076,0.8555121397004884,0.9396567302646139,0.9155074673267304,0.8546233882786749,0.7388661672648819,0.9079675419312224,0.9670258569028204,0.9664219026585654,0.9768422959180317,0.9683474829700492
[US] 마이크로소프트,-0.4878095514761185,-0.3649255705347353,-0.5384161276309685,0.23801517678036754,-0.16305185050688858,-0.4612143032201421,-0.5927678634177822,-0.5204202919458761,-0.5600829504100553,0.1533635582308466,0.3959688324848878,0.5061076268132179,0.7006050114270496,-0.7648365581104581,-0.6055586382948512,-0.4861504052305069,-0.5651580776469096,-0.3528958130553587,0.6821615357560354,-0.5561130158583388,-0.11269907964868468,0.7930078255017773,-0.026739480596432295,-0.19442090424620512,-0.07463838555228643,-0.13474696257696084,0.05583938064458687,-0.14491601637023552,-0.063516779233777,-0.0637289298347963,-0.43052635787740323,-0.42995639469513247,-0.08186029979901423,-0.08494689237909878,-0.11332521817465359,-0.25237845923088537,-0.48003263861522255,0.19612368608721234,-0.5533748510589892,0.019476120120261904,-0.657184241088964,-0.5217296464316034,0.02446224894106009,-0.514509824032953,-0.5383530479270896,-0.5198483068610509,1.0,-0.4221682158399206,0.311963639577029,-0.17542661891352598,0.13433311052101343,-0.10864718719076571,-0.38161489279082117,0.8153178124043382,-0.17195297462212597,0.10748054517508776,-0.327881587712253,-0.2447593981034958,-0.5944975888512567,-0.29852635287034446,0.09959026166222015,-0.12237469282707375,-0.27027105974733234,-0.16798886855756856,-0.441451585144968,-0.3422147183165506,-0.1598064857477369,0.0043629054326289165,-0.282046462343018,-0.5027564483881655,-0.47340172806545516,-0.4440943602199283,-0.48122722624913417
[US] 구글,0.9811696504010339,-0.2854864523328539,0.9795333442281502,0.4827487016271911,0.7820466190747595,0.9944657392679781,0.971993040981268,0.9807175786488471,0.953920541918917,0.674579864962623,0.4334337478440268,-0.1826393407484888,-0.6264804214168043,0.8781687784210372,-0.3884858393145035,0.9852237692435306,0.972515367847261,0.9253447760327078,-0.6639963363727138,0.9786747057211173,0.8841950519774626,0.06865566463037884,0.8646002002490634,0.9419620532113299,0.8899703957735039,0.9248346189421315,0.7871780543387417,0.9252977938702516,0.9109045723117282,0.9108652254858011,0.9752998179426003,0.9751600646397807,0.915712109588798,0.9248771404179259,0.934401105588819,0.9786031881746112,0.9929116767459502,0.7860548657515365,0.980245554120045,0.8432515660484993,0.9529417563599564,0.9870208955507499,0.26424138655039153,0.9803439221353223,0.980776755192198,0.9712012507468285,-0.4221682158399206,1.0,0.7276067442792589,0.6671598977696569,0.8290966095402615,0.922665596024827,0.9935431536911395,0.015859633350095426,0.8360108812163839,0.7853984722853721,0.9423102990762617,0.9062562090335049,0.9466678759547489,0.9556083472263818,0.7869744953840188,0.9219018253246389,0.9406763451359079,0.9167549462343945,0.9798639995871479,0.9674757030068107,0.9204988521179542,0.8302681055131411,0.9629580108417648,0.9195349126044889,0.9521049166462521,0.9961121316650925,0.9815817928830899
[US] 아마존,0.6576383153284352,-0.6141018100454898,0.6338873250800958,0.7494050890580114,0.7526609821325777,0.684277336630506,0.5533518236492849,0.6283961305077639,0.5359832729244842,0.8681395742037821,0.8124452447837797,0.28828179370047735,-0.04967307147449227,0.30738274048651537,-0.8692994084090413,0.6451958369184183,0.5801436269818432,0.7283295877824508,-0.11527885678971439,0.5906916986747912,0.8705828179928791,0.6785159973111461,0.9174235913337397,0.8571221428849591,0.9060089201383208,0.8878269435686412,0.9096163574718554,0.8912628872578153,0.930887972203699,0.9307976565863975,0.7168618877331223,0.7172741996750306,0.9231890494643171,0.9233906351776711,0.9115443429890239,0.8348678912737822,0.6812837231728214,0.9883551958695665,0.6208525846374049,0.9382226821649163,0.49876375546058455,0.6463772568771798,0.19093963012302373,0.6581274683405598,0.6349174276118031,0.6266837877990842,0.311963639577029,0.7276067442792589,1.0,0.5102987883456555,0.9835353010574664,0.9097892792436625,0.7614205533260335,0.6751313524466913,0.7811155487729237,0.9468286880624389,0.7800733137664011,0.7286215560490926,0.569994022368341,0.808830400128207,0.9477954380668921,0.901900232138251,0.8209692500987059,0.8752124740643604,0.7144174365776522,0.782691951494539,0.8804300700664985,0.9196000189224903,0.8226678216515125,0.6094780051201317,0.6722175474970181,0.6995859556794964,0.672638346034579
[US] 제타,0.5598902208981704,-0.4334048828093385,0.5622721179803506,-0.06315234953094634,0.17897495553882967,0.6758149979416055,0.6159996348581952,0.5778048290857033,0.7063876691529121,0.18706925663224827,0.022381630971684052,-0.5557727594004054,-0.7384476447603221,0.5977086855345373,-0.49204662330721083,0.6396774464868865,0.5809927966702056,0.4299855179867318,-0.7350102697011901,0.6034212785403806,0.4301939557314179,0.18785933997475532,0.4770028250424723,0.6076456522623397,0.5089582178555009,0.5750608111149287,0.3509303572860253,0.5814328923662643,0.5774462548322901,0.577562676542235,0.660370366185277,0.6601164118001991,0.5780023614747888,0.5804582999032397,0.5800888164371079,0.6403647524610205,0.6465218734198039,0.5426878265376458,0.5983902323766256,0.43966211809756073,0.592127009518888,0.6189543114772864,0.6991991167047027,0.5836462237829806,0.5897814566755076,0.6903754863986803,-0.17542661891352598,0.6671598977696569,0.5102987883456555,1.0,0.550948583344906,0.5548545244099972,0.644218154201709,-0.09033781046349465,0.29270476245115856,0.416354858269168,0.549633570173149,0.8374613046998611,0.4987429273973656,0.6325422052446699,0.42257999374845623,0.6223712606045867,0.4930183391589355,0.5128336720647385,0.5533807277880876,0.518384162898444,0.5103649278744976,0.4172947585774845,0.5372310781487643,0.5907038092149836,0.5383308197845311,0.6550123499816123,0.5766337671790425
[US] M7 ETF,0.7746984735612692,-0.5692635697955493,0.7556783315553331,0.7528967633254993,0.8217961168314815,0.7934147602333788,0.6845472642683081,0.7496808486145946,0.6561739580639873,0.8885190942078258,0.7884097610221247,0.22963706777509926,-0.17176198813145366,0.4614537184556011,-0.7962325198000864,0.7577803706765748,0.7079926187642085,0.8266509549853344,-0.24033656566855574,0.7166967066433637,0.9324816907061163,0.5636555512066863,0.9618730015031781,0.9258754121628392,0.9557204056227305,0.9481669843736055,0.9425976506690495,0.9508977301091626,0.9775599897086011,0.9775038304273493,0.8219007400439298,0.8222372046881593,0.9729959513553519,0.974686301107195,0.9672631991154071,0.9127777982252906,0.7922647840547532,0.9925767349190878,0.7427732428584531,0.9731981150486833,0.6377158312327814,0.7636946003661313,0.17590229275027125,0.7745231839062376,0.7553344520128943,0.7396652231082084,0.13433311052101343,0.8290966095402615,0.9835353010574664,0.550948583344906,1.0,0.9641681334898483,0.8570237989056882,0.5545054388722288,0.8544227294930992,0.9686263047230237,0.8678070020364973,0.7918947348734583,0.7004024692208861,0.8855483784471833,0.967075621812888,0.9544170764904929,0.9020577670511445,0.9386720367431228,0.8216095173543168,0.8759552992846431,0.9436305722125626,0.9576950779322997,0.9038977975410285,0.7113245452445385,0.7753594008025876,0.8071388796063023,0.7855018315807366
[US] 모멘텀 ETF,0.9062405669451177,-0.46750254676356595,0.8916430332146337,0.730888355743003,0.89059607664259,0.9072138739604485,0.8338787045777334,0.8876296811273405,0.7904511582781767,0.8863626220280608,0.7289119018917816,0.1579905318794055,-0.31043520381643885,0.643322354772559,-0.6481252964270016,0.87913906029789,0.8561015792342941,0.9404385551196894,-0.37618703517115204,0.858590862088619,0.9799564191722565,0.3786653496798364,0.980499591956364,0.9788936616734943,0.9817983534461882,0.9874457888013659,0.948778905644028,0.9922157047834841,0.9961685329996266,0.9961034596568435,0.9267404819206404,0.9269559806663284,0.9966140131703191,0.9970551099582032,0.9979989931818555,0.9715737245746688,0.9075904687685737,0.9443874094589768,0.8800941107317733,0.9796181857752035,0.7985723908255196,0.8875187942482811,0.12646283181535997,0.903952448559854,0.8905493242667447,0.8484932220397683,-0.10864718719076571,0.922665596024827,0.9097892792436625,0.5548545244099972,0.9641681334898483,1.0,0.949055761570498,0.37613275746101427,0.9075945433513043,0.9544910629431907,0.9553845609282132,0.8323233067422822,0.8510609503739626,0.9622102090879433,0.9565219134890323,0.9842567829488524,0.9765844646057258,0.9858512409963848,0.9344312128653993,0.9671847842375648,0.9911385988334208,0.9730993448094938,0.9806243106337393,0.82273186040946,0.8859342988128229,0.9151456162007872,0.9114624125327979
[US] 반도체 ETF,0.9819520045204748,-0.32505744878689463,0.9788733734302559,0.5319504950896838,0.8102432081682486,0.9933326214301251,0.9612055562197361,0.9784806831436911,0.9361697953736354,0.7202033342609985,0.48881421519125984,-0.11259914739972836,-0.5752853958144294,0.8498452775812316,-0.4355970410565536,0.9800100285167115,0.9665039757264435,0.9442060552571296,-0.6248428465149181,0.9712732469155189,0.9128151025289992,0.11094484921756215,0.8960325698198749,0.9596506138240167,0.9183037069370369,0.9485274110983462,0.8253323401605351,0.9473790811717513,0.9354747104000636,0.9353993313943535,0.9797056045944378,0.9796424575002067,0.9396827892147074,0.9465037813815768,0.9556511471127337,0.987166429434667,0.9932093026510881,0.8217480070400821,0.9798758555701172,0.8781470919674602,0.9403101451482706,0.984725051939113,0.23947927157977406,0.9845736437755861,0.9819778839803859,0.9629803658154057,-0.38161489279082117,0.9935431536911395,0.7614205533260335,0.644218154201709,0.8570237989056882,0.949055761570498,1.0,0.06987297906597821,0.8499302409036803,0.8218890876966335,0.9566128790561782,0.9042205668923311,0.9433088835545883,0.970654049806214,0.8260956474461193,0.9442204592999516,0.9592244558628003,0.9401791670491078,0.9836949588241668,0.9804002185800731,0.9442682721521893,0.866044564360595,0.9790277045146935,0.924034631732074,0.9589989624681117,0.9941557471846123,0.985498155550033
[US] 소프트웨어 ETF,-0.01337650777996937,-0.5014435786277321,-0.06196406126312934,0.720459584963094,0.41454294835341843,-0.044973230335458136,-0.17458129083388974,-0.059650238867274906,-0.22051802255697311,0.6693994515122353,0.8425533651401501,0.7600058611425696,0.6650451430392812,-0.44755506237078957,-0.7858238473839761,-0.07862305940971671,-0.12348178311373065,0.18523120295642453,0.6172818552778551,-0.1246223494866379,0.4117898406860283,0.8917898251528146,0.4669278826495722,0.2824296992833161,0.40762754508878046,0.3408938253413175,0.565891005576515,0.3527099179303971,0.4092637808932402,0.40922777882440553,0.0459429280845474,0.04682534086422103,0.39674623669460624,0.3845501871002044,0.35938372961748244,0.1928076989884953,-0.0431976301332155,0.5907744589390466,-0.10259703880570013,0.5161795030157043,-0.2389904345182154,-0.08548947342089541,-0.21697455128811002,-0.045254411080382057,-0.07712468724011752,-0.13708720331649757,0.8153178124043382,0.015859633350095426,0.6751313524466913,-0.09033781046349465,0.5545054388722288,0.37613275746101427,0.06987297906597821,1.0,0.37780598738823074,0.6014117148579234,0.19715241862127653,0.012090963636063233,-0.09864765339450332,0.18199525408447548,0.5888074955872176,0.3386861752201108,0.26067726685631104,0.34795496261035547,0.06060078053788569,0.17399120300224954,0.3557283602402992,0.5221157165908505,0.22159873428144758,-0.12558503397855972,-0.027169983069480923,-0.010704297513524157,-0.012792148580279447
[US] 테슬라,0.8535619683995059,-0.22128336078087663,0.8427742059598057,0.814126559941165,0.9613909661414807,0.8069288210901588,0.7637586950846874,0.8312430052581741,0.675830231289649,0.9021190629596644,0.7662798750589015,0.3041133262523475,-0.14741066531860564,0.5754983947246858,-0.44325347265466436,0.7794143446151585,0.799238486793712,0.9225144520524686,-0.1766460910764811,0.7928300042352622,0.9408104150736125,0.3028466168189588,0.9002822391921069,0.8740279112644029,0.8860336351073157,0.8800227440740553,0.908001354648872,0.9022806610354273,0.8938249690361171,0.8938964354990392,0.8390068361699742,0.8393264700700828,0.8976668972714998,0.9013166703128861,0.9044269238122942,0.8797462132421884,0.8157896001267944,0.8067742073346104,0.8039761301111172,0.9101212266311349,0.7498011910114073,0.8044925820691645,-0.12934972829102354,0.8298656700404415,0.8209168566754084,0.724736019265065,-0.17195297462212597,0.8360108812163839,0.7811155487729237,0.29270476245115856,0.8544227294930992,0.9075945433513043,0.8499302409036803,0.37780598738823074,1.0,0.8909974769606078,0.8945336251427831,0.6129139860504095,0.8272336491568191,0.847024475745818,0.8782694161778957,0.8577353237947759,0.9296395754582246,0.9149311091647965,0.8897997344973341,0.9231650028066571,0.925611903672586,0.9204238032201957,0.9171753346005541,0.6765571485848368,0.7887928309535118,0.8216623996228688,0.8317972351538159
[US] 월마트,0.7626600586717777,-0.578331738039094,0.7456153593064797,0.8567871148322037,0.8982660848869534,0.751943445916612,0.6498276931343518,0.7317055284359156,0.5835179554961022,0.9596832620574403,0.8839894732180615,0.4019605216484071,-0.04016772838908607,0.41102684933138406,-0.7615585991874696,0.7088120178913196,0.6841208227980153,0.8620412841106834,-0.12363419284423867,0.6845981979975526,0.9608039928720613,0.5543762781602957,0.9781340841158768,0.9190540941179189,0.9610410368050306,0.9431701272191979,0.9847798104471612,0.9533934806977132,0.9640491607168276,0.9640649064685374,0.8132063910878142,0.8136643140690495,0.9622223905308515,0.95354104403682,0.9461392489970993,0.8661752488217211,0.7540190299315344,0.9596933200010727,0.7220938773559553,0.9869404738214975,0.6094334154228023,0.7292277658207701,-0.04377328014141518,0.7622999880429433,0.7386406133689579,0.6862433910110968,0.10748054517508776,0.7853984722853721,0.9468286880624389,0.416354858269168,0.9686263047230237,0.9544910629431907,0.8218890876966335,0.6014117148579234,0.8909974769606078,1.0,0.8944474799925065,0.675308306744996,0.7174622383675706,0.8829029257275773,0.9943640971149967,0.9409091169468892,0.9223058984805306,0.9537385062769876,0.8218848354228647,0.8790116792835567,0.9542307308482618,0.9897702530861519,0.899747774964292,0.6754294103785772,0.760309922857942,0.7667747071572532,0.7750120798794561
[US] 코카콜라,0.9485267735138048,-0.4230618664499017,0.9440289821371979,0.6600799319850369,0.8853111235686596,0.9372394258242958,0.8954759167497343,0.935721362447329,0.83318697096779,0.8218158970298766,0.6374428970989021,0.09638221486638555,-0.4045450230586074,0.7487786240683211,-0.49398689324802353,0.9084208447279095,0.9120959175070305,0.971545210679634,-0.4731229421862831,0.9105808456750999,0.9618345555804909,0.19584445180143092,0.9475913914567758,0.9773475496819207,0.9558564549549714,0.9699771058426853,0.9049280140351756,0.9746685378412833,0.9482992758031399,0.9483439143315806,0.9721703361392069,0.9723121503152743,0.9542221537486393,0.9468736437313131,0.9519126426385971,0.941511067743282,0.9360494847227273,0.8327881477088894,0.9330148640184508,0.9185850256184421,0.8741518182891813,0.9261341517196019,0.017319931612615018,0.9504468739471769,0.9398874978989813,0.8955431868171263,-0.327881587712253,0.9423102990762617,0.7800733137664011,0.549633570173149,0.8678070020364973,0.9553845609282132,0.9566128790561782,0.19715241862127653,0.8945336251427831,0.8944474799925065,1.0,0.7902605374314831,0.9352652233582096,0.9822809470753733,0.8940374133998786,0.9556620444753707,0.9861243686512758,0.9747739041986582,0.9750669388383503,0.9786000913575752,0.972220688668754,0.9294935341510854,0.9765389655825417,0.8653263335932503,0.9253371776348802,0.9401752035188481,0.959078222744669
[US] 일라이릴리,0.8360532420431059,-0.3794417722825533,0.833108597918134,0.2584021906998152,0.5296393791212308,0.9046257466079493,0.8527195232933605,0.8433083855219178,0.9095850987676724,0.49909675718446517,0.27424749106363155,-0.3588554624656469,-0.6971824521251517,0.7786784367333296,-0.51632476321512,0.9006486966538882,0.8395790152676454,0.7362578123061738,-0.7338007772509343,0.8563585630924957,0.7312572926280518,0.16568716615178328,0.7463973208811214,0.8387552429083864,0.7804953055318492,0.8286215046447508,0.6370010989382807,0.8232984798579546,0.8330577104287247,0.8327144702161864,0.8603372960723044,0.8600645406135096,0.8319009633029457,0.8458779431701301,0.8521684829821969,0.9060104150110014,0.8986091230118576,0.7715301113664933,0.8568449625507055,0.7285380987189706,0.826012638266806,0.8760079107618657,0.6029953651826617,0.8473589084714802,0.8498125021372164,0.9081541663387229,-0.2447593981034958,0.9062562090335049,0.7286215560490926,0.8374613046998611,0.7918947348734583,0.8323233067422822,0.9042205668923311,0.012090963636063233,0.6129139860504095,0.675308306744996,0.7902605374314831,1.0,0.7590326186393926,0.8570084546914708,0.6808438874725035,0.8555986110812233,0.7823491760674525,0.7806790045075346,0.8272308958252131,0.8169034440652881,0.7953717774754965,0.6997246597417298,0.8354090719629848,0.8402404453562542,0.8266883260743841,0.9071978170461014,0.8460405038946479
[US] 존슨 앤드 존슨,0.9757331356097104,-0.187427839550751,0.9843305353919457,0.5075560110871854,0.8213405113316685,0.9541900536078931,0.9665691455267912,0.9727246272204406,0.903739754676325,0.6536418199537772,0.4082559397918793,-0.10535560330891708,-0.5848259480758653,0.8984319255655815,-0.19122919649673878,0.9472469261445349,0.9693279465861842,0.9440374848058954,-0.6219780882567347,0.9640234903350919,0.8510159649034755,-0.08804046551787356,0.8083532327193865,0.8898771427170201,0.8297282167045543,0.860161067782646,0.751186111437337,0.8692094590771544,0.8288677516424685,0.8290665192891461,0.9589092738575167,0.9587989700221828,0.839280274592924,0.838787410298693,0.8519660637920232,0.8935539727518126,0.9578462852414432,0.6549142887432347,0.9779120223127151,0.7818709180105425,0.9621204776248814,0.9702476792259471,0.0177187891275292,0.9804756484744094,0.9803069853112701,0.9347353683624452,-0.5944975888512567,0.9466678759547489,0.569994022368341,0.4987429273973656,0.7004024692208861,0.8510609503739626,0.9433088835545883,-0.09864765339450332,0.8272336491568191,0.7174622383675706,0.9352652233582096,0.7590326186393926,1.0,0.9235204212234007,0.7256917336757367,0.8474291627030709,0.924721181285254,0.8794189056560461,0.9725554851881075,0.9504941312296359,0.8781622760816915,0.7855499803076894,0.9305399156402391,0.9129610239712138,0.9526615311742862,0.9531322707376679,0.9772816133647088
[US] 애브비,0.9488131229681211,-0.46201013479734926,0.9412806995422118,0.6122742560684922,0.8359447150920915,0.9547500737431249,0.9056325700398005,0.937247532494758,0.86239091378746,0.7897360247130716,0.5973115228559216,0.024220763640332564,-0.46585617700237336,0.7590750693276136,-0.5438964848083346,0.9275254481558379,0.9171981322588398,0.952986844359945,-0.5314717254972087,0.9172668880302612,0.9462240023164384,0.23205387962714882,0.9427176482383881,0.985247984141301,0.9548998901958261,0.9727281237423777,0.8898810711610354,0.9777700639420774,0.9589975374802501,0.9590399489543414,0.9804255581904725,0.9804637994981403,0.9636748792807323,0.9576195165366166,0.9615324364262955,0.9556925704333454,0.9494781180064983,0.8599259154995906,0.9387917369619478,0.9148023589131257,0.8780035531462436,0.9381876968761073,0.12342163146821652,0.9538631298600724,0.9430621240146506,0.9210911306427819,-0.29852635287034446,0.9556083472263818,0.808830400128207,0.6325422052446699,0.8855483784471833,0.9622102090879433,0.970654049806214,0.18199525408447548,0.847024475745818,0.8829029257275773,0.9822809470753733,0.8570084546914708,0.9235204212234007,1.0,0.8911746022582849,0.9700154418233699,0.9716102615308395,0.9684893481951007,0.9678812991244237,0.9706158386400956,0.9679001955853896,0.9175411010018137,0.9758165410610028,0.8948942019708632,0.9350073847596704,0.9535532285309093,0.9627245179589099
[US] 제이피모건,0.7678608130347513,-0.5891716592815502,0.7497138960477712,0.8596046937394738,0.8965176000876441,0.7600032549768598,0.6575438881362051,0.7356716356774367,0.5876025768218444,0.954394950589857,0.8760363341841241,0.3915315896142404,-0.05669684443691829,0.419189447994499,-0.7582456265204142,0.7158876733814442,0.689872817095597,0.8657713964710402,-0.14181537105211045,0.6894593999205747,0.9594584950400505,0.5480724971559738,0.97940400387491,0.9226929428989218,0.9652122279485109,0.9446958374536488,0.9858533997390009,0.956095364242393,0.9662763283154961,0.9663715654226095,0.8202786405523647,0.8207331089427267,0.9647362797221852,0.9543748265921825,0.9467003160477593,0.8654946457384628,0.7587966698624035,0.9637696605456983,0.7291058084062333,0.9891931661736345,0.6129677325339177,0.7375732410249678,-0.0480191498298581,0.7703307020741671,0.7451137306945774,0.6960551105320143,0.09959026166222015,0.7869744953840188,0.9477954380668921,0.42257999374845623,0.967075621812888,0.9565219134890323,0.8260956474461193,0.5888074955872176,0.8782694161778957,0.9943640971149967,0.8940374133998786,0.6808438874725035,0.7256917336757367,0.8911746022582849,1.0,0.9480434570150915,0.9241411455404602,0.9588996778071653,0.8234353317650372,0.8817673779825254,0.9568032896897222,0.9909615459211958,0.9044798192161086,0.6989234169558863,0.7763079294348376,0.7724283335643782,0.7835055381475765
[US] 뱅크 오브 아메리카,0.8913105027173409,-0.5486258789194025,0.8803867115632695,0.6829651808125475,0.8399185321039958,0.9092422919355454,0.8296365643560601,0.8735308518962037,0.7903758794135687,0.8421095406519052,0.6843522068555936,0.10704404602360974,-0.3554005935586888,0.6523276832983578,-0.6663368318267159,0.8740033781750864,0.8437214896937524,0.9135019262721188,-0.43716102262332923,0.849268425050247,0.9566212938208427,0.35906704839930015,0.9710434705057683,0.9793985431753197,0.9801949582146732,0.9872285788495535,0.927043107521956,0.9903773707037872,0.9901037582862758,0.9901481602088652,0.9384175254353403,0.9385850794212799,0.9908694148192615,0.9863105482443215,0.9849662070805734,0.9570618755139104,0.9038603791908904,0.9383728648981124,0.8769403603320733,0.9607994611370002,0.7913841288680435,0.887151746864436,0.15874337649429435,0.9008279300578426,0.8841499532241798,0.8760516690542479,-0.12237469282707375,0.9219018253246389,0.901900232138251,0.6223712606045867,0.9544170764904929,0.9842567829488524,0.9442204592999516,0.3386861752201108,0.8577353237947759,0.9409091169468892,0.9556620444753707,0.8555986110812233,0.8474291627030709,0.9700154418233699,0.9480434570150915,1.0,0.9661545137110362,0.9825023681141287,0.9230451206386554,0.9506565487650118,0.981390815879038,0.9550309935770808,0.9662532896839402,0.8568574875252319,0.9009836344620902,0.9137711622267444,0.9112104771640325
[US] 모건스탠리,0.9451568831182143,-0.4055021048211079,0.9394242896820236,0.7290219952814578,0.9253205127427232,0.9310260316443532,0.8813551442454287,0.9282416076015877,0.8124994119998056,0.8653045566729427,0.6879163930933136,0.1515064643464981,-0.34556869220364633,0.7185979708897159,-0.5080489525802141,0.9036190956934391,0.9007658956135276,0.9766938480025635,-0.41585931560121153,0.9000886367251368,0.9815012718123084,0.2294583830471591,0.9669236059942886,0.9788017771524461,0.9722791178877651,0.9790186630068511,0.9360126874116222,0.9827184358571064,0.96816942959511,0.968246916510196,0.9574258376424892,0.9576060257406056,0.9725005512590206,0.9694848036196294,0.9733546396508693,0.9572747437240298,0.9318286707503235,0.8710154655726441,0.9243110404445622,0.9540944705081027,0.8559721540821875,0.9245677427233052,0.00416534487801594,0.9461947154109067,0.9337914049110511,0.8831696181024076,-0.27027105974733234,0.9406763451359079,0.8209692500987059,0.4930183391589355,0.9020577670511445,0.9765844646057258,0.9592244558628003,0.26067726685631104,0.9296395754582246,0.9223058984805306,0.9861243686512758,0.7823491760674525,0.924721181285254,0.9716102615308395,0.9241411455404602,0.9661545137110362,1.0,0.9917618115051651,0.9719551778909511,0.9908825932366205,0.9899511953929053,0.9553168075252698,0.9904336818424195,0.8661758973887224,0.9324004510356666,0.9359538396021359,0.9534542048249119
[US] 골드만삭스,0.907516848134764,-0.4895251448930308,0.8989438503845303,0.7609556257552976,0.9138144996946413,0.9022824164650809,0.833711461632137,0.8868885758471217,0.7661320669016025,0.888521193873197,0.7355351830185393,0.19517645617565904,-0.29200608207501605,0.6508288442147171,-0.6005290937616786,0.8669986231550821,0.8544256548657408,0.9511357086563117,-0.37047692790025993,0.8558045275516033,0.9844707529169291,0.32124165439735414,0.9858301942450267,0.9824159602935333,0.989432357303957,0.9886800444165871,0.9595634373007652,0.9918471790553859,0.9850850330533681,0.9852040767474415,0.9386634077566021,0.9389102101424207,0.9876195275896402,0.9822646878460297,0.9822276579279314,0.9487852385311215,0.9010340134921534,0.916973467861273,0.8854909325562903,0.9766072422761034,0.8009893561699643,0.890119118192596,0.013429433857919768,0.9128330311815785,0.8958234837895612,0.8555121397004884,-0.16798886855756856,0.9167549462343945,0.8752124740643604,0.5128336720647385,0.9386720367431228,0.9858512409963848,0.9401791670491078,0.34795496261035547,0.9149311091647965,0.9537385062769876,0.9747739041986582,0.7806790045075346,0.8794189056560461,0.9684893481951007,0.9588996778071653,0.9825023681141287,0.9917618115051651,1.0,0.9429478519698707,0.9723875612245667,0.9943950695941026,0.9754237703790432,0.9791365782725777,0.8463885712283551,0.9099809646266785,0.9082729944233805,0.9222326353714575
[US] 이즈코프,0.9923225847022211,-0.26914490852080303,0.9890272476061773,0.5805622122273464,0.8632070330189824,0.9787597699340731,0.9621778044842458,0.986691802628224,0.9120799676989876,0.752543119469516,0.5253924647957399,-0.03500099958426122,-0.521160266821783,0.8479386280533796,-0.36560362158212745,0.9654489041451448,0.9747001821666649,0.9764828676617129,-0.5668140922694099,0.973012541154175,0.9282547822449626,0.07020769905012895,0.89459134479618,0.9508861417733059,0.9113434033457719,0.9355972415795951,0.8396156244354199,0.9422357763682564,0.9167239672854683,0.9166958787245116,0.9814250426494936,0.9813708455899586,0.9235708926169252,0.9261292865741921,0.936402857816217,0.9615818342710298,0.9804805549223656,0.7761409707573395,0.9806566445667639,0.8711832182597793,0.9481798006780566,0.9762239734535588,0.09166587358808172,0.9872915990400011,0.9845039299271875,0.9396567302646139,-0.441451585144968,0.9798639995871479,0.7144174365776522,0.5533807277880876,0.8216095173543168,0.9344312128653993,0.9836949588241668,0.06060078053788569,0.8897997344973341,0.8218848354228647,0.9750669388383503,0.8272308958252131,0.9725554851881075,0.9678812991244237,0.8234353317650372,0.9230451206386554,0.9719551778909511,0.9429478519698707,1.0,0.9888912479087804,0.9461607050151692,0.873986396889577,0.9804050946274624,0.9003826710696704,0.9531569875176158,0.9803291255699211,0.9894280350740612
[US] 이머징 마켓,0.9749500369203248,-0.3237796989260255,0.9704556583045142,0.668861776745388,0.9056803200679833,0.9629759383981199,0.9269584190827672,0.9629903901412252,0.8691720429476757,0.8194064614585861,0.6144899202904858,0.05905478041214316,-0.43201043052247373,0.7841163122920775,-0.4416713980638999,0.9433591703252314,0.9429530675611334,0.9811727653878962,-0.4863822676721384,0.9419540432325708,0.9614500451000054,0.1632197857958194,0.936450071612293,0.9687760661134852,0.9471565535526855,0.9626842899751022,0.8943813700679992,0.9680974413914272,0.9526435873303665,0.9526670725139977,0.9701479614974541,0.9702245131812995,0.9576637748360752,0.9598636967857828,0.9671710298480279,0.9735949989402745,0.9640383638949547,0.8391152252047518,0.9575195649627434,0.9250198340008366,0.9064004170404601,0.9582019466275726,0.06857876006146982,0.9720551930512711,0.9648740598915254,0.9155074673267304,-0.3422147183165506,0.9674757030068107,0.782691951494539,0.518384162898444,0.8759552992846431,0.9671847842375648,0.9804002185800731,0.17399120300224954,0.9231650028066571,0.8790116792835567,0.9786000913575752,0.8169034440652881,0.9504941312296359,0.9706158386400956,0.8817673779825254,0.9506565487650118,0.9908825932366205,0.9723875612245667,0.9888912479087804,1.0,0.9771606593661325,0.9234329442776797,0.9957681535728446,0.8868181320090648,0.9480964309238278,0.9662316475809978,0.9759516943582729
[US] 선진국 마켓,0.9134258907978938,-0.4606924924266958,0.9026751232233897,0.7574954831225112,0.917756780112674,0.9067234889310619,0.8383211671849219,0.8929990427816072,0.7782065487105035,0.8965457987466819,0.7391888914056126,0.19553963687592635,-0.29023808887433356,0.6515089948990302,-0.6022283236200392,0.8751908524132734,0.8614263369453805,0.9570527750811262,-0.3611924009199926,0.8613025330164062,0.9887527896296159,0.33731458152284677,0.984602890540185,0.9809040740864423,0.986251660367959,0.9875703524573405,0.958657373229459,0.9940818392814915,0.9886363726069148,0.9886684857684328,0.9379169431800009,0.9381515002362245,0.9908660928634838,0.98721475270685,0.9880508148005714,0.9578177589294528,0.9055758378473938,0.9187130530072772,0.8871241480114966,0.9768181324913846,0.8075846318115273,0.8910676149388508,0.04240462697010006,0.9125078341445753,0.8973901458118085,0.8546233882786749,-0.1598064857477369,0.9204988521179542,0.8804300700664985,0.5103649278744976,0.9436305722125626,0.9911385988334208,0.9442682721521893,0.3557283602402992,0.925611903672586,0.9542307308482618,0.972220688668754,0.7953717774754965,0.8781622760816915,0.9679001955853896,0.9568032896897222,0.981390815879038,0.9899511953929053,0.9943950695941026,0.9461607050151692,0.9771606593661325,1.0,0.9785772784639328,0.9855804707956292,0.8322819922276384,0.9007349311824929,0.9131507671082101,0.9221480576600254
[US] 금,0.8245606540604427,-0.5227109426656262,0.8086113975669234,0.8499447858913306,0.9306533898740498,0.8061853413853195,0.7203279441859933,0.7958008946144439,0.6465720779998655,0.9587635632355438,0.855176259876637,0.3635134490738873,-0.10796693165408916,0.49367464109444426,-0.6950439256845038,0.7683049509933817,0.7534868090540207,0.9140597438943442,-0.18530765262470483,0.7506698605015542,0.9847091533253736,0.4794215843761909,0.9887061725472407,0.9448113995191645,0.9761750414589522,0.9609171604319126,0.9905874418646561,0.9728905556853483,0.9752267799057167,0.975258526513598,0.8610250212806314,0.8614059089186245,0.9754757629646764,0.9673582166297796,0.9633869064824544,0.8970474738109463,0.8085291639196671,0.9438806525352905,0.7850089942055297,0.9924026514388418,0.6837450585749008,0.788183854906927,-0.05697118406429124,0.8218004356244214,0.8004852214992317,0.7388661672648819,0.0043629054326289165,0.8302681055131411,0.9196000189224903,0.4172947585774845,0.9576950779322997,0.9730993448094938,0.866044564360595,0.5221157165908505,0.9204238032201957,0.9897702530861519,0.9294935341510854,0.6997246597417298,0.7855499803076894,0.9175411010018137,0.9909615459211958,0.9550309935770808,0.9553168075252698,0.9754237703790432,0.873986396889577,0.9234329442776797,0.9785772784639328,1.0,0.940353127295415,0.72897201379927,0.8134987698668513,0.8195905936742777,0.834042893206783
[US] 은,0.9627969964398638,-0.36738528793713654,0.955437901404904,0.6800638861048844,0.8994567991948357,0.9564458344227829,0.9098243816797432,0.9486920290551328,0.8587855593935729,0.8364952567476812,0.6405643957379785,0.07324145493003628,-0.4131965151182679,0.7547437375818518,-0.500468439587973,0.9358852376750604,0.9264983014703978,0.9743402759929635,-0.470066366947782,0.9260364458305084,0.9697637756315997,0.22312917726618164,0.9528717495995734,0.9780204027743241,0.9621351416746521,0.9742661111462073,0.911928178439345,0.9795742584635753,0.9694543480732678,0.969429698628136,0.9647057525599568,0.9647843701247167,0.9731390065086678,0.9748858322589736,0.9805048451828459,0.978856744674676,0.9563197126886133,0.87218312201038,0.9440852806837134,0.9418338519117357,0.8849871666983954,0.9471294540631724,0.09636511217563005,0.9603687880936292,0.9516175259754611,0.9079675419312224,-0.282046462343018,0.9629580108417648,0.8226678216515125,0.5372310781487643,0.9038977975410285,0.9806243106337393,0.9790277045146935,0.22159873428144758,0.9171753346005541,0.899747774964292,0.9765389655825417,0.8354090719629848,0.9305399156402391,0.9758165410610028,0.9044798192161086,0.9662532896839402,0.9904336818424195,0.9791365782725777,0.9804050946274624,0.9957681535728446,0.9855804707956292,0.940353127295415,1.0,0.8800827727037366,0.9396577075075193,0.9606557584111752,0.9659144098529596
[US] 미국 오일 펀드,0.9015954267421034,-0.3614437012559166,0.9193021109961381,0.4213592058079036,0.6746352167632337,0.935758611030098,0.9139172838616851,0.9009611220854429,0.8805458799307189,0.5363385285624916,0.294037532718511,-0.21905306586263074,-0.6490670594234469,0.8686418609254459,-0.27057396560757274,0.9240399691156297,0.8999968108996022,0.8304678977266404,-0.7404647098213217,0.9084596163288478,0.773855788051243,-0.12402518304101892,0.7756427783341758,0.8593016925931248,0.8221930961518175,0.846988149014087,0.6881732139176422,0.8303243468260586,0.813471549789719,0.8136181661165544,0.9129144974819139,0.9126470566806145,0.8188368938192111,0.821274635969354,0.830786472248446,0.8712572648090701,0.9330846421792898,0.6901778428230935,0.9407681534708262,0.7537204188275143,0.8976217752112768,0.9492448700791393,0.20873213503596358,0.9432500553453087,0.9350210844981549,0.9670258569028204,-0.5027564483881655,0.9195349126044889,0.6094780051201317,0.5907038092149836,0.7113245452445385,0.82273186040946,0.924034631732074,-0.12558503397855972,0.6765571485848368,0.6754294103785772,0.8653263335932503,0.8402404453562542,0.9129610239712138,0.8948942019708632,0.6989234169558863,0.8568574875252319,0.8661758973887224,0.8463885712283551,0.9003826710696704,0.8868181320090648,0.8322819922276384,0.72897201379927,0.8800827727037366,1.0,0.9845829723218262,0.9291517770789318,0.941592559450155
[US] 원자재 펀드,0.9474887917993892,-0.3450186932786507,0.9590179496060812,0.5364522920597576,0.7856307322431291,0.9597788374384576,0.9363943080135223,0.9422431144806795,0.8855203104149713,0.6539323864545259,0.420363476065207,-0.1044129862903978,-0.5687778638354932,0.8572128692305412,-0.30981934246927945,0.9473204123570368,0.9337978485652795,0.9059940068292782,-0.6531500769319989,0.9385821715870135,0.8600245710779908,-0.05294881600764397,0.8495581218223944,0.9122974060021682,0.8852825899158843,0.9035594020254855,0.7800798828750507,0.8913720877908986,0.8734876201817409,0.8736024940590279,0.9474079869010888,0.9472531807363241,0.8791371979554843,0.8816733573213996,0.8909208017744108,0.918783878764558,0.9600683288851277,0.7458386989100139,0.9669664509796211,0.8300550200587444,0.9193737136222404,0.9717234385582156,0.1223217821739172,0.9747122486874715,0.9659700324829176,0.9664219026585654,-0.47340172806545516,0.9521049166462521,0.6722175474970181,0.5383308197845311,0.7753594008025876,0.8859342988128229,0.9589989624681117,-0.027169983069480923,0.7887928309535118,0.760309922857942,0.9253371776348802,0.8266883260743841,0.9526615311742862,0.9350073847596704,0.7763079294348376,0.9009836344620902,0.9324004510356666,0.9099809646266785,0.9531569875176158,0.9480964309238278,0.9007349311824929,0.8134987698668513,0.9396577075075193,0.9845829723218262,1.0,0.9576938301452292,0.9764555657018439
[IDX] 닛케이225,0.9870418485130051,-0.17781420521719365,0.9854723213995779,0.45475434994501673,0.7827306721637204,0.9990962354313402,0.981888790954375,0.9872151052130481,0.9642232741327026,0.6771077191038866,0.43047094608379977,-0.17922955382392014,-0.6386756092349375,0.8989306029835897,-0.34995324142575934,0.9910390970670574,0.9819052742138885,0.9325826051720594,-0.6682846844176182,0.9871284104059361,0.8795834913545716,0.07590526928182868,0.8541022366455712,0.9360987622963,0.8803246420584547,0.9164645159507074,0.7752556169841842,0.9165089395807146,0.8986510817923664,0.898602122635528,0.9766456786417749,0.9765101341714442,0.9041604097669875,0.9125796814195498,0.9240031555675011,0.9723287731646555,0.9978198013589495,0.7664548595416545,0.9889799506989924,0.8299945700326347,0.9637769590525428,0.9930880955966105,0.28305069745370853,0.9875823166784444,0.9886402731349775,0.9768422959180317,-0.4440943602199283,0.9961121316650925,0.6995859556794964,0.6550123499816123,0.8071388796063023,0.9151456162007872,0.9941557471846123,-0.010704297513524157,0.8216623996228688,0.7667747071572532,0.9401752035188481,0.9071978170461014,0.9531322707376679,0.9535532285309093,0.7724283335643782,0.9137711622267444,0.9359538396021359,0.9082729944233805,0.9803291255699211,0.9662316475809978,0.9131507671082101,0.8195905936742777,0.9606557584111752,0.9291517770789318,0.9576938301452292,1.0,0.987019683901137
[KR] 코스피200롱150숏선물,0.9890914796276353,-0.25349846383535724,0.9931901232432674,0.5085981904308974,0.8201291699828647,0.9875489681632685,0.9757773874217817,0.98665890109089,0.9319390886654868,0.6987787660155955,0.46044820574908946,-0.10533135374127635,-0.5889929926627364,0.886613966099277,-0.32800047500264007,0.9769949429511552,0.9779949784087358,0.9538252320236223,-0.6414880591986302,0.9789072882610366,0.8990287330701872,0.01817726032007907,0.8707083016368651,0.9433172826275262,0.8951422383188596,0.9234023414742936,0.803535685658621,0.9195814102212819,0.8927020107021253,0.8927200149442063,0.9823481909748176,0.9821821016814976,0.8999162647277824,0.9024929177636727,0.9143191123777915,0.9506517212287849,0.9891475427161884,0.7460279767329114,0.9926224051503989,0.8386251429883486,0.9603632448198611,0.9902046403251217,0.14572727159309112,0.9968448872490745,0.9940270409966316,0.9683474829700492,-0.48122722624913417,0.9815817928830899,0.672638346034579,0.5766337671790425,0.7855018315807366,0.9114624125327979,0.985498155550033,-0.012792148580279447,0.8317972351538159,0.7750120798794561,0.959078222744669,0.8460405038946479,0.9772816133647088,0.9627245179589099,0.7835055381475765,0.9112104771640325,0.9534542048249119,0.9222326353714575,0.9894280350740612,0.9759516943582729,0.9221480576600254,0.834042893206783,0.9659144098529596,0.941592559450155,0.9764555657018439,0.987019683901137,1.0
