,[IDX] KOSPI,[IDX] KOSDAQ,[US] 한국 추종 ETF,[IDX] 항셍,[IDX] 상하이종합,[IDX] 대만가권,[KR] 삼성전자,[KR] SK하이닉스,[KR] 현대차,[KR] 두산에너빌리티,[KR] 현대로템,[KR] 네이버,[KR] 카카오,[KR] LG전자,[KR] KODEX 2차전지산업,[KR] KODEX 자동차,[KR] TIGER 200 IT,[KR] TIGER 200 건설,[KR] TIGER 의료기기,[KR] TIGER 반도체,[KR] TIGER 증권,[KR] TIGER 헬스케어,[KR] TIGER 은행,[KR] 신한지주,[KR] 하나금융지주,[KR] KB금융,[KR] 우리금융지주,[IDX] 다우 존스,[IDX] S&P 500,[US] S&P500,[IDX] 러셀 2000,[US] 러셀,[US] 미국 전체,[IDX] NASDAQ,[US] 나스닥,[US] 나스닥 레버리지,[US] 미국 반도체,[US] 엔비디아,[US] 마이크론,[US] 브로드컴,[US] 인텔,[US] AMD,[US] 퀄컴,[US] 시게이트,[US] 웨스턴디지털,[US] 애플,[US] 마이크로소프트,[US] 구글,[US] 아마존,[US] 제타,[US] M7 ETF,[US] 모멘텀 ETF,[US] 반도체 ETF,[US] 소프트웨어 ETF,[US] 테슬라,[US] 월마트,[US] 코카콜라,[US] 일라이릴리,[US] 존슨 앤드 존슨,[US] 애브비,[US] 제이피모건,[US] 뱅크 오브 아메리카,[US] 모건스탠리,[US] 골드만삭스,[US] 이즈코프,[US] 이머징 마켓,[US] 선진국 마켓,[US] 금,[US] 은,[US] 미국 오일 펀드,[US] 원자재 펀드,[IDX] 닛케이225,[KR] 코스피200롱150숏선물
[IDX] KOSPI,1.0,0.1642986710175537,0.9967365554118768,0.6548023054299072,0.7171811901067843,0.9879704540428905,0.983399570247789,0.9951135803332242,0.9489492641848156,0.7510071966788946,0.409241813294112,0.4189402372561844,-0.26702154027790953,0.9244183017017388,-0.32443113949864405,0.99388567899255,0.9896741535435488,0.9864775677224691,-0.5878240498912738,0.9915971060956904,0.9078736311968026,0.34876468718116554,0.8978038289522734,0.9381601801447279,0.9331180462027979,0.9273506965396672,0.8721255362680729,0.9105128747057821,0.8799122443287096,0.8800779049459673,0.9681115682302135,0.9682685732818334,0.8858526183122002,0.8814151590866917,0.8957637422231238,0.9400589507622292,0.9897312117795012,0.7585759872001905,0.99178859224963,0.8283360957419734,0.9656433700681282,0.9924520220040988,0.22845764128636073,0.9961664324632133,0.9908630181544452,0.9453886984809929,0.46404980143935964,0.9792652524377119,0.833652050899219,0.5600263792488456,0.7672402758904848,0.8822655791220867,0.9795302469997692,0.46696079055709205,0.6207110436408738,0.7470247020805029,0.9475737120648076,0.80200700929537,0.9944402637902372,0.8748506316818847,0.8264318374447016,0.9036475710885811,0.9403392180517761,0.8987154426520161,0.9776925670535941,0.9682490786277291,0.9073912638232784,0.8853726479800931,0.9778598536413577,0.9780480883649164,0.9929429607566908,0.9863413582542809,0.9915908962115749
[IDX] KOSDAQ,0.1642986710175537,1.0,0.17565601319982588,0.09759306363343077,0.21181745739917338,0.04219290812343468,0.16153593302091143,0.1413065234189622,0.011523085334882426,0.0835025221450253,-0.09054897557678246,0.5288140089331602,0.1525663391089526,0.2553382582052074,0.7006776293010162,0.13205613217533999,0.18374476582279575,0.19099886896626067,0.30132546779261216,0.17436823239824323,0.007833875930283087,-0.504302370047902,-0.07633781666107801,-0.09942077985897274,-0.06884557597191593,-0.08858433789521855,-0.020115598850883768,-0.11287149092836302,-0.1282036024196908,-0.12735543923341175,-0.00884685592911717,-0.006945673910698051,-0.11787501977959974,-0.09104700352968666,-0.0801322773246666,-0.01633176107594636,0.07019439821999732,-0.22578440503472544,0.16067278437281693,-0.060356429347260834,0.2980338516109861,0.09661487585460475,-0.7302518261054649,0.15189588980335672,0.13242666981766155,-0.07523937145158618,-0.3209206190610389,0.03373169404027841,-0.11887741570567245,-0.523710578673522,-0.18711879018838692,-0.08923146233539757,0.016698972626693162,-0.22020392812650097,0.22505310834499018,-0.15049649755282632,-0.1132275267506605,-0.21762634252461943,0.1909109053267919,-0.23956578286930666,-0.1358914585492564,-0.10486227548461828,0.05491343142628002,-0.06907101914100519,0.026215158703318822,0.05923973214291662,-0.04833817024905104,-0.04750638949435636,0.09288680028591584,0.1675714911318264,0.20927607388303543,0.05121235399528652,0.06962416851162144
[US] 한국 추종 ETF,0.9967365554118768,0.17565601319982588,1.0,0.6041526008380802,0.6781791831128013,0.9851042246866935,0.9911712836196257,0.9967824135294306,0.9589646031306637,0.706972110210842,0.3489065576082493,0.37780621609621867,-0.32342639407408535,0.9450209112330071,-0.28279143714918004,0.9927264563233072,0.9955966422823359,0.9755892905035595,-0.6229230049682858,0.9966321745955605,0.8799196928116483,0.306258603644121,0.8709074346075824,0.9229011631840298,0.9128315971911368,0.9072098019118571,0.8404600597618969,0.8907631742188017,0.8554879299414084,0.8556808398720374,0.9613887988959257,0.961522609859274,0.8621632823267822,0.8555101615710797,0.8720265010076065,0.9241152692333569,0.990358780071199,0.725298275964115,0.9977633550538292,0.79386441520791,0.9789167657842347,0.9939051440757383,0.2159706755563503,0.9977704047199945,0.9937033221196929,0.9435798859196495,0.401906160440073,0.9698988618982854,0.7987001968015458,0.571614470509417,0.7284133200281949,0.8582624857225972,0.9726758884193821,0.40753805443101987,0.5755420974177861,0.7106483498323611,0.9459602602315642,0.8194521845588072,0.9936047897943093,0.8599906081532206,0.7946479560793557,0.8831600938169827,0.9191126431192614,0.8734534475844958,0.9657629324019812,0.9537927957856277,0.8850291633043649,0.8583121565120556,0.9656235188605118,0.986000070418005,0.9936088423509417,0.9784728087199989,0.9888608842463811
[IDX] 항셍,0.6548023054299072,0.09759306363343077,0.6041526008380802,1.0,0.9785450321889523,0.642039861584684,0.5095407066609103,0.5912291728471223,0.43662677328732974,0.9807863638925637,0.9339978719203981,0.8093630952916756,0.5197222720134416,0.3366509763524654,-0.55751493139396,0.6240054746877421,0.542934717993007,0.7556317087246892,0.12509053597231054,0.5543018425337942,0.8809373553727434,0.616474370770358,0.8516512527032823,0.7328242770445985,0.7943422777275028,0.7903554207936719,0.907898000436113,0.7997729297549606,0.8365649914853359,0.8367635200651272,0.6985864880624953,0.699443193979917,0.8352181856567742,0.8595635850020886,0.8467244836879307,0.7945522593664602,0.6235557440019113,0.8668242766209083,0.5582678871852109,0.9192592132971018,0.5168860507717709,0.6179110282740715,0.07843088457237843,0.602393732401771,0.5964155575989827,0.6065164229592289,0.8584834522425556,0.7224277785514862,0.8917296530987773,0.18459041100182236,0.9002872205322866,0.8587915744774084,0.7004808265108032,0.897627250393773,0.9791528009204165,0.9123208057399524,0.5909227866126842,0.2505837955396184,0.6439221382783286,0.6863854915526642,0.8926087034991687,0.8135228859104544,0.8519068537012842,0.8625477402723866,0.745967632724752,0.7928999477670875,0.8429792319177524,0.8782561973210455,0.7652779329936484,0.5146483111826416,0.6241117908808655,0.7049399372740393,0.6346787429768576
[IDX] 상하이종합,0.7171811901067843,0.21181745739917338,0.6781791831128013,0.9785450321889523,1.0,0.696060576487162,0.5856595567623106,0.6570595063405237,0.4980920601192067,0.9715041914905501,0.8693711467213776,0.8272069527553431,0.46566715928888885,0.43564950507447614,-0.45365231259677713,0.6870063794625324,0.6189849064095404,0.8103598986718883,0.07113197639533955,0.6277380301075973,0.887706826617109,0.515230584864486,0.85082989398668,0.7449457232949752,0.8037045293293487,0.7965035154791235,0.905862248318346,0.8091336688593863,0.8339119699980072,0.8342430229017462,0.7409606116550659,0.741961330901651,0.8350528024711831,0.8587021461296597,0.8496958773976326,0.8148821072430779,0.6831415958571346,0.83180495443483,0.6375315383207592,0.9091018962911773,0.6172079085226081,0.6793292401863023,0.0093226957540487,0.6781707021942173,0.667226427827463,0.6452868294270934,0.7704765745288317,0.7682233705179693,0.8803312160112516,0.17235194972020146,0.8701696708225488,0.8579298760310774,0.7433968779215414,0.8168481068439595,0.9769820660859937,0.8755473964737719,0.6211844278365083,0.2867391988405249,0.7202001162451004,0.6929822817372909,0.8786317597487773,0.8286631087657351,0.8803711556421291,0.8694907438664451,0.7876408947664828,0.8290836200993397,0.851920678347916,0.8847551436333833,0.8116164612119704,0.5974844824281496,0.703263178671455,0.752839881950928,0.6878524237623452
[IDX] 대만가권,0.9879704540428905,0.04219290812343468,0.9851042246866935,0.642039861584684,0.696060576487162,1.0,0.9712257911579685,0.9835571539823122,0.9665448022790533,0.747519272057271,0.42439353158477405,0.33078112933854953,-0.2978133768795536,0.9052586293982899,-0.4329156181133945,0.9932424436409658,0.9744584167369554,0.9737452417941557,-0.6285923984669154,0.9788638747980478,0.9202500447225452,0.4499946640460984,0.9248678520598005,0.971227884232336,0.9593170692020284,0.9569099194659975,0.8888783160620405,0.945164657680665,0.9166136412454542,0.9166708944408276,0.9890598669972844,0.9889792553715918,0.9212403915306255,0.9120742799696028,0.9250766462560042,0.9627263732385185,0.9974709670629452,0.8096470837333627,0.9819042619206118,0.8515549155091199,0.9408269967953998,0.9927946303206142,0.3519225831124732,0.9866184043441695,0.9811871145362375,0.9787199120312216,0.5125578656132572,0.9876282606225623,0.8646812397761342,0.6688749116668007,0.8078030452542222,0.9129442451625368,0.9949903306614478,0.503997481862309,0.5944758737343004,0.7855581511216163,0.9794040437016737,0.8579470091796719,0.9795951416502899,0.9275736918340008,0.8615982558634404,0.938154261106057,0.9468326437879029,0.9230643780772595,0.9827229763338607,0.9748324254420403,0.9322464903640352,0.906586188982362,0.9798234868766804,0.9689044155037823,0.9770435379584563,0.993727448874735,0.9869967991578708
[KR] 삼성전자,0.983399570247789,0.16153593302091143,0.9911712836196257,0.5095407066609103,0.5856595567623106,0.9712257911579685,1.0,0.9932492220971978,0.975752607337445,0.6213826071627185,0.24308676163453657,0.2853086212862498,-0.4250700302292016,0.9718971167922215,-0.23655469383577665,0.9818972527309318,0.9981327001645186,0.9426070170249613,-0.7006147065627645,0.9980326663507029,0.8232281756427565,0.24750794552899358,0.8184529677533006,0.892195929981424,0.8720985512574512,0.8662419712613741,0.7761549098661057,0.8453967762728066,0.802073034800012,0.8022413191156533,0.9352567842126042,0.9352432435786883,0.8091814573906542,0.7983129088762065,0.817534938514292,0.8795456233641449,0.9768345824894148,0.6566515583355548,0.9963829864705717,0.7226702240497292,0.9758292708539865,0.9818773288818599,0.23641100993155276,0.9900857486474225,0.9857720898727086,0.931364706290395,0.32248738858837217,0.9424547751506606,0.7366542402974983,0.5911902752196568,0.659263881455981,0.7989638424657849,0.9469146114727341,0.317782346594416,0.4780628105364678,0.6317686549869884,0.9388421834203817,0.8503119604957131,0.9802370663406471,0.8347830252471615,0.7281190798422549,0.834586242962997,0.8673405432935136,0.8174867018595553,0.9371886290090196,0.9137526681424507,0.832674445555123,0.7996389866954481,0.9315954831429021,0.9924114437472773,0.9831465555122385,0.953623099450466,0.9792480475349641
[KR] SK하이닉스,0.9951135803332242,0.1413065234189622,0.9967824135294306,0.5912291728471223,0.6570595063405237,0.9835571539823122,0.9932492220971978,1.0,0.9630739746366027,0.6919436515780013,0.333866724058198,0.3566380685244221,-0.3448675162320195,0.9424571227319329,-0.2920028124726425,0.9893977371971916,0.9965337006715541,0.9673637897574648,-0.6487747792932324,0.997262332144507,0.8730226802040413,0.296615281748962,0.8649732559127546,0.9206765465112511,0.9091894092498575,0.9045958194134509,0.8317169761224017,0.8853800694584585,0.8479393060956021,0.8480684614375379,0.956542623703299,0.9565392367402266,0.8542422521953414,0.8467971106819676,0.8632610643230261,0.9148505459498908,0.9876528568201753,0.7141778383282467,0.9971886688473651,0.7846460958196441,0.973595222647661,0.9931561118867641,0.23218610987761096,0.9966507039535704,0.996203415272751,0.9441730802676098,0.4011747824763001,0.9703109998283871,0.7953668936930904,0.5721116001608727,0.7219754849562949,0.8475146930370273,0.9684368121677684,0.397604402638378,0.5536991036910502,0.6961083827669975,0.9477991663056454,0.8262388251131558,0.9906627547809647,0.8593480991885907,0.7847496089247957,0.8755131603131058,0.9107597938753315,0.8664193766002505,0.9662667287875276,0.9466409095604268,0.8759125834069222,0.847525882187654,0.9577711607638268,0.9850443462688472,0.9889858054322529,0.9736280196879044,0.994329010290772
[KR] 현대차,0.9489492641848156,0.011523085334882426,0.9589646031306637,0.43662677328732974,0.4980920601192067,0.9665448022790533,0.975752607337445,0.9630739746366027,1.0,0.5629383190218887,0.2024488886511107,0.12294480106617206,-0.5133532175626534,0.9546136774959845,-0.33902543101027915,0.9678218298909718,0.9683639310603172,0.8983189987111904,-0.7768045474462145,0.9698344826592455,0.7982884797973859,0.3469033118394567,0.8145124537856954,0.9065170640566877,0.8726151191687456,0.8703368528460179,0.7539853957711439,0.8566719137832232,0.8114853477808459,0.8115725266376518,0.9394830609985106,0.9391806625167338,0.8172706664135817,0.7976030404277724,0.8163426991962335,0.8762243546451338,0.9683269220040944,0.6775389287716158,0.9697871793125077,0.7041176115143116,0.9281941807167888,0.9639096007424452,0.41869159469988265,0.9626342875952769,0.9564677445613234,0.9582254860844117,0.3433216803653923,0.9247135644487299,0.7344674098860303,0.7358357328374059,0.6663509081264933,0.79701781824614,0.9414943488383778,0.3199402418079519,0.3851127772666931,0.6334229467053505,0.964209332904709,0.933428020341223,0.940664276919989,0.8778186043248881,0.7287171117982175,0.8428122204881106,0.8367722298735659,0.8068807293509958,0.9142344448752278,0.8894325609496997,0.8294880730434997,0.7830490667394104,0.9032629658999998,0.968690934106415,0.9424210842660679,0.941209334043209,0.953376984692032
[KR] 두산에너빌리티,0.7510071966788946,0.0835025221450253,0.706972110210842,0.9807863638925637,0.9715041914905501,0.747519272057271,0.6213826071627185,0.6919436515780013,0.5629383190218887,1.0,0.901849560092979,0.7494530284720535,0.38942523015101177,0.4640673618716158,-0.5923693151563951,0.7287324945260291,0.6506351195413813,0.8388330529837433,-0.01583095411785101,0.6612976509679973,0.9410681346626769,0.6517274215846836,0.9188445873761144,0.8261114744123755,0.8752888960707104,0.8712865208103352,0.9570800306802988,0.8737497484889006,0.9038105980868862,0.9038569683675414,0.790386331495477,0.791054965106678,0.9030150068283872,0.9230587850588434,0.915256497291922,0.8771076378798602,0.7304947427225735,0.9169897720837414,0.6666549597353827,0.9643290483196686,0.61299278291536,0.7210363320583403,0.1709846277887444,0.7086453992142997,0.6960974598508157,0.7074055410035367,0.8648027816227045,0.807861669314329,0.9360435744399124,0.31390545567791983,0.9405529213126941,0.9248547191543349,0.79992804239626,0.8902299741221825,0.9501851975001371,0.9502940143385147,0.6982410263917422,0.3889377125273965,0.7332123058706752,0.7731970572325297,0.9429000950486154,0.8864623435810733,0.9173983171726966,0.9265505008015724,0.8263961357116282,0.8708553389236001,0.9044862739203547,0.9396718475104289,0.8496445429112714,0.6268261468774324,0.7215007217587359,0.8003412785014987,0.7281363100003192
[KR] 현대로템,0.409241813294112,-0.09054897557678246,0.3489065576082493,0.9339978719203981,0.8693711467213776,0.42439353158477405,0.24308676163453657,0.333866724058198,0.2024488886511107,0.901849560092979,1.0,0.71280045890946,0.6630408470028448,0.05368941229435503,-0.6946196031011401,0.38655497286602686,0.2760970364350438,0.5323310832681565,0.29602619010956266,0.2908909609863238,0.7407456623799603,0.7453053923177373,0.7247496735510208,0.576509197255033,0.6439409010395649,0.6431672647849712,0.7856085351375288,0.662188021395773,0.7228642984707392,0.7227935147408726,0.501953108824681,0.502550761787527,0.7172315251862708,0.7430149184185405,0.7227552725715141,0.6368530972916588,0.39632601808483536,0.8256916182185446,0.2974809075396477,0.8244741182616002,0.222402210013039,0.3782369402971295,0.18782724121391253,0.3533985132735805,0.34174178600061117,0.4050221611642776,0.9411716999900194,0.5102518117552961,0.7909683050534231,0.15671789829453414,0.8449570886844535,0.7457722235446331,0.5033240192101304,0.966715397373062,0.8967914939205284,0.8664248929824827,0.3989786032922244,0.09010350721949902,0.38181561606801834,0.5629139837945216,0.8096764043516261,0.6815709204340402,0.6822815604639656,0.7341375774409042,0.5385985849036914,0.6026262427115605,0.6981314365111844,0.7593348970837827,0.5647678518752426,0.2534848397976621,0.3677220039913597,0.4938434235276761,0.3928750239730901
[KR] 네이버,0.4189402372561844,0.5288140089331602,0.37780621609621867,0.8093630952916756,0.8272069527553431,0.33078112933854953,0.2853086212862498,0.3566380685244221,0.12294480106617206,0.7494530284720535,0.71280045890946,1.0,0.650740574398665,0.1731267504671501,-0.03280141024906805,0.35813129586112935,0.3291456281117441,0.5266389571650996,0.4158543150238497,0.3289820420507246,0.5671613664765249,0.1298306430275925,0.4887084215378782,0.3506719461596822,0.43205652184782606,0.4178244754818811,0.5827501944513849,0.40943046886558776,0.44163481712892694,0.44199127854545844,0.35310440871166215,0.35457773752628935,0.44412452862916874,0.48479021541124306,0.476162509688298,0.44692291317445265,0.3317788451536792,0.44594993772640024,0.3287496538786237,0.5840881000917767,0.37346742037255776,0.35223285118122016,-0.47152557862822325,0.3687745395088591,0.36526843872740244,0.2210041607367844,0.47907900279726956,0.4176598824204003,0.51380856127498,-0.3424388543280999,0.5007871777461339,0.4907688821794085,0.376354273829445,0.5610546339770791,0.8460684361262389,0.5456202385825817,0.20993496944287296,-0.15543531739420907,0.4227139233296949,0.22665533101353966,0.5118139980739069,0.426073708258418,0.5557185168387547,0.5081862325649927,0.4412277382440119,0.49076776830169727,0.481657719593631,0.531358280622788,0.4770205007780211,0.2832715527115075,0.4078706420142248,0.4052229714478738,0.3705285525654592
[KR] 카카오,-0.26702154027790953,0.1525663391089526,-0.32342639407408535,0.5197222720134416,0.46566715928888885,-0.2978133768795536,-0.4250700302292016,-0.3448675162320195,-0.5133532175626534,0.38942523015101177,0.6630408470028448,0.650740574398665,1.0,-0.551213194947333,-0.16678430049679785,-0.3057324238036065,-0.3869992585832442,-0.12454358241570472,0.8647073199592975,-0.37845326733776674,0.07179803235979912,0.23925900819821097,0.028709389844522627,-0.1666457758356536,-0.07958753604707364,-0.08438566203574742,0.13893367364736223,-0.05686998933805182,0.018614052103074076,0.018917288311308535,-0.217095230765626,-0.2156987285496433,0.013015743729669864,0.05430273524527992,0.025580827085265063,-0.07215059899635258,-0.3158868330355062,0.16548606067943367,-0.37551829395030173,0.19110028395332174,-0.37036142974917063,-0.3226882931852057,-0.3092394477536438,-0.3246984112036925,-0.3342136302124638,-0.3163619135157317,0.4547137350065924,-0.1923345651154466,0.13978971813006658,-0.5041667004476724,0.20889192985360444,0.05424246776742206,-0.22215555545075505,0.5188029295643941,0.569797079700646,0.25103233919242923,-0.35357353749957504,-0.6513903580757745,-0.2670600421656814,-0.17985853215826694,0.1444797172197178,-0.022370202176935923,0.017103636353491034,0.045953153208107896,-0.15918608623481842,-0.08615365099646718,0.015095115165048438,0.0842896009204556,-0.12369707474837854,-0.41693730681107727,-0.2868314701532217,-0.20830625396088584,-0.3039061803894787
[KR] LG전자,0.9244183017017388,0.2553382582052074,0.9450209112330071,0.3366509763524654,0.43564950507447614,0.9052586293982899,0.9718971167922215,0.9424571227319329,0.9546136774959845,0.4640673618716158,0.05368941229435503,0.1731267504671501,-0.551213194947333,1.0,-0.06875375556455746,0.9320197034483749,0.9658964666358928,0.866061505048747,-0.7460283987860815,0.9619399408093642,0.6912263502920635,0.10508728494784728,0.6882404125128524,0.7914377107293527,0.7579800125641241,0.7497177758496668,0.6350276674160819,0.7239490110755632,0.6687309864166047,0.6689899765373918,0.8511722491443869,0.8512663998393596,0.677667711191013,0.6625316213207408,0.6867088984645243,0.7707113490939379,0.917267435844674,0.500319289337662,0.9591691707870589,0.5700077590975706,0.9594010692220253,0.9233096813699102,0.1806816543454964,0.9416321230031472,0.930603157881741,0.8611770075701722,0.13402591076596548,0.8504978773947274,0.5838311252290248,0.5588983960061077,0.49541388480928217,0.6630857759679244,0.8641770084266841,0.13276977869425172,0.3192808050842938,0.4729060249785902,0.8700875534975167,0.844072114140193,0.9289794713267674,0.7280748029151466,0.5773603032169675,0.7108741917816858,0.748915563833674,0.681789707748648,0.8376125871617702,0.8115530534172182,0.7085461561127611,0.665468492750796,0.842758373830709,0.9665415455183921,0.9370049473905712,0.8768865566214067,0.9090541169162754
[KR] KODEX 2차전지산업,-0.32443113949864405,0.7006776293010162,-0.28279143714918004,-0.55751493139396,-0.45365231259677713,-0.4329156181133945,-0.23655469383577665,-0.2920028124726425,-0.33902543101027915,-0.5923693151563951,-0.6946196031011401,-0.03280141024906805,-0.16678430049679785,-0.06875375556455746,1.0,-0.34845169150169875,-0.2353921317433952,-0.3705881803036392,0.17852170355177138,-0.2549841929105688,-0.6025122621428195,-0.9403555734635034,-0.6600076918742835,-0.6132584608779375,-0.6185361977459236,-0.6315275250009728,-0.6363943906506858,-0.6587722823688326,-0.7006161446740148,-0.7000195877184767,-0.5080086713412203,-0.5069996136943639,-0.6909155467111256,-0.6822519784436428,-0.6670315700524383,-0.5868862501078623,-0.39234194673424083,-0.8100531459596781,-0.2641393990443368,-0.6801886685317381,-0.10621936872706111,-0.3524748072080807,-0.7864908218093021,-0.2999048236616221,-0.2943848065055226,-0.5114290181544803,-0.8769062033225536,-0.4633319045044849,-0.7104938246349408,-0.6853242464732414,-0.7841904968284934,-0.6812084731264191,-0.48998426479294444,-0.8170617175225846,-0.4480843294424565,-0.7618339543802767,-0.5250318469976584,-0.43388483411160494,-0.2782250209813617,-0.7074398594582991,-0.7342812298671564,-0.663233429206823,-0.5373714145112639,-0.6539853451619462,-0.4806368041607565,-0.5033081693297619,-0.6280269178167927,-0.6546463836523622,-0.4629487871199363,-0.2399538046481003,-0.2669477700408558,-0.4445260306443497,-0.36334991563544355
[KR] KODEX 자동차,0.99388567899255,0.13205613217533999,0.9927264563233072,0.6240054746877421,0.6870063794625324,0.9932424436409658,0.9818972527309318,0.9893977371971916,0.9678218298909718,0.7287324945260291,0.38655497286602686,0.35813129586112935,-0.3057324238036065,0.9320197034483749,-0.34845169150169875,1.0,0.9868089027075121,0.9775884920990375,-0.6164421664621907,0.9888497310641988,0.900458116115952,0.3796610560778445,0.8984390946836476,0.9475868583931821,0.93637994889484,0.9317751052111499,0.8658054716743531,0.9174998995624526,0.8845074687805332,0.8846448406981917,0.9768125323180937,0.9768804715291721,0.8902986113653863,0.8823761857234977,0.89680798303856,0.9434220589463511,0.9947799745337409,0.7634339368805795,0.9900752271158832,0.8221715455437929,0.9617345563997778,0.9932023302991095,0.29356623921949976,0.9948463208638552,0.9866779952002462,0.9620549517126415,0.46352711373138655,0.9781346768260258,0.8333643872288564,0.6150792329050254,0.7674388774990063,0.8823095219160542,0.9835325114301813,0.4596634542043044,0.5847040558759324,0.746491488556034,0.9595452013990823,0.8384482624154744,0.9877036808146931,0.8900662473101715,0.8259112440769626,0.9102738803493569,0.9330245951749042,0.8955158675726709,0.9712019022605746,0.9632293933123326,0.9089577829939154,0.8788984831842162,0.971924327152142,0.9770026534067091,0.985572197724385,0.9895570820493788,0.9855627213737365
[KR] TIGER 200 IT,0.9896741535435488,0.18374476582279575,0.9955966422823359,0.542934717993007,0.6189849064095404,0.9744584167369554,0.9981327001645186,0.9965337006715541,0.9683639310603172,0.6506351195413813,0.2760970364350438,0.3291456281117441,-0.3869992585832442,0.9658964666358928,-0.2353921317433952,0.9868089027075121,1.0,0.9559802154861252,-0.6684829404846533,0.9993893096608101,0.8409357270742571,0.2506994782870099,0.8324447160883459,0.8980623554623016,0.8823511059112618,0.8765188369110948,0.7958745351061188,0.8555932394176531,0.8139197338484242,0.8140895046143913,0.9408763477127609,0.9409286183802706,0.8210150292580892,0.8123237764118079,0.8307338399015909,0.8907479838205311,0.9808605171436151,0.670468930754031,0.9985725297274028,0.7440261430641796,0.9825824805721249,0.9866982639927517,0.21143103650739498,0.9948024893748971,0.9913424500016305,0.9313875941335493,0.34239545008637745,0.9518540056298365,0.7539981308123772,0.5655694579468292,0.6760971900873773,0.8131400489914105,0.9534727722883639,0.34119237911313216,0.5117675535047421,0.6520895219123161,0.9354482961429359,0.8313408517969315,0.9874233540607555,0.8333565111633096,0.7444924898512302,0.8455837432639075,0.8839252848412356,0.8323206357721926,0.9455750441156422,0.925485985469385,0.8458576341687044,0.8140913529130271,0.9413498523919137,0.9901295467381322,0.9879344563195229,0.9614026889625861,0.9836016751755444
[KR] TIGER 200 건설,0.9864775677224691,0.19099886896626067,0.9755892905035595,0.7556317087246892,0.8103598986718883,0.9737452417941557,0.9426070170249613,0.9673637897574648,0.8983189987111904,0.8388330529837433,0.5323310832681565,0.5266389571650996,-0.12454358241570472,0.866061505048747,-0.3705881803036392,0.9775884920990375,0.9559802154861252,1.0,-0.46870483658658624,0.9594871804136846,0.9504174908637348,0.4153602723668581,0.9352765787484559,0.946793291574414,0.9543943872688982,0.9480483189163164,0.9248370035272718,0.9343246671006871,0.9147698388442657,0.9149307295768093,0.9659643566581432,0.9663221123346392,0.9198166282352724,0.9214528086940627,0.931533443482827,0.9615962758476658,0.9728657753429978,0.8152867750550133,0.9619969871392555,0.890136590631893,0.9361916392523356,0.9724755839315985,0.19995410591310148,0.9743209558333663,0.9646712795325565,0.9264801495087602,0.5602360187384122,0.9795214279685398,0.8851660639338624,0.5102039931921235,0.8287415341226944,0.9221171565604593,0.9780536592868008,0.5711376486760148,0.7235632776914834,0.8164729942199025,0.9233357142030936,0.7353466419216299,0.9814465671577888,0.8764089426675832,0.8796533088414045,0.9316432338698153,0.9733007458355163,0.9366521092443778,0.9793962766437183,0.985421212705237,0.940653853776967,0.9303589194657292,0.9909662833836564,0.94191916541459,0.977436738259557,0.9851805792078472,0.9696003996384048
[KR] TIGER 의료기기,-0.5878240498912738,0.30132546779261216,-0.6229230049682858,0.12509053597231054,0.07113197639533955,-0.6285923984669154,-0.7006147065627645,-0.6487747792932324,-0.7768045474462145,-0.01583095411785101,0.29602619010956266,0.4158543150238497,0.8647073199592975,-0.7460283987860815,0.17852170355177138,-0.6164421664621907,-0.6684829404846533,-0.46870483658658624,1.0,-0.6647095848925285,-0.3257832800061603,-0.06266374371536763,-0.3751434951485968,-0.542039698983502,-0.4673387188946131,-0.47118077552113946,-0.2701073005560157,-0.4485982899884382,-0.3828516143543329,-0.3824622839608025,-0.5703630639423013,-0.568806171827248,-0.38733437769134804,-0.34885964351600485,-0.37311371390640496,-0.44497011095581096,-0.6316459024838431,-0.24186397035812143,-0.666019060175827,-0.21555462106588974,-0.6160507392341205,-0.6326730897000508,-0.46794624530174084,-0.6311720720339079,-0.6382230957276608,-0.6475911996953675,0.07562964674976076,-0.5499223762842851,-0.27423669185447225,-0.72435201235894,-0.21009231672075915,-0.347195144143608,-0.5708959574696392,0.14915109150910977,0.1997066805748263,-0.15856440061632812,-0.6925128631934455,-0.8461793189713015,-0.5868988786047529,-0.5657246682122206,-0.27234658576390275,-0.42527214563114624,-0.37438209147721246,-0.36317298921310154,-0.5296496351704428,-0.4586274280314455,-0.37749248885612424,-0.33042356200357587,-0.48987702657943916,-0.6916455199630402,-0.5933798877268384,-0.5543737612922557,-0.6356051904025765
[KR] TIGER 반도체,0.9915971060956904,0.17436823239824323,0.9966321745955605,0.5543018425337942,0.6277380301075973,0.9788638747980478,0.9980326663507029,0.997262332144507,0.9698344826592455,0.6612976509679973,0.2908909609863238,0.3289820420507246,-0.37845326733776674,0.9619399408093642,-0.2549841929105688,0.9888497310641988,0.9993893096608101,0.9594871804136846,-0.6647095848925285,1.0,0.8500102091164281,0.2714643281569978,0.842492173323385,0.9062179440405503,0.8907913379494683,0.8852128121676572,0.8059445396393171,0.865463875317417,0.8253990815606315,0.8255757847700069,0.9470909087517175,0.9471509343145987,0.8322736441829073,0.823615806623722,0.841506201582094,0.8992271186741994,0.9838418293606245,0.6852663175032112,0.9988884426885037,0.7551040476987261,0.9788548540875007,0.9884887453566146,0.22680144280811637,0.9953685862376694,0.9913677663953843,0.9379096847814118,0.3609889625677894,0.9566034298059308,0.7666535916134568,0.5765338542117685,0.6906249540033131,0.8241082628315649,0.9589673488136496,0.35908485743607965,0.5230224795399664,0.6653756212586395,0.9415666557678004,0.8363428699463294,0.9887471565163076,0.845619375994428,0.7570234634511221,0.855836499141507,0.8914563974185093,0.8423916409773528,0.9510071260751325,0.9323229425800938,0.8558252201259651,0.8254625126707569,0.9478824713853833,0.9918175287729547,0.9901596169176657,0.9661989024187995,0.985175539699108
[KR] TIGER 증권,0.9078736311968026,0.007833875930283087,0.8799196928116483,0.8809373553727434,0.887706826617109,0.9202500447225452,0.8232281756427565,0.8730226802040413,0.7982884797973859,0.9410681346626769,0.7407456623799603,0.5671613664765249,0.07179803235979912,0.6912263502920635,-0.6025122621428195,0.900458116115952,0.8409357270742571,0.9504174908637348,-0.3257832800061603,0.8500102091164281,1.0,0.6364401707284085,0.9926265113816356,0.962185251923773,0.9837313438204105,0.9816809678248538,0.9943512482408985,0.9799003372779825,0.9840012093009042,0.9839988471039992,0.9452140000635642,0.9454224716063181,0.9850645105834994,0.9904244040616412,0.9912785822029697,0.9839128309451775,0.9083286994956459,0.9454548037428748,0.8545662445993784,0.9849362990784221,0.7948229767386065,0.8990157917950276,0.32849731662233017,0.8837079595816648,0.8764197752629839,0.8950647109034793,0.7831339762247469,0.9516635609832333,0.9798791664046329,0.5410038266341392,0.9572795775222479,0.9914389774496283,0.9509462674984721,0.7859116814589157,0.8263404471483605,0.9496160032332361,0.8900465796433734,0.6615300404892137,0.8888929461224905,0.9160602122763356,0.9798632387787489,0.9812442823174832,0.9932087854593857,0.9950886620604835,0.9591224586651471,0.9794352565218915,0.9876106350656871,0.9902384156579558,0.9647741736925426,0.8224504455543495,0.8791649792486393,0.944729897476985,0.9006860011092745
[KR] TIGER 헬스케어,0.34876468718116554,-0.504302370047902,0.306258603644121,0.616474370770358,0.515230584864486,0.4499946640460984,0.24750794552899358,0.296615281748962,0.3469033118394567,0.6517274215846836,0.7453053923177373,0.1298306430275925,0.23925900819821097,0.10508728494784728,-0.9403555734635034,0.3796610560778445,0.2506994782870099,0.4153602723668581,-0.06266374371536763,0.2714643281569978,0.6364401707284085,1.0,0.6862338904333569,0.6273961389142048,0.637474260192794,0.6452308676232416,0.6710312921534022,0.6794109429491088,0.7263578680233819,0.7261227973335554,0.531704015130576,0.5313880341938384,0.7180493841267636,0.7118671964703628,0.696468055708152,0.62262981175716,0.4097258845371194,0.8395657187811029,0.27810126017894476,0.7121235878516544,0.13001012579232837,0.3616463736752843,0.7607497546049633,0.31430400329668595,0.2908019660926648,0.521377925311516,0.9043991889530514,0.46397119612549986,0.7295133495005822,0.6729496820184547,0.8075677304662519,0.7110135490238353,0.5090196020855177,0.8737714271438518,0.5276946072092694,0.8021609314563549,0.5286001589693291,0.43224413068625933,0.3034129652275472,0.7106474882175531,0.7633761584549855,0.6841581939342161,0.5693061873606663,0.6741198302991064,0.48336671471770465,0.5347943058663974,0.668324607136477,0.6887960818416842,0.5008582351333519,0.26155541728667786,0.29933511706328225,0.46551305376488633,0.3506014498874085
[KR] TIGER 은행,0.8978038289522734,-0.07633781666107801,0.8709074346075824,0.8516512527032823,0.85082989398668,0.9248678520598005,0.8184529677533006,0.8649732559127546,0.8145124537856954,0.9188445873761144,0.7247496735510208,0.4887084215378782,0.028709389844522627,0.6882404125128524,-0.6600076918742835,0.8984390946836476,0.8324447160883459,0.9352765787484559,-0.3751434951485968,0.842492173323385,0.9926265113816356,0.6862338904333569,1.0,0.9794627129143905,0.993309520192229,0.9928282426312032,0.9918749014325156,0.9916722236237309,0.9955545029311577,0.9954863165233109,0.953009473843284,0.9530622095523372,0.9958381165172406,0.9972998901885323,0.9978485085420965,0.9885280270884443,0.9101573841194174,0.9629908553861098,0.8488283394059097,0.9816748517869613,0.7757960837962897,0.8961881386080011,0.4188216427812723,0.8757045641872359,0.8669031196235444,0.9160154182197101,0.7998930678883278,0.949956953063446,0.9856861464905889,0.6158877142735596,0.9682601237527283,0.9969516545906221,0.9550979583077591,0.7919079017747912,0.7884285569477417,0.9566590694687709,0.9127132241206093,0.7062111268399973,0.8784001877770052,0.9474259661563406,0.9862687348113259,0.9908317234325634,0.9852503789559508,0.997430465860077,0.95582247584144,0.9748611001078235,0.9925640094163183,0.9916978181079317,0.9597347552245898,0.8187220661712593,0.8671361405286172,0.9440980207167677,0.8969148121324739
[KR] 신한지주,0.9381601801447279,-0.09942077985897274,0.9229011631840298,0.7328242770445985,0.7449457232949752,0.971227884232336,0.892195929981424,0.9206765465112511,0.9065170640566877,0.8261114744123755,0.576509197255033,0.3506719461596822,-0.1666457758356536,0.7914377107293527,-0.6132584608779375,0.9475868583931821,0.8980623554623016,0.946793291574414,-0.542039698983502,0.9062179440405503,0.962185251923773,0.6273961389142048,0.9794627129143905,1.0,0.9949010227866437,0.9946902133501188,0.9488267192771269,0.9876466211260115,0.9764535327091896,0.9763360904730175,0.9832217191390563,0.9830128405517439,0.9778977860842623,0.9712125302573611,0.9774391906163473,0.9887625526761546,0.9600842797965307,0.9146809381486762,0.9119019965381027,0.9275523704695604,0.8399458393419548,0.9469549989315611,0.4763943061537832,0.9279999938758811,0.9196665840625645,0.9690924991214657,0.6940425912846011,0.9737240437332534,0.9427021097371849,0.711667680645249,0.9114633063424386,0.9701383463133064,0.9852594015954996,0.6728958209613107,0.6637818560204014,0.8918642310800914,0.9705560149138047,0.8222511673607547,0.91977469177769,0.9694672474654044,0.9405983484777592,0.9801898269417942,0.9665554081818197,0.9719501610990169,0.9723081921460943,0.9773079911330399,0.9752206446114671,0.9586759954345648,0.9702165721494372,0.8893650079988137,0.9112575531443546,0.972866482885334,0.9432569691074351
[KR] 하나금융지주,0.9331180462027979,-0.06884557597191593,0.9128315971911368,0.7943422777275028,0.8037045293293487,0.9593170692020284,0.8720985512574512,0.9091894092498575,0.8726151191687456,0.8752888960707104,0.6439409010395649,0.43205652184782606,-0.07958753604707364,0.7579800125641241,-0.6185361977459236,0.93637994889484,0.8823511059112618,0.9543943872688982,-0.4673387188946131,0.8907913379494683,0.9837313438204105,0.637474260192794,0.993309520192229,0.9949010227866437,1.0,0.9987176847435408,0.9742598990562722,0.9934643254810707,0.9879795457212825,0.9878973696340946,0.9767646690764298,0.9767063773361203,0.9892217667894954,0.9868565100006016,0.9910073153362134,0.9948778860404716,0.9478530140166878,0.9351670391262689,0.8966151827990743,0.9570010681084524,0.8276940623786664,0.9361592555709864,0.42893684586587033,0.9178484019913705,0.9098229257278495,0.9493801637443487,0.7351327882397256,0.9731836841133258,0.9649296310794898,0.6544891125926183,0.937214147199336,0.9865648627461275,0.9801499518500795,0.7222106352736583,0.7291840751499321,0.9214755771417875,0.9486287566557211,0.7705209144974815,0.9145877980882805,0.9589689398495009,0.9638539693277829,0.9890097830890617,0.98418614921737,0.9891230153683244,0.9755943401702938,0.9856535429527604,0.9881736066415175,0.9787276797006544,0.9753518501957168,0.8700814986782539,0.9051492212193591,0.9696417708394737,0.9350754244235312
[KR] KB금융,0.9273506965396672,-0.08858433789521855,0.9072098019118571,0.7903554207936719,0.7965035154791235,0.9569099194659975,0.8662419712613741,0.9045958194134509,0.8703368528460179,0.8712865208103352,0.6431672647849712,0.4178244754818811,-0.08438566203574742,0.7497177758496668,-0.6315275250009728,0.9317751052111499,0.8765188369110948,0.9480483189163164,-0.47118077552113946,0.8852128121676572,0.9816809678248538,0.6452308676232416,0.9928282426312032,0.9946902133501188,0.9987176847435408,1.0,0.9728497126694454,0.9937720151986535,0.9883154452958256,0.9881858862710052,0.9746424185719031,0.974496680459131,0.989255644871233,0.9865771389707262,0.9904665349025342,0.9931950323443418,0.9449635164288168,0.936730424792464,0.8913478052778029,0.957189533633223,0.8210884035032886,0.932796512687235,0.4410427896470084,0.9123936997391313,0.9067236351993795,0.9501143276004392,0.7399526344093184,0.9723307413971918,0.9669799262674331,0.6636235903048483,0.9392644753380723,0.9860385354526797,0.9781344459926448,0.723734359235473,0.7211611377583992,0.9224527743007638,0.9488683406826609,0.7720233353685199,0.908331207383051,0.9600541972815178,0.9640526507619638,0.9887233664990382,0.9811698021950852,0.9886986867512182,0.9730699170625693,0.98220289604405,0.9862151259411529,0.976298151012751,0.9702827720155224,0.8638776873721845,0.8980554221822238,0.9656347252941082,0.9319542057118847
[KR] 우리금융지주,0.8721255362680729,-0.020115598850883768,0.8404600597618969,0.907898000436113,0.905862248318346,0.8888783160620405,0.7761549098661057,0.8317169761224017,0.7539853957711439,0.9570800306802988,0.7856085351375288,0.5827501944513849,0.13893367364736223,0.6350276674160819,-0.6363943906506858,0.8658054716743531,0.7958745351061188,0.9248370035272718,-0.2701073005560157,0.8059445396393171,0.9943512482408985,0.6710312921534022,0.9918749014325156,0.9488267192771269,0.9742598990562722,0.9728497126694454,1.0,0.9736466079165083,0.9837815944086526,0.9837906082827541,0.9234503806984613,0.9237456779175514,0.9840335275021302,0.9911934688380556,0.9892072269638583,0.9725285634532141,0.8749024479720513,0.9608121624018158,0.8122353016310035,0.9927147212398512,0.7484776593529706,0.8633011288283713,0.3387749877064788,0.8445028334123357,0.8367738744126453,0.8712659875668376,0.8237855652609253,0.9278075407526899,0.9888579006590521,0.5228633191073041,0.973545173286949,0.9912716257623905,0.9262982994017045,0.8274766620482212,0.8542148692662427,0.9689601468840353,0.8626479114143508,0.6207985535044428,0.8553908221119849,0.9080821521023403,0.9881866463560853,0.9763671117720925,0.9843847710271142,0.9926827993215148,0.9364554829057622,0.9625955429185067,0.9848719946893875,0.9900209760453175,0.9437040638506715,0.7770174960662458,0.8415283115032358,0.9188806755984649,0.8663188187616431
[IDX] 다우 존스,0.9105128747057821,-0.11287149092836302,0.8907631742188017,0.7997729297549606,0.8091336688593863,0.945164657680665,0.8453967762728066,0.8853800694584585,0.8566719137832232,0.8737497484889006,0.662188021395773,0.40943046886558776,-0.05686998933805182,0.7239490110755632,-0.6587722823688326,0.9174998995624526,0.8555932394176531,0.9343246671006871,-0.4485982899884382,0.865463875317417,0.9799003372779825,0.6794109429491088,0.9916722236237309,0.9876466211260115,0.9934643254810707,0.9937720151986535,0.9736466079165083,1.0,0.9953776599027698,0.9953916892577657,0.9747410626743495,0.9746928842844377,0.996308591549951,0.9918829328612503,0.9940316674439815,0.992082823507131,0.9321932151449396,0.9507823730214078,0.8733233066854267,0.9607953936476616,0.803768273525991,0.9168158176455915,0.4679785510768915,0.8945633744608726,0.8889637060814359,0.9494864891657353,0.7517615405758464,0.9628740390097587,0.9743529244515932,0.6801795198928542,0.9509622605582218,0.990550541577137,0.9689520143427429,0.7430658761050901,0.7382460373140591,0.9316580356008072,0.9419982368566161,0.7686092931254364,0.8957073706899024,0.9716869933213002,0.9746955253056571,0.9972133125999857,0.979497892562396,0.9909103130595179,0.9669897839417007,0.9779927464807379,0.9938820664721806,0.979620603808641,0.9636460576914232,0.8462792023026092,0.8834758956591725,0.9568296907317674,0.9145239099840098
[IDX] S&P 500,0.8799122443287096,-0.1282036024196908,0.8554879299414084,0.8365649914853359,0.8339119699980072,0.9166136412454542,0.802073034800012,0.8479393060956021,0.8114853477808459,0.9038105980868862,0.7228642984707392,0.44163481712892694,0.018614052103074076,0.6687309864166047,-0.7006161446740148,0.8845074687805332,0.8139197338484242,0.9147698388442657,-0.3828516143543329,0.8253990815606315,0.9840012093009042,0.7263578680233819,0.9955545029311577,0.9764535327091896,0.9879795457212825,0.9883154452958256,0.9837815944086526,0.9953776599027698,1.0,0.9999958033981249,0.9517789270335852,0.951805299971218,0.9998778627690362,0.9985452059738885,0.9982868324726996,0.9859222923894104,0.9004249511408325,0.9745722891653597,0.8339281124136798,0.9770107004456935,0.756312327310247,0.8835035817209778,0.4712054016555332,0.8591647231865573,0.8516284961271546,0.9218610827868454,0.8069952307437256,0.9398627583980181,0.9865224857674377,0.6593474767831116,0.9745941821807653,0.9975710401360834,0.9476494979972624,0.8001562770015833,0.7760624161850161,0.959558402063184,0.9153785037198229,0.7229363403662776,0.8618942977542012,0.9636312783153215,0.9898677851759645,0.9943209738138221,0.9750140602963526,0.9944006751582176,0.9480081935469536,0.9660408956544608,0.993828780229244,0.988089839095397,0.9483216249241352,0.805000445271728,0.850139175927644,0.9342217393250805,0.8814542410340478
[US] S&P500,0.8800779049459673,-0.12735543923341175,0.8556808398720374,0.8367635200651272,0.8342430229017462,0.9166708944408276,0.8022413191156533,0.8480684614375379,0.8115725266376518,0.9038569683675414,0.7227935147408726,0.44199127854545844,0.018917288311308535,0.6689899765373918,-0.7000195877184767,0.8846448406981917,0.8140895046143913,0.9149307295768093,-0.3824622839608025,0.8255757847700069,0.9839988471039992,0.7261227973335554,0.9954863165233109,0.9763360904730175,0.9878973696340946,0.9881858862710052,0.9837906082827541,0.9953916892577657,0.9999958033981249,1.0,0.9519227046484483,0.9519584944637484,0.9998949664886082,0.9985481837835648,0.9982958874578485,0.9859772146570779,0.9004925166873595,0.9744747683969635,0.8341015850615929,0.9768823751317491,0.756494772868124,0.8835527328506078,0.4709221889812068,0.8593055940744273,0.8517266539584414,0.9220118306443855,0.8066268348551389,0.939869674607835,0.9864523686489588,0.6591812703542138,0.9744997371730623,0.997580219919823,0.9476746833269215,0.8000906490855962,0.7765328280886558,0.9594817099139629,0.9154448564443055,0.7229685387823681,0.8621749426049309,0.963741180744534,0.9898542793825329,0.9943670618737595,0.9751140932161204,0.9943710765978332,0.9481369047009088,0.9661971554020241,0.9940032652583233,0.9881675247224566,0.9485260456103435,0.8052693093161033,0.8504499188044546,0.9344113399470345,0.881508045149405
[IDX] 러셀 2000,0.9681115682302135,-0.00884685592911717,0.9613887988959257,0.6985864880624953,0.7409606116550659,0.9890598669972844,0.9352567842126042,0.956542623703299,0.9394830609985106,0.790386331495477,0.501953108824681,0.35310440871166215,-0.217095230765626,0.8511722491443869,-0.5080086713412203,0.9768125323180937,0.9408763477127609,0.9659643566581432,-0.5703630639423013,0.9470909087517175,0.9452140000635642,0.531704015130576,0.953009473843284,0.9832217191390563,0.9767646690764298,0.9746424185719031,0.9234503806984613,0.9747410626743495,0.9517789270335852,0.9519227046484483,1.0,0.9999908541559782,0.9557272644544819,0.9467242746529511,0.9556348822463314,0.9817174167715644,0.9847483145298004,0.8621702584710613,0.9527554777389153,0.8923003367814104,0.9045365966465612,0.9749769683045945,0.40857584544486647,0.9633826890749017,0.9582357860910091,0.983533577626807,0.5896095127724752,0.98843401438943,0.910071956609726,0.6857266814491145,0.8620513120672473,0.9457165403014262,0.9942051948587792,0.5847708860409934,0.651575120248247,0.837210455827894,0.9747976413440333,0.8389996440651444,0.9603512036277886,0.9535510014649831,0.9062754684183179,0.96954909112674,0.9661278478109067,0.9525502324285352,0.9865864644408362,0.9845203398179909,0.9646729846531185,0.9354793773927695,0.9817584463049003,0.934071326389605,0.9527046679127475,0.991070830329898,0.9690858866721901
[US] 러셀,0.9682685732818334,-0.006945673910698051,0.961522609859274,0.699443193979917,0.741961330901651,0.9889792553715918,0.9352432435786883,0.9565392367402266,0.9391806625167338,0.791054965106678,0.502550761787527,0.35457773752628935,-0.2156987285496433,0.8512663998393596,-0.5069996136943639,0.9768804715291721,0.9409286183802706,0.9663221123346392,-0.568806171827248,0.9471509343145987,0.9454224716063181,0.5313880341938384,0.9530622095523372,0.9830128405517439,0.9767063773361203,0.974496680459131,0.9237456779175514,0.9746928842844377,0.951805299971218,0.9519584944637484,0.9999908541559782,1.0,0.9557753634778724,0.9468343960686397,0.9557394459191698,0.9818360657203068,0.9847023372857746,0.862205908349668,0.9528120486771279,0.8924451376889448,0.9046740656611328,0.9749401551941027,0.40739504593748016,0.96345399515421,0.95819806064513,0.9833930847463787,0.5895670622374091,0.9883515825051585,0.9101068335596656,0.684652917611096,0.8621172133019437,0.9458502471238801,0.9941721036864488,0.5851595200567267,0.6528178321142056,0.8374416277313022,0.9745565197185148,0.838378714684924,0.9606569597189043,0.9533925500427898,0.9064136400258006,0.9695771458033187,0.9663904660178831,0.9526162722306298,0.9866522741635585,0.984767947011363,0.964958181765001,0.935721273998922,0.9820358917738382,0.9342311385556057,0.9530516076667302,0.9912191543589086,0.968969119827942
[US] 미국 전체,0.8858526183122002,-0.11787501977959974,0.8621632823267822,0.8352181856567742,0.8350528024711831,0.9212403915306255,0.8091814573906542,0.8542422521953414,0.8172706664135817,0.9030150068283872,0.7172315251862708,0.44412452862916874,0.013015743729669864,0.677667711191013,-0.6909155467111256,0.8902986113653863,0.8210150292580892,0.9198166282352724,-0.38733437769134804,0.8322736441829073,0.9850645105834994,0.7180493841267636,0.9958381165172406,0.9778977860842623,0.9892217667894954,0.989255644871233,0.9840335275021302,0.996308591549951,0.9998778627690362,0.9998949664886082,0.9557272644544819,0.9557753634778724,1.0,0.9985429342245946,0.998632079478172,0.9878692688257291,0.9056294083229288,0.971525317995388,0.840816886068239,0.9759637322079442,0.7648997352850404,0.889069048426835,0.4648184016214245,0.8656459748483843,0.8580074486344705,0.9253387001127644,0.7992170453948391,0.9438123540976866,0.985458541344309,0.6577516137104296,0.9718600140768747,0.9976128634537386,0.9513572746281883,0.7935885621565818,0.7761665687828879,0.9566810028608891,0.9185672149281447,0.726628370862806,0.8686253764756032,0.9640474105786322,0.9886819450343424,0.9953237619076026,0.9775267483274789,0.9949422443929515,0.9518364601904792,0.9694177215380478,0.9950792345598167,0.9885379837278676,0.9524280798600182,0.8123403834995483,0.8571240004497126,0.9387866146969392,0.8867441360077466
[IDX] NASDAQ,0.8814151590866917,-0.09104700352968666,0.8555101615710797,0.8595635850020886,0.8587021461296597,0.9120742799696028,0.7983129088762065,0.8467971106819676,0.7976030404277724,0.9230587850588434,0.7430149184185405,0.48479021541124306,0.05430273524527992,0.6625316213207408,-0.6822519784436428,0.8823761857234977,0.8123237764118079,0.9214528086940627,-0.34885964351600485,0.823615806623722,0.9904244040616412,0.7118671964703628,0.9972998901885323,0.9712125302573611,0.9868565100006016,0.9865771389707262,0.9911934688380556,0.9918829328612503,0.9985452059738885,0.9985481837835648,0.9467242746529511,0.9468343960686397,0.9985429342245946,1.0,0.9993371452782418,0.9861739512645249,0.8966990207772789,0.9739649363855516,0.8319094853154057,0.9849598483280678,0.7592812322966584,0.8815236400463129,0.4302825491702863,0.8585351598306242,0.8508726500601159,0.9111122936788214,0.8122414922173873,0.9397066714735147,0.9899241592028893,0.621487883370253,0.9773534506512463,0.9991616854397783,0.9449778928008801,0.8097766823675656,0.8041526954967605,0.9648184075254845,0.9027353625381879,0.6940165463769329,0.8638052129024113,0.95032473026625,0.9920426058080041,0.9918033574115157,0.9810556755298155,0.9970041961695781,0.9484005464137326,0.9688653676550463,0.9945232114635237,0.9920721716560047,0.9508533547784933,0.8008066006523273,0.8517104116109866,0.9338324369816612,0.879804180097674
[US] 나스닥,0.8957637422231238,-0.0801322773246666,0.8720265010076065,0.8467244836879307,0.8496958773976326,0.9250766462560042,0.817534938514292,0.8632610643230261,0.8163426991962335,0.915256497291922,0.7227552725715141,0.476162509688298,0.025580827085265063,0.6867088984645243,-0.6670315700524383,0.89680798303856,0.8307338399015909,0.931533443482827,-0.37311371390640496,0.841506201582094,0.9912785822029697,0.696468055708152,0.9978485085420965,0.9774391906163473,0.9910073153362134,0.9904665349025342,0.9892072269638583,0.9940316674439815,0.9982868324726996,0.9982958874578485,0.9556348822463314,0.9557394459191698,0.998632079478172,0.9993371452782418,1.0,0.9911129859249923,0.9108878566245602,0.9673998634957719,0.8498574778322173,0.9802844043760964,0.7786051140755534,0.8966004118861012,0.4270724523573028,0.8748701002625893,0.8671898518627874,0.9219436696866311,0.7936554494113662,0.9488866291360223,0.9850889896673498,0.6299511125195327,0.9696213856782927,0.9990481200622283,0.9553681549594968,0.7910611770571626,0.7917028613399385,0.9572670822765079,0.9150928172423008,0.7123680618484755,0.8783378239239232,0.9543227248811482,0.987690863180217,0.9930833975407204,0.9842507773345159,0.9972025786838187,0.9570521563389535,0.9756445076572331,0.9956742102982227,0.9915638679197156,0.9592972182349325,0.8197978474370642,0.8673311325464166,0.9448662587049056,0.8938068588331163
[US] 나스닥 레버리지,0.9400589507622292,-0.01633176107594636,0.9241152692333569,0.7945522593664602,0.8148821072430779,0.9627263732385185,0.8795456233641449,0.9148505459498908,0.8762243546451338,0.8771076378798602,0.6368530972916588,0.44692291317445265,-0.07215059899635258,0.7707113490939379,-0.5868862501078623,0.9434220589463511,0.8907479838205311,0.9615962758476658,-0.44497011095581096,0.8992271186741994,0.9839128309451775,0.62262981175716,0.9885280270884443,0.9887625526761546,0.9948778860404716,0.9931950323443418,0.9725285634532141,0.992082823507131,0.9859222923894104,0.9859772146570779,0.9817174167715644,0.9818360657203068,0.9878692688257291,0.9861739512645249,0.9911129859249923,1.0,0.9546434834657426,0.929388232252457,0.9065856148180271,0.9544213231302118,0.8480883079225671,0.9431961978895006,0.4038217645529108,0.925915398016806,0.9183324212407197,0.954440734681032,0.7107685950598276,0.9750388343512882,0.9596330517003441,0.6446467610436322,0.9299363169083219,0.9864296711251821,0.9834939781642411,0.7096680331432522,0.7454164922185038,0.9165547893816858,0.9453118875518483,0.7657392489756679,0.9247490766165591,0.9534219332794063,0.95946420157122,0.9881013897738538,0.9879319966296614,0.9865682743603094,0.9787142407809165,0.9912653406706621,0.9913916923700703,0.9759787087665109,0.9800771955479904,0.8783060059506448,0.9154867949428697,0.9770066659447821,0.9353339517712903
[US] 미국 반도체,0.9897312117795012,0.07019439821999732,0.990358780071199,0.6235557440019113,0.6831415958571346,0.9974709670629452,0.9768345824894148,0.9876528568201753,0.9683269220040944,0.7304947427225735,0.39632601808483536,0.3317788451536792,-0.3158868330355062,0.917267435844674,-0.39234194673424083,0.9947799745337409,0.9808605171436151,0.9728657753429978,-0.6316459024838431,0.9838418293606245,0.9083286994956459,0.4097258845371194,0.9101573841194174,0.9600842797965307,0.9478530140166878,0.9449635164288168,0.8749024479720513,0.9321932151449396,0.9004249511408325,0.9004925166873595,0.9847483145298004,0.9847023372857746,0.9056294083229288,0.8966990207772789,0.9108878566245602,0.9546434834657426,1.0,0.785810071678463,0.9878524354988969,0.8362195595695945,0.9556854158630745,0.9973218480055361,0.32799798498097393,0.9917878156362558,0.987651975178278,0.9737773876972625,0.4781466590726757,0.9851798840751986,0.8466280310519234,0.648609290371087,0.7846301316766767,0.8981304155930584,0.9919467964723508,0.4716974234770902,0.5791174743625045,0.7634313339521943,0.9710193867266498,0.855315873973923,0.9825335958417837,0.9081668063209057,0.8415740131897279,0.9238602773714176,0.9384779376860574,0.9085845971927572,0.9781537585900171,0.9688520677853772,0.9199384897590661,0.8885749436454826,0.9733713731908101,0.9721070094230092,0.9791904157240005,0.9907262363868163,0.9885207023993225
[US] 엔비디아,0.7585759872001905,-0.22578440503472544,0.725298275964115,0.8668242766209083,0.83180495443483,0.8096470837333627,0.6566515583355548,0.7141778383282467,0.6775389287716158,0.9169897720837414,0.8256916182185446,0.44594993772640024,0.16548606067943367,0.500319289337662,-0.8100531459596781,0.7634339368805795,0.670468930754031,0.8152867750550133,-0.24186397035812143,0.6852663175032112,0.9454548037428748,0.8395657187811029,0.9629908553861098,0.9146809381486762,0.9351670391262689,0.936730424792464,0.9608121624018158,0.9507823730214078,0.9745722891653597,0.9744747683969635,0.8621702584710613,0.862205908349668,0.971525317995388,0.9739649363855516,0.9673998634957719,0.929388232252457,0.785810071678463,1.0,0.6964863545858412,0.9715543942292101,0.5976527810333387,0.7622605048136868,0.524001803498034,0.7302663456634225,0.7190860496092313,0.8268008714437154,0.9119005906523927,0.8427692651849947,0.9764232011185047,0.6320583173828614,0.994434663687287,0.9732893226896082,0.8570220268383846,0.9028683121020602,0.8007899861986629,0.9861348411840902,0.8224280736200313,0.6158723242447929,0.7332867638511641,0.9211731955905373,0.9877396870779387,0.9522954995123121,0.9158467941206143,0.9603804928422097,0.8585253512888177,0.8905069635937982,0.9534364843246357,0.9626213848764671,0.8636516136662387,0.6630440965494151,0.7206074801343582,0.8373993255211042,0.7603317015092845
[US] 마이크론,0.99178859224963,0.16067278437281693,0.9977633550538292,0.5582678871852109,0.6375315383207592,0.9819042619206118,0.9963829864705717,0.9971886688473651,0.9697871793125077,0.6666549597353827,0.2974809075396477,0.3287496538786237,-0.37551829395030173,0.9591691707870589,-0.2641393990443368,0.9900752271158832,0.9985725297274028,0.9619969871392555,-0.666019060175827,0.9988884426885037,0.8545662445993784,0.27810126017894476,0.8488283394059097,0.9119019965381027,0.8966151827990743,0.8913478052778029,0.8122353016310035,0.8733233066854267,0.8339281124136798,0.8341015850615929,0.9527554777389153,0.9528120486771279,0.840816886068239,0.8319094853154057,0.8498574778322173,0.9065856148180271,0.9878524354988969,0.6964863545858412,1.0,0.7632571582782206,0.981633531185904,0.9918329407928198,0.22603687688926685,0.9967391325212891,0.9930606645236918,0.9429254101375784,0.36092519469401885,0.9610031287587583,0.7714809830644068,0.5875810894970851,0.6978894870002481,0.8345035771672733,0.964577408655935,0.3614992434540576,0.5283344141786155,0.6768396519539559,0.9463151392074068,0.8382707335348468,0.990023860105668,0.8519868103088256,0.7667802492319121,0.8651057190725336,0.8978562514669611,0.850915533679013,0.9547023601758229,0.9375822795498133,0.862985006534524,0.8338163862130098,0.9520960305934567,0.9910907444675213,0.9907526854375548,0.9695005782578956,0.9868063548720518
[US] 브로드컴,0.8283360957419734,-0.060356429347260834,0.79386441520791,0.9192592132971018,0.9091018962911773,0.8515549155091199,0.7226702240497292,0.7846460958196441,0.7041176115143116,0.9643290483196686,0.8244741182616002,0.5840881000917767,0.19110028395332174,0.5700077590975706,-0.6801886685317381,0.8221715455437929,0.7440261430641796,0.890136590631893,-0.21555462106588974,0.7551040476987261,0.9849362990784221,0.7121235878516544,0.9816748517869613,0.9275523704695604,0.9570010681084524,0.957189533633223,0.9927147212398512,0.9607953936476616,0.9770107004456935,0.9768823751317491,0.8923003367814104,0.8924451376889448,0.9759637322079442,0.9849598483280678,0.9802844043760964,0.9544213231302118,0.8362195595695945,0.9715543942292101,0.7632571582782206,1.0,0.7011775795708138,0.822993328618849,0.3477335595604422,0.797928709770892,0.7912484077770116,0.8392603203268775,0.8605350202774916,0.898566925003074,0.9902398989358019,0.5111646407493873,0.9841035232803659,0.9841139826487592,0.8956769186856963,0.8623116711518284,0.8625547098093489,0.979871203663859,0.8264313100904132,0.5759576619834891,0.8089220162772179,0.8886450042567505,0.9899628369500552,0.9639527167853639,0.9653935709826874,0.9837334235028783,0.9066930843696793,0.9358362480742284,0.9712978633773803,0.9799655370203112,0.9117677578289687,0.722157568549386,0.7921995776614199,0.8833554693522689,0.8234948552622499
[US] 인텔,0.9656433700681282,0.2980338516109861,0.9789167657842347,0.5168860507717709,0.6172079085226081,0.9408269967953998,0.9758292708539865,0.973595222647661,0.9281941807167888,0.61299278291536,0.222402210013039,0.37346742037255776,-0.37036142974917063,0.9594010692220253,-0.10621936872706111,0.9617345563997778,0.9825824805721249,0.9361916392523356,-0.6160507392341205,0.9788548540875007,0.7948229767386065,0.13001012579232837,0.7757960837962897,0.8399458393419548,0.8276940623786664,0.8210884035032886,0.7484776593529706,0.803768273525991,0.756312327310247,0.756494772868124,0.9045365966465612,0.9046740656611328,0.7648997352850404,0.7592812322966584,0.7786051140755534,0.8480883079225671,0.9556854158630745,0.5976527810333387,0.981633531185904,0.7011775795708138,1.0,0.9658804687943197,0.08594422894947185,0.9777315604336744,0.9765504679191618,0.8852590545901565,0.2516632907260443,0.9251578847005009,0.7016733957849904,0.4656274142153576,0.6095453376766906,0.7612930653628177,0.9184055730498878,0.2611447258627847,0.4998583112954757,0.5927112806757057,0.8768506031128804,0.766506512741227,0.9743468410564124,0.7546592431946518,0.6866413756088443,0.7963457164519917,0.8531703005997776,0.7847457422530335,0.909846168945092,0.8916762634952804,0.7985231341772744,0.7609406622724464,0.9078020014494683,0.9678210969005379,0.9715305954148497,0.9302334940489609,0.9542392375004509
[US] AMD,0.9924520220040988,0.09661487585460475,0.9939051440757383,0.6179110282740715,0.6793292401863023,0.9927946303206142,0.9818773288818599,0.9931561118867641,0.9639096007424452,0.7210363320583403,0.3782369402971295,0.35223285118122016,-0.3226882931852057,0.9233096813699102,-0.3524748072080807,0.9932023302991095,0.9866982639927517,0.9724755839315985,-0.6326730897000508,0.9884887453566146,0.8990157917950276,0.3616463736752843,0.8961881386080011,0.9469549989315611,0.9361592555709864,0.932796512687235,0.8633011288283713,0.9168158176455915,0.8835035817209778,0.8835527328506078,0.9749769683045945,0.9749401551941027,0.889069048426835,0.8815236400463129,0.8966004118861012,0.9431961978895006,0.9973218480055361,0.7622605048136868,0.9918329407928198,0.822993328618849,0.9658804687943197,1.0,0.27776994565332874,0.9953527103625947,0.9945340187750292,0.9613849491463908,0.4511840693316373,0.9835893336298609,0.8309734215578689,0.608945400067228,0.7642614609989126,0.8836420580653186,0.9855454244320342,0.4457412967789878,0.5746229870582437,0.7453280976076475,0.9613019538893934,0.8376493449872002,0.9864289494801025,0.8859768835205191,0.824077309740953,0.9074376805905359,0.9321749947645822,0.8966820791861213,0.97624267924654,0.963092686437917,0.9058806788433215,0.874999416094026,0.968025601154131,0.9749837423220302,0.9824364579363897,0.9851053821636984,0.9931670733819205
[US] 퀄컴,0.22845764128636073,-0.7302518261054649,0.2159706755563503,0.07843088457237843,0.0093226957540487,0.3519225831124732,0.23641100993155276,0.23218610987761096,0.41869159469988265,0.1709846277887444,0.18782724121391253,-0.47152557862822325,-0.3092394477536438,0.1806816543454964,-0.7864908218093021,0.29356623921949976,0.21143103650739498,0.19995410591310148,-0.46794624530174084,0.22680144280811637,0.32849731662233017,0.7607497546049633,0.4188216427812723,0.4763943061537832,0.42893684586587033,0.4410427896470084,0.3387749877064788,0.4679785510768915,0.4712054016555332,0.4709221889812068,0.40857584544486647,0.40739504593748016,0.4648184016214245,0.4302825491702863,0.4270724523573028,0.4038217645529108,0.32799798498097393,0.524001803498034,0.22603687688926685,0.3477335595604422,0.08594422894947185,0.27776994565332874,1.0,0.2284248421602287,0.21715167090059298,0.4901562719205323,0.47039751111805966,0.31004423245472845,0.4177395345964446,0.8873678578581955,0.4664370073512164,0.42398539803564333,0.36900207232316384,0.3950668127924821,-0.012015605930339339,0.41731169989210437,0.48309180463163537,0.6298506673981916,0.1812400464012498,0.6051880354304495,0.4335379745707119,0.455944817051829,0.2859989711206811,0.38585493794492587,0.3118773265058325,0.3104245254137327,0.4104918701266579,0.36769927747803133,0.2856380601291462,0.22801241235030378,0.18006963289182037,0.3234592560502776,0.26827794144476597
[US] 시게이트,0.9961664324632133,0.15189588980335672,0.9977704047199945,0.602393732401771,0.6781707021942173,0.9866184043441695,0.9900857486474225,0.9966507039535704,0.9626342875952769,0.7086453992142997,0.3533985132735805,0.3687745395088591,-0.3246984112036925,0.9416321230031472,-0.2999048236616221,0.9948463208638552,0.9948024893748971,0.9743209558333663,-0.6311720720339079,0.9953685862376694,0.8837079595816648,0.31430400329668595,0.8757045641872359,0.9279999938758811,0.9178484019913705,0.9123936997391313,0.8445028334123357,0.8945633744608726,0.8591647231865573,0.8593055940744273,0.9633826890749017,0.96345399515421,0.8656459748483843,0.8585351598306242,0.8748701002625893,0.925915398016806,0.9917878156362558,0.7302663456634225,0.9967391325212891,0.797928709770892,0.9777315604336744,0.9953527103625947,0.2284248421602287,1.0,0.9956822133081086,0.9449239880375533,0.4081785007033319,0.9723968541902286,0.8030162690420487,0.5800886615796685,0.7331351741549949,0.8619734438971206,0.9747833986592022,0.4095392398643896,0.5694290388622955,0.7159688355185334,0.9462762244758003,0.8213420035950446,0.9909961227544483,0.8632036951513565,0.7995092379261625,0.8889419916957354,0.9206192758723062,0.8772010621910273,0.9669969053228186,0.9533216670286327,0.8862524182188892,0.8586971041237612,0.9629215427622647,0.9834330459353798,0.9903933655376835,0.9797372286349458,0.9911484849615105
[US] 웨스턴디지털,0.9908630181544452,0.13242666981766155,0.9937033221196929,0.5964155575989827,0.667226427827463,0.9811871145362375,0.9857720898727086,0.996203415272751,0.9564677445613234,0.6960974598508157,0.34174178600061117,0.36526843872740244,-0.3342136302124638,0.930603157881741,-0.2943848065055226,0.9866779952002462,0.9913424500016305,0.9646712795325565,-0.6382230957276608,0.9913677663953843,0.8764197752629839,0.2908019660926648,0.8669031196235444,0.9196665840625645,0.9098229257278495,0.9067236351993795,0.8367738744126453,0.8889637060814359,0.8516284961271546,0.8517266539584414,0.9582357860910091,0.95819806064513,0.8580074486344705,0.8508726500601159,0.8671898518627874,0.9183324212407197,0.987651975178278,0.7190860496092313,0.9930606645236918,0.7912484077770116,0.9765504679191618,0.9945340187750292,0.21715167090059298,0.9956822133081086,1.0,0.9417212379565689,0.39726572912862695,0.9741272525559169,0.7998949631124035,0.565922460937493,0.7255477005322531,0.8541334554660958,0.9693090421379869,0.3963470330691519,0.558656618440546,0.7064488827488472,0.9419546727544233,0.8150319611787474,0.9867932609346497,0.8543934804850025,0.790996828254197,0.8811383772504635,0.9150164990769114,0.871477445694416,0.9664814717917892,0.9473902485059872,0.8783091356872659,0.8468098092945028,0.9531198525836164,0.9764850106506571,0.9828805469987845,0.9724825189494812,0.9936843193847528
[US] 애플,0.9453886984809929,-0.07523937145158618,0.9435798859196495,0.6065164229592289,0.6452868294270934,0.9787199120312216,0.931364706290395,0.9441730802676098,0.9582254860844117,0.7074055410035367,0.4050221611642776,0.2210041607367844,-0.3163619135157317,0.8611770075701722,-0.5114290181544803,0.9620549517126415,0.9313875941335493,0.9264801495087602,-0.6475911996953675,0.9379096847814118,0.8950647109034793,0.521377925311516,0.9160154182197101,0.9690924991214657,0.9493801637443487,0.9501143276004392,0.8712659875668376,0.9494864891657353,0.9218610827868454,0.9220118306443855,0.983533577626807,0.9833930847463787,0.9253387001127644,0.9111122936788214,0.9219436696866311,0.954440734681032,0.9737773876972625,0.8268008714437154,0.9429254101375784,0.8392603203268775,0.8852590545901565,0.9613849491463908,0.4901562719205323,0.9449239880375533,0.9417212379565689,1.0,0.5366022033885122,0.9659806571348345,0.8694283948178445,0.7600076804270098,0.8206369941536205,0.9081432279535571,0.9767442102423418,0.5189337240424386,0.5558548888680358,0.7878686871361071,0.9852578263198515,0.8877679596473077,0.9379031577227583,0.9560312755079564,0.8604751158470715,0.9392302863771497,0.9206078770511035,0.9118094471984899,0.9614771985267593,0.9510944909511666,0.9314818252007473,0.8908265361175477,0.949211771092086,0.9273127489066619,0.9292725764959656,0.969213305567937,0.9539032829798327
[US] 마이크로소프트,0.46404980143935964,-0.3209206190610389,0.401906160440073,0.8584834522425556,0.7704765745288317,0.5125578656132572,0.32248738858837217,0.4011747824763001,0.3433216803653923,0.8648027816227045,0.9411716999900194,0.47907900279726956,0.4547137350065924,0.13402591076596548,-0.8769062033225536,0.46352711373138655,0.34239545008637745,0.5602360187384122,0.07562964674976076,0.3609889625677894,0.7831339762247469,0.9043991889530514,0.7998930678883278,0.6940425912846011,0.7351327882397256,0.7399526344093184,0.8237855652609253,0.7517615405758464,0.8069952307437256,0.8066268348551389,0.5896095127724752,0.5895670622374091,0.7992170453948391,0.8122414922173873,0.7936554494113662,0.7107685950598276,0.4781466590726757,0.9119005906523927,0.36092519469401885,0.8605350202774916,0.2516632907260443,0.4511840693316373,0.47039751111805966,0.4081785007033319,0.39726572912862695,0.5366022033885122,1.0,0.576333772509918,0.8533818439189568,0.4271865606380868,0.9135132910904824,0.8100265173756216,0.5847682216323697,0.9883057927011516,0.7895651711682388,0.9183833637321874,0.5350193284656581,0.29432318956105796,0.4196416211967413,0.7057237467790451,0.8679638333876972,0.7592352943128392,0.7113473869692849,0.7900232405476675,0.5974200096601292,0.6501341047196546,0.7634926679645762,0.8042068948467224,0.6091880605941367,0.32131661543922607,0.4038107938674604,0.5571847224797516,0.46563683000918904
[US] 구글,0.9792652524377119,0.03373169404027841,0.9698988618982854,0.7224277785514862,0.7682233705179693,0.9876282606225623,0.9424547751506606,0.9703109998283871,0.9247135644487299,0.807861669314329,0.5102518117552961,0.4176598824204003,-0.1923345651154466,0.8504978773947274,-0.4633319045044849,0.9781346768260258,0.9518540056298365,0.9795214279685398,-0.5499223762842851,0.9566034298059308,0.9516635609832333,0.46397119612549986,0.949956953063446,0.9737240437332534,0.9731836841133258,0.9723307413971918,0.9278075407526899,0.9628740390097587,0.9398627583980181,0.939869674607835,0.98843401438943,0.9883515825051585,0.9438123540976866,0.9397066714735147,0.9488866291360223,0.9750388343512882,0.9851798840751986,0.8427692651849947,0.9610031287587583,0.898566925003074,0.9251578847005009,0.9835893336298609,0.31004423245472845,0.9723968541902286,0.9741272525559169,0.9659806571348345,0.576333772509918,1.0,0.9092488148377563,0.6049733322484426,0.8529292357961142,0.9389887130877762,0.9927299954557995,0.5699438049346153,0.6735285888665333,0.8298236935028187,0.9583514141978822,0.7932062114173613,0.9725321594082416,0.9222565036290021,0.8981109318687432,0.9577581993011812,0.9736624803894346,0.952698076730459,0.9942435284649784,0.9876406338610175,0.9544217051421645,0.9327769514372309,0.9842098547633744,0.9375366736125216,0.9624906463177048,0.9891199204033229,0.9839529737656186
[US] 아마존,0.833652050899219,-0.11887741570567245,0.7987001968015458,0.8917296530987773,0.8803312160112516,0.8646812397761342,0.7366542402974983,0.7953668936930904,0.7344674098860303,0.9360435744399124,0.7909683050534231,0.51380856127498,0.13978971813006658,0.5838311252290248,-0.7104938246349408,0.8333643872288564,0.7539981308123772,0.8851660639338624,-0.27423669185447225,0.7666535916134568,0.9798791664046329,0.7295133495005822,0.9856861464905889,0.9427021097371849,0.9649296310794898,0.9669799262674331,0.9888579006590521,0.9743529244515932,0.9865224857674377,0.9864523686489588,0.910071956609726,0.9101068335596656,0.985458541344309,0.9899241592028893,0.9850889896673498,0.9596330517003441,0.8466280310519234,0.9764232011185047,0.7714809830644068,0.9902398989358019,0.7016733957849904,0.8309734215578689,0.4177395345964446,0.8030162690420487,0.7998949631124035,0.8694283948178445,0.8533818439189568,0.9092488148377563,1.0,0.5733775236262381,0.9886958661179686,0.9865922375349907,0.9045387287658673,0.8483956475582066,0.8332027586249241,0.9737376367687817,0.8520921400965639,0.6235120007219884,0.8141555460356203,0.9221544170439318,0.9917546590667653,0.9764590616993879,0.9630628854404295,0.9859761615928881,0.9154391378786394,0.9388756229640488,0.9787191259755652,0.9788872732652937,0.9138345471430362,0.7352172062682962,0.7966111559041386,0.8909574040580764,0.836658237799457
[US] 제타,0.5600263792488456,-0.523710578673522,0.571614470509417,0.18459041100182236,0.17235194972020146,0.6688749116668007,0.5911902752196568,0.5721116001608727,0.7358357328374059,0.31390545567791983,0.15671789829453414,-0.3424388543280999,-0.5041667004476724,0.5588983960061077,-0.6853242464732414,0.6150792329050254,0.5655694579468292,0.5102039931921235,-0.72435201235894,0.5765338542117685,0.5410038266341392,0.6729496820184547,0.6158877142735596,0.711667680645249,0.6544891125926183,0.6636235903048483,0.5228633191073041,0.6801795198928542,0.6593474767831116,0.6591812703542138,0.6857266814491145,0.684652917611096,0.6577516137104296,0.621487883370253,0.6299511125195327,0.6446467610436322,0.648609290371087,0.6320583173828614,0.5875810894970851,0.5111646407493873,0.4656274142153576,0.608945400067228,0.8873678578581955,0.5800886615796685,0.565922460937493,0.7600076804270098,0.4271865606380868,0.6049733322484426,0.5733775236262381,1.0,0.5794168188083971,0.6186953537119331,0.6603749500017102,0.36381958137088555,0.09992205294242633,0.5351960806503199,0.7709417404845131,0.8746585670456013,0.5362226055210344,0.8036557150752016,0.5905519864955139,0.6655833389582019,0.5391661515687869,0.5970210736122259,0.6031659013029738,0.5873375705324765,0.6220946543744865,0.5793691176175676,0.5860865588735684,0.5977394671254045,0.5415491110030797,0.6199511964819465,0.5870862209459302
[US] M7 ETF,0.7672402758904848,-0.18711879018838692,0.7284133200281949,0.9002872205322866,0.8701696708225488,0.8078030452542222,0.659263881455981,0.7219754849562949,0.6663509081264933,0.9405529213126941,0.8449570886844535,0.5007871777461339,0.20889192985360444,0.49541388480928217,-0.7841904968284934,0.7674388774990063,0.6760971900873773,0.8287415341226944,-0.21009231672075915,0.6906249540033131,0.9572795775222479,0.8075677304662519,0.9682601237527283,0.9114633063424386,0.937214147199336,0.9392644753380723,0.973545173286949,0.9509622605582218,0.9745941821807653,0.9744997371730623,0.8620513120672473,0.8621172133019437,0.9718600140768747,0.9773534506512463,0.9696213856782927,0.9299363169083219,0.7846301316766767,0.994434663687287,0.6978894870002481,0.9841035232803659,0.6095453376766906,0.7642614609989126,0.4664370073512164,0.7331351741549949,0.7255477005322531,0.8206369941536205,0.9135132910904824,0.8529292357961142,0.9886958661179686,0.5794168188083971,1.0,0.975005068280714,0.8562031206300339,0.9076033062471833,0.8398602637280032,0.9888958101754493,0.8094231646864654,0.5763131833298542,0.7428079409396985,0.9072957363980986,0.9919792949807696,0.954754411357516,0.9284865448656512,0.9677173485506869,0.8668526800807425,0.8974979037704977,0.9569821985994914,0.9680633323636554,0.8692560349422137,0.661137138609865,0.726824440393128,0.8388792130799346,0.7690570293598192
[US] 모멘텀 ETF,0.8822655791220867,-0.08923146233539757,0.8582624857225972,0.8587915744774084,0.8579298760310774,0.9129442451625368,0.7989638424657849,0.8475146930370273,0.79701781824614,0.9248547191543349,0.7457722235446331,0.4907688821794085,0.05424246776742206,0.6630857759679244,-0.6812084731264191,0.8823095219160542,0.8131400489914105,0.9221171565604593,-0.347195144143608,0.8241082628315649,0.9914389774496283,0.7110135490238353,0.9969516545906221,0.9701383463133064,0.9865648627461275,0.9860385354526797,0.9912716257623905,0.990550541577137,0.9975710401360834,0.997580219919823,0.9457165403014262,0.9458502471238801,0.9976128634537386,0.9991616854397783,0.9990481200622283,0.9864296711251821,0.8981304155930584,0.9732893226896082,0.8345035771672733,0.9841139826487592,0.7612930653628177,0.8836420580653186,0.42398539803564333,0.8619734438971206,0.8541334554660958,0.9081432279535571,0.8100265173756216,0.9389887130877762,0.9865922375349907,0.6186953537119331,0.975005068280714,1.0,0.9459846103592806,0.8087379413531668,0.8019578459512391,0.9657108017727882,0.9029350035350242,0.6945446947743321,0.8647007055788598,0.948113395623595,0.9918766686812713,0.9907805761501396,0.981284405494508,0.9968560638118279,0.9491261235980641,0.9695537346190883,0.9936659118759442,0.991986062572981,0.9512491625694676,0.8033508111553528,0.8538618999959138,0.935421557749512,0.8803849697902568
[US] 반도체 ETF,0.9795302469997692,0.016698972626693162,0.9726758884193821,0.7004808265108032,0.7433968779215414,0.9949903306614478,0.9469146114727341,0.9684368121677684,0.9414943488383778,0.79992804239626,0.5033240192101304,0.376354273829445,-0.22215555545075505,0.8641770084266841,-0.48998426479294444,0.9835325114301813,0.9534727722883639,0.9780536592868008,-0.5708959574696392,0.9589673488136496,0.9509462674984721,0.5090196020855177,0.9550979583077591,0.9852594015954996,0.9801499518500795,0.9781344459926448,0.9262982994017045,0.9689520143427429,0.9476494979972624,0.9476746833269215,0.9942051948587792,0.9941721036864488,0.9513572746281883,0.9449778928008801,0.9553681549594968,0.9834939781642411,0.9919467964723508,0.8570220268383846,0.964577408655935,0.8956769186856963,0.9184055730498878,0.9855454244320342,0.36900207232316384,0.9747833986592022,0.9693090421379869,0.9767442102423418,0.5847682216323697,0.9927299954557995,0.9045387287658673,0.6603749500017102,0.8562031206300339,0.9459846103592806,1.0,0.5776844047580423,0.6502030139373287,0.8369764541943682,0.9742545714405235,0.8314248136122371,0.9686916733825677,0.941366052653256,0.9023580285668892,0.962738586493316,0.9693501489910399,0.9530289047025977,0.9900495851115415,0.9886732670254857,0.9596194873498295,0.9372942585623946,0.9873684334601017,0.9447533016546354,0.9633468634411657,0.9951474230657383,0.9787282354132295
[US] 소프트웨어 ETF,0.46696079055709205,-0.22020392812650097,0.40753805443101987,0.897627250393773,0.8168481068439595,0.503997481862309,0.317782346594416,0.397604402638378,0.3199402418079519,0.8902299741221825,0.966715397373062,0.5610546339770791,0.5188029295643941,0.13276977869425172,-0.8170617175225846,0.4596634542043044,0.34119237911313216,0.5711376486760148,0.14915109150910977,0.35908485743607965,0.7859116814589157,0.8737714271438518,0.7919079017747912,0.6728958209613107,0.7222106352736583,0.723734359235473,0.8274766620482212,0.7430658761050901,0.8001562770015833,0.8000906490855962,0.5847708860409934,0.5851595200567267,0.7935885621565818,0.8097766823675656,0.7910611770571626,0.7096680331432522,0.4716974234770902,0.9028683121020602,0.3614992434540576,0.8623116711518284,0.2611447258627847,0.4457412967789878,0.3950668127924821,0.4095392398643896,0.3963470330691519,0.5189337240424386,0.9883057927011516,0.5699438049346153,0.8483956475582066,0.36381958137088555,0.9076033062471833,0.8087379413531668,0.5776844047580423,1.0,0.8473851518486035,0.919057114056165,0.5143653797077221,0.25329887821485836,0.43002815134065253,0.6847994614024017,0.8668149135328665,0.7526305418991032,0.7204436779752975,0.788361171268935,0.5979167263839957,0.6570330287903059,0.7677763076474265,0.8095252343308725,0.6181475710976627,0.32262984193536715,0.4156886870814401,0.5599529529411489,0.4568642150096394
[US] 테슬라,0.6207110436408738,0.22505310834499018,0.5755420974177861,0.9791528009204165,0.9769820660859937,0.5944758737343004,0.4780628105364678,0.5536991036910502,0.3851127772666931,0.9501851975001371,0.8967914939205284,0.8460684361262389,0.569797079700646,0.3192808050842938,-0.4480843294424565,0.5847040558759324,0.5117675535047421,0.7235632776914834,0.1997066805748263,0.5230224795399664,0.8263404471483605,0.5276946072092694,0.7884285569477417,0.6637818560204014,0.7291840751499321,0.7211611377583992,0.8542148692662427,0.7382460373140591,0.7760624161850161,0.7765328280886558,0.651575120248247,0.6528178321142056,0.7761665687828879,0.8041526954967605,0.7917028613399385,0.7454164922185038,0.5791174743625045,0.8007899861986629,0.5283344141786155,0.8625547098093489,0.4998583112954757,0.5746229870582437,-0.012015605930339339,0.5694290388622955,0.558656618440546,0.5558548888680358,0.7895651711682388,0.6735285888665333,0.8332027586249241,0.09992205294242633,0.8398602637280032,0.8019578459512391,0.6502030139373287,0.8473851518486035,1.0,0.8491663035963604,0.5277942911284802,0.17718972804816607,0.6184181129628398,0.621164417650815,0.8314895446423274,0.755921524013728,0.8104291023547059,0.8066452128691687,0.7026409427458931,0.7523516251264101,0.7924933218944635,0.8303764533552737,0.7302750085331827,0.4875901353086972,0.6024649666775693,0.66636270250274,0.5869432494270292
[US] 월마트,0.7470247020805029,-0.15049649755282632,0.7106483498323611,0.9123208057399524,0.8755473964737719,0.7855581511216163,0.6317686549869884,0.6961083827669975,0.6334229467053505,0.9502940143385147,0.8664248929824827,0.5456202385825817,0.25103233919242923,0.4729060249785902,-0.7618339543802767,0.746491488556034,0.6520895219123161,0.8164729942199025,-0.15856440061632812,0.6653756212586395,0.9496160032332361,0.8021609314563549,0.9566590694687709,0.8918642310800914,0.9214755771417875,0.9224527743007638,0.9689601468840353,0.9316580356008072,0.959558402063184,0.9594817099139629,0.837210455827894,0.8374416277313022,0.9566810028608891,0.9648184075254845,0.9572670822765079,0.9165547893816858,0.7634313339521943,0.9861348411840902,0.6768396519539559,0.979871203663859,0.5927112806757057,0.7453280976076475,0.41731169989210437,0.7159688355185334,0.7064488827488472,0.7878686871361071,0.9183833637321874,0.8298236935028187,0.9737376367687817,0.5351960806503199,0.9888958101754493,0.9657108017727882,0.8369764541943682,0.919057114056165,0.8491663035963604,1.0,0.7849567779363419,0.5359468234550112,0.7257955457814087,0.8748136441518156,0.9838485344753609,0.9348082508761569,0.9180516291166865,0.9544478459269157,0.8447443607468037,0.8823163128433621,0.9444867879779596,0.9570746728200341,0.8528689000316939,0.6372249299646067,0.7083970627740981,0.8248550498606718,0.7431889619943788
[US] 코카콜라,0.9475737120648076,-0.1132275267506605,0.9459602602315642,0.5909227866126842,0.6211844278365083,0.9794040437016737,0.9388421834203817,0.9477991663056454,0.964209332904709,0.6982410263917422,0.3989786032922244,0.20993496944287296,-0.35357353749957504,0.8700875534975167,-0.5250318469976584,0.9595452013990823,0.9354482961429359,0.9233357142030936,-0.6925128631934455,0.9415666557678004,0.8900465796433734,0.5286001589693291,0.9127132241206093,0.9705560149138047,0.9486287566557211,0.9488683406826609,0.8626479114143508,0.9419982368566161,0.9153785037198229,0.9154448564443055,0.9747976413440333,0.9745565197185148,0.9185672149281447,0.9027353625381879,0.9150928172423008,0.9453118875518483,0.9710193867266498,0.8224280736200313,0.9463151392074068,0.8264313100904132,0.8768506031128804,0.9613019538893934,0.48309180463163537,0.9462762244758003,0.9419546727544233,0.9852578263198515,0.5350193284656581,0.9583514141978822,0.8520921400965639,0.7709417404845131,0.8094231646864654,0.9029350035350242,0.9742545714405235,0.5143653797077221,0.5277942911284802,0.7849567779363419,1.0,0.9051192300974292,0.9382615480750753,0.9589764414448487,0.8563209686373754,0.929826548612261,0.9116811814946952,0.9065977451398957,0.9583638053816927,0.9458444215282868,0.9214745147386093,0.8925766527642337,0.9502846849088613,0.9390737329849475,0.934464363834162,0.9638449985765936,0.9584100968455165
[US] 일라이릴리,0.80200700929537,-0.21762634252461943,0.8194521845588072,0.2505837955396184,0.2867391988405249,0.8579470091796719,0.8503119604957131,0.8262388251131558,0.933428020341223,0.3889377125273965,0.09010350721949902,-0.15543531739420907,-0.6513903580757745,0.844072114140193,-0.43388483411160494,0.8384482624154744,0.8313408517969315,0.7353466419216299,-0.8461793189713015,0.8363428699463294,0.6615300404892137,0.43224413068625933,0.7062111268399973,0.8222511673607547,0.7705209144974815,0.7720233353685199,0.6207985535044428,0.7686092931254364,0.7229363403662776,0.7229685387823681,0.8389996440651444,0.838378714684924,0.726628370862806,0.6940165463769329,0.7123680618484755,0.7657392489756679,0.855315873973923,0.6158723242447929,0.8382707335348468,0.5759576619834891,0.766506512741227,0.8376493449872002,0.6298506673981916,0.8213420035950446,0.8150319611787474,0.8877679596473077,0.29432318956105796,0.7932062114173613,0.6235120007219884,0.8746585670456013,0.5763131833298542,0.6945446947743321,0.8314248136122371,0.25329887821485836,0.17718972804816607,0.5359468234550112,0.9051192300974292,1.0,0.7889003075074555,0.8474982067562798,0.6317999153800509,0.7481048051183226,0.689687516091311,0.690125756935778,0.7812093514014073,0.7546320123345279,0.7205503899004928,0.6671387064774964,0.7685288092438748,0.8555182731461857,0.7988320681309304,0.8141081257644195,0.8212833352816659
[US] 존슨 앤드 존슨,0.9944402637902372,0.1909109053267919,0.9936047897943093,0.6439221382783286,0.7202001162451004,0.9795951416502899,0.9802370663406471,0.9906627547809647,0.940664276919989,0.7332123058706752,0.38181561606801834,0.4227139233296949,-0.2670600421656814,0.9289794713267674,-0.2782250209813617,0.9877036808146931,0.9874233540607555,0.9814465671577888,-0.5868988786047529,0.9887471565163076,0.8888929461224905,0.3034129652275472,0.8784001877770052,0.91977469177769,0.9145877980882805,0.908331207383051,0.8553908221119849,0.8957073706899024,0.8618942977542012,0.8621749426049309,0.9603512036277886,0.9606569597189043,0.8686253764756032,0.8638052129024113,0.8783378239239232,0.9247490766165591,0.9825335958417837,0.7332867638511641,0.990023860105668,0.8089220162772179,0.9743468410564124,0.9864289494801025,0.1812400464012498,0.9909961227544483,0.9867932609346497,0.9379031577227583,0.4196416211967413,0.9725321594082416,0.8141555460356203,0.5362226055210344,0.7428079409396985,0.8647007055788598,0.9686916733825677,0.43002815134065253,0.6184181129628398,0.7257955457814087,0.9382615480750753,0.7889003075074555,1.0,0.8603160836721948,0.8081764211043498,0.8910915985411262,0.9313604363886847,0.8835586746663208,0.9694085618991531,0.959208090076887,0.8950037426092147,0.8719069959539114,0.9721378128299534,0.9790050958692489,0.995195946251593,0.9778828490669076,0.9851739728288482
[US] 애브비,0.8748506316818847,-0.23956578286930666,0.8599906081532206,0.6863854915526642,0.6929822817372909,0.9275736918340008,0.8347830252471615,0.8593480991885907,0.8778186043248881,0.7731970572325297,0.5629139837945216,0.22665533101353966,-0.17985853215826694,0.7280748029151466,-0.7074398594582991,0.8900662473101715,0.8333565111633096,0.8764089426675832,-0.5657246682122206,0.845619375994428,0.9160602122763356,0.7106474882175531,0.9474259661563406,0.9694672474654044,0.9589689398495009,0.9600541972815178,0.9080821521023403,0.9716869933213002,0.9636312783153215,0.963741180744534,0.9535510014649831,0.9533925500427898,0.9640474105786322,0.95032473026625,0.9543227248811482,0.9534219332794063,0.9081668063209057,0.9211731955905373,0.8519868103088256,0.8886450042567505,0.7546592431946518,0.8859768835205191,0.6051880354304495,0.8632036951513565,0.8543934804850025,0.9560312755079564,0.7057237467790451,0.9222565036290021,0.9221544170439318,0.8036557150752016,0.9072957363980986,0.948113395623595,0.941366052653256,0.6847994614024017,0.621164417650815,0.8748136441518156,0.9589764414448487,0.8474982067562798,0.8603160836721948,1.0,0.9298007413622301,0.9679270818215251,0.9191880363017347,0.9439283709093387,0.9315302128604986,0.933614202336562,0.9536008653889843,0.9379290779341876,0.9262165910231247,0.8413931174368522,0.8542486439460956,0.9231920845150333,0.886035504343221
[US] 제이피모건,0.8264318374447016,-0.1358914585492564,0.7946479560793557,0.8926087034991687,0.8786317597487773,0.8615982558634404,0.7281190798422549,0.7847496089247957,0.7287171117982175,0.9429000950486154,0.8096764043516261,0.5118139980739069,0.1444797172197178,0.5773603032169675,-0.7342812298671564,0.8259112440769626,0.7444924898512302,0.8796533088414045,-0.27234658576390275,0.7570234634511221,0.9798632387787489,0.7633761584549855,0.9862687348113259,0.9405983484777592,0.9638539693277829,0.9640526507619638,0.9881866463560853,0.9746955253056571,0.9898677851759645,0.9898542793825329,0.9062754684183179,0.9064136400258006,0.9886819450343424,0.9920426058080041,0.987690863180217,0.95946420157122,0.8415740131897279,0.9877396870779387,0.7667802492319121,0.9899628369500552,0.6866413756088443,0.824077309740953,0.4335379745707119,0.7995092379261625,0.790996828254197,0.8604751158470715,0.8679638333876972,0.8981109318687432,0.9917546590667653,0.5905519864955139,0.9919792949807696,0.9918766686812713,0.9023580285668892,0.8668149135328665,0.8314895446423274,0.9838485344753609,0.8563209686373754,0.6317999153800509,0.8081764211043498,0.9298007413622301,1.0,0.9789967204538489,0.961254431164592,0.9882138275710131,0.9110652863037124,0.9372314240865477,0.9797738512762552,0.9875475359796712,0.9152135725558654,0.7348942170813099,0.7950625256510059,0.8884711967924321,0.8253312322554582
[US] 뱅크 오브 아메리카,0.9036475710885811,-0.10486227548461828,0.8831600938169827,0.8135228859104544,0.8286631087657351,0.938154261106057,0.834586242962997,0.8755131603131058,0.8428122204881106,0.8864623435810733,0.6815709204340402,0.426073708258418,-0.022370202176935923,0.7108741917816858,-0.663233429206823,0.9102738803493569,0.8455837432639075,0.9316432338698153,-0.42527214563114624,0.855836499141507,0.9812442823174832,0.6841581939342161,0.9908317234325634,0.9801898269417942,0.9890097830890617,0.9887233664990382,0.9763671117720925,0.9972133125999857,0.9943209738138221,0.9943670618737595,0.96954909112674,0.9695771458033187,0.9953237619076026,0.9918033574115157,0.9930833975407204,0.9881013897738538,0.9238602773714176,0.9522954995123121,0.8651057190725336,0.9639527167853639,0.7963457164519917,0.9074376805905359,0.455944817051829,0.8889419916957354,0.8811383772504635,0.9392302863771497,0.7592352943128392,0.9577581993011812,0.9764590616993879,0.6655833389582019,0.954754411357516,0.9907805761501396,0.962738586493316,0.7526305418991032,0.755921524013728,0.9348082508761569,0.929826548612261,0.7481048051183226,0.8910915985411262,0.9679270818215251,0.9789967204538489,1.0,0.9809787041087639,0.9924457375838538,0.9632266817179017,0.9755909220291917,0.9924669875704971,0.9828806712485788,0.9613991476220218,0.839695245425638,0.8802147191640274,0.9517968661651235,0.9048249955278286
[US] 모건스탠리,0.9403392180517761,0.05491343142628002,0.9191126431192614,0.8519068537012842,0.8803711556421291,0.9468326437879029,0.8673405432935136,0.9107597938753315,0.8367722298735659,0.9173983171726966,0.6822815604639656,0.5557185168387547,0.017103636353491034,0.748915563833674,-0.5373714145112639,0.9330245951749042,0.8839252848412356,0.9733007458355163,-0.37438209147721246,0.8914563974185093,0.9932087854593857,0.5693061873606663,0.9852503789559508,0.9665554081818197,0.98418614921737,0.9811698021950852,0.9843847710271142,0.979497892562396,0.9750140602963526,0.9751140932161204,0.9661278478109067,0.9663904660178831,0.9775267483274789,0.9810556755298155,0.9842507773345159,0.9879319966296614,0.9384779376860574,0.9158467941206143,0.8978562514669611,0.9653935709826874,0.8531703005997776,0.9321749947645822,0.2859989711206811,0.9206192758723062,0.9150164990769114,0.9206078770511035,0.7113473869692849,0.9736624803894346,0.9630628854404295,0.5391661515687869,0.9284865448656512,0.981284405494508,0.9693501489910399,0.7204436779752975,0.8104291023547059,0.9180516291166865,0.9116811814946952,0.689687516091311,0.9313604363886847,0.9191880363017347,0.961254431164592,0.9809787041087639,1.0,0.9894857620779559,0.9793879128215486,0.9927373513092227,0.9869100123381394,0.9823167222761553,0.9829063304043373,0.8683381383472478,0.9199129438524118,0.9686787599539083,0.9328942941895026
[US] 골드만삭스,0.8987154426520161,-0.06907101914100519,0.8734534475844958,0.8625477402723866,0.8694907438664451,0.9230643780772595,0.8174867018595553,0.8664193766002505,0.8068807293509958,0.9265505008015724,0.7341375774409042,0.5081862325649927,0.045953153208107896,0.681789707748648,-0.6539853451619462,0.8955158675726709,0.8323206357721926,0.9366521092443778,-0.36317298921310154,0.8423916409773528,0.9950886620604835,0.6741198302991064,0.997430465860077,0.9719501610990169,0.9891230153683244,0.9886986867512182,0.9926827993215148,0.9909103130595179,0.9944006751582176,0.9943710765978332,0.9525502324285352,0.9526162722306298,0.9949422443929515,0.9970041961695781,0.9972025786838187,0.9865682743603094,0.9085845971927572,0.9603804928422097,0.850915533679013,0.9837334235028783,0.7847457422530335,0.8966820791861213,0.38585493794492587,0.8772010621910273,0.871477445694416,0.9118094471984899,0.7900232405476675,0.952698076730459,0.9859761615928881,0.5970210736122259,0.9677173485506869,0.9968560638118279,0.9530289047025977,0.788361171268935,0.8066452128691687,0.9544478459269157,0.9065977451398957,0.690125756935778,0.8835586746663208,0.9439283709093387,0.9882138275710131,0.9924457375838538,0.9894857620779559,1.0,0.960979959303593,0.9770405477755829,0.9926880616245343,0.993656201764655,0.9612679561667142,0.8204668288805371,0.8717331520176081,0.9428875054650546,0.8984053285362228
[US] 이즈코프,0.9776925670535941,0.026215158703318822,0.9657629324019812,0.745967632724752,0.7876408947664828,0.9827229763338607,0.9371886290090196,0.9662667287875276,0.9142344448752278,0.8263961357116282,0.5385985849036914,0.4412277382440119,-0.15918608623481842,0.8376125871617702,-0.4806368041607565,0.9712019022605746,0.9455750441156422,0.9793962766437183,-0.5296496351704428,0.9510071260751325,0.9591224586651471,0.48336671471770465,0.95582247584144,0.9723081921460943,0.9755943401702938,0.9730699170625693,0.9364554829057622,0.9669897839417007,0.9480081935469536,0.9481369047009088,0.9865864644408362,0.9866522741635585,0.9518364601904792,0.9484005464137326,0.9570521563389535,0.9787142407809165,0.9781537585900171,0.8585253512888177,0.9547023601758229,0.9066930843696793,0.909846168945092,0.97624267924654,0.3118773265058325,0.9669969053228186,0.9664814717917892,0.9614771985267593,0.5974200096601292,0.9942435284649784,0.9154391378786394,0.6031659013029738,0.8668526800807425,0.9491261235980641,0.9900495851115415,0.5979167263839957,0.7026409427458931,0.8447443607468037,0.9583638053816927,0.7812093514014073,0.9694085618991531,0.9315302128604986,0.9110652863037124,0.9632266817179017,0.9793879128215486,0.960979959303593,1.0,0.9925717712249832,0.9635594580217262,0.946513182598898,0.9887396916507885,0.9316827251054668,0.9605675797501841,0.9884952294558282,0.9815969881636787
[US] 이머징 마켓,0.9682490786277291,0.05923973214291662,0.9537927957856277,0.7928999477670875,0.8290836200993397,0.9748324254420403,0.9137526681424507,0.9466409095604268,0.8894325609496997,0.8708553389236001,0.6026262427115605,0.49076776830169727,-0.08615365099646718,0.8115530534172182,-0.5033081693297619,0.9632293933123326,0.925485985469385,0.985421212705237,-0.4586274280314455,0.9323229425800938,0.9794352565218915,0.5347943058663974,0.9748611001078235,0.9773079911330399,0.9856535429527604,0.98220289604405,0.9625955429185067,0.9779927464807379,0.9660408956544608,0.9661971554020241,0.9845203398179909,0.984767947011363,0.9694177215380478,0.9688653676550463,0.9756445076572331,0.9912653406706621,0.9688520677853772,0.8905069635937982,0.9375822795498133,0.9358362480742284,0.8916762634952804,0.963092686437917,0.3104245254137327,0.9533216670286327,0.9473902485059872,0.9510944909511666,0.6501341047196546,0.9876406338610175,0.9388756229640488,0.5873375705324765,0.8974979037704977,0.9695537346190883,0.9886732670254857,0.6570330287903059,0.7523516251264101,0.8823163128433621,0.9458444215282868,0.7546320123345279,0.959208090076887,0.933614202336562,0.9372314240865477,0.9755909220291917,0.9927373513092227,0.9770405477755829,0.9925717712249832,1.0,0.9814365773998744,0.968876267059242,0.9950705822043573,0.9138605643498448,0.9516220097600218,0.9885676708273602,0.961709002067474
[US] 선진국 마켓,0.9073912638232784,-0.04833817024905104,0.8850291633043649,0.8429792319177524,0.851920678347916,0.9322464903640352,0.832674445555123,0.8759125834069222,0.8294880730434997,0.9044862739203547,0.6981314365111844,0.481657719593631,0.015095115165048438,0.7085461561127611,-0.6280269178167927,0.9089577829939154,0.8458576341687044,0.940653853776967,-0.37749248885612424,0.8558252201259651,0.9876106350656871,0.668324607136477,0.9925640094163183,0.9752206446114671,0.9881736066415175,0.9862151259411529,0.9848719946893875,0.9938820664721806,0.993828780229244,0.9940032652583233,0.9646729846531185,0.964958181765001,0.9950792345598167,0.9945232114635237,0.9956742102982227,0.9913916923700703,0.9199384897590661,0.9534364843246357,0.862985006534524,0.9712978633773803,0.7985231341772744,0.9058806788433215,0.4104918701266579,0.8862524182188892,0.8783091356872659,0.9314818252007473,0.7634926679645762,0.9544217051421645,0.9787191259755652,0.6220946543744865,0.9569821985994914,0.9936659118759442,0.9596194873498295,0.7677763076474265,0.7924933218944635,0.9444867879779596,0.9214745147386093,0.7205503899004928,0.8950037426092147,0.9536008653889843,0.9797738512762552,0.9924669875704971,0.9869100123381394,0.9926880616245343,0.9635594580217262,0.9814365773998744,1.0,0.9868173500074628,0.9663395435542406,0.834470820793344,0.8821691053101663,0.9544771543764413,0.9038893133243809
[US] 금,0.8853726479800931,-0.04750638949435636,0.8583121565120556,0.8782561973210455,0.8847551436333833,0.906586188982362,0.7996389866954481,0.847525882187654,0.7830490667394104,0.9396718475104289,0.7593348970837827,0.531358280622788,0.0842896009204556,0.665468492750796,-0.6546463836523622,0.8788984831842162,0.8140913529130271,0.9303589194657292,-0.33042356200357587,0.8254625126707569,0.9902384156579558,0.6887960818416842,0.9916978181079317,0.9586759954345648,0.9787276797006544,0.976298151012751,0.9900209760453175,0.979620603808641,0.988089839095397,0.9881675247224566,0.9354793773927695,0.935721273998922,0.9885379837278676,0.9920721716560047,0.9915638679197156,0.9759787087665109,0.8885749436454826,0.9626213848764671,0.8338163862130098,0.9799655370203112,0.7609406622724464,0.874999416094026,0.36769927747803133,0.8586971041237612,0.8468098092945028,0.8908265361175477,0.8042068948467224,0.9327769514372309,0.9788872732652937,0.5793691176175676,0.9680633323636554,0.991986062572981,0.9372942585623946,0.8095252343308725,0.8303764533552737,0.9570746728200341,0.8925766527642337,0.6671387064774964,0.8719069959539114,0.9379290779341876,0.9875475359796712,0.9828806712485788,0.9823167222761553,0.993656201764655,0.946513182598898,0.968876267059242,0.9868173500074628,1.0,0.9594577971133846,0.8095392380577598,0.8644061399217631,0.9290540127288134,0.8774295104675685
[US] 은,0.9778598536413577,0.09288680028591584,0.9656235188605118,0.7652779329936484,0.8116164612119704,0.9798234868766804,0.9315954831429021,0.9577711607638268,0.9032629658999998,0.8496445429112714,0.5647678518752426,0.4770205007780211,-0.12369707474837854,0.842758373830709,-0.4629487871199363,0.971924327152142,0.9413498523919137,0.9909662833836564,-0.48987702657943916,0.9478824713853833,0.9647741736925426,0.5008582351333519,0.9597347552245898,0.9702165721494372,0.9753518501957168,0.9702827720155224,0.9437040638506715,0.9636460576914232,0.9483216249241352,0.9485260456103435,0.9817584463049003,0.9820358917738382,0.9524280798600182,0.9508533547784933,0.9592972182349325,0.9800771955479904,0.9733713731908101,0.8636516136662387,0.9520960305934567,0.9117677578289687,0.9078020014494683,0.968025601154131,0.2856380601291462,0.9629215427622647,0.9531198525836164,0.949211771092086,0.6091880605941367,0.9842098547633744,0.9138345471430362,0.5860865588735684,0.8692560349422137,0.9512491625694676,0.9873684334601017,0.6181475710976627,0.7302750085331827,0.8528689000316939,0.9502846849088613,0.7685288092438748,0.9721378128299534,0.9262165910231247,0.9152135725558654,0.9613991476220218,0.9829063304043373,0.9612679561667142,0.9887396916507885,0.9950705822043573,0.9663395435542406,0.9594577971133846,1.0,0.9362090261306365,0.9688584598230353,0.9892789611433044,0.9663522888829348
[US] 미국 오일 펀드,0.9780480883649164,0.1675714911318264,0.986000070418005,0.5146483111826416,0.5974844824281496,0.9689044155037823,0.9924114437472773,0.9850443462688472,0.968690934106415,0.6268261468774324,0.2534848397976621,0.2832715527115075,-0.41693730681107727,0.9665415455183921,-0.2399538046481003,0.9770026534067091,0.9901295467381322,0.94191916541459,-0.6916455199630402,0.9918175287729547,0.8224504455543495,0.26155541728667786,0.8187220661712593,0.8893650079988137,0.8700814986782539,0.8638776873721845,0.7770174960662458,0.8462792023026092,0.805000445271728,0.8052693093161033,0.934071326389605,0.9342311385556057,0.8123403834995483,0.8008066006523273,0.8197978474370642,0.8783060059506448,0.9721070094230092,0.6630440965494151,0.9910907444675213,0.722157568549386,0.9678210969005379,0.9749837423220302,0.22801241235030378,0.9834330459353798,0.9764850106506571,0.9273127489066619,0.32131661543922607,0.9375366736125216,0.7352172062682962,0.5977394671254045,0.661137138609865,0.8033508111553528,0.9447533016546354,0.32262984193536715,0.4875901353086972,0.6372249299646067,0.9390737329849475,0.8555182731461857,0.9790050958692489,0.8413931174368522,0.7348942170813099,0.839695245425638,0.8683381383472478,0.8204668288805371,0.9316827251054668,0.9138605643498448,0.834470820793344,0.8095392380577598,0.9362090261306365,1.0,0.9893923272497424,0.9514940648541552,0.9699349588538497
[US] 원자재 펀드,0.9929429607566908,0.20927607388303543,0.9936088423509417,0.6241117908808655,0.703263178671455,0.9770435379584563,0.9831465555122385,0.9889858054322529,0.9424210842660679,0.7215007217587359,0.3677220039913597,0.4078706420142248,-0.2868314701532217,0.9370049473905712,-0.2669477700408558,0.985572197724385,0.9879344563195229,0.977436738259557,-0.5933798877268384,0.9901596169176657,0.8791649792486393,0.29933511706328225,0.8671361405286172,0.9112575531443546,0.9051492212193591,0.8980554221822238,0.8415283115032358,0.8834758956591725,0.850139175927644,0.8504499188044546,0.9527046679127475,0.9530516076667302,0.8571240004497126,0.8517104116109866,0.8673311325464166,0.9154867949428697,0.9791904157240005,0.7206074801343582,0.9907526854375548,0.7921995776614199,0.9715305954148497,0.9824364579363897,0.18006963289182037,0.9903933655376835,0.9828805469987845,0.9292725764959656,0.4038107938674604,0.9624906463177048,0.7966111559041386,0.5415491110030797,0.726824440393128,0.8538618999959138,0.9633468634411657,0.4156886870814401,0.6024649666775693,0.7083970627740981,0.934464363834162,0.7988320681309304,0.995195946251593,0.8542486439460956,0.7950625256510059,0.8802147191640274,0.9199129438524118,0.8717331520176081,0.9605675797501841,0.9516220097600218,0.8821691053101663,0.8644061399217631,0.9688584598230353,0.9893923272497424,1.0,0.9726448594823297,0.9794945407385193
[IDX] 닛케이225,0.9863413582542809,0.05121235399528652,0.9784728087199989,0.7049399372740393,0.752839881950928,0.993727448874735,0.953623099450466,0.9736280196879044,0.941209334043209,0.8003412785014987,0.4938434235276761,0.4052229714478738,-0.20830625396088584,0.8768865566214067,-0.4445260306443497,0.9895570820493788,0.9614026889625861,0.9851805792078472,-0.5543737612922557,0.9661989024187995,0.944729897476985,0.46551305376488633,0.9440980207167677,0.972866482885334,0.9696417708394737,0.9656347252941082,0.9188806755984649,0.9568296907317674,0.9342217393250805,0.9344113399470345,0.991070830329898,0.9912191543589086,0.9387866146969392,0.9338324369816612,0.9448662587049056,0.9770066659447821,0.9907262363868163,0.8373993255211042,0.9695005782578956,0.8833554693522689,0.9302334940489609,0.9851053821636984,0.3234592560502776,0.9797372286349458,0.9724825189494812,0.969213305567937,0.5571847224797516,0.9891199204033229,0.8909574040580764,0.6199511964819465,0.8388792130799346,0.935421557749512,0.9951474230657383,0.5599529529411489,0.66636270250274,0.8248550498606718,0.9638449985765936,0.8141081257644195,0.9778828490669076,0.9231920845150333,0.8884711967924321,0.9517968661651235,0.9686787599539083,0.9428875054650546,0.9884952294558282,0.9885676708273602,0.9544771543764413,0.9290540127288134,0.9892789611433044,0.9514940648541552,0.9726448594823297,1.0,0.9798840580606669
[KR] 코스피200롱150숏선물,0.9915908962115749,0.06962416851162144,0.9888608842463811,0.6346787429768576,0.6878524237623452,0.9869967991578708,0.9792480475349641,0.994329010290772,0.953376984692032,0.7281363100003192,0.3928750239730901,0.3705285525654592,-0.3039061803894787,0.9090541169162754,-0.36334991563544355,0.9855627213737365,0.9836016751755444,0.9696003996384048,-0.6356051904025765,0.985175539699108,0.9006860011092745,0.3506014498874085,0.8969148121324739,0.9432569691074351,0.9350754244235312,0.9319542057118847,0.8663188187616431,0.9145239099840098,0.8814542410340478,0.881508045149405,0.9690858866721901,0.968969119827942,0.8867441360077466,0.879804180097674,0.8938068588331163,0.9353339517712903,0.9885207023993225,0.7603317015092845,0.9868063548720518,0.8234948552622499,0.9542392375004509,0.9931670733819205,0.26827794144476597,0.9911484849615105,0.9936843193847528,0.9539032829798327,0.46563683000918904,0.9839529737656186,0.836658237799457,0.5870862209459302,0.7690570293598192,0.8803849697902568,0.9787282354132295,0.4568642150096394,0.5869432494270292,0.7431889619943788,0.9584100968455165,0.8212833352816659,0.9851739728288482,0.886035504343221,0.8253312322554582,0.9048249955278286,0.9328942941895026,0.8984053285362228,0.9815969881636787,0.961709002067474,0.9038893133243809,0.8774295104675685,0.9663522888829348,0.9699349588538497,0.9794945407385193,0.9798840580606669,1.0
