,[IDX] KOSPI,[IDX] KOSDAQ,[US] 한국 추종 ETF,[IDX] 항셍,[IDX] 상하이종합,[IDX] 대만가권,[KR] 삼성전자,[KR] SK하이닉스,[KR] 현대차,[KR] 두산에너빌리티,[KR] 현대로템,[KR] 네이버,[KR] 카카오,[KR] LG전자,[KR] KODEX 2차전지산업,[KR] KODEX 자동차,[KR] TIGER 200 IT,[KR] TIGER 200 건설,[KR] TIGER 의료기기,[KR] TIGER 반도체,[KR] TIGER 증권,[KR] TIGER 헬스케어,[KR] TIGER 은행,[KR] 신한지주,[KR] 하나금융지주,[KR] KB금융,[KR] 우리금융지주,[IDX] 다우 존스,[IDX] S&P 500,[US] S&P500,[IDX] 러셀 2000,[US] 러셀,[US] 미국 전체,[IDX] NASDAQ,[US] 나스닥,[US] 나스닥 레버리지,[US] 미국 반도체,[US] 엔비디아,[US] 마이크론,[US] 브로드컴,[US] 인텔,[US] AMD,[US] 퀄컴,[US] 시게이트,[US] 웨스턴디지털,[US] 애플,[US] 마이크로소프트,[US] 구글,[US] 아마존,[US] 제타,[US] M7 ETF,[US] 모멘텀 ETF,[US] 반도체 ETF,[US] 소프트웨어 ETF,[US] 테슬라,[US] 월마트,[US] 코카콜라,[US] 일라이릴리,[US] 존슨 앤드 존슨,[US] 애브비,[US] 제이피모건,[US] 뱅크 오브 아메리카,[US] 모건스탠리,[US] 골드만삭스,[US] 이즈코프,[US] 이머징 마켓,[US] 선진국 마켓,[US] 금,[US] 은,[US] 미국 오일 펀드,[US] 원자재 펀드,[IDX] 닛케이225,[KR] 코스피200롱150숏선물
[IDX] KOSPI,1.0,0.3865305954454988,0.9960581733184646,0.4650310294325057,0.6203678081467465,0.9978460420705284,0.9896388417678587,0.9949363975329367,0.9338606661094583,0.8231794820183308,0.1023573581413559,0.26610039616962694,-0.2961301612555217,0.9005768637716665,-0.05316945681045568,0.9882829649868081,0.9900699016972974,0.9937364453874039,-0.5793433312939517,0.9961036617008955,0.8543542814751681,-0.5358152276219738,0.9535143299702391,0.9959512211185012,0.9766366909093421,0.975678380429536,0.9009597021128704,0.9538559315836517,0.9253580408135873,0.9263133185702537,0.975039238704375,0.9754851102701514,0.9237135709001191,0.897685860170792,0.9242568436955441,0.9464281176385837,0.9962946864879944,0.8675411862965798,0.989426388261843,0.6382234470149929,0.9880949706917689,0.9787950504376094,0.6637743990098379,0.9976400130307109,0.9963399041834328,0.9839631678510459,0.4839851316570933,0.9307463953063707,0.8187394985639536,0.5219827567386983,0.7612110097787422,0.9024873953425261,0.9963630455983594,0.3100183333416927,0.40472366987026165,0.6953596899899248,0.895389765766175,0.7544264594867156,0.9916000836107558,0.956879798866942,0.8103019646752222,0.8975978188115304,0.9164059495619457,0.8800209708257931,0.9851775010532792,0.968358130167952,0.9448863639440529,0.8422881785540621,0.9661286858824293,0.9815589085512657,0.9950758829150891,0.9941817943089356,0.9955406400564288
[IDX] KOSDAQ,0.3865305954454988,1.0,0.3124991813367821,0.9234630460600639,0.874005280222147,0.35786825612784634,0.26431851126473915,0.30483941089888505,0.09093671939322169,0.7667834904574529,0.8656100037435945,0.8965213664263628,0.6950244107820476,-0.002458438301922702,-0.7299477845634788,0.3691750499842332,0.2669586029916748,0.4344023592991917,0.4900088854260957,0.32595441770711925,0.7645673118909969,0.52087710973348,0.6030839601252383,0.4158139463470008,0.5364237572285898,0.5354684251346155,0.6888987495548166,0.5931476979589011,0.6660984001662845,0.6633296618938809,0.5293135675483671,0.5258757425522016,0.6692989156635664,0.7130997427378957,0.6724371812072563,0.6310959296990243,0.32805020492946313,0.7358120679066902,0.251469372870319,0.8930624476318029,0.28273419258489263,0.21392155479761368,0.1784845501232848,0.3286797096848495,0.3155585204414745,0.37258041853664764,0.915492499056069,0.654579170637097,0.7394941450726258,-0.3946933270314197,0.8471266974117903,0.7111825353155319,0.4275719022143827,0.9410579936980555,0.951015706188787,0.8610339902891068,-0.05062406454430673,-0.2632486413745592,0.28571345355627303,0.5475513106755059,0.7849266726175455,0.6861359572527497,0.6769405573573221,0.7254184565212021,0.4789546782692291,0.5755287244765218,0.6231459839409096,0.7649560229047524,0.5614859170825349,0.23650656784467797,0.3348441479857182,0.4912015384269238,0.30162870668834046
[US] 한국 추종 ETF,0.9960581733184646,0.3124991813367821,1.0,0.4336772206899866,0.6067211445639328,0.9984074184785451,0.9963341951431662,0.9977754610933566,0.9572928031890554,0.8079935242728373,-0.028855699997027563,0.11108255398658377,-0.4542707460141172,0.9463041618839857,0.023445822556193503,0.978061002062036,0.9968689659801737,0.9865847650372137,-0.7014731716585334,0.9966611443275094,0.8345797042672456,-0.6998296150689043,0.9417821217703096,0.9908472058443509,0.9649025582987582,0.9660833218113387,0.8972162501677703,0.9426308705153853,0.9267510932255456,0.9269239339503424,0.9649128788472572,0.9649814139727096,0.9244589161078498,0.9065705381770978,0.9305588179914658,0.9505711077617653,0.9955252884211233,0.8802871055743536,0.9968841541121838,0.6456201178985254,0.9863154951628579,0.979807213919247,0.7721280339530452,0.9976096998984051,0.9989059072353138,0.9864215230628133,0.5085892514407623,0.9303591886037254,0.8218651522053936,0.6227722695271476,0.7905597417965831,0.913855981900599,0.9922260826146773,0.3185592542598868,0.4110617091463462,0.7119102587692344,0.9419463811045405,0.8545086180401953,0.9956610116151903,0.9578749847581185,0.7922708066939109,0.8465876820312572,0.8940695291230012,0.8539086556127317,0.9738299284307889,0.9650505097221113,0.9358239421682866,0.8365410477464196,0.9591380735469184,0.9891367612449203,0.9947435565864693,0.9874046687010295,0.9979128311510688
[IDX] 항셍,0.4650310294325057,0.9234630460600639,0.4336772206899866,1.0,0.972597409343626,0.454039346115188,0.3576319620609546,0.3924001420063559,0.19712630988544538,0.8479953506198875,0.8711641555894035,0.9106611909850034,0.5867167962947284,0.11893468052886984,-0.8141987954810564,0.47702497918218983,0.35909444354722825,0.5196222983010348,0.31680520689479286,0.40114959543504447,0.8269135164503806,0.26707245522814843,0.6768979751476839,0.5028112271503503,0.6135683524882996,0.6085877319295823,0.7480078824784926,0.690765715810884,0.7325274471618571,0.7323152810671846,0.6228640311541521,0.6212114644258335,0.7365637647092375,0.7633060334599082,0.7191414630561446,0.6544038963601145,0.42959732982913573,0.7968724459737093,0.383437790899912,0.95414267416471,0.38740791294576965,0.3376120836887325,0.17109748858992868,0.44335605084496554,0.4411978428210664,0.47506026753567593,0.9664446938644455,0.7203059728340492,0.8326175318736909,-0.32598483869203687,0.8825267136854235,0.7464931780297926,0.5122170680673936,0.9613195711098625,0.95089917501786,0.9269820635296876,0.13633643284371727,-0.07158035143176565,0.4308118218857007,0.6223943535448488,0.8753143611175156,0.7982155440958311,0.7746901078841383,0.8203320202470255,0.599290776941069,0.6490526809158154,0.7132578733281162,0.8473302535758951,0.6514170036990928,0.3700099589244717,0.4549303691977508,0.5485235545305484,0.4080747580297331
[IDX] 상하이종합,0.6203678081467465,0.874005280222147,0.6067211445639328,0.972597409343626,1.0,0.6258832659245338,0.5451201123446661,0.5776187754109197,0.39679745887065354,0.9355661659994269,0.765638724549847,0.826887615916802,0.41923496054781534,0.32024044103929805,-0.719539640594676,0.6519592532039863,0.5470065790998286,0.6900531691148546,0.12148880320911817,0.5836242098780862,0.9163937427513663,0.07599153844073324,0.8136079883909098,0.6706375225299553,0.7622681524384858,0.759640342823638,0.8657523784524289,0.8216735307141467,0.8554233139597218,0.8554372134691863,0.7654452939771157,0.7641418029619369,0.8581743715922512,0.8769954502127983,0.844988370817949,0.7923076695404725,0.6037432846733635,0.9004340252091856,0.5615393817944939,0.9782273161593762,0.5640156346795817,0.5205810033660868,0.3271022939613669,0.6149551059351415,0.6131420521307055,0.6373217135352238,0.9529715276568345,0.8437036575542799,0.9177885781809844,-0.15133573949091048,0.950897373114348,0.8644480291706603,0.6761170963652172,0.9010906378623241,0.9054392405045243,0.9737450050747768,0.33627415229057417,0.12440964553227687,0.6072452370512429,0.7671221025919339,0.9480380255161307,0.892009201405016,0.8827826415223244,0.9113110566586107,0.7476492243111327,0.7880935187087955,0.8406623119862627,0.9335682088851199,0.7920741642695052,0.5504474202389975,0.6274330193023253,0.7024500534071879,0.591340773913455
[IDX] 대만가권,0.9978460420705284,0.35786825612784634,0.9984074184785451,0.454039346115188,0.6258832659245338,1.0,0.9955185791576834,0.9976524141186263,0.9546333982984264,0.8196327703550016,0.009338696786328303,0.17902458647080355,-0.42698817957138147,0.9425700664763674,-0.006265250894935695,0.9791058343847983,0.9964187046917945,0.9870403597615635,-0.6855782285748718,0.9975123068436522,0.8471203916289479,-0.6742524442959922,0.9475469912337621,0.9923106880530673,0.969289375562768,0.9701955889391589,0.905499149276882,0.9458995025017125,0.9310472294143319,0.9310251547387441,0.9673297124139797,0.9672279120789585,0.9285749160777269,0.9112961352574266,0.9349960396839404,0.9548639429900468,0.9967625400444289,0.8848797538032576,0.996208541426472,0.6519920257435468,0.9874073507959303,0.9811620443950607,0.7639490914005868,0.9983560297920797,0.998422944299941,0.9898740329206659,0.5111578374732049,0.9343830990330061,0.8254615743697074,0.6140197340993517,0.7963143954545936,0.9175842538257455,0.9946064584586107,0.33645991840027045,0.4317114016829096,0.7167890782382712,0.9359319712498977,0.8420197543387614,0.9951208036013884,0.9628079794043366,0.8005427684152124,0.854852411098185,0.9002604924609147,0.860651525732274,0.9749643327787958,0.9678961434908376,0.9385954510541271,0.846397463327703,0.9640931373365615,0.9884474958368957,0.9959233786920019,0.991588711359435,0.9972073017049405
[KR] 삼성전자,0.9896388417678587,0.26431851126473915,0.9963341951431662,0.3576319620609546,0.5451201123446661,0.9955185791576834,1.0,0.9978492805373211,0.9649802308673915,0.7727341870497283,-0.08295489085878108,0.07090138969175498,-0.5068475330480773,0.9642526770366098,0.07416268287600165,0.965822514071689,0.9994393449600248,0.9756306675691363,-0.7454581893563929,0.9975859180426856,0.8032114832982331,-0.7404045281061628,0.9208153992255638,0.9818205443840037,0.9488908853143331,0.9501851847937726,0.8716309707148333,0.9141547776796796,0.8952462077472306,0.8952856459459388,0.9418966468050463,0.9419592696172421,0.8919547953904275,0.8713666818866829,0.901519732211216,0.9287567297165737,0.9950215293160599,0.8399769971089355,0.9986430741297159,0.5718978056265634,0.9916970309671932,0.9879256684773503,0.7828673907373962,0.9960845283009359,0.9960215390252666,0.9833007756515522,0.41679905691404945,0.9013625850204501,0.7690977746856252,0.6726667860183161,0.7333220420952844,0.8804607415642338,0.9849733015378532,0.2165491401938305,0.3140046789774714,0.6455594269239763,0.9566385089118437,0.8827792200287014,0.9924108294806476,0.9415758625993764,0.7424310234154078,0.8071967966590007,0.8590172996682905,0.8124683905677684,0.9571950398013811,0.9438748386246237,0.9061370187450416,0.7893330266628417,0.9358492610489175,0.9897417872974035,0.9899759558772949,0.9776873137149222,0.9963031307603336
[KR] SK하이닉스,0.9949363975329367,0.30483941089888505,0.9977754610933566,0.3924001420063559,0.5776187754109197,0.9976524141186263,0.9978492805373211,1.0,0.9596115798954482,0.7987485109002178,-0.04536294705065349,0.1045957989100805,-0.4750465415446001,0.9531977117339366,0.04085431622694487,0.9725639153461205,0.9985545818524723,0.9852651489307068,-0.7215425633701915,0.9983198332438864,0.8250925100431639,-0.7193771439225249,0.935215949673229,0.9877424142464402,0.959626309069566,0.9616908687929366,0.8899165824025668,0.9273820794019644,0.9104068294029803,0.9105316292666286,0.9524219696661145,0.9524265769935368,0.9075192982951058,0.8878704195787498,0.9154619214432924,0.9383028268878523,0.9954341691270672,0.8573059585892031,0.997221938298651,0.6017423917886036,0.9909578368714915,0.986062619071539,0.780237451243559,0.9965661933737034,0.996647415386447,0.9862794353099923,0.44763529173519473,0.916946562422676,0.7941583211182734,0.6516349223901564,0.75722948534836,0.89671902650183,0.9888107927090152,0.24886767346007746,0.34405214765536146,0.6725729440995704,0.948195162015066,0.8643454747173837,0.9930070785417695,0.9502428829954784,0.7655228737337889,0.8265023388038485,0.8770155761630214,0.83222743904283,0.9650606914111525,0.9547389078554324,0.9207000613827421,0.8112373484907985,0.9477250435486012,0.9931026366383485,0.9954506468983909,0.9835882935747491,0.9978097926666724
[KR] 현대차,0.9338606661094583,0.09093671939322169,0.9572928031890554,0.19712630988544538,0.39679745887065354,0.9546333982984264,0.9649802308673915,0.9596115798954482,1.0,0.642795340951998,-0.2552796739929969,-0.08747706677153795,-0.6421143798901678,0.9822999379360785,0.27013400778402746,0.9497536525595739,0.9684519521687844,0.9179504507955987,-0.8361995413528418,0.9514029340024421,0.681534999313815,-0.7827006076320685,0.8297188379203965,0.9286711376001623,0.8719679278159964,0.8719350711924856,0.7541313008714333,0.8414631857930007,0.7955712250184164,0.7960282480012538,0.885528688114979,0.886217695059165,0.7930169129557537,0.7577426926463664,0.7940268766565792,0.8278781309537128,0.9446633676848971,0.7210335083825697,0.9633420851293554,0.4180805107732253,0.9391614869438263,0.9442354332357489,0.7230947100065734,0.9464861015943029,0.9562370980570312,0.928222765987236,0.24675544826905213,0.7984103894092336,0.6642828366362037,0.8034301083722554,0.586297734399856,0.7642769249558784,0.9199044341764113,0.029816280979943807,0.13542850614046364,0.48969438587421943,0.986086019633633,0.937184580624966,0.9556682026723349,0.8466691672877389,0.6111022167903754,0.7178427674504617,0.7642823867802936,0.7061273649196985,0.8914361312240972,0.8672284854874113,0.8230073859188449,0.6683604455204225,0.8602791025412899,0.9668687343174293,0.9505907278790506,0.91684251052429,0.9584942319499058
[KR] 두산에너빌리티,0.8231794820183308,0.7667834904574529,0.8079935242728373,0.8479953506198875,0.9355661659994269,0.8196327703550016,0.7727341870497283,0.7987485109002178,0.642795340951998,1.0,0.5586803193345886,0.6510525441570553,0.1373771068037051,0.5859779911180958,-0.5437016603966284,0.8393735784924002,0.7735651995860373,0.8824533348932132,-0.1773551220207525,0.8013345660057308,0.9870495930445388,-0.21366169369727597,0.9512879326270353,0.8628454543943094,0.9224449158526689,0.9212040061837646,0.9740401914550691,0.94134674186843,0.9636481383819722,0.9642313253749683,0.9090626542436483,0.9088111822341404,0.9651995210895328,0.9728706668014263,0.9586106046158802,0.9239492627623699,0.8031049844399402,0.977793656399178,0.7719915569077573,0.9467579580058819,0.7747438795876159,0.7384708925241676,0.5205466274345648,0.8139402679441295,0.8118681968035482,0.8253420531781807,0.8731211542802013,0.9604373073074003,0.9725328594084874,0.0982039883474485,0.9825227138272634,0.9690684382602024,0.8560546491735266,0.7563096968998456,0.7893765189588305,0.9715045957235872,0.5852586613302813,0.3925925274438825,0.8077069814684386,0.9105899452122973,0.9885110404430418,0.9680427664485495,0.9750659062199376,0.9830892631651098,0.9057457363457512,0.9223244862489488,0.9531589728993904,0.9903669586630351,0.9296830762756653,0.7709564537433008,0.8260869184595293,0.8721837326986742,0.8087721373269056
[KR] 현대로템,0.1023573581413559,0.8656100037435945,-0.028855699997027563,0.8711641555894035,0.765638724549847,0.009338696786328303,-0.08295489085878108,-0.04536294705065349,-0.2552796739929969,0.5586803193345886,1.0,0.9478763400706297,0.8936233283007747,-0.33330269765646076,-0.9603577044839132,0.05183654518830669,-0.0833193967883514,0.1076631530804906,0.7106213669720304,-0.03529345830093054,0.5170205066964164,0.6516848790910517,0.3002454298726116,0.08018313999778334,0.2194975832138537,0.21330219619730384,0.4028493433900575,0.2903491821161359,0.3536660010289689,0.3539188963954395,0.20273859577880654,0.20186022186273023,0.35989659795821843,0.40175923519062146,0.34017101133171906,0.25611050912947775,-0.030080921854432494,0.45170758858392385,-0.08596423625447572,0.752841117442109,-0.07293961965567233,-0.12743487899481903,-0.19713665268072014,-0.015143582593030986,-0.019967888087999756,0.019162758427542923,0.8436219971603263,0.3396998445606091,0.5191628919553293,-0.7217114193210967,0.5998399082100594,0.38233998347995896,0.06737249343405587,0.9332294816111243,0.8646810310891319,0.6934105885517108,-0.339584235141087,-0.531307565275651,-0.023883551656604256,0.21701561764336735,0.5912866348567756,0.46779597004484763,0.4138467111047906,0.489275997564936,0.17629554027789718,0.2251792428959312,0.3194733325566836,0.5316815909120338,0.24260927334459184,-0.09314215414698988,-0.0016702123369675345,0.138305965784452,-0.02709788186423239
[KR] 네이버,0.26610039616962694,0.8965213664263628,0.11108255398658377,0.9106611909850034,0.826887615916802,0.17902458647080355,0.07090138969175498,0.1045957989100805,-0.08747706677153795,0.6510525441570553,0.9478763400706297,1.0,0.7776486744449423,-0.17529106334535097,-0.8882678614941367,0.19968179143141898,0.06996858463651762,0.24381389123753935,0.5776876965029067,0.11472930552963405,0.6192971628423617,0.5350659462149288,0.42674481299489814,0.2299447864227678,0.35428824032181394,0.3462398759447967,0.5130065930552595,0.41964422975527443,0.4701433249169021,0.46996781017531875,0.3390913198222512,0.33785274941457416,0.475287916212279,0.5110397564043213,0.453950183226514,0.3768661012174179,0.10672900446054827,0.5598831800213536,0.05251648627295124,0.8038859704692698,0.06565421787335178,0.0006631960639271765,-0.09710578887635257,0.12186307263469173,0.12233809120719603,0.16108989657720066,0.8765877808710516,0.4496509694902734,0.5978808050147318,-0.5812600313875534,0.6830702797210082,0.4895306834374791,0.20219445739846467,0.9378510638975353,0.9131057751214953,0.7600999902441605,-0.20026919533588705,-0.3974093498744313,0.11772614787282226,0.34371339728388717,0.682367224192738,0.5832318164698072,0.5313436315765216,0.5985255712161804,0.3149978109786414,0.3575448703052189,0.4420412739535153,0.636107047946905,0.38170812363899015,0.04495240854918148,0.13512346133921216,0.2883545934924552,0.12444946126952608
[KR] 카카오,-0.2961301612555217,0.6950244107820476,-0.4542707460141172,0.5867167962947284,0.41923496054781534,-0.42698817957138147,-0.5068475330480773,-0.4750465415446001,-0.6421143798901678,0.1373771068037051,0.8936233283007747,0.7776486744449423,1.0,-0.7053686757815293,-0.8474885524163774,-0.38013533419675516,-0.5071105329877544,-0.33612255801548224,0.9414460112384916,-0.46411774873070416,0.09629353112411514,0.8903296631716976,-0.14530584517620782,-0.36149612877607,-0.2260724013376427,-0.23259290043747138,-0.03609752132712991,-0.14710347398548887,-0.08221593515567192,-0.0821872194338094,-0.23312432236857467,-0.23417951612320628,-0.07546669676875149,-0.029175895130507074,-0.0946647961198867,-0.17526813007353817,-0.452753316746458,0.026930941355882875,-0.5039512571558299,0.4023586961683671,-0.48928671502472043,-0.5340498601386282,-0.4913921882088426,-0.4416120519172866,-0.4471526663284252,-0.40984931350081805,0.5483482467861612,-0.09685406950535895,0.11088613342547317,-0.9014958916993561,0.20201306307394368,-0.048921986051664444,-0.3651944829439248,0.715429703635675,0.6194053854367674,0.31735716929187274,-0.709711093006885,-0.8361801474067662,-0.4538962492911273,-0.21981128152046464,0.1849383130076379,0.04937505624609484,-0.017203912887966775,0.06866566766566132,-0.2654988193432919,-0.2112853430484058,-0.1175628247144554,0.11222408271132696,-0.1989386359942576,-0.5119455070861924,-0.43231317775038564,-0.29939111305703536,-0.460478421823017
[KR] LG전자,0.9005768637716665,-0.002458438301922702,0.9463041618839857,0.11893468052886984,0.32024044103929805,0.9425700664763674,0.9642526770366098,0.9531977117339366,0.9822999379360785,0.5859779911180958,-0.33330269765646076,-0.17529106334535097,-0.7053686757815293,1.0,0.3225915386855287,0.9050600146563328,0.9654005438584674,0.8932913076433355,-0.8812176255301186,0.9506224693896703,0.6283791548932414,-0.8515526914889044,0.7935650152229128,0.9073573413770712,0.8407651208746227,0.8429172196151529,0.7197146650293534,0.7903842535626474,0.7544740981749334,0.7543987337134788,0.8399366851962626,0.8402823808144435,0.7499947589724465,0.7190446027154661,0.7630616078795401,0.810632184230175,0.9455885473763668,0.6762985791077639,0.9631905011093972,0.3465663365854766,0.9510023620564119,0.9630028013009303,0.7866649523633851,0.9420007785615653,0.9434642138548928,0.9214927438445121,0.18067749083252577,0.7626133058899959,0.5976588687539911,0.8344098276069879,0.5377299373338533,0.7318944486674771,0.9111589435109199,-0.0349102656009722,0.07164824460854195,0.4291309303132825,0.9902242530962124,0.9717742584294101,0.9409499069023463,0.829303127835339,0.5440321683803084,0.639209772130267,0.702397403252997,0.6390117065582612,0.8548865740517235,0.8332322478322953,0.7740833127283508,0.6060981773186841,0.8191023500993486,0.9570523527057152,0.9341004491667553,0.8923731361681057,0.9467249591872168
[KR] KODEX 2차전지산업,-0.05316945681045568,-0.7299477845634788,0.023445822556193503,-0.8141987954810564,-0.719539640594676,-0.006265250894935695,0.07416268287600165,0.04085431622694487,0.27013400778402746,-0.5437016603966284,-0.9603577044839132,-0.8882678614941367,-0.8474885524163774,0.3225915386855287,1.0,-0.03239996462616401,0.07856038523023172,-0.10808710186249264,-0.6601412358872659,0.030837264247356274,-0.4923934923383338,-0.5647064786910946,-0.29222892366339187,-0.07846491981786864,-0.2137318048751252,-0.20946198699204388,-0.3967321932226318,-0.26713322705199405,-0.33703038628982557,-0.3380220368082556,-0.17791966070771692,-0.17816155859828378,-0.3419785254008112,-0.38560646989195846,-0.32923831257721137,-0.24707699345695563,0.021142890158870283,-0.4349556893184629,0.07283062903166736,-0.7172252219178675,0.055965184355784896,0.104514570581249,0.19906874684726636,0.003976091274011441,0.01355945575866467,-0.021331935506674133,-0.8065448298830346,-0.3288335714828986,-0.4953005179186335,0.7531441611949131,-0.5724001236973331,-0.3700779352847985,-0.07096686536609655,-0.8875318044285279,-0.7974919402035774,-0.6710750421699243,0.3195751515057744,0.5046722634775886,0.008492053822957354,-0.22432855275508973,-0.570059512342042,-0.43797759666789365,-0.3898175503155692,-0.46278481889029466,-0.17428301337535768,-0.2039324101217679,-0.2979121469933581,-0.5086758388265143,-0.22840891384414108,0.0860980672028188,-0.0002581104526505897,-0.10097434055943703,0.017512639684203093
[KR] KODEX 자동차,0.9882829649868081,0.3691750499842332,0.978061002062036,0.47702497918218983,0.6519592532039863,0.9791058343847983,0.965822514071689,0.9725639153461205,0.9497536525595739,0.8393735784924002,0.05183654518830669,0.19968179143141898,-0.38013533419675516,0.9050600146563328,-0.03239996462616401,1.0,0.9698231741257742,0.980766349975658,-0.641125772932848,0.9663069569181402,0.8636148917836972,-0.6074711243433922,0.9495088768238241,0.980487693314488,0.9669958314345254,0.9654745169695165,0.9032713188757476,0.959949157407387,0.9317128743738187,0.9326503572551422,0.9761391981611223,0.9769675215469535,0.9310396864462371,0.9070944792226783,0.9251054546417573,0.9306422157468668,0.963372937349089,0.8863535409196303,0.9667260267451663,0.6707329898539901,0.9421519501717676,0.9331952699000275,0.6578538169526729,0.9714445063007173,0.9801528799430648,0.959197939369489,0.5209790771934255,0.9307187059254441,0.856139781458626,0.5895622239522728,0.7909631117333908,0.9077017574338327,0.9686488821490205,0.31874651990214226,0.39445838936489974,0.7244850594810496,0.9142309896568044,0.799384380944552,0.9811047692527375,0.9402646017769514,0.8181745845228294,0.8897265983081243,0.9192859203853234,0.8829905969187942,0.9765060905931074,0.9629573972617401,0.9507324721789246,0.8563913771766634,0.9608817112206911,0.9690035195841633,0.9809251988334378,0.9802358105539233,0.9787875118872935
[KR] TIGER 200 IT,0.9900699016972974,0.2669586029916748,0.9968689659801737,0.35909444354722825,0.5470065790998286,0.9964187046917945,0.9994393449600248,0.9985545818524723,0.9684519521687844,0.7735651995860373,-0.0833193967883514,0.06996858463651762,-0.5071105329877544,0.9654005438584674,0.07856038523023172,0.9698231741257742,1.0,0.9769720561782047,-0.7453267475576224,0.997725644488401,0.8042557782296481,-0.737567238589153,0.9214396011337316,0.9823442709200361,0.9493266899074272,0.9507601228483292,0.871540589198649,0.915845159883839,0.8958094403062522,0.8958866086300014,0.9438748212443914,0.9439642908308906,0.8926240877384922,0.8714147945575601,0.9013826334159702,0.9279815007213122,0.9949676101755663,0.8399307809196711,0.99883565961297,0.5726089060305819,0.9905413558536803,0.9875933829049061,0.7793854116539661,0.9958941619767046,0.996312879005977,0.9829802617085376,0.41715849234822455,0.9016565569903776,0.772574859722989,0.6791755936719113,0.7330020884828164,0.8804352869722832,0.9849026051147534,0.2144201801392844,0.31141281163961293,0.6448135977908888,0.958522445569612,0.8839007411244132,0.9925021760680411,0.9401571549366811,0.7414462273704102,0.8080435818174906,0.8596916322346362,0.81278998714214,0.9571523758591648,0.9448295815548806,0.9074638484152266,0.7892311903412899,0.9360529269382483,0.9918129608956041,0.9916992703837635,0.9781844529312791,0.9964782988708775
[KR] TIGER 200 건설,0.9937364453874039,0.4344023592991917,0.9865847650372137,0.5196222983010348,0.6900531691148546,0.9870403597615635,0.9756306675691363,0.9852651489307068,0.9179504507955987,0.8824533348932132,0.1076631530804906,0.24381389123753935,-0.33612255801548224,0.8932913076433355,-0.10808710186249264,0.980766349975658,0.9769720561782047,1.0,-0.611901586016779,0.9822286794741891,0.8992601108637825,-0.6175581181764168,0.9764683970218374,0.9942035882068114,0.9881387464609458,0.9897048374840933,0.9449537171412582,0.9673067747548818,0.9568178206118664,0.9574998810425202,0.9789815061816581,0.9792440905705194,0.9554691988421947,0.9400628781348281,0.9573424528636519,0.9634902852041599,0.979699767495424,0.9167762424619297,0.9753863620334023,0.7131273986999909,0.967433637442841,0.9554623357421732,0.729891111880429,0.9849004899331611,0.9859641824579317,0.9782787630896636,0.5689972033865405,0.9624916042624859,0.8748898354959529,0.5321273635964622,0.8390713923366278,0.9453550532632562,0.9881256671321857,0.381441479734432,0.4596993726347771,0.7744836494700595,0.8959383082979833,0.7770499634309682,0.9843271372208872,0.9725464545706782,0.8531328049876011,0.8991058611575851,0.9376840428880712,0.90492924790916,0.9879417056284338,0.9802416984141652,0.9655747744406408,0.8872409917554863,0.9778391287096844,0.9773497838045719,0.9917377795311746,0.9906179993906765,0.9877145981186161
[KR] TIGER 의료기기,-0.5793433312939517,0.4900088854260957,-0.7014731716585334,0.31680520689479286,0.12148880320911817,-0.6855782285748718,-0.7454581893563929,-0.7215425633701915,-0.8361995413528418,-0.1773551220207525,0.7106213669720304,0.5776876965029067,0.9414460112384916,-0.8812176255301186,-0.6601412358872659,-0.641125772932848,-0.7453267475576224,-0.611901586016779,1.0,-0.7102963951715637,-0.21607871278246693,0.9663808315672572,-0.44574580193503105,-0.6316666880773548,-0.5179340153689921,-0.522657739032386,-0.3444981361400255,-0.4354867592056452,-0.3767974537090032,-0.37725950103507055,-0.5103567035089376,-0.5113367552536304,-0.3706193362279215,-0.32640359631633514,-0.38659741954101506,-0.4540269508922349,-0.6951836319402219,-0.2724303051009814,-0.7392252272646709,0.11285404658602313,-0.7217220475711337,-0.7550802127671665,-0.6387876519534917,-0.6891496277421205,-0.6951151056899467,-0.661508981493041,0.2798266700107659,-0.39339069222248824,-0.18414340572001647,-0.9196635309741543,-0.09918765370818867,-0.3429396491118852,-0.6244875717333845,0.48065434565498966,0.37399592782066765,0.01604006672236514,-0.8886975073811542,-0.9533693818770885,-0.702810076392867,-0.5038649116128135,-0.12731784695096315,-0.2552207090436449,-0.32075058501364134,-0.2381165606545224,-0.5469948527689378,-0.4918595967634249,-0.40970280747376103,-0.19285030129242423,-0.4832529961024948,-0.7479636429125683,-0.6846177796956702,-0.5755572607956106,-0.71299472521021
[KR] TIGER 반도체,0.9961036617008955,0.32595441770711925,0.9966611443275094,0.40114959543504447,0.5836242098780862,0.9975123068436522,0.9975859180426856,0.9983198332438864,0.9514029340024421,0.8013345660057308,-0.03529345830093054,0.11472930552963405,-0.46411774873070416,0.9506224693896703,0.030837264247356274,0.9663069569181402,0.997725644488401,0.9822286794741891,-0.7102963951715637,1.0,0.8289432865915348,-0.7121836039964974,0.9360802098521169,0.9859605545124134,0.9596605666247999,0.961515738612242,0.8934063626218115,0.9274746622383215,0.9143240410002644,0.9142215112638059,0.9511963935322424,0.9510388594403334,0.9110577006323151,0.8938467380063538,0.9215704900968955,0.9458522888326494,0.9978217837273772,0.8642758731333995,0.9970786995682142,0.6098589777680302,0.9935820818922145,0.9879213949717115,0.7875209152046245,0.9981998141975473,0.9962076850531584,0.9872425637270058,0.4615426825889064,0.9201447362191847,0.794652856778373,0.6423816176745635,0.7665181568318136,0.9036143268293165,0.9921731852383049,0.2642796400248201,0.35946659034331213,0.6799730637509324,0.939560231320377,0.8580948909896002,0.9904318571521845,0.9539785896618586,0.7689883738748169,0.8249616399651319,0.8772423783843651,0.8340445466885795,0.9645984740737794,0.9572247780048811,0.9216666314395681,0.8146863915163055,0.9473889641361422,0.9881274514775775,0.9926167660949523,0.9856120722322663,0.9951314033341929
[KR] TIGER 증권,0.8543542814751681,0.7645673118909969,0.8345797042672456,0.8269135164503806,0.9163937427513663,0.8471203916289479,0.8032114832982331,0.8250925100431639,0.681534999313815,0.9870495930445388,0.5170205066964164,0.6192971628423617,0.09629353112411514,0.6283791548932414,-0.4923934923383338,0.8636148917836972,0.8042557782296481,0.8992601108637825,-0.21607871278246693,0.8289432865915348,1.0,-0.23759128388356932,0.96757064850179,0.88981904010419,0.9450514433181558,0.9419596654954792,0.9818889798720298,0.9589084214696099,0.9752593468043927,0.9759379560566266,0.931594077490624,0.9313251866574109,0.9768186822681886,0.981353186671202,0.9691168945714002,0.9401729695629178,0.827465704581252,0.9833992989102416,0.7999456507388818,0.9422033993425111,0.7940865293163076,0.7592038389208271,0.5325985152264383,0.838826434710545,0.8387474162035291,0.844880197045354,0.8551817669922236,0.9739618774571605,0.9720109098397693,0.15922289400089723,0.9804725700774264,0.9763756745342412,0.8773903380675738,0.739320323596005,0.7824388608915994,0.9640862179395956,0.6182732991378465,0.44165607578216953,0.8333744836843593,0.9312563509785559,0.9882922638485333,0.9769594504310315,0.9858776564075042,0.9923903185038804,0.9248057437889613,0.941978188502723,0.9693255615373553,0.9907849101125256,0.9428958320490899,0.7925934636381964,0.8460263740655758,0.9045218713174702,0.835468656007613
[KR] TIGER 헬스케어,-0.5358152276219738,0.52087710973348,-0.6998296150689043,0.26707245522814843,0.07599153844073324,-0.6742524442959922,-0.7404045281061628,-0.7193771439225249,-0.7827006076320685,-0.21366169369727597,0.6516848790910517,0.5350659462149288,0.8903296631716976,-0.8515526914889044,-0.5647064786910946,-0.6074711243433922,-0.737567238589153,-0.6175581181764168,0.9663808315672572,-0.7121836039964974,-0.23759128388356932,1.0,-0.4601107464341819,-0.6288857242604134,-0.5239767240087496,-0.5333152250309887,-0.376960791400263,-0.4325100038434488,-0.39427148212778346,-0.3946787569885223,-0.49780298283368996,-0.4982245790294039,-0.3864779926038145,-0.3527726082969431,-0.41281950285067687,-0.47866811386669766,-0.7042897401482899,-0.2994324654907552,-0.740512151950502,0.07357044423558715,-0.7400279347047749,-0.7734066370581062,-0.684592611226439,-0.6955292785575551,-0.6918274108422134,-0.6683437815916015,0.23007348431161015,-0.41676266162253767,-0.20030946420106002,-0.8316398025888907,-0.14129886375043138,-0.3745114316473493,-0.6368486656860878,0.4223477982145904,0.3268324262813383,-0.03352447097049006,-0.8632006141729309,-0.9179240680120019,-0.7000395588235735,-0.5306290214450838,-0.1556728276743992,-0.251973838749575,-0.3285618571483726,-0.24959449930444472,-0.5502667247559484,-0.49898807891502106,-0.41617407961792835,-0.21611152433318012,-0.48772393291314836,-0.7452179574670237,-0.6858704839979888,-0.5570502133400786,-0.7090196287973866
[KR] TIGER 은행,0.9535143299702391,0.6030839601252383,0.9417821217703096,0.6768979751476839,0.8136079883909098,0.9475469912337621,0.9208153992255638,0.935215949673229,0.8297188379203965,0.9512879326270353,0.3002454298726116,0.42674481299489814,-0.14530584517620782,0.7935650152229128,-0.29222892366339187,0.9495088768238241,0.9214396011337316,0.9764683970218374,-0.44574580193503105,0.9360802098521169,0.96757064850179,-0.4601107464341819,1.0,0.9740999972029528,0.9959911810050011,0.9954743230476788,0.9908492227082356,0.9905288644386452,0.9922998638596183,0.9928388064094352,0.9831864945073908,0.9830620244275893,0.9919417734634622,0.9857399248346842,0.9895653744093089,0.9797823823185963,0.935343314321535,0.9733108281930344,0.9201049886203432,0.8354531795397487,0.9135246356146993,0.890372955947505,0.659451477255836,0.9427617071961453,0.9429908143611822,0.9474815811021974,0.7211962355127732,0.9956407443706021,0.9390895877178811,0.3738910882692961,0.9292817757828398,0.9848990024617517,0.9636471706884607,0.5623194271539259,0.6257577889271554,0.8846064325093183,0.7915262180237976,0.6438914990320257,0.9431604589272025,0.9860699560386937,0.9406432153948246,0.9572780948236246,0.9845426840498337,0.9683893882824092,0.9860601600485578,0.9887194358278666,0.9933465691565823,0.9601772156213955,0.988941214350556,0.9174352172118133,0.950638909201036,0.9761712070984226,0.9427613979365396
[KR] 신한지주,0.9959512211185012,0.4158139463470008,0.9908472058443509,0.5028112271503503,0.6706375225299553,0.9923106880530673,0.9818205443840037,0.9877424142464402,0.9286711376001623,0.8628454543943094,0.08018313999778334,0.2299447864227678,-0.36149612877607,0.9073573413770712,-0.07846491981786864,0.980487693314488,0.9823442709200361,0.9942035882068114,-0.6316666880773548,0.9859605545124134,0.88981904010419,-0.6288857242604134,0.9740999972029528,1.0,0.9893213197813184,0.9893728665696506,0.939636771584422,0.9680596516568698,0.9537004875163949,0.9541185390407448,0.9815829867503806,0.9815900557284228,0.9519582575817912,0.9352839942640688,0.9534021844730671,0.9634215089657888,0.9836045661881792,0.9108043401519702,0.980907510048545,0.6943875250502477,0.9709583341141997,0.9577267234265877,0.735501146834664,0.988020371272291,0.9903070672449505,0.9867954115405535,0.5542512249280048,0.9595702284706462,0.857439441052607,0.5644734498561605,0.829655273804939,0.9378902671043284,0.990545373800921,0.3687270937470333,0.4562243496380038,0.7601945694639035,0.9058106760895432,0.7968117795610496,0.9911509681808022,0.9788347782895938,0.8445097048721008,0.8930373182086526,0.9329132039847698,0.898441784525,0.9900894214780912,0.9809811144547188,0.9633400742231696,0.8798435091478005,0.9788644054461723,0.9790004420569967,0.9925042945406815,0.9938409208812913,0.991915491588249
[KR] 하나금융지주,0.9766366909093421,0.5364237572285898,0.9649025582987582,0.6135683524882996,0.7622681524384858,0.969289375562768,0.9488908853143331,0.959626309069566,0.8719679278159964,0.9224449158526689,0.2194975832138537,0.35428824032181394,-0.2260724013376427,0.8407651208746227,-0.2137318048751252,0.9669958314345254,0.9493266899074272,0.9881387464609458,-0.5179340153689921,0.9596605666247999,0.9450514433181558,-0.5239767240087496,0.9959911810050011,0.9893213197813184,1.0,0.9989380428488612,0.976658139968564,0.9876079047531156,0.9826062720133032,0.9832009211864677,0.9882949720801596,0.9882694407396744,0.9818496067483778,0.9713497682736832,0.9803542724384332,0.9774198238450483,0.9572401682543848,0.9540455570725375,0.9471712465813886,0.7876239640964284,0.9377955677184527,0.9177859156489436,0.6862276190338898,0.9642223952153199,0.9657645561483889,0.966196080973064,0.6618056310602916,0.9875446026403152,0.9126585181778569,0.44670265133801673,0.8960012422867821,0.9713760019104614,0.9778944611311343,0.4933863326175998,0.5662070983992251,0.8422284470685748,0.838147955112539,0.7047294720177754,0.9661469695143075,0.9886483116347301,0.9112941809672067,0.9411757352819792,0.9715743204585681,0.9491563835581484,0.9938333792419768,0.990342150786153,0.987444148698248,0.9350431118633191,0.9895482362761484,0.9448299728143535,0.9707269431328078,0.9886442293092017,0.966412488060201
[KR] KB금융,0.975678380429536,0.5354684251346155,0.9660833218113387,0.6085877319295823,0.759640342823638,0.9701955889391589,0.9501851847937726,0.9616908687929366,0.8719350711924856,0.9212040061837646,0.21330219619730384,0.3462398759447967,-0.23259290043747138,0.8429172196151529,-0.20946198699204388,0.9654745169695165,0.9507601228483292,0.9897048374840933,-0.522657739032386,0.961515738612242,0.9419596654954792,-0.5333152250309887,0.9954743230476788,0.9893728665696506,0.9989380428488612,1.0,0.9764722872191324,0.9852309259202254,0.9820044211858947,0.9825367539143566,0.9859736669410347,0.9859363261187823,0.981069934341042,0.9710213157437844,0.9807295625137609,0.9788407372113527,0.9597957979267284,0.9532667930361786,0.9493400643711445,0.785284692125843,0.9422143922370797,0.9237731137710787,0.6963796617707286,0.9655817382524969,0.9659665862651066,0.9669905356880488,0.6586915351604087,0.987319747368256,0.9124787320307395,0.44886867889346505,0.8951523842690725,0.9726305432447188,0.9794542826625464,0.48890620835018966,0.559546024305756,0.8405953187399098,0.8410943239854123,0.7079504912584603,0.9665660089735034,0.9892052195310154,0.9071820219622005,0.9344172396742111,0.9681229479409436,0.9445411012309042,0.9914815480769568,0.9900728315081772,0.9859564464989634,0.9324212787505026,0.9884755983065053,0.9474040498227098,0.972670084079527,0.9880563734689056,0.96717227191548
[KR] 우리금융지주,0.9009597021128704,0.6888987495548166,0.8972162501677703,0.7480078824784926,0.8657523784524289,0.905499149276882,0.8716309707148333,0.8899165824025668,0.7541313008714333,0.9740401914550691,0.4028493433900575,0.5130065930552595,-0.03609752132712991,0.7197146650293534,-0.3967321932226318,0.9032713188757476,0.871540589198649,0.9449537171412582,-0.3444981361400255,0.8934063626218115,0.9818889798720298,-0.376960791400263,0.9908492227082356,0.939636771584422,0.976658139968564,0.9764722872191324,1.0,0.9758626747265261,0.9904234177747985,0.9906417438611345,0.9580112099117278,0.957430652003425,0.990226967244672,0.9917570685438799,0.989326596441642,0.9723366391490705,0.8958330226650306,0.9835680999040456,0.8723324916363184,0.882854283029173,0.8740665139839541,0.8468129715960253,0.638755553405343,0.9019865709799473,0.8984655609943204,0.9159651909456736,0.7899667194907739,0.9942421004418098,0.9526966656339485,0.2712577870110554,0.9625704481180087,0.9899279469902759,0.9333545921668926,0.6510590615511329,0.7015364951854679,0.9277440988350274,0.7163800925188284,0.5565584035991723,0.898739769016113,0.974995207058977,0.964705502675828,0.9571569543331003,0.9830238792804741,0.9748260809654833,0.959384003678098,0.9709484240744526,0.9828566586876707,0.9773451105023955,0.9724034801137521,0.8690114939994411,0.9109541180193468,0.9444606635551279,0.8971608277706677
[IDX] 다우 존스,0.9538559315836517,0.5931476979589011,0.9426308705153853,0.690765715810884,0.8216735307141467,0.9458995025017125,0.9141547776796796,0.9273820794019644,0.8414631857930007,0.94134674186843,0.2903491821161359,0.41964422975527443,-0.14710347398548887,0.7903842535626474,-0.26713322705199405,0.959949157407387,0.915845159883839,0.9673067747548818,-0.4354867592056452,0.9274746622383215,0.9589084214696099,-0.4325100038434488,0.9905288644386452,0.9680596516568698,0.9876079047531156,0.9852309259202254,0.9758626747265261,1.0,0.9931724964915112,0.9935162898597903,0.994246632451589,0.994083213915876,0.9934876193065653,0.9846332694179195,0.9863777574675356,0.9763015601821979,0.9322449066804979,0.9766988425292928,0.9189578913782588,0.8455074240793397,0.9043090362687676,0.8803576122088652,0.6437503355001716,0.9403847008239791,0.9453109693366376,0.9470346566647266,0.7460742499555763,0.9895022666107467,0.9516703652905723,0.38616832964506176,0.9318354207205188,0.9800269156799781,0.9607153167592063,0.5917741659846134,0.657728120472471,0.88887796924715,0.7958361465591675,0.6477893518187119,0.9432041052447274,0.9757613600593045,0.9399433412641328,0.9670343357327448,0.9884456971529274,0.9730074062298854,0.9872829434412654,0.9917732308896051,0.99768919262681,0.9643256620354245,0.9935678695983802,0.9139066366917398,0.9482420568461543,0.9744403544619857,0.9365334041749456
[IDX] S&P 500,0.9253580408135873,0.6660984001662845,0.9267510932255456,0.7325274471618571,0.8554233139597218,0.9310472294143319,0.8952462077472306,0.9104068294029803,0.7955712250184164,0.9636481383819722,0.3536660010289689,0.4701433249169021,-0.08221593515567192,0.7544740981749334,-0.33703038628982557,0.9317128743738187,0.8958094403062522,0.9568178206118664,-0.3767974537090032,0.9143240410002644,0.9752593468043927,-0.39427148212778346,0.9922998638596183,0.9537004875163949,0.9826062720133032,0.9820044211858947,0.9904234177747985,0.9931724964915112,1.0,0.999956251241129,0.9812688152426602,0.9806729984755336,0.99990130932201,0.9980333370002353,0.9980544172450845,0.9875296182848625,0.9245670501345247,0.9917662292233794,0.9041749773356224,0.8787038871845246,0.9000888256407658,0.8753185338796773,0.6629589300355963,0.9299637356759586,0.9290374347889448,0.9391629761941962,0.7907702052803957,0.996997958433604,0.9636947515307303,0.32405392595175825,0.9606734297761382,0.9959533699018458,0.9568795497545027,0.6470532181887021,0.7056890010544746,0.919821377826048,0.7572706046242319,0.6067880684011443,0.9244509158609712,0.9795989011680154,0.9548343208550815,0.9618262330130108,0.9884108863586436,0.9768812672175183,0.975986701002109,0.9900974116389166,0.9960826941972148,0.9776722475809942,0.9892376312160548,0.893485367851423,0.9335963028892151,0.9669711358240344,0.9166643302555791
[US] S&P500,0.9263133185702537,0.6633296618938809,0.9269239339503424,0.7323152810671846,0.8554372134691863,0.9310251547387441,0.8952856459459388,0.9105316292666286,0.7960282480012538,0.9642313253749683,0.3539188963954395,0.46996781017531875,-0.0821872194338094,0.7543987337134788,-0.3380220368082556,0.9326503572551422,0.8958866086300014,0.9574998810425202,-0.37725950103507055,0.9142215112638059,0.9759379560566266,-0.3946787569885223,0.9928388064094352,0.9541185390407448,0.9832009211864677,0.9825367539143566,0.9906417438611345,0.9935162898597903,0.999956251241129,1.0,0.9816471752167052,0.9811074407444599,0.9999109992225677,0.9977983159260939,0.9977305515408783,0.9867287996229973,0.9241589489110382,0.9916005200493708,0.9041126077205192,0.8791342701608897,0.8993402332685966,0.8746691454692492,0.6600486564893097,0.9298782621436745,0.9292307995907124,0.9385511228704252,0.7904820826383254,0.9971497526037508,0.9644803146591386,0.3232196572000026,0.9602183971870374,0.9956066915827475,0.9565454311273731,0.6462874837716218,0.7043617607213595,0.920014298290336,0.7578264681187236,0.6068495091497557,0.9249270894316346,0.979386822299736,0.9554102038494241,0.9629570030546525,0.9890359323819607,0.977614919556287,0.9765838816341798,0.989931629595076,0.996516709472142,0.9778922117047295,0.9892604347485231,0.893943429043366,0.9339178392438852,0.967010276383522,0.9170609029477318
[IDX] 러셀 2000,0.975039238704375,0.5293135675483671,0.9649128788472572,0.6228640311541521,0.7654452939771157,0.9673297124139797,0.9418966468050463,0.9524219696661145,0.885528688114979,0.9090626542436483,0.20273859577880654,0.3390913198222512,-0.23312432236857467,0.8399366851962626,-0.17791966070771692,0.9761391981611223,0.9438748212443914,0.9789815061816581,-0.5103567035089376,0.9511963935322424,0.931594077490624,-0.49780298283368996,0.9831864945073908,0.9815829867503806,0.9882949720801596,0.9859736669410347,0.9580112099117278,0.994246632451589,0.9812688152426602,0.9816471752167052,1.0,0.9999510165777882,0.9814489658689769,0.9682620286003186,0.9753813733076604,0.9732289177854488,0.9536840130095433,0.9544228471002577,0.9451708003437941,0.7943965127655944,0.9293590048768159,0.9084114837587418,0.6810694423142573,0.960659957551179,0.9666537827958328,0.96350236729854,0.6824036640780295,0.9793101755359848,0.9232083603405433,0.46925639933233093,0.8964400563772305,0.9653483186911046,0.9738057962190351,0.5183692321711503,0.5948893178511077,0.8421714663521592,0.8433722985304289,0.7107072984594691,0.963688038803558,0.9740880675073407,0.9046023570589726,0.9452905055080202,0.9713399623848957,0.9489374049368484,0.9911864020740629,0.9916660884780907,0.9892329145192831,0.9355340408258227,0.9927413532133278,0.941574158134402,0.9677595840729522,0.9839919026189923,0.9594411632120426
[US] 러셀,0.9754851102701514,0.5258757425522016,0.9649814139727096,0.6212114644258335,0.7641418029619369,0.9672279120789585,0.9419592696172421,0.9524265769935368,0.886217695059165,0.9088111822341404,0.20186022186273023,0.33785274941457416,-0.23417951612320628,0.8402823808144435,-0.17816155859828378,0.9769675215469535,0.9439642908308906,0.9792440905705194,-0.5113367552536304,0.9510388594403334,0.9313251866574109,-0.4982245790294039,0.9830620244275893,0.9815900557284228,0.9882694407396744,0.9859363261187823,0.957430652003425,0.994083213915876,0.9806729984755336,0.9811074407444599,0.9999510165777882,1.0,0.9808898311900045,0.9674381020570401,0.9746043796108944,0.9722464215971929,0.9533747231200345,0.9536942048533034,0.94520343918398,0.7936785437950906,0.9288067432405567,0.9080422170296871,0.6779850532999135,0.9606674961003095,0.9668553329305252,0.9627621695877256,0.6811611419335161,0.9786831787494912,0.9232451123458877,0.4692474937686927,0.8950486713787597,0.9645345548333982,0.9734093227041428,0.5161920267823481,0.5919778138637478,0.8411486809185993,0.8442642271045677,0.7114295314459096,0.964096972695024,0.9733297755521505,0.9040405065803445,0.9454758206782259,0.9711037816590118,0.9487351686100242,0.9913526048173211,0.9910006318910484,0.9889519565092102,0.9348880676327893,0.9923458313854813,0.941775598020181,0.9677838489705061,0.983656064916091,0.959719169506496
[US] 미국 전체,0.9237135709001191,0.6692989156635664,0.9244589161078498,0.7365637647092375,0.8581743715922512,0.9285749160777269,0.8919547953904275,0.9075192982951058,0.7930169129557537,0.9651995210895328,0.35989659795821843,0.475287916212279,-0.07546669676875149,0.7499947589724465,-0.3419785254008112,0.9310396864462371,0.8926240877384922,0.9554691988421947,-0.3706193362279215,0.9110577006323151,0.9768186822681886,-0.3864779926038145,0.9919417734634622,0.9519582575817912,0.9818496067483778,0.981069934341042,0.990226967244672,0.9934876193065653,0.99990130932201,0.9999109992225677,0.9814489658689769,0.9808898311900045,1.0,0.9979475285026134,0.9973943225426581,0.9860219487687971,0.9215353210208046,0.9918659416098409,0.9011597064809626,0.8818296153489242,0.8964853524542415,0.8712749886131897,0.6583898895999938,0.9272325613469943,0.9267448847913645,0.936500969757025,0.7936805949647506,0.9968363110148342,0.9659304333545314,0.31985474441824774,0.9617075277634274,0.9954975825866889,0.9544678468764031,0.6510972582689611,0.7089864919925438,0.922011913209977,0.753812960576247,0.601834427316337,0.9221627378061827,0.9777784289573478,0.9567582099526323,0.9641358881862838,0.9896522897982821,0.9786928737854296,0.9751965785671035,0.9893046137518317,0.9964076907588144,0.9791116084695219,0.9888645942181638,0.8911063271352802,0.9316100180496187,0.9651761468368837,0.9141028789209998
[IDX] NASDAQ,0.897685860170792,0.7130997427378957,0.9065705381770978,0.7633060334599082,0.8769954502127983,0.9112961352574266,0.8713666818866829,0.8878704195787498,0.7577426926463664,0.9728706668014263,0.40175923519062146,0.5110397564043213,-0.029175895130507074,0.7190446027154661,-0.38560646989195846,0.9070944792226783,0.8714147945575601,0.9400628781348281,-0.32640359631633514,0.8938467380063538,0.981353186671202,-0.3527726082969431,0.9857399248346842,0.9352839942640688,0.9713497682736832,0.9710213157437844,0.9917570685438799,0.9846332694179195,0.9980333370002353,0.9977983159260939,0.9682620286003186,0.9674381020570401,0.9979475285026134,1.0,0.9976276546428022,0.9851535458089652,0.9076368460328865,0.9957796187551566,0.8830622462425757,0.8991021891850808,0.8835356940563054,0.856942753100189,0.6564129949739669,0.9122084116871411,0.9089375262751315,0.9238372822013445,0.8200985891071774,0.994792400798225,0.9685826551056934,0.27709007746369985,0.9745613124994722,0.9980810518973416,0.9436938660641815,0.6857039104978976,0.7397549258203828,0.9372181717763598,0.7213066422600661,0.5670810968006396,0.902755740587703,0.9724962216342466,0.9627097897447703,0.9590642667289009,0.9856731847207901,0.9780418449124321,0.9625308001333893,0.9819543714321454,0.9900966822143011,0.9833587888181726,0.9802527557856162,0.869499186685746,0.913999461085367,0.9529621781558821,0.8933903405884882
[US] 나스닥,0.9242568436955441,0.6724371812072563,0.9305588179914658,0.7191414630561446,0.844988370817949,0.9349960396839404,0.901519732211216,0.9154619214432924,0.7940268766565792,0.9586106046158802,0.34017101133171906,0.453950183226514,-0.0946647961198867,0.7630616078795401,-0.32923831257721137,0.9251054546417573,0.9013826334159702,0.9573424528636519,-0.38659741954101506,0.9215704900968955,0.9691168945714002,-0.41281950285067687,0.9895653744093089,0.9534021844730671,0.9803542724384332,0.9807295625137609,0.989326596441642,0.9863777574675356,0.9980544172450845,0.9977305515408783,0.9753813733076604,0.9746043796108944,0.9973943225426581,0.9976276546428022,1.0,0.9939263233963851,0.9335216376806266,0.9896712216303082,0.9114157655763511,0.8695844755459721,0.9129353388140763,0.8898171915301691,0.6925343105561561,0.936701003742825,0.9324600847814632,0.9444805327942132,0.7831462909973189,0.9955057400156652,0.9552992089763972,0.3307253232460633,0.9585689949041037,0.9981859328771019,0.9634013044355781,0.6385685454855798,0.6976143158049307,0.9131079404033277,0.7616486436857745,0.6180602684592383,0.9259581593606587,0.9817467762423144,0.9441878918725288,0.94620706065537,0.9788078787481563,0.9658708811621446,0.9723029784852899,0.9897845072052985,0.9906442518100467,0.969826547833825,0.9861671328791429,0.8963310779592639,0.9357951765537409,0.9692854989384786,0.919271293041268
[US] 나스닥 레버리지,0.9464281176385837,0.6310959296990243,0.9505711077617653,0.6544038963601145,0.7923076695404725,0.9548639429900468,0.9287567297165737,0.9383028268878523,0.8278781309537128,0.9239492627623699,0.25611050912947775,0.3768661012174179,-0.17526813007353817,0.810632184230175,-0.24707699345695563,0.9306422157468668,0.9279815007213122,0.9634902852041599,-0.4540269508922349,0.9458522888326494,0.9401729695629178,-0.47866811386669766,0.9797823823185963,0.9634215089657888,0.9774198238450483,0.9788407372113527,0.9723366391490705,0.9763015601821979,0.9875296182848625,0.9867287996229973,0.9732289177854488,0.9722464215971929,0.9860219487687971,0.9851535458089652,0.9939263233963851,1.0,0.9586622473280769,0.971819709975709,0.9380223176245638,0.8207917201288928,0.9441313697683216,0.9249670139468085,0.7515700983367551,0.9579319785900567,0.9512037874488962,0.962615401779814,0.729647029831897,0.984980606247416,0.9246045864149846,0.40516646646867605,0.9303479499566373,0.9889934372033078,0.9797752188985366,0.5765551470175742,0.6463845375083679,0.8711162336174473,0.8006873800957717,0.6777719407880655,0.9423240516072455,0.9831838444470926,0.9057367025960081,0.9128553952829416,0.9556536971359978,0.9361207351523259,0.9702952474871744,0.9903938949966042,0.9789073112347952,0.9400358547044986,0.9828328320597235,0.9162404937935382,0.9500015505214104,0.9800265208350604,0.9387789452650168
[US] 미국 반도체,0.9962946864879944,0.32805020492946313,0.9955252884211233,0.42959732982913573,0.6037432846733635,0.9967625400444289,0.9950215293160599,0.9954341691270672,0.9446633676848971,0.8031049844399402,-0.030080921854432494,0.10672900446054827,-0.452753316746458,0.9455885473763668,0.021142890158870283,0.963372937349089,0.9949676101755663,0.979699767495424,-0.6951836319402219,0.9978217837273772,0.827465704581252,-0.7042897401482899,0.935343314321535,0.9836045661881792,0.9572401682543848,0.9597957979267284,0.8958330226650306,0.9322449066804979,0.9245670501345247,0.9241589489110382,0.9536840130095433,0.9533747231200345,0.9215353210208046,0.9076368460328865,0.9335216376806266,0.9586622473280769,1.0,0.8802859047656741,0.9969811355354286,0.6418146048171329,0.9956426857438248,0.9907309762649358,0.809299646812824,0.9982064405677349,0.9944080928385648,0.9883165837232596,0.5144947560610704,0.9271631449907929,0.8141210633535797,0.6177773005177487,0.7943751094648379,0.9177626002990886,0.9952252006116352,0.3254671133247106,0.4153387654552519,0.7103238335912523,0.9333820110189808,0.8533753800502222,0.9889409242085362,0.9586312391802133,0.780795687053187,0.8248236509417883,0.8801946214853307,0.8392595457280644,0.9626196421048647,0.9616092961559507,0.9268244762521719,0.82899889388845,0.9521479652050414,0.9828742100222446,0.9897974215176165,0.986052770727245,0.9922285888594587
[US] 엔비디아,0.8675411862965798,0.7358120679066902,0.8802871055743536,0.7968724459737093,0.9004340252091856,0.8848797538032576,0.8399769971089355,0.8573059585892031,0.7210335083825697,0.977793656399178,0.45170758858392385,0.5598831800213536,0.026930941355882875,0.6762985791077639,-0.4349556893184629,0.8863535409196303,0.8399307809196711,0.9167762424619297,-0.2724303051009814,0.8642758731333995,0.9833992989102416,-0.2994324654907552,0.9733108281930344,0.9108043401519702,0.9540455570725375,0.9532667930361786,0.9835680999040456,0.9766988425292928,0.9917662292233794,0.9916005200493708,0.9544228471002577,0.9536942048533034,0.9918659416098409,0.9957796187551566,0.9896712216303082,0.971819709975709,0.8802859047656741,1.0,0.8537125940572725,0.9203238458928824,0.852078020294499,0.8231367369190706,0.6053250513819726,0.886500893619234,0.88409186365666,0.8957590547685684,0.8491433557755843,0.9846386570293356,0.974382612807385,0.2227617769916397,0.9807419204893779,0.9926206347221734,0.921786077791003,0.7198680371274061,0.7659412154037311,0.9510681021564056,0.6807150315787822,0.5185927613278759,0.8779329387707601,0.9560859210505191,0.9718925231973375,0.9640462842094936,0.9852044328007671,0.982130820563435,0.9484383618719501,0.968957284878252,0.9833781010780445,0.9893965219632528,0.9692945390887572,0.836811341969255,0.8867508205414842,0.9321923324387389,0.8648894432568048
[US] 마이크론,0.989426388261843,0.251469372870319,0.9968841541121838,0.383437790899912,0.5615393817944939,0.996208541426472,0.9986430741297159,0.997221938298651,0.9633420851293554,0.7719915569077573,-0.08596423625447572,0.05251648627295124,-0.5039512571558299,0.9631905011093972,0.07283062903166736,0.9667260267451663,0.99883565961297,0.9753863620334023,-0.7392252272646709,0.9970786995682142,0.7999456507388818,-0.740512151950502,0.9201049886203432,0.980907510048545,0.9471712465813886,0.9493400643711445,0.8723324916363184,0.9189578913782588,0.9041749773356224,0.9041126077205192,0.9451708003437941,0.94520343918398,0.9011597064809626,0.8830622462425757,0.9114157655763511,0.9380223176245638,0.9969811355354286,0.8537125940572725,1.0,0.6013276355814808,0.9925588926949549,0.9902543111303627,0.793532402581764,0.9969456711994188,0.9958865736975212,0.983142981092597,0.46360019173281214,0.9083972892997554,0.7881029597726963,0.6554303756185385,0.757722849854145,0.8928477291976313,0.9876207663735728,0.26902178781248737,0.3613783967425586,0.6724466358691276,0.95575945351164,0.8824989466842963,0.9930427297137686,0.9454598606235907,0.753190475963278,0.8078176703501937,0.862172912139739,0.817545467930793,0.9569204718730205,0.947712970230416,0.9114102025088081,0.8020905829775273,0.9397983884382812,0.9891193041589871,0.9902868050940257,0.9780488895571726,0.9954745191744663
[US] 브로드컴,0.6382234470149929,0.8930624476318029,0.6456201178985254,0.95414267416471,0.9782273161593762,0.6519920257435468,0.5718978056265634,0.6017423917886036,0.4180805107732253,0.9467579580058819,0.752841117442109,0.8038859704692698,0.4023586961683671,0.3465663365854766,-0.7172252219178675,0.6707329898539901,0.5726089060305819,0.7131273986999909,0.11285404658602313,0.6098589777680302,0.9422033993425111,0.07357044423558715,0.8354531795397487,0.6943875250502477,0.7876239640964284,0.785284692125843,0.882854283029173,0.8455074240793397,0.8787038871845246,0.8791342701608897,0.7943965127655944,0.7936785437950906,0.8818296153489242,0.8991021891850808,0.8695844755459721,0.8207917201288928,0.6418146048171329,0.9203238458928824,0.6013276355814808,1.0,0.5994463001292585,0.5586752512809677,0.35527610475149235,0.6536005827654096,0.6513674282651134,0.6696608254325404,0.9604141764773069,0.8709734398794751,0.9437122558764699,-0.13116354644353642,0.9641913761916048,0.8892176721331093,0.7114134174546983,0.9077463475703366,0.9110913912317972,0.9849293826836129,0.36996710755721046,0.17170065143605182,0.6424176776583602,0.792707453571851,0.9593871072376697,0.9106938888175731,0.9031863744155384,0.931741733781166,0.7772355978992578,0.814844468213239,0.8653234392640977,0.9479469394191885,0.8163139050261996,0.5867397429745015,0.6612844338940373,0.741531091033224,0.6135999355242718
[US] 인텔,0.9880949706917689,0.28273419258489263,0.9863154951628579,0.38740791294576965,0.5640156346795817,0.9874073507959303,0.9916970309671932,0.9909578368714915,0.9391614869438263,0.7747438795876159,-0.07293961965567233,0.06565421787335178,-0.48928671502472043,0.9510023620564119,0.055965184355784896,0.9421519501717676,0.9905413558536803,0.967433637442841,-0.7217220475711337,0.9935820818922145,0.7940865293163076,-0.7400279347047749,0.9135246356146993,0.9709583341141997,0.9377955677184527,0.9422143922370797,0.8740665139839541,0.9043090362687676,0.9000888256407658,0.8993402332685966,0.9293590048768159,0.9288067432405567,0.8964853524542415,0.8835356940563054,0.9129353388140763,0.9441313697683216,0.9956426857438248,0.852078020294499,0.9925588926949549,0.5994463001292585,1.0,0.9964551322300633,0.8447828101460142,0.9908036436133814,0.9839879641795067,0.9825861684543237,0.4738855244321067,0.904255155403078,0.777681036939403,0.6360971763131001,0.7655345275174913,0.8967246848398905,0.9856771594335151,0.286658428397953,0.37977076345025473,0.6753129190441659,0.9361131165843382,0.8663741496553241,0.9782710725075683,0.9435627570973439,0.7449016266378862,0.7854165517877573,0.847875421659008,0.803131712339622,0.9416761699260375,0.9413073053560451,0.8990240726006314,0.796642436589205,0.9319937011599926,0.978764848148598,0.9811722739493577,0.9721022960992122,0.9849434443495483
[US] AMD,0.9787950504376094,0.21392155479761368,0.979807213919247,0.3376120836887325,0.5205810033660868,0.9811620443950607,0.9879256684773503,0.986062619071539,0.9442354332357489,0.7384708925241676,-0.12743487899481903,0.0006631960639271765,-0.5340498601386282,0.9630028013009303,0.104514570581249,0.9331952699000275,0.9875933829049061,0.9554623357421732,-0.7550802127671665,0.9879213949717115,0.7592038389208271,-0.7734066370581062,0.890372955947505,0.9577267234265877,0.9177859156489436,0.9237731137710787,0.8468129715960253,0.8803576122088652,0.8753185338796773,0.8746691454692492,0.9084114837587418,0.9080422170296871,0.8712749886131897,0.856942753100189,0.8898171915301691,0.9249670139468085,0.9907309762649358,0.8231367369190706,0.9902543111303627,0.5586752512809677,0.9964551322300633,1.0,0.8498338959885132,0.9844376985575737,0.9764085262286185,0.9717478209974197,0.430664278639726,0.8805557300717076,0.7505035828675065,0.6643863157560792,0.7298971018193655,0.8722508500903927,0.9752255459237944,0.23454147040300796,0.32214688527389074,0.636291782879566,0.948261241255961,0.889653830043756,0.9720217421556485,0.9250687351730836,0.705641816632046,0.7483119370448857,0.816248365144521,0.7672742158042378,0.9214565082999424,0.9211617714046658,0.8749262934143454,0.760750136536916,0.9087296956747113,0.9764603629881905,0.9742653022745752,0.957307083537528,0.9781525583259879
[US] 퀄컴,0.6637743990098379,0.1784845501232848,0.7721280339530452,0.17109748858992868,0.3271022939613669,0.7639490914005868,0.7828673907373962,0.780237451243559,0.7230947100065734,0.5205466274345648,-0.19713665268072014,-0.09710578887635257,-0.4913921882088426,0.7866649523633851,0.19906874684726636,0.6578538169526729,0.7793854116539661,0.729891111880429,-0.6387876519534917,0.7875209152046245,0.5325985152264383,-0.684592611226439,0.659451477255836,0.735501146834664,0.6862276190338898,0.6963796617707286,0.638755553405343,0.6437503355001716,0.6629589300355963,0.6600486564893097,0.6810694423142573,0.6779850532999135,0.6583898895999938,0.6564129949739669,0.6925343105561561,0.7515700983367551,0.809299646812824,0.6053250513819726,0.793532402581764,0.35527610475149235,0.8447828101460142,0.8498338959885132,1.0,0.7801512939038114,0.7580197539514562,0.8031286154291729,0.2876307081161131,0.6704693569484662,0.5066427263039497,0.6237180684338266,0.5573140621563856,0.6774993569721652,0.7818250934386225,0.1508044661762749,0.2563984841207273,0.4496660174513555,0.7539491113343088,0.7513086765333244,0.7436015063434123,0.731383935411724,0.4730368690562586,0.4815020778271963,0.5713263197782297,0.5225224443198011,0.6765140347661691,0.7114525182934763,0.6410407909153973,0.5373344502702733,0.6916533109305452,0.7822187173962419,0.7704380119881022,0.717279120635507,0.7541957197347212
[US] 시게이트,0.9976400130307109,0.3286797096848495,0.9976096998984051,0.44335605084496554,0.6149551059351415,0.9983560297920797,0.9960845283009359,0.9965661933737034,0.9464861015943029,0.8139402679441295,-0.015143582593030986,0.12186307263469173,-0.4416120519172866,0.9420007785615653,0.003976091274011441,0.9714445063007173,0.9958941619767046,0.9849004899331611,-0.6891496277421205,0.9981998141975473,0.838826434710545,-0.6955292785575551,0.9427617071961453,0.988020371272291,0.9642223952153199,0.9655817382524969,0.9019865709799473,0.9403847008239791,0.9299637356759586,0.9298782621436745,0.960659957551179,0.9606674961003095,0.9272325613469943,0.9122084116871411,0.936701003742825,0.9579319785900567,0.9982064405677349,0.886500893619234,0.9969456711994188,0.6536005827654096,0.9908036436133814,0.9844376985575737,0.7801512939038114,1.0,0.9981576407026037,0.9872890349550383,0.5222111352000526,0.9328901078300099,0.8238395103396023,0.6049199216720207,0.7995178287658368,0.9210993614757328,0.995430703323095,0.33311953439005765,0.42237183719794724,0.7201529336327869,0.9334970588060031,0.8471936405133752,0.9932198239657978,0.9615411049706445,0.794544305466779,0.8419754134202954,0.8922171817225717,0.8531151981075255,0.9718947325108128,0.9655498459202503,0.9347207107519936,0.8392837457094934,0.957848799110204,0.9846379166025153,0.9922064939909693,0.9889499164222058,0.9958557670685676
[US] 웨스턴디지털,0.9963399041834328,0.3155585204414745,0.9989059072353138,0.4411978428210664,0.6131420521307055,0.998422944299941,0.9960215390252666,0.996647415386447,0.9562370980570312,0.8118681968035482,-0.019967888087999756,0.12233809120719603,-0.4471526663284252,0.9434642138548928,0.01355945575866467,0.9801528799430648,0.996312879005977,0.9859641824579317,-0.6951151056899467,0.9962076850531584,0.8387474162035291,-0.6918274108422134,0.9429908143611822,0.9903070672449505,0.9657645561483889,0.9659665862651066,0.8984655609943204,0.9453109693366376,0.9290374347889448,0.9292307995907124,0.9666537827958328,0.9668553329305252,0.9267448847913645,0.9089375262751315,0.9324600847814632,0.9512037874488962,0.9944080928385648,0.88409186365666,0.9958865736975212,0.6513674282651134,0.9839879641795067,0.9764085262286185,0.7580197539514562,0.9981576407026037,1.0,0.9856091297796892,0.5151682144258783,0.9314249116263577,0.8252174985156839,0.6144865382532387,0.7936691162538939,0.9155851172433132,0.9922105107353576,0.325256389895415,0.4167615115309615,0.7166440212812413,0.939053109437026,0.8495566808121422,0.9963849084595279,0.9589491623561629,0.7973279863146789,0.8526814579716501,0.8978853742627556,0.8587315217590193,0.9767105813580168,0.9658025749148589,0.9378587121468016,0.8410698639273217,0.9609700262348858,0.9869583982257368,0.9937546543618909,0.9885592937410289,0.9979252944473989
[US] 애플,0.9839631678510459,0.37258041853664764,0.9864215230628133,0.47506026753567593,0.6373217135352238,0.9898740329206659,0.9833007756515522,0.9862794353099923,0.928222765987236,0.8253420531781807,0.019162758427542923,0.16108989657720066,-0.40984931350081805,0.9214927438445121,-0.021331935506674133,0.959197939369489,0.9829802617085376,0.9782787630896636,-0.661508981493041,0.9872425637270058,0.844880197045354,-0.6683437815916015,0.9474815811021974,0.9867954115405535,0.966196080973064,0.9669905356880488,0.9159651909456736,0.9470346566647266,0.9391629761941962,0.9385511228704252,0.96350236729854,0.9627621695877256,0.936500969757025,0.9238372822013445,0.9444805327942132,0.962615401779814,0.9883165837232596,0.8957590547685684,0.983142981092597,0.6696608254325404,0.9825861684543237,0.9717478209974197,0.8031286154291729,0.9872890349550383,0.9856091297796892,1.0,0.5559196844299045,0.9440610041004872,0.8301765399708877,0.5858302536633122,0.8237753686631062,0.9275845486704332,0.9900363001967655,0.3795808980282694,0.4729522918322797,0.7449933449800031,0.911689882091682,0.8186239273044741,0.9844836455673103,0.9740136172564179,0.8146898399437825,0.852677502057868,0.9018924086232997,0.8641320329747124,0.9715274106005808,0.9676262689056961,0.9396178359979198,0.8575606588399066,0.9654660901322588,0.9793789919424682,0.9889390857771011,0.9856275628346143,0.9854076185896086
[US] 마이크로소프트,0.4839851316570933,0.915492499056069,0.5085892514407623,0.9664446938644455,0.9529715276568345,0.5111578374732049,0.41679905691404945,0.44763529173519473,0.24675544826905213,0.8731211542802013,0.8436219971603263,0.8765877808710516,0.5483482467861612,0.18067749083252577,-0.8065448298830346,0.5209790771934255,0.41715849234822455,0.5689972033865405,0.2798266700107659,0.4615426825889064,0.8551817669922236,0.23007348431161015,0.7211962355127732,0.5542512249280048,0.6618056310602916,0.6586915351604087,0.7899667194907739,0.7460742499555763,0.7907702052803957,0.7904820826383254,0.6824036640780295,0.6811611419335161,0.7936805949647506,0.8200985891071774,0.7831462909973189,0.729647029831897,0.5144947560610704,0.8491433557755843,0.46360019173281214,0.9604141764773069,0.4738855244321067,0.430664278639726,0.2876307081161131,0.5222111352000526,0.5151682144258783,0.5559196844299045,1.0,0.7763484954085714,0.8743594542098335,-0.2623122055113148,0.9208017460445813,0.8060067143164618,0.592289864762351,0.9603218162884717,0.9437774736799875,0.9498225641367801,0.21214436100672535,0.015208243839990235,0.5083331442945502,0.6937619381960328,0.8971136316975454,0.8235860279690671,0.8100533472562859,0.8491243301437588,0.6583280086784522,0.7047745861327015,0.7631115376012069,0.8790191805414254,0.7107529090308389,0.4480422855487893,0.5300454382560045,0.6221828933153699,0.4603621306187109
[US] 구글,0.9307463953063707,0.654579170637097,0.9303591886037254,0.7203059728340492,0.8437036575542799,0.9343830990330061,0.9013625850204501,0.916946562422676,0.7984103894092336,0.9604373073074003,0.3396998445606091,0.4496509694902734,-0.09685406950535895,0.7626133058899959,-0.3288335714828986,0.9307187059254441,0.9016565569903776,0.9624916042624859,-0.39339069222248824,0.9201447362191847,0.9739618774571605,-0.41676266162253767,0.9956407443706021,0.9595702284706462,0.9875446026403152,0.987319747368256,0.9942421004418098,0.9895022666107467,0.996997958433604,0.9971497526037508,0.9793101755359848,0.9786831787494912,0.9968363110148342,0.994792400798225,0.9955057400156652,0.984980606247416,0.9271631449907929,0.9846386570293356,0.9083972892997554,0.8709734398794751,0.904255155403078,0.8805557300717076,0.6704693569484662,0.9328901078300099,0.9314249116263577,0.9440610041004872,0.7763484954085714,1.0,0.9567844232945268,0.33104796466477016,0.9554797925547912,0.9929457669322165,0.958080604268574,0.6361627053663287,0.694978353620483,0.9141690113917165,0.7655818454294564,0.6181023640519103,0.9283916203245368,0.9835881094346456,0.9520450328735602,0.9567018335108158,0.985340597292435,0.9727677242441047,0.9771470854504526,0.9883608429818125,0.993722466082107,0.9723590878636602,0.9869553770834798,0.9016807385030473,0.9388654842631824,0.9703022309029707,0.9225711526084058
[US] 아마존,0.8187394985639536,0.7394941450726258,0.8218651522053936,0.8326175318736909,0.9177885781809844,0.8254615743697074,0.7690977746856252,0.7941583211182734,0.6642828366362037,0.9725328594084874,0.5191628919553293,0.5978808050147318,0.11088613342547317,0.5976588687539911,-0.4953005179186335,0.856139781458626,0.772574859722989,0.8748898354959529,-0.18414340572001647,0.794652856778373,0.9720109098397693,-0.20030946420106002,0.9390895877178811,0.857439441052607,0.9126585181778569,0.9124787320307395,0.9526966656339485,0.9516703652905723,0.9636947515307303,0.9644803146591386,0.9232083603405433,0.9232451123458877,0.9659304333545314,0.9685826551056934,0.9552992089763972,0.9246045864149846,0.8141210633535797,0.974382612807385,0.7881029597726963,0.9437122558764699,0.777681036939403,0.7505035828675065,0.5066427263039497,0.8238395103396023,0.8252174985156839,0.8301765399708877,0.8743594542098335,0.9567844232945268,1.0,0.14440788443909103,0.9705842113815031,0.9610174368530837,0.862493216405397,0.7514209564976215,0.7706323883195597,0.9596802822254181,0.6156225963745159,0.43403443589369683,0.8212964426734863,0.9013233601660887,0.966873701011501,0.959932467757195,0.9692797965796253,0.9732036666467208,0.9053757322162774,0.9287629075610151,0.9604040727537835,0.9790147931252655,0.9301407855989605,0.7801031460622948,0.8352537925130008,0.8766180314003931,0.8045918271758375
[US] 제타,0.5219827567386983,-0.3946933270314197,0.6227722695271476,-0.32598483869203687,-0.15133573949091048,0.6140197340993517,0.6726667860183161,0.6516349223901564,0.8034301083722554,0.0982039883474485,-0.7217114193210967,-0.5812600313875534,-0.9014958916993561,0.8344098276069879,0.7531441611949131,0.5895622239522728,0.6791755936719113,0.5321273635964622,-0.9196635309741543,0.6423816176745635,0.15922289400089723,-0.8316398025888907,0.3738910882692961,0.5644734498561605,0.44670265133801673,0.44886867889346505,0.2712577870110554,0.38616832964506176,0.32405392595175825,0.3232196572000026,0.46925639933233093,0.4692474937686927,0.31985474441824774,0.27709007746369985,0.3307253232460633,0.40516646646867605,0.6177773005177487,0.2227617769916397,0.6554303756185385,-0.13116354644353642,0.6360971763131001,0.6643863157560792,0.6237180684338266,0.6049199216720207,0.6144865382532387,0.5858302536633122,-0.2623122055113148,0.33104796466477016,0.14440788443909103,1.0,0.07551354946966024,0.2892631094583995,0.5502533987844538,-0.43936729317200734,-0.31112786936531883,-0.05279148956321378,0.807915624807152,0.8960646932067391,0.6112253993402891,0.42280764728735865,0.06413453583956849,0.19232148899986992,0.2598244410057265,0.18250654296621766,0.46037499075538324,0.4382570112897304,0.35289325262875004,0.1425647809662119,0.4227327594294409,0.6633001122481087,0.6030711089533117,0.5197208460225619,0.6359174648377274
[US] M7 ETF,0.7612110097787422,0.8471266974117903,0.7905597417965831,0.8825267136854235,0.950897373114348,0.7963143954545936,0.7333220420952844,0.75722948534836,0.586297734399856,0.9825227138272634,0.5998399082100594,0.6830702797210082,0.20201306307394368,0.5377299373338533,-0.5724001236973331,0.7909631117333908,0.7330020884828164,0.8390713923366278,-0.09918765370818867,0.7665181568318136,0.9804725700774264,-0.14129886375043138,0.9292817757828398,0.829655273804939,0.8960012422867821,0.8951523842690725,0.9625704481180087,0.9318354207205188,0.9606734297761382,0.9602183971870374,0.8964400563772305,0.8950486713787597,0.9617075277634274,0.9745613124994722,0.9585689949041037,0.9303479499566373,0.7943751094648379,0.9807419204893779,0.757722849854145,0.9641913761916048,0.7655345275174913,0.7298971018193655,0.5573140621563856,0.7995178287658368,0.7936691162538939,0.8237753686631062,0.9208017460445813,0.9554797925547912,0.9705842113815031,0.07551354946966024,1.0,0.9684662462498188,0.8481890693456088,0.8278787098848527,0.863338100013313,0.9862848178186767,0.5503365390581219,0.3731689934641105,0.7854211627164628,0.9087515216548255,0.9811967214978103,0.9459281760979703,0.9602897085305347,0.9704880145692671,0.8846257716439181,0.9182703409130024,0.9439698853925483,0.9869176935157316,0.9181643590170769,0.7437218282133224,0.804551583409668,0.8614907221317971,0.7640636331006296
[US] 모멘텀 ETF,0.9024873953425261,0.7111825353155319,0.913855981900599,0.7464931780297926,0.8644480291706603,0.9175842538257455,0.8804607415642338,0.89671902650183,0.7642769249558784,0.9690684382602024,0.38233998347995896,0.4895306834374791,-0.048921986051664444,0.7318944486674771,-0.3700779352847985,0.9077017574338327,0.8804352869722832,0.9453550532632562,-0.3429396491118852,0.9036143268293165,0.9763756745342412,-0.3745114316473493,0.9848990024617517,0.9378902671043284,0.9713760019104614,0.9726305432447188,0.9899279469902759,0.9800269156799781,0.9959533699018458,0.9956066915827475,0.9653483186911046,0.9645345548333982,0.9954975825866889,0.9980810518973416,0.9981859328771019,0.9889934372033078,0.9177626002990886,0.9926206347221734,0.8928477291976313,0.8892176721331093,0.8967246848398905,0.8722508500903927,0.6774993569721652,0.9210993614757328,0.9155851172433132,0.9275845486704332,0.8060067143164618,0.9929457669322165,0.9610174368530837,0.2892631094583995,0.9684662462498188,1.0,0.9509712868501439,0.6682431079256507,0.7226335640093143,0.927297789610414,0.732253499556266,0.5829447509785998,0.9073329307096721,0.9731533190101804,0.952450723692354,0.9475580694053882,0.9788324948698277,0.969436475167515,0.961777384163091,0.9830136956723787,0.9865753370274826,0.9751756510364434,0.9784940459911734,0.8776832157125247,0.9201905309993458,0.9569071677561268,0.8995805892303478
[US] 반도체 ETF,0.9963630455983594,0.4275719022143827,0.9922260826146773,0.5122170680673936,0.6761170963652172,0.9946064584586107,0.9849733015378532,0.9888107927090152,0.9199044341764113,0.8560546491735266,0.06737249343405587,0.20219445739846467,-0.3651944829439248,0.9111589435109199,-0.07096686536609655,0.9686488821490205,0.9849026051147534,0.9881256671321857,-0.6244875717333845,0.9921731852383049,0.8773903380675738,-0.6368486656860878,0.9636471706884607,0.990545373800921,0.9778944611311343,0.9794542826625464,0.9333545921668926,0.9607153167592063,0.9568795497545027,0.9565454311273731,0.9738057962190351,0.9734093227041428,0.9544678468764031,0.9436938660641815,0.9634013044355781,0.9797752188985366,0.9952252006116352,0.921786077791003,0.9876207663735728,0.7114134174546983,0.9856771594335151,0.9752255459237944,0.7818250934386225,0.995430703323095,0.9922105107353576,0.9900363001967655,0.592289864762351,0.958080604268574,0.862493216405397,0.5502533987844538,0.8481890693456088,0.9509712868501439,1.0,0.41252724719940936,0.4963514583431479,0.7738182375175598,0.9009030939235049,0.8021445228951662,0.9866148683435139,0.9778818472188423,0.8366593258201995,0.8716696732657716,0.9203782625126419,0.8865659239551053,0.9802721988009944,0.9825603773184591,0.9574178980124453,0.8789579306692243,0.9751749592029852,0.9737349108673092,0.9892637227496394,0.9959055846143493,0.9879330480966169
[US] 소프트웨어 ETF,0.3100183333416927,0.9410579936980555,0.3185592542598868,0.9613195711098625,0.9010906378623241,0.33645991840027045,0.2165491401938305,0.24886767346007746,0.029816280979943807,0.7563096968998456,0.9332294816111243,0.9378510638975353,0.715429703635675,-0.0349102656009722,-0.8875318044285279,0.31874651990214226,0.2144201801392844,0.381441479734432,0.48065434565498966,0.2642796400248201,0.739320323596005,0.4223477982145904,0.5623194271539259,0.3687270937470333,0.4933863326175998,0.48890620835018966,0.6510590615511329,0.5917741659846134,0.6470532181887021,0.6462874837716218,0.5183692321711503,0.5161920267823481,0.6510972582689611,0.6857039104978976,0.6385685454855798,0.5765551470175742,0.3254671133247106,0.7198680371274061,0.26902178781248737,0.9077463475703366,0.286658428397953,0.23454147040300796,0.1508044661762749,0.33311953439005765,0.325256389895415,0.3795808980282694,0.9603218162884717,0.6361627053663287,0.7514209564976215,-0.43936729317200734,0.8278787098848527,0.6682431079256507,0.41252724719940936,1.0,0.9679182346391286,0.8798234871071856,-0.00032390025532951893,-0.19294737818940888,0.31571097713060997,0.5422735294869283,0.8041495838317841,0.7042963667840592,0.6810196857215602,0.7342448711036776,0.4909709579183568,0.5474748011727902,0.6152251255949288,0.7713596408351401,0.5543866811538315,0.2526638881541796,0.3416493950454672,0.4404545201747641,0.26154160412013283
[US] 테슬라,0.40472366987026165,0.951015706188787,0.4110617091463462,0.95089917501786,0.9054392405045243,0.4317114016829096,0.3140046789774714,0.34405214765536146,0.13542850614046364,0.7893765189588305,0.8646810310891319,0.9131057751214953,0.6194053854367674,0.07164824460854195,-0.7974919402035774,0.39445838936489974,0.31141281163961293,0.4596993726347771,0.37399592782066765,0.35946659034331213,0.7824388608915994,0.3268324262813383,0.6257577889271554,0.4562243496380038,0.5662070983992251,0.559546024305756,0.7015364951854679,0.657728120472471,0.7056890010544746,0.7043617607213595,0.5948893178511077,0.5919778138637478,0.7089864919925438,0.7397549258203828,0.6976143158049307,0.6463845375083679,0.4153387654552519,0.7659412154037311,0.3613783967425586,0.9110913912317972,0.37977076345025473,0.32214688527389074,0.2563984841207273,0.42237183719794724,0.4167615115309615,0.4729522918322797,0.9437774736799875,0.694978353620483,0.7706323883195597,-0.31112786936531883,0.863338100013313,0.7226335640093143,0.4963514583431479,0.9679182346391286,1.0,0.8954105385312598,0.09486613505118434,-0.08721023692879401,0.40017709628080905,0.6144003228981944,0.841412632760484,0.7596109892004911,0.7394228984987411,0.7863155414674345,0.5699974349878432,0.6258580881048614,0.6771666801982495,0.8147832471464933,0.6317326425390303,0.3448943334474821,0.42794062745017747,0.5246452398180916,0.35370375903734785
[US] 월마트,0.6953596899899248,0.8610339902891068,0.7119102587692344,0.9269820635296876,0.9737450050747768,0.7167890782382712,0.6455594269239763,0.6725729440995704,0.48969438587421943,0.9715045957235872,0.6934105885517108,0.7600999902441605,0.31735716929187274,0.4291309303132825,-0.6710750421699243,0.7244850594810496,0.6448135977908888,0.7744836494700595,0.01604006672236514,0.6799730637509324,0.9640862179395956,-0.03352447097049006,0.8846064325093183,0.7601945694639035,0.8422284470685748,0.8405953187399098,0.9277440988350274,0.88887796924715,0.919821377826048,0.920014298290336,0.8421714663521592,0.8411486809185993,0.922011913209977,0.9372181717763598,0.9131079404033277,0.8711162336174473,0.7103238335912523,0.9510681021564056,0.6724466358691276,0.9849293826836129,0.6753129190441659,0.636291782879566,0.4496660174513555,0.7201529336327869,0.7166440212812413,0.7449933449800031,0.9498225641367801,0.9141690113917165,0.9596802822254181,-0.05279148956321378,0.9862848178186767,0.927297789610414,0.7738182375175598,0.8798234871071856,0.8954105385312598,1.0,0.45432477161226553,0.2592021096039023,0.7118984117282297,0.8543094417099131,0.9781696856314527,0.9321136686476297,0.9348261307655269,0.9550729402941968,0.8313999705053721,0.8623952550617725,0.9043174780551531,0.9727883840673716,0.8673023470531501,0.6625142623826031,0.7302007429994817,0.791797596025604,0.6851239524108488
[US] 코카콜라,0.895389765766175,-0.05062406454430673,0.9419463811045405,0.13633643284371727,0.33627415229057417,0.9359319712498977,0.9566385089118437,0.948195162015066,0.986086019633633,0.5852586613302813,-0.339584235141087,-0.20026919533588705,-0.709711093006885,0.9902242530962124,0.3195751515057744,0.9142309896568044,0.958522445569612,0.8959383082979833,-0.8886975073811542,0.939560231320377,0.6182732991378465,-0.8632006141729309,0.7915262180237976,0.9058106760895432,0.838147955112539,0.8410943239854123,0.7163800925188284,0.7958361465591675,0.7572706046242319,0.7578264681187236,0.8433722985304289,0.8442642271045677,0.753812960576247,0.7213066422600661,0.7616486436857745,0.8006873800957717,0.9333820110189808,0.6807150315787822,0.95575945351164,0.36996710755721046,0.9361131165843382,0.948261241255961,0.7539491113343088,0.9334970588060031,0.939053109437026,0.911689882091682,0.21214436100672535,0.7655818454294564,0.6156225963745159,0.807915624807152,0.5503365390581219,0.732253499556266,0.9009030939235049,-0.00032390025532951893,0.09486613505118434,0.45432477161226553,1.0,0.9675452803480886,0.9444496236710281,0.8285682050932619,0.5630449713478002,0.6543145849056823,0.7118793433822993,0.6499515638670031,0.859319087974772,0.8277404665009795,0.7783866598133893,0.6207175872287267,0.8224192616199737,0.9603294898428064,0.935095810194986,0.8848824302974783,0.9467240886572263
[US] 일라이릴리,0.7544264594867156,-0.2632486413745592,0.8545086180401953,-0.07158035143176565,0.12440964553227687,0.8420197543387614,0.8827792200287014,0.8643454747173837,0.937184580624966,0.3925925274438825,-0.531307565275651,-0.3974093498744313,-0.8361801474067662,0.9717742584294101,0.5046722634775886,0.799384380944552,0.8839007411244132,0.7770499634309682,-0.9533693818770885,0.8580948909896002,0.44165607578216953,-0.9179240680120019,0.6438914990320257,0.7968117795610496,0.7047294720177754,0.7079504912584603,0.5565584035991723,0.6477893518187119,0.6067880684011443,0.6068495091497557,0.7107072984594691,0.7114295314459096,0.601834427316337,0.5670810968006396,0.6180602684592383,0.6777719407880655,0.8533753800502222,0.5185927613278759,0.8824989466842963,0.17170065143605182,0.8663741496553241,0.889653830043756,0.7513086765333244,0.8471936405133752,0.8495566808121422,0.8186239273044741,0.015208243839990235,0.6181023640519103,0.43403443589369683,0.8960646932067391,0.3731689934641105,0.5829447509785998,0.8021445228951662,-0.19294737818940888,-0.08721023692879401,0.2592021096039023,0.9675452803480886,1.0,0.8540792360825953,0.7066175867193989,0.3735966231831853,0.47268565904475024,0.5423537252260845,0.4711162639149577,0.729553619781299,0.6965858044509574,0.6274713005450778,0.4394222478835459,0.6843510758617828,0.8789194534276944,0.8373009394460657,0.7700417983510153,0.8567890298361647
[US] 존슨 앤드 존슨,0.9916000836107558,0.28571345355627303,0.9956610116151903,0.4308118218857007,0.6072452370512429,0.9951208036013884,0.9924108294806476,0.9930070785417695,0.9556682026723349,0.8077069814684386,-0.023883551656604256,0.11772614787282226,-0.4538962492911273,0.9409499069023463,0.008492053822957354,0.9811047692527375,0.9925021760680411,0.9843271372208872,-0.702810076392867,0.9904318571521845,0.8333744836843593,-0.7000395588235735,0.9431604589272025,0.9911509681808022,0.9661469695143075,0.9665660089735034,0.898739769016113,0.9432041052447274,0.9244509158609712,0.9249270894316346,0.963688038803558,0.964096972695024,0.9221627378061827,0.902755740587703,0.9259581593606587,0.9423240516072455,0.9889409242085362,0.8779329387707601,0.9930427297137686,0.6424176776583602,0.9782710725075683,0.9720217421556485,0.7436015063434123,0.9932198239657978,0.9963849084595279,0.9844836455673103,0.5083331442945502,0.9283916203245368,0.8212964426734863,0.6112253993402891,0.7854211627164628,0.9073329307096721,0.9866148683435139,0.31571097713060997,0.40017709628080905,0.7118984117282297,0.9444496236710281,0.8540792360825953,1.0,0.9602656670920326,0.7953981947095853,0.850602255199741,0.8945438321131584,0.85393443091982,0.9760183499430248,0.9587562026440881,0.9347521332825193,0.8373462924846242,0.958227532618548,0.9884367026980742,0.9935493525096539,0.9840286862588397,0.997397554978309
[US] 애브비,0.956879798866942,0.5475513106755059,0.9578749847581185,0.6223943535448488,0.7671221025919339,0.9628079794043366,0.9415758625993764,0.9502428829954784,0.8466691672877389,0.9105899452122973,0.21701561764336735,0.34371339728388717,-0.21981128152046464,0.829303127835339,-0.22432855275508973,0.9402646017769514,0.9401571549366811,0.9725464545706782,-0.5038649116128135,0.9539785896618586,0.9312563509785559,-0.5306290214450838,0.9860699560386937,0.9788347782895938,0.9886483116347301,0.9892052195310154,0.974995207058977,0.9757613600593045,0.9795989011680154,0.979386822299736,0.9740880675073407,0.9733297755521505,0.9777784289573478,0.9724962216342466,0.9817467762423144,0.9831838444470926,0.9586312391802133,0.9560859210505191,0.9454598606235907,0.792707453571851,0.9435627570973439,0.9250687351730836,0.731383935411724,0.9615411049706445,0.9589491623561629,0.9740136172564179,0.6937619381960328,0.9835881094346456,0.9013233601660887,0.42280764728735865,0.9087515216548255,0.9731533190101804,0.9778818472188423,0.5422735294869283,0.6144003228981944,0.8543094417099131,0.8285682050932619,0.7066175867193989,0.9602656670920326,1.0,0.9052989606157413,0.9172762039039355,0.9557208003569824,0.93283291040088,0.981458312433121,0.983893944043543,0.9754057729822598,0.931682714565257,0.9829536717294888,0.9370053917320785,0.9633235832730612,0.98191411315463,0.9545003994559939
[US] 제이피모건,0.8103019646752222,0.7849266726175455,0.7922708066939109,0.8753143611175156,0.9480380255161307,0.8005427684152124,0.7424310234154078,0.7655228737337889,0.6111022167903754,0.9885110404430418,0.5912866348567756,0.682367224192738,0.1849383130076379,0.5440321683803084,-0.570059512342042,0.8181745845228294,0.7414462273704102,0.8531328049876011,-0.12731784695096315,0.7689883738748169,0.9882922638485333,-0.1556728276743992,0.9406432153948246,0.8445097048721008,0.9112941809672067,0.9071820219622005,0.964705502675828,0.9399433412641328,0.9548343208550815,0.9554102038494241,0.9046023570589726,0.9040405065803445,0.9567582099526323,0.9627097897447703,0.9441878918725288,0.9057367025960081,0.780795687053187,0.9718925231973375,0.753190475963278,0.9593871072376697,0.7449016266378862,0.705641816632046,0.4730368690562586,0.794544305466779,0.7973279863146789,0.8146898399437825,0.8971136316975454,0.9520450328735602,0.966873701011501,0.06413453583956849,0.9811967214978103,0.952450723692354,0.8366593258201995,0.8041495838317841,0.841412632760484,0.9781696856314527,0.5630449713478002,0.3735966231831853,0.7953981947095853,0.9052989606157413,1.0,0.9812804798532994,0.9779038199276174,0.9897774862198718,0.9017580852953668,0.9136755602643313,0.9494443789107717,0.9920902704852782,0.9219857547067629,0.7496582166773088,0.8071751430713255,0.8664654942969243,0.7801169202795044
[US] 뱅크 오브 아메리카,0.8975978188115304,0.6861359572527497,0.8465876820312572,0.7982155440958311,0.892009201405016,0.854852411098185,0.8071967966590007,0.8265023388038485,0.7178427674504617,0.9680427664485495,0.46779597004484763,0.5832318164698072,0.04937505624609484,0.639209772130267,-0.43797759666789365,0.8897265983081243,0.8080435818174906,0.8991058611575851,-0.2552207090436449,0.8249616399651319,0.9769594504310315,-0.251973838749575,0.9572780948236246,0.8930373182086526,0.9411757352819792,0.9344172396742111,0.9571569543331003,0.9670343357327448,0.9618262330130108,0.9629570030546525,0.9452905055080202,0.9454758206782259,0.9641358881862838,0.9590642667289009,0.94620706065537,0.9128553952829416,0.8248236509417883,0.9640462842094936,0.8078176703501937,0.9106938888175731,0.7854165517877573,0.7483119370448857,0.4815020778271963,0.8419754134202954,0.8526814579716501,0.852677502057868,0.8235860279690671,0.9567018335108158,0.959932467757195,0.19232148899986992,0.9459281760979703,0.9475580694053882,0.8716696732657716,0.7042963667840592,0.7596109892004911,0.9321136686476297,0.6543145849056823,0.47268565904475024,0.850602255199741,0.9172762039039355,0.9812804798532994,1.0,0.9908391111768589,0.9944617336626785,0.9406996274715699,0.938035630126026,0.9685215006236445,0.9805984161757166,0.9485326343286764,0.8100240825826258,0.8569372548832379,0.9051203074887413,0.843076859073362
[US] 모건스탠리,0.9164059495619457,0.6769405573573221,0.8940695291230012,0.7746901078841383,0.8827826415223244,0.9002604924609147,0.8590172996682905,0.8770155761630214,0.7642823867802936,0.9750659062199376,0.4138467111047906,0.5313436315765216,-0.017203912887966775,0.702397403252997,-0.3898175503155692,0.9192859203853234,0.8596916322346362,0.9376840428880712,-0.32075058501364134,0.8772423783843651,0.9858776564075042,-0.3285618571483726,0.9845426840498337,0.9329132039847698,0.9715743204585681,0.9681229479409436,0.9830238792804741,0.9884456971529274,0.9884108863586436,0.9890359323819607,0.9713399623848957,0.9711037816590118,0.9896522897982821,0.9856731847207901,0.9788078787481563,0.9556536971359978,0.8801946214853307,0.9852044328007671,0.862172912139739,0.9031863744155384,0.847875421659008,0.816248365144521,0.5713263197782297,0.8922171817225717,0.8978853742627556,0.9018924086232997,0.8100533472562859,0.985340597292435,0.9692797965796253,0.2598244410057265,0.9602897085305347,0.9788324948698277,0.9203782625126419,0.6810196857215602,0.7394228984987411,0.9348261307655269,0.7118793433822993,0.5423537252260845,0.8945438321131584,0.9557208003569824,0.9779038199276174,0.9908391111768589,1.0,0.9958194925275431,0.9670097038525008,0.9724777182789857,0.9911720037033438,0.9885142586454214,0.977790445554083,0.8595918557603711,0.9030535155926106,0.9420082852393691,0.8886253586176531
[US] 골드만삭스,0.8800209708257931,0.7254184565212021,0.8539086556127317,0.8203320202470255,0.9113110566586107,0.860651525732274,0.8124683905677684,0.83222743904283,0.7061273649196985,0.9830892631651098,0.489275997564936,0.5985255712161804,0.06866566766566132,0.6390117065582612,-0.46278481889029466,0.8829905969187942,0.81278998714214,0.90492924790916,-0.2381165606545224,0.8340445466885795,0.9923903185038804,-0.24959449930444472,0.9683893882824092,0.898441784525,0.9491563835581484,0.9445411012309042,0.9748260809654833,0.9730074062298854,0.9768812672175183,0.977614919556287,0.9489374049368484,0.9487351686100242,0.9786928737854296,0.9780418449124321,0.9658708811621446,0.9361207351523259,0.8392595457280644,0.982130820563435,0.817545467930793,0.931741733781166,0.803131712339622,0.7672742158042378,0.5225224443198011,0.8531151981075255,0.8587315217590193,0.8641320329747124,0.8491243301437588,0.9727677242441047,0.9732036666467208,0.18250654296621766,0.9704880145692671,0.969436475167515,0.8865659239551053,0.7342448711036776,0.7863155414674345,0.9550729402941968,0.6499515638670031,0.4711162639149577,0.85393443091982,0.93283291040088,0.9897774862198718,0.9944617336626785,0.9958194925275431,1.0,0.9434438507464878,0.9512172527202181,0.9779695044813203,0.9931468868831481,0.9569958016096518,0.8136716739399749,0.8634604437382126,0.9130655761072008,0.8457586518422022
[US] 이즈코프,0.9851775010532792,0.4789546782692291,0.9738299284307889,0.599290776941069,0.7476492243111327,0.9749643327787958,0.9571950398013811,0.9650606914111525,0.8914361312240972,0.9057457363457512,0.17629554027789718,0.3149978109786414,-0.2654988193432919,0.8548865740517235,-0.17428301337535768,0.9765060905931074,0.9571523758591648,0.9879417056284338,-0.5469948527689378,0.9645984740737794,0.9248057437889613,-0.5502667247559484,0.9860601600485578,0.9900894214780912,0.9938333792419768,0.9914815480769568,0.959384003678098,0.9872829434412654,0.975986701002109,0.9765838816341798,0.9911864020740629,0.9913526048173211,0.9751965785671035,0.9625308001333893,0.9723029784852899,0.9702952474871744,0.9626196421048647,0.9484383618719501,0.9569204718730205,0.7772355978992578,0.9416761699260375,0.9214565082999424,0.6765140347661691,0.9718947325108128,0.9767105813580168,0.9715274106005808,0.6583280086784522,0.9771470854504526,0.9053757322162774,0.46037499075538324,0.8846257716439181,0.961777384163091,0.9802721988009944,0.4909709579183568,0.5699974349878432,0.8313999705053721,0.859319087974772,0.729553619781299,0.9760183499430248,0.981458312433121,0.9017580852953668,0.9406996274715699,0.9670097038525008,0.9434438507464878,1.0,0.9885364674201902,0.9837459084028143,0.9284909595499572,0.9911393979761063,0.9534275379581265,0.9759151192648473,0.98997210203193,0.9735816016326263
[US] 이머징 마켓,0.968358130167952,0.5755287244765218,0.9650505097221113,0.6490526809158154,0.7880935187087955,0.9678961434908376,0.9438748386246237,0.9547389078554324,0.8672284854874113,0.9223244862489488,0.2251792428959312,0.3575448703052189,-0.2112853430484058,0.8332322478322953,-0.2039324101217679,0.9629573972617401,0.9448295815548806,0.9802416984141652,-0.4918595967634249,0.9572247780048811,0.941978188502723,-0.49898807891502106,0.9887194358278666,0.9809811144547188,0.990342150786153,0.9900728315081772,0.9709484240744526,0.9917732308896051,0.9900974116389166,0.989931629595076,0.9916660884780907,0.9910006318910484,0.9893046137518317,0.9819543714321454,0.9897845072052985,0.9903938949966042,0.9616092961559507,0.968957284878252,0.947712970230416,0.814844468213239,0.9413073053560451,0.9211617714046658,0.7114525182934763,0.9655498459202503,0.9658025749148589,0.9676262689056961,0.7047745861327015,0.9883608429818125,0.9287629075610151,0.4382570112897304,0.9182703409130024,0.9830136956723787,0.9825603773184591,0.5474748011727902,0.6258580881048614,0.8623952550617725,0.8277404665009795,0.6965858044509574,0.9587562026440881,0.983893944043543,0.9136755602643313,0.938035630126026,0.9724777182789857,0.9512172527202181,0.9885364674201902,1.0,0.992002245920945,0.9451472391599597,0.9946105631118005,0.936085155383237,0.966165174257803,0.9898078539319616,0.9577954331877254
[US] 선진국 마켓,0.9448863639440529,0.6231459839409096,0.9358239421682866,0.7132578733281162,0.8406623119862627,0.9385954510541271,0.9061370187450416,0.9207000613827421,0.8230073859188449,0.9531589728993904,0.3194733325566836,0.4420412739535153,-0.1175628247144554,0.7740833127283508,-0.2979121469933581,0.9507324721789246,0.9074638484152266,0.9655747744406408,-0.40970280747376103,0.9216666314395681,0.9693255615373553,-0.41617407961792835,0.9933465691565823,0.9633400742231696,0.987444148698248,0.9859564464989634,0.9828566586876707,0.99768919262681,0.9960826941972148,0.996516709472142,0.9892329145192831,0.9889519565092102,0.9964076907588144,0.9900966822143011,0.9906442518100467,0.9789073112347952,0.9268244762521719,0.9833781010780445,0.9114102025088081,0.8653234392640977,0.8990240726006314,0.8749262934143454,0.6410407909153973,0.9347207107519936,0.9378587121468016,0.9396178359979198,0.7631115376012069,0.993722466082107,0.9604040727537835,0.35289325262875004,0.9439698853925483,0.9865753370274826,0.9574178980124453,0.6152251255949288,0.6771666801982495,0.9043174780551531,0.7783866598133893,0.6274713005450778,0.9347521332825193,0.9754057729822598,0.9494443789107717,0.9685215006236445,0.9911720037033438,0.9779695044813203,0.9837459084028143,0.992002245920945,1.0,0.971869525522182,0.9914128726358086,0.9040485932633908,0.9412791085288668,0.9719463425152778,0.9289927648573468
[US] 금,0.8422881785540621,0.7649560229047524,0.8365410477464196,0.8473302535758951,0.9335682088851199,0.846397463327703,0.7893330266628417,0.8112373484907985,0.6683604455204225,0.9903669586630351,0.5316815909120338,0.636107047946905,0.11222408271132696,0.6060981773186841,-0.5086758388265143,0.8563913771766634,0.7892311903412899,0.8872409917554863,-0.19285030129242423,0.8146863915163055,0.9907849101125256,-0.21611152433318012,0.9601772156213955,0.8798435091478005,0.9350431118633191,0.9324212787505026,0.9773451105023955,0.9643256620354245,0.9776722475809942,0.9778922117047295,0.9355340408258227,0.9348880676327893,0.9791116084695219,0.9833587888181726,0.969826547833825,0.9400358547044986,0.82899889388845,0.9893965219632528,0.8020905829775273,0.9479469394191885,0.796642436589205,0.760750136536916,0.5373344502702733,0.8392837457094934,0.8410698639273217,0.8575606588399066,0.8790191805414254,0.9723590878636602,0.9790147931252655,0.1425647809662119,0.9869176935157316,0.9751756510364434,0.8789579306692243,0.7713596408351401,0.8147832471464933,0.9727883840673716,0.6207175872287267,0.4394222478835459,0.8373462924846242,0.931682714565257,0.9920902704852782,0.9805984161757166,0.9885142586454214,0.9931468868831481,0.9284909595499572,0.9451472391599597,0.971869525522182,1.0,0.9528422093693218,0.7946509028183164,0.8491144038835209,0.8990482479638631,0.8228791528773796
[US] 은,0.9661286858824293,0.5614859170825349,0.9591380735469184,0.6514170036990928,0.7920741642695052,0.9640931373365615,0.9358492610489175,0.9477250435486012,0.8602791025412899,0.9296830762756653,0.24260927334459184,0.38170812363899015,-0.1989386359942576,0.8191023500993486,-0.22840891384414108,0.9608817112206911,0.9360529269382483,0.9778391287096844,-0.4832529961024948,0.9473889641361422,0.9428958320490899,-0.48772393291314836,0.988941214350556,0.9788644054461723,0.9895482362761484,0.9884755983065053,0.9724034801137521,0.9935678695983802,0.9892376312160548,0.9892604347485231,0.9927413532133278,0.9923458313854813,0.9888645942181638,0.9802527557856162,0.9861671328791429,0.9828328320597235,0.9521479652050414,0.9692945390887572,0.9397983884382812,0.8163139050261996,0.9319937011599926,0.9087296956747113,0.6916533109305452,0.957848799110204,0.9609700262348858,0.9654660901322588,0.7107529090308389,0.9869553770834798,0.9301407855989605,0.4227327594294409,0.9181643590170769,0.9784940459911734,0.9751749592029852,0.5543866811538315,0.6317326425390303,0.8673023470531501,0.8224192616199737,0.6843510758617828,0.958227532618548,0.9829536717294888,0.9219857547067629,0.9485326343286764,0.977790445554083,0.9569958016096518,0.9911393979761063,0.9946105631118005,0.9914128726358086,0.9528422093693218,1.0,0.9334856919112229,0.9633292583152029,0.9825136087015732,0.9542305214449754
[US] 미국 오일 펀드,0.9815589085512657,0.23650656784467797,0.9891367612449203,0.3700099589244717,0.5504474202389975,0.9884474958368957,0.9897417872974035,0.9931026366383485,0.9668687343174293,0.7709564537433008,-0.09314215414698988,0.04495240854918148,-0.5119455070861924,0.9570523527057152,0.0860980672028188,0.9690035195841633,0.9918129608956041,0.9773497838045719,-0.7479636429125683,0.9881274514775775,0.7925934636381964,-0.7452179574670237,0.9174352172118133,0.9790004420569967,0.9448299728143535,0.9474040498227098,0.8690114939994411,0.9139066366917398,0.893485367851423,0.893943429043366,0.941574158134402,0.941775598020181,0.8911063271352802,0.869499186685746,0.8963310779592639,0.9162404937935382,0.9828742100222446,0.836811341969255,0.9891193041589871,0.5867397429745015,0.978764848148598,0.9764603629881905,0.7822187173962419,0.9846379166025153,0.9869583982257368,0.9793789919424682,0.4480422855487893,0.9016807385030473,0.7801031460622948,0.6633001122481087,0.7437218282133224,0.8776832157125247,0.9737349108673092,0.2526638881541796,0.3448943334474821,0.6625142623826031,0.9603294898428064,0.8789194534276944,0.9884367026980742,0.9370053917320785,0.7496582166773088,0.8100240825826258,0.8595918557603711,0.8136716739399749,0.9534275379581265,0.936085155383237,0.9040485932633908,0.7946509028183164,0.9334856919112229,1.0,0.9947402560712238,0.9682796578952341,0.9910930183838483
[US] 원자재 펀드,0.9950758829150891,0.3348441479857182,0.9947435565864693,0.4549303691977508,0.6274330193023253,0.9959233786920019,0.9899759558772949,0.9954506468983909,0.9505907278790506,0.8260869184595293,-0.0016702123369675345,0.13512346133921216,-0.43231317775038564,0.9341004491667553,-0.0002581104526505897,0.9809251988334378,0.9916992703837635,0.9917377795311746,-0.6846177796956702,0.9926167660949523,0.8460263740655758,-0.6858704839979888,0.950638909201036,0.9925042945406815,0.9707269431328078,0.972670084079527,0.9109541180193468,0.9482420568461543,0.9335963028892151,0.9339178392438852,0.9677595840729522,0.9677838489705061,0.9316100180496187,0.913999461085367,0.9357951765537409,0.9500015505214104,0.9897974215176165,0.8867508205414842,0.9902868050940257,0.6612844338940373,0.9811722739493577,0.9742653022745752,0.7704380119881022,0.9922064939909693,0.9937546543618909,0.9889390857771011,0.5300454382560045,0.9388654842631824,0.8352537925130008,0.6030711089533117,0.804551583409668,0.9201905309993458,0.9892637227496394,0.3416493950454672,0.42794062745017747,0.7302007429994817,0.935095810194986,0.8373009394460657,0.9935493525096539,0.9633235832730612,0.8071751430713255,0.8569372548832379,0.9030535155926106,0.8634604437382126,0.9759151192648473,0.966165174257803,0.9412791085288668,0.8491144038835209,0.9633292583152029,0.9947402560712238,1.0,0.9874720528645005,0.9951191336913027
[IDX] 닛케이225,0.9941817943089356,0.4912015384269238,0.9874046687010295,0.5485235545305484,0.7024500534071879,0.991588711359435,0.9776873137149222,0.9835882935747491,0.91684251052429,0.8721837326986742,0.138305965784452,0.2883545934924552,-0.29939111305703536,0.8923731361681057,-0.10097434055943703,0.9802358105539233,0.9781844529312791,0.9906179993906765,-0.5755572607956106,0.9856120722322663,0.9045218713174702,-0.5570502133400786,0.9761712070984226,0.9938409208812913,0.9886442293092017,0.9880563734689056,0.9444606635551279,0.9744403544619857,0.9669711358240344,0.967010276383522,0.9839919026189923,0.983656064916091,0.9651761468368837,0.9529621781558821,0.9692854989384786,0.9800265208350604,0.986052770727245,0.9321923324387389,0.9780488895571726,0.741531091033224,0.9721022960992122,0.957307083537528,0.717279120635507,0.9889499164222058,0.9885592937410289,0.9856275628346143,0.6221828933153699,0.9703022309029707,0.8766180314003931,0.5197208460225619,0.8614907221317971,0.9569071677561268,0.9959055846143493,0.4404545201747641,0.5246452398180916,0.791797596025604,0.8848824302974783,0.7700417983510153,0.9840286862588397,0.98191411315463,0.8664654942969243,0.9051203074887413,0.9420082852393691,0.9130655761072008,0.98997210203193,0.9898078539319616,0.9719463425152778,0.8990482479638631,0.9825136087015732,0.9682796578952341,0.9874720528645005,1.0,0.9849491831667505
[KR] 코스피200롱150숏선물,0.9955406400564288,0.30162870668834046,0.9979128311510688,0.4080747580297331,0.591340773913455,0.9972073017049405,0.9963031307603336,0.9978097926666724,0.9584942319499058,0.8087721373269056,-0.02709788186423239,0.12444946126952608,-0.460478421823017,0.9467249591872168,0.017512639684203093,0.9787875118872935,0.9964782988708775,0.9877145981186161,-0.71299472521021,0.9951314033341929,0.835468656007613,-0.7090196287973866,0.9427613979365396,0.991915491588249,0.966412488060201,0.96717227191548,0.8971608277706677,0.9365334041749456,0.9166643302555791,0.9170609029477318,0.9594411632120426,0.959719169506496,0.9141028789209998,0.8933903405884882,0.919271293041268,0.9387789452650168,0.9922285888594587,0.8648894432568048,0.9954745191744663,0.6135999355242718,0.9849434443495483,0.9781525583259879,0.7541957197347212,0.9958557670685676,0.9979252944473989,0.9854076185896086,0.4603621306187109,0.9225711526084058,0.8045918271758375,0.6359174648377274,0.7640636331006296,0.8995805892303478,0.9879330480966169,0.26154160412013283,0.35370375903734785,0.6851239524108488,0.9467240886572263,0.8567890298361647,0.997397554978309,0.9545003994559939,0.7801169202795044,0.843076859073362,0.8886253586176531,0.8457586518422022,0.9735816016326263,0.9577954331877254,0.9289927648573468,0.8228791528773796,0.9542305214449754,0.9910930183838483,0.9951191336913027,0.9849491831667505,1.0
