,[IDX] KOSPI,[IDX] KOSDAQ,[US] 한국 추종 ETF,[IDX] 항셍,[IDX] 상하이종합,[IDX] 대만가권,[KR] 삼성전자,[KR] SK하이닉스,[KR] 현대차,[KR] 두산에너빌리티,[KR] 현대로템,[KR] 네이버,[KR] 카카오,[KR] LG전자,[KR] KODEX 2차전지산업,[KR] KODEX 자동차,[KR] TIGER 200 IT,[KR] TIGER 200 건설,[KR] TIGER 의료기기,[KR] TIGER 반도체,[KR] TIGER 증권,[KR] TIGER 헬스케어,[KR] TIGER 은행,[KR] 신한지주,[KR] 하나금융지주,[KR] KB금융,[KR] 우리금융지주,[IDX] 다우 존스,[IDX] S&P 500,[US] S&P500,[IDX] 러셀 2000,[US] 러셀,[US] 미국 전체,[IDX] NASDAQ,[US] 나스닥,[US] 나스닥 레버리지,[US] 미국 반도체,[US] 엔비디아,[US] 마이크론,[US] 브로드컴,[US] 인텔,[US] AMD,[US] 퀄컴,[US] 시게이트,[US] 웨스턴디지털,[US] 애플,[US] 마이크로소프트,[US] 구글,[US] 아마존,[US] 제타,[US] M7 ETF,[US] 모멘텀 ETF,[US] 반도체 ETF,[US] 소프트웨어 ETF,[US] 테슬라,[US] 월마트,[US] 코카콜라,[US] 일라이릴리,[US] 존슨 앤드 존슨,[US] 애브비,[US] 제이피모건,[US] 뱅크 오브 아메리카,[US] 모건스탠리,[US] 골드만삭스,[US] 이즈코프,[US] 이머징 마켓,[US] 선진국 마켓,[US] 금,[US] 은,[US] 미국 오일 펀드,[US] 원자재 펀드,[IDX] 닛케이225,[KR] 코스피200롱150숏선물
[IDX] KOSPI,1.0,0.8723246123975115,0.9977049122279817,0.9301407118134161,0.9771706925487387,0.8686741903467208,0.9329886932479049,0.9964083881086258,0.6720061741548025,0.9911748370271554,0.9867985236634097,0.9265110349874888,0.9526002251518265,-0.7921312129616512,-0.6644081253501744,0.951049732547313,0.9900974997349846,0.9855105887850475,0.9542538686750958,0.9937559959990566,0.982084149917321,0.7178389437383585,0.923109950204345,0.8825955938193787,0.9159154241525896,0.8395132832299584,0.9695290695146876,0.8087988148583062,0.8479336120099842,0.8479734013743481,0.8085184903988987,0.8107278696662968,0.8468782671468218,0.9012924274680006,0.9024115196383989,0.9065305576083009,0.8945577752211755,0.836721022841623,0.9869336884784495,0.9676060449105924,0.5209387417204506,0.9337500791265799,0.5965904928791381,0.9738541297823766,0.9873562436061836,0.8278608257761538,0.9196964845061533,0.9883263284017886,0.842087887476738,0.10807376616623603,0.9131317273719305,0.8649233227972172,0.9030425908324776,0.9053349369805618,0.967333020930188,0.8794744296142987,0.5745502794594203,0.3874956261946593,0.9673936514250439,0.8615433950015774,0.9109377246034047,0.8555691160500348,0.9246622482695102,0.92599287463246,0.9520934771434921,0.9167605553910078,0.9059097789942194,0.9474236784702035,0.9315843516096087,-0.6669444786473328,0.7707770326129483,0.9479467352063393,0.9760864336978404
[IDX] KOSDAQ,0.8723246123975115,1.0,0.8773636007910675,0.6956254224526137,0.8181946103775692,0.5610540492609172,0.9352893123919636,0.836699465532551,0.39665189949423496,0.8700051771232831,0.8288653585395714,0.9154986377050911,0.9399723854229989,-0.5531193155289553,-0.2845109374227948,0.7986349173967119,0.9013106736012514,0.9135087346364424,0.8683673773395393,0.8947948104527048,0.7814743572424088,0.3766220065945103,0.6625702081721869,0.5919391765140867,0.6506286429337006,0.526173335285179,0.7696728070191395,0.490722425210799,0.5450624639727808,0.5449033999826338,0.4996474640239856,0.5026117658000107,0.5441499648910568,0.6265830524707007,0.6290158297287972,0.6374584038261447,0.6235399855221896,0.519987820542926,0.7959383519680221,0.7530801582364307,0.7774952043777839,0.7097302618990828,0.23195280623615064,0.7982624463840329,0.831522704123977,0.5186439150143143,0.6454693065899252,0.8159983869618453,0.5323395596123414,-0.2402042697377841,0.6453199712962353,0.569025135167574,0.6282028512511716,0.6381057208418448,0.8979798494871962,0.5813367137241056,0.1992509621249172,0.018662793448449122,0.8170512653838827,0.5826310793633135,0.6430110691307807,0.5464743260321117,0.6660918470904599,0.6690028665745202,0.7358547432289517,0.6652621368746157,0.6509458959366416,0.706876324066613,0.683303394894683,-0.4079323415970302,0.8272124850998425,0.7075972167799246,0.8556649998554865
[US] 한국 추종 ETF,0.9977049122279817,0.8773636007910675,1.0,0.6717183483487859,0.9712493226600727,0.9334717280293301,0.9734133921765825,0.9950883480240422,0.8117283350219768,0.7351219549801945,0.5495176322535115,0.44217494764538606,0.3179322616670307,0.6335993823420196,-0.4760641945670757,0.9160806472183431,0.9818115870225219,0.9736844530181389,0.20914595554565765,0.993622942580264,0.7850715964168156,0.3868377440027612,0.8347332607359816,0.8443077180633021,0.8742782933835224,0.817708755966526,0.8500817592121706,0.679584042533782,0.723251901135956,0.7232196806520732,0.7117176682341873,0.7135043657238107,0.7211932744393249,0.7634064692575232,0.7903542523074634,0.8259402303744211,0.9514309446500445,0.6968284118024325,0.9633925816669432,0.7059719047588298,0.8768929866787686,0.9763900296452276,0.49211347482592693,0.9850191461162169,0.9922189270727073,0.8040453760760163,0.66196662568044,0.8693655220159254,0.6963167302825275,0.2702799032867184,0.7179174709187707,0.7778997588039553,0.9095859564635058,0.6223565898206797,0.6153198465422169,0.643146582001649,0.6703495647774503,0.5520465351878111,0.9612721754098503,0.7312063605665473,0.7164319417263401,0.654830996336464,0.7667155765058756,0.7465090777491755,0.9070666784565371,0.8384164682769427,0.7478607759812139,0.7047130141007625,0.7844464352337982,0.7067979108750324,0.9188241239751446,0.9085389825428108,0.9904839119255561
[IDX] 항셍,0.9301407118134161,0.6956254224526137,0.6717183483487859,1.0,0.9894602721732866,0.8030497419796266,0.47928160404220366,0.6187229912082216,0.7277680250677437,0.9082435857655982,0.9492480741055643,0.7790450809312581,0.7871472336350677,-0.2850440458839927,-0.8316010161362417,0.8455347860967825,0.5096538590804945,0.7542115828371448,0.8526769834596583,0.5988256142089657,0.956700615521044,0.864728395451663,0.9383656170326393,0.9148336456762145,0.9115741542267028,0.8891598586004504,0.9373097262631999,0.9206755144585306,0.9378466069729509,0.937683236100215,0.9171266268231473,0.9180461962835206,0.9378179315640687,0.9538269485435175,0.9469459735850494,0.9300292579061666,0.7930620846546541,0.931315728366723,0.4826014789829574,0.9759381467392527,0.19890091663381543,0.6886790868491067,0.7701927438474114,0.6518300354594457,0.7028093785485879,0.8855840359066984,0.9757600418408962,0.9214103732620739,0.9364513777671943,0.3983106313759834,0.9684808742516904,0.9369897086313201,0.87520575677947,0.9749751408819749,0.8953343815138011,0.9612059774011543,0.7187178600721708,0.6306245896410181,0.8204774042488311,0.9547248205994084,0.9683283157674317,0.9416316231467754,0.9510142386669669,0.9689751893150649,0.9011585893199323,0.9423670877217725,0.9681841095147573,0.9677430611996299,0.9501115957512066,-0.1622825768276587,0.32073967654382746,0.8948090986987786,0.6509885810168218
[IDX] 상하이종합,0.9771706925487387,0.8181946103775692,0.9712493226600727,0.9894602721732866,1.0,0.9220148551232931,0.8651588737683084,0.9772817001429871,0.748720013686779,0.9702193944626663,0.9856618715133358,0.8879195051772666,0.9133619172006203,-0.8849905343862181,-0.7411061876452048,0.9454963395872297,0.9477414647917991,0.9491972642023527,0.9677307564084644,0.960325196814455,0.9877063053288859,0.8003861175249186,0.9627606895018089,0.9352054225677858,0.9568675165527816,0.8952612653373526,0.9871238036292913,0.8765109687490352,0.9100399454851622,0.9099875653904032,0.8784980388139243,0.8802973593262543,0.9091946681752273,0.9488080326523097,0.9495615107036266,0.9477749443810201,0.9427706723861146,0.8985435367601133,0.9863067408951881,0.9872335480169261,0.42084849239167266,0.9758014370898822,0.6830262899050993,0.9841350399084867,0.9837883554233536,0.8820396353532419,0.9637823953593723,0.985640374178833,0.9044189942873868,0.23365820331013956,0.9587002309600748,0.9255620993132834,0.9495564046594336,0.9530643499862259,0.9572570729249593,0.9349557723863918,0.6759298226865165,0.5000250403321848,0.9742340331863584,0.9302035916415752,0.9563045611703395,0.9094569720247759,0.9599357870283328,0.9667488100433539,0.980768786870164,0.9649183471141038,0.9573838650721755,0.9746055031340277,0.9667745925731721,-0.7449370586148655,0.6866866534249835,0.9751470147956666,0.9414950936137898
[IDX] 대만가권,0.8686741903467208,0.5610540492609172,0.9334717280293301,0.8030497419796266,0.9220148551232931,1.0,0.8504905837032612,0.9308924061054877,0.9320316955194035,0.7463207166932547,0.617920819150444,0.40221154903032974,0.2956235378478663,0.5061312115381807,-0.7039332996986257,0.9354309351421077,0.8879968566352076,0.9060773398171074,0.29286931811075895,0.9100134949360795,0.8555083190774596,0.6533304955260548,0.9397039144286927,0.9629015807339913,0.9663236898490604,0.9569962714914764,0.9074670935539988,0.8756555020477779,0.8962393304164062,0.8961999167601516,0.896769164107102,0.8974978639512485,0.8949427614420058,0.9039078491806836,0.9227481556732762,0.9426157468539739,0.9963046197205685,0.8785930269692156,0.8878187333340195,0.8066805880920476,0.6831499654583684,0.9641277675021072,0.7624378217073665,0.9283009323473876,0.9368598751798745,0.9519187083296167,0.8127554880251278,0.9041386226086279,0.8754545078238933,0.5829854926037693,0.8628272979173759,0.9283609114605406,0.9898369182421054,0.7867712063999998,0.6240690546100851,0.8193603881786021,0.8877750522771487,0.809084691804997,0.95629620695622,0.8889143516006474,0.8597670815808232,0.8400463109216365,0.8914291499971153,0.8750060599454147,0.9541870434237678,0.9454797877020468,0.887930492992739,0.8164828671574792,0.8857227920913532,0.567152427896759,0.7855455876370493,0.9724717293389152,0.9121775604331489
[KR] 삼성전자,0.9329886932479049,0.9352893123919636,0.9734133921765825,0.47928160404220366,0.8651588737683084,0.8504905837032612,1.0,0.9815269781428546,0.6969289300931032,0.6133069593820175,0.3906047695894752,0.33836351007540333,0.19065405329282217,0.7543701035515391,-0.324561988091535,0.8122954739488165,0.9935948012792831,0.9311024516648663,0.037007844299462175,0.9909631673895021,0.6426112120417277,0.1764926083642223,0.6988156708848218,0.7098163764355389,0.7530263998315326,0.6794305057019135,0.7296287970747053,0.5046636494835635,0.5580618052417278,0.5578700321067807,0.5443131494266115,0.5465138447144222,0.5553409585121636,0.6075865014313626,0.6425489021166554,0.6868540432285298,0.8771645202982422,0.5228725880965288,0.9786807449674851,0.5452309228987661,0.964355013181563,0.9367754951495292,0.30150278618148735,0.9744563903379413,0.9717378994987321,0.6614724891297428,0.4875492781101543,0.7563751273432819,0.5260209689875471,0.1619409659258234,0.5505139412823852,0.6316238880453058,0.8071774206809571,0.4338187772808666,0.4802561248359889,0.46217188062210857,0.5578099403262479,0.4277358676742848,0.903134280916732,0.580159554724659,0.555571212534426,0.46705479324875654,0.6105775763659026,0.5958103566057193,0.8227261052495355,0.7084283987448479,0.5942638428378914,0.5501020504901263,0.6541953305381144,0.8361748958768024,0.973669863151027,0.8037743836708402,0.977473656200771
[KR] SK하이닉스,0.9964083881086258,0.836699465532551,0.9950883480240422,0.6187229912082216,0.9772817001429871,0.9308924061054877,0.9815269781428546,1.0,0.8056797598074353,0.6806057320288823,0.48394465701279604,0.3703750251041103,0.23917347882180195,0.6868032730453772,-0.4573510735986451,0.8865533430988134,0.9925970244837211,0.9527904461928136,0.12959116548851726,0.997211769126942,0.7395257976297184,0.350844099667596,0.804372154843542,0.821084385451869,0.8506392997260008,0.798786979478832,0.8126753625375633,0.6502305891685842,0.6941862347169322,0.6940669127761961,0.6834227422227862,0.685197663644147,0.6917298384517225,0.7316888797369459,0.7622846061569976,0.8014439362225239,0.9495799586891689,0.6650632618994201,0.9834257292791343,0.6535237481828848,0.9010855832677516,0.9826701778797496,0.47297012421651713,0.9921104548364906,0.9931496444744841,0.7875841145620406,0.61737687590129,0.8342592051755355,0.6659114255754399,0.3103706105636895,0.6779021052966036,0.7549835832125442,0.8989497154808777,0.5692809496281765,0.5422064939597285,0.598160502453244,0.6936719496656446,0.5732009483712013,0.9487144701558222,0.7034113802187811,0.6789896664832238,0.6118334503123994,0.7287795348459476,0.7124257601017832,0.8940531185303735,0.8146940350234316,0.7149196103641112,0.6571463059311866,0.7521157246984833,0.7781804692286624,0.9442833632256623,0.891737791698662,0.9877330207546802
[KR] 현대차,0.6720061741548025,0.39665189949423496,0.8117283350219768,0.7277680250677437,0.748720013686779,0.9320316955194035,0.6969289300931032,0.8056797598074353,1.0,0.6188620285421834,0.5284554091563598,0.25987041986400083,0.21278132204402386,0.42822205712773254,-0.6012675347213232,0.8964938977476901,0.7601569118843082,0.7516908080524416,0.275199989339816,0.7709485161702804,0.7669980586184241,0.7191910739309563,0.8523316779529694,0.9009131756997764,0.8707697790506369,0.8984631658866238,0.7825988221353856,0.8654656078815082,0.8632810612690182,0.8632855872450503,0.8723541527229319,0.8721487820768551,0.8619853477522862,0.8494769122148046,0.8650992469822385,0.8865903146564899,0.916234820988136,0.8483127113711587,0.7706825515625532,0.7239243415142228,0.5121399240384812,0.8828739562314755,0.8358605294182825,0.7964521491864645,0.8012094210612563,0.925107367590007,0.7510148953910131,0.7975931412586192,0.8512441748074782,0.7139408317929444,0.8074753800602993,0.8710442869212949,0.9118533109267714,0.7397902921153157,0.48419953704868074,0.7655870555948275,0.9317649841536557,0.8768078130875357,0.8189104247170162,0.8208698174603085,0.7896620258360741,0.8139736667543093,0.8172016508672567,0.7968282234126055,0.823505876028718,0.8826511104544882,0.8367401591091584,0.7153274680532331,0.7664073129891555,0.49560451297785024,0.6636502110094185,0.9087211066320227,0.7487311979377003
[KR] 두산에너빌리티,0.9911748370271554,0.8700051771232831,0.7351219549801945,0.9082435857655982,0.9702193944626663,0.7463207166932547,0.6133069593820175,0.6806057320288823,0.6188620285421834,1.0,0.9541009092801147,0.9026673668890093,0.8537831463792522,-0.03631840988431138,-0.6799981577443158,0.8650503252741513,0.6048347464832482,0.8542120723115246,0.7788368695481743,0.6790449909241723,0.967092543163823,0.6485562183604225,0.892116984323262,0.8406255710848295,0.8658623297520825,0.8054515961176182,0.9450990267959606,0.7891820612831484,0.8291417657055591,0.8291828020581217,0.7916226085727668,0.7938538060265461,0.8283435740998185,0.8811269972283751,0.877256550402034,0.8692236060973533,0.7402457591842383,0.8211863478180363,0.542793703203509,0.959746517700735,0.46072569531316554,0.6989940900587344,0.5619893949481582,0.653025361799326,0.7124901585392602,0.7883622138617783,0.9048995542960658,0.9519864572025537,0.8232505878241049,0.11388406470668339,0.8972825877972089,0.8436712418012884,0.816492306375692,0.8819382748573911,0.9623206033451975,0.8665485844168803,0.5679837562328885,0.4006333404517076,0.8352636485673218,0.8485246578339665,0.9007987011821896,0.8353308848445948,0.90941209055761,0.9147125398616369,0.8867592301926244,0.8768740310748392,0.8872088145528937,0.9470616261685022,0.9308057775107015,0.09653047607612389,0.4498901517214851,0.8726165589676823,0.7497746805625728
[KR] 현대로템,0.9867985236634097,0.8288653585395714,0.5495176322535115,0.9492480741055643,0.9856618715133358,0.617920819150444,0.3906047695894752,0.48394465701279604,0.5284554091563598,0.9541009092801147,1.0,0.9189451337351996,0.9122070864715364,-0.2864337380607176,-0.7425905349866039,0.7559236496764742,0.3881703593836267,0.6942699734035891,0.9006460227860359,0.47604981848954847,0.9347017711465803,0.748224829706438,0.8464436274516016,0.7861696289441864,0.7992929576080599,0.7600007269203142,0.888311102786719,0.801166157643681,0.8266886941291944,0.826704352556797,0.7892411031166161,0.7908307246480946,0.8267177114311532,0.8634559127056675,0.8475043995248308,0.8218343528631613,0.6063997542292255,0.8269032670580301,0.3296884029439894,0.957983326705243,0.2126749553117414,0.521572376584456,0.6138728609474098,0.46336313216032426,0.5298260472445669,0.7456219912556259,0.9269735424354292,0.8753684001980314,0.8305704260462311,0.15454556937540306,0.8993358763211808,0.8181397712930079,0.7202119955206643,0.9229124282532536,0.9632133670825201,0.8943942016089056,0.5377255177542875,0.3937810577925976,0.6965303595797762,0.8468094087951867,0.9026745720473426,0.8601816293931308,0.8889348164889317,0.9040088466180376,0.7889282645263782,0.8242887503671293,0.8768121851645015,0.9432518642935701,0.8899762012668103,-0.14364065852255128,0.2206221899099809,0.7730217589770836,0.5602489260435588
[KR] 네이버,0.9265110349874888,0.9154986377050911,0.44217494764538606,0.7790450809312581,0.8879195051772666,0.40221154903032974,0.33836351007540333,0.3703750251041103,0.25987041986400083,0.9026673668890093,0.9189451337351996,1.0,0.9754350983908187,-0.32963984121756845,-0.5263074197262987,0.601715980454563,0.29653083299682476,0.6259056301931714,0.8831874174462456,0.38634505293129806,0.7934445757030525,0.4685428335955851,0.6512379259002937,0.5621560182139436,0.6021330325704031,0.5191983972290579,0.7496358057357114,0.5376223296182775,0.5816226628106305,0.5815767219764457,0.5321168496313314,0.5347370521981808,0.581588280623087,0.6477864421661071,0.6317746692454025,0.6059763416131607,0.40779437578367256,0.5791114952106263,0.21290172167952776,0.8129475463878241,0.23668279516264057,0.3600768250413395,0.28226300654593506,0.34466327880682435,0.41841991253709226,0.49002764341534805,0.7314020523791597,0.7463656358523046,0.5850031068659698,-0.20491852302072905,0.6934196519497178,0.587519401746911,0.5131454355308386,0.7220027858126399,0.9421106745624686,0.679015980139342,0.22120728385445135,0.052043442627284574,0.579580007676787,0.624671568704708,0.7074958334889575,0.6193619763047019,0.6960706137434081,0.7167685100543377,0.6426021524426003,0.6189937491464195,0.6694955777197763,0.7946040709782409,0.736338299495842,-0.2030280978644232,0.14979128934350153,0.590278568148579,0.4824179818805029
[KR] 카카오,0.9526002251518265,0.9399723854229989,0.3179322616670307,0.7871472336350677,0.9133619172006203,0.2956235378478663,0.19065405329282217,0.23917347882180195,0.21278132204402386,0.8537831463792522,0.9122070864715364,0.9754350983908187,1.0,-0.46314843017383717,-0.4739655175161257,0.5349785284466742,0.1576982380664453,0.5117615114680697,0.9295711414936598,0.24885920286557797,0.7477748838039341,0.503958299849886,0.5876783150550416,0.4966240085193677,0.5260326608423997,0.45911032386037454,0.6768566334492292,0.5162026816354301,0.5497382753398061,0.5497796140732836,0.4995556609301115,0.5017465464927745,0.5499633225468992,0.6083439925392415,0.5855413577300763,0.555362717911219,0.30709426120563865,0.5539197092927467,0.07021569932906259,0.7806153758123932,0.08253637217418705,0.24468068438962998,0.3009913017906946,0.20902856160433983,0.28697520130167636,0.4449878462862923,0.7107867164825911,0.6800306605328729,0.560305904401591,-0.19816496217187138,0.6649560133706571,0.536209953167002,0.4293775074359642,0.7115921895574847,0.91945653411845,0.6539100983775592,0.17488150524455398,0.028286405333381174,0.46495737635904666,0.5801788579559073,0.6705244987130002,0.6045772249876349,0.6533387934683562,0.6722584573941269,0.5422953015902704,0.5591177974363647,0.6290916019946248,0.7478008744699496,0.6659523244102626,-0.3434531711551166,0.002525529230412691,0.5095799276702683,0.34554320719357934
[KR] LG전자,-0.7921312129616512,-0.5531193155289553,0.6335993823420196,-0.2850440458839927,-0.8849905343862181,0.5061312115381807,0.7543701035515391,0.6868032730453772,0.42822205712773254,-0.03631840988431138,-0.2864337380607176,-0.32963984121756845,-0.46314843017383717,1.0,0.1632526896473864,0.3475996955676665,0.7628729704063073,0.4779132411467868,-0.590613408696145,0.6960428465178599,0.03403002679258776,-0.27112384905782405,0.16312136083000367,0.22779902837238322,0.25217841033657196,0.21375113792996553,0.15034576190059415,0.021034724698169617,0.049589244117675076,0.049413316805717464,0.06565945941970103,0.06644202503231351,0.0467582564255933,0.06507538966454439,0.11237440828175391,0.17699890076166377,0.5172416975199454,0.010321587430646892,0.7915321567192188,-0.08313959883040155,0.8221133988216057,0.6328522616173404,-0.03403463247173558,0.6907655777861507,0.6389865178874902,0.21719005844173603,-0.10636919536065485,0.1847667908293685,0.011909705276471163,0.15499264111257877,-0.02163818061070342,0.1246117720984488,0.3667129817651332,-0.15891085724527682,-0.1895042669235383,-0.10584885573081697,0.2845194728542263,0.25501382077871193,0.4576366606916283,0.04586143830874383,-0.02544983047125273,-0.06862562700686835,0.0414063098405959,0.013002474204315988,0.311589764805508,0.1982121039283139,0.04465056149141954,-0.07028468665798474,0.07110345711047229,0.9725721161009908,0.8580789897799741,0.3352943753036533,0.6157474213825468
[KR] KODEX 2차전지산업,-0.6644081253501744,-0.2845109374227948,-0.4760641945670757,-0.8316010161362417,-0.7411061876452048,-0.7039332996986257,-0.324561988091535,-0.4573510735986451,-0.6012675347213232,-0.6799981577443158,-0.7425905349866039,-0.5263074197262987,-0.4739655175161257,0.1632526896473864,1.0,-0.5991048840760006,-0.35909233814947544,-0.5244895611205618,-0.5910514499575867,-0.4267505778547179,-0.7755184346492514,-0.8574222891856362,-0.8289183565282505,-0.8210130849083992,-0.8049895298849522,-0.8370977068909248,-0.7842668428771684,-0.8736911826664712,-0.8695584818886595,-0.8694576461627286,-0.8667783210985852,-0.8667824428874519,-0.8703514726118928,-0.8488930954559701,-0.8374338781458983,-0.8049955804783347,-0.6569585750626806,-0.8815304975109263,-0.3801916208633766,-0.8190945900808503,-0.10066914801696822,-0.5308591561486357,-0.8046696945012833,-0.47996996254590435,-0.5069524025258683,-0.8044454205243131,-0.8728796055181743,-0.7147846392172194,-0.8728822465148107,-0.5959214272172187,-0.8576114057271332,-0.8640419265623536,-0.749338957892968,-0.8747389693454163,-0.6241906577138085,-0.9016038007524032,-0.7810153330557131,-0.7249047104841952,-0.6296785872236563,-0.8782539179079462,-0.8778290133198464,-0.8827961389156703,-0.8419991014723853,-0.8627512089388709,-0.7563672107049626,-0.7995692702498134,-0.8466228434590367,-0.8543284533324601,-0.8513367787521867,0.03413672612030316,-0.22503318484708967,-0.7293961730395182,-0.48551730671596943
[KR] KODEX 자동차,0.951049732547313,0.7986349173967119,0.9160806472183431,0.8455347860967825,0.9454963395872297,0.9354309351421077,0.8122954739488165,0.8865533430988134,0.8964938977476901,0.8650503252741513,0.7559236496764742,0.601715980454563,0.5349785284466742,0.3475996955676665,-0.5991048840760006,1.0,0.8364673488938321,0.9318916116297632,0.5029841133640773,0.8724431110062333,0.9252415105504307,0.6459713003385869,0.9348327218412913,0.9343513776273594,0.943090594631409,0.9098873037212057,0.9358387476423671,0.8482062983039571,0.8781481560894219,0.8781133647485582,0.8633398965928413,0.8646702828855605,0.8767261219370779,0.9085047366522943,0.9216647336245982,0.9394611767701263,0.936119228312949,0.8563422883174716,0.8053504742258331,0.872199402819434,0.6576950616468898,0.9182649576926522,0.6883015138582587,0.8631211958839093,0.8943243002634109,0.9163566917210874,0.8435659728365991,0.9576329245298758,0.8606675107717856,0.3904119810595984,0.8850107475159679,0.9016122085239834,0.9507947438388609,0.820581745845433,0.7743940233767345,0.826452163251164,0.7832211015347278,0.6512820564201162,0.9484272317191402,0.8719385358461663,0.8741822207843001,0.8387045525037383,0.9103256856084166,0.8934257283450191,0.9432172349128976,0.946208839113951,0.904521579392135,0.8595527936418849,0.8930230732763642,0.4489549413862744,0.7146206656997354,0.9733538600735789,0.8883657262648068
[KR] TIGER 200 IT,0.9900974997349846,0.9013106736012514,0.9818115870225219,0.5096538590804945,0.9477414647917991,0.8879968566352076,0.9935948012792831,0.9925970244837211,0.7601569118843082,0.6048347464832482,0.3881703593836267,0.29653083299682476,0.1576982380664453,0.7628729704063073,-0.35909233814947544,0.8364673488938321,1.0,0.9256939628741115,0.029786982579131448,0.9945612862417827,0.6580699696573841,0.24325672214551605,0.7287695309722177,0.7496277839038992,0.783359590270604,0.7251474970496978,0.7414895239597401,0.559676197330982,0.6061516133775938,0.6060069088280579,0.5971121952035364,0.5989560703903402,0.6034980212997112,0.6461989987151006,0.6808920532804589,0.7260264229940544,0.9118614273324618,0.5731366486521094,0.992472909433628,0.562381472249736,0.9405331204724364,0.9630805028376903,0.3832282080177109,0.9856041715287355,0.9799563945915931,0.7140850883899881,0.5197662771785997,0.7680557324081059,0.5748857292955977,0.2596158366478313,0.5861347618264979,0.6737391783799708,0.8427964250230661,0.46845660458238936,0.46305488284507373,0.4994183896207641,0.6300789741732368,0.5138331107714881,0.9119974965838716,0.6174978160826948,0.587207994383793,0.5145181330103927,0.642460334642816,0.6243624686973719,0.8373050277955187,0.742552730116068,0.6294049083640807,0.5659901694401148,0.6714160011500212,0.8416018536563985,0.9737487432081902,0.8335492211237873,0.975082652501574
[KR] TIGER 200 건설,0.9855105887850475,0.9135087346364424,0.9736844530181389,0.7542115828371448,0.9491972642023527,0.9060773398171074,0.9311024516648663,0.9527904461928136,0.7516908080524416,0.8542120723115246,0.6942699734035891,0.6259056301931714,0.5117615114680697,0.4779132411467868,-0.5244895611205618,0.9318916116297632,0.9256939628741115,1.0,0.3852647324454422,0.9575202759765519,0.8647475871515067,0.4258244737280436,0.870956714169576,0.8564250851212512,0.8946134196563171,0.8204924717119214,0.9125304279016387,0.7025714458604249,0.7539807312161139,0.753854709839003,0.7289163383742578,0.7312872678816219,0.7518517428023811,0.8078482297309687,0.8289233876595159,0.8546070974371567,0.9183056270677328,0.7262372658741633,0.889337746154577,0.7989426634679803,0.8361465078833189,0.9347838084147413,0.47089903000117767,0.9383489976686724,0.9622507972719814,0.8032906053116836,0.7388827007691836,0.9311854243636241,0.729116932936013,0.178710835365377,0.7772355463614623,0.80743650315402,0.9075289208826607,0.6950104705668331,0.7524193511701871,0.7044459067838204,0.6394243819670486,0.4812583802839585,0.9742674142719104,0.7755593477473018,0.7811129818178282,0.6957961591336476,0.8205460009519964,0.8135683914985028,0.9448486501532001,0.8725158445300736,0.8033495517553928,0.7926726659537842,0.8526370815378197,0.5949319740909569,0.8442139541999277,0.9271347399304339,0.9784811192047984
[KR] TIGER 의료기기,0.9542538686750958,0.8683673773395393,0.20914595554565765,0.8526769834596583,0.9677307564084644,0.29286931811075895,0.037007844299462175,0.12959116548851726,0.275199989339816,0.7788368695481743,0.9006460227860359,0.8831874174462456,0.9295711414936598,-0.590613408696145,-0.5910514499575867,0.5029841133640773,0.029786982579131448,0.3852647324454422,1.0,0.1249482125840976,0.7307781063325284,0.6875052458732798,0.6064133057280925,0.5312172427136201,0.5361908043494622,0.5131161285330704,0.6495069552623296,0.6197833717707637,0.63068511086247,0.6306326026812245,0.602003793626697,0.6029637858031457,0.6323100626287269,0.656881512588243,0.6267730488450385,0.5831463523250608,0.2889483327153854,0.6393721836247525,-0.03137405979117596,0.7886221967454651,-0.11855477014428606,0.18252810961869037,0.47969489589722625,0.11083182842541829,0.1852488861483565,0.5067511087189364,0.7587237462349187,0.6302170513938629,0.6416046250199934,0.04238290852419609,0.715831077462606,0.5952938432513489,0.43109943676200535,0.7874694488535848,0.8600550335032195,0.7339595406740452,0.29823213903850043,0.19865385846376163,0.4057865979990743,0.6460375969974477,0.7196527242936174,0.6962850147767549,0.6923309351442573,0.7072587339536449,0.5107489406421473,0.5811614514661643,0.6824628819058973,0.7634071852567925,0.6694034076997665,-0.48223701111174977,-0.14792457968644288,0.48818641896823584,0.21148265337473882
[KR] TIGER 반도체,0.9937559959990566,0.8947948104527048,0.993622942580264,0.5988256142089657,0.960325196814455,0.9100134949360795,0.9909631673895021,0.997211769126942,0.7709485161702804,0.6790449909241723,0.47604981848954847,0.38634505293129806,0.24885920286557797,0.6960428465178599,-0.4267505778547179,0.8724431110062333,0.9945612862417827,0.9575202759765519,0.1249482125840976,1.0,0.7244981716251205,0.3039291423629982,0.7836080684285274,0.7955378879263052,0.8309927332685099,0.7693531299531453,0.8022763787337334,0.6134254310424262,0.6615289633824323,0.6613712364556394,0.6492522696011869,0.6512368392083142,0.6590696726186227,0.7042597016931101,0.7357496635643787,0.7748959001413085,0.9312589925600528,0.6294345953955169,0.9816540884822118,0.6367983564000119,0.9227279732827327,0.9713138019283194,0.41978554440206284,0.9899682516948961,0.9917353648208214,0.7536093704156597,0.5909071794684804,0.8235566488593677,0.6309681186070529,0.2557136049971801,0.6509078146132543,0.7268408373298578,0.8774766727226078,0.5420426294236736,0.5454095609553161,0.5698951893370275,0.651079557785961,0.5242377023435388,0.9459722911549199,0.6776586860396224,0.6543975465594194,0.5773842896358116,0.704565751908233,0.6900114031966332,0.8841951089256509,0.792513266871261,0.6906370597700996,0.6413825311028548,0.7372899804425638,0.7875000762410169,0.9532879153408594,0.8727016800340741,0.9910633741468435
[KR] TIGER 증권,0.982084149917321,0.7814743572424088,0.7850715964168156,0.956700615521044,0.9877063053288859,0.8555083190774596,0.6426112120417277,0.7395257976297184,0.7669980586184241,0.967092543163823,0.9347017711465803,0.7934445757030525,0.7477748838039341,0.03403002679258776,-0.7755184346492514,0.9252415105504307,0.6580699696573841,0.8647475871515067,0.7307781063325284,0.7244981716251205,1.0,0.7754098124991391,0.9703247952544659,0.9415328458209209,0.9507348314324803,0.9197309844563311,0.9850583754905411,0.9088301355862215,0.9360558605054141,0.9360618155401549,0.9097736895236739,0.9112350351639708,0.935349342887973,0.9668004183236267,0.9651476665868791,0.9596346680583216,0.8425280334470252,0.927404337376969,0.6179821733728091,0.9879605101211417,0.4557105994937574,0.7808524467799213,0.7318485483040538,0.7199516276058268,0.7690361534984836,0.9119832757770099,0.9669439678759756,0.9825683333601316,0.9301640227221264,0.34026509143770994,0.9717519414957071,0.9445631675313245,0.9129607458433131,0.9502726035080946,0.9125522394096237,0.943835916939637,0.7431404894186008,0.6028868951488228,0.8836219068391029,0.9431758321821607,0.9708897101831337,0.9328233841031268,0.9784601358303693,0.9798769280013097,0.9415654205090758,0.9616175122271068,0.9681622537781087,0.9804393202634744,0.9748244540703047,0.16747234243047762,0.5025467050136583,0.9456072553549651,0.7792717795813768
[KR] TIGER 헬스케어,0.7178389437383585,0.3766220065945103,0.3868377440027612,0.864728395451663,0.8003861175249186,0.6533304955260548,0.1764926083642223,0.350844099667596,0.7191910739309563,0.6485562183604225,0.748224829706438,0.4685428335955851,0.503958299849886,-0.27112384905782405,-0.8574222891856362,0.6459713003385869,0.24325672214551605,0.4258244737280436,0.6875052458732798,0.3039291423629982,0.7754098124991391,1.0,0.8040202808451999,0.811775535371814,0.7632056926206332,0.8314655266045069,0.7249606085790969,0.9362077882419745,0.9099500340958769,0.9100602546360576,0.9147849655691116,0.9137889427768852,0.9111002875013114,0.8732416422643021,0.8549786826773745,0.8265337766161505,0.6137096406020491,0.9248600914401893,0.25264951602169045,0.8255479378253089,-0.07710206883609591,0.4772328931974203,0.9562705075617083,0.3513739214479326,0.38561479717507136,0.8486290439970375,0.8950902231756074,0.6951781335496711,0.9222972751219237,0.7291044987374261,0.8889307647553588,0.866264153815908,0.7202005188663807,0.9199000421043368,0.6159144180613126,0.917518818611684,0.828721561282983,0.815212306784319,0.5366856354947896,0.8744179447490196,0.879814992343651,0.9395586464695578,0.8523183478257916,0.8556459537970849,0.6642547536432796,0.8043159982823281,0.8711637546677571,0.8202884149139825,0.7837917883715493,-0.17557564693138134,0.0755072738049615,0.718049784638946,0.33830496197869553
[KR] TIGER 은행,0.923109950204345,0.6625702081721869,0.8347332607359816,0.9383656170326393,0.9627606895018089,0.9397039144286927,0.6988156708848218,0.804372154843542,0.8523316779529694,0.892116984323262,0.8464436274516016,0.6512379259002937,0.5876783150550416,0.16312136083000367,-0.8289183565282505,0.9348327218412913,0.7287695309722177,0.870956714169576,0.6064133057280925,0.7836080684285274,0.9703247952544659,0.8040202808451999,1.0,0.9919890953697441,0.9952852229381715,0.9840501848074779,0.9845234852253496,0.9541955123332159,0.9753565486075294,0.975303475368837,0.9628716241188102,0.9638596368851583,0.9747913769879976,0.9894039881248125,0.993422271080592,0.9919801624173834,0.9233267537944916,0.964344834603217,0.7149762532781127,0.9548151901792272,0.5016845092408929,0.8553789871414254,0.8090631207389628,0.7988468502732098,0.8321458950562127,0.9714824839335608,0.9575006691785557,0.9697348381423649,0.9626263519129968,0.5076779872114641,0.9778324343668574,0.9896657071381824,0.9736658267294848,0.9432384019699781,0.8148830939702572,0.9527698446036598,0.8547634721874393,0.7494306750405476,0.9243558007218688,0.9781685687592547,0.9798485645465893,0.9532544318168962,0.988091062552996,0.9863910747730242,0.9745482444432745,0.9927585628755755,0.985199741305933,0.9587583611100962,0.9811288984940902,0.29488940202309794,0.5906061454142498,0.978008120423642,0.8194605585730025
[KR] 신한지주,0.8825955938193787,0.5919391765140867,0.8443077180633021,0.9148336456762145,0.9352054225677858,0.9629015807339913,0.7098163764355389,0.821084385451869,0.9009131756997764,0.8406255710848295,0.7861696289441864,0.5621560182139436,0.4966240085193677,0.22779902837238322,-0.8210130849083992,0.9343513776273594,0.7496277839038992,0.8564250851212512,0.5312172427136201,0.7955378879263052,0.9415328458209209,0.811775535371814,0.9919890953697441,1.0,0.9930794813180823,0.9931576960478655,0.9600086874629913,0.9626787199024901,0.9779943025823501,0.9779463614038546,0.9709515981312684,0.971605459179759,0.9772465825171511,0.983117842439726,0.9899737714689111,0.992609770670761,0.946513474583596,0.9663907523622377,0.7455297082150518,0.9223807769555042,0.508224605536052,0.8821659655752667,0.8450280856873454,0.8170991405451502,0.8424481601228756,0.9871951798555347,0.936757805196404,0.9460697114605514,0.964822089428408,0.5900562326081651,0.9638278502937992,0.9918520317581399,0.9857463410240112,0.921043452797241,0.7456846697372925,0.9383870986196109,0.9071151962023821,0.8129062486974771,0.9184393007967717,0.9722146664211679,0.9619549866535904,0.9477035566308466,0.972032418509701,0.9684906914529223,0.9646511635097199,0.9928916488350911,0.9772052789960298,0.9273023756562391,0.9588550741197154,0.34856002935909997,0.6194312582825949,0.9810737157976103,0.8191819177261866
[KR] 하나금융지주,0.9159154241525896,0.6506286429337006,0.8742782933835224,0.9115741542267028,0.9568675165527816,0.9663236898490604,0.7530263998315326,0.8506392997260008,0.8707697790506369,0.8658623297520825,0.7992929576080599,0.6021330325704031,0.5260326608423997,0.25217841033657196,-0.8049895298849522,0.943090594631409,0.783359590270604,0.8946134196563171,0.5361908043494622,0.8309927332685099,0.9507348314324803,0.7632056926206332,0.9952852229381715,0.9930794813180823,1.0,0.9859479502609964,0.9777133934482122,0.937229037293455,0.9604730981925914,0.9604020423750513,0.9508572879170809,0.9518897662916661,0.9597385401813239,0.9747629977966811,0.98301803266563,0.9871167708950173,0.9523895439002543,0.9463411289307588,0.7745984329311808,0.9248911248870185,0.5660984457168362,0.8950453080057534,0.7904437435381886,0.8469543381725674,0.8741454471306094,0.9721757834193306,0.9272093585333643,0.9635769622574857,0.9438079927614389,0.5161154878389864,0.9549290424382066,0.9819234955438856,0.987653532065428,0.9088246979420084,0.7758869116682121,0.9240312210644351,0.8654141568287774,0.7617314792223024,0.9481565614616598,0.9627290256793182,0.9577356353061315,0.9276601187952261,0.9722396247279435,0.9673653136851329,0.9840727622781279,0.9892784964029444,0.9679786296220435,0.931954555142577,0.9682802677138159,0.3792249900931218,0.6567147216327287,0.9854281044130051,0.8590847302796583
[KR] KB금융,0.8395132832299584,0.526173335285179,0.817708755966526,0.8891598586004504,0.8952612653373526,0.9569962714914764,0.6794305057019135,0.798786979478832,0.8984631658866238,0.8054515961176182,0.7600007269203142,0.5191983972290579,0.45911032386037454,0.21375113792996553,-0.8370977068909248,0.9098873037212057,0.7251474970496978,0.8204924717119214,0.5131161285330704,0.7693531299531453,0.9197309844563311,0.8314655266045069,0.9840501848074779,0.9931576960478655,0.9859479502609964,1.0,0.9402218171062042,0.9688417790012054,0.9803799509333305,0.9803723787689503,0.9782821223150994,0.9787319668717924,0.9799683300942765,0.9788385843535039,0.984647660558863,0.9865235118250537,0.9373062548743734,0.9725604992267978,0.7294004663819976,0.903119778315361,0.4734822765781726,0.8632032351994654,0.8712633637762126,0.7984209649401873,0.8211969694290556,0.9910563936642632,0.9287094514468922,0.92291545256585,0.9679010386044057,0.6338124244197393,0.9580959847808556,0.9906223270376564,0.9773670577625906,0.9188605100995878,0.7124660783366951,0.9358086273046204,0.9159106494169502,0.8445719165564994,0.8971878659885488,0.969880700818862,0.9584232487198242,0.9529505947986491,0.9675678016713113,0.9603075956500634,0.9472805626538073,0.9790567031098015,0.9664906979038429,0.9106602565241934,0.9447182540057247,0.33598217716484263,0.5937173642438817,0.9657885446545958,0.7908808711646171
[KR] 우리금융지주,0.9695290695146876,0.7696728070191395,0.8500817592121706,0.9373097262631999,0.9871238036292913,0.9074670935539988,0.7296287970747053,0.8126753625375633,0.7825988221353856,0.9450990267959606,0.888311102786719,0.7496358057357114,0.6768566334492292,0.15034576190059415,-0.7842668428771684,0.9358387476423671,0.7414895239597401,0.9125304279016387,0.6495069552623296,0.8022763787337334,0.9850583754905411,0.7249606085790969,0.9845234852253496,0.9600086874629913,0.9777133934482122,0.9402218171062042,1.0,0.8977105069040011,0.930569758216615,0.9304715403707672,0.9077252260257442,0.9093269719538963,0.9297211438194878,0.9620048345218256,0.9662732409739276,0.9650225592337159,0.8956702377890939,0.9163254540048337,0.7116104473471797,0.9646078963869864,0.5558010413006272,0.8409801468691172,0.7048078721057682,0.8034075640907894,0.843613025042419,0.9206005015997809,0.9422013571761473,0.9881210441695779,0.9162772622596517,0.35422588490654905,0.9560646344628599,0.9530857406160423,0.9475057224145476,0.9213291227723301,0.880215464934362,0.9241630216222386,0.7628351777552479,0.6266299236104778,0.9382902632379879,0.9473640728655317,0.9615219804942139,0.9100111371057555,0.9717198111853309,0.9740321325403197,0.9795449809071233,0.9727128820816086,0.9628753089859531,0.9656130152776404,0.982759342717533,0.2899190550918332,0.6069245700801694,0.9662936005565381,0.8494679489824124
[IDX] 다우 존스,0.8087988148583062,0.490722425210799,0.679584042533782,0.9206755144585306,0.8765109687490352,0.8756555020477779,0.5046636494835635,0.6502305891685842,0.8654656078815082,0.7891820612831484,0.801166157643681,0.5376223296182775,0.5162026816354301,0.021034724698169617,-0.8736911826664712,0.8482062983039571,0.559676197330982,0.7025714458604249,0.6197833717707637,0.6134254310424262,0.9088301355862215,0.9362077882419745,0.9541955123332159,0.9626787199024901,0.937229037293455,0.9688417790012054,0.8977105069040011,1.0,0.9960813876220761,0.9960823561300561,0.9959986788059458,0.9958833838795668,0.9961669405708151,0.9813118054920756,0.9780915758959667,0.9681797901550068,0.8503005939628615,0.9941745837871807,0.5557297465847585,0.9229027741764495,0.2520579563030143,0.7394523117768349,0.9377910712651756,0.6552656822141746,0.6835701763659697,0.9770312068692487,0.9614867357486854,0.8808640903604359,0.9935049505833851,0.6698074902729091,0.9758892828810355,0.9850989266969228,0.9199845102657318,0.9630265987954331,0.7265757084298492,0.9751583549061362,0.9008127297682059,0.8581261824046789,0.7940302172532628,0.9775048540306543,0.9676389850693331,0.990609331029111,0.9616934419599118,0.9611445043658546,0.8796094525161641,0.9599876946801893,0.9777140817960496,0.9229007455292055,0.9255776017997785,0.09946969905864335,0.39832331040761504,0.9123570903953959,0.6416993016087673
[IDX] S&P 500,0.8479336120099842,0.5450624639727808,0.723251901135956,0.9378466069729509,0.9100399454851622,0.8962393304164062,0.5580618052417278,0.6941862347169322,0.8632810612690182,0.8291417657055591,0.8266886941291944,0.5816226628106305,0.5497382753398061,0.049589244117675076,-0.8695584818886595,0.8781481560894219,0.6061516133775938,0.7539807312161139,0.63068511086247,0.6615289633824323,0.9360558605054141,0.9099500340958769,0.9753565486075294,0.9779943025823501,0.9604730981925914,0.9803799509333305,0.930569758216615,0.9960813876220761,1.0,0.9999982602076628,0.9960498874846717,0.9962452209396933,0.9999786913177152,0.9939911946239346,0.9920883870439893,0.9839782840329686,0.8744090504208614,0.9967205042940276,0.5947964268825149,0.9450294127259125,0.3134923563167131,0.7704005063697794,0.9077407638694039,0.6961498380107476,0.7272150447947634,0.9823266615300196,0.9731642242852275,0.9157250425850225,0.9956353858938652,0.6169400757309103,0.9884641785010704,0.9952504034688863,0.9414016947632624,0.9714621700344552,0.7702872134195875,0.9807900780140093,0.8793475446591041,0.8270073412006679,0.8358939932526644,0.98810304900334,0.9823820819178507,0.9913200966779677,0.9796941608651091,0.9791156079810615,0.9145788005174739,0.9776399806139602,0.989710873916654,0.94530853016976,0.9517244092653098,0.13261142782039934,0.444316236137741,0.9372128230655645,0.6930825927469776
[US] S&P500,0.8479734013743481,0.5449033999826338,0.7232196806520732,0.937683236100215,0.9099875653904032,0.8961999167601516,0.5578700321067807,0.6940669127761961,0.8632855872450503,0.8291828020581217,0.826704352556797,0.5815767219764457,0.5497796140732836,0.049413316805717464,-0.8694576461627286,0.8781133647485582,0.6060069088280579,0.753854709839003,0.6306326026812245,0.6613712364556394,0.9360618155401549,0.9100602546360576,0.975303475368837,0.9779463614038546,0.9604020423750513,0.9803723787689503,0.9304715403707672,0.9960823561300561,0.9999982602076628,1.0,0.9960409765843133,0.9962365038600718,0.9999786098505965,0.9940059965290265,0.9920961737777487,0.9840111250864438,0.8743666419303516,0.9967757456065683,0.5947237661294313,0.9450597869489324,0.3134090547909236,0.7704221653732525,0.9078173396971075,0.6960313932084908,0.7271324812381702,0.9823543671584757,0.9732147477029877,0.9157419707458849,0.9956722991601542,0.6168150391334372,0.9884831048839229,0.9952186231739253,0.941381031744539,0.9714882845128282,0.7702420859784647,0.980804046879213,0.8792644690557637,0.8269655221188917,0.8357862996320846,0.9879576864067454,0.9823753034020692,0.99140676805158,0.9797520812939549,0.9790935155185783,0.9144940027502871,0.9775750652028028,0.9896305424185905,0.9453355235802473,0.9517277431963576,0.13244145892183087,0.44416035267599574,0.9372510927943734,0.6929589321805816
[IDX] 러셀 2000,0.8085184903988987,0.4996474640239856,0.7117176682341873,0.9171266268231473,0.8784980388139243,0.896769164107102,0.5443131494266115,0.6834227422227862,0.8723541527229319,0.7916226085727668,0.7892411031166161,0.5321168496313314,0.4995556609301115,0.06565945941970103,-0.8667783210985852,0.8633398965928413,0.5971121952035364,0.7289163383742578,0.602003793626697,0.6492522696011869,0.9097736895236739,0.9147849655691116,0.9628716241188102,0.9709515981312684,0.9508572879170809,0.9782821223150994,0.9077252260257442,0.9959986788059458,0.9960498874846717,0.9960409765843133,1.0,0.9999891833030546,0.996385525415393,0.9838838915011517,0.9825419843798788,0.9744263445940379,0.8737248697765143,0.9907642609518517,0.5950132413425254,0.9210785237488708,0.29911346161464325,0.7693599681901879,0.9233995107178427,0.6888034532876356,0.7164236216244038,0.981758178159834,0.9551037027773267,0.8929495642701338,0.9894674615001832,0.6606022638522946,0.9749684701739405,0.9900625278113763,0.9360426282387457,0.9575463703307578,0.7329916945644654,0.9714592036359304,0.8978998528967347,0.854471449581825,0.8252491645465716,0.980476999862001,0.9686549904623519,0.9859547664288076,0.9682538737531952,0.9639899429427128,0.900824064301323,0.9678686270248212,0.9796929431646565,0.9246045892308377,0.9350786770049929,0.14129976112208342,0.4385421255518896,0.9258065778642501,0.6745213972530338
[US] 러셀,0.8107278696662968,0.5026117658000107,0.7135043657238107,0.9180461962835206,0.8802973593262543,0.8974978639512485,0.5465138447144222,0.685197663644147,0.8721487820768551,0.7938538060265461,0.7908307246480946,0.5347370521981808,0.5017465464927745,0.06644202503231351,-0.8667824428874519,0.8646702828855605,0.5989560703903402,0.7312872678816219,0.6029637858031457,0.6512368392083142,0.9112350351639708,0.9137889427768852,0.9638596368851583,0.971605459179759,0.9518897662916661,0.9787319668717924,0.9093269719538963,0.9958833838795668,0.9962452209396933,0.9962365038600718,0.9999891833030546,1.0,0.9965747722294108,0.9844903117837027,0.9831850262420279,0.9751278864313571,0.8745841738967722,0.990906821368283,0.5964272859080034,0.9223193639100894,0.30155892583700344,0.7705336342269972,0.9220393370271486,0.6904201841473298,0.718188886504227,0.9819302159994034,0.9558059510528669,0.8946197948280042,0.9896079758860737,0.6579623354745516,0.9756101972563866,0.9905164516835732,0.9368815601739763,0.9580401029848357,0.735099569623215,0.9718274549333519,0.8969964410500781,0.8528789708334816,0.8269572688484521,0.9809523575321988,0.969411135173368,0.9860608800933929,0.9690977682794301,0.9648937749337312,0.9023390873799112,0.968675348229946,0.9803140773323109,0.9258024140873815,0.9363458484010898,0.14229839536805636,0.4402651605301776,0.9269559942971036,0.6767195244191729
[US] 미국 전체,0.8468782671468218,0.5441499648910568,0.7211932744393249,0.9378179315640687,0.9091946681752273,0.8949427614420058,0.5553409585121636,0.6917298384517225,0.8619853477522862,0.8283435740998185,0.8267177114311532,0.581588280623087,0.5499633225468992,0.0467582564255933,-0.8703514726118928,0.8767261219370779,0.6034980212997112,0.7518517428023811,0.6323100626287269,0.6590696726186227,0.935349342887973,0.9111002875013114,0.9747913769879976,0.9772465825171511,0.9597385401813239,0.9799683300942765,0.9297211438194878,0.9961669405708151,0.9999786913177152,0.9999786098505965,0.996385525415393,0.9965747722294108,1.0,0.9938000176476428,0.9917561215066039,0.9833940182220495,0.8729978376842976,0.9966512677416653,0.5925422939979007,0.9448930126042429,0.3109156345723538,0.7685213587132905,0.9080140003871716,0.6940227027690701,0.7252365603117311,0.9817727632175135,0.9731976141596956,0.9148741145416385,0.9955756144865083,0.6172668700456834,0.9884192794285622,0.9950340639973947,0.9403656596279875,0.9719631629761116,0.7704931075795813,0.9811767991673969,0.8785640736202194,0.8267864411881835,0.8349167862921544,0.9880850564202495,0.9825115107608635,0.9916715929426688,0.9797765250664688,0.97907221812658,0.9138385445325524,0.9769899836418753,0.9896046753450461,0.9454157806222564,0.9515867946726798,0.12968683388624144,0.4415594074546146,0.9361304336208136,0.6907167592777891
[IDX] NASDAQ,0.9012924274680006,0.6265830524707007,0.7634064692575232,0.9538269485435175,0.9488080326523097,0.9039078491806836,0.6075865014313626,0.7316888797369459,0.8494769122148046,0.8811269972283751,0.8634559127056675,0.6477864421661071,0.6083439925392415,0.06507538966454439,-0.8488930954559701,0.9085047366522943,0.6461989987151006,0.8078482297309687,0.656881512588243,0.7042597016931101,0.9668004183236267,0.8732416422643021,0.9894039881248125,0.983117842439726,0.9747629977966811,0.9788385843535039,0.9620048345218256,0.9813118054920756,0.9939911946239346,0.9940059965290265,0.9838838915011517,0.9844903117837027,0.9938000176476428,1.0,0.998910547347263,0.9931054726666322,0.8868697868633075,0.9898554516195255,0.6234456488113101,0.9690834928024367,0.375730499452384,0.7922466818423715,0.8611076493150384,0.7287899119085453,0.764632151428073,0.9767120677325869,0.9815614881579601,0.9523659166802136,0.9889784885570698,0.5328850234025585,0.9959992363889171,0.9951250208591499,0.9529390430787886,0.9757751022851726,0.8247269870600777,0.979070524080593,0.8382707831740215,0.7701796455939208,0.872300280586201,0.9880479950446649,0.9920634023248528,0.9845456739943055,0.9934068544698688,0.9927901566557976,0.9434785523823439,0.9884108208901526,0.9952878145899446,0.9663694910757911,0.9732919789716263,0.1536160189206697,0.4826744753291351,0.9571071787901071,0.7416156810516354
[US] 나스닥,0.9024115196383989,0.6290158297287972,0.7903542523074634,0.9469459735850494,0.9495615107036266,0.9227481556732762,0.6425489021166554,0.7622846061569976,0.8650992469822385,0.877256550402034,0.8475043995248308,0.6317746692454025,0.5855413577300763,0.11237440828175391,-0.8374338781458983,0.9216647336245982,0.6808920532804589,0.8289233876595159,0.6267730488450385,0.7357496635643787,0.9651476665868791,0.8549786826773745,0.993422271080592,0.9899737714689111,0.98301803266563,0.984647660558863,0.9662732409739276,0.9780915758959667,0.9920883870439893,0.9920961737777487,0.9825419843798788,0.9831850262420279,0.9917561215066039,0.998910547347263,1.0,0.9970151087857297,0.9071382471204472,0.9861539505137421,0.658179121190761,0.9622335295245831,0.4130522963836985,0.8190086004278926,0.855573398726929,0.7580317216608219,0.7913685331704828,0.9822212226875003,0.9730701632642283,0.9574246973761248,0.9853189073336226,0.5368770363188246,0.9912186686408739,0.9966423391891163,0.9658346468345511,0.9651052978040466,0.814033466342705,0.9709323669374923,0.8480088605937394,0.7773268937213097,0.8898242367953633,0.986397470204447,0.9868691726560626,0.9775812725863388,0.9912591842713876,0.9893503469089252,0.9536663373701765,0.9934279378739582,0.9934278348188496,0.9601609128854397,0.9729835609013426,0.19839197984681564,0.5212574975670187,0.9683527706081231,0.7693062340670455
[US] 나스닥 레버리지,0.9065305576083009,0.6374584038261447,0.8259402303744211,0.9300292579061666,0.9477749443810201,0.9426157468539739,0.6868540432285298,0.8014439362225239,0.8865903146564899,0.8692236060973533,0.8218343528631613,0.6059763416131607,0.555362717911219,0.17699890076166377,-0.8049955804783347,0.9394611767701263,0.7260264229940544,0.8546070974371567,0.5831463523250608,0.7748959001413085,0.9596346680583216,0.8265337766161505,0.9919801624173834,0.992609770670761,0.9871167708950173,0.9865235118250537,0.9650225592337159,0.9681797901550068,0.9839782840329686,0.9840111250864438,0.9744263445940379,0.9751278864313571,0.9833940182220495,0.9931054726666322,0.9970151087857297,1.0,0.9308429579834667,0.9770216864134799,0.7028074259061371,0.9490460733688307,0.46517182263290346,0.8527184192316123,0.8459076431585051,0.7944467664780204,0.8246089478304256,0.9870544844286867,0.9569486450164609,0.9626162891734925,0.9762602516890592,0.5329688603879897,0.9804008022289408,0.9920506538031781,0.9789224164820909,0.945423388505296,0.7984113434042343,0.9510019379685393,0.8526058304774126,0.7792980836642998,0.9073842487308421,0.9750736847102942,0.9743171747211746,0.9632862735894128,0.9846466720160757,0.9794366909103963,0.9605782374688797,0.9950365785505849,0.9843097282292411,0.9434692937899118,0.9636005725340707,0.25902189965638633,0.571286768544341,0.9797930128161836,0.8028274125923566
[US] 미국 반도체,0.8945577752211755,0.6235399855221896,0.9514309446500445,0.7930620846546541,0.9427706723861146,0.9963046197205685,0.8771645202982422,0.9495799586891689,0.916234820988136,0.7402457591842383,0.6063997542292255,0.40779437578367256,0.30709426120563865,0.5172416975199454,-0.6569585750626806,0.936119228312949,0.9118614273324618,0.9183056270677328,0.2889483327153854,0.9312589925600528,0.8425280334470252,0.6137096406020491,0.9233267537944916,0.946513474583596,0.9523895439002543,0.9373062548743734,0.8956702377890939,0.8503005939628615,0.8744090504208614,0.8743666419303516,0.8737248697765143,0.8745841738967722,0.8729978376842976,0.8868697868633075,0.9071382471204472,0.9308429579834667,1.0,0.8552880254152654,0.9079118701773515,0.7959784897759756,0.706847228646724,0.9768508131396685,0.7248517247451509,0.9463379663901288,0.9526989084449777,0.9348682023901541,0.7933155007622823,0.9015626827572615,0.8532491264569644,0.5262134690915303,0.8454092194828313,0.9089969702627836,0.9847768800047126,0.7674536576035605,0.6264810596837478,0.7945850478020882,0.8485450236811962,0.770462008199444,0.956597568712495,0.868196639029247,0.8395284135699489,0.8156770716521913,0.8727028509050805,0.8566588606617461,0.948048800374223,0.9347973576920146,0.8714168910611675,0.7993104118430909,0.8682582509588079,0.5851187338528049,0.8141049845399345,0.966519475079421,0.9270820726434559
[US] 엔비디아,0.836721022841623,0.519987820542926,0.6968284118024325,0.931315728366723,0.8985435367601133,0.8785930269692156,0.5228725880965288,0.6650632618994201,0.8483127113711587,0.8211863478180363,0.8269032670580301,0.5791114952106263,0.5539197092927467,0.010321587430646892,-0.8815304975109263,0.8563422883174716,0.5731366486521094,0.7262372658741633,0.6393721836247525,0.6294345953955169,0.927404337376969,0.9248600914401893,0.964344834603217,0.9663907523622377,0.9463411289307588,0.9725604992267978,0.9163254540048337,0.9941745837871807,0.9967205042940276,0.9967757456065683,0.9907642609518517,0.990906821368283,0.9966512677416653,0.9898554516195255,0.9861539505137421,0.9770216864134799,0.8552880254152654,1.0,0.5660538361417397,0.9436479326300324,0.2804769679974661,0.7460977970238485,0.9130186305341702,0.6706735239022811,0.702644628085791,0.9752271842468696,0.9739874958550245,0.9042174769710514,0.9957051241362783,0.615515313494989,0.9865925448885114,0.9889977015999262,0.9278061270857908,0.9731809059635783,0.7645194219710877,0.9794001356359235,0.8683622601613132,0.823993622169437,0.8122535518944534,0.9806833736997852,0.9814968465224092,0.9926816006670195,0.9762781755917871,0.9759670142180878,0.8994802300183785,0.965619770382239,0.981190173320012,0.9414309715459324,0.9453232816033587,0.09951317338141057,0.41053619528960267,0.9236757595167373,0.6640272619583035
[US] 마이크론,0.9869336884784495,0.7959383519680221,0.9633925816669432,0.4826014789829574,0.9863067408951881,0.8878187333340195,0.9786807449674851,0.9834257292791343,0.7706825515625532,0.542793703203509,0.3296884029439894,0.21290172167952776,0.07021569932906259,0.7915321567192188,-0.3801916208633766,0.8053504742258331,0.992472909433628,0.889337746154577,-0.03137405979117596,0.9816540884822118,0.6179821733728091,0.25264951602169045,0.7149762532781127,0.7455297082150518,0.7745984329311808,0.7294004663819976,0.7116104473471797,0.5557297465847585,0.5947964268825149,0.5947237661294313,0.5950132413425254,0.5964272859080034,0.5925422939979007,0.6234456488113101,0.658179121190761,0.7028074259061371,0.9079118701773515,0.5660538361417397,1.0,0.5207462013856167,0.9152139575667176,0.9558007431809581,0.4083780892672424,0.9822112030479248,0.9674720428113857,0.707496168335305,0.49087872705742225,0.7208246652260059,0.5630899501070873,0.314373689337637,0.5606540434321207,0.6588593097732066,0.8283849498075427,0.44790874819284704,0.396887913681308,0.4849818772984229,0.6421120783881411,0.5505718348737314,0.8828416660242276,0.5991007834075649,0.560757670036437,0.5070806384753783,0.6172815719721506,0.5922026297149706,0.8013320053138787,0.715022619512354,0.6007933916387797,0.5300901487129055,0.6384588852457999,0.8529572102715681,0.9734778305461331,0.804731528709825,0.9542229134643331
[US] 브로드컴,0.9676060449105924,0.7530801582364307,0.7059719047588298,0.9759381467392527,0.9872335480169261,0.8066805880920476,0.5452309228987661,0.6535237481828848,0.7239243415142228,0.959746517700735,0.957983326705243,0.8129475463878241,0.7806153758123932,-0.08313959883040155,-0.8190945900808503,0.872199402819434,0.562381472249736,0.7989426634679803,0.7886221967454651,0.6367983564000119,0.9879605101211417,0.8255479378253089,0.9548151901792272,0.9223807769555042,0.9248911248870185,0.903119778315361,0.9646078963869864,0.9229027741764495,0.9450294127259125,0.9450597869489324,0.9210785237488708,0.9223193639100894,0.9448930126042429,0.9690834928024367,0.9622335295245831,0.9490460733688307,0.7959784897759756,0.9436479326300324,0.5207462013856167,1.0,0.3356313128482035,0.7026094558298719,0.7534019444418495,0.6495004390387714,0.7007731187666817,0.8981771747465689,0.9851848171952194,0.9580617678224368,0.9431575674750066,0.3443893940033406,0.981436328970395,0.9460588405571655,0.8848347236532615,0.9784635252023576,0.9217410138939655,0.9669214274964043,0.7020175077810454,0.6065755117154418,0.8361373175659031,0.9520458014947002,0.9832776887421859,0.9523918619077489,0.9779969257384312,0.9859257944898773,0.9186845839944378,0.9492370348992921,0.9720230154033065,0.9914174583988475,0.9754592750704556,0.023784165592750626,0.3956473965752963,0.91265173019729,0.6979188113312779
[US] 인텔,0.5209387417204506,0.7774952043777839,0.8768929866787686,0.19890091663381543,0.42084849239167266,0.6831499654583684,0.964355013181563,0.9010855832677516,0.5121399240384812,0.46072569531316554,0.2126749553117414,0.23668279516264057,0.08253637217418705,0.8221133988216057,-0.10066914801696822,0.6576950616468898,0.9405331204724364,0.8361465078833189,-0.11855477014428606,0.9227279732827327,0.4557105994937574,-0.07710206883609591,0.5016845092408929,0.508224605536052,0.5660984457168362,0.4734822765781726,0.5558010413006272,0.2520579563030143,0.3134923563167131,0.3134090547909236,0.29911346161464325,0.30155892583700344,0.3109156345723538,0.375730499452384,0.4130522963836985,0.46517182263290346,0.706847228646724,0.2804769679974661,0.9152139575667176,0.3356313128482035,1.0,0.8043200404773163,0.03795630596328286,0.8835470288369303,0.8728478887813652,0.4298077214716466,0.2557200919413715,0.5749174166170183,0.28012535081675055,-0.07703025903115324,0.3184999263056984,0.3949794688232217,0.6076006776517201,0.2046011511424732,0.3442940334710247,0.21999162770974032,0.2951684127717923,0.17653323767458923,0.7617368838672345,0.33936684632823666,0.32751417422180884,0.22468123411973734,0.39361244501972786,0.3707694566627552,0.6374827952424835,0.48578328910141805,0.3570904404213373,0.33554266483264544,0.44246548411324393,0.871974216532134,0.9576539929806935,0.6128396148916303,0.9006629910729322
[US] AMD,0.9337500791265799,0.7097302618990828,0.9763900296452276,0.6886790868491067,0.9758014370898822,0.9641277675021072,0.9367754951495292,0.9826701778797496,0.8828739562314755,0.6989940900587344,0.521572376584456,0.3600768250413395,0.24468068438962998,0.6328522616173404,-0.5308591561486357,0.9182649576926522,0.9630805028376903,0.9347838084147413,0.18252810961869037,0.9713138019283194,0.7808524467799213,0.4772328931974203,0.8553789871414254,0.8821659655752667,0.8950453080057534,0.8632032351994654,0.8409801468691172,0.7394523117768349,0.7704005063697794,0.7704221653732525,0.7693599681901879,0.7705336342269972,0.7685213587132905,0.7922466818423715,0.8190086004278926,0.8527184192316123,0.9768508131396685,0.7460977970238485,0.9558007431809581,0.7026094558298719,0.8043200404773163,1.0,0.6023288524731649,0.9653987761843215,0.9672224300809871,0.8528690851764287,0.6827370116844818,0.8486609042556577,0.745368687393817,0.43283149101032525,0.7423272689223596,0.8159632960123658,0.934723513722057,0.6467638351928001,0.5505157895257242,0.6813183294714447,0.7766540561459874,0.6796570056207059,0.9411398113322005,0.7613182643853763,0.7329134319574151,0.70107326630819,0.7816258900243906,0.7579409500531133,0.8997899379832478,0.8603372130718531,0.7737716236375708,0.7074185738683682,0.7894238473039605,0.6940574745908935,0.8888493110433104,0.9244488899959193,0.9585251539800228
[US] 퀄컴,0.5965904928791381,0.23195280623615064,0.49211347482592693,0.7701927438474114,0.6830262899050993,0.7624378217073665,0.30150278618148735,0.47297012421651713,0.8358605294182825,0.5619893949481582,0.6138728609474098,0.28226300654593506,0.3009913017906946,-0.03403463247173558,-0.8046696945012833,0.6883015138582587,0.3832282080177109,0.47089903000117767,0.47969489589722625,0.41978554440206284,0.7318485483040538,0.9562705075617083,0.8090631207389628,0.8450280856873454,0.7904437435381886,0.8712633637762126,0.7048078721057682,0.9377910712651756,0.9077407638694039,0.9078173396971075,0.9233995107178427,0.9220393370271486,0.9080140003871716,0.8611076493150384,0.855573398726929,0.8459076431585051,0.7248517247451509,0.9130186305341702,0.4083780892672424,0.7534019444418495,0.03795630596328286,0.6023288524731649,1.0,0.4822152418451013,0.4955355065368716,0.8985826942823486,0.8341707522359374,0.685368469734056,0.913124778242594,0.8469452973926467,0.8524631812851089,0.8749200491639134,0.7885428806112441,0.8458721164834048,0.489926152682091,0.8670255656553719,0.9248781880927052,0.9333981002991841,0.5860673273557306,0.8608923758833763,0.8300503105325403,0.90800816756276,0.8190368029628238,0.8129878711477132,0.686520278079892,0.8248768864867595,0.8516652623753738,0.7500224541790843,0.7477012087874212,0.022172662792389126,0.2347663252934904,0.7633761384625192,0.42703579097716576
[US] 시게이트,0.9738541297823766,0.7982624463840329,0.9850191461162169,0.6518300354594457,0.9841350399084867,0.9283009323473876,0.9744563903379413,0.9921104548364906,0.7964521491864645,0.653025361799326,0.46336313216032426,0.34466327880682435,0.20902856160433983,0.6907655777861507,-0.47996996254590435,0.8631211958839093,0.9856041715287355,0.9383489976686724,0.11083182842541829,0.9899682516948961,0.7199516276058268,0.3513739214479326,0.7988468502732098,0.8170991405451502,0.8469543381725674,0.7984209649401873,0.8034075640907894,0.6552656822141746,0.6961498380107476,0.6960313932084908,0.6888034532876356,0.6904201841473298,0.6940227027690701,0.7287899119085453,0.7580317216608219,0.7944467664780204,0.9463379663901288,0.6706735239022811,0.9822112030479248,0.6495004390387714,0.8835470288369303,0.9653987761843215,0.4822152418451013,1.0,0.9958093520985561,0.7851826498521329,0.6169679536664573,0.8202660970456279,0.6678566182937626,0.31642518875268616,0.6766957440298189,0.7552391844052184,0.8937743091638969,0.5773289379486388,0.5360069270423291,0.6038404806205993,0.6794117430114823,0.581239798603477,0.9403268576377156,0.7074508445185916,0.6808816432185322,0.6190567738126537,0.72599628737283,0.7096091467722425,0.8839814367446062,0.8075746494015812,0.7111170408584289,0.6539170678953491,0.7472572748954349,0.7627198111499045,0.9412506373474383,0.8769059374287423,0.9773498819128468
[US] 웨스턴디지털,0.9873562436061836,0.831522704123977,0.9922189270727073,0.7028093785485879,0.9837883554233536,0.9368598751798745,0.9717378994987321,0.9931496444744841,0.8012094210612563,0.7124901585392602,0.5298260472445669,0.41841991253709226,0.28697520130167636,0.6389865178874902,-0.5069524025258683,0.8943243002634109,0.9799563945915931,0.9622507972719814,0.1852488861483565,0.9917353648208214,0.7690361534984836,0.38561479717507136,0.8321458950562127,0.8424481601228756,0.8741454471306094,0.8211969694290556,0.843613025042419,0.6835701763659697,0.7272150447947634,0.7271324812381702,0.7164236216244038,0.718188886504227,0.7252365603117311,0.764632151428073,0.7913685331704828,0.8246089478304256,0.9526989084449777,0.702644628085791,0.9674720428113857,0.7007731187666817,0.8728478887813652,0.9672224300809871,0.4955355065368716,0.9958093520985561,1.0,0.8057915106321861,0.6627964438999785,0.8614708705300685,0.7009764016591388,0.2882905212765301,0.7183785945178136,0.7839806413886805,0.9115346860868578,0.6245865426747013,0.6039094027158389,0.646487609547789,0.6748876506397995,0.5682205578600014,0.9623009968508622,0.7398273154803098,0.7225512510737878,0.6571500057584142,0.7670140116497542,0.7507694899276147,0.9127038497895227,0.8373319078231699,0.74798943272063,0.7044602181986105,0.7892242246133344,0.7142590699859381,0.9210674472544799,0.9032978805633074,0.9877523296206099
[US] 애플,0.8278608257761538,0.5186439150143143,0.8040453760760163,0.8855840359066984,0.8820396353532419,0.9519187083296167,0.6614724891297428,0.7875841145620406,0.925107367590007,0.7883622138617783,0.7456219912556259,0.49002764341534805,0.4449878462862923,0.21719005844173603,-0.8044454205243131,0.9163566917210874,0.7140850883899881,0.8032906053116836,0.5067511087189364,0.7536093704156597,0.9119832757770099,0.8486290439970375,0.9714824839335608,0.9871951798555347,0.9721757834193306,0.9910563936642632,0.9206005015997809,0.9770312068692487,0.9823266615300196,0.9823543671584757,0.981758178159834,0.9819302159994034,0.9817727632175135,0.9767120677325869,0.9822212226875003,0.9870544844286867,0.9348682023901541,0.9752271842468696,0.707496168335305,0.8981771747465689,0.4298077214716466,0.8528690851764287,0.8985826942823486,0.7851826498521329,0.8057915106321861,1.0,0.9259807957506269,0.9152968430709917,0.974152496719868,0.6430216289782437,0.9567752202236848,0.9855840608876165,0.9735151983123232,0.917132349665619,0.7043887251162706,0.9328665487488361,0.9133395885357204,0.8590695219547964,0.8758133511852867,0.9622371814696383,0.9466686854270826,0.9576268391832432,0.9585960827843826,0.9482060366282666,0.9258800821526052,0.978408919725126,0.9645394186155257,0.8967441568500437,0.9239441099038376,0.28742822968287784,0.5649403970711325,0.9620838881350138,0.7691233703158047
[US] 마이크로소프트,0.9196964845061533,0.6454693065899252,0.66196662568044,0.9757600418408962,0.9637823953593723,0.8127554880251278,0.4875492781101543,0.61737687590129,0.7510148953910131,0.9048995542960658,0.9269735424354292,0.7314020523791597,0.7107867164825911,-0.10636919536065485,-0.8728796055181743,0.8435659728365991,0.5197662771785997,0.7388827007691836,0.7587237462349187,0.5909071794684804,0.9669439678759756,0.8950902231756074,0.9575006691785557,0.936757805196404,0.9272093585333643,0.9287094514468922,0.9422013571761473,0.9614867357486854,0.9731642242852275,0.9732147477029877,0.9551037027773267,0.9558059510528669,0.9731976141596956,0.9815614881579601,0.9730701632642283,0.9569486450164609,0.7933155007622823,0.9739874958550245,0.49087872705742225,0.9851848171952194,0.2557200919413715,0.6827370116844818,0.8341707522359374,0.6169679536664573,0.6627964438999785,0.9259807957506269,1.0,0.9257103002292404,0.9741557771342182,0.46277212178266974,0.9931366011602322,0.9656808324092528,0.8861880165775045,0.9941050450986985,0.8682835650732632,0.9894996717181728,0.7683007609597544,0.6962452003402811,0.7995920706472409,0.9719911832010851,0.9911337432524072,0.9818634942208301,0.9795569988858102,0.9883858957065494,0.8971540797881753,0.9518834969678467,0.9824963482559799,0.9824554943613055,0.9654061388921081,-0.007430723325110795,0.3478629890824091,0.9002038142726444,0.6478182641773277
[US] 구글,0.9883263284017886,0.8159983869618453,0.8693655220159254,0.9214103732620739,0.985640374178833,0.9041386226086279,0.7563751273432819,0.8342592051755355,0.7975931412586192,0.9519864572025537,0.8753684001980314,0.7463656358523046,0.6800306605328729,0.1847667908293685,-0.7147846392172194,0.9576329245298758,0.7680557324081059,0.9311854243636241,0.6302170513938629,0.8235566488593677,0.9825683333601316,0.6951781335496711,0.9697348381423649,0.9460697114605514,0.9635769622574857,0.92291545256585,0.9881210441695779,0.8808640903604359,0.9157250425850225,0.9157419707458849,0.8929495642701338,0.8946197948280042,0.9148741145416385,0.9523659166802136,0.9574246973761248,0.9626162891734925,0.9015626827572615,0.9042174769710514,0.7208246652260059,0.9580617678224368,0.5749174166170183,0.8486609042556577,0.685368469734056,0.8202660970456279,0.8614708705300685,0.9152968430709917,0.9257103002292404,1.0,0.9050579755733228,0.29995047909052275,0.9455520031138002,0.9368088334659787,0.9473764744979538,0.9065046678694976,0.8905152935747349,0.9015800456694026,0.7080682534163697,0.5958076758053048,0.9434315007328703,0.9259203160852418,0.9460220429059124,0.8973048005973925,0.9640247316092567,0.9596652404902919,0.9754465579135237,0.9664566904365915,0.9470948970480997,0.9493572830269429,0.9669637343390374,0.27883980218763293,0.620685146226102,0.9717124058305024,0.8655466194197031
[US] 아마존,0.842087887476738,0.5323395596123414,0.6963167302825275,0.9364513777671943,0.9044189942873868,0.8754545078238933,0.5260209689875471,0.6659114255754399,0.8512441748074782,0.8232505878241049,0.8305704260462311,0.5850031068659698,0.560305904401591,0.011909705276471163,-0.8728822465148107,0.8606675107717856,0.5748857292955977,0.729116932936013,0.6416046250199934,0.6309681186070529,0.9301640227221264,0.9222972751219237,0.9626263519129968,0.964822089428408,0.9438079927614389,0.9679010386044057,0.9162772622596517,0.9935049505833851,0.9956353858938652,0.9956722991601542,0.9894674615001832,0.9896079758860737,0.9955756144865083,0.9889784885570698,0.9853189073336226,0.9762602516890592,0.8532491264569644,0.9957051241362783,0.5630899501070873,0.9431575674750066,0.28012535081675055,0.745368687393817,0.913124778242594,0.6678566182937626,0.7009764016591388,0.974152496719868,0.9741557771342182,0.9050579755733228,1.0,0.6164380041744392,0.9865562425826457,0.9871291165882426,0.9255050273821404,0.973332621992253,0.7678890902052972,0.978206392201211,0.8700719675184717,0.8217235685439568,0.8092571794348565,0.9800530461373543,0.9791657893755707,0.990868116074539,0.9724970071393272,0.9747274846226295,0.8977350191107242,0.9664777475183308,0.9829174311867825,0.9405260079428904,0.9420913147896535,0.097499569032254,0.41033149082160286,0.9241791853746227,0.6650989196119625
[US] 제타,0.10807376616623603,-0.2402042697377841,0.2702799032867184,0.3983106313759834,0.23365820331013956,0.5829854926037693,0.1619409659258234,0.3103706105636895,0.7139408317929444,0.11388406470668339,0.15454556937540306,-0.20491852302072905,-0.19816496217187138,0.15499264111257877,-0.5959214272172187,0.3904119810595984,0.2596158366478313,0.178710835365377,0.04238290852419609,0.2557136049971801,0.34026509143770994,0.7291044987374261,0.5076779872114641,0.5900562326081651,0.5161154878389864,0.6338124244197393,0.35422588490654905,0.6698074902729091,0.6169400757309103,0.6168150391334372,0.6606022638522946,0.6579623354745516,0.6172668700456834,0.5328850234025585,0.5368770363188246,0.5329688603879897,0.5262134690915303,0.615515313494989,0.314373689337637,0.3443893940033406,-0.07703025903115324,0.43283149101032525,0.8469452973926467,0.31642518875268616,0.2882905212765301,0.6430216289782437,0.46277212178266974,0.29995047909052275,0.6164380041744392,1.0,0.5012622639462605,0.5865453616563463,0.533133243819435,0.48177158813765686,0.010002830135773905,0.5342206137870272,0.8494165346322401,0.9279733401069886,0.3033831833387499,0.5685293935198136,0.47449259049146497,0.588833808530179,0.4581250195130929,0.45395846177282534,0.37232775032066684,0.5183015848124295,0.5261981923223186,0.35845318815609606,0.387509824771916,0.152949864951345,0.17547521825443096,0.4659441036663709,0.20887416912943876
[US] M7 ETF,0.9131317273719305,0.6453199712962353,0.7179174709187707,0.9684808742516904,0.9587002309600748,0.8628272979173759,0.5505139412823852,0.6779021052966036,0.8074753800602993,0.8972825877972089,0.8993358763211808,0.6934196519497178,0.6649560133706571,-0.02163818061070342,-0.8576114057271332,0.8850107475159679,0.5861347618264979,0.7772355463614623,0.715831077462606,0.6509078146132543,0.9717519414957071,0.8889307647553588,0.9778324343668574,0.9638278502937992,0.9549290424382066,0.9580959847808556,0.9560646344628599,0.9758892828810355,0.9884641785010704,0.9884831048839229,0.9749684701739405,0.9756101972563866,0.9884192794285622,0.9959992363889171,0.9912186686408739,0.9804008022289408,0.8454092194828313,0.9865925448885114,0.5606540434321207,0.981436328970395,0.3184999263056984,0.7423272689223596,0.8524631812851089,0.6766957440298189,0.7183785945178136,0.9567752202236848,0.9931366011602322,0.9455520031138002,0.9865562425826457,0.5012622639462605,1.0,0.9847709126792726,0.9245953085143332,0.9894418708353788,0.8548144657822244,0.9878265528453447,0.8052071619528575,0.7354571138147474,0.8414441823486553,0.985698597949428,0.9959773758918726,0.98778531257695,0.9919792317230949,0.9948654962146507,0.9245316236510707,0.9756311162214069,0.9940703699799113,0.9773798231969728,0.9723060228154318,0.07430613294376556,0.4179143874331204,0.934132088089948,0.6968372120136674
[US] 모멘텀 ETF,0.8649233227972172,0.569025135167574,0.7778997588039553,0.9369897086313201,0.9255620993132834,0.9283609114605406,0.6316238880453058,0.7549835832125442,0.8710442869212949,0.8436712418012884,0.8181397712930079,0.587519401746911,0.536209953167002,0.1246117720984488,-0.8640419265623536,0.9016122085239834,0.6737391783799708,0.80743650315402,0.5952938432513489,0.7268408373298578,0.9445631675313245,0.866264153815908,0.9896657071381824,0.9918520317581399,0.9819234955438856,0.9906223270376564,0.9530857406160423,0.9850989266969228,0.9952504034688863,0.9952186231739253,0.9900625278113763,0.9905164516835732,0.9950340639973947,0.9951250208591499,0.9966423391891163,0.9920506538031781,0.9089969702627836,0.9889977015999262,0.6588593097732066,0.9460588405571655,0.3949794688232217,0.8159632960123658,0.8749200491639134,0.7552391844052184,0.7839806413886805,0.9855840608876165,0.9656808324092528,0.9368088334659787,0.9871291165882426,0.5865453616563463,0.9847709126792726,1.0,0.9656200773984014,0.9590535180276514,0.7769516491428468,0.9715887782600149,0.8755501812835516,0.8132895089541318,0.8802983768064098,0.9895343872891161,0.9821546595778716,0.9783292990685808,0.983442166399884,0.9829545402174681,0.9470590499587274,0.9895769679062629,0.9903661463206944,0.9494501203741055,0.9664308767635011,0.20710806841428847,0.517906580515728,0.9603908431751635,0.7566822315588795
[US] 반도체 ETF,0.9030425908324776,0.6282028512511716,0.9095859564635058,0.87520575677947,0.9495564046594336,0.9898369182421054,0.8071774206809571,0.8989497154808777,0.9118533109267714,0.816492306375692,0.7202119955206643,0.5131454355308386,0.4293775074359642,0.3667129817651332,-0.749338957892968,0.9507947438388609,0.8427964250230661,0.9075289208826607,0.43109943676200535,0.8774766727226078,0.9129607458433131,0.7202005188663807,0.9736658267294848,0.9857463410240112,0.987653532065428,0.9773670577625906,0.9475057224145476,0.9199845102657318,0.9414016947632624,0.941381031744539,0.9360426282387457,0.9368815601739763,0.9403656596279875,0.9529390430787886,0.9658346468345511,0.9789224164820909,0.9847768800047126,0.9278061270857908,0.8283849498075427,0.8848347236532615,0.6076006776517201,0.934723513722057,0.7885428806112441,0.8937743091638969,0.9115346860868578,0.9735151983123232,0.8861880165775045,0.9473764744979538,0.9255050273821404,0.533133243819435,0.9245953085143332,0.9656200773984014,1.0,0.8661910811711536,0.7211090887027215,0.8856336717547086,0.8633942945315712,0.7843547302797146,0.9536687240496233,0.9365644167529186,0.9204529655306682,0.8997799263346568,0.9421758296218078,0.9322683147948412,0.975323438942224,0.980256483720655,0.9410549781318781,0.886834890179636,0.9345600992842701,0.4413135016687916,0.7158740708169335,0.9903901758999621,0.8898064854579877
[US] 소프트웨어 ETF,0.9053349369805618,0.6381057208418448,0.6223565898206797,0.9749751408819749,0.9530643499862259,0.7867712063999998,0.4338187772808666,0.5692809496281765,0.7397902921153157,0.8819382748573911,0.9229124282532536,0.7220027858126399,0.7115921895574847,-0.15891085724527682,-0.8747389693454163,0.820581745845433,0.46845660458238936,0.6950104705668331,0.7874694488535848,0.5420426294236736,0.9502726035080946,0.9199000421043368,0.9432384019699781,0.921043452797241,0.9088246979420084,0.9188605100995878,0.9213291227723301,0.9630265987954331,0.9714621700344552,0.9714882845128282,0.9575463703307578,0.9580401029848357,0.9719631629761116,0.9757751022851726,0.9651052978040466,0.945423388505296,0.7674536576035605,0.9731809059635783,0.44790874819284704,0.9784635252023576,0.2046011511424732,0.6467638351928001,0.8458721164834048,0.5773289379486388,0.6245865426747013,0.917132349665619,0.9941050450986985,0.9065046678694976,0.973332621992253,0.48177158813765686,0.9894418708353788,0.9590535180276514,0.8661910811711536,1.0,0.8628300889671702,0.9894903765787154,0.758344065239449,0.7011510431976019,0.774484329627718,0.9698223598712339,0.9890921623221721,0.9848329729299504,0.9745086183931625,0.982770902275538,0.875996332057627,0.9382587547890074,0.9777598440019394,0.9745003659570332,0.9523069144804351,-0.0530149826593243,0.3000615731552353,0.8791570155925521,0.5970573833437635
[US] 테슬라,0.967333020930188,0.8979798494871962,0.6153198465422169,0.8953343815138011,0.9572570729249593,0.6240690546100851,0.4802561248359889,0.5422064939597285,0.48419953704868074,0.9623206033451975,0.9632133670825201,0.9421106745624686,0.91945653411845,-0.1895042669235383,-0.6241906577138085,0.7743940233767345,0.46305488284507373,0.7524193511701871,0.8600550335032195,0.5454095609553161,0.9125522394096237,0.6159144180613126,0.8148830939702572,0.7456846697372925,0.7758869116682121,0.7124660783366951,0.880215464934362,0.7265757084298492,0.7702872134195875,0.7702420859784647,0.7329916945644654,0.735099569623215,0.7704931075795813,0.8247269870600777,0.814033466342705,0.7984113434042343,0.6264810596837478,0.7645194219710877,0.396887913681308,0.9217410138939655,0.3442940334710247,0.5505157895257242,0.489926152682091,0.5360069270423291,0.6039094027158389,0.7043887251162706,0.8682835650732632,0.8905152935747349,0.7678890902052972,0.010002830135773905,0.8548144657822244,0.7769516491428468,0.7211090887027215,0.8628300889671702,1.0,0.8237328069735331,0.4064036135530159,0.2921655103559311,0.7557091351528804,0.8055709906884293,0.8612203015240428,0.7873796687739707,0.8599499257375125,0.8700433954075116,0.8174842448894508,0.8059630963545514,0.8360861231390749,0.9049063970363397,0.8712563515002401,-0.07193967966308418,0.31360676905540924,0.7751391411738805,0.6240647932444221
[US] 월마트,0.8794744296142987,0.5813367137241056,0.643146582001649,0.9612059774011543,0.9349557723863918,0.8193603881786021,0.46217188062210857,0.598160502453244,0.7655870555948275,0.8665485844168803,0.8943942016089056,0.679015980139342,0.6539100983775592,-0.10584885573081697,-0.9016038007524032,0.826452163251164,0.4994183896207641,0.7044459067838204,0.7339595406740452,0.5698951893370275,0.943835916939637,0.917518818611684,0.9527698446036598,0.9383870986196109,0.9240312210644351,0.9358086273046204,0.9241630216222386,0.9751583549061362,0.9807900780140093,0.980804046879213,0.9714592036359304,0.9718274549333519,0.9811767991673969,0.979070524080593,0.9709323669374923,0.9510019379685393,0.7945850478020882,0.9794001356359235,0.4849818772984229,0.9669214274964043,0.21999162770974032,0.6813183294714447,0.8670255656553719,0.6038404806205993,0.646487609547789,0.9328665487488361,0.9894996717181728,0.9015800456694026,0.978206392201211,0.5342206137870272,0.9878265528453447,0.9715887782600149,0.8856336717547086,0.9894903765787154,0.8237328069735331,1.0,0.8119559112765552,0.7438300328736683,0.788267951510384,0.9781709627811666,0.9857615781838369,0.990634608546399,0.9745486866902859,0.9797137165231314,0.8866677480490183,0.9487347256602006,0.9817749906743959,0.975502021128904,0.9611488373500437,-0.010953282052058592,0.3325040794099637,0.8923464847270598,0.6223960192497227
[US] 코카콜라,0.5745502794594203,0.1992509621249172,0.6703495647774503,0.7187178600721708,0.6759298226865165,0.8877750522771487,0.5578099403262479,0.6936719496656446,0.9317649841536557,0.5679837562328885,0.5377255177542875,0.22120728385445135,0.17488150524455398,0.2845194728542263,-0.7810153330557131,0.7832211015347278,0.6300789741732368,0.6394243819670486,0.29823213903850043,0.651079557785961,0.7431404894186008,0.828721561282983,0.8547634721874393,0.9071151962023821,0.8654141568287774,0.9159106494169502,0.7628351777552479,0.9008127297682059,0.8793475446591041,0.8792644690557637,0.8978998528967347,0.8969964410500781,0.8785640736202194,0.8382707831740215,0.8480088605937394,0.8526058304774126,0.8485450236811962,0.8683622601613132,0.6421120783881411,0.7020175077810454,0.2951684127717923,0.7766540561459874,0.9248781880927052,0.6794117430114823,0.6748876506397995,0.9133395885357204,0.7683007609597544,0.7080682534163697,0.8700719675184717,0.8494165346322401,0.8052071619528575,0.8755501812835516,0.8633942945315712,0.758344065239449,0.4064036135530159,0.8119559112765552,1.0,0.956158228300784,0.7075395034902939,0.8431590665555648,0.7844011835018705,0.844422024044819,0.7908017873106936,0.781750406712448,0.7569566932816448,0.8500189130356312,0.831870611292581,0.7148022171594635,0.7513413657099464,0.3227630708798034,0.499037335276427,0.8300278927578245,0.6409462583400739
[US] 일라이릴리,0.3874956261946593,0.018662793448449122,0.5520465351878111,0.6306245896410181,0.5000250403321848,0.809084691804997,0.4277358676742848,0.5732009483712013,0.8768078130875357,0.4006333404517076,0.3937810577925976,0.052043442627284574,0.028286405333381174,0.25501382077871193,-0.7249047104841952,0.6512820564201162,0.5138331107714881,0.4812583802839585,0.19865385846376163,0.5242377023435388,0.6028868951488228,0.815212306784319,0.7494306750405476,0.8129062486974771,0.7617314792223024,0.8445719165564994,0.6266299236104778,0.8581261824046789,0.8270073412006679,0.8269655221188917,0.854471449581825,0.8528789708334816,0.8267864411881835,0.7701796455939208,0.7773268937213097,0.7792980836642998,0.770462008199444,0.823993622169437,0.5505718348737314,0.6065755117154418,0.17653323767458923,0.6796570056207059,0.9333981002991841,0.581239798603477,0.5682205578600014,0.8590695219547964,0.6962452003402811,0.5958076758053048,0.8217235685439568,0.9279733401069886,0.7354571138147474,0.8132895089541318,0.7843547302797146,0.7011510431976019,0.2921655103559311,0.7438300328736683,0.956158228300784,1.0,0.5985664476933942,0.7797024431939767,0.7183236742919137,0.793369776932517,0.7135686454518942,0.7051596966378332,0.6578946398116431,0.7660389285415254,0.7575650687921825,0.6181494004344166,0.660395501352375,0.27633495666332747,0.4033468434178989,0.7345219993815462,0.4968034077842291
[US] 존슨 앤드 존슨,0.9673936514250439,0.8170512653838827,0.9612721754098503,0.8204774042488311,0.9742340331863584,0.95629620695622,0.903134280916732,0.9487144701558222,0.8189104247170162,0.8352636485673218,0.6965303595797762,0.579580007676787,0.46495737635904666,0.4576366606916283,-0.6296785872236563,0.9484272317191402,0.9119974965838716,0.9742674142719104,0.4057865979990743,0.9459722911549199,0.8836219068391029,0.5366856354947896,0.9243558007218688,0.9184393007967717,0.9481565614616598,0.8971878659885488,0.9382902632379879,0.7940302172532628,0.8358939932526644,0.8357862996320846,0.8252491645465716,0.8269572688484521,0.8349167862921544,0.872300280586201,0.8898242367953633,0.9073842487308421,0.956597568712495,0.8122535518944534,0.8828416660242276,0.8361373175659031,0.7617368838672345,0.9411398113322005,0.5860673273557306,0.9403268576377156,0.9623009968508622,0.8758133511852867,0.7995920706472409,0.9434315007328703,0.8092571794348565,0.3033831833387499,0.8414441823486553,0.8802983768064098,0.9536687240496233,0.774484329627718,0.7557091351528804,0.788267951510384,0.7075395034902939,0.5985664476933942,1.0,0.851645190007533,0.8485454545104985,0.7854191076339335,0.8838240536475342,0.8701376364490607,0.9764626632586254,0.9199084903663294,0.8643510632404983,0.8431778223826603,0.9022611964199112,0.5301345263971045,0.8068381614828989,0.9591567084162351,0.9617919503694767
[US] 애브비,0.8615433950015774,0.5826310793633135,0.7312063605665473,0.9547248205994084,0.9302035916415752,0.8889143516006474,0.580159554724659,0.7034113802187811,0.8208698174603085,0.8485246578339665,0.8468094087951867,0.624671568704708,0.5801788579559073,0.04586143830874383,-0.8782539179079462,0.8719385358461663,0.6174978160826948,0.7755593477473018,0.6460375969974477,0.6776586860396224,0.9431758321821607,0.8744179447490196,0.9781685687592547,0.9722146664211679,0.9627290256793182,0.969880700818862,0.9473640728655317,0.9775048540306543,0.98810304900334,0.9879576864067454,0.980476999862001,0.9809523575321988,0.9880850564202495,0.9880479950446649,0.986397470204447,0.9750736847102942,0.868196639029247,0.9806833736997852,0.5991007834075649,0.9520458014947002,0.33936684632823666,0.7613182643853763,0.8608923758833763,0.7074508445185916,0.7398273154803098,0.9622371814696383,0.9719911832010851,0.9259203160852418,0.9800530461373543,0.5685293935198136,0.985698597949428,0.9895343872891161,0.9365644167529186,0.9698223598712339,0.8055709906884293,0.9781709627811666,0.8431590665555648,0.7797024431939767,0.851645190007533,1.0,0.9839697546035875,0.9760087285567514,0.9759705604122356,0.9832110537730815,0.929464293817332,0.9770417692323233,0.9904581069812,0.9565157827144063,0.9621017404872423,0.1383489479626941,0.46072000546728,0.9329110347341079,0.7132085707411325
[US] 제이피모건,0.9109377246034047,0.6430110691307807,0.7164319417263401,0.9683283157674317,0.9563045611703395,0.8597670815808232,0.555571212534426,0.6789896664832238,0.7896620258360741,0.9007987011821896,0.9026745720473426,0.7074958334889575,0.6705244987130002,-0.02544983047125273,-0.8778290133198464,0.8741822207843001,0.587207994383793,0.7811129818178282,0.7196527242936174,0.6543975465594194,0.9708897101831337,0.879814992343651,0.9798485645465893,0.9619549866535904,0.9577356353061315,0.9584232487198242,0.9615219804942139,0.9676389850693331,0.9823820819178507,0.9823753034020692,0.9686549904623519,0.969411135173368,0.9825115107608635,0.9920634023248528,0.9868691726560626,0.9743171747211746,0.8395284135699489,0.9814968465224092,0.560757670036437,0.9832776887421859,0.32751417422180884,0.7329134319574151,0.8300503105325403,0.6808816432185322,0.7225512510737878,0.9466686854270826,0.9911337432524072,0.9460220429059124,0.9791657893755707,0.47449259049146497,0.9959773758918726,0.9821546595778716,0.9204529655306682,0.9890921623221721,0.8612203015240428,0.9857615781838369,0.7844011835018705,0.7183236742919137,0.8485454545104985,0.9839697546035875,1.0,0.9831536627776695,0.9930551683010898,0.9982291152462638,0.9320742198814967,0.9700542948775451,0.9897932718648323,0.9824676301126645,0.9797324140207487,0.07389270032621259,0.42045492583174576,0.9301899815553448,0.7033689039169585
[US] 뱅크 오브 아메리카,0.8555691160500348,0.5464743260321117,0.654830996336464,0.9416316231467754,0.9094569720247759,0.8400463109216365,0.46705479324875654,0.6118334503123994,0.8139736667543093,0.8353308848445948,0.8601816293931308,0.6193619763047019,0.6045772249876349,-0.06862562700686835,-0.8827961389156703,0.8387045525037383,0.5145181330103927,0.6957961591336476,0.6962850147767549,0.5773842896358116,0.9328233841031268,0.9395586464695578,0.9532544318168962,0.9477035566308466,0.9276601187952261,0.9529505947986491,0.9100111371057555,0.990609331029111,0.9913200966779677,0.99140676805158,0.9859547664288076,0.9860608800933929,0.9916715929426688,0.9845456739943055,0.9775812725863388,0.9632862735894128,0.8156770716521913,0.9926816006670195,0.5070806384753783,0.9523918619077489,0.22468123411973734,0.70107326630819,0.90800816756276,0.6190567738126537,0.6571500057584142,0.9576268391832432,0.9818634942208301,0.8973048005973925,0.990868116074539,0.588833808530179,0.98778531257695,0.9783292990685808,0.8997799263346568,0.9848329729299504,0.7873796687739707,0.990634608546399,0.844422024044819,0.793369776932517,0.7854191076339335,0.9760087285567514,0.9831536627776695,1.0,0.9766183868188946,0.9752809023060849,0.8794017379192351,0.9529595425667302,0.9800668373017125,0.9533262369823016,0.9441249574053384,0.02300558670859904,0.34825868774572416,0.9023676770188458,0.6203226430241228
[US] 모건스탠리,0.9246622482695102,0.6660918470904599,0.7667155765058756,0.9510142386669669,0.9599357870283328,0.8914291499971153,0.6105775763659026,0.7287795348459476,0.8172016508672567,0.90941209055761,0.8889348164889317,0.6960706137434081,0.6533387934683562,0.0414063098405959,-0.8419991014723853,0.9103256856084166,0.642460334642816,0.8205460009519964,0.6923309351442573,0.704565751908233,0.9784601358303693,0.8523183478257916,0.988091062552996,0.972032418509701,0.9722396247279435,0.9675678016713113,0.9717198111853309,0.9616934419599118,0.9796941608651091,0.9797520812939549,0.9682538737531952,0.9690977682794301,0.9797765250664688,0.9934068544698688,0.9912591842713876,0.9846466720160757,0.8727028509050805,0.9762781755917871,0.6172815719721506,0.9779969257384312,0.39361244501972786,0.7816258900243906,0.8190368029628238,0.72599628737283,0.7670140116497542,0.9585960827843826,0.9795569988858102,0.9640247316092567,0.9724970071393272,0.4581250195130929,0.9919792317230949,0.983442166399884,0.9421758296218078,0.9745086183931625,0.8599499257375125,0.9745486866902859,0.7908017873106936,0.7135686454518942,0.8838240536475342,0.9759705604122356,0.9930551683010898,0.9766183868188946,1.0,0.9945381294380362,0.9497167685472246,0.9792729009319705,0.9869478585788406,0.9770657492518628,0.9819951545240493,0.13507271337597443,0.47696490386908846,0.952319943209239,0.7497677878578628
[US] 골드만삭스,0.92599287463246,0.6690028665745202,0.7465090777491755,0.9689751893150649,0.9667488100433539,0.8750060599454147,0.5958103566057193,0.7124257601017832,0.7968282234126055,0.9147125398616369,0.9040088466180376,0.7167685100543377,0.6722584573941269,0.013002474204315988,-0.8627512089388709,0.8934257283450191,0.6243624686973719,0.8135683914985028,0.7072587339536449,0.6900114031966332,0.9798769280013097,0.8556459537970849,0.9863910747730242,0.9684906914529223,0.9673653136851329,0.9603075956500634,0.9740321325403197,0.9611445043658546,0.9791156079810615,0.9790935155185783,0.9639899429427128,0.9648937749337312,0.97907221812658,0.9927901566557976,0.9893503469089252,0.9794366909103963,0.8566588606617461,0.9759670142180878,0.5922026297149706,0.9859257944898773,0.3707694566627552,0.7579409500531133,0.8129878711477132,0.7096091467722425,0.7507694899276147,0.9482060366282666,0.9883858957065494,0.9596652404902919,0.9747274846226295,0.45395846177282534,0.9948654962146507,0.9829545402174681,0.9322683147948412,0.982770902275538,0.8700433954075116,0.9797137165231314,0.781750406712448,0.7051596966378332,0.8701376364490607,0.9832110537730815,0.9982291152462638,0.9752809023060849,0.9945381294380362,1.0,0.9472235104537531,0.9774844211166203,0.991296729213987,0.983905302332448,0.9842420979320609,0.1097441859700453,0.45747832924933907,0.943736922650051,0.7379594400200613
[US] 이즈코프,0.9520934771434921,0.7358547432289517,0.9070666784565371,0.9011585893199323,0.980768786870164,0.9541870434237678,0.8227261052495355,0.8940531185303735,0.823505876028718,0.8867592301926244,0.7889282645263782,0.6426021524426003,0.5422953015902704,0.311589764805508,-0.7563672107049626,0.9432172349128976,0.8373050277955187,0.9448486501532001,0.5107489406421473,0.8841951089256509,0.9415654205090758,0.6642547536432796,0.9745482444432745,0.9646511635097199,0.9840727622781279,0.9472805626538073,0.9795449809071233,0.8796094525161641,0.9145788005174739,0.9144940027502871,0.900824064301323,0.9023390873799112,0.9138385445325524,0.9434785523823439,0.9536663373701765,0.9605782374688797,0.948048800374223,0.8994802300183785,0.8013320053138787,0.9186845839944378,0.6374827952424835,0.8997899379832478,0.686520278079892,0.8839814367446062,0.9127038497895227,0.9258800821526052,0.8971540797881753,0.9754465579135237,0.8977350191107242,0.37232775032066684,0.9245316236510707,0.9470590499587274,0.975323438942224,0.875996332057627,0.8174842448894508,0.8866677480490183,0.7569566932816448,0.6578946398116431,0.9764626632586254,0.929464293817332,0.9320742198814967,0.8794017379192351,0.9497167685472246,0.9472235104537531,1.0,0.9691029344848052,0.9376446408428206,0.925663788641531,0.966172479302338,0.3906660335640935,0.7025019735681542,0.980637772041892,0.9141803204265326
[US] 이머징 마켓,0.9167605553910078,0.6652621368746157,0.8384164682769427,0.9423670877217725,0.9649183471141038,0.9454797877020468,0.7084283987448479,0.8146940350234316,0.8826511104544882,0.8768740310748392,0.8242887503671293,0.6189937491464195,0.5591177974363647,0.1982121039283139,-0.7995692702498134,0.946208839113951,0.742552730116068,0.8725158445300736,0.5811614514661643,0.792513266871261,0.9616175122271068,0.8043159982823281,0.9927585628755755,0.9928916488350911,0.9892784964029444,0.9790567031098015,0.9727128820816086,0.9599876946801893,0.9776399806139602,0.9775750652028028,0.9678686270248212,0.968675348229946,0.9769899836418753,0.9884108208901526,0.9934279378739582,0.9950365785505849,0.9347973576920146,0.965619770382239,0.715022619512354,0.9492370348992921,0.48578328910141805,0.8603372130718531,0.8248768864867595,0.8075746494015812,0.8373319078231699,0.978408919725126,0.9518834969678467,0.9664566904365915,0.9664777475183308,0.5183015848124295,0.9756311162214069,0.9895769679062629,0.980256483720655,0.9382587547890074,0.8059630963545514,0.9487347256602006,0.8500189130356312,0.7660389285415254,0.9199084903663294,0.9770417692323233,0.9700542948775451,0.9529595425667302,0.9792729009319705,0.9774844211166203,0.9691029344848052,1.0,0.9873188554578582,0.9470738297461524,0.9685183502984515,0.2768715164025227,0.5926986349331569,0.9815827029667336,0.8196436436826559
[US] 선진국 마켓,0.9059097789942194,0.6509458959366416,0.7478607759812139,0.9681841095147573,0.9573838650721755,0.887930492992739,0.5942638428378914,0.7149196103641112,0.8367401591091584,0.8872088145528937,0.8768121851645015,0.6694955777197763,0.6290916019946248,0.04465056149141954,-0.8466228434590367,0.904521579392135,0.6294049083640807,0.8033495517553928,0.6824628819058973,0.6906370597700996,0.9681622537781087,0.8711637546677571,0.985199741305933,0.9772052789960298,0.9679786296220435,0.9664906979038429,0.9628753089859531,0.9777140817960496,0.989710873916654,0.9896305424185905,0.9796929431646565,0.9803140773323109,0.9896046753450461,0.9952878145899446,0.9934278348188496,0.9843097282292411,0.8714168910611675,0.981190173320012,0.6007933916387797,0.9720230154033065,0.3570904404213373,0.7737716236375708,0.8516652623753738,0.7111170408584289,0.74798943272063,0.9645394186155257,0.9824963482559799,0.9470948970480997,0.9829174311867825,0.5261981923223186,0.9940703699799113,0.9903661463206944,0.9410549781318781,0.9777598440019394,0.8360861231390749,0.9817749906743959,0.831870611292581,0.7575650687921825,0.8643510632404983,0.9904581069812,0.9897932718648323,0.9800668373017125,0.9869478585788406,0.991296729213987,0.9376446408428206,0.9873188554578582,1.0,0.9701037180585629,0.9716587586716339,0.12902164520524254,0.46447490827065374,0.9466914030935897,0.7289199454096047
[US] 금,0.9474236784702035,0.706876324066613,0.7047130141007625,0.9677430611996299,0.9746055031340277,0.8164828671574792,0.5501020504901263,0.6571463059311866,0.7153274680532331,0.9470616261685022,0.9432518642935701,0.7946040709782409,0.7478008744699496,-0.07028468665798474,-0.8543284533324601,0.8595527936418849,0.5659901694401148,0.7926726659537842,0.7634071852567925,0.6413825311028548,0.9804393202634744,0.8202884149139825,0.9587583611100962,0.9273023756562391,0.931954555142577,0.9106602565241934,0.9656130152776404,0.9229007455292055,0.94530853016976,0.9453355235802473,0.9246045892308377,0.9258024140873815,0.9454157806222564,0.9663694910757911,0.9601609128854397,0.9434692937899118,0.7993104118430909,0.9414309715459324,0.5300901487129055,0.9914174583988475,0.33554266483264544,0.7074185738683682,0.7500224541790843,0.6539170678953491,0.7044602181986105,0.8967441568500437,0.9824554943613055,0.9493572830269429,0.9405260079428904,0.35845318815609606,0.9773798231969728,0.9494501203741055,0.886834890179636,0.9745003659570332,0.9049063970363397,0.975502021128904,0.7148022171594635,0.6181494004344166,0.8431778223826603,0.9565157827144063,0.9824676301126645,0.9533262369823016,0.9770657492518628,0.983905302332448,0.925663788641531,0.9470738297461524,0.9701037180585629,1.0,0.9879904748161693,0.031060747140720043,0.4018719121505653,0.9116063001350989,0.7050837214713047
[US] 은,0.9315843516096087,0.683303394894683,0.7844464352337982,0.9501115957512066,0.9667745925731721,0.8857227920913532,0.6541953305381144,0.7521157246984833,0.7664073129891555,0.9308057775107015,0.8899762012668103,0.736338299495842,0.6659523244102626,0.07110345711047229,-0.8513367787521867,0.8930230732763642,0.6714160011500212,0.8526370815378197,0.6694034076997665,0.7372899804425638,0.9748244540703047,0.7837917883715493,0.9811288984940902,0.9588550741197154,0.9682802677138159,0.9447182540057247,0.982759342717533,0.9255776017997785,0.9517244092653098,0.9517277431963576,0.9350786770049929,0.9363458484010898,0.9515867946726798,0.9732919789716263,0.9729835609013426,0.9636005725340707,0.8682582509588079,0.9453232816033587,0.6384588852457999,0.9754592750704556,0.44246548411324393,0.7894238473039605,0.7477012087874212,0.7472572748954349,0.7892242246133344,0.9239441099038376,0.9654061388921081,0.9669637343390374,0.9420913147896535,0.387509824771916,0.9723060228154318,0.9664308767635011,0.9345600992842701,0.9523069144804351,0.8712563515002401,0.9611488373500437,0.7513413657099464,0.660395501352375,0.9022611964199112,0.9621017404872423,0.9797324140207487,0.9441249574053384,0.9819951545240493,0.9842420979320609,0.966172479302338,0.9685183502984515,0.9716587586716339,0.9879904748161693,1.0,0.16348706541879238,0.5147856504224712,0.9505398042209633,0.7896638627057069
[US] 미국 오일 펀드,-0.6669444786473328,-0.4079323415970302,0.7067979108750324,-0.1622825768276587,-0.7449370586148655,0.567152427896759,0.8361748958768024,0.7781804692286624,0.49560451297785024,0.09653047607612389,-0.14364065852255128,-0.2030280978644232,-0.3434531711551166,0.9725721161009908,0.03413672612030316,0.4489549413862744,0.8416018536563985,0.5949319740909569,-0.48223701111174977,0.7875000762410169,0.16747234243047762,-0.17557564693138134,0.29488940202309794,0.34856002935909997,0.3792249900931218,0.33598217716484263,0.2899190550918332,0.09946969905864335,0.13261142782039934,0.13244145892183087,0.14129976112208342,0.14229839536805636,0.12968683388624144,0.1536160189206697,0.19839197984681564,0.25902189965638633,0.5851187338528049,0.09951317338141057,0.8529572102715681,0.023784165592750626,0.871974216532134,0.6940574745908935,0.022172662792389126,0.7627198111499045,0.7142590699859381,0.28742822968287784,-0.007430723325110795,0.27883980218763293,0.097499569032254,0.152949864951345,0.07430613294376556,0.20710806841428847,0.4413135016687916,-0.0530149826593243,-0.07193967966308418,-0.010953282052058592,0.3227630708798034,0.27633495666332747,0.5301345263971045,0.1383489479626941,0.07389270032621259,0.02300558670859904,0.13507271337597443,0.1097441859700453,0.3906660335640935,0.2768715164025227,0.12902164520524254,0.031060747140720043,0.16348706541879238,1.0,0.9205213692443475,0.40911793779634037,0.7186911157737544
[US] 원자재 펀드,0.7707770326129483,0.8272124850998425,0.9188241239751446,0.32073967654382746,0.6866866534249835,0.7855455876370493,0.973669863151027,0.9442833632256623,0.6636502110094185,0.4498901517214851,0.2206221899099809,0.14979128934350153,0.002525529230412691,0.8580789897799741,-0.22503318484708967,0.7146206656997354,0.9737487432081902,0.8442139541999277,-0.14792457968644288,0.9532879153408594,0.5025467050136583,0.0755072738049615,0.5906061454142498,0.6194312582825949,0.6567147216327287,0.5937173642438817,0.6069245700801694,0.39832331040761504,0.444316236137741,0.44416035267599574,0.4385421255518896,0.4402651605301776,0.4415594074546146,0.4826744753291351,0.5212574975670187,0.571286768544341,0.8141049845399345,0.41053619528960267,0.9734778305461331,0.3956473965752963,0.9576539929806935,0.8888493110433104,0.2347663252934904,0.9412506373474383,0.9210674472544799,0.5649403970711325,0.3478629890824091,0.620685146226102,0.41033149082160286,0.17547521825443096,0.4179143874331204,0.517906580515728,0.7158740708169335,0.3000615731552353,0.31360676905540924,0.3325040794099637,0.499037335276427,0.4033468434178989,0.8068381614828989,0.46072000546728,0.42045492583174576,0.34825868774572416,0.47696490386908846,0.45747832924933907,0.7025019735681542,0.5926986349331569,0.46447490827065374,0.4018719121505653,0.5147856504224712,0.9205213692443475,1.0,0.6988979864538297,0.9183707177089413
[IDX] 닛케이225,0.9479467352063393,0.7075972167799246,0.9085389825428108,0.8948090986987786,0.9751470147956666,0.9724717293389152,0.8037743836708402,0.891737791698662,0.9087211066320227,0.8726165589676823,0.7730217589770836,0.590278568148579,0.5095799276702683,0.3352943753036533,-0.7293961730395182,0.9733538600735789,0.8335492211237873,0.9271347399304339,0.48818641896823584,0.8727016800340741,0.9456072553549651,0.718049784638946,0.978008120423642,0.9810737157976103,0.9854281044130051,0.9657885446545958,0.9662936005565381,0.9123570903953959,0.9372128230655645,0.9372510927943734,0.9258065778642501,0.9269559942971036,0.9361304336208136,0.9571071787901071,0.9683527706081231,0.9797930128161836,0.966519475079421,0.9236757595167373,0.804731528709825,0.91265173019729,0.6128396148916303,0.9244488899959193,0.7633761384625192,0.8769059374287423,0.9032978805633074,0.9620838881350138,0.9002038142726444,0.9717124058305024,0.9241791853746227,0.4659441036663709,0.934132088089948,0.9603908431751635,0.9903901758999621,0.8791570155925521,0.7751391411738805,0.8923464847270598,0.8300278927578245,0.7345219993815462,0.9591567084162351,0.9329110347341079,0.9301899815553448,0.9023676770188458,0.952319943209239,0.943736922650051,0.980637772041892,0.9815827029667336,0.9466914030935897,0.9116063001350989,0.9505398042209633,0.40911793779634037,0.6988979864538297,1.0,0.8928154779186098
[KR] 코스피200롱150숏선물,0.9760864336978404,0.8556649998554865,0.9904839119255561,0.6509885810168218,0.9414950936137898,0.9121775604331489,0.977473656200771,0.9877330207546802,0.7487311979377003,0.7497746805625728,0.5602489260435588,0.4824179818805029,0.34554320719357934,0.6157474213825468,-0.48551730671596943,0.8883657262648068,0.975082652501574,0.9784811192047984,0.21148265337473882,0.9910633741468435,0.7792717795813768,0.33830496197869553,0.8194605585730025,0.8191819177261866,0.8590847302796583,0.7908808711646171,0.8494679489824124,0.6416993016087673,0.6930825927469776,0.6929589321805816,0.6745213972530338,0.6767195244191729,0.6907167592777891,0.7416156810516354,0.7693062340670455,0.8028274125923566,0.9270820726434559,0.6640272619583035,0.9542229134643331,0.6979188113312779,0.9006629910729322,0.9585251539800228,0.42703579097716576,0.9773498819128468,0.9877523296206099,0.7691233703158047,0.6478182641773277,0.8655466194197031,0.6650989196119625,0.20887416912943876,0.6968372120136674,0.7566822315588795,0.8898064854579877,0.5970573833437635,0.6240647932444221,0.6223960192497227,0.6409462583400739,0.4968034077842291,0.9617919503694767,0.7132085707411325,0.7033689039169585,0.6203226430241228,0.7497677878578628,0.7379594400200613,0.9141803204265326,0.8196436436826559,0.7289199454096047,0.7050837214713047,0.7896638627057069,0.7186911157737544,0.9183707177089413,0.8928154779186098,1.0
