,[IDX] KOSPI,[IDX] KOSDAQ,[US] 한국 추종 ETF,[IDX] 항셍,[IDX] 상하이종합,[IDX] 대만가권,[KR] 삼성전자,[KR] SK하이닉스,[KR] 현대차,[KR] 두산에너빌리티,[KR] 현대로템,[KR] 네이버,[KR] 카카오,[KR] LG전자,[KR] KODEX 2차전지산업,[KR] KODEX 자동차,[KR] TIGER 200 IT,[KR] TIGER 200 건설,[KR] TIGER 의료기기,[KR] TIGER 반도체,[KR] TIGER 증권,[KR] TIGER 헬스케어,[KR] TIGER 은행,[KR] 신한지주,[KR] 하나금융지주,[KR] KB금융,[KR] 우리금융지주,[IDX] 다우 존스,[IDX] S&P 500,[US] S&P500,[IDX] 러셀 2000,[US] 러셀,[US] 미국 전체,[IDX] NASDAQ,[US] 나스닥,[US] 나스닥 레버리지,[US] 미국 반도체,[US] 엔비디아,[US] 마이크론,[US] 브로드컴,[US] 인텔,[US] AMD,[US] 퀄컴,[US] 시게이트,[US] 웨스턴디지털,[US] 애플,[US] 마이크로소프트,[US] 구글,[US] 아마존,[US] 제타,[US] M7 ETF,[US] 모멘텀 ETF,[US] 반도체 ETF,[US] 소프트웨어 ETF,[US] 테슬라,[US] 월마트,[US] 코카콜라,[US] 일라이릴리,[US] 존슨 앤드 존슨,[US] 애브비,[US] 제이피모건,[US] 뱅크 오브 아메리카,[US] 모건스탠리,[US] 골드만삭스,[US] 이즈코프,[US] 이머징 마켓,[US] 선진국 마켓,[US] 금,[US] 은,[US] 미국 오일 펀드,[US] 원자재 펀드,[IDX] 닛케이225,[KR] 코스피200롱150숏선물
[IDX] KOSPI,1.0,0.6365308156037296,0.9932478198837051,0.6246378013687915,0.7904640363633361,0.9641142889958388,0.9853785512325968,0.9808625655431223,0.9140609376731595,0.8466765721910723,0.6532511476271493,0.33721743797276055,-0.07817777619111974,0.8393489266156601,0.004125779623873203,0.9326158838595809,0.9800683656217593,0.9517828187825765,0.1737407202348542,0.9915912105023345,0.8924454844059567,0.4939279242166531,0.8873788313995188,0.9152217697303369,0.9089035429571382,0.8901951747624645,0.8583256444181726,0.8251265062033669,0.8263931711264938,0.8263233975201592,0.887898747418105,0.8885265315156624,0.8285164926026631,0.8460387153941944,0.8714489691330229,0.8900287342705531,0.9716770228642596,0.7621487381728476,0.9556691566702729,0.8139261167420263,0.8982487628053963,0.9172360829155267,0.3263251749233661,0.9747136146648575,0.9845353877614699,0.821046059112193,0.08648136791822066,0.9247148717638827,0.6949962198736871,0.33774221995395165,0.7213811764213875,0.8660894149414615,0.9672364080711444,0.10382894902226276,0.5624190997928004,0.7219490247634532,0.8146858407446681,0.7683049959376377,0.920808578412697,0.7281455931606349,0.72885358729101,0.7471015846711404,0.8758043939789019,0.8681100644311172,0.9581379170118344,0.9487386802316374,0.8748743020724613,0.7913201515374365,0.8271488797986938,0.846059425704411,0.9086019524368532,0.9679512005414136,0.9373838076297804
[IDX] KOSDAQ,0.6365308156037296,1.0,0.6135828394052616,0.4104209068803687,0.5742945213215044,0.49159596640558634,0.6041530928089861,0.5050028748764135,0.7911401660077764,0.7267805783389563,0.5483955675970918,0.3795433368950343,0.3748967907932498,0.39207566349679757,0.4198594212858701,0.8023339886831405,0.5340404457220331,0.7338197939480621,0.6186926731666895,0.6278992335522025,0.7652593462000891,0.5908188845763407,0.5885258531726201,0.5673916438156615,0.5762555501120232,0.5265430682599017,0.6326701708565492,0.40385368069260497,0.42159567302749723,0.4213413637479359,0.46759165424689514,0.4678670508551245,0.42164532152081424,0.4540042124223897,0.45010022270580824,0.44687198443029685,0.5064559003355944,0.41352955437421546,0.43304988159746416,0.5079288745094547,0.49838962996209313,0.402360275642549,0.1139459688723368,0.48985117987178944,0.5432364947545724,0.34508266800893334,-0.03221894285229941,0.6383518902192274,0.32126795160608435,-0.0692457848520892,0.3937781090351144,0.39901611380487395,0.5224204013921043,-0.1921623020146676,0.3590074586087919,0.4812723964454405,0.33836420391947736,0.35299667508773186,0.5955164564272696,0.29922723407871693,0.33122050350786525,0.3159484924963866,0.4371635257826836,0.47244661140836613,0.5705846847913211,0.5835619999781329,0.5615240938790799,0.6198909289178336,0.7411328014316383,0.4909280180602103,0.5644347214322571,0.5743703842371336,0.3519636818295039
[US] 한국 추종 ETF,0.9932478198837051,0.6135828394052616,1.0,0.5902179295735884,0.7572572078740043,0.9680778852044095,0.9882181211690744,0.9794148317225323,0.8803383881843903,0.8171994513748527,0.5917405537248344,0.2867480445952211,-0.1322608082007747,0.8680813699342153,0.02221356329883765,0.901813370034827,0.9821739412488645,0.9427842321954549,0.07229384410423834,0.9888197743345019,0.8537246369123126,0.4188102651779628,0.879064476930617,0.9148219806328285,0.9078014469143023,0.8851527341698956,0.8511048630282907,0.8163676525526212,0.8190523804486708,0.8190532461574391,0.8864083625639152,0.887092608029406,0.8213599302724475,0.838151948392704,0.8648834503612479,0.8898246008023848,0.9777283261072315,0.7534781652292621,0.97003957774163,0.7892950552356816,0.9215891316580307,0.9353520102979588,0.34506225430085347,0.9835698239269054,0.9852095111590945,0.829096102385149,0.13234568838393462,0.9116608765637648,0.6799141932673014,0.3898762204207245,0.7073054529579312,0.857483747589094,0.9669968801280483,0.11253910949340781,0.5165848550824684,0.6744572153207945,0.8262817490020643,0.7782733222344945,0.930779262918515,0.7375260509447795,0.7152046407392786,0.7384258023282789,0.8607183296120968,0.8473053362702735,0.9495275644533565,0.9447704675047459,0.8681870566993188,0.7630123503008165,0.8060176283968845,0.8721609582097626,0.9235362575614282,0.9652094768564532,0.9489464132866663
[IDX] 항셍,0.6246378013687915,0.4104209068803687,0.5902179295735884,1.0,0.9292031575725475,0.6571506439225883,0.5020342022254455,0.5503737937739124,0.5244543925247294,0.8650949319414776,0.9277709215018487,0.6393461726677903,0.2628393914385181,0.24968394928964743,-0.528116528945259,0.5935004302250915,0.5033907250416613,0.6656536959789764,0.5900414092663423,0.5402530811236974,0.7830410224048799,0.7984908987351912,0.8460768398591503,0.7788979844900953,0.802667287913718,0.8209284450845402,0.8624278940257838,0.831525886002649,0.8545862078372866,0.854581118893699,0.7223228054276408,0.7232879842976816,0.8493411299100534,0.8482113235220049,0.829272737749261,0.7296256697405574,0.5828180930403127,0.8690239553052079,0.513797593749285,0.901056267757534,0.32916210904147025,0.4526918105715495,0.12237421563195514,0.5749038293201204,0.577582485637422,0.7193132045242329,0.5315643545788851,0.7733559526203423,0.8088130561642654,0.38376542054353335,0.8951184597496908,0.8186279459471212,0.6860848930206047,0.6188219668037155,0.806840689956967,0.9118283519922574,0.7240133517580397,0.5920677533982435,0.6810293452753031,0.7922640677388791,0.9058388521596415,0.8307574537605963,0.8464316913883071,0.8698389457751492,0.7410865808448169,0.8039481866853134,0.8606486289186042,0.9156383582367352,0.7910380504726077,0.4143707215089202,0.5739121329004226,0.6797044524185655,0.5554244787991413
[IDX] 상하이종합,0.7904640363633361,0.5742945213215044,0.7572572078740043,0.9292031575725475,1.0,0.7897315381099006,0.6915266588221295,0.7204539962331933,0.7058293522617488,0.9350167305505633,0.8980539559564615,0.6232639206173083,0.2354239378722243,0.43517816692574407,-0.3123630428086442,0.766319511369592,0.6864198022402608,0.7996583181722714,0.5349140740446064,0.724757672957257,0.8836697333660247,0.768816156580969,0.908268730468391,0.8649769241909112,0.8746049929867076,0.8857788270571192,0.9234986620236143,0.8824293707270673,0.8946075154021601,0.8945252969259954,0.8340032727658481,0.8345350294476482,0.8933688459396223,0.9035194872383417,0.8920390795827715,0.8318842875452058,0.7354919890642508,0.883823247071888,0.6748583004440821,0.9334417976820876,0.5445522990491984,0.6226811429544712,0.1691460128346323,0.7269745595736624,0.7439439305175316,0.7902056795076073,0.4000315861635132,0.8992736250790064,0.8249971753401105,0.358006955943263,0.9049203438882245,0.8690054258273099,0.8132037726362602,0.48607791110595344,0.8392425315928582,0.910777083230549,0.7229189974052413,0.6539654144260396,0.8080109466619065,0.7949991179971182,0.8928080214541446,0.8522659441836699,0.9135030145294267,0.9239888356412677,0.8567728355495513,0.8981828214642679,0.9008691004219055,0.9461354404461603,0.8896095789140136,0.5588677846628262,0.706442842938328,0.8334994943100328,0.6924744150833672
[IDX] 대만가권,0.9641142889958388,0.49159596640558634,0.9680778852044095,0.6571506439225883,0.7897315381099006,1.0,0.9468648190565496,0.9592459251556887,0.8307881933132442,0.8036423093261242,0.6020147978743422,0.2602795406723989,-0.2148196096789572,0.8229676623023203,-0.1533965390242054,0.856264058855887,0.9501275523308479,0.9015951414074734,0.024257461089618685,0.9527763036210357,0.8361795089234597,0.4724910998153568,0.9136460016131278,0.9488247277303664,0.9389623743730255,0.9346117195306252,0.873729789118491,0.9021928250713874,0.9031303127092571,0.9030421107246942,0.946600522728902,0.9469390341879517,0.9051304878771121,0.910094031133276,0.9297885215109634,0.9421764251616436,0.982846708096005,0.8448484123740827,0.9650719050477449,0.8385842976245755,0.8608526539231035,0.9346296018519951,0.4009245200231577,0.9749604170027446,0.9670387437468897,0.9120745503518268,0.24069533230295032,0.9284871209034207,0.7972052284646264,0.5474037124109041,0.8062170068642459,0.9243282273986408,0.989767275163591,0.26544123590501717,0.5848477635964118,0.750934470040619,0.8871545289695271,0.8528230926271668,0.9321891214228425,0.8260059351329377,0.8135366484070911,0.8480811165611654,0.9226917089746154,0.906138648391315,0.9617641576982069,0.9630707244245312,0.9023589295811003,0.7954356998414805,0.8014876005679924,0.8702782189823015,0.9277606467912501,0.9825686021597583,0.9541626639516575
[KR] 삼성전자,0.9853785512325968,0.6041530928089861,0.9882181211690744,0.5020342022254455,0.6915266588221295,0.9468648190565496,1.0,0.9827482644322835,0.8914469150016415,0.7573760644440732,0.5125190313426796,0.21358462164441672,-0.19853297609893122,0.9003856900316627,0.08386890327796244,0.9005235099372412,0.9914129258690849,0.922021422995382,-0.0012776789007588063,0.994995402720323,0.8192748933184331,0.3464477105318009,0.8219642764546854,0.8670067136082099,0.855666430844926,0.8316037436857588,0.7884305469193351,0.7572251109527877,0.7551664155087562,0.755065247478324,0.844753865381113,0.8452623090642241,0.7581335591742839,0.7759497435427299,0.8080290315870016,0.8457929859287094,0.9662268253517347,0.680378193323815,0.9680097335733567,0.7199788506016761,0.9395374630739163,0.929902360476336,0.34365949678286195,0.975075985554367,0.9831623607390799,0.785622447224622,0.02269026489259783,0.873593078721852,0.614271192184539,0.34685361012227045,0.62997347230777,0.8055595016727308,0.9405620285403492,0.012675583356433026,0.4518650120378756,0.6135516678820293,0.7846724667369444,0.7534679092868174,0.9013815883994236,0.6775310677535434,0.6401731439590961,0.671678588629415,0.808594789245292,0.792823678691699,0.9232060858950625,0.8988669908592154,0.8083250095531436,0.6982995736693433,0.759866408432224,0.8762570009838161,0.9095151814715469,0.9413620359768519,0.9440875821753681
[KR] SK하이닉스,0.9808625655431223,0.5050028748764135,0.9794148317225323,0.5503737937739124,0.7204539962331933,0.9592459251556887,0.9827482644322835,1.0,0.8444078872301793,0.7536455402399701,0.544679246768363,0.23464822918798106,-0.2265935506964157,0.8835372551835025,-0.034801826683265494,0.8569616176282338,0.9956099920178422,0.8944249611244465,-0.02427438130652921,0.9857376668138306,0.7996318199982689,0.3487534396669895,0.8288848483367766,0.869984611813521,0.8605325169079997,0.8478610953478266,0.7852128495727376,0.8006854950065903,0.7996343818949597,0.7994609131603233,0.8689411447995801,0.8694154651358267,0.8021918137586379,0.8183378215456408,0.8515427369138718,0.8865522708736597,0.9793648305954182,0.7254417217548013,0.980627343916219,0.758890135391976,0.9320448381778976,0.945490621387897,0.3869845197539572,0.9848537658117393,0.9884769293924457,0.8238803178890949,0.07460779669653483,0.8784771745296811,0.6736239706242928,0.3888905964001475,0.6835647440462622,0.8594486800480676,0.9596560217617705,0.12021393298307252,0.5092607548634619,0.6516015670009854,0.8108463412236573,0.7774751114962527,0.8842390318111744,0.722616631760871,0.6984693843765296,0.7249057799671685,0.8530401663785533,0.8309246337664244,0.9321903391625785,0.9131760990567157,0.8229027121058208,0.7053252523515717,0.7338932799269876,0.8478564998294137,0.8876411666204932,0.9468925355150937,0.9709718778947686
[KR] 현대차,0.9140609376731595,0.7911401660077764,0.8803383881843903,0.5244543925247294,0.7058293522617488,0.8307881933132442,0.8914469150016415,0.8444078872301793,1.0,0.7951340187003612,0.5797977642496018,0.24877090587361061,-0.06864517592889437,0.7559934376516759,0.1501040309651819,0.985381499376416,0.8579339043594764,0.8992080071290534,0.26781100942503877,0.8984048633697205,0.890796592608979,0.5581319059861033,0.790447694056275,0.8079458245355059,0.800650561998132,0.7856981421072413,0.7701846104359321,0.6990471868812813,0.7019783664349499,0.7020630450797113,0.7769210799710452,0.7770624007745187,0.703870618312565,0.7178729388676286,0.7315427111269931,0.7497487691751975,0.8327598276231867,0.6631982177628721,0.7842767993269495,0.6953781437957655,0.7538673364561245,0.7232313403012282,0.33453574958093146,0.8168582509374718,0.8609403406894024,0.6795328951432398,-0.037384944652179876,0.8473159371518738,0.5871387351186094,0.2849747677152739,0.6143926306196394,0.7134134856525254,0.8335121750272672,-0.06514570186392671,0.4803840763095098,0.6814256627532345,0.6863232509186962,0.6989298629128564,0.8063120066881243,0.5628248181832173,0.5713737249018084,0.5955577356313783,0.7273850497035517,0.7420545994274969,0.8465305202173457,0.829566187203791,0.7670167583697377,0.7483513426237758,0.8513050621995154,0.7567025067670635,0.8046813083306621,0.8512022786228891,0.7445356318886515
[KR] 두산에너빌리티,0.8466765721910723,0.7267805783389563,0.8171994513748527,0.8650949319414776,0.9350167305505633,0.8036423093261242,0.7573760644440732,0.7536455402399701,0.7951340187003612,1.0,0.9141274625615009,0.5978806277256502,0.2705657548601829,0.497080521139431,-0.18038062130670526,0.844208591483095,0.7352117647642331,0.904832778646356,0.5687500745871967,0.7871790127948874,0.9537069406900675,0.7672904092448091,0.9378230741552706,0.9024413058375576,0.9126136872530192,0.902697122950527,0.9536809229830585,0.840448655953765,0.8647467374482639,0.8646252516486818,0.8181643362977483,0.8191677953766721,0.8622902642342898,0.8813270332014065,0.8752196985986477,0.8189376613949315,0.7693797051456245,0.8605390650281646,0.6970049060933483,0.9259100647517237,0.6024101611349963,0.6522462834643576,0.1731510382337955,0.7618393937415561,0.7826468904538476,0.7535311182561469,0.3753814160645745,0.9102711112477068,0.7713467214025037,0.2922592063619755,0.8555175973629315,0.8475427892880947,0.8354229156593351,0.357758355622149,0.7547831085003448,0.8799211815390782,0.7494556668421191,0.6449758264840351,0.8396464674928766,0.7463213022381474,0.8436876785933527,0.7950186261293053,0.8782657998966846,0.9001294063577413,0.8790936340883603,0.9137422326316684,0.9168166057917772,0.9454814251934622,0.9146121726897197,0.6429149033279642,0.7671797213718697,0.84910529542859,0.7069064467213737
[KR] 현대로템,0.6532511476271493,0.5483955675970918,0.5917405537248344,0.9277709215018487,0.8980539559564615,0.6020147978743422,0.5125190313426796,0.544679246768363,0.5797977642496018,0.9141274625615009,1.0,0.6823800791109544,0.41270616667162935,0.2256514310994114,-0.4170932257807245,0.6415832024360478,0.5063300482890002,0.707400820686457,0.7035305768461474,0.5526201119072394,0.8333653194875141,0.8148359011502442,0.8303287064433174,0.7572591742067473,0.7818106917468084,0.7871192344301048,0.852852413698979,0.766228442015947,0.7966709504036571,0.7963924222891278,0.6783886412044013,0.679463147732563,0.7916426275695111,0.8024771320606946,0.7855668962529663,0.6900007436257599,0.5621301071250395,0.8216565728360884,0.46930443335547983,0.8895886453650769,0.3354020456152027,0.4218385948031422,0.1067455960303235,0.5473603064181565,0.5697466572749325,0.6144723841478849,0.4933098617136149,0.7558394235131621,0.7397456033508903,0.23452710218994782,0.8373322682432154,0.7777306598027104,0.6600353593958728,0.5348975405144183,0.7762046800366554,0.8755007713286023,0.6415211848123501,0.5034568796205892,0.642078881534737,0.7031135858132805,0.8429660269632555,0.7557963076750683,0.7957648642312786,0.832508211234083,0.717463626861854,0.7770218303941606,0.8326959275624728,0.8996371421233249,0.7910314718293028,0.37207432172353727,0.522048198049576,0.6625258098262031,0.5182990835270221
[KR] 네이버,0.33721743797276055,0.3795433368950343,0.2867480445952211,0.6393461726677903,0.6232639206173083,0.2602795406723989,0.21358462164441672,0.23464822918798106,0.24877090587361061,0.5978806277256502,0.6823800791109544,1.0,0.7015028340216838,0.04207028152955356,-0.2055401212403952,0.3379816171608042,0.20942841803422696,0.33838151330030114,0.6417165680476772,0.23436285638612497,0.4588018341980189,0.5434671544063836,0.4652220299371994,0.38493263356656265,0.4125041231471022,0.39679016228404007,0.5286736562001095,0.4685667022919216,0.4595226664893998,0.45928821561222494,0.3770915708659673,0.37740191421840746,0.4602166642357505,0.47963495026889374,0.45886249951328617,0.4009395300051315,0.24240005614257443,0.43939244247646303,0.19602602033190228,0.571738545788542,0.13774533503798184,0.16847731890509896,-0.08118598371545628,0.246077351220005,0.25490177789293367,0.3442055797037428,0.42859958635920437,0.4534640454764568,0.4492857870881999,-0.05792096943469563,0.5295968133263427,0.41499432009288223,0.315268921091162,0.5034161831129718,0.656554587287837,0.5099259127403802,0.22509217221820302,0.17737329462662482,0.35904187895105655,0.4040345221603706,0.5360491423713529,0.46793770870104007,0.5013376982575457,0.5212521635119456,0.33930886396394205,0.4331168892511018,0.4762910540862173,0.5696012537837214,0.5092002503289468,0.025154208809333764,0.1754502405282602,0.3597618990131928,0.22591771138751676
[KR] 카카오,-0.07817777619111974,0.3748967907932498,-0.1322608082007747,0.2628393914385181,0.2354239378722243,-0.2148196096789572,-0.19853297609893122,-0.2265935506964157,-0.06864517592889437,0.2705657548601829,0.41270616667162935,0.7015028340216838,1.0,-0.36972015065215497,0.08257804332765219,0.02369113435614844,-0.2309094056955896,-0.010859586737799406,0.7073914952243655,-0.17919179507887506,0.12008261467785486,0.3428098781521121,0.07341560573257933,-0.019862177031085376,0.022612197699481768,-0.02584886156922178,0.1634846790475285,0.005028259973956857,0.013619439299744546,0.013526013752312214,-0.06999048838931582,-0.06937949765118476,0.012721126562056363,0.03768403414964806,0.006093411777636627,-0.05324720929864924,-0.1936275219915212,0.045435946381913075,-0.2698412201365134,0.17248537526826405,-0.21945192383749704,-0.22371520173500845,-0.16991601436067152,-0.213270111655745,-0.1915581132116137,-0.16379046921447113,0.398045980726567,0.039916927155173955,0.03178674848857218,-0.3693204089620364,0.11178377932210037,-0.04123253550984348,-0.1311690022664727,0.2567467788566143,0.22278995930962264,0.08074463499014294,-0.22094748704926268,-0.2327347241771576,-0.03772246389777356,0.011871201506502681,0.10191311903078852,0.03166495823387367,0.007613005274545261,0.05498223870821883,-0.10253961653268687,-0.0018826772043403059,0.10313171460864379,0.18602592908346874,0.16058349818328524,-0.33794671188772235,-0.2270113969728882,-0.06891194236892846,-0.24806361851608574
[KR] LG전자,0.8393489266156601,0.39207566349679757,0.8680813699342153,0.24968394928964743,0.43517816692574407,0.8229676623023203,0.9003856900316627,0.8835372551835025,0.7559934376516759,0.497080521139431,0.2256514310994114,0.04207028152955356,-0.36972015065215497,1.0,0.1951734634027396,0.7405736393645793,0.9107952555311563,0.7342354320927553,-0.2762970362632212,0.8788434767108851,0.5694460811466546,0.06845870128405938,0.5959774296858392,0.6724444656623673,0.6521447163343108,0.6288713793388422,0.5430894380198624,0.5687983414510825,0.5695982363805054,0.5701060092137606,0.686124381361998,0.6867784973321092,0.5736292912759772,0.5945345257263341,0.6367068251571569,0.7289408780122675,0.8654983647621999,0.4910441404872781,0.8973529007249742,0.498746165906542,0.89811478922055,0.8855175050375079,0.4476320792807372,0.874953221547539,0.8554894533290002,0.6690336126832168,-0.03882327792271342,0.6733731577760532,0.4477220562665676,0.37545096452253873,0.4282844815090383,0.6363282308854571,0.8043633795719041,-0.05380470025366628,0.24441459228378434,0.35350725872574557,0.6358950887960011,0.6436594171525086,0.7121469372471628,0.49674837825850293,0.414838713133962,0.4765140998122348,0.6148225569509578,0.5814367246652782,0.731336156116294,0.7157616278978137,0.5889356971671246,0.42438625380294887,0.5096343342933322,0.819999184902323,0.7905509522352611,0.7838699009202685,0.858555641692789
[KR] KODEX 2차전지산업,0.004125779623873203,0.4198594212858701,0.02221356329883765,-0.528116528945259,-0.3123630428086442,-0.1533965390242054,0.08386890327796244,-0.034801826683265494,0.1501040309651819,-0.18038062130670526,-0.4170932257807245,-0.2055401212403952,0.08257804332765219,0.1951734634027396,1.0,0.1133389812599527,0.03851024325672297,0.008631948516679502,-0.10867462241670804,0.05769764119796272,-0.11460895188408543,-0.3448454486491501,-0.2876513515051345,-0.2272634199354331,-0.24781068963093106,-0.31699749515533404,-0.2545487444542903,-0.4161594772973355,-0.43002800755748166,-0.42980361405960393,-0.24611874273184797,-0.24635638814939098,-0.4242820140065236,-0.38652077999006507,-0.370992041428469,-0.2554857253978862,-0.06980389332499781,-0.46825214805099613,-0.04664465254170609,-0.3878426590875741,0.2149917320039629,0.013499315490640236,-0.048615557188986885,-0.05352062815475751,-0.02465785498603023,-0.3018116815310686,-0.492767208034615,-0.14097773964288754,-0.49474420312615297,-0.37171383810981334,-0.5006545827948601,-0.42180369355611746,-0.16505728051047333,-0.7233391134270274,-0.43256759732205496,-0.5014858429895446,-0.3929399835525732,-0.25134210903875,-0.06957443989061153,-0.43904672494535846,-0.5664865088963859,-0.4950900820520889,-0.3793057975772656,-0.3923071968035197,-0.18676887309713555,-0.20441496508335194,-0.30814354248707776,-0.3447681753478612,-0.114293859252555,0.056308545803586525,-0.030076675867457953,-0.10382933152208672,-0.13375534814963103
[KR] KODEX 자동차,0.9326158838595809,0.8023339886831405,0.901813370034827,0.5935004302250915,0.766319511369592,0.856264058855887,0.9005235099372412,0.8569616176282338,0.985381499376416,0.844208591483095,0.6415832024360478,0.3379816171608042,0.02369113435614844,0.7405736393645793,0.1133389812599527,1.0,0.8666947034959085,0.9168831056890441,0.3172532180867733,0.9076298085647594,0.9126117176095666,0.5965912391537488,0.8420990303589242,0.8500044828067482,0.851381867216158,0.8294854354285808,0.8293986643280125,0.7501212884217748,0.7509676853683687,0.7510120457300117,0.8124175761763992,0.8126907856235555,0.7527316513687413,0.7673777623550532,0.7791578494412987,0.7867075184522477,0.8559843165803199,0.7073633666887643,0.8061490590997386,0.7551221644428048,0.765183967561688,0.7506476659261789,0.323859340734146,0.84051428905781,0.8803738149286743,0.7086998748691828,0.04758420420537703,0.8903343202079127,0.6356016733548939,0.26526863421065205,0.6683389438390342,0.7582528986839053,0.8645852068721659,0.005576841649545195,0.525520943430844,0.7149642447173987,0.7126310906740733,0.7286970082690589,0.8507536537914201,0.625352905726217,0.6417565989348938,0.6609301670848288,0.7822191653303991,0.7978151115633235,0.877038846750329,0.870754344724659,0.8260602473210237,0.800536991350549,0.8890609646561022,0.7475180960573031,0.8179071570447917,0.8906176122193811,0.7734436298991372
[KR] TIGER 200 IT,0.9800683656217593,0.5340404457220331,0.9821739412488645,0.5033907250416613,0.6864198022402608,0.9501275523308479,0.9914129258690849,0.9956099920178422,0.8579339043594764,0.7352117647642331,0.5063300482890002,0.20942841803422696,-0.2309094056955896,0.9107952555311563,0.03851024325672297,0.8666947034959085,1.0,0.8976840519685668,-0.04517286550860762,0.9906957860571419,0.7881376104611569,0.31597747958704586,0.8065924700263128,0.8533912704296145,0.8428577559832539,0.8238237720575161,0.7639468197182656,0.767268976886244,0.7663954740380056,0.766300308262398,0.8501929380942687,0.8507093496425872,0.7694238948037601,0.7877687720009406,0.8226574380287077,0.8674698212198662,0.9762743307534879,0.6899740528897987,0.9791662260775152,0.7260859647473349,0.9480560479065229,0.9478721990500968,0.38977541894297707,0.9827757083054637,0.9858471946535101,0.7980624024634267,0.045989944766967855,0.8629888230404589,0.6373246233170053,0.37141891759630524,0.6423434771582056,0.8275691979848643,0.9481828251907118,0.06593140086935419,0.4630583202513448,0.6086457489143817,0.7861938567051776,0.7585932893260782,0.8762312278882544,0.6857938914892229,0.653055613547183,0.6859928008962229,0.8205614576996587,0.7978695801470914,0.9167546123166801,0.8962359224438075,0.7992827720473711,0.6739826172703391,0.7193582562195684,0.8623089347032055,0.8913673032883721,0.9383694316974189,0.9606200370801707
[KR] TIGER 200 건설,0.9517828187825765,0.7338197939480621,0.9427842321954549,0.6656536959789764,0.7996583181722714,0.9015951414074734,0.922021422995382,0.8944249611244465,0.8992080071290534,0.904832778646356,0.707400820686457,0.33838151330030114,-0.010859586737799406,0.7342354320927553,0.008631948516679502,0.9168831056890441,0.8976840519685668,1.0,0.262396695530908,0.9344865193142047,0.9442453995728891,0.5422037959363866,0.9071547455358667,0.9116085757735484,0.9160265675768223,0.8906478711571908,0.8968005953139926,0.7867691119438374,0.800460267568443,0.8004205463091418,0.835376515875518,0.8362731625354748,0.8010333397315891,0.8180982562084274,0.8341427533387299,0.8221632539891754,0.891977028830724,0.7590854784769612,0.8550854925321915,0.8162269464970313,0.8143771488730854,0.8068182842572046,0.210080846059476,0.9016862879734632,0.9177139988319662,0.7523964727822834,0.13283636066154705,0.8939153898618137,0.689213506193199,0.29399688554838976,0.7164883224383072,0.8252672159294456,0.9047435948913941,0.10299467608985066,0.5526420703520933,0.7537105176262692,0.7984111231740908,0.6740458407685476,0.8954620349340762,0.6774016146006899,0.7219478853568594,0.706854953425811,0.8347223784124145,0.8369714747997653,0.9410520162563136,0.9218277751482152,0.8736075571517743,0.8250343185090798,0.8493495639433093,0.860944525336483,0.9173703745847535,0.9094634582254788,0.8395637167386275
[KR] TIGER 의료기기,0.1737407202348542,0.6186926731666895,0.07229384410423834,0.5900414092663423,0.5349140740446064,0.024257461089618685,-0.0012776789007588063,-0.02427438130652921,0.26781100942503877,0.5687500745871967,0.7035305768461474,0.6417165680476772,0.7073914952243655,-0.2762970362632212,-0.10867462241670804,0.3172532180867733,-0.04517286550860762,0.262396695530908,1.0,0.03969897204811902,0.4864345496794416,0.7832406966537131,0.36935153989574376,0.27015605319997554,0.2866923393378701,0.29284265614561583,0.4475769576856981,0.275979806634645,0.29962947014156915,0.29928468329701635,0.18493278668921895,0.18530361593513928,0.29466658144676144,0.3085520288492618,0.26359925646263027,0.16098748191522327,-0.003755999167100476,0.3611006422508725,-0.11804989264056351,0.455510880037507,-0.17494177394956112,-0.16391882701973934,-0.14883086915957336,-0.030807664331425982,0.02456331762053345,0.11924490718779772,0.3080894326943368,0.3350047575062433,0.2775216587845737,-0.09477818460585052,0.4180558000679974,0.21704949848317825,0.10402851034156485,0.26672924218366606,0.5497605326064119,0.5220675517499223,0.0845591264697215,0.057084616514834347,0.19185649929707757,0.2154144264283611,0.36588046284193615,0.27691211547379246,0.2828689685002329,0.34741012827288426,0.1885270895583541,0.2748934497609757,0.3694505190081225,0.5637262747080959,0.5305697895311188,-0.1522730497859885,0.0004244976963051582,0.14976801996696754,-0.11533844583903727
[KR] TIGER 반도체,0.9915912105023345,0.6278992335522025,0.9888197743345019,0.5402530811236974,0.724757672957257,0.9527763036210357,0.994995402720323,0.9857376668138306,0.8984048633697205,0.7871790127948874,0.5526201119072394,0.23436285638612497,-0.17919179507887506,0.8788434767108851,0.05769764119796272,0.9076298085647594,0.9906957860571419,0.9344865193142047,0.03969897204811902,1.0,0.8435121634353151,0.385586219809558,0.8399530021721223,0.8778395760498394,0.8706183692531927,0.8485891220322604,0.8055839070781191,0.776755700879663,0.780074730031384,0.779921464039516,0.8561084217590953,0.8565950408307095,0.7824136480674839,0.8016604347408797,0.8319504637275458,0.8655501542444456,0.970627467256203,0.712035496653652,0.9624239955201763,0.7508717619300807,0.9326695292765161,0.9257901557201714,0.3676901920639621,0.9740669033149714,0.9839718595564009,0.7970594807916859,0.04793059306572824,0.8909900338805511,0.6500683856271173,0.348789300744179,0.6649810696684809,0.8301414648977772,0.9516720028036123,0.04778048876694242,0.4874119264770958,0.6504762735235801,0.7913737514567687,0.7584181010104225,0.8984348572539979,0.6910670016183967,0.6678898151635227,0.6931559520010692,0.8275404268627924,0.8124430469805921,0.9363034053091227,0.9137135025581109,0.8259244975681489,0.7247215767896357,0.7753855061734296,0.877278927181302,0.9158544121891236,0.9498748559137832,0.9367217924942233
[KR] TIGER 증권,0.8924454844059567,0.7652593462000891,0.8537246369123126,0.7830410224048799,0.8836697333660247,0.8361795089234597,0.8192748933184331,0.7996318199982689,0.890796592608979,0.9537069406900675,0.8333653194875141,0.4588018341980189,0.12008261467785486,0.5694460811466546,-0.11460895188408543,0.9126117176095666,0.7881376104611569,0.9442453995728891,0.4864345496794416,0.8435121634353151,1.0,0.7369379715593565,0.9317630457822734,0.9049981793571638,0.912214612705955,0.9058783209721772,0.9335931231275454,0.8182704359702893,0.8307881911604016,0.8306395869726418,0.8247826914573472,0.8254120101611174,0.8300343609884956,0.8396875403202592,0.8402162202128138,0.7929768408424973,0.7995190936127249,0.8131199633412728,0.7321699035387049,0.8698892638931699,0.6471110215904187,0.6639831690590983,0.15964000545915544,0.7949776017608238,0.8315937052305059,0.7425451965532598,0.17598912858600105,0.8978145720109052,0.725627928711261,0.28126571186806715,0.7898320425015776,0.8248038822988433,0.8480257531984757,0.19279409629652414,0.6808494997944953,0.8703397026715558,0.7728863616075177,0.6648772593021437,0.8560658587848889,0.703070231945378,0.7797565726094255,0.746746660170829,0.8487002088837732,0.870879063964491,0.9093804689104118,0.9057600348330501,0.8920677931671986,0.9159688531794061,0.909967517982662,0.7163411473231426,0.8142066720926109,0.8663275686352421,0.7301556212208344
[KR] TIGER 헬스케어,0.4939279242166531,0.5908188845763407,0.4188102651779628,0.7984908987351912,0.768816156580969,0.4724910998153568,0.3464477105318009,0.3487534396669895,0.5581319059861033,0.7672904092448091,0.8148359011502442,0.5434671544063836,0.3428098781521121,0.06845870128405938,-0.3448454486491501,0.5965912391537488,0.31597747958704586,0.5422037959363866,0.7832406966537131,0.385586219809558,0.7369379715593565,1.0,0.7131650722943385,0.6547116066032604,0.6496205013785339,0.6780816900594603,0.7365737600805831,0.7029256078647754,0.7088549038797881,0.7085854069961163,0.6134758112486463,0.6135923534538807,0.7052625204654561,0.69050590031804,0.6529498224098785,0.5520972585670879,0.39420855267397953,0.7451465010562994,0.27862402506653877,0.7458900108179707,0.10235268344473118,0.21244928456610704,0.12178201798715041,0.34752361899751516,0.38997616107083194,0.5546883890552783,0.40077337554553655,0.6655888776999517,0.6671785894214454,0.3843974765876749,0.7668086502855153,0.6173887816089297,0.5070864299345408,0.43415708783511614,0.713665785495131,0.8415532920987893,0.5523204913702806,0.5646594410864301,0.5466405164881825,0.6403050921591724,0.7288830591514242,0.6853973266852895,0.6580214261946872,0.7094161801741458,0.5669329981806379,0.6304040839164542,0.710913178100725,0.8407235100642538,0.7871385639878566,0.21621187084944876,0.37319132292489066,0.5429514685248706,0.2748989011967907
[KR] TIGER 은행,0.8873788313995188,0.5885258531726201,0.879064476930617,0.8460768398591503,0.908268730468391,0.9136460016131278,0.8219642764546854,0.8288848483367766,0.790447694056275,0.9378230741552706,0.8303287064433174,0.4652220299371994,0.07341560573257933,0.5959774296858392,-0.2876513515051345,0.8420990303589242,0.8065924700263128,0.9071547455358667,0.36935153989574376,0.8399530021721223,0.9317630457822734,0.7131650722943385,1.0,0.9873557798047223,0.9925711808555568,0.9908141165563071,0.9890196894380029,0.9338853436073175,0.9433556302948136,0.9432874306638208,0.916472607993899,0.9172887593619827,0.9423968932725018,0.9421489087355891,0.9424236670197116,0.8883416531934327,0.8647981141017995,0.9231167511891921,0.8119610817038531,0.933042718530037,0.6586128913376861,0.7641865794200815,0.22975661365990327,0.8547262184423123,0.8592872826695527,0.8617508910833732,0.3921237024729602,0.9331633924485372,0.8300034285389103,0.4727981461958153,0.8971141857120639,0.9296401002542689,0.920901913564918,0.38796752508875915,0.7075560183597428,0.8907425843680706,0.8863631503850503,0.7920350315960449,0.9201282772276977,0.8658407493913804,0.916735996015213,0.8990368158952122,0.9448004727885125,0.9582513841264882,0.940676616027114,0.96755692383064,0.9734133659528722,0.9385326037330556,0.8905805123315211,0.7326627962321282,0.8453901830181647,0.9270353983208313,0.8240504528283775
[KR] 신한지주,0.9152217697303369,0.5673916438156615,0.9148219806328285,0.7788979844900953,0.8649769241909112,0.9488247277303664,0.8670067136082099,0.869984611813521,0.8079458245355059,0.9024413058375576,0.7572591742067473,0.38493263356656265,-0.019862177031085376,0.6724444656623673,-0.2272634199354331,0.8500044828067482,0.8533912704296145,0.9116085757735484,0.27015605319997554,0.8778395760498394,0.9049981793571638,0.6547116066032604,0.9873557798047223,1.0,0.990298176925414,0.9892124994448815,0.9666183521077557,0.9335836616793833,0.9385749011724954,0.9385144390835941,0.940507768814398,0.9412451179146915,0.938498275431418,0.9384015004848081,0.9428520158657137,0.9079827682041324,0.9074593296276944,0.909033969949367,0.863895046865055,0.9061314993442009,0.7195048337306926,0.8270530319606142,0.2728715809817124,0.8974460513839778,0.8970692899080078,0.8940640505958874,0.35796198060041695,0.9421949187911328,0.8094824481388074,0.5363180718892389,0.8734219392532667,0.9267685835742066,0.9491830645534314,0.3385592477692544,0.6648646023445849,0.8448986780382062,0.9027607333430853,0.8339742959337313,0.9456932887894665,0.8725654215426613,0.8885202244320987,0.893035823131998,0.9409666984508018,0.9469084584035148,0.9506957997881452,0.9752244671651263,0.9621407556348692,0.9013192906003801,0.8730131078801642,0.7770812537957322,0.8735631662703773,0.9543977112050547,0.8699897874236618
[KR] 하나금융지주,0.9089035429571382,0.5762555501120232,0.9078014469143023,0.802667287913718,0.8746049929867076,0.9389623743730255,0.855666430844926,0.8605325169079997,0.800650561998132,0.9126136872530192,0.7818106917468084,0.4125041231471022,0.022612197699481768,0.6521447163343108,-0.24781068963093106,0.851381867216158,0.8428577559832539,0.9160265675768223,0.2866923393378701,0.8706183692531927,0.912214612705955,0.6496205013785339,0.9925711808555568,0.990298176925414,1.0,0.9893106978470444,0.9726944810900481,0.9278252931470236,0.9373240971637317,0.937287585471512,0.9251704326214129,0.9259842647836066,0.9367048669817583,0.9373164027162673,0.9427345775568273,0.902883618718751,0.9003675653297161,0.9103548315013115,0.8545315015293872,0.9130711373057414,0.712451432232697,0.8161845643156321,0.2787912633836826,0.8901945607885011,0.8886903347815327,0.8661276093179855,0.38028078806345283,0.933742479745505,0.8251017921509136,0.48417602309614777,0.8746758538051846,0.9333853898091184,0.9440922158765356,0.35493744026530516,0.6519183230350017,0.8493082108229657,0.8980528789802382,0.8152132179589553,0.9291304807525531,0.8635353521974133,0.8981948725053165,0.892420389069954,0.938767187862101,0.947451376906837,0.9496595021899437,0.9729586797544049,0.97030048386517,0.9052737306351013,0.8692909253591573,0.7768117934374915,0.8763229820142953,0.9472076549761069,0.8617246714507765
[KR] KB금융,0.8901951747624645,0.5265430682599017,0.8851527341698956,0.8209284450845402,0.8857788270571192,0.9346117195306252,0.8316037436857588,0.8478610953478266,0.7856981421072413,0.902697122950527,0.7871192344301048,0.39679016228404007,-0.02584886156922178,0.6288713793388422,-0.31699749515533404,0.8294854354285808,0.8238237720575161,0.8906478711571908,0.29284265614561583,0.8485891220322604,0.9058783209721772,0.6780816900594603,0.9908141165563071,0.9892124994448815,0.9893106978470444,1.0,0.9648951405443721,0.9460575405368268,0.9554617135817496,0.9554195015533532,0.936260931763411,0.9369300034010437,0.954823555869882,0.9520825859263052,0.9543386202459976,0.9094709078196953,0.8879372537354774,0.9347071909277584,0.8383324540920842,0.9240514478708097,0.6729638263435481,0.7926910062903877,0.2823562033407079,0.8735883022224016,0.8750493936007707,0.8900226733752551,0.3851538806461473,0.9332540027794639,0.8468320461658392,0.5362267044594067,0.9033584456811179,0.945991192162821,0.9393475051238848,0.3974293095699076,0.70062900685834,0.883944957935701,0.9019999026920448,0.8279541199884045,0.9125413557919714,0.8701421811437192,0.9186456990351789,0.9164703592750649,0.9543130099732219,0.9609120932302895,0.9424896420924468,0.9683761464675563,0.9640197852536256,0.9147227523308041,0.8677074021376714,0.7516044167341047,0.8545498743858823,0.9363729155515749,0.8507768352949358
[KR] 우리금융지주,0.8583256444181726,0.6326701708565492,0.8511048630282907,0.8624278940257838,0.9234986620236143,0.873729789118491,0.7884305469193351,0.7852128495727376,0.7701846104359321,0.9536809229830585,0.852852413698979,0.5286736562001095,0.1634846790475285,0.5430894380198624,-0.2545487444542903,0.8293986643280125,0.7639468197182656,0.8968005953139926,0.4475769576856981,0.8055839070781191,0.9335931231275454,0.7365737600805831,0.9890196894380029,0.9666183521077557,0.9726944810900481,0.9648951405443721,1.0,0.9055108866274625,0.9140319470131185,0.9139374589313475,0.8806427715229848,0.8814861248229864,0.912854947465648,0.9157827499926751,0.9117779274228319,0.8487537736187242,0.8180023796122716,0.8948241933359331,0.766513609459681,0.9253541367849798,0.6237453133201887,0.7150965509823504,0.1464515244578821,0.8156459024155703,0.8220112808802207,0.8312664363687663,0.3937938009860381,0.9215446925540214,0.7922806725640715,0.4143600567823545,0.8801175317122312,0.8897758909899277,0.8803224453353283,0.3761396672671545,0.7246675960141098,0.8856455250817112,0.8467165137217639,0.7380087912615308,0.9168991037329766,0.8462331934482662,0.8988719006538225,0.8671520458950737,0.9205498955802682,0.938971300136646,0.9168723661893214,0.9480625551544979,0.9599804982314802,0.9509333666009686,0.9071443506392164,0.6903861362237738,0.8164302738155432,0.8964463074189755,0.7771027349981491
[IDX] 다우 존스,0.8251265062033669,0.40385368069260497,0.8163676525526212,0.831525886002649,0.8824293707270673,0.9021928250713874,0.7572251109527877,0.8006854950065903,0.6990471868812813,0.840448655953765,0.766228442015947,0.4685667022919216,0.005028259973956857,0.5687983414510825,-0.4161594772973355,0.7501212884217748,0.767268976886244,0.7867691119438374,0.275979806634645,0.776755700879663,0.8182704359702893,0.7029256078647754,0.9338853436073175,0.9335836616793833,0.9278252931470236,0.9460575405368268,0.9055108866274625,1.0,0.9902479481169923,0.9901569609835161,0.9699764370741237,0.9701337307258264,0.9918484028214811,0.980189990819722,0.9766336603367186,0.9408573742697097,0.8545953548245071,0.952522231898824,0.793630680164567,0.9337701597688475,0.61941859647626,0.7596978765593866,0.36318804430853757,0.8256100174738409,0.8206642353271439,0.9248340676390525,0.4772565254877971,0.9137252366292855,0.9208389704870753,0.6182321323145546,0.9525269404986275,0.96563979116089,0.9130285965232633,0.5625719611856437,0.770768084297496,0.8944364505574435,0.8726714597963369,0.8471002523215337,0.8562449580517859,0.9119906003220364,0.9613324408452655,0.9760475711005367,0.9774630375244097,0.9768581073760635,0.896049825970772,0.9368556694465113,0.9452187171589729,0.8876157859693238,0.8277438426304989,0.6440183494390406,0.758850653581933,0.9096193999949684,0.8118937792940807
[IDX] S&P 500,0.8263931711264938,0.42159567302749723,0.8190523804486708,0.8545862078372866,0.8946075154021601,0.9031303127092571,0.7551664155087562,0.7996343818949597,0.7019783664349499,0.8647467374482639,0.7966709504036571,0.4595226664893998,0.013619439299744546,0.5695982363805054,-0.43002800755748166,0.7509676853683687,0.7663954740380056,0.800460267568443,0.29962947014156915,0.780074730031384,0.8307881911604016,0.7088549038797881,0.9433556302948136,0.9385749011724954,0.9373240971637317,0.9554617135817496,0.9140319470131185,0.9902479481169923,1.0,0.9999778421388147,0.9582821909355425,0.9586682919702658,0.9997691178192202,0.9957340765946899,0.9917559474620513,0.9560276692471186,0.8586658288358356,0.9802043738989428,0.7905067811926091,0.9577502571315668,0.6162229794624762,0.7630426152957045,0.4016043501800294,0.8256721849616623,0.8167626547391356,0.9252951711107832,0.5281975822812722,0.9212268325189737,0.938373071772324,0.6167542609768093,0.9748307857303884,0.980457936785909,0.9217088505264319,0.5880757480313141,0.7809396553861417,0.904908637609828,0.8713584742375174,0.8360490984385274,0.8411379798869866,0.9058561799728915,0.9683745265227086,0.9728286859225591,0.9762435928706976,0.9777224865014558,0.8986764481464438,0.945850062902707,0.9527637824514689,0.8970328677666372,0.8275664882035695,0.6638234965779393,0.7745784315727007,0.908395949006442,0.8070110905488166
[US] S&P500,0.8263233975201592,0.4213413637479359,0.8190532461574391,0.854581118893699,0.8945252969259954,0.9030421107246942,0.755065247478324,0.7994609131603233,0.7020630450797113,0.8646252516486818,0.7963924222891278,0.45928821561222494,0.013526013752312214,0.5701060092137606,-0.42980361405960393,0.7510120457300117,0.766300308262398,0.8004205463091418,0.29928468329701635,0.779921464039516,0.8306395869726418,0.7085854069961163,0.9432874306638208,0.9385144390835941,0.937287585471512,0.9554195015533532,0.9139374589313475,0.9901569609835161,0.9999778421388147,1.0,0.958211716161997,0.9586217824276465,0.9997704928713663,0.9957100924336719,0.99173481325884,0.956060497161782,0.8585591449679763,0.9802416921800751,0.7904449396636062,0.9576942060934812,0.6159707690484172,0.7629017241523806,0.40226724749984344,0.825627389398235,0.8166368348629441,0.9253797416104784,0.5285934196482891,0.9211325798204721,0.93834824273846,0.6171199477397336,0.9747951089405761,0.9803512133837525,0.9216050816580488,0.5882738204756168,0.7806476118909571,0.904788888057274,0.8716018710033069,0.8360745536469567,0.8410668043049168,0.9057185465983474,0.9681567975023267,0.9727113250319885,0.9760603462611698,0.9775797180001748,0.898532527353226,0.9458128048235122,0.9528521046800945,0.8968960452340573,0.8273759066980098,0.6638684133183579,0.7745406134518343,0.90824391811164,0.8068515796689826
[IDX] 러셀 2000,0.887898747418105,0.46759165424689514,0.8864083625639152,0.7223228054276408,0.8340032727658481,0.946600522728902,0.844753865381113,0.8689411447995801,0.7769210799710452,0.8181643362977483,0.6783886412044013,0.3770915708659673,-0.06999048838931582,0.686124381361998,-0.24611874273184797,0.8124175761763992,0.8501929380942687,0.835376515875518,0.18493278668921895,0.8561084217590953,0.8247826914573472,0.6134758112486463,0.916472607993899,0.940507768814398,0.9251704326214129,0.936260931763411,0.8806427715229848,0.9699764370741237,0.9582821909355425,0.958211716161997,1.0,0.9999728660465103,0.9626474302789049,0.9574678713711307,0.9603350193713153,0.9588524502635253,0.9215272219677013,0.9081305122702814,0.8647442048406159,0.8930776894975415,0.7354769530616632,0.8420094415434898,0.4114587376481363,0.8917733853209546,0.8912638573303354,0.9275141526179127,0.37323258479556437,0.9337347827144504,0.8717284694928972,0.6177648803102997,0.8921153250799498,0.9449099165934012,0.9535199123141508,0.4267919735870311,0.7056207092906419,0.8200560148547952,0.8430572536658723,0.8494755119489802,0.8872322960784531,0.8610782849395955,0.8866827945234644,0.932733976076628,0.957414569720383,0.9489825614997099,0.9170641555913591,0.9480671419794593,0.9203942493921615,0.8317887084896409,0.8232657732598873,0.7324413709452096,0.8174246038079152,0.9515552924880478,0.8667998913447104
[US] 러셀,0.8885265315156624,0.4678670508551245,0.887092608029406,0.7232879842976816,0.8345350294476482,0.9469390341879517,0.8452623090642241,0.8694154651358267,0.7770624007745187,0.8191677953766721,0.679463147732563,0.37740191421840746,-0.06937949765118476,0.6867784973321092,-0.24635638814939098,0.8126907856235555,0.8507093496425872,0.8362731625354748,0.18530361593513928,0.8565950408307095,0.8254120101611174,0.6135923534538807,0.9172887593619827,0.9412451179146915,0.9259842647836066,0.9369300034010437,0.8814861248229864,0.9701337307258264,0.9586682919702658,0.9586217824276465,0.9999728660465103,1.0,0.963012657525843,0.9578706449256217,0.960806864133826,0.9591047750098853,0.9218830809126886,0.9086434962443892,0.8652432941646775,0.8937545125846765,0.7358166223345765,0.8424812651428852,0.41136883704394706,0.8923362411511628,0.8916384271543809,0.9276389248185322,0.3743195627605713,0.9340421115972015,0.8717390969371465,0.6175251610120731,0.8923953374890417,0.9454452209232925,0.9539475665972112,0.427160673287533,0.7052323688089944,0.8203723644001429,0.8443793993106623,0.8496855392335783,0.8879626246657288,0.8617530845411686,0.8871902885441835,0.9329383142301156,0.9577090760696066,0.9493810691724407,0.9177144050029259,0.9488291999054357,0.9215114632134774,0.8325629153221411,0.8234942164921321,0.7329037343261823,0.8179900477474171,0.951902380844315,0.8673792541208447
[US] 미국 전체,0.8285164926026631,0.42164532152081424,0.8213599302724475,0.8493411299100534,0.8933688459396223,0.9051304878771121,0.7581335591742839,0.8021918137586379,0.703870618312565,0.8622902642342898,0.7916426275695111,0.4602166642357505,0.012721126562056363,0.5736292912759772,-0.4242820140065236,0.7527316513687413,0.7694238948037601,0.8010333397315891,0.29466658144676144,0.7824136480674839,0.8300343609884956,0.7052625204654561,0.9423968932725018,0.938498275431418,0.9367048669817583,0.954823555869882,0.912854947465648,0.9918484028214811,0.9997691178192202,0.9997704928713663,0.9626474302789049,0.963012657525843,1.0,0.9954551459435507,0.9916563909567649,0.9574617523230539,0.8613023771660571,0.97764569471709,0.7935535609564838,0.9557384426514454,0.6207690243579175,0.7660902054908322,0.401416860774305,0.8283021038137954,0.8197367493053308,0.925807427211513,0.5234019297238327,0.9215463930629149,0.9381404973137042,0.6175658432163066,0.9728707315015754,0.9803322134908008,0.9230884004761262,0.5863369366800982,0.7811083533500696,0.9023516648686409,0.8687893412452958,0.8353577829056605,0.8429314590832693,0.9044986265377679,0.9669510781961165,0.9736888667165886,0.9772568446574069,0.9779736069359893,0.8991914858404265,0.9459026246051273,0.9516420723793368,0.8940280552899317,0.8267776994740019,0.6654815556078547,0.7754650076504997,0.9106168214521853,0.809345952116218
[IDX] NASDAQ,0.8460387153941944,0.4540042124223897,0.838151948392704,0.8482113235220049,0.9035194872383417,0.910094031133276,0.7759497435427299,0.8183378215456408,0.7178729388676286,0.8813270332014065,0.8024771320606946,0.47963495026889374,0.03768403414964806,0.5945345257263341,-0.38652077999006507,0.7673777623550532,0.7877687720009406,0.8180982562084274,0.3085520288492618,0.8016604347408797,0.8396875403202592,0.69050590031804,0.9421489087355891,0.9384015004848081,0.9373164027162673,0.9520825859263052,0.9157827499926751,0.980189990819722,0.9957340765946899,0.9957100924336719,0.9574678713711307,0.9578706449256217,0.9954551459435507,1.0,0.9972488995726901,0.9711327235115814,0.8745989538635264,0.9761009535069844,0.8053536281618258,0.9680601885863022,0.6502640156777775,0.7845520815204815,0.41579598606123014,0.8421072276188801,0.8334896152138725,0.9279681616606615,0.5290648605510124,0.9378314306872719,0.9359914240328804,0.5839163054322652,0.9744131261110928,0.9810048805084037,0.9336884062566896,0.5785924803783637,0.7956163920278114,0.8931077979722356,0.8483905836905018,0.8192613561807239,0.8438146029768466,0.8879394018606575,0.9569534435742814,0.9607766859827435,0.9781097753990046,0.9774457169761152,0.9048083885051043,0.954066529798277,0.9496531190955384,0.8931684673221101,0.8327109397485439,0.6784109562129691,0.7863747227006687,0.9200263751706169,0.8199944901908635
[US] 나스닥,0.8714489691330229,0.45010022270580824,0.8648834503612479,0.829272737749261,0.8920390795827715,0.9297885215109634,0.8080290315870016,0.8515427369138718,0.7315427111269931,0.8752196985986477,0.7855668962529663,0.45886249951328617,0.006093411777636627,0.6367068251571569,-0.370992041428469,0.7791578494412987,0.8226574380287077,0.8341427533387299,0.26359925646263027,0.8319504637275458,0.8402162202128138,0.6529498224098785,0.9424236670197116,0.9428520158657137,0.9427345775568273,0.9543386202459976,0.9117779274228319,0.9766336603367186,0.9917559474620513,0.99173481325884,0.9603350193713153,0.960806864133826,0.9916563909567649,0.9972488995726901,1.0,0.9801898064390118,0.9018051855710546,0.9654689371262006,0.8402202731031473,0.9602032233611829,0.6930860461611288,0.819795683622245,0.4291713619562272,0.8724051075278657,0.8621620023626234,0.9290416663721929,0.5015345317715698,0.9385343478969691,0.9254781041312935,0.5728617181357031,0.9581734519947257,0.98932569289274,0.9524226600567306,0.5537021452882632,0.7694477499130955,0.8770331313050372,0.8636630816473952,0.8277121268272618,0.8561091951821621,0.887636311472214,0.9473486808371366,0.9517338113918895,0.9796650766454462,0.975718401870179,0.9193244705266749,0.9632332472957273,0.9516421300812334,0.8805372096371468,0.8228404922881479,0.7070632796451927,0.8081813559720608,0.9356227505142137,0.8532067526759359
[US] 나스닥 레버리지,0.8900287342705531,0.44687198443029685,0.8898246008023848,0.7296256697405574,0.8318842875452058,0.9421764251616436,0.8457929859287094,0.8865522708736597,0.7497487691751975,0.8189376613949315,0.6900007436257599,0.4009395300051315,-0.05324720929864924,0.7289408780122675,-0.2554857253978862,0.7867075184522477,0.8674698212198662,0.8221632539891754,0.16098748191522327,0.8655501542444456,0.7929768408424973,0.5520972585670879,0.8883416531934327,0.9079827682041324,0.902883618718751,0.9094709078196953,0.8487537736187242,0.9408573742697097,0.9560276692471186,0.956060497161782,0.9588524502635253,0.9591047750098853,0.9574617523230539,0.9711327235115814,0.9801898064390118,1.0,0.9370804662907374,0.9196036490104118,0.8793472580825773,0.9131758218570618,0.77046547911162,0.8785475862179363,0.5250511691793706,0.9019124114415873,0.8878960304130643,0.9266110847619636,0.4565356055846796,0.9283036116232318,0.8961198355055339,0.5813675161143935,0.9083925561043541,0.9658436056623914,0.9653406319116147,0.49936576265734944,0.7186119842282725,0.7916524022191216,0.8129566177743792,0.8228494125536062,0.8328301255015538,0.835320772522502,0.8763050729839125,0.9048408620556059,0.9472568225568275,0.9329440888338485,0.898691411486435,0.9452274046350916,0.9012382040205242,0.7973433786708966,0.7741332266619517,0.7369652073977545,0.8128304141900575,0.9431196435717,0.8783474386663285
[US] 미국 반도체,0.9716770228642596,0.5064559003355944,0.9777283261072315,0.5828180930403127,0.7354919890642508,0.982846708096005,0.9662268253517347,0.9793648305954182,0.8327598276231867,0.7693797051456245,0.5621301071250395,0.24240005614257443,-0.1936275219915212,0.8654983647621999,-0.06980389332499781,0.8559843165803199,0.9762743307534879,0.891977028830724,-0.003755999167100476,0.970627467256203,0.7995190936127249,0.39420855267397953,0.8647981141017995,0.9074593296276944,0.9003675653297161,0.8879372537354774,0.8180023796122716,0.8545953548245071,0.8586658288358356,0.8585591449679763,0.9215272219677013,0.9218830809126886,0.8613023771660571,0.8745989538635264,0.9018051855710546,0.9370804662907374,1.0,0.7958229580481103,0.9796778821562709,0.8046245848018861,0.9146081995646917,0.965437340375369,0.4635473689635626,0.9871365741691787,0.9811979277099119,0.8670588620856594,0.20889720493894268,0.906007028967901,0.7461556136706977,0.4793738637982125,0.7491125836334505,0.9022381036160417,0.9886607275243219,0.20903910632059272,0.5232581885172185,0.6751973994474983,0.8346889703966085,0.8263634233333185,0.8959623149146205,0.7703213437515712,0.7527247228491447,0.7947381720932676,0.8847077329181905,0.8649084389884736,0.9345208292131457,0.9390138509599391,0.8660156115306307,0.7271708270303521,0.7536794299971502,0.858106932696503,0.9017814736117621,0.9728881388124676,0.9656152341355896
[US] 엔비디아,0.7621487381728476,0.41352955437421546,0.7534781652292621,0.8690239553052079,0.883823247071888,0.8448484123740827,0.680378193323815,0.7254417217548013,0.6631982177628721,0.8605390650281646,0.8216565728360884,0.43939244247646303,0.045435946381913075,0.4910441404872781,-0.46825214805099613,0.7073633666887643,0.6899740528897987,0.7590854784769612,0.3611006422508725,0.712035496653652,0.8131199633412728,0.7451465010562994,0.9231167511891921,0.909033969949367,0.9103548315013115,0.9347071909277584,0.8948241933359331,0.952522231898824,0.9802043738989428,0.9802416921800751,0.9081305122702814,0.9086434962443892,0.97764569471709,0.9761009535069844,0.9654689371262006,0.9196036490104118,0.7958229580481103,1.0,0.7112936844465979,0.9486322250115689,0.5207832990956687,0.6891219370247401,0.41319861040731304,0.7522092980680205,0.7438093771936201,0.8796429413329213,0.5931247533224637,0.8795404504523006,0.9280006596437874,0.6272175298657457,0.977940827009439,0.9527608751928142,0.8736220419742287,0.619383475006929,0.7710134678548276,0.9046229354616797,0.8302407707725197,0.7912674315106628,0.7754904185553402,0.8696073474784636,0.9550885804173362,0.9495425032178048,0.9352755851230605,0.9459587155221486,0.8454633193541996,0.9071978534840923,0.9239848859855941,0.8875271252193965,0.8033757788547384,0.6131438217406158,0.7234997394072151,0.8522966325957276,0.7288409265510413
[US] 마이크론,0.9556691566702729,0.43304988159746416,0.97003957774163,0.513797593749285,0.6748583004440821,0.9650719050477449,0.9680097335733567,0.980627343916219,0.7842767993269495,0.6970049060933483,0.46930443335547983,0.19602602033190228,-0.2698412201365134,0.8973529007249742,-0.04664465254170609,0.8061490590997386,0.9791662260775152,0.8550854925321915,-0.11804989264056351,0.9624239955201763,0.7321699035387049,0.27862402506653877,0.8119610817038531,0.863895046865055,0.8545315015293872,0.8383324540920842,0.766513609459681,0.793630680164567,0.7905067811926091,0.7904449396636062,0.8647442048406159,0.8652432941646775,0.7935535609564838,0.8053536281618258,0.8402202731031473,0.8793472580825773,0.9796778821562709,0.7112936844465979,1.0,0.7224525835609781,0.9353247053273627,0.9710058527072827,0.38579768453978974,0.9888442234959363,0.9740711542584869,0.8321530329908368,0.1244999514799782,0.8520390570611617,0.6592973116206746,0.44244882876837255,0.66428930476395,0.8455068860648778,0.9540878230898306,0.13769979694818052,0.45214929472602206,0.5950821414391572,0.8232598043192995,0.7945301355218922,0.8923851755912714,0.7377302732961724,0.6894747152910778,0.7291186493054391,0.8363876804251725,0.8078549806636172,0.907887765041354,0.896911584833416,0.8092219492971633,0.6661942888234984,0.6992892904624398,0.867594650847467,0.903349340249543,0.9402088682678819,0.9814333015264673
[US] 브로드컴,0.8139261167420263,0.5079288745094547,0.7892950552356816,0.901056267757534,0.9334417976820876,0.8385842976245755,0.7199788506016761,0.758890135391976,0.6953781437957655,0.9259100647517237,0.8895886453650769,0.571738545788542,0.17248537526826405,0.498746165906542,-0.3878426590875741,0.7551221644428048,0.7260859647473349,0.8162269464970313,0.455510880037507,0.7508717619300807,0.8698892638931699,0.7458900108179707,0.933042718530037,0.9061314993442009,0.9130711373057414,0.9240514478708097,0.9253541367849798,0.9337701597688475,0.9577502571315668,0.9576942060934812,0.8930776894975415,0.8937545125846765,0.9557384426514454,0.9680601885863022,0.9602032233611829,0.9131758218570618,0.8046245848018861,0.9486322250115689,0.7224525835609781,1.0,0.5821711252143641,0.6943559224299868,0.31035447934439564,0.7809360130426664,0.7846375073491966,0.8625302423641582,0.5196956042893687,0.9244719615013833,0.9024949548502288,0.44818321695454993,0.9605828387994657,0.9422596001304764,0.8768589525030273,0.5677152379720907,0.8286423386206435,0.9166781605121038,0.7920402717008704,0.7291142849989205,0.8083260270407954,0.8464360953288297,0.9457651195344685,0.9187234356192402,0.9535086595483212,0.9627070196375057,0.8812654037632561,0.9264257713220172,0.9372278145181843,0.9233959024037252,0.8415092858167228,0.6125245274268883,0.7355333102702301,0.8710964197445371,0.7529035298120823
[US] 인텔,0.8982487628053963,0.49838962996209313,0.9215891316580307,0.32916210904147025,0.5445522990491984,0.8608526539231035,0.9395374630739163,0.9320448381778976,0.7538673364561245,0.6024101611349963,0.3354020456152027,0.13774533503798184,-0.21945192383749704,0.89811478922055,0.2149917320039629,0.765183967561688,0.9480560479065229,0.8143771488730854,-0.17494177394956112,0.9326695292765161,0.6471110215904187,0.10235268344473118,0.6586128913376861,0.7195048337306926,0.712451432232697,0.6729638263435481,0.6237453133201887,0.61941859647626,0.6162229794624762,0.6159707690484172,0.7354769530616632,0.7358166223345765,0.6207690243579175,0.6502640156777775,0.6930860461611288,0.77046547911162,0.9146081995646917,0.5207832990956687,0.9353247053273627,0.5821711252143641,1.0,0.94349882143439,0.36732735822894574,0.9320167732120948,0.9217733949703256,0.6843774846268785,-0.02680410187803707,0.7560566615485215,0.49849461666062855,0.2316008410890823,0.4787170401926402,0.6934516961942616,0.8568506826510948,-0.03878456337207809,0.3141938343331882,0.4114315855062946,0.645601332905045,0.6230519023802203,0.7919839874362582,0.5497334555724391,0.4876935949126452,0.5316416769042731,0.6834831353876487,0.644147432400394,0.8122625679428601,0.7796637486674819,0.661675059713744,0.5029129246510856,0.583505806687498,0.8426460399067768,0.8410245809299098,0.8474627419561267,0.904925684188966
[US] AMD,0.9172360829155267,0.402360275642549,0.9353520102979588,0.4526918105715495,0.6226811429544712,0.9346296018519951,0.929902360476336,0.945490621387897,0.7232313403012282,0.6522462834643576,0.4218385948031422,0.16847731890509896,-0.22371520173500845,0.8855175050375079,0.013499315490640236,0.7506476659261789,0.9478721990500968,0.8068182842572046,-0.16391882701973934,0.9257901557201714,0.6639831690590983,0.21244928456610704,0.7641865794200815,0.8270530319606142,0.8161845643156321,0.7926910062903877,0.7150965509823504,0.7596978765593866,0.7630426152957045,0.7629017241523806,0.8420094415434898,0.8424812651428852,0.7660902054908322,0.7845520815204815,0.819795683622245,0.8785475862179363,0.965437340375369,0.6891219370247401,0.9710058527072827,0.6943559224299868,0.94349882143439,1.0,0.4636790322938513,0.9609351863781875,0.9351119067609736,0.8081140870509741,0.2045262943437292,0.8151493871152976,0.6466393415864432,0.44932130025130695,0.6391523428410059,0.8202054350067441,0.9320358158367089,0.17574265651442503,0.3965383728148502,0.5116558756519052,0.7648796149070408,0.7632024595372672,0.8438921874806751,0.7172293826709898,0.6483645581130979,0.6987615063537759,0.7912178736955389,0.7572792950597299,0.854197656491672,0.8584793654871846,0.7701103505936169,0.5886230220227018,0.6216417778827901,0.842293278450111,0.8629514225903734,0.9168976987788425,0.9581295768128891
[US] 퀄컴,0.3263251749233661,0.1139459688723368,0.34506225430085347,0.12237421563195514,0.1691460128346323,0.4009245200231577,0.34365949678286195,0.3869845197539572,0.33453574958093146,0.1731510382337955,0.1067455960303235,-0.08118598371545628,-0.16991601436067152,0.4476320792807372,-0.048615557188986885,0.323859340734146,0.38977541894297707,0.210080846059476,-0.14883086915957336,0.3676901920639621,0.15964000545915544,0.12178201798715041,0.22975661365990327,0.2728715809817124,0.2787912633836826,0.2823562033407079,0.1464515244578821,0.36318804430853757,0.4016043501800294,0.40226724749984344,0.4114587376481363,0.41136883704394706,0.401416860774305,0.41579598606123014,0.4291713619562272,0.5250511691793706,0.4635473689635626,0.41319861040731304,0.38579768453978974,0.31035447934439564,0.36732735822894574,0.4636790322938513,1.0,0.36063211818011903,0.3442913136772993,0.3827889873624977,0.34105044203649587,0.349132580583484,0.4495450753107433,0.4401969457952071,0.37026404319827294,0.43635855744234436,0.44528114803148544,0.2783802429295608,0.11849018329279828,0.17435067339403817,0.27076816062259323,0.4918823945068936,0.1479659753543554,0.2842009706564888,0.28095063656565594,0.375736405387163,0.3223968339491377,0.3121632116264225,0.2688921331802032,0.3422539236287213,0.31542540624582927,0.14033206183391847,0.16918831419787334,0.28085660830918197,0.254219967688762,0.38215966551190056,0.34681752994677023
[US] 시게이트,0.9747136146648575,0.48985117987178944,0.9835698239269054,0.5749038293201204,0.7269745595736624,0.9749604170027446,0.975075985554367,0.9848537658117393,0.8168582509374718,0.7618393937415561,0.5473603064181565,0.246077351220005,-0.213270111655745,0.874953221547539,-0.05352062815475751,0.84051428905781,0.9827757083054637,0.9016862879734632,-0.030807664331425982,0.9740669033149714,0.7949776017608238,0.34752361899751516,0.8547262184423123,0.8974460513839778,0.8901945607885011,0.8735883022224016,0.8156459024155703,0.8256100174738409,0.8256721849616623,0.825627389398235,0.8917733853209546,0.8923362411511628,0.8283021038137954,0.8421072276188801,0.8724051075278657,0.9019124114415873,0.9871365741691787,0.7522092980680205,0.9888442234959363,0.7809360130426664,0.9320167732120948,0.9609351863781875,0.36063211818011903,1.0,0.9903734917349436,0.8517596223521336,0.1452689182399649,0.8915934353442182,0.701306860572532,0.4280892062553317,0.7093930445494895,0.8748192744983705,0.9713017859094479,0.16075723688887394,0.5059782659536307,0.658183035658332,0.8387312249382933,0.7880033703137811,0.9114074482078884,0.7526955296781979,0.7307068963347265,0.7602563183628411,0.8715001689303749,0.847859055475744,0.9403451049539637,0.9289596319408151,0.848061231371582,0.719829727037501,0.7432053448747262,0.8785344456627576,0.9201514461317633,0.9581996258873545,0.9783800239723701
[US] 웨스턴디지털,0.9845353877614699,0.5432364947545724,0.9852095111590945,0.577582485637422,0.7439439305175316,0.9670387437468897,0.9831623607390799,0.9884769293924457,0.8609403406894024,0.7826468904538476,0.5697466572749325,0.25490177789293367,-0.1915581132116137,0.8554894533290002,-0.02465785498603023,0.8803738149286743,0.9858471946535101,0.9177139988319662,0.02456331762053345,0.9839718595564009,0.8315937052305059,0.38997616107083194,0.8592872826695527,0.8970692899080078,0.8886903347815327,0.8750493936007707,0.8220112808802207,0.8206642353271439,0.8167626547391356,0.8166368348629441,0.8912638573303354,0.8916384271543809,0.8197367493053308,0.8334896152138725,0.8621620023626234,0.8878960304130643,0.9811979277099119,0.7438093771936201,0.9740711542584869,0.7846375073491966,0.9217733949703256,0.9351119067609736,0.3442913136772993,0.9903734917349436,1.0,0.8352766844129589,0.08302828388249561,0.9053285439335322,0.688124067871579,0.38428411598211115,0.7016049574543218,0.864593701496012,0.9669579093854346,0.10781961064111877,0.5195165690661206,0.6799620304528945,0.819547588777286,0.7857668883469512,0.913749957400259,0.7322980343077546,0.7199822849863764,0.7508875216006123,0.8711680237858141,0.8530311839765501,0.9485127819727447,0.9292921985230578,0.8482749462549806,0.739875904124081,0.7759333690433539,0.8601809375057298,0.9074793280429192,0.9615452373418079,0.9655108304815309
[US] 애플,0.821046059112193,0.34508266800893334,0.829096102385149,0.7193132045242329,0.7902056795076073,0.9120745503518268,0.785622447224622,0.8238803178890949,0.6795328951432398,0.7535311182561469,0.6144723841478849,0.3442055797037428,-0.16379046921447113,0.6690336126832168,-0.3018116815310686,0.7086998748691828,0.7980624024634267,0.7523964727822834,0.11924490718779772,0.7970594807916859,0.7425451965532598,0.5546883890552783,0.8617508910833732,0.8940640505958874,0.8661276093179855,0.8900226733752551,0.8312664363687663,0.9248340676390525,0.9252951711107832,0.9253797416104784,0.9275141526179127,0.9276389248185322,0.925807427211513,0.9279681616606615,0.9290416663721929,0.9266110847619636,0.8670588620856594,0.8796429413329213,0.8321530329908368,0.8625302423641582,0.6843774846268785,0.8081140870509741,0.3827889873624977,0.8517596223521336,0.8352766844129589,1.0,0.3602010177578379,0.9014310532614651,0.8254799545416565,0.6561895673720317,0.8862987504019872,0.8957334910365793,0.9045217919943851,0.44379844370218596,0.7368209901501839,0.7973518826957442,0.8458497441681294,0.8547792266792023,0.8576105234819862,0.8720337220313489,0.8587352636957535,0.8952644079848034,0.920796654411139,0.9061891799402516,0.8739937152182063,0.9015799143241716,0.8568899451743162,0.7943264301007595,0.7614776058658448,0.7067147018147294,0.7904655976193298,0.8930207932956659,0.8437311487617472
[US] 마이크로소프트,0.08648136791822066,-0.03221894285229941,0.13234568838393462,0.5315643545788851,0.4000315861635132,0.24069533230295032,0.02269026489259783,0.07460779669653483,-0.037384944652179876,0.3753814160645745,0.4933098617136149,0.42859958635920437,0.398045980726567,-0.03882327792271342,-0.492767208034615,0.04758420420537703,0.045989944766967855,0.13283636066154705,0.3080894326943368,0.04793059306572824,0.17598912858600105,0.40077337554553655,0.3921237024729602,0.35796198060041695,0.38028078806345283,0.3851538806461473,0.3937938009860381,0.4772565254877971,0.5281975822812722,0.5285934196482891,0.37323258479556437,0.3743195627605713,0.5234019297238327,0.5290648605510124,0.5015345317715698,0.4565356055846796,0.20889720493894268,0.5931247533224637,0.1244999514799782,0.5196956042893687,-0.02680410187803707,0.2045262943437292,0.34105044203649587,0.1452689182399649,0.08302828388249561,0.3602010177578379,1.0,0.3065655837136266,0.5959312044018535,0.43119530817860147,0.6118282256396483,0.4767671716355227,0.29608217522821545,0.8505621215985399,0.43897565649444653,0.3771537226923901,0.298771797131604,0.2739161973876879,0.1772365586257837,0.4741675604385639,0.5808114855016716,0.5604554900714409,0.4145061781926222,0.42838052590056847,0.19756630369899802,0.34946755422959414,0.45042246193121926,0.3818839213732317,0.23700248184172312,0.03326595504441856,0.12330727766354124,0.26271141709836976,0.156348666796392
[US] 구글,0.9247148717638827,0.6383518902192274,0.9116608765637648,0.7733559526203423,0.8992736250790064,0.9284871209034207,0.873593078721852,0.8784771745296811,0.8473159371518738,0.9102711112477068,0.7558394235131621,0.4534640454764568,0.039916927155173955,0.6733731577760532,-0.14097773964288754,0.8903343202079127,0.8629888230404589,0.8939153898618137,0.3350047575062433,0.8909900338805511,0.8978145720109052,0.6655888776999517,0.9331633924485372,0.9421949187911328,0.933742479745505,0.9332540027794639,0.9215446925540214,0.9137252366292855,0.9212268325189737,0.9211325798204721,0.9337347827144504,0.9340421115972015,0.9215463930629149,0.9378314306872719,0.9385343478969691,0.9283036116232318,0.906007028967901,0.8795404504523006,0.8520390570611617,0.9244719615013833,0.7560566615485215,0.8151493871152976,0.349132580583484,0.8915934353442182,0.9053285439335322,0.9014310532614651,0.3065655837136266,1.0,0.8250829950196137,0.44587038620768543,0.8805365913249245,0.9047020216329242,0.944602184620825,0.31203159643132217,0.7414363717447354,0.8429382214469355,0.8065055173562677,0.8237206367814873,0.9160287237279456,0.8180305738282845,0.8540756324813636,0.8705736137770915,0.943788605078209,0.9446648858319021,0.9444599937127705,0.9636676208581672,0.9287703778076568,0.9012396730727673,0.916281723337806,0.7402173478429824,0.8463727621169043,0.9567304637868844,0.8488831194635459
[US] 아마존,0.6949962198736871,0.32126795160608435,0.6799141932673014,0.8088130561642654,0.8249971753401105,0.7972052284646264,0.614271192184539,0.6736239706242928,0.5871387351186094,0.7713467214025037,0.7397456033508903,0.4492857870881999,0.03178674848857218,0.4477220562665676,-0.49474420312615297,0.6356016733548939,0.6373246233170053,0.689213506193199,0.2775216587845737,0.6500683856271173,0.725627928711261,0.6671785894214454,0.8300034285389103,0.8094824481388074,0.8251017921509136,0.8468320461658392,0.7922806725640715,0.9208389704870753,0.938373071772324,0.93834824273846,0.8717284694928972,0.8717390969371465,0.9381404973137042,0.9359914240328804,0.9254781041312935,0.8961198355055339,0.7461556136706977,0.9280006596437874,0.6592973116206746,0.9024949548502288,0.49849461666062855,0.6466393415864432,0.4495450753107433,0.701306860572532,0.688124067871579,0.8254799545416565,0.5959312044018535,0.8250829950196137,1.0,0.567966399840401,0.9469586561373545,0.9168409706834869,0.8150129485279685,0.6819806501665879,0.762042144993893,0.8555695292711014,0.7465623321830469,0.722365902907961,0.6644599057221963,0.7768337762841643,0.9201749105190552,0.924148152350844,0.898829412545639,0.8938553025402604,0.7829866968376605,0.8250576657015738,0.8418595661153809,0.7911051042497078,0.7093443961042376,0.5887798972155786,0.6819952249260699,0.7877106501451394,0.6790494176381722
[US] 제타,0.33774221995395165,-0.0692457848520892,0.3898762204207245,0.38376542054353335,0.358006955943263,0.5474037124109041,0.34685361012227045,0.3888905964001475,0.2849747677152739,0.2922592063619755,0.23452710218994782,-0.05792096943469563,-0.3693204089620364,0.37545096452253873,-0.37171383810981334,0.26526863421065205,0.37141891759630524,0.29399688554838976,-0.09477818460585052,0.348789300744179,0.28126571186806715,0.3843974765876749,0.4727981461958153,0.5363180718892389,0.48417602309614777,0.5362267044594067,0.4143600567823545,0.6182321323145546,0.6167542609768093,0.6171199477397336,0.6177648803102997,0.6175251610120731,0.6175658432163066,0.5839163054322652,0.5728617181357031,0.5813675161143935,0.4793738637982125,0.6272175298657457,0.44244882876837255,0.44818321695454993,0.2316008410890823,0.44932130025130695,0.4401969457952071,0.4280892062553317,0.38428411598211115,0.6561895673720317,0.43119530817860147,0.44587038620768543,0.567966399840401,1.0,0.5851608889370893,0.5597906559626342,0.5152328704706378,0.4518694991692871,0.34493907494998993,0.4512651310376614,0.5911414093462947,0.6581102707257303,0.42825144701677087,0.6163535924689808,0.5429501178301376,0.6140669699836935,0.5210474644077873,0.5145041399123526,0.41890475261224885,0.49804553792076506,0.4831027938121035,0.3892912657277968,0.3580267044278447,0.3742837314757568,0.3979029743513364,0.4726088341381389,0.4324675423177677
[US] M7 ETF,0.7213811764213875,0.3937781090351144,0.7073054529579312,0.8951184597496908,0.9049203438882245,0.8062170068642459,0.62997347230777,0.6835647440462622,0.6143926306196394,0.8555175973629315,0.8373322682432154,0.5295968133263427,0.11178377932210037,0.4282844815090383,-0.5006545827948601,0.6683389438390342,0.6423434771582056,0.7164883224383072,0.4180558000679974,0.6649810696684809,0.7898320425015776,0.7668086502855153,0.8971141857120639,0.8734219392532667,0.8746758538051846,0.9033584456811179,0.8801175317122312,0.9525269404986275,0.9748307857303884,0.9747951089405761,0.8921153250799498,0.8923953374890417,0.9728707315015754,0.9744131261110928,0.9581734519947257,0.9083925561043541,0.7491125836334505,0.977940827009439,0.66428930476395,0.9605828387994657,0.4787170401926402,0.6391523428410059,0.37026404319827294,0.7093930445494895,0.7016049574543218,0.8862987504019872,0.6118282256396483,0.8805365913249245,0.9469586561373545,0.5851608889370893,1.0,0.9355927389495876,0.8350005762049472,0.6844436796868282,0.8643183419926731,0.9235608154897655,0.7816059986123132,0.755656220041231,0.7472836766374352,0.8635652419293347,0.9664231538410968,0.9535000249226485,0.9387545113118191,0.946323710649167,0.820133886393571,0.881354454872329,0.9021835646833495,0.8949276460522478,0.8023058723013894,0.5488663705739494,0.6757050109287976,0.8212062561867249,0.687781277228332
[US] 모멘텀 ETF,0.8660894149414615,0.39901611380487395,0.857483747589094,0.8186279459471212,0.8690054258273099,0.9243282273986408,0.8055595016727308,0.8594486800480676,0.7134134856525254,0.8475427892880947,0.7777306598027104,0.41499432009288223,-0.04123253550984348,0.6363282308854571,-0.42180369355611746,0.7582528986839053,0.8275691979848643,0.8252672159294456,0.21704949848317825,0.8301414648977772,0.8248038822988433,0.6173887816089297,0.9296401002542689,0.9267685835742066,0.9333853898091184,0.945991192162821,0.8897758909899277,0.96563979116089,0.980457936785909,0.9803512133837525,0.9449099165934012,0.9454452209232925,0.9803322134908008,0.9810048805084037,0.98932569289274,0.9658436056623914,0.9022381036160417,0.9527608751928142,0.8455068860648778,0.9422596001304764,0.6934516961942616,0.8202054350067441,0.43635855744234436,0.8748192744983705,0.864593701496012,0.8957334910365793,0.4767671716355227,0.9047020216329242,0.9168409706834869,0.5597906559626342,0.9355927389495876,1.0,0.9484154340800985,0.5520609193187644,0.726482416500606,0.8704425033057167,0.876539729066163,0.8169849902131608,0.8317257650535892,0.880473297738317,0.9450770123574923,0.9416145068321121,0.9709935579690614,0.96592737689854,0.9170640154802845,0.9514730708109792,0.9443604711470337,0.8581413342996322,0.7841381069955741,0.7057763621179144,0.7995490527539931,0.9234083972457954,0.8639541381713655
[US] 반도체 ETF,0.9672364080711444,0.5224204013921043,0.9669968801280483,0.6860848930206047,0.8132037726362602,0.989767275163591,0.9405620285403492,0.9596560217617705,0.8335121750272672,0.8354229156593351,0.6600353593958728,0.315268921091162,-0.1311690022664727,0.8043633795719041,-0.16505728051047333,0.8645852068721659,0.9481828251907118,0.9047435948913941,0.10402851034156485,0.9516720028036123,0.8480257531984757,0.5070864299345408,0.920901913564918,0.9491830645534314,0.9440922158765356,0.9393475051238848,0.8803224453353283,0.9130285965232633,0.9217088505264319,0.9216050816580488,0.9535199123141508,0.9539475665972112,0.9230884004761262,0.9336884062566896,0.9524226600567306,0.9653406319116147,0.9886607275243219,0.8736220419742287,0.9540878230898306,0.8768589525030273,0.8568506826510948,0.9320358158367089,0.44528114803148544,0.9713017859094479,0.9669579093854346,0.9045217919943851,0.29608217522821545,0.944602184620825,0.8150129485279685,0.5152328704706378,0.8350005762049472,0.9484154340800985,1.0,0.30538195641498683,0.6149776968928581,0.7680373291058086,0.8693194268285916,0.8502977752126843,0.9141049944883778,0.8279815885431802,0.8346612881555967,0.8629128686466981,0.9364906421697472,0.9244563644281457,0.9588262009055587,0.9737588884033148,0.9207254983900754,0.810738592923557,0.8128152310439708,0.8327346325960925,0.8994330864831617,0.9861923712992644,0.9479330172500078
[US] 소프트웨어 ETF,0.10382894902226276,-0.1921623020146676,0.11253910949340781,0.6188219668037155,0.48607791110595344,0.26544123590501717,0.012675583356433026,0.12021393298307252,-0.06514570186392671,0.357758355622149,0.5348975405144183,0.5034161831129718,0.2567467788566143,-0.05380470025366628,-0.7233391134270274,0.005576841649545195,0.06593140086935419,0.10299467608985066,0.26672924218366606,0.04778048876694242,0.19279409629652414,0.43415708783511614,0.38796752508875915,0.3385592477692544,0.35493744026530516,0.3974293095699076,0.3761396672671545,0.5625719611856437,0.5880757480313141,0.5882738204756168,0.4267919735870311,0.427160673287533,0.5863369366800982,0.5785924803783637,0.5537021452882632,0.49936576265734944,0.20903910632059272,0.619383475006929,0.13769979694818052,0.5677152379720907,-0.03878456337207809,0.17574265651442503,0.2783802429295608,0.16075723688887394,0.10781961064111877,0.44379844370218596,0.8505621215985399,0.31203159643132217,0.6819806501665879,0.4518694991692871,0.6844436796868282,0.5520609193187644,0.30538195641498683,1.0,0.6343701012626957,0.517185355464319,0.32696482119741244,0.2775323680780628,0.15709949226132666,0.5234836034626721,0.6697844614454029,0.6268955660168447,0.5114244566672606,0.5056364563995699,0.24881531496719117,0.35479694841032694,0.4348850234970951,0.4158520753344596,0.2208770665686568,0.007150053259715758,0.10572669568492202,0.26483777665473457,0.19475916996095927
[US] 테슬라,0.5624190997928004,0.3590074586087919,0.5165848550824684,0.806840689956967,0.8392425315928582,0.5848477635964118,0.4518650120378756,0.5092607548634619,0.4803840763095098,0.7547831085003448,0.7762046800366554,0.656554587287837,0.22278995930962264,0.24441459228378434,-0.43256759732205496,0.525520943430844,0.4630583202513448,0.5526420703520933,0.5497605326064119,0.4874119264770958,0.6808494997944953,0.713665785495131,0.7075560183597428,0.6648646023445849,0.6519183230350017,0.70062900685834,0.7246675960141098,0.770768084297496,0.7809396553861417,0.7806476118909571,0.7056207092906419,0.7052323688089944,0.7811083533500696,0.7956163920278114,0.7694477499130955,0.7186119842282725,0.5232581885172185,0.7710134678548276,0.45214929472602206,0.8286423386206435,0.3141938343331882,0.3965383728148502,0.11849018329279828,0.5059782659536307,0.5195165690661206,0.7368209901501839,0.43897565649444653,0.7414363717447354,0.762042144993893,0.34493907494998993,0.8643183419926731,0.726482416500606,0.6149776968928581,0.6343701012626957,1.0,0.8438477163562754,0.5093834945462872,0.49287013561148574,0.5743832266453257,0.6433322755626463,0.8010675664481641,0.7656726380565262,0.7933671394197459,0.7967913821045212,0.6427127967458935,0.6922765573454734,0.6890891969309417,0.7924604130220376,0.7136872763520208,0.31499893226233716,0.4553400343803456,0.6215205860861109,0.4876526889957485
[US] 월마트,0.7219490247634532,0.4812723964454405,0.6744572153207945,0.9118283519922574,0.910777083230549,0.750934470040619,0.6135516678820293,0.6516015670009854,0.6814256627532345,0.8799211815390782,0.8755007713286023,0.5099259127403802,0.08074463499014294,0.35350725872574557,-0.5014858429895446,0.7149642447173987,0.6086457489143817,0.7537105176262692,0.5220675517499223,0.6504762735235801,0.8703397026715558,0.8415532920987893,0.8907425843680706,0.8448986780382062,0.8493082108229657,0.883944957935701,0.8856455250817112,0.8944364505574435,0.904908637609828,0.904788888057274,0.8200560148547952,0.8203723644001429,0.9023516648686409,0.8931077979722356,0.8770331313050372,0.7916524022191216,0.6751973994474983,0.9046229354616797,0.5950821414391572,0.9166781605121038,0.4114315855062946,0.5116558756519052,0.17435067339403817,0.658183035658332,0.6799620304528945,0.7973518826957442,0.3771537226923901,0.8429382214469355,0.8555695292711014,0.4512651310376614,0.9235608154897655,0.8704425033057167,0.7680373291058086,0.517185355464319,0.8438477163562754,1.0,0.789636761837142,0.6972900970400481,0.7390789509625149,0.7873060616294245,0.9155260021025975,0.8682833236537518,0.8938303925735994,0.9152528054498632,0.8284923837665417,0.8427263186088254,0.8751958754528528,0.9422210668093517,0.8531747116646258,0.5261882020653648,0.6599458221384875,0.7629497720800827,0.6215094422076537
[US] 코카콜라,0.8146858407446681,0.33836420391947736,0.8262817490020643,0.7240133517580397,0.7229189974052413,0.8871545289695271,0.7846724667369444,0.8108463412236573,0.6863232509186962,0.7494556668421191,0.6415211848123501,0.22509217221820302,-0.22094748704926268,0.6358950887960011,-0.3929399835525732,0.7126310906740733,0.7861938567051776,0.7984111231740908,0.0845591264697215,0.7913737514567687,0.7728863616075177,0.5523204913702806,0.8863631503850503,0.9027607333430853,0.8980528789802382,0.9019999026920448,0.8467165137217639,0.8726714597963369,0.8713584742375174,0.8716018710033069,0.8430572536658723,0.8443793993106623,0.8687893412452958,0.8483905836905018,0.8636630816473952,0.8129566177743792,0.8346889703966085,0.8302407707725197,0.8232598043192995,0.7920402717008704,0.645601332905045,0.7648796149070408,0.27076816062259323,0.8387312249382933,0.819547588777286,0.8458497441681294,0.298771797131604,0.8065055173562677,0.7465623321830469,0.5911414093462947,0.7816059986123132,0.876539729066163,0.8693194268285916,0.32696482119741244,0.5093834945462872,0.789636761837142,1.0,0.8506594741342655,0.8630659193045539,0.8696248177857098,0.8356047861726699,0.8277780404118185,0.8554502034298174,0.8581360288020572,0.8869377895148013,0.8862816384840392,0.8987665134060235,0.8125889849367756,0.7411338599391951,0.7300059260340415,0.8106142903708732,0.8473221893823819,0.8359922756501974
[US] 일라이릴리,0.7683049959376377,0.35299667508773186,0.7782733222344945,0.5920677533982435,0.6539654144260396,0.8528230926271668,0.7534679092868174,0.7774751114962527,0.6989298629128564,0.6449758264840351,0.5034568796205892,0.17737329462662482,-0.2327347241771576,0.6436594171525086,-0.25134210903875,0.7286970082690589,0.7585932893260782,0.6740458407685476,0.057084616514834347,0.7584181010104225,0.6648772593021437,0.5646594410864301,0.7920350315960449,0.8339742959337313,0.8152132179589553,0.8279541199884045,0.7380087912615308,0.8471002523215337,0.8360490984385274,0.8360745536469567,0.8494755119489802,0.8496855392335783,0.8353577829056605,0.8192613561807239,0.8277121268272618,0.8228494125536062,0.8263634233333185,0.7912674315106628,0.7945301355218922,0.7291142849989205,0.6230519023802203,0.7632024595372672,0.4918823945068936,0.7880033703137811,0.7857668883469512,0.8547792266792023,0.2739161973876879,0.8237206367814873,0.722365902907961,0.6581102707257303,0.755656220041231,0.8169849902131608,0.8502977752126843,0.2775323680780628,0.49287013561148574,0.6972900970400481,0.8506594741342655,1.0,0.8101242460773682,0.8452127837829809,0.7613132402492567,0.8206989338391636,0.8117971584570153,0.8131780404502927,0.7983221370335282,0.8253232781085755,0.8193199154561123,0.7306520273688053,0.7383466778524808,0.6237093162420723,0.7085840935335589,0.8540896189537702,0.7840905550843428
[US] 존슨 앤드 존슨,0.920808578412697,0.5955164564272696,0.930779262918515,0.6810293452753031,0.8080109466619065,0.9321891214228425,0.9013815883994236,0.8842390318111744,0.8063120066881243,0.8396464674928766,0.642078881534737,0.35904187895105655,-0.03772246389777356,0.7121469372471628,-0.06957443989061153,0.8507536537914201,0.8762312278882544,0.8954620349340762,0.19185649929707757,0.8984348572539979,0.8560658587848889,0.5466405164881825,0.9201282772276977,0.9456932887894665,0.9291304807525531,0.9125413557919714,0.9168991037329766,0.8562449580517859,0.8411379798869866,0.8410668043049168,0.8872322960784531,0.8879626246657288,0.8429314590832693,0.8438146029768466,0.8561091951821621,0.8328301255015538,0.8959623149146205,0.7754904185553402,0.8923851755912714,0.8083260270407954,0.7919839874362582,0.8438921874806751,0.1479659753543554,0.9114074482078884,0.913749957400259,0.8576105234819862,0.1772365586257837,0.9160287237279456,0.6644599057221963,0.42825144701677087,0.7472836766374352,0.8317257650535892,0.9141049944883778,0.15709949226132666,0.5743832266453257,0.7390789509625149,0.8630659193045539,0.8101242460773682,1.0,0.8466770708096252,0.7816071538549743,0.792271572732694,0.8772954048285198,0.8757670920489864,0.9397337925777522,0.9354022725256536,0.9035369096917581,0.8467113403090895,0.8653314757187118,0.7891308481047695,0.8858185558483155,0.9420618270344071,0.8838500971551351
[US] 애브비,0.7281455931606349,0.29922723407871693,0.7375260509447795,0.7922640677388791,0.7949991179971182,0.8260059351329377,0.6775310677535434,0.722616631760871,0.5628248181832173,0.7463213022381474,0.7031135858132805,0.4040345221603706,0.011871201506502681,0.49674837825850293,-0.43904672494535846,0.625352905726217,0.6857938914892229,0.6774016146006899,0.2154144264283611,0.6910670016183967,0.703070231945378,0.6403050921591724,0.8658407493913804,0.8725654215426613,0.8635353521974133,0.8701421811437192,0.8462331934482662,0.9119906003220364,0.9058561799728915,0.9057185465983474,0.8610782849395955,0.8617530845411686,0.9044986265377679,0.8879394018606575,0.887636311472214,0.835320772522502,0.7703213437515712,0.8696073474784636,0.7377302732961724,0.8464360953288297,0.5497334555724391,0.7172293826709898,0.2842009706564888,0.7526955296781979,0.7322980343077546,0.8720337220313489,0.4741675604385639,0.8180305738282845,0.7768337762841643,0.6163535924689808,0.8635652419293347,0.880473297738317,0.8279815885431802,0.5234836034626721,0.6433322755626463,0.7873060616294245,0.8696248177857098,0.8452127837829809,0.8466770708096252,1.0,0.8995469660880873,0.893114391902831,0.8786939763810171,0.883768636266373,0.8258849672639946,0.8644715533991987,0.8950316337083514,0.8290287041642618,0.7360968677901966,0.5637782755521819,0.6880214933648229,0.837302429061783,0.764615420260965
[US] 제이피모건,0.72885358729101,0.33122050350786525,0.7152046407392786,0.9058388521596415,0.8928080214541446,0.8135366484070911,0.6401731439590961,0.6984693843765296,0.5713737249018084,0.8436876785933527,0.8429660269632555,0.5360491423713529,0.10191311903078852,0.414838713133962,-0.5664865088963859,0.6417565989348938,0.653055613547183,0.7219478853568594,0.36588046284193615,0.6678898151635227,0.7797565726094255,0.7288830591514242,0.916735996015213,0.8885202244320987,0.8981948725053165,0.9186456990351789,0.8988719006538225,0.9613324408452655,0.9683745265227086,0.9681567975023267,0.8866827945234644,0.8871902885441835,0.9669510781961165,0.9569534435742814,0.9473486808371366,0.8763050729839125,0.7527247228491447,0.9550885804173362,0.6894747152910778,0.9457651195344685,0.4876935949126452,0.6483645581130979,0.28095063656565594,0.7307068963347265,0.7199822849863764,0.8587352636957535,0.5808114855016716,0.8540756324813636,0.9201749105190552,0.5429501178301376,0.9664231538410968,0.9450770123574923,0.8346612881555967,0.6697844614454029,0.8010675664481641,0.9155260021025975,0.8356047861726699,0.7613132402492567,0.7816071538549743,0.8995469660880873,1.0,0.9743545049668553,0.9548539162159436,0.9619257647632461,0.8393761733170632,0.8843017962832666,0.9261580805640102,0.8978440617329708,0.7802195427392221,0.5538249270940275,0.687362003530588,0.8254871796687824,0.7297057891542701
[US] 뱅크 오브 아메리카,0.7471015846711404,0.3159484924963866,0.7384258023282789,0.8307574537605963,0.8522659441836699,0.8480811165611654,0.671678588629415,0.7249057799671685,0.5955577356313783,0.7950186261293053,0.7557963076750683,0.46793770870104007,0.03166495823387367,0.4765140998122348,-0.4950900820520889,0.6609301670848288,0.6859928008962229,0.706854953425811,0.27691211547379246,0.6931559520010692,0.746746660170829,0.6853973266852895,0.8990368158952122,0.893035823131998,0.892420389069954,0.9164703592750649,0.8671520458950737,0.9760475711005367,0.9728286859225591,0.9727113250319885,0.932733976076628,0.9329383142301156,0.9736888667165886,0.9607766859827435,0.9517338113918895,0.9048408620556059,0.7947381720932676,0.9495425032178048,0.7291186493054391,0.9187234356192402,0.5316416769042731,0.6987615063537759,0.375736405387163,0.7602563183628411,0.7508875216006123,0.8952644079848034,0.5604554900714409,0.8705736137770915,0.924148152350844,0.6140669699836935,0.9535000249226485,0.9416145068321121,0.8629128686466981,0.6268955660168447,0.7656726380565262,0.8682833236537518,0.8277780404118185,0.8206989338391636,0.792271572732694,0.893114391902831,0.9743545049668553,1.0,0.9578054341235651,0.9566079602131764,0.8340316717484504,0.8868586486893444,0.9148388009330495,0.8539315757659557,0.7680948492455578,0.5750875071359635,0.6956879001859513,0.8585080693261897,0.7596595431477583
[US] 모건스탠리,0.8758043939789019,0.4371635257826836,0.8607183296120968,0.8464316913883071,0.9135030145294267,0.9226917089746154,0.808594789245292,0.8530401663785533,0.7273850497035517,0.8782657998966846,0.7957648642312786,0.5013376982575457,0.007613005274545261,0.6148225569509578,-0.3793057975772656,0.7822191653303991,0.8205614576996587,0.8347223784124145,0.2828689685002329,0.8275404268627924,0.8487002088837732,0.6580214261946872,0.9448004727885125,0.9409666984508018,0.938767187862101,0.9543130099732219,0.9205498955802682,0.9774630375244097,0.9762435928706976,0.9760603462611698,0.957414569720383,0.9577090760696066,0.9772568446574069,0.9781097753990046,0.9796650766454462,0.9472568225568275,0.8847077329181905,0.9352755851230605,0.8363876804251725,0.9535086595483212,0.6834831353876487,0.7912178736955389,0.3223968339491377,0.8715001689303749,0.8711680237858141,0.920796654411139,0.4145061781926222,0.943788605078209,0.898829412545639,0.5210474644077873,0.9387545113118191,0.9709935579690614,0.9364906421697472,0.5114244566672606,0.7933671394197459,0.8938303925735994,0.8554502034298174,0.8117971584570153,0.8772954048285198,0.8786939763810171,0.9548539162159436,0.9578054341235651,1.0,0.9932548339821212,0.9306227426745046,0.9587435995723594,0.946689759413093,0.9000111354204964,0.8471570331938543,0.6863300008646337,0.7997195566002532,0.930224733496937,0.8613422279365214
[US] 골드만삭스,0.8681100644311172,0.47244661140836613,0.8473053362702735,0.8698389457751492,0.9239888356412677,0.906138648391315,0.792823678691699,0.8309246337664244,0.7420545994274969,0.9001294063577413,0.832508211234083,0.5212521635119456,0.05498223870821883,0.5814367246652782,-0.3923071968035197,0.7978151115633235,0.7978695801470914,0.8369714747997653,0.34741012827288426,0.8124430469805921,0.870879063964491,0.7094161801741458,0.9582513841264882,0.9469084584035148,0.947451376906837,0.9609120932302895,0.938971300136646,0.9768581073760635,0.9777224865014558,0.9775797180001748,0.9489825614997099,0.9493810691724407,0.9779736069359893,0.9774457169761152,0.975718401870179,0.9329440888338485,0.8649084389884736,0.9459587155221486,0.8078549806636172,0.9627070196375057,0.644147432400394,0.7572792950597299,0.3121632116264225,0.847859055475744,0.8530311839765501,0.9061891799402516,0.42838052590056847,0.9446648858319021,0.8938553025402604,0.5145041399123526,0.946323710649167,0.96592737689854,0.9244563644281457,0.5056364563995699,0.7967913821045212,0.9152528054498632,0.8581360288020572,0.8131780404502927,0.8757670920489864,0.883768636266373,0.9619257647632461,0.9566079602131764,0.9932548339821212,1.0,0.9251451062155202,0.9586068608900769,0.9601193009765419,0.9258321776765789,0.8733335504841099,0.6595600768658177,0.7810094803780214,0.9214777223389284,0.8347540999770552
[US] 이즈코프,0.9581379170118344,0.5705846847913211,0.9495275644533565,0.7410865808448169,0.8567728355495513,0.9617641576982069,0.9232060858950625,0.9321903391625785,0.8465305202173457,0.8790936340883603,0.717463626861854,0.33930886396394205,-0.10253961653268687,0.731336156116294,-0.18676887309713555,0.877038846750329,0.9167546123166801,0.9410520162563136,0.1885270895583541,0.9363034053091227,0.9093804689104118,0.5669329981806379,0.940676616027114,0.9506957997881452,0.9496595021899437,0.9424896420924468,0.9168723661893214,0.896049825970772,0.8986764481464438,0.898532527353226,0.9170641555913591,0.9177144050029259,0.8991914858404265,0.9048083885051043,0.9193244705266749,0.898691411486435,0.9345208292131457,0.8454633193541996,0.907887765041354,0.8812654037632561,0.8122625679428601,0.854197656491672,0.2688921331802032,0.9403451049539637,0.9485127819727447,0.8739937152182063,0.19756630369899802,0.9444599937127705,0.7829866968376605,0.41890475261224885,0.820133886393571,0.9170640154802845,0.9588262009055587,0.24881531496719117,0.6427127967458935,0.8284923837665417,0.8869377895148013,0.7983221370335282,0.9397337925777522,0.8258849672639946,0.8393761733170632,0.8340316717484504,0.9306227426745046,0.9251451062155202,1.0,0.9669246963363934,0.9277850667658919,0.8757815890996533,0.8598771150660534,0.8341151717552584,0.9160173132357889,0.959340754628282,0.9115716855250132
[US] 이머징 마켓,0.9487386802316374,0.5835619999781329,0.9447704675047459,0.8039481866853134,0.8981828214642679,0.9630707244245312,0.8988669908592154,0.9131760990567157,0.829566187203791,0.9137422326316684,0.7770218303941606,0.4331168892511018,-0.0018826772043403059,0.7157616278978137,-0.20441496508335194,0.870754344724659,0.8962359224438075,0.9218277751482152,0.2748934497609757,0.9137135025581109,0.9057600348330501,0.6304040839164542,0.96755692383064,0.9752244671651263,0.9729586797544049,0.9683761464675563,0.9480625551544979,0.9368556694465113,0.945850062902707,0.9458128048235122,0.9480671419794593,0.9488291999054357,0.9459026246051273,0.954066529798277,0.9632332472957273,0.9452274046350916,0.9390138509599391,0.9071978534840923,0.896911584833416,0.9264257713220172,0.7796637486674819,0.8584793654871846,0.3422539236287213,0.9289596319408151,0.9292921985230578,0.9015799143241716,0.34946755422959414,0.9636676208581672,0.8250576657015738,0.49804553792076506,0.881354454872329,0.9514730708109792,0.9737588884033148,0.35479694841032694,0.6922765573454734,0.8427263186088254,0.8862816384840392,0.8253232781085755,0.9354022725256536,0.8644715533991987,0.8843017962832666,0.8868586486893444,0.9587435995723594,0.9586068608900769,0.9669246963363934,1.0,0.9717238709500898,0.9043810840620575,0.8865382578707387,0.7731738296199476,0.8729853442257285,0.9724571655219841,0.89793418309942
[US] 선진국 마켓,0.8748743020724613,0.5615240938790799,0.8681870566993188,0.8606486289186042,0.9008691004219055,0.9023589295811003,0.8083250095531436,0.8229027121058208,0.7670167583697377,0.9168166057917772,0.8326959275624728,0.4762910540862173,0.10313171460864379,0.5889356971671246,-0.30814354248707776,0.8260602473210237,0.7992827720473711,0.8736075571517743,0.3694505190081225,0.8259244975681489,0.8920677931671986,0.710913178100725,0.9734133659528722,0.9621407556348692,0.97030048386517,0.9640197852536256,0.9599804982314802,0.9452187171589729,0.9527637824514689,0.9528521046800945,0.9203942493921615,0.9215114632134774,0.9516420723793368,0.9496531190955384,0.9516421300812334,0.9012382040205242,0.8660156115306307,0.9239848859855941,0.8092219492971633,0.9372278145181843,0.661675059713744,0.7701103505936169,0.31542540624582927,0.848061231371582,0.8482749462549806,0.8568899451743162,0.45042246193121926,0.9287703778076568,0.8418595661153809,0.4831027938121035,0.9021835646833495,0.9443604711470337,0.9207254983900754,0.4348850234970951,0.6890891969309417,0.8751958754528528,0.8987665134060235,0.8193199154561123,0.9035369096917581,0.8950316337083514,0.9261580805640102,0.9148388009330495,0.946689759413093,0.9601193009765419,0.9277850667658919,0.9717238709500898,1.0,0.9373282138573951,0.886443658153435,0.6786839628185389,0.8023589930138214,0.9261583349252929,0.8217915705825848
[US] 금,0.7913201515374365,0.6198909289178336,0.7630123503008165,0.9156383582367352,0.9461354404461603,0.7954356998414805,0.6982995736693433,0.7053252523515717,0.7483513426237758,0.9454814251934622,0.8996371421233249,0.5696012537837214,0.18602592908346874,0.42438625380294887,-0.3447681753478612,0.800536991350549,0.6739826172703391,0.8250343185090798,0.5637262747080959,0.7247215767896357,0.9159688531794061,0.8407235100642538,0.9385326037330556,0.9013192906003801,0.9052737306351013,0.9147227523308041,0.9509333666009686,0.8876157859693238,0.8970328677666372,0.8968960452340573,0.8317887084896409,0.8325629153221411,0.8940280552899317,0.8931684673221101,0.8805372096371468,0.7973433786708966,0.7271708270303521,0.8875271252193965,0.6661942888234984,0.9233959024037252,0.5029129246510856,0.5886230220227018,0.14033206183391847,0.719829727037501,0.739875904124081,0.7943264301007595,0.3818839213732317,0.9012396730727673,0.7911051042497078,0.3892912657277968,0.8949276460522478,0.8581413342996322,0.810738592923557,0.4158520753344596,0.7924604130220376,0.9422210668093517,0.8125889849367756,0.7306520273688053,0.8467113403090895,0.8290287041642618,0.8978440617329708,0.8539315757659557,0.9000111354204964,0.9258321776765789,0.8757815890996533,0.9043810840620575,0.9373282138573951,1.0,0.9468579007063133,0.5669802840773425,0.7207770191139798,0.8293626520126278,0.6762164034223263
[US] 은,0.8271488797986938,0.7411328014316383,0.8060176283968845,0.7910380504726077,0.8896095789140136,0.8014876005679924,0.759866408432224,0.7338932799269876,0.8513050621995154,0.9146121726897197,0.7910314718293028,0.5092002503289468,0.16058349818328524,0.5096343342933322,-0.114293859252555,0.8890609646561022,0.7193582562195684,0.8493495639433093,0.5305697895311188,0.7753855061734296,0.909967517982662,0.7871385639878566,0.8905805123315211,0.8730131078801642,0.8692909253591573,0.8677074021376714,0.9071443506392164,0.8277438426304989,0.8275664882035695,0.8273759066980098,0.8232657732598873,0.8234942164921321,0.8267776994740019,0.8327109397485439,0.8228404922881479,0.7741332266619517,0.7536794299971502,0.8033757788547384,0.6992892904624398,0.8415092858167228,0.583505806687498,0.6216417778827901,0.16918831419787334,0.7432053448747262,0.7759333690433539,0.7614776058658448,0.23700248184172312,0.916281723337806,0.7093443961042376,0.3580267044278447,0.8023058723013894,0.7841381069955741,0.8128152310439708,0.2208770665686568,0.7136872763520208,0.8531747116646258,0.7411338599391951,0.7383466778524808,0.8653314757187118,0.7360968677901966,0.7802195427392221,0.7680948492455578,0.8471570331938543,0.8733335504841099,0.8598771150660534,0.8865382578707387,0.886443658153435,0.9468579007063133,1.0,0.608186388962405,0.7447905573295506,0.8404171693091694,0.6786579123489904
[US] 미국 오일 펀드,0.846059425704411,0.4909280180602103,0.8721609582097626,0.4143707215089202,0.5588677846628262,0.8702782189823015,0.8762570009838161,0.8478564998294137,0.7567025067670635,0.6429149033279642,0.37207432172353727,0.025154208809333764,-0.33794671188772235,0.819999184902323,0.056308545803586525,0.7475180960573031,0.8623089347032055,0.860944525336483,-0.1522730497859885,0.877278927181302,0.7163411473231426,0.21621187084944876,0.7326627962321282,0.7770812537957322,0.7768117934374915,0.7516044167341047,0.6903861362237738,0.6440183494390406,0.6638234965779393,0.6638684133183579,0.7324413709452096,0.7329037343261823,0.6654815556078547,0.6784109562129691,0.7070632796451927,0.7369652073977545,0.858106932696503,0.6131438217406158,0.867594650847467,0.6125245274268883,0.8426460399067768,0.842293278450111,0.28085660830918197,0.8785344456627576,0.8601809375057298,0.7067147018147294,0.03326595504441856,0.7402173478429824,0.5887798972155786,0.3742837314757568,0.5488663705739494,0.7057763621179144,0.8327346325960925,0.007150053259715758,0.31499893226233716,0.5261882020653648,0.7300059260340415,0.6237093162420723,0.7891308481047695,0.5637782755521819,0.5538249270940275,0.5750875071359635,0.6863300008646337,0.6595600768658177,0.8341151717552584,0.7731738296199476,0.6786839628185389,0.5669802840773425,0.608186388962405,1.0,0.9743828010268658,0.8090613075726617,0.8324618698883105
[US] 원자재 펀드,0.9086019524368532,0.5644347214322571,0.9235362575614282,0.5739121329004226,0.706442842938328,0.9277606467912501,0.9095151814715469,0.8876411666204932,0.8046813083306621,0.7671797213718697,0.522048198049576,0.1754502405282602,-0.2270113969728882,0.7905509522352611,-0.030076675867457953,0.8179071570447917,0.8913673032883721,0.9173703745847535,0.0004244976963051582,0.9158544121891236,0.8142066720926109,0.37319132292489066,0.8453901830181647,0.8735631662703773,0.8763229820142953,0.8545498743858823,0.8164302738155432,0.758850653581933,0.7745784315727007,0.7745406134518343,0.8174246038079152,0.8179900477474171,0.7754650076504997,0.7863747227006687,0.8081813559720608,0.8128304141900575,0.9017814736117621,0.7234997394072151,0.903349340249543,0.7355333102702301,0.8410245809299098,0.8629514225903734,0.254219967688762,0.9201514461317633,0.9074793280429192,0.7904655976193298,0.12330727766354124,0.8463727621169043,0.6819952249260699,0.3979029743513364,0.6757050109287976,0.7995490527539931,0.8994330864831617,0.10572669568492202,0.4553400343803456,0.6599458221384875,0.8106142903708732,0.7085840935335589,0.8858185558483155,0.6880214933648229,0.687362003530588,0.6956879001859513,0.7997195566002532,0.7810094803780214,0.9160173132357889,0.8729853442257285,0.8023589930138214,0.7207770191139798,0.7447905573295506,0.9743828010268658,1.0,0.8907914766296626,0.8738158993092147
[IDX] 닛케이225,0.9679512005414136,0.5743703842371336,0.9652094768564532,0.6797044524185655,0.8334994943100328,0.9825686021597583,0.9413620359768519,0.9468925355150937,0.8512022786228891,0.84910529542859,0.6625258098262031,0.3597618990131928,-0.06891194236892846,0.7838699009202685,-0.10382933152208672,0.8906176122193811,0.9383694316974189,0.9094634582254788,0.14976801996696754,0.9498748559137832,0.8663275686352421,0.5429514685248706,0.9270353983208313,0.9543977112050547,0.9472076549761069,0.9363729155515749,0.8964463074189755,0.9096193999949684,0.908395949006442,0.90824391811164,0.9515552924880478,0.951902380844315,0.9106168214521853,0.9200263751706169,0.9356227505142137,0.9431196435717,0.9728881388124676,0.8522966325957276,0.9402088682678819,0.8710964197445371,0.8474627419561267,0.9168976987788425,0.38215966551190056,0.9581996258873545,0.9615452373418079,0.8930207932956659,0.26271141709836976,0.9567304637868844,0.7877106501451394,0.4726088341381389,0.8212062561867249,0.9234083972457954,0.9861923712992644,0.26483777665473457,0.6215205860861109,0.7629497720800827,0.8473221893823819,0.8540896189537702,0.9420618270344071,0.837302429061783,0.8254871796687824,0.8585080693261897,0.930224733496937,0.9214777223389284,0.959340754628282,0.9724571655219841,0.9261583349252929,0.8293626520126278,0.8404171693091694,0.8090613075726617,0.8907914766296626,1.0,0.9322283861382338
[KR] 코스피200롱150숏선물,0.9373838076297804,0.3519636818295039,0.9489464132866663,0.5554244787991413,0.6924744150833672,0.9541626639516575,0.9440875821753681,0.9709718778947686,0.7445356318886515,0.7069064467213737,0.5182990835270221,0.22591771138751676,-0.24806361851608574,0.858555641692789,-0.13375534814963103,0.7734436298991372,0.9606200370801707,0.8395637167386275,-0.11533844583903727,0.9367217924942233,0.7301556212208344,0.2748989011967907,0.8240504528283775,0.8699897874236618,0.8617246714507765,0.8507768352949358,0.7771027349981491,0.8118937792940807,0.8070110905488166,0.8068515796689826,0.8667998913447104,0.8673792541208447,0.809345952116218,0.8199944901908635,0.8532067526759359,0.8783474386663285,0.9656152341355896,0.7288409265510413,0.9814333015264673,0.7529035298120823,0.904925684188966,0.9581295768128891,0.34681752994677023,0.9783800239723701,0.9655108304815309,0.8437311487617472,0.156348666796392,0.8488831194635459,0.6790494176381722,0.4324675423177677,0.687781277228332,0.8639541381713655,0.9479330172500078,0.19475916996095927,0.4876526889957485,0.6215094422076537,0.8359922756501974,0.7840905550843428,0.8838500971551351,0.764615420260965,0.7297057891542701,0.7596595431477583,0.8613422279365214,0.8347540999770552,0.9115716855250132,0.89793418309942,0.8217915705825848,0.6762164034223263,0.6786579123489904,0.8324618698883105,0.8738158993092147,0.9322283861382338,1.0
