Date,Open,High,Low,Close,Volume
2000-01-03,246.1167755126953,249.09100341796875,235.1493377685547,239.1459503173828,185169
2000-01-04,244.4437866210937,242.5848999023437,226.0407867431641,228.6432342529297,349132
2000-01-05,222.9736328125,222.9736328125,216.09573364257807,217.02517700195312,444817
2000-01-06,216.5604553222656,216.93223571777344,205.4071350097656,207.2660217285156,591143
2000-01-07,208.19546508789065,210.05435180664065,202.2470245361328,203.8270721435547,460670
2000-01-10,209.2178497314453,215.5380706787109,208.19546508789065,213.77212524414065,444643
2000-01-11,218.4193572998047,222.69479370117188,216.18869018554688,219.3488006591797,348666
2000-01-12,215.44512939453125,223.0665740966797,213.77212524414065,223.0665740966797,344945
2000-01-13,223.0665740966797,227.5279083251953,221.3006286621093,222.1371307373047,206116
2000-01-14,222.1371307373047,225.8549041748047,215.7239685058593,221.6724090576172,183147
2000-01-17,223.9960174560547,226.5055084228516,218.23345947265625,223.5312957763672,192098
2000-01-18,225.8549041748047,224.6466217041016,214.23684692382807,217.9546356201172,191966
2000-01-19,214.7015686035156,215.16629028320312,206.8942413330078,212.19207763671875,359703
2000-01-20,209.1249084472656,211.91323852539065,203.5482482910156,210.240234375,580912
2000-01-21,207.451904296875,212.8426818847656,205.0353546142578,207.2660217285156,198063
2000-01-24,211.91323852539065,213.30740356445312,205.314193725586,206.80130004882807,216603
2000-01-25,200.29519653320312,201.596420288086,186.1676483154297,187.65475463867188,1211001
2000-01-26,191.0936889648437,194.25379943847656,181.7992553710937,189.1418609619141,860364
2000-01-27,192.580810546875,194.0679168701172,188.1194763183593,189.9783630371093,828779
2000-01-28,193.78907775878903,195.9268035888672,190.62896728515625,194.6255798339844,252136
2000-01-31,193.78907775878903,193.4173126220703,187.9335784912109,189.69952392578125,198969
2000-02-01,188.77008056640625,193.3243560791016,185.70291137695312,189.6065826416016,286797
2000-02-02,190.53602600097656,192.30197143554688,187.9335784912109,189.51364135742188,262394
2000-02-03,192.48785400390625,204.3847503662109,190.62896728515625,200.75991821289065,480272
2000-02-04,205.9647979736328,206.5224609375,198.90103149414065,203.8270721435547,325309
2000-02-07,204.47769165039065,203.8270721435547,190.44308471679688,193.3243560791016,424859
2000-02-08,193.23141479492188,194.9973602294922,185.8888092041016,187.84063720703125,346967
2000-02-09,188.67713928222656,189.4207000732422,185.2381896972656,185.98175048828125,274699
2000-02-10,185.8888092041016,185.8888092041016,176.22259521484375,179.01092529296875,614531
2000-02-11,179.38270568847656,187.65475463867188,174.92137145996094,177.98854064941406,468148
2000-02-14,179.38270568847656,187.1900329589844,178.54620361328125,184.86642456054688,222657
2000-02-15,187.2829742431641,195.1832427978516,185.98175048828125,192.39491271972656,454750
2000-02-16,195.1832427978516,195.4620819091797,182.1710357666016,184.95936584472656,396628
2000-02-17,181.427474975586,187.7476959228516,181.427474975586,184.0299224853516,271395
2000-02-18,183.19342041015625,184.0299224853516,178.17442321777344,178.45326232910156,250695
2000-02-21,177.52381896972656,182.82164001464844,177.52381896972656,179.2897491455078,157143
2000-02-22,181.14865112304688,190.07130432128903,179.38270568847656,187.9335784912109,357323
2000-02-23,190.53602600097656,192.6737518310547,186.91119384765625,188.67713928222656,185945
2000-02-24,192.580810546875,194.16085815429688,189.1418609619141,191.93019104003903,223114
2000-02-25,194.9973602294922,198.3433532714844,190.9078063964844,197.9715881347656,773874
2000-02-28,197.87863159179688,197.87863159179688,188.39830017089844,193.3243560791016,311453
2000-02-29,194.25379943847656,197.9715881347656,191.0007476806641,194.3467559814453,358554
2000-03-01,195.64796447753903,198.7151336669922,193.8820343017578,196.4844665527344,207400
2000-03-02,196.01974487304688,199.8304748535156,195.2761993408203,198.80807495117188,216408
2000-03-03,200.75991821289065,206.2436370849609,199.9234161376953,205.5000762939453,337965
2000-03-06,208.93902587890625,210.9837951660156,204.5706329345703,207.63780212402344,374795
2000-03-07,210.05435180664065,212.28501892089844,200.29519653320312,201.0387420654297,356574
2000-03-08,201.0387420654297,201.0387420654297,191.1866455078125,191.4654693603516,437531
2000-03-09,192.8596343994141,196.11268615722656,192.39491271972656,193.8820343017578,197780
2000-03-10,196.5774078369141,196.5774078369141,186.81825256347656,190.2572021484375,316938
2000-03-13,193.78907775878903,194.0679168701172,184.95936584472656,189.69952392578125,212911
2000-03-14,189.6065826416016,191.2795867919922,185.145248413086,187.7476959228516,203695
2000-03-15,187.2829742431641,187.7476959228516,177.52381896972656,180.59097290039065,575410
2000-03-16,180.6839294433593,186.2605895996093,180.3121490478516,182.44985961914065,282968
2000-03-17,189.51364135742188,191.0007476806641,187.5618133544922,187.84063720703125,335811
2000-03-20,191.1866455078125,191.1866455078125,185.98175048828125,187.004135131836,133760
2000-03-21,185.8888092041016,187.7476959228516,184.2158050537109,185.8888092041016,232254
2000-03-22,187.7476959228516,190.16424560546875,183.286361694336,185.60997009277344,242355
2000-03-23,183.286361694336,185.8888092041016,182.63575744628903,185.4240875244141,246292
2000-03-24,186.81825256347656,188.1194763183593,181.33453369140625,184.49464416503903,246676
2000-03-27,186.72531127929688,187.65475463867188,183.19342041015625,186.1676483154297,126091
2000-03-28,185.8888092041016,188.39830017089844,185.145248413086,186.2605895996093,180018
2000-03-29,184.95936584472656,187.65475463867188,184.0299224853516,185.98175048828125,345454
2000-03-30,186.35353088378903,186.35353088378903,183.6581420898437,184.95936584472656,337600
2000-03-31,184.0299224853516,185.8888092041016,177.52381896972656,179.94036865234375,353537
2000-04-03,185.4240875244141,185.4240875244141,178.63914489746094,184.68052673339844,220273
2000-04-04,184.95936584472656,189.32774353027344,184.49464416503903,184.77346801757807,292553
2000-04-05,184.68052673339844,184.77346801757807,176.22259521484375,181.427474975586,387421
2000-04-06,184.2158050537109,190.2572021484375,182.3569183349609,188.21241760253903,283078
2000-04-07,190.3501434326172,190.3501434326172,180.4980316162109,189.2348022460937,277920
2000-04-10,189.32774353027344,189.8854217529297,184.0299224853516,187.46885681152344,175528
2000-04-11,188.67713928222656,189.32774353027344,180.4980316162109,185.70291137695312,245973
2000-04-12,186.91119384765625,186.91119384765625,181.427474975586,185.79586791992188,156780
2000-04-13,186.81825256347656,187.1900329589844,181.24159240722656,186.6323699951172,220583
2000-04-14,187.1900329589844,187.1900329589844,180.40509033203125,185.79586791992188,183177
2000-04-17,178.3603057861328,187.004135131836,177.98854064941406,186.81825256347656,228539
2000-04-18,187.46885681152344,187.7476959228516,181.33453369140625,185.70291137695312,199091
2000-04-19,186.91119384765625,187.0970916748047,180.96275329589844,183.5652008056641,203591
2000-04-20,181.24159240722656,193.0455322265625,181.24159240722656,193.0455322265625,307484
2000-04-21,193.0455322265625,193.0455322265625,193.0455322265625,193.0455322265625,0
2000-04-24,193.0455322265625,193.0455322265625,193.0455322265625,193.0455322265625,0
2000-04-25,194.25379943847656,202.5258636474609,193.3243560791016,200.94580078125,304376
2000-04-26,204.47769165039065,210.05435180664065,204.47769165039065,209.031967163086,633806
2000-04-27,207.2660217285156,209.031967163086,200.94580078125,203.5482482910156,304838
2000-04-28,207.2660217285156,208.19546508789065,201.6893615722656,206.2436370849609,266230
2000-05-01,206.2436370849609,206.2436370849609,206.2436370849609,206.2436370849609,0
2000-05-02,203.734130859375,206.2436370849609,201.13169860839844,206.2436370849609,207924
2000-05-03,205.87185668945312,206.33657836914065,199.0869140625,201.3175811767578,289199
2000-05-04,203.455307006836,203.455307006836,197.9715881347656,201.22463989257807,120818
2000-05-05,200.75991821289065,202.15408325195312,197.9715881347656,202.15408325195312,130011
2000-05-08,198.90103149414065,202.61880493164065,197.22802734375,197.87863159179688,124740
2000-05-09,197.1350860595703,197.9715881347656,195.369140625,196.5774078369141,173957
2000-05-10,196.5774078369141,197.9715881347656,186.81825256347656,188.67713928222656,340399
2000-05-11,186.35353088378903,195.09030151367188,185.98175048828125,193.3243560791016,194275
2000-05-12,193.3243560791016,198.3433532714844,192.02313232421875,196.11268615722656,169500
2000-05-15,198.7151336669922,198.7151336669922,193.4173126220703,195.8338623046875,117324
2000-05-16,192.580810546875,199.36575317382807,192.580810546875,194.7185211181641,221712
2000-05-17,195.2761993408203,198.7151336669922,194.9044189453125,195.2761993408203,158839
2000-05-18,195.1832427978516,203.92002868652344,195.1832427978516,203.5482482910156,264647
2000-05-19,203.5482482910156,206.61541748046875,202.7117462158203,205.4071350097656,338795
2000-05-22,201.875244140625,203.5482482910156,200.016357421875,201.3175811767578,140641
2000-05-23,198.0645294189453,204.47769165039065,198.0645294189453,203.3623504638672,143594
2000-05-24,200.29519653320312,206.70835876464844,200.29519653320312,203.6411895751953,335565
2000-05-25,200.75991821289065,208.8460693359375,200.3881378173828,205.314193725586,180894
2000-05-26,204.66357421875,205.87185668945312,201.6893615722656,204.84947204589844,168624
2000-05-29,201.6893615722656,209.031967163086,201.6893615722656,204.84947204589844,65804
2000-05-30,204.47769165039065,217.48989868164065,204.47769165039065,212.56385803222656,447628
2000-05-31,215.90985107421875,217.48989868164065,209.58963012695312,214.42274475097656,304612
2000-06-01,214.23684692382807,220.65000915527344,213.0285797119141,215.7239685058593,210354
2000-06-02,214.05096435546875,221.6724090576172,214.05096435546875,221.39356994628903,177326
2000-06-05,217.02517700195312,222.3230133056641,217.02517700195312,221.3006286621093,190262
2000-06-06,219.8135223388672,222.69479370117188,213.95802307128903,217.11813354492188,249346
2000-06-07,213.4003448486328,216.5604553222656,211.44851684570312,215.63101196289065,118988
2000-06-08,214.7015686035156,215.25924682617188,211.1696929931641,212.37796020507807,178753
2000-06-09,211.2626342773437,213.77212524414065,210.240234375,212.0061798095703,111552
2000-06-12,212.0061798095703,212.0061798095703,212.0061798095703,212.0061798095703,0
2000-06-13,210.05435180664065,218.4193572998047,209.49668884277344,213.95802307128903,173478
2000-06-14,212.28501892089844,219.3488006591797,212.28501892089844,216.09573364257807,184990
2000-06-15,219.0699615478516,220.4641265869141,213.95802307128903,214.8874664306641,198675
2000-06-16,220.2782440185547,220.2782440185547,211.2626342773437,213.0285797119141,183122
2000-06-19,209.49668884277344,213.6791839599609,209.1249084472656,212.9356231689453,62101
2000-06-20,213.77212524414065,219.0699615478516,211.1696929931641,217.02517700195312,239646
2000-06-21,213.95802307128903,217.02517700195312,211.6344146728516,213.77212524414065,141252
2000-06-22,213.77212524414065,213.77212524414065,208.93902587890625,211.91323852539065,123479
2000-06-23,213.1215209960937,216.00279235839844,210.9837951660156,213.77212524414065,175345
2000-06-26,216.7463531494141,220.65000915527344,213.1215209960937,218.97702026367188,706635
2000-06-27,219.3488006591797,221.2076873779297,215.25924682617188,218.4193572998047,244977
2000-06-28,215.81690979003903,222.1371307373047,213.4933013916016,218.4193572998047,329869
2000-06-29,221.6724090576172,224.2748413085937,215.3521881103516,216.93223571777344,947550
2000-06-30,221.1147308349609,221.1147308349609,212.8426818847656,216.28163146972656,169044
2000-07-03,214.23684692382807,215.63101196289065,209.9614105224609,215.63101196289065,162817
2000-07-04,215.63101196289065,215.63101196289065,201.6893615722656,209.1249084472656,255077
2000-07-05,209.1249084472656,210.05435180664065,200.75991821289065,206.33657836914065,237607
2000-07-06,205.87185668945312,205.87185668945312,202.4329071044922,205.2212371826172,101086
2000-07-07,203.6411895751953,207.2660217285156,201.6893615722656,207.2660217285156,163863
2000-07-10,200.016357421875,207.63780212402344,200.016357421875,203.8270721435547,155656
2000-07-11,208.19546508789065,209.1249084472656,204.5706329345703,209.1249084472656,158148
2000-07-12,205.4071350097656,209.031967163086,202.4329071044922,205.0353546142578,268993
2000-07-13,207.08013916015625,208.1025238037109,202.15408325195312,204.47769165039065,75597
2000-07-14,204.47769165039065,204.47769165039065,204.47769165039065,204.47769165039065,0
2000-07-17,206.0577392578125,206.0577392578125,200.29519653320312,201.6893615722656,90751
2000-07-18,206.0577392578125,206.0577392578125,200.29519653320312,201.596420288086,159350
2000-07-19,201.6893615722656,204.01296997070312,200.29519653320312,202.2470245361328,85179
2000-07-20,201.22463989257807,211.91323852539065,201.22463989257807,211.44851684570312,198338
2000-07-21,201.22463989257807,215.63101196289065,201.22463989257807,210.70497131347656,191325
2000-07-24,214.32980346679688,214.7015686035156,210.05435180664065,213.1215209960937,191057
2000-07-25,218.23345947265625,218.23345947265625,205.2212371826172,208.19546508789065,302381
2000-07-26,208.19546508789065,210.9837951660156,204.47769165039065,206.2436370849609,244815
2000-07-27,207.2660217285156,208.19546508789065,203.1764678955078,204.47769165039065,165780
2000-07-28,205.87185668945312,205.9647979736328,202.61880493164065,202.8046875,222671
2000-07-31,204.2917938232422,208.38134765625,200.8528594970703,208.38134765625,180164
2000-08-01,204.5706329345703,210.890853881836,203.92002868652344,208.38134765625,116085
2000-08-02,209.031967163086,209.9614105224609,204.5706329345703,207.9166259765625,137410
2000-08-03,205.5000762939453,208.7531280517578,201.875244140625,202.2470245361328,174862
2000-08-04,202.61880493164065,207.3589630126953,202.61880493164065,206.33657836914065,91259
2000-08-07,202.8976287841797,208.7531280517578,202.8976287841797,207.08013916015625,84238
2000-08-08,206.9871826171875,207.2660217285156,203.734130859375,204.66357421875,105864
2000-08-09,206.2436370849609,206.61541748046875,200.66696166992188,200.75991821289065,215473
2000-08-10,204.2917938232422,204.2917938232422,197.1350860595703,200.29519653320312,271229
2000-08-11,201.6893615722656,201.6893615722656,198.5292510986328,200.75991821289065,70077
2000-08-14,202.99058532714844,202.99058532714844,197.5998077392578,200.4810791015625,101283
2000-08-15,201.22463989257807,201.596420288086,197.6927490234375,199.73751831054688,77363
2000-08-16,199.9234161376953,203.08352661132807,198.9939727783203,203.08352661132807,133679
2000-08-17,202.4329071044922,203.3623504638672,198.157470703125,199.73751831054688,156614
2000-08-18,201.596420288086,201.596420288086,195.2761993408203,195.2761993408203,173744
2000-08-21,192.580810546875,196.4844665527344,192.2090301513672,194.439697265625,155141
2000-08-22,193.3243560791016,195.09030151367188,190.07130432128903,190.07130432128903,241295
2000-08-23,189.79248046875,192.8596343994141,188.21241760253903,192.39491271972656,264250
2000-08-24,192.8596343994141,192.8596343994141,187.1900329589844,188.30535888671875,186325
2000-08-25,188.0265350341797,193.8820343017578,188.0265350341797,190.53602600097656,167940
2000-08-28,192.39491271972656,194.16085815429688,191.4654693603516,192.02313232421875,151949
2000-08-29,192.6737518310547,197.7856903076172,190.721923828125,194.25379943847656,186722
2000-08-30,194.25379943847656,195.9268035888672,191.55841064453125,195.8338623046875,462754
2000-08-31,192.580810546875,198.9939727783203,190.53602600097656,197.87863159179688,318892
2000-09-01,197.7856903076172,205.2212371826172,197.3209686279297,203.1764678955078,341854
2000-09-04,204.47769165039065,204.94241333007807,197.22802734375,197.22802734375,204186
2000-09-05,197.22802734375,200.29519653320312,195.5550231933593,198.2504119873047,215958
2000-09-06,198.2504119873047,202.99058532714844,198.2504119873047,202.06114196777344,214813
2000-09-07,201.9681854248047,202.8976287841797,197.5998077392578,202.61880493164065,185674
2000-09-08,200.3881378173828,202.61880493164065,198.9939727783203,201.22463989257807,132883
2000-09-11,201.7823028564453,202.61880493164065,197.0421295166016,198.157470703125,151209
2000-09-12,198.90103149414065,200.66696166992188,194.3467559814453,197.7856903076172,173812
2000-09-13,198.43630981445312,198.9939727783203,190.53602600097656,190.53602600097656,363805
2000-09-14,192.39491271972656,195.8338623046875,192.39491271972656,192.48785400390625,291022
2000-09-15,192.39491271972656,194.6255798339844,189.1418609619141,189.9783630371093,598210
2000-09-18,191.7443084716797,191.7443084716797,188.863021850586,190.07130432128903,209837
2000-09-19,189.2348022460937,190.53602600097656,186.1676483154297,187.2829742431641,341340
2000-09-20,186.91119384765625,190.9078063964844,184.0299224853516,190.9078063964844,290801
2000-09-21,192.30197143554688,192.30197143554688,186.44647216796875,190.16424560546875,272562
2000-09-22,190.3501434326172,193.1384735107422,186.91119384765625,192.8596343994141,552400
2000-09-25,193.3243560791016,194.0679168701172,184.30874633789065,188.77008056640625,725005
2000-09-26,187.004135131836,191.0936889648437,185.79586791992188,189.0489196777344,234029
2000-09-27,187.0970916748047,188.9559783935547,181.98513793945312,185.4240875244141,513552
2000-09-28,185.8888092041016,185.8888092041016,181.7063140869141,185.4240875244141,262310
2000-09-29,181.427474975586,185.4240875244141,181.427474975586,185.4240875244141,250447
2000-10-02,181.24159240722656,187.65475463867188,181.24159240722656,184.95936584472656,162214
2000-10-03,183.19342041015625,184.95936584472656,181.6133728027344,182.72869873046875,211577
2000-10-04,181.7992553710937,182.3569183349609,178.91798400878906,179.47564697265625,398105
2000-10-05,180.59097290039065,181.24159240722656,174.82843017578125,180.3121490478516,337784
2000-10-06,181.05569458007807,181.6133728027344,176.129638671875,178.3603057861328,299210
2000-10-09,177.52381896972656,177.52381896972656,172.13304138183594,174.7354736328125,288977
2000-10-10,176.59437561035156,178.91798400878906,175.01431274414062,176.31553649902344,254909
2000-10-11,176.129638671875,181.14865112304688,174.7354736328125,180.2191925048828,257333
2000-10-12,178.45326232910156,182.1710357666016,175.75787353515625,181.05569458007807,230407
2000-10-13,176.59437561035156,180.86981201171875,175.94375610351562,180.6839294433593,187492
2000-10-16,183.6581420898437,183.6581420898437,178.26736450195312,181.89219665527344,142669
2000-10-17,182.1710357666016,184.30874633789065,179.01092529296875,179.01092529296875,160558
2000-10-18,178.45326232910156,181.427474975586,176.22259521484375,180.3121490478516,173414
2000-10-19,177.80264282226562,182.3569183349609,177.80264282226562,182.3569183349609,156221
2000-10-20,181.427474975586,187.5618133544922,181.427474975586,187.2829742431641,185708
2000-10-23,185.145248413086,188.58419799804688,183.286361694336,185.8888092041016,125299
2000-10-24,188.21241760253903,189.0489196777344,185.145248413086,186.72531127929688,256701
2000-10-25,186.81825256347656,190.44308471679688,186.81825256347656,189.1418609619141,212007
2000-10-26,190.44308471679688,190.44308471679688,187.0970916748047,189.1418609619141,210119
2000-10-27,188.21241760253903,193.1384735107422,187.7476959228516,192.39491271972656,201971
2000-10-30,191.6513671875,194.25379943847656,190.16424560546875,193.0455322265625,88726
2000-10-31,194.3467559814453,196.01974487304688,190.721923828125,195.4620819091797,216261
2000-11-01,196.94918823242188,198.90103149414065,195.369140625,198.0645294189453,103870
2000-11-02,198.7151336669922,198.90103149414065,193.9749755859375,197.1350860595703,141072
2000-11-03,198.90103149414065,201.596420288086,195.4620819091797,200.29519653320312,168817
2000-11-06,202.4329071044922,202.4329071044922,193.51025390625,193.78907775878903,297723
2000-11-07,195.7409210205078,195.9268035888672,191.37252807617188,194.0679168701172,161196
2000-11-08,196.11268615722656,196.8562469482422,190.9078063964844,192.39491271972656,151124
2000-11-09,194.25379943847656,198.43630981445312,191.7443084716797,194.3467559814453,169463
2000-11-10,196.4844665527344,197.5998077392578,190.44308471679688,191.55841064453125,247580
2000-11-13,191.4654693603516,193.3243560791016,187.1900329589844,187.3759155273437,228576
2000-11-14,187.9335784912109,192.8596343994141,186.1676483154297,190.8148651123047,195455
2000-11-15,188.9559783935547,190.3501434326172,186.91119384765625,190.2572021484375,186656
2000-11-16,189.69952392578125,191.7443084716797,186.44647216796875,191.7443084716797,149704
2000-11-17,192.02313232421875,195.1832427978516,189.2348022460937,189.2348022460937,161163
2000-11-20,190.62896728515625,191.6513671875,184.68052673339844,186.0746917724609,153618
2000-11-21,186.0746917724609,193.23141479492188,186.0746917724609,192.1160888671875,152738
2000-11-22,190.16424560546875,192.2090301513672,187.7476959228516,189.69952392578125,140874
2000-11-23,190.2572021484375,190.9078063964844,186.81825256347656,189.1418609619141,96028
2000-11-24,189.9783630371093,191.8372497558593,187.9335784912109,190.8148651123047,160173
2000-11-27,190.53602600097656,197.87863159179688,190.53602600097656,195.369140625,301914
2000-11-28,196.11268615722656,197.5998077392578,193.0455322265625,193.51025390625,790530
2000-11-29,191.6513671875,197.22802734375,191.55841064453125,194.439697265625,118834
2000-11-30,193.4173126220703,196.01974487304688,190.07130432128903,193.3243560791016,206562
2000-12-01,193.3243560791016,197.7856903076172,193.3243560791016,194.0679168701172,208323
2000-12-04,195.1832427978516,195.7409210205078,191.55841064453125,191.6513671875,126857
2000-12-05,193.6961364746093,198.2504119873047,191.7443084716797,197.7856903076172,206853
2000-12-06,196.11268615722656,200.1092987060547,194.6255798339844,196.01974487304688,264033
2000-12-07,195.9268035888672,201.22463989257807,194.25379943847656,199.4586944580078,271993
2000-12-08,199.0869140625,203.1764678955078,198.9939727783203,198.9939727783203,255068
2000-12-11,198.90103149414065,209.310791015625,198.90103149414065,209.310791015625,435316
2000-12-12,207.08013916015625,209.58963012695312,206.80130004882807,206.80130004882807,524574
2000-12-13,206.80130004882807,209.1249084472656,200.29519653320312,201.9681854248047,285600
2000-12-14,202.61880493164065,202.61880493164065,197.1350860595703,197.6927490234375,220395
2000-12-15,199.73751831054688,205.2212371826172,197.0421295166016,200.4810791015625,297377
2000-12-18,200.4810791015625,208.56724548339844,200.4810791015625,208.38134765625,259943
2000-12-19,208.19546508789065,210.05435180664065,204.94241333007807,205.4071350097656,294014
2000-12-20,204.66357421875,204.66357421875,200.1092987060547,200.1092987060547,184834
2000-12-21,199.73751831054688,208.19546508789065,198.9939727783203,208.19546508789065,226631
2000-12-22,207.2660217285156,207.73074340820312,203.1764678955078,204.47769165039065,260874
2000-12-25,204.47769165039065,204.47769165039065,204.47769165039065,204.47769165039065,0
2000-12-26,204.47769165039065,204.47769165039065,204.47769165039065,204.47769165039065,0
2000-12-27,208.1025238037109,209.1249084472656,205.87185668945312,209.1249084472656,184913
2000-12-28,209.1249084472656,211.72735595703125,208.56724548339844,209.9614105224609,184073
2000-12-29,210.9837951660156,212.749740600586,206.5224609375,212.749740600586,214280
2001-01-01,212.749740600586,212.749740600586,212.749740600586,212.749740600586,0
2001-01-02,213.77212524414065,213.77212524414065,206.5224609375,210.1472930908203,120752
2001-01-03,206.80130004882807,212.8426818847656,206.4295196533203,211.91323852539065,213368
2001-01-04,213.58624267578125,215.63101196289065,204.66357421875,206.33657836914065,349475
2001-01-05,204.47769165039065,210.51907348632807,202.3399658203125,204.3847503662109,243867
2001-01-08,204.3847503662109,210.9837951660156,201.22463989257807,210.51907348632807,181875
2001-01-09,211.72735595703125,213.77212524414065,209.310791015625,212.8426818847656,353975
2001-01-10,212.4709014892578,216.467514038086,210.240234375,212.4709014892578,296420
2001-01-11,212.0061798095703,215.44512939453125,212.0061798095703,215.16629028320312,194550
2001-01-12,215.07334899902344,216.6534118652344,212.28501892089844,216.5604553222656,436086
2001-01-15,214.7015686035156,216.00279235839844,212.37796020507807,214.608627319336,100426
2001-01-16,213.6791839599609,215.16629028320312,207.5448608398437,211.8202972412109,354798
2001-01-17,211.0767364501953,214.23684692382807,210.9837951660156,212.749740600586,268619
2001-01-18,211.5414581298828,214.608627319336,211.1696929931641,213.1215209960937,184361
2001-01-19,211.44851684570312,217.48989868164065,211.44851684570312,216.09573364257807,310904
2001-01-22,216.6534118652344,218.6981811523437,212.56385803222656,214.42274475097656,261277
2001-01-23,211.35557556152344,217.02517700195312,211.35557556152344,215.63101196289065,248972
2001-01-24,215.63101196289065,215.63101196289065,215.63101196289065,215.63101196289065,0
2001-01-25,210.1472930908203,211.5414581298828,206.5224609375,206.8942413330078,562478
2001-01-26,206.8942413330078,206.8942413330078,206.8942413330078,206.8942413330078,0
2001-01-29,209.031967163086,209.031967163086,206.33657836914065,207.2660217285156,152953
2001-01-30,207.3589630126953,209.310791015625,203.5482482910156,208.2884063720703,165553
2001-01-31,208.8460693359375,210.42613220214844,203.1764678955078,209.2178497314453,266009
2001-02-01,208.2884063720703,213.1215209960937,208.2884063720703,212.8426818847656,298598
2001-02-02,212.4709014892578,213.30740356445312,209.2178497314453,210.6120147705078,211801
2001-02-05,212.09913635253903,212.4709014892578,209.49668884277344,211.91323852539065,258133
2001-02-06,211.44851684570312,212.19207763671875,207.8236846923828,212.19207763671875,238403
2001-02-07,209.310791015625,211.44851684570312,208.66018676757807,211.44851684570312,170540
2001-02-08,211.91323852539065,213.58624267578125,209.58963012695312,212.37796020507807,140505
2001-02-09,213.58624267578125,213.6791839599609,210.05435180664065,212.37796020507807,162798
2001-02-12,210.6120147705078,215.5380706787109,210.6120147705078,215.16629028320312,226790
2001-02-13,214.7015686035156,214.9804077148437,212.56385803222656,214.14390563964844,174921
2001-02-14,211.91323852539065,214.05096435546875,209.6825714111328,210.9837951660156,135133
2001-02-15,209.7755126953125,211.2626342773437,209.1249084472656,210.9837951660156,197396
2001-02-16,211.2626342773437,211.2626342773437,206.5224609375,208.1025238037109,233071
2001-02-19,206.33657836914065,210.70497131347656,204.66357421875,206.5224609375,203956
2001-02-20,206.4295196533203,208.00958251953125,203.6411895751953,204.66357421875,260484
2001-02-21,204.2917938232422,206.1506805419922,201.3175811767578,204.2917938232422,257151
2001-02-22,202.4329071044922,208.93902587890625,202.4329071044922,207.3589630126953,214828
2001-02-23,205.2212371826172,208.2884063720703,203.5482482910156,203.8270721435547,266243
2001-02-26,204.5706329345703,210.05435180664065,204.5706329345703,210.05435180664065,237686
2001-02-27,210.79791259765625,210.79791259765625,205.9647979736328,208.66018676757807,297515
2001-02-28,206.80130004882807,208.47430419921875,202.4329071044922,203.6411895751953,340542
2001-03-01,203.5482482910156,203.5482482910156,192.1160888671875,196.5774078369141,626872
2001-03-02,195.369140625,195.64796447753903,191.0936889648437,191.0936889648437,323761
2001-03-05,192.2090301513672,194.7185211181641,191.37252807617188,192.6737518310547,209468
2001-03-06,191.0007476806641,197.9715881347656,190.2572021484375,196.298583984375,209796
2001-03-07,196.4844665527344,202.4329071044922,195.09030151367188,202.15408325195312,284364
2001-03-08,202.61880493164065,202.7117462158203,195.369140625,197.0421295166016,261888
2001-03-09,193.9749755859375,195.1832427978516,190.62896728515625,192.39491271972656,311182
2001-03-12,190.62896728515625,192.8596343994141,190.53602600097656,190.8148651123047,210269
2001-03-13,189.1418609619141,191.6513671875,189.1418609619141,190.62896728515625,188834
2001-03-14,190.62896728515625,190.62896728515625,190.62896728515625,190.62896728515625,0
2001-03-15,184.0299224853516,184.95936584472656,179.84742736816406,182.1710357666016,378957
2001-03-16,180.3121490478516,184.58758544921875,178.91798400878906,178.91798400878906,281765
2001-03-19,179.7544708251953,184.0299224853516,176.9661407470703,182.1710357666016,334238
2001-03-20,182.26397705078125,189.6065826416016,182.26397705078125,189.6065826416016,253136
2001-03-21,185.79586791992188,186.44647216796875,178.63914489746094,181.24159240722656,491965
2001-03-22,180.86981201171875,180.86981201171875,170.36709594726562,174.6425323486328,538347
2001-03-23,174.6425323486328,180.12625122070312,173.8060302734375,175.47903442382812,282109
2001-03-26,179.84742736816406,189.69952392578125,176.9661407470703,189.4207000732422,534736
2001-03-27,190.16424560546875,190.16424560546875,183.286361694336,187.7476959228516,370155
2001-03-28,187.7476959228516,187.7476959228516,182.44985961914065,185.2381896972656,213838
2001-03-29,183.6581420898437,186.72531127929688,179.01092529296875,182.63575744628903,376281
2001-03-30,181.24159240722656,189.4207000732422,180.4980316162109,181.24159240722656,328063
2001-04-02,183.10047912597656,185.79586791992188,178.26736450195312,185.79586791992188,226333
2001-04-03,183.5652008056641,184.0299224853516,174.36370849609375,176.5014190673828,415910
2001-04-04,174.6425323486328,180.12625122070312,172.3189239501953,175.85081481933594,268620
2001-04-05,176.78025817871094,182.63575744628903,175.75787353515625,180.96275329589844,249140
2001-04-06,181.24159240722656,181.7063140869141,176.129638671875,179.01092529296875,259084
2001-04-09,176.5014190673828,181.98513793945312,176.129638671875,179.94036865234375,132637
2001-04-10,181.05569458007807,185.60997009277344,179.56858825683594,185.4240875244141,215751
2001-04-11,184.49464416503903,189.9783630371093,183.286361694336,189.6065826416016,264832
2001-04-12,189.6065826416016,189.6065826416016,184.95936584472656,184.95936584472656,148852
2001-04-13,184.95936584472656,184.95936584472656,184.95936584472656,184.95936584472656,0
2001-04-16,184.95936584472656,184.95936584472656,184.95936584472656,184.95936584472656,0
2001-04-17,181.7063140869141,184.77346801757807,180.86981201171875,183.19342041015625,138858
2001-04-18,183.10047912597656,186.72531127929688,181.33453369140625,186.2605895996093,148941
2001-04-19,187.65475463867188,190.3501434326172,183.3793029785156,184.0299224853516,425238
2001-04-20,184.0299224853516,185.8888092041016,178.63914489746094,181.24159240722656,477269
2001-04-23,181.24159240722656,183.00753784179688,177.33792114257812,180.2191925048828,294613
2001-04-24,179.47564697265625,184.2158050537109,177.98854064941406,178.3603057861328,388450
2001-04-25,174.270751953125,178.3603057861328,172.13304138183594,176.59437561035156,1039008
2001-04-26,176.68731689453125,179.38270568847656,175.75787353515625,177.70970153808594,922245
2001-04-27,178.26736450195312,181.7992553710937,176.78025817871094,181.6133728027344,918664
2001-04-30,181.7063140869141,184.0299224853516,179.94036865234375,180.40509033203125,341925
2001-05-01,180.40509033203125,180.40509033203125,180.40509033203125,180.40509033203125,0
2001-05-02,180.40509033203125,181.89219665527344,179.10386657714844,181.7992553710937,362685
2001-05-03,182.1710357666016,183.10047912597656,177.52381896972656,177.52381896972656,376517
2001-05-04,177.98854064941406,181.7992553710937,177.70970153808594,180.77687072753903,333845
2001-05-07,182.91458129882807,183.3793029785156,179.19680786132812,179.84742736816406,107538
2001-05-08,179.84742736816406,181.89219665527344,177.98854064941406,180.3121490478516,152516
2001-05-09,178.73208618164062,183.00753784179688,178.08148193359375,182.72869873046875,371523
2001-05-10,181.7992553710937,189.4207000732422,181.7992553710937,188.67713928222656,741199
2001-05-11,188.58419799804688,191.37252807617188,187.84063720703125,189.1418609619141,322324
2001-05-14,189.0489196777344,189.1418609619141,185.2381896972656,185.70291137695312,223670
2001-05-15,187.1900329589844,189.4207000732422,184.77346801757807,189.2348022460937,209143
2001-05-16,187.004135131836,189.6065826416016,184.68052673339844,185.60997009277344,262235
2001-05-17,188.4912567138672,189.9783630371093,186.0746917724609,188.67713928222656,240843
2001-05-18,188.21241760253903,194.5326385498047,188.21241760253903,194.5326385498047,333872
2001-05-21,194.8114776611328,194.8114776611328,190.721923828125,193.8820343017578,199732
2001-05-22,193.8820343017578,198.7151336669922,193.3243560791016,196.8562469482422,575590
2001-05-23,198.157470703125,198.6221923828125,195.4620819091797,195.4620819091797,175667
2001-05-24,195.2761993408203,197.0421295166016,194.3467559814453,195.1832427978516,74065
2001-05-25,195.64796447753903,195.64796447753903,192.1160888671875,193.9749755859375,162543
2001-05-28,193.8820343017578,196.01974487304688,193.6031951904297,194.7185211181641,193394
2001-05-29,194.6255798339844,196.01974487304688,192.2090301513672,193.78907775878903,146669
2001-05-30,192.8596343994141,194.7185211181641,191.55841064453125,191.55841064453125,1157353
2001-05-31,192.39491271972656,194.6255798339844,190.53602600097656,190.53602600097656,383063
2001-06-01,192.8596343994141,192.8596343994141,188.863021850586,190.53602600097656,192200
2001-06-04,190.53602600097656,190.53602600097656,190.53602600097656,190.53602600097656,0
2001-06-05,189.69952392578125,192.30197143554688,189.32774353027344,192.30197143554688,104698
2001-06-06,192.39491271972656,193.9749755859375,190.8148651123047,191.4654693603516,152790
2001-06-07,191.4654693603516,191.4654693603516,188.1194763183593,189.0489196777344,240910
2001-06-08,188.67713928222656,188.77008056640625,186.0746917724609,186.0746917724609,134566
2001-06-11,186.81825256347656,188.67713928222656,184.68052673339844,185.2381896972656,260468
2001-06-12,184.4017028808593,185.8888092041016,180.96275329589844,181.33453369140625,307566
2001-06-13,181.33453369140625,184.86642456054688,181.33453369140625,184.4017028808593,245275
2001-06-14,181.427474975586,183.00753784179688,180.77687072753903,181.24159240722656,243170
2001-06-15,179.2897491455078,180.59097290039065,176.68731689453125,177.05909729003906,550380
2001-06-18,177.05909729003906,177.8955841064453,172.96954345703125,173.89898681640625,403504
2001-06-19,173.62014770507812,174.7354736328125,167.02108764648438,172.411865234375,700907
2001-06-20,172.411865234375,172.411865234375,159.8643798828125,160.14320373535156,1886937
2001-06-21,161.53736877441406,164.79042053222656,156.2395477294922,161.7232666015625,1233736
2001-06-22,163.4892120361328,163.5821533203125,159.399658203125,159.8643798828125,527096
2001-06-25,162.0950469970703,164.046875,159.30670166015625,159.399658203125,458620
2001-06-26,159.399658203125,159.9573211669922,154.47360229492188,159.9573211669922,742667
2001-06-27,160.7008819580078,160.7008819580078,155.7748260498047,158.0054931640625,332902
2001-06-28,158.74903869628906,158.74903869628906,154.75242614746094,155.7748260498047,431999
2001-06-29,156.51837158203125,160.7938232421875,155.49598693847656,158.9349365234375,553781
2001-07-02,159.9573211669922,164.32569885253906,158.74903869628906,162.6527099609375,286391
2001-07-03,163.76803588867188,164.23275756835938,160.3291015625,162.18798828125,152091
2001-07-04,162.7456512451172,163.4892120361328,158.28431701660156,158.65609741210938,246902
2001-07-05,157.72665405273438,158.47021484375,154.75242614746094,155.68186950683594,352094
2001-07-06,154.47360229492188,155.96070861816406,151.22055053710938,153.4512176513672,246382
2001-07-09,153.35826110839844,154.00888061523438,150.19815063476562,153.17237854003906,255503
2001-07-10,151.49937438964844,154.00888061523438,146.85215759277344,149.54754638671875,469361
2001-07-11,146.94509887695312,148.89694213867188,145.92271423339844,147.59571838378906,399247
2001-07-12,153.35826110839844,153.9159393310547,148.98988342285156,150.01226806640625,636348
2001-07-13,150.56993103027344,151.49937438964844,148.06044006347656,149.91932678222656,503066
2001-07-16,150.29110717773438,154.19476318359375,148.61810302734375,153.63710021972656,283639
2001-07-17,152.5217742919922,155.12420654296875,151.12759399414062,154.47360229492188,256423
2001-07-18,156.51837158203125,157.35487365722656,154.56654357910156,155.7748260498047,618458
2001-07-19,157.26193237304688,158.37725830078125,154.47360229492188,158.0984344482422,482203
2001-07-20,158.0054931640625,158.19137573242188,155.3101043701172,155.3101043701172,252166
2001-07-23,155.21714782714844,158.19137573242188,155.03126525878906,156.2395477294922,202371
2001-07-24,156.2395477294922,157.6337127685547,153.4512176513672,154.93832397460938,154816
2001-07-25,156.1466064453125,156.1466064453125,151.49937438964844,152.14999389648438,199720
2001-07-26,154.28770446777344,154.28770446777344,151.22055053710938,151.96409606933594,331371
2001-07-27,153.07943725585938,157.1689910888672,152.42881774902344,157.1689910888672,630655
2001-07-30,157.0760498046875,158.28431701660156,154.47360229492188,157.540771484375,302762
2001-07-31,157.91253662109375,157.91253662109375,154.93832397460938,156.98309326171875,290001
2001-08-01,155.68186950683594,159.21376037597656,155.58892822265625,157.540771484375,203464
2001-08-02,158.0054931640625,159.8643798828125,156.98309326171875,157.26193237304688,262307
2001-08-03,156.2395477294922,157.6337127685547,153.9159393310547,155.03126525878906,197008
2001-08-06,156.1466064453125,156.89015197753906,152.80059814453125,152.9864959716797,308949
2001-08-07,152.9864959716797,152.9864959716797,148.89694213867188,150.38404846191406,449187
2001-08-08,150.47698974609375,151.87115478515625,149.17576599121094,150.75582885742188,134477
2001-08-09,149.82638549804688,151.40643310546875,148.15338134765625,148.15338134765625,259452
2001-08-10,149.26870727539062,150.56993103027344,147.78160095214844,147.78160095214844,171492
2001-08-13,149.54754638671875,152.33587646484375,148.33926391601562,151.49937438964844,291179
2001-08-14,151.59231567382812,153.82298278808594,150.75582885742188,151.03465270996094,232672
2001-08-15,150.56993103027344,152.33587646484375,150.10520935058594,150.10520935058594,64796
2001-08-16,150.56993103027344,151.31349182128906,148.33926391601562,148.52516174316406,234427
2001-08-17,149.36166381835938,149.36166381835938,144.99327087402344,146.29449462890625,234568
2001-08-20,147.31687927246094,147.78160095214844,144.99327087402344,145.92271423339844,164231
2001-08-21,147.31687927246094,147.5027618408203,144.99327087402344,145.45799255371094,197038
2001-08-22,144.80738830566406,148.52516174316406,144.15676879882812,145.55093383789062,221451
2001-08-23,145.45799255371094,147.22393798828125,144.2497100830078,147.0380401611328,172117
2001-08-24,147.40982055664062,150.38404846191406,146.94509887695312,149.17576599121094,184305
2001-08-27,150.47698974609375,151.59231567382812,147.68865966796875,147.9674835205078,121489
2001-08-28,147.68865966796875,148.89694213867188,143.3202667236328,144.99327087402344,332642
2001-08-29,143.8779296875,146.75921630859375,142.66966247558594,144.2497100830078,1022416
2001-08-30,144.7144317626953,145.73683166503906,138.95188903808594,139.6954345703125,318030
2001-08-31,139.41661071777344,141.64727783203125,137.7436065673828,137.7436065673828,225457
2001-09-03,139.04483032226562,139.04483032226562,135.0482177734375,135.9776611328125,180725
2001-09-04,137.371826171875,138.7659912109375,133.93289184570312,136.16355895996094,299416
2001-09-05,135.512939453125,135.512939453125,130.86572265625,132.44577026367188,384877
2001-09-06,134.30465698242188,134.58349609375,128.4491729736328,131.2375030517578,516364
2001-09-07,130.21510314941406,133.1893310546875,128.4491729736328,130.4939422607422,443877
2001-09-10,128.26327514648438,129.936279296875,123.33722686767578,129.19271850585938,517788
2001-09-11,129.19271850585938,132.44577026367188,118.31822967529295,123.80194854736328,617508
2001-09-12,113.85689544677734,123.15133666992188,113.02039337158205,117.10994720458984,800504
2001-09-13,118.96883392333984,119.24767303466795,114.41455841064452,118.69000244140624,497646
2001-09-14,116.64522552490234,120.64183807373048,109.02378845214844,109.86028289794922,594162
2001-09-17,109.67440032958984,112.36978149414062,103.16828918457033,112.36978149414062,675105
2001-09-18,109.58145141601562,110.51089477539062,105.21306610107422,105.7707290649414,485238
2001-09-19,106.79312133789062,109.48851013183594,99.63639831542967,101.7741241455078,453222
2001-09-20,102.42473602294922,104.09773254394533,90.34196472167967,94.05973815917967,864938
2001-09-21,92.94440460205078,102.23884582519533,90.20254516601562,97.12689971923828,1126239
2001-09-24,98.05634307861328,102.5176773071289,97.6845703125,102.42473602294922,559628
2001-09-25,100.37995910644533,106.7001724243164,98.70695495605467,104.93423461914062,552490
2001-09-26,103.4471206665039,108.55906677246094,103.4471206665039,106.88606262207033,375658
2001-09-27,107.81550598144533,113.85689544677734,107.81550598144533,112.18389892578124,746849
2001-09-28,113.94983673095705,117.48172760009766,110.60384368896484,112.55567169189452,676324
2001-10-01,115.71578216552734,115.71578216552734,108.83789825439452,108.83789825439452,337810
2001-10-02,111.06856536865234,111.25445556640624,105.4918975830078,109.76734161376952,529549
2001-10-03,110.51089477539062,110.51089477539062,103.35417938232422,109.11672973632812,660608
2001-10-04,111.06856536865234,115.15811920166016,109.76734161376952,115.15811920166016,520347
2001-10-05,114.87928009033205,115.99461364746094,112.55567169189452,113.76394653320312,239283
2001-10-08,113.20628356933594,116.08756256103516,109.30261993408205,115.43695068359376,282480
2001-10-09,116.18050384521484,119.43355560302734,114.13572692871094,118.87589263916016,553070
2001-10-10,117.76055908203124,126.68321990966795,116.36639404296876,126.59027862548828,527859
2001-10-11,126.40438842773438,126.40438842773438,119.71239471435548,122.22189331054688,613843
2001-10-12,123.61605834960938,123.61605834960938,119.06178283691406,119.99122619628906,372134
2001-10-15,120.82772827148438,120.82772827148438,115.25106048583984,117.01700592041016,491321
2001-10-16,117.20289611816406,119.52650451660156,116.18050384521484,117.10994720458984,393268
2001-10-17,118.96883392333984,122.22189331054688,118.22528076171876,121.75717163085938,381156
2001-10-18,119.43355560302734,122.50072479248048,118.41117095947266,118.87589263916016,341505
2001-10-19,118.50411224365234,119.89827728271484,117.10994720458984,118.22528076171876,410608
2001-10-22,118.96883392333984,119.89827728271484,116.45933532714844,119.06178283691406,137243
2001-10-23,116.92405700683594,125.28905487060548,116.83111572265624,122.96544647216795,642480
2001-10-24,122.96544647216795,129.0068359375,121.85011291503906,125.93966674804688,1110698
2001-10-25,128.077392578125,129.3786163330078,124.73139190673828,125.28905487060548,867159
2001-10-26,127.7056121826172,129.0068359375,125.47494506835938,127.51972198486328,394909
2001-10-29,127.79855346679688,127.79855346679688,125.56788635253906,125.56788635253906,393993
2001-10-30,120.82772827148438,122.22189331054688,116.08756256103516,117.10994720458984,1962178
2001-10-31,117.57466888427734,118.87589263916016,117.10994720458984,118.87589263916016,1364854
2001-11-01,118.03939056396484,121.75717163085938,117.57466888427734,121.75717163085938,331364
2001-11-02,120.82772827148438,121.66422271728516,120.17711639404295,121.57128143310548,343735
2001-11-05,122.40778350830078,124.82433319091795,121.66422271728516,123.80194854736328,406874
2001-11-06,124.26667022705078,125.66083526611328,123.61605834960938,123.61605834960938,428761
2001-11-07,125.01022338867188,125.93966674804688,123.24427795410156,125.75377655029295,410995
2001-11-08,124.54550170898438,127.98444366455078,124.26667022705078,126.12555694580078,469787
2001-11-09,125.66083526611328,127.05500030517578,125.10316467285156,125.47494506835938,570726
2001-11-12,123.80194854736328,123.80194854736328,119.15472412109376,120.82772827148438,624003
2001-11-13,122.12894439697266,124.45256042480467,122.12894439697266,124.35961151123048,458428
2001-11-14,123.61605834960938,127.14794158935548,123.61605834960938,125.8467254638672,495853
2001-11-15,126.9620590209961,132.2598876953125,126.40438842773438,131.05160522460938,1238178
2001-11-16,131.05160522460938,133.7469940185547,130.3080596923828,132.91049194335938,850191
2001-11-19,134.4905548095703,140.5319366455078,133.5611114501953,139.41661071777344,764757
2001-11-20,141.9261016845703,142.4837646484375,136.72122192382812,138.7659912109375,799993
2001-11-21,138.02244567871094,138.58010864257812,136.9071044921875,138.11538696289062,446705
2001-11-22,136.8141632080078,141.089599609375,136.8141632080078,139.1377716064453,377304
2001-11-23,139.1377716064453,139.1377716064453,135.79177856445312,137.7436065673828,322578
2001-11-26,139.230712890625,139.41661071777344,133.37521362304688,133.37521362304688,610439
2001-11-27,135.0482177734375,136.3494415283203,133.46817016601562,134.58349609375,514453
2001-11-28,133.83993530273438,135.69883728027344,133.654052734375,134.0258331298828,1633939
2001-11-29,133.37521362304688,136.9071044921875,132.6316680908203,134.86233520507812,460221
2001-11-30,136.3494415283203,137.2788848876953,135.0482177734375,136.5353240966797,581263
2001-12-03,135.0482177734375,136.16355895996094,133.5611114501953,135.4199981689453,337923
2001-12-04,136.16355895996094,141.27549743652344,135.4199981689453,140.71783447265625,837195
2001-12-05,142.01904296875,143.22732543945312,140.34605407714844,141.64727783203125,603994
2001-12-06,143.04144287109375,145.82977294921875,141.74021911621094,144.62149047851562,647364
2001-12-07,144.2497100830078,145.45799255371094,142.3908233642578,143.97088623046875,244012
2001-12-10,142.8555450439453,144.80738830566406,142.20494079589844,142.66966247558594,231111
2001-12-11,142.29788208007812,144.2497100830078,140.16015625,140.81077575683594,272006
2001-12-12,142.20494079589844,143.4132080078125,140.0672149658203,141.27549743652344,239926
2001-12-13,142.01904296875,142.948486328125,137.2788848876953,138.6730499267578,493958
2001-12-14,137.4647674560547,137.4647674560547,133.37521362304688,133.83993530273438,553569
2001-12-17,135.4199981689453,135.8847198486328,133.46817016601562,134.6764373779297,357022
2001-12-18,135.4199981689453,138.7659912109375,134.30465698242188,135.69883728027344,425799
2001-12-19,134.0258331298828,135.69883728027344,130.4939422607422,132.1669464111328,823878
2001-12-20,132.1669464111328,133.37521362304688,130.12216186523438,131.05160522460938,428476
2001-12-21,129.8433380126953,133.7469940185547,129.3786163330078,131.05160522460938,509573
2001-12-24,129.8433380126953,132.3528289794922,129.75038146972656,131.3304443359375,47339
2001-12-25,131.3304443359375,131.3304443359375,131.3304443359375,131.3304443359375,0
2001-12-26,131.3304443359375,131.3304443359375,131.3304443359375,131.3304443359375,0
2001-12-27,130.4010009765625,135.1411590576172,130.3080596923828,134.6764373779297,317043
2001-12-28,135.69883728027344,136.25650024414062,132.91049194335938,134.39761352539062,359056
2001-12-31,134.39761352539062,134.39761352539062,134.39761352539062,134.39761352539062,0
2002-01-01,134.39761352539062,134.39761352539062,134.39761352539062,134.39761352539062,0
2002-01-02,135.512939453125,136.9071044921875,134.30465698242188,134.30465698242188,273398
2002-01-03,136.16355895996094,139.230712890625,135.6058807373047,138.95188903808594,459978
2002-01-04,139.32366943359375,143.7849884033203,138.95188903808594,141.9261016845703,493728
2002-01-07,142.11199951171875,142.8555450439453,138.8589324951172,140.16015625,418826
2002-01-08,138.7659912109375,139.6954345703125,137.55772399902344,137.9294891357422,458386
2002-01-09,139.88133239746094,139.88133239746094,135.79177856445312,137.65066528320312,450587
2002-01-10,135.512939453125,137.09300231933594,133.46817016601562,134.76937866210938,323634
2002-01-11,135.512939453125,136.5353240966797,133.83993530273438,135.6058807373047,317999
2002-01-14,134.39761352539062,134.76937866210938,131.05160522460938,131.2375030517578,315653
2002-01-15,131.3304443359375,132.91049194335938,130.3080596923828,130.86572265625,453941
2002-01-16,130.86572265625,131.8881072998047,129.19271850585938,130.86572265625,426554
2002-01-17,123.61605834960938,123.9878387451172,117.76055908203124,119.06178283691406,2678687
2002-01-18,117.38877868652344,119.89827728271484,115.99461364746094,119.43355560302734,808917
2002-01-21,119.06178283691406,119.15472412109376,116.27345275878906,118.03939056396484,345117
2002-01-22,118.50411224365234,119.89827728271484,117.66761779785156,117.94644927978516,322177
2002-01-23,118.69000244140624,118.69000244140624,112.55567169189452,113.85689544677734,839280
2002-01-24,114.60044860839844,115.62284088134766,112.55567169189452,113.39217376708984,686041
2002-01-25,113.85689544677734,114.04278564453124,112.36978149414062,113.94983673095705,390084
2002-01-28,114.13572692871094,117.38877868652344,114.13572692871094,115.15811920166016,357876
2002-01-29,116.08756256103516,116.83111572265624,113.94983673095705,114.41455841064452,713509
2002-01-30,113.67100524902344,113.67100524902344,111.53328704833984,112.36978149414062,599814
2002-01-31,112.74156188964844,114.32161712646484,109.20967864990234,111.25445556640624,690287
2002-02-01,112.27684020996094,112.27684020996094,110.04617309570312,110.97561645507812,347350
2002-02-04,111.53328704833984,111.53328704833984,108.09434509277344,109.20967864990234,305031
2002-02-05,107.81550598144533,108.65200805664062,103.0753402709961,104.93423461914062,1912046
2002-02-06,104.3765640258789,105.58484649658205,101.8670654296875,102.5176773071289,1134950
2002-02-07,101.96001434326172,106.60723114013672,101.7741241455078,104.6553955078125,933325
2002-02-08,104.74834442138672,106.4213409423828,103.6330108642578,104.46951293945312,448831
2002-02-11,105.86367797851562,110.23206329345705,105.86367797851562,108.93083953857422,1017611
2002-02-12,109.39556121826172,110.04617309570312,105.4918975830078,107.53667449951172,547581
2002-02-13,107.90845489501952,109.95323181152344,107.25784301757812,108.00139617919922,453207
2002-02-14,109.48851013183594,114.97222900390624,108.74494934082033,113.39217376708984,1294910
2002-02-15,112.92745208740234,113.11334228515624,110.13912200927734,110.78972625732422,490199
2002-02-18,111.53328704833984,112.18389892578124,109.76734161376952,110.69678497314452,138110
2002-02-19,109.67440032958984,110.78972625732422,109.02378845214844,109.11672973632812,630346
2002-02-20,109.76734161376952,111.25445556640624,109.20967864990234,110.04617309570312,293409
2002-02-21,111.71917724609376,111.71917724609376,108.93083953857422,110.13912200927734,337345
2002-02-22,108.74494934082033,109.67440032958984,106.88606262207033,108.2802276611328,406717
2002-02-25,107.3507843017578,107.53667449951172,104.09773254394533,107.25784301757812,670051
2002-02-26,106.88606262207033,113.11334228515624,106.7001724243164,110.60384368896484,690913
2002-02-27,110.78972625732422,113.11334228515624,110.78972625732422,111.99800872802734,347129
2002-02-28,111.53328704833984,113.39217376708984,111.16150665283205,112.36978149414062,327615
2002-03-01,112.83450317382812,117.29583740234376,111.99800872802734,116.73817443847656,468954
2002-03-04,118.13233947753906,120.45594787597656,117.38877868652344,119.89827728271484,791423
2002-03-05,120.17711639404295,120.73477935791016,117.85350036621094,118.96883392333984,530749
2002-03-06,119.80533599853516,121.57128143310548,118.59706115722656,121.38539123535156,520272
2002-03-07,121.66422271728516,125.19611358642578,121.19950103759766,122.77955627441406,690202
2002-03-08,122.68661499023438,124.08078002929688,120.64183807373048,121.75717163085938,345999
2002-03-11,121.29244995117188,122.68661499023438,119.15472412109376,119.15472412109376,482616
2002-03-12,119.89827728271484,119.89827728271484,118.13233947753906,118.96883392333984,385962
2002-03-13,118.96883392333984,120.64183807373048,118.41117095947266,118.69000244140624,348726
2002-03-14,119.34061431884766,119.80533599853516,116.83111572265624,118.50411224365234,344967
2002-03-15,118.03939056396484,121.66422271728516,117.76055908203124,121.66422271728516,391383
2002-03-18,122.68661499023438,124.63844299316406,121.38539123535156,123.05838775634766,397454
2002-03-19,122.31483459472656,124.08078002929688,122.31483459472656,122.96544647216795,295664
2002-03-20,122.96544647216795,123.52310943603516,121.10655975341795,122.68661499023438,344638
2002-03-21,123.15133666992188,123.15133666992188,120.54888916015624,121.01361083984376,296949
2002-03-22,120.82772827148438,123.05838775634766,120.36300659179688,121.75717163085938,363387
2002-03-25,121.85011291503906,126.0326156616211,120.54888916015624,125.19611358642578,613120
2002-03-26,123.24427795410156,126.4973373413086,123.24427795410156,126.12555694580078,410583
2002-03-27,126.40438842773438,126.40438842773438,125.19611358642578,125.93966674804688,367532
2002-03-28,126.40438842773438,127.61266326904295,125.66083526611328,126.21849822998048,618734
2002-03-29,125.93966674804688,125.93966674804688,125.93966674804688,125.93966674804688,0
2002-04-01,125.93966674804688,125.93966674804688,125.93966674804688,125.93966674804688,0
2002-04-02,124.63844299316406,126.9620590209961,124.35961151123048,125.10316467285156,688941
2002-04-03,124.17372131347656,125.47494506835938,123.70899963378906,125.47494506835938,392606
2002-04-04,124.54550170898438,125.19611358642578,120.54888916015624,121.29244995117188,586241
2002-04-05,122.22189331054688,122.22189331054688,116.27345275878906,116.45933532714844,1004242
2002-04-08,116.45933532714844,117.85350036621094,115.06517028808594,115.43695068359376,417389
2002-04-09,116.18050384521484,118.59706115722656,115.80872344970705,117.29583740234376,342580
2002-04-10,116.36639404296876,120.36300659179688,116.36639404296876,120.36300659179688,459218
2002-04-11,119.89827728271484,122.96544647216795,119.80533599853516,119.80533599853516,512752
2002-04-12,120.27005767822266,120.82772827148438,118.50411224365234,119.52650451660156,308212
2002-04-15,120.27005767822266,120.27005767822266,118.50411224365234,119.43355560302734,250732
2002-04-16,119.89827728271484,119.89827728271484,117.85350036621094,119.43355560302734,424111
2002-04-17,119.89827728271484,121.29244995117188,119.06178283691406,119.24767303466795,263370
2002-04-18,119.80533599853516,120.92066955566406,118.50411224365234,119.52650451660156,400566
2002-04-19,118.78295135498048,119.43355560302734,116.64522552490234,118.69000244140624,570762
2002-04-22,118.96883392333984,119.43355560302734,118.13233947753906,118.59706115722656,258908
2002-04-23,117.66761779785156,121.29244995117188,117.66761779785156,119.61944580078124,502488
2002-04-24,119.52650451660156,120.36300659179688,118.50411224365234,119.71239471435548,216473
2002-04-25,119.24767303466795,119.52650451660156,117.10994720458984,119.34061431884766,432729
2002-04-26,118.69000244140624,119.80533599853516,116.83111572265624,118.41117095947266,879461
2002-04-29,117.66761779785156,118.87589263916016,116.45933532714844,118.31822967529295,359049
2002-04-30,117.76055908203124,118.41117095947266,115.06517028808594,117.10994720458984,634614
2002-05-01,117.10994720458984,117.10994720458984,117.10994720458984,117.10994720458984,0
2002-05-02,117.10994720458984,117.94644927978516,113.57806396484376,115.25106048583984,408003
2002-05-03,115.25106048583984,117.57466888427734,113.67100524902344,114.60044860839844,319447
2002-05-06,114.13572692871094,115.62284088134766,113.57806396484376,114.78633880615234,210786
2002-05-07,113.48511505126952,113.94983673095705,112.27684020996094,113.29922485351562,1065482
2002-05-08,113.57806396484376,116.18050384521484,113.20628356933594,115.43695068359376,287300
2002-05-09,116.18050384521484,116.18050384521484,113.76394653320312,115.34400177001952,122820
2002-05-10,114.97222900390624,115.15811920166016,113.02039337158205,113.57806396484376,167450
2002-05-13,112.83450317382812,114.69339752197266,112.46273040771484,114.69339752197266,170372
2002-05-14,114.78633880615234,119.61944580078124,114.22866821289062,119.34061431884766,633625
2002-05-15,119.89827728271484,121.38539123535156,119.34061431884766,120.82772827148438,486654
2002-05-16,120.64183807373048,122.03600311279295,119.43355560302734,120.45594787597656,334256
2002-05-17,121.47833251953124,121.94305419921876,118.78295135498048,119.43355560302734,474499
2002-05-20,118.96883392333984,120.64183807373048,118.87589263916016,119.43355560302734,118809
2002-05-21,118.78295135498048,120.82772827148438,118.50411224365234,120.45594787597656,513588
2002-05-22,119.71239471435548,120.64183807373048,116.92405700683594,117.29583740234376,515071
2002-05-23,118.03939056396484,118.78295135498048,116.73817443847656,117.38877868652344,296924
2002-05-24,118.96883392333984,120.36300659179688,118.59706115722656,119.52650451660156,325204
2002-05-27,118.69000244140624,121.19950103759766,118.69000244140624,119.52650451660156,310032
2002-05-28,119.89827728271484,122.59366607666016,119.89827728271484,121.85011291503906,475926
2002-05-29,121.29244995117188,125.47494506835938,121.29244995117188,124.63844299316406,737557
2002-05-30,124.63844299316406,124.63844299316406,122.31483459472656,122.77955627441406,497512
2002-05-31,123.52310943603516,125.93966674804688,122.87250518798828,122.96544647216795,644613
2002-06-03,123.15133666992188,126.40438842773438,122.77955627441406,123.33722686767578,709699
2002-06-04,123.15133666992188,123.15133666992188,119.61944580078124,119.89827728271484,487774
2002-06-05,120.08416748046876,120.82772827148438,118.69000244140624,118.96883392333984,469353
2002-06-06,119.06178283691406,123.24427795410156,118.87589263916016,122.03600311279295,415757
2002-06-07,117.20289611816406,119.61944580078124,117.20289611816406,119.06178283691406,944549
2002-06-10,119.43355560302734,120.36300659179688,117.10994720458984,117.10994720458984,306709
2002-06-11,116.45933532714844,122.68661499023438,115.90167236328124,122.59366607666016,440849
2002-06-12,121.38539123535156,121.38539123535156,119.43355560302734,119.71239471435548,517599
2002-06-13,119.99122619628906,120.82772827148438,116.36639404296876,118.03939056396484,521492
2002-06-14,117.10994720458984,118.13233947753906,111.16150665283205,112.74156188964844,998578
2002-06-17,113.39217376708984,115.80872344970705,113.11334228515624,114.22866821289062,585410
2002-06-18,115.90167236328124,117.94644927978516,114.22866821289062,117.10994720458984,580891
2002-06-19,114.41455841064452,115.80872344970705,113.94983673095705,114.32161712646484,422355
2002-06-20,113.94983673095705,115.99461364746094,113.11334228515624,113.76394653320312,760267
2002-06-21,112.92745208740234,113.76394653320312,109.95323181152344,111.16150665283205,712972
2002-06-24,111.06856536865234,111.06856536865234,107.16490173339844,108.74494934082033,854888
2002-06-25,110.78972625732422,112.09095001220705,110.32500457763672,112.09095001220705,529982
2002-06-26,108.00139617919922,110.32500457763672,107.3507843017578,110.04617309570312,528854
2002-06-27,111.06856536865234,111.53328704833984,107.3507843017578,108.65200805664062,689063
2002-06-28,111.06856536865234,112.27684020996094,108.83789825439452,111.62622833251952,561126
2002-07-01,110.13912200927734,115.06517028808594,109.76734161376952,110.97561645507812,330204
2002-07-02,109.67440032958984,112.46273040771484,107.44373321533205,107.81550598144533,406076
2002-07-03,108.09434509277344,109.48851013183594,92.01496124267578,95.1750717163086,2105537
2002-07-04,98.05634307861328,98.05634307861328,93.7809066772461,95.26801300048828,854943
2002-07-05,97.12689971923828,98.8928451538086,96.19745635986328,98.52106475830078,646222
2002-07-08,98.98578643798828,101.1235122680664,94.89623260498048,95.82568359375,652615
2002-07-09,96.1045150756836,98.52106475830078,90.48137664794922,93.40912628173828,932203
2002-07-10,91.17845916748048,91.55023956298828,84.20762634277344,86.15946197509766,1417619
2002-07-11,83.6034927368164,87.55362701416016,81.3728256225586,86.2059326171875,1226176
2002-07-12,90.06312561035156,90.15607452392578,82.25579833984375,82.25579833984375,715961
2002-07-15,81.79107666015625,85.23001861572266,72.49663543701172,73.47254943847656,1761117
2002-07-16,76.12146759033203,76.67913055419922,70.2659683227539,74.03022003173828,1356186
2002-07-17,73.5190200805664,80.86163330078125,73.5190200805664,77.56210327148438,1507527
2002-07-18,79.46746826171875,85.13707733154297,77.23680114746094,84.57940673828125,1703179
2002-07-19,82.72052001953125,82.72052001953125,79.93218994140625,81.32635498046875,811190
2002-07-22,80.95457458496094,83.18524169921875,78.53801727294922,81.23340606689453,889608
2002-07-23,81.41929626464844,83.27818298339844,75.61027526855469,76.81855010986328,1423470
2002-07-24,76.40029907226562,78.44507598876953,69.70830535888672,74.35552215576172,1064509
2002-07-25,79.00274658203125,80.21102142333984,74.82024383544922,76.95796966552734,643012
2002-07-26,75.37791442871094,80.39691162109375,71.6601333618164,79.60688018798828,633216
2002-07-29,79.93218994140625,85.78768157958984,79.6998291015625,85.50885009765625,1163901
2002-07-30,85.88063049316406,86.670654296875,81.00104522705078,83.74290466308594,643610
2002-07-31,85.41590881347656,87.27479553222656,79.93218994140625,82.72052001953125,657918
2002-08-01,83.6034927368164,84.30057525634766,77.32974243164062,77.84093475341797,499809
2002-08-02,78.67743682861328,79.93218994140625,75.28496551513672,75.88910675048828,545242
2002-08-05,77.09738159179688,77.09738159179688,70.49832916259766,71.24188232421875,714691
2002-08-06,69.70830535888672,73.89080047607422,67.24527740478516,72.91488647460938,1130259
2002-08-07,73.75138092041016,77.05091094970703,73.24018859863281,74.26258087158203,588820
2002-08-08,76.02851867675781,76.21440887451172,73.5190200805664,75.14555358886719,837693
2002-08-09,76.02851867675781,77.32974243164062,74.35552215576172,75.74968719482422,747102
2002-08-12,76.07499694824219,76.07499694824219,72.96135711669922,74.03022003173828,476866
2002-08-13,75.19202423095703,75.33143615722656,72.26427459716797,73.33313751220703,353773
2002-08-14,72.07838439941406,72.31074523925781,69.24358367919922,69.24358367919922,443651
2002-08-15,71.79955291748047,73.33313751220703,70.82363891601562,72.07838439941406,300685
2002-08-16,72.49663543701172,73.42607879638672,65.2469711303711,66.91996765136719,780317
2002-08-19,67.84941864013672,68.73238372802734,63.20219421386719,67.1058578491211,975719
2002-08-20,66.3623046875,69.150634765625,66.3623046875,68.77886199951172,642371
2002-08-21,69.150634765625,72.17132568359375,68.26766204833984,71.009521484375,825626
2002-08-22,79.56040954589844,87.08890533447266,79.00274658203125,83.74290466308594,3425953
2002-08-23,85.18354797363281,87.3212661743164,82.72052001953125,82.81346130371094,910604
2002-08-26,82.72052001953125,84.0682144165039,79.9786605834961,79.9786605834961,360856
2002-08-27,80.16455078125,84.3470458984375,80.16455078125,84.3470458984375,595263
2002-08-28,81.79107666015625,83.64996337890625,79.00274658203125,79.14215850830078,2119312
2002-08-29,79.6998291015625,79.6998291015625,76.40029907226562,76.53971862792969,568645
2002-08-30,77.84093475341797,80.21102142333984,75.84263610839844,77.60857391357422,620896
2002-09-02,78.07329559326172,78.44507598876953,75.88910675048828,75.88910675048828,319822
2002-09-03,73.89080047607422,75.65674591064453,72.5895767211914,72.77546691894531,992293
2002-09-04,72.5895767211914,75.28496551513672,70.82363891601562,74.95966339111328,481543
2002-09-05,75.84263610839844,76.77207946777344,71.6601333618164,73.84432983398438,757796
2002-09-06,73.42607879638672,77.14385223388672,72.31074523925781,76.49324035644531,411273
2002-09-09,76.86502075195312,77.09738159179688,74.82024383544922,75.84263610839844,286504
2002-09-10,76.91149139404297,79.83924102783203,76.35382843017578,79.83924102783203,463422
2002-09-11,80.30396270751953,81.69812774658203,78.21271514892578,79.14215850830078,421801
2002-09-12,77.56210327148438,79.46746826171875,75.84263610839844,76.44676971435547,367626
2002-09-13,76.63265991210938,76.67913055419922,73.42607879638672,73.56549835205078,477432
2002-09-16,74.35552215576172,75.14555358886719,73.33313751220703,74.12316131591797,520771
2002-09-17,75.74968719482422,77.14385223388672,72.86841583251953,73.61196899414062,402878
2002-09-18,72.86841583251953,73.56549835205078,67.84941864013672,69.94066619873047,753959
2002-09-19,70.21949768066406,70.82363891601562,65.94405364990234,65.99052429199219,788394
2002-09-20,65.99052429199219,66.91996765136719,63.20219421386719,65.99052429199219,2233703
2002-09-23,65.99052429199219,67.38468933105469,62.36569595336914,62.36569595336914,1079245
2002-09-24,62.55158233642578,63.99222183227539,59.57736206054688,61.11094665527344,818818
2002-09-25,59.99561309814453,63.75986099243164,59.99561309814453,61.62213897705078,663362
2002-09-26,62.644527435302734,63.57397079467773,60.69269561767578,63.01630783081055,1096185
2002-09-27,63.01630783081055,63.94575119018555,61.34330749511719,62.78394317626953,364087
2002-09-30,60.41386032104492,61.20389175415039,56.69608688354492,59.48441696166992,604416
2002-10-01,59.01969528198242,59.76325225830078,54.837196350097656,56.64961242675781,656606
2002-10-02,58.601444244384766,58.78733444213867,53.0247802734375,57.34669876098633,1088218
2002-10-03,55.90605926513672,57.95083618164063,54.837196350097656,56.97491836547852,849550
2002-10-04,56.18489074707031,58.27614212036133,54.837196350097656,57.16080856323242,864088
2002-10-07,55.30192184448242,56.92844772338867,54.837196350097656,56.27783584594727,492373
2002-10-08,56.97491836547852,57.16080856323242,51.3053092956543,52.93183898925781,895947
2002-10-09,53.53597640991211,53.81481170654297,50.0970344543457,51.212364196777344,676346
2002-10-10,50.28292083740234,52.8853645324707,50.0970344543457,52.60653305053711,472189
2002-10-11,52.978309631347656,56.23136520385742,52.74594879150391,55.99900436401367,783209
2002-10-14,55.16250228881836,56.78903198242188,54.04717254638672,54.837196350097656,472472
2002-10-15,55.67369842529297,60.64622116088867,54.00069808959961,59.76325225830078,669068
2002-10-16,59.15911483764648,61.34330749511719,57.85789108276367,58.183197021484375,407290
2002-10-17,59.01969528198242,63.62044525146485,58.97322463989258,63.01630783081055,1037390
2002-10-18,64.13163757324219,64.87519073486328,61.482723236083984,64.13163757324219,511893
2002-10-21,69.94066619873047,71.009521484375,66.50172424316406,69.70830535888672,1621469
2002-10-22,69.24358367919922,70.12655639648438,66.0834732055664,66.59466552734375,929947
2002-10-23,66.26936340332031,67.84941864013672,61.34330749511719,63.01630783081055,739576
2002-10-24,63.99222183227539,65.432861328125,62.78394317626953,63.99222183227539,509357
2002-10-25,62.73747253417969,66.5481948852539,61.34330749511719,64.50341796875,618508
2002-10-28,66.22288513183594,68.63944244384766,65.01461029052734,68.31414031982422,494107
2002-10-29,68.77886199951172,69.4294662475586,64.27105712890625,64.9681396484375,702230
2002-10-30,67.38468933105469,74.35552215576172,66.68760681152344,73.70491027832031,1079284
2002-10-31,73.47254943847656,77.88741302490234,72.54310607910156,75.09907531738281,796797
2002-11-01,74.72730255126953,75.09907531738281,72.21780395507812,73.89080047607422,482648
2002-11-04,75.28496551513672,79.65335083007812,74.86671447753906,79.42098999023438,554427
2002-11-05,78.53801727294922,78.81685638427734,77.23680114746094,78.02682495117188,431530
2002-11-06,78.90979766845703,79.00274658203125,75.56379699707031,76.21440887451172,537716
2002-11-07,76.67913055419922,76.67913055419922,69.84771728515625,72.31074523925781,880766
2002-11-08,72.40369415283203,74.82024383544922,69.84771728515625,70.63774871826172,510000
2002-11-11,70.5447998046875,72.03191375732422,69.70830535888672,71.56719207763672,220196
2002-11-12,70.82363891601562,73.19371795654297,69.8012466430664,71.1954116821289,286471
2002-11-13,70.96305084228516,72.03191375732422,67.89588928222656,70.2659683227539,475047
2002-11-14,69.70830535888672,74.91319274902344,69.24358367919922,72.49663543701172,299701
2002-11-15,74.26258087158203,77.70152282714844,74.26258087158203,76.02851867675781,514844
2002-11-18,77.09738159179688,78.95626831054688,77.05091094970703,77.60857391357422,304403
2002-11-19,76.40029907226562,78.63096618652344,76.21440887451172,78.07329559326172,305050
2002-11-20,78.81685638427734,78.81685638427734,74.16963195800781,74.82024383544922,261263
2002-11-21,77.09738159179688,78.90979766845703,76.12146759033203,78.90979766845703,332897
2002-11-22,79.00274658203125,83.74290466308594,78.21271514892578,82.7669906616211,676685
2002-11-25,83.37113189697266,83.4176025390625,80.67574310302734,81.23340606689453,401741
2002-11-26,82.16284942626953,82.4881591796875,79.46746826171875,79.83924102783203,315407
2002-11-27,79.00274658203125,85.9271011352539,79.00274658203125,84.57940673828125,1861418
2002-11-28,86.06652069091797,86.06652069091797,83.09230041503906,83.83585357666016,361825
2002-11-29,84.5329360961914,84.71882629394531,81.93048858642578,82.72052001953125,479521
2002-12-02,85.23001861572266,87.41421508789062,82.99935150146484,84.1611557006836,381755
2002-12-03,84.57940673828125,85.97357177734375,81.04752349853516,81.65165710449219,440624
2002-12-04,79.60688018798828,82.72052001953125,79.46746826171875,82.4881591796875,524230
2002-12-05,82.4881591796875,84.30057525634766,79.93218994140625,81.51224517822266,360428
2002-12-06,81.88401794433594,81.88401794433594,77.23680114746094,79.93218994140625,407857
2002-12-09,76.95796966552734,77.14385223388672,71.56719207763672,72.82193756103516,1128921
2002-12-10,73.00782775878906,75.19202423095703,72.54310607910156,75.19202423095703,538550
2002-12-11,75.79615783691406,75.79615783691406,70.91658020019531,74.63435363769531,550438
2002-12-12,73.47254943847656,74.26258087158203,70.96305084228516,71.33483123779297,669926
2002-12-13,71.79955291748047,72.40369415283203,68.77886199951172,68.9647445678711,382939
2002-12-16,68.45355224609375,72.45016479492188,68.31414031982422,71.79955291748047,368479
2002-12-17,73.10077667236328,73.10077667236328,67.1058578491211,67.9423599243164,803308
2002-12-18,67.05938720703125,67.84941864013672,64.6893081665039,65.80464172363281,1182242
2002-12-19,65.20050048828125,67.66352844238281,63.48102951049805,65.38639068603516,558542
2002-12-20,65.20050048828125,65.80464172363281,64.2245864868164,65.01461029052734,253790
2002-12-23,65.52580261230469,66.12994384765625,64.54988861083984,65.80464172363281,427094
2002-12-24,66.91996765136719,66.91996765136719,63.94575119018555,65.8975830078125,113490
2002-12-25,65.8975830078125,65.8975830078125,65.8975830078125,65.8975830078125,0
2002-12-26,65.8975830078125,65.8975830078125,65.8975830078125,65.8975830078125,0
2002-12-27,64.2245864868164,65.38639068603516,61.43625259399414,63.20219421386719,301641
2002-12-30,63.20219421386719,65.94405364990234,61.80802917480469,64.2245864868164,302842
2002-12-31,64.0386962890625,65.94405364990234,63.66691589355469,65.1540298461914,327673
2003-01-01,65.2469711303711,65.2469711303711,65.10755157470703,65.10755157470703,0
2003-01-02,64.41046905517578,69.05769348144531,64.36399841308594,68.77886199951172,281472
2003-01-03,68.77886199951172,69.3365249633789,67.1058578491211,68.0353012084961,406664
2003-01-06,68.0353012084961,69.10416412353516,65.6187515258789,66.91996765136719,267533
2003-01-07,67.52410888671875,67.80294036865234,64.13163757324219,64.82872009277344,260581
2003-01-08,64.45694732666016,64.54988861083984,59.25205612182617,59.85619735717773,1073124
2003-01-09,59.53089141845703,62.73747253417969,57.76494598388672,61.43625259399414,952175
2003-01-10,61.482723236083984,64.13163757324219,60.69269561767578,63.52750015258789,475710
2003-01-13,64.08516693115234,64.87519073486328,62.50511169433594,63.99222183227539,411753
2003-01-14,64.13163757324219,64.17810821533203,60.55327987670898,62.08686065673828,477037
2003-01-15,62.50511169433594,63.48102951049805,60.87858581542969,61.15741729736328,387090
2003-01-16,63.38808441162109,66.45524597167969,63.38808441162109,65.80464172363281,1306583
2003-01-17,65.10755157470703,65.6187515258789,61.66861343383789,62.08686065673828,773155
2003-01-20,62.08686065673828,63.48102951049805,61.20389175415039,61.80802917480469,265407
2003-01-21,61.90097427368164,63.75986099243164,59.76325225830078,59.76325225830078,615671
2003-01-22,60.18149948120117,61.01800155639648,57.486114501953125,58.13672256469727,516273
2003-01-23,59.39147567749024,59.39147567749024,57.71847534179688,57.71847534179688,392306
2003-01-24,58.183197021484375,60.08855819702149,57.16080856323242,59.39147567749024,594621
2003-01-27,58.46202850341797,58.601444244384766,57.06786346435547,58.22966766357422,610625
2003-01-28,60.042083740234375,62.27275085449219,59.39147567749024,60.64622116088867,854608
2003-01-29,60.46033477783203,62.31922149658203,59.01969528198242,61.66861343383789,484289
2003-01-30,62.22627639770508,64.50341796875,61.11094665527344,63.99222183227539,455424
2003-01-31,62.83041763305664,65.85111236572266,62.69100189208984,65.1540298461914,342278
2003-02-03,65.99052429199219,65.99052429199219,64.08516693115234,64.13163757324219,330952
2003-02-04,63.29513931274414,64.2245864868164,61.99391555786133,62.27275085449219,350294
2003-02-05,62.55158233642578,64.08516693115234,61.80802917480469,63.852806091308594,218236
2003-02-06,62.78394317626953,64.87519073486328,62.27275085449219,63.75986099243164,352199
2003-02-07,63.89927673339844,63.94575119018555,61.99391555786133,62.59805679321289,352239
2003-02-10,62.83041763305664,62.9233627319336,60.785640716552734,61.66861343383789,273468
2003-02-11,62.96983337402344,63.06277847290039,60.785640716552734,61.482723236083984,423584
2003-02-12,61.20389175415039,62.13333511352539,57.71847534179688,58.04378128051758,970057
2003-02-13,57.62553024291992,59.71677780151367,56.69608688354492,58.69438934326172,498746
2003-02-14,58.92675018310547,60.92505645751953,58.69438934326172,59.90266799926758,397980
2003-02-17,61.01800155639648,61.11094665527344,60.042083740234375,60.739166259765625,148779
2003-02-18,61.15741729736328,61.15741729736328,59.29853057861328,60.50680541992188,237749
2003-02-19,60.41386032104492,60.785640716552734,59.06616973876953,59.20558547973633,227902
2003-02-20,59.57736206054688,60.13502883911133,57.439640045166016,57.53258514404297,183916
2003-02-21,57.253753662109375,59.25205612182617,57.253753662109375,58.22966766357422,252351
2003-02-24,58.78733444213867,59.20558547973633,56.46372604370117,56.46372604370117,270191
2003-02-25,55.76664352416992,57.11433410644531,52.978309631347656,53.0247802734375,612815
2003-02-26,54.37247467041016,54.651309967041016,51.351783752441406,51.39825439453125,2291605
2003-02-27,51.119422912597656,53.81481170654297,50.65470123291016,53.07125473022461,661748
2003-02-28,52.69947814941406,55.48780822753906,52.37417221069336,55.30192184448242,736426
2003-03-03,55.48780822753906,56.04547500610352,53.62892150878906,53.907752990722656,432640
2003-03-04,53.07125473022461,54.883670806884766,52.14181137084961,53.721866607666016,435607
2003-03-05,53.721866607666016,54.837196350097656,51.67708969116211,51.816505432128906,470411
2003-03-06,52.0953369140625,52.8853645324707,49.67878341674805,49.81819915771485,763352
2003-03-07,49.26053237915039,49.353477478027344,46.23984146118164,47.5875358581543,915526
2003-03-10,48.0522575378418,48.23814392089844,45.94241714477539,46.36066818237305,450296
2003-03-11,45.91453552246094,46.28631210327149,44.00917434692383,44.2043571472168,775906
2003-03-12,44.6690788269043,44.93861770629883,41.40673065185547,41.778507232666016,1254113
2003-03-13,42.28970336914063,45.21745300292969,42.28970336914063,44.89214706420898,658859
2003-03-14,45.90523910522461,48.14520263671875,45.821590423583984,47.86636734008789,1057341
2003-03-17,45.63570022583008,50.74764251708984,45.63570022583008,50.050559997558594,535498
2003-03-18,51.0264778137207,52.978309631347656,48.79581069946289,49.6323127746582,808713
2003-03-19,50.28292083740234,52.69947814941406,49.39994812011719,50.74764251708984,441617
2003-03-20,49.26053237915039,51.4911994934082,48.70286560058594,49.6323127746582,310274
2003-03-21,49.86467361450195,51.1658935546875,49.26053237915039,50.32939529418945,335253
2003-03-24,50.00408935546875,50.050559997558594,46.00748062133789,46.47220230102539,716342
2003-03-25,46.797508239746094,48.70286560058594,45.68217468261719,47.680477142333984,719142
2003-03-26,47.2622299194336,48.47050476074219,45.56134796142578,45.56134796142578,806703
2003-03-27,46.23054504394531,47.30870056152344,45.63570022583008,46.47220230102539,682752
2003-03-28,47.40164566040039,47.40164566040039,45.08732986450195,46.25843048095703,480765
2003-03-31,45.48699188232422,45.50558090209961,42.800899505615234,43.81399154663086,639389
2003-04-01,43.934818267822266,44.60401916503906,42.38264846801758,43.62810134887695,554628
2003-04-02,44.70625686645508,45.54275894165039,44.2043571472168,44.8549690246582,507709
2003-04-03,45.04085922241211,46.29560852050781,44.24153518676758,44.75273132324219,778752
2003-04-04,45.17097854614258,46.00748062133789,44.33448028564453,45.644996643066406,500869
2003-04-07,49.26053237915039,50.60822677612305,48.09872817993164,49.16758728027344,1215628
2003-04-08,49.26053237915039,51.119422912597656,49.16758728027344,49.26053237915039,1485555
2003-04-09,48.93522644042969,49.02817153930664,47.54106140136719,48.5169792175293,960740
2003-04-10,47.95931243896485,48.42403411865234,46.65808868408203,46.93692398071289,559200
2003-04-11,47.40164566040039,50.050559997558594,47.40164566040039,48.88875579833984,721392
2003-04-14,49.26053237915039,50.88706207275391,47.86636734008789,50.422340393066406,546830
2003-04-15,51.212364196777344,52.32769775390625,50.189979553222656,51.0264778137207,985475
2003-04-16,52.0953369140625,52.46711730957031,51.39825439453125,51.53767013549805,594883
2003-04-17,51.212364196777344,54.27953338623047,51.212364196777344,54.140113830566406,785200
2003-04-18,54.140113830566406,54.140113830566406,54.140113830566406,54.140113830566406,0
2003-04-21,54.140113830566406,54.140113830566406,54.140113830566406,54.140113830566406,0
2003-04-22,54.41894912719727,54.46541976928711,52.74594879150391,54.140113830566406,288684
2003-04-23,54.93014144897461,56.23136520385742,54.883670806884766,55.90605926513672,716416
2003-04-24,55.85958862304688,56.64961242675781,54.69778060913086,54.74425506591797,465339
2003-04-25,55.069557189941406,55.069557189941406,52.978309631347656,53.16419982910156,413287
2003-04-28,53.07125473022461,54.74425506591797,53.07125473022461,54.18658828735352,490487
2003-04-29,54.79072570800781,56.69608688354492,53.954227447509766,56.27783584594727,692033
2003-04-30,56.46372604370117,58.55497360229492,55.580753326416016,58.183197021484375,763371
2003-05-01,58.183197021484375,58.183197021484375,58.183197021484375,58.183197021484375,0
2003-05-02,57.439640045166016,58.32261276245117,57.253753662109375,58.183197021484375,548893
2003-05-05,59.48441696166992,61.25036239624024,58.64791870117188,60.69269561767578,692562
2003-05-06,60.55327987670898,63.57397079467773,60.320919036865234,63.57397079467773,906081
2003-05-07,64.13163757324219,64.13163757324219,62.50511169433594,63.52750015258789,681197
2003-05-08,63.52750015258789,64.87519073486328,58.55497360229492,59.39147567749024,977878
2003-05-09,59.48441696166992,60.59975051879883,58.32261276245117,59.39147567749024,383162
2003-05-12,60.41386032104492,60.41386032104492,58.13672256469727,58.83380889892578,518615
2003-05-13,55.76664352416992,60.69269561767578,55.72016906738281,60.320919036865234,6150392
2003-05-14,59.20558547973633,60.92505645751953,59.20558547973633,60.92505645751953,1926086
2003-05-15,60.22797393798828,63.01630783081055,60.22797393798828,62.45863723754883,1159118
2003-05-16,62.27275085449219,63.94575119018555,62.27275085449219,63.155723571777344,874971
2003-05-19,62.27275085449219,62.27275085449219,60.739166259765625,60.87858581542969,575762
2003-05-20,60.59975051879883,61.15741729736328,58.92675018310547,60.59975051879883,713678
2003-05-21,61.15741729736328,61.80802917480469,59.39147567749024,61.80802917480469,945167
2003-05-22,61.62213897705078,64.27105712890625,61.62213897705078,64.2245864868164,975630
2003-05-23,64.45694732666016,66.3623046875,62.87688827514648,63.2486686706543,1192084
2003-05-26,63.66691589355469,64.0386962890625,61.57566833496094,61.80802917480469,305798
2003-05-27,61.52919387817383,63.48102951049805,60.87858581542969,62.78394317626953,510038
2003-05-28,66.1764144897461,67.38468933105469,64.59635925292969,65.2469711303711,1394783
2003-05-29,64.64282989501953,66.78055572509766,64.64282989501953,66.1764144897461,445384
2003-05-30,65.66522216796875,66.68760681152344,64.9681396484375,65.57227325439453,593692
2003-06-02,66.03700256347656,66.8270263671875,65.33991241455078,66.1764144897461,682259
2003-06-03,65.94405364990234,65.94405364990234,64.87519073486328,65.80464172363281,383500
2003-06-04,65.99052429199219,67.291748046875,65.33991241455078,66.68760681152344,631040
2003-06-05,67.24527740478516,67.80294036865234,66.31583404541016,67.33821868896484,658166
2003-06-06,65.1540298461914,66.1764144897461,64.41046905517578,65.01461029052734,582816
2003-06-09,64.82872009277344,64.87519073486328,63.52750015258789,63.52750015258789,630394
2003-06-10,63.52750015258789,64.13163757324219,62.50511169433594,63.10924911499024,553075
2003-06-11,62.96983337402344,63.7133903503418,61.15741729736328,61.94744491577149,870661
2003-06-12,62.55158233642578,63.66691589355469,62.27275085449219,63.48102951049805,710054
2003-06-13,62.83041763305664,64.2245864868164,62.59805679321289,63.29513931274414,1064725
2003-06-16,63.155723571777344,64.2245864868164,62.31922149658203,64.2245864868164,388777
2003-06-17,64.54988861083984,65.20050048828125,63.62044525146485,64.17810821533203,558278
2003-06-18,64.3175277709961,64.59635925292969,62.9233627319336,63.66691589355469,444500
2003-06-19,63.99222183227539,63.99222183227539,61.20389175415039,61.52919387817383,958510
2003-06-20,61.57566833496094,61.90097427368164,60.785640716552734,61.15741729736328,808132
2003-06-23,61.15741729736328,61.43625259399414,58.601444244384766,58.601444244384766,747960
2003-06-24,59.112640380859375,59.85619735717773,58.601444244384766,59.112640380859375,836474
2003-06-25,59.67030715942383,60.22797393798828,58.97322463989258,59.85619735717773,603888
2003-06-26,59.06616973876953,61.15741729736328,59.01969528198242,59.94913864135742,360836
2003-06-27,60.50680541992188,62.13333511352539,60.042083740234375,62.08686065673828,805413
2003-06-30,61.90097427368164,62.08686065673828,60.92505645751953,60.971527099609375,617237
2003-07-01,60.69269561767578,61.11094665527344,58.74086380004883,59.06616973876953,733141
2003-07-02,58.04378128051758,59.48441696166992,57.39316940307617,59.48441696166992,1826175
2003-07-03,60.18149948120117,60.18149948120117,58.50850296020508,58.69438934326172,682867
2003-07-04,58.97322463989258,59.76325225830078,58.369083404541016,58.64791870117188,317461
2003-07-07,59.20558547973633,61.482723236083984,59.112640380859375,61.482723236083984,593639
2003-07-08,61.80802917480469,62.04039001464844,60.971527099609375,61.43625259399414,498310
2003-07-09,61.90097427368164,61.90097427368164,60.46033477783203,61.11094665527344,374268
2003-07-10,60.042083740234375,61.06447219848633,59.48441696166992,59.57736206054688,279829
2003-07-11,59.39147567749024,61.80802917480469,59.39147567749024,61.25036239624024,711809
2003-07-14,61.482723236083984,61.85449981689453,61.15741729736328,61.62213897705078,461169
2003-07-15,61.15741729736328,62.644527435302734,61.15741729736328,62.27275085449219,522183
2003-07-16,62.55158233642578,64.54988861083984,62.08686065673828,62.644527435302734,1053611
2003-07-17,61.52919387817383,62.27275085449219,60.59975051879883,61.01800155639648,850766
2003-07-18,61.43625259399414,63.20219421386719,60.69269561767578,62.50511169433594,791722
2003-07-21,63.155723571777344,63.89927673339844,61.57566833496094,62.08686065673828,819871
2003-07-22,62.31922149658203,62.96983337402344,61.85449981689453,62.50511169433594,495629
2003-07-23,62.55158233642578,63.66691589355469,62.22627639770508,62.96983337402344,468744
2003-07-24,62.73747253417969,65.01461029052734,62.55158233642578,64.9681396484375,779205
2003-07-25,64.0386962890625,64.7822494506836,63.66691589355469,64.3175277709961,409950
2003-07-28,64.82872009277344,65.99052429199219,64.54988861083984,65.99052429199219,607412
2003-07-29,65.47933197021484,65.99052429199219,64.41046905517578,64.87519073486328,641967
2003-07-30,64.45694732666016,66.31583404541016,64.45694732666016,66.22288513183594,464748
2003-07-31,66.3623046875,67.19880676269531,65.80464172363281,66.87349700927734,477755
2003-08-01,66.45524597167969,67.38468933105469,66.31583404541016,66.91996765136719,504871
2003-08-04,66.73408508300781,67.291748046875,65.99052429199219,66.3623046875,436475
2003-08-05,66.91996765136719,66.91996765136719,65.66522216796875,66.6411361694336,267450
2003-08-06,66.12994384765625,66.68760681152344,65.06108093261719,65.06108093261719,591811
2003-08-07,65.85111236572266,65.85111236572266,64.64282989501953,65.06108093261719,349656
2003-08-08,64.54988861083984,65.06108093261719,63.57397079467773,64.87519073486328,624428
2003-08-11,65.10755157470703,65.57227325439453,64.50341796875,65.33991241455078,188935
2003-08-12,65.66522216796875,66.26936340332031,64.9681396484375,65.47933197021484,318020
2003-08-13,65.85111236572266,65.85111236572266,64.50341796875,64.87519073486328,516830
2003-08-14,65.33991241455078,65.33991241455078,63.75986099243164,64.6893081665039,403746
2003-08-15,64.92166900634766,65.1540298461914,64.54988861083984,64.82872009277344,198574
2003-08-18,65.29344177246094,65.57227325439453,64.7822494506836,65.47933197021484,331372
2003-08-19,65.47933197021484,68.4070816040039,65.47933197021484,68.22119140625,843760
2003-08-20,67.7564697265625,70.82363891601562,67.7564697265625,70.63774871826172,1217899
2003-08-21,70.63774871826172,72.49663543701172,70.5447998046875,71.93896484375,1084919
2003-08-22,71.84602355957031,72.91488647460938,71.38130187988281,71.4742431640625,536628
2003-08-25,71.38130187988281,71.38130187988281,70.17302703857422,70.35891723632812,367209
2003-08-26,70.40538787841797,71.4742431640625,70.40538787841797,70.7306900024414,586054
2003-08-27,70.91658020019531,73.5190200805664,70.40538787841797,72.45016479492188,2482641
2003-08-28,72.54310607910156,74.26258087158203,72.54310607910156,72.96135711669922,864844
2003-08-29,73.42607879638672,73.42607879638672,71.79955291748047,72.72899627685547,506153
2003-09-01,73.0542984008789,74.16963195800781,72.96135711669922,73.79785919189453,470413
2003-09-02,74.07669067382812,76.95796966552734,73.79785919189453,76.12146759033203,1458532
2003-09-03,76.53971862792969,79.09568786621094,76.53971862792969,77.84093475341797,1059960
2003-09-04,76.21440887451172,77.51563262939453,74.12316131591797,75.28496551513672,1896845
2003-09-05,74.07669067382812,74.35552215576172,71.42777252197266,72.35721588134766,1433031
2003-09-08,71.89249420166016,73.33313751220703,71.75308227539062,73.00782775878906,522193
2003-09-09,73.47254943847656,74.49494171142578,72.35721588134766,72.49663543701172,646526
2003-09-10,72.40369415283203,73.0542984008789,70.63774871826172,70.87010955810547,521221
2003-09-11,70.5447998046875,72.63605499267578,70.17302703857422,71.56719207763672,486036
2003-09-12,72.77546691894531,72.77546691894531,69.24358367919922,70.40538787841797,732593
2003-09-15,71.05599975585938,71.4742431640625,70.40538787841797,71.14894104003906,277782
2003-09-16,71.14894104003906,72.86841583251953,70.63774871826172,72.63605499267578,354689
2003-09-17,73.37960815429688,73.42607879638672,71.28836059570312,71.98544311523438,467244
2003-09-18,72.03191375732422,72.77546691894531,71.56719207763672,72.63605499267578,365510
2003-09-19,72.86841583251953,72.86841583251953,71.28836059570312,71.79955291748047,316062
2003-09-22,71.24188232421875,71.4742431640625,69.3365249633789,69.70830535888672,481643
2003-09-23,69.70830535888672,69.98713684082031,68.12825012207031,69.29005432128906,633321
2003-09-24,69.29005432128906,70.63774871826172,69.05769348144531,69.05769348144531,424779
2003-09-25,68.59297180175781,69.8012466430664,67.66352844238281,68.26766204833984,610615
2003-09-26,67.66352844238281,68.45355224609375,67.05938720703125,67.84941864013672,480541
2003-09-29,68.12825012207031,68.4070816040039,67.0129165649414,67.1058578491211,353528
2003-09-30,67.19880676269531,67.33821868896484,64.87519073486328,65.52580261230469,680805
2003-10-01,65.99052429199219,65.99052429199219,65.06108093261719,65.75816345214844,398051
2003-10-02,66.26936340332031,67.7564697265625,66.03700256347656,66.5481948852539,462449
2003-10-03,66.73408508300781,68.73238372802734,66.73408508300781,68.5000228881836,511099
2003-10-06,68.77886199951172,69.70830535888672,68.59297180175781,69.70830535888672,288597
2003-10-07,69.66183471679688,69.70830535888672,67.80294036865234,68.17472076416016,350318
2003-10-08,68.12825012207031,68.9647445678711,67.291748046875,67.5705795288086,635069
2003-10-09,68.45355224609375,71.10247039794922,67.9423599243164,71.10247039794922,764507
2003-10-10,71.10247039794922,71.61366271972656,70.17302703857422,70.21949768066406,636963
2003-10-13,70.7306900024414,72.03191375732422,70.31243896484375,72.03191375732422,409495
2003-10-14,72.63605499267578,72.77546691894531,71.10247039794922,71.42777252197266,686582
2003-10-15,72.21780395507812,73.56549835205078,71.98544311523438,72.72899627685547,792750
2003-10-16,73.47254943847656,76.35382843017578,73.24018859863281,75.74968719482422,1498743
2003-10-17,76.30735778808594,77.60857391357422,74.86671447753906,75.37791442871094,1002520
2003-10-20,75.19202423095703,77.09738159179688,75.09907531738281,76.95796966552734,705146
2003-10-21,76.95796966552734,78.07329559326172,76.86502075195312,77.93388366699219,687125
2003-10-22,77.74799346923828,78.67743682861328,75.42438507080078,75.74968719482422,1250438
2003-10-23,75.09907531738281,76.95796966552734,74.16963195800781,76.16793823242188,679734
2003-10-24,76.35382843017578,76.86502075195312,75.28496551513672,76.26087951660156,267325
2003-10-27,76.49324035644531,78.86332702636719,76.35382843017578,78.81685638427734,727346
2003-10-28,78.7703857421875,79.60688018798828,78.39860534667969,78.49154663085938,541829
2003-10-29,79.14215850830078,80.11807250976562,78.86332702636719,79.93218994140625,593809
2003-10-30,79.93218994140625,81.7446060180664,79.32804870605469,81.41929626464844,873294
2003-10-31,81.2798843383789,81.97696685791016,79.74629974365234,81.46576690673828,501470
2003-11-03,80.86163330078125,82.62757873535156,79.14215850830078,82.0234375,809765
2003-11-04,77.09738159179688,78.72390747070312,76.67913055419922,78.07329559326172,3341545
2003-11-05,77.60857391357422,77.79446411132812,76.21440887451172,76.72560119628906,1005778
2003-11-06,76.44676971435547,77.14385223388672,75.98204803466797,76.58618927001953,588719
2003-11-07,76.58618927001953,78.02682495117188,76.58618927001953,77.60857391357422,665659
2003-11-10,77.14385223388672,78.90979766845703,76.58618927001953,78.63096618652344,640182
2003-11-11,78.30565643310547,78.44507598876953,77.56210327148438,77.70152282714844,535696
2003-11-12,77.70152282714844,79.14215850830078,77.32974243164062,78.72390747070312,513134
2003-11-13,78.90979766845703,79.74629974365234,78.21271514892578,78.39860534667969,546252
2003-11-14,78.53801727294922,79.00274658203125,77.84093475341797,78.39860534667969,359828
2003-11-17,77.14385223388672,77.74799346923828,75.05260467529297,75.61027526855469,674901
2003-11-18,76.21440887451172,76.21440887451172,74.95966339111328,75.74968719482422,395961
2003-11-19,74.4484634399414,75.00613403320312,73.9837417602539,74.77377319335938,554602
2003-11-20,75.65674591064453,75.65674591064453,72.63605499267578,74.12316131591797,624340
2003-11-21,73.65843963623047,75.65674591064453,73.65843963623047,75.65674591064453,503333
2003-11-24,75.65674591064453,76.95796966552734,75.00613403320312,76.67913055419922,420087
2003-11-25,76.44676971435547,77.60857391357422,76.02851867675781,76.30735778808594,461918
2003-11-26,76.16793823242188,77.14385223388672,75.79615783691406,76.12146759033203,426130
2003-11-27,76.21440887451172,77.6550521850586,76.21440887451172,77.37621307373047,372407
2003-11-28,77.60857391357422,77.79446411132812,75.47085571289062,76.02851867675781,1762228
2003-12-01,75.65674591064453,77.46916198730469,75.65674591064453,76.91149139404297,454305
2003-12-02,76.95796966552734,77.14385223388672,74.91319274902344,75.56379699707031,821481
2003-12-03,75.05260467529297,75.42438507080078,74.12316131591797,74.72730255126953,754474
2003-12-04,74.03022003173828,75.19202423095703,73.9837417602539,74.4484634399414,508094
2003-12-05,74.07669067382812,74.68082427978516,72.77546691894531,73.19371795654297,454313
2003-12-08,72.68252563476562,73.14724731445312,71.89249420166016,72.49663543701172,338988
2003-12-09,72.54310607910156,73.14724731445312,71.52072143554688,71.98544311523438,723817
2003-12-10,71.56719207763672,71.6601333618164,70.21949768066406,71.24188232421875,813653
2003-12-11,71.4742431640625,74.72730255126953,71.4742431640625,73.70491027832031,1081109
2003-12-12,74.16963195800781,74.58788299560547,72.35721588134766,72.82193756103516,525081
2003-12-15,74.07669067382812,74.54141235351562,73.19371795654297,73.28665924072266,367630
2003-12-16,73.14724731445312,73.89080047607422,72.03191375732422,72.40369415283203,473620
2003-12-17,72.40369415283203,72.91488647460938,71.24188232421875,71.56719207763672,641263
2003-12-18,71.009521484375,72.07838439941406,70.87010955810547,71.79955291748047,404136
2003-12-19,71.61366271972656,72.40369415283203,69.84771728515625,70.68421936035156,769865
2003-12-22,70.59127807617188,71.009521484375,70.17302703857422,70.35891723632812,325108
2003-12-23,70.2659683227539,70.49832916259766,69.38299560546875,70.31243896484375,400551
2003-12-24,69.89419555664062,70.7306900024414,69.38299560546875,70.5447998046875,125645
2003-12-25,70.5447998046875,70.5447998046875,70.5447998046875,70.5447998046875,0
2003-12-26,70.5447998046875,70.5447998046875,70.5447998046875,70.5447998046875,0
2003-12-29,70.45185852050781,71.05599975585938,69.98713684082031,71.05599975585938,296454
2003-12-30,71.4742431640625,71.98544311523438,71.14894104003906,71.24188232421875,293262
2003-12-31,69.89419555664062,71.61366271972656,69.89419555664062,71.24188232421875,194811
2004-01-01,71.24188232421875,71.24188232421875,71.24188232421875,71.24188232421875,0
2004-01-02,71.75308227539062,71.84602355957031,71.10247039794922,71.61366271972656,188199
2004-01-05,71.6601333618164,71.79955291748047,71.10247039794922,71.24188232421875,387515
2004-01-06,71.1954116821289,71.89249420166016,70.45185852050781,71.10247039794922,482095
2004-01-07,71.6601333618164,72.68252563476562,71.33483123779297,72.21780395507812,627617
2004-01-08,72.49663543701172,75.47085571289062,72.49663543701172,74.95966339111328,922820
2004-01-09,75.70321655273438,76.02851867675781,73.33313751220703,73.5190200805664,763283
2004-01-12,72.96135711669922,73.89080047607422,72.77546691894531,73.37960815429688,305419
2004-01-13,74.07669067382812,74.82024383544922,73.61196899414062,74.16963195800781,403264
2004-01-14,73.70491027832031,75.47085571289062,73.61196899414062,75.28496551513672,490936
2004-01-15,74.91319274902344,77.09738159179688,73.33313751220703,76.58618927001953,1158503
2004-01-16,77.00444030761719,79.14215850830078,76.63265991210938,79.09568786621094,1006018
2004-01-19,79.09568786621094,79.18862915039062,76.95796966552734,77.70152282714844,477100
2004-01-20,77.14385223388672,77.93388366699219,76.40029907226562,76.44676971435547,472119
2004-01-21,76.21440887451172,77.09738159179688,75.74968719482422,76.40029907226562,436956
2004-01-22,76.40029907226562,76.86502075195312,75.51732635498047,76.02851867675781,658592
2004-01-23,76.44676971435547,76.49324035644531,75.56379699707031,76.49324035644531,275805
2004-01-26,76.63265991210938,76.63265991210938,75.23849487304688,75.79615783691406,283670
2004-01-27,76.86502075195312,77.88741302490234,76.26087951660156,76.81855010986328,455972
2004-01-28,77.1903305053711,77.60857391357422,76.02851867675781,77.23680114746094,486255
2004-01-29,77.46916198730469,77.46916198730469,75.84263610839844,76.40029907226562,328687
2004-01-30,76.86502075195312,77.00444030761719,75.28496551513672,75.33143615722656,590901
2004-02-02,75.74968719482422,76.21440887451172,75.47085571289062,75.88910675048828,270496
2004-02-03,75.47085571289062,75.84263610839844,74.16963195800781,74.40199279785156,492033
2004-02-04,74.21610260009766,74.4484634399414,73.56549835205078,73.56549835205078,334104
2004-02-05,73.5190200805664,75.14555358886719,73.5190200805664,74.35552215576172,579222
2004-02-06,74.4484634399414,75.05260467529297,74.03022003173828,74.35552215576172,397115
2004-02-09,74.35552215576172,75.28496551513672,74.30905151367188,74.68082427978516,308191
2004-02-10,74.4484634399414,75.00613403320312,74.12316131591797,74.86671447753906,347604
2004-02-11,74.54141235351562,75.56379699707031,74.49494171142578,75.28496551513672,294719
2004-02-12,75.93557739257812,77.74799346923828,75.74968719482422,77.14385223388672,665388
2004-02-13,77.28327178955078,77.56210327148438,75.84263610839844,76.21440887451172,259951
2004-02-16,76.67913055419922,76.67913055419922,75.47085571289062,76.12146759033203,238240
2004-02-17,76.21440887451172,77.46916198730469,75.98204803466797,76.72560119628906,693131
2004-02-18,77.05091094970703,77.74799346923828,76.40029907226562,77.14385223388672,290586
2004-02-19,76.86502075195312,78.5844955444336,76.77207946777344,78.5844955444336,430524
2004-02-20,78.53801727294922,78.81685638427734,77.74799346923828,78.16624450683594,389314
2004-02-23,78.67743682861328,80.02513122558594,78.02682495117188,78.21271514892578,543226
2004-02-24,77.84093475341797,79.93218994140625,77.6550521850586,79.235107421875,1067511
2004-02-25,79.00274658203125,80.02513122558594,78.16624450683594,79.79277038574219,813944
2004-02-26,79.93218994140625,80.07160186767578,79.28157806396484,79.83924102783203,342203
2004-02-27,80.02513122558594,81.60518646240234,79.83924102783203,80.76868438720703,483532
2004-03-01,81.2798843383789,81.65165710449219,79.37451934814453,79.65335083007812,410179
2004-03-02,79.93218994140625,81.79107666015625,79.60688018798828,81.79107666015625,502926
2004-03-03,80.6292724609375,80.86163330078125,79.42098999023438,79.93218994140625,588247
2004-03-04,80.86163330078125,81.32635498046875,79.46746826171875,81.04752349853516,680095
2004-03-05,81.32635498046875,82.90641021728516,80.95457458496094,81.093994140625,1094343
2004-03-08,81.65165710449219,81.79107666015625,80.39691162109375,80.8151626586914,283802
2004-03-09,80.53632354736328,80.6292724609375,78.95626831054688,79.79277038574219,630375
2004-03-10,79.235107421875,79.74629974365234,78.39860534667969,78.90979766845703,379884
2004-03-11,78.39860534667969,78.5844955444336,75.19202423095703,77.88741302490234,1087157
2004-03-12,76.53971862792969,77.6550521850586,75.79615783691406,76.95796966552734,606118
2004-03-15,76.67913055419922,76.72560119628906,75.19202423095703,75.79615783691406,417505
2004-03-16,75.70321655273438,76.49324035644531,74.91319274902344,76.26087951660156,450233
2004-03-17,76.53971862792969,78.95626831054688,75.74968719482422,78.90979766845703,852764
2004-03-18,78.5844955444336,78.95626831054688,77.56210327148438,77.56210327148438,458151
2004-03-19,78.16624450683594,78.72390747070312,77.93388366699219,78.07329559326172,326725
2004-03-22,77.37621307373047,77.60857391357422,75.28496551513672,75.93557739257812,445321
2004-03-23,76.21440887451172,76.53971862792969,75.19202423095703,75.84263610839844,758543
2004-03-24,75.84263610839844,76.02851867675781,75.14555358886719,75.79615783691406,352299
2004-03-25,75.84263610839844,78.49154663085938,75.47085571289062,77.93388366699219,545383
2004-03-26,78.86332702636719,78.95626831054688,78.07329559326172,78.1197738647461,633033
2004-03-29,78.1197738647461,79.32804870605469,77.74799346923828,79.14215850830078,292356
2004-03-30,79.28157806396484,79.42098999023438,78.67743682861328,79.37451934814453,315811
2004-03-31,79.28157806396484,79.56040954589844,78.53801727294922,79.0492172241211,520684
2004-04-01,76.40029907226562,77.84093475341797,76.30735778808594,77.79446411132812,996365
2004-04-02,78.02682495117188,79.14215850830078,77.42269134521484,78.67743682861328,542152
2004-04-05,79.00274658203125,80.6292724609375,78.25918579101562,80.07160186767578,464398
2004-04-06,79.93218994140625,80.11807250976562,79.28157806396484,79.60688018798828,346512
2004-04-07,79.65335083007812,80.07160186767578,78.72390747070312,78.72390747070312,453150
2004-04-08,79.46746826171875,79.46746826171875,77.93388366699219,78.1197738647461,324403
2004-04-09,78.1197738647461,78.1197738647461,78.1197738647461,78.1197738647461,0
2004-04-12,78.1197738647461,78.1197738647461,78.1197738647461,78.1197738647461,0
2004-04-13,77.84093475341797,79.79277038574219,77.84093475341797,78.67743682861328,337535
2004-04-14,77.84093475341797,78.30565643310547,76.58618927001953,77.93388366699219,532274
2004-04-15,77.98035430908203,79.00274658203125,76.63265991210938,77.79446411132812,498700
2004-04-16,77.88741302490234,78.90979766845703,77.70152282714844,78.35213470458984,565290
2004-04-19,77.84093475341797,78.7703857421875,76.91149139404297,78.21271514892578,397772
2004-04-20,79.65335083007812,81.04752349853516,78.86332702636719,80.67574310302734,958197
2004-04-21,80.02513122558594,80.48985290527344,79.37451934814453,79.65335083007812,1104009
2004-04-22,79.93218994140625,81.00104522705078,79.00274658203125,80.4433822631836,650243
2004-04-23,80.76868438720703,81.32635498046875,80.6292724609375,81.04752349853516,350103
2004-04-26,81.04752349853516,81.51224517822266,80.4433822631836,81.04752349853516,237259
2004-04-27,81.3728256225586,81.65165710449219,80.95457458496094,81.5587158203125,287533
2004-04-28,81.00104522705078,81.60518646240234,80.95457458496094,81.04752349853516,466358
2004-04-29,81.32635498046875,81.5587158203125,80.58279418945312,80.95457458496094,523270
2004-04-30,80.39691162109375,80.67574310302734,79.93218994140625,80.02513122558594,575023
2004-05-03,81.04752349853516,81.23340606689453,80.02513122558594,80.86163330078125,244115
2004-05-04,80.86163330078125,81.32635498046875,80.21102142333984,80.95457458496094,391616
2004-05-05,80.30396270751953,84.30057525634766,80.30396270751953,83.88232421875,923818
2004-05-06,83.83585357666016,83.88232421875,82.0234375,82.2093276977539,908721
2004-05-07,82.11637878417969,82.2093276977539,80.02513122558594,80.76868438720703,703672
2004-05-10,79.235107421875,79.37451934814453,78.25918579101562,78.53801727294922,609422
2004-05-11,78.7703857421875,79.65335083007812,78.35213470458984,79.42098999023438,571809
2004-05-12,79.18862915039062,79.37451934814453,77.28327178955078,77.56210327148438,749772
2004-05-13,77.60857391357422,78.86332702636719,76.91149139404297,78.25918579101562,445748
2004-05-14,77.74799346923828,78.53801727294922,77.32974243164062,77.84093475341797,366444
2004-05-17,76.86502075195312,77.37621307373047,75.88910675048828,76.30735778808594,545727
2004-05-18,76.67913055419922,78.07329559326172,76.63265991210938,77.32974243164062,572459
2004-05-19,78.07329559326172,79.14215850830078,77.70152282714844,78.30565643310547,466971
2004-05-20,77.70152282714844,78.30565643310547,77.14385223388672,77.6550521850586,187717
2004-05-21,78.07329559326172,78.72390747070312,77.74799346923828,78.35213470458984,397002
2004-05-24,78.49154663085938,79.46746826171875,78.35213470458984,78.67743682861328,254814
2004-05-25,78.49154663085938,80.07160186767578,77.74799346923828,79.93218994140625,635735
2004-05-26,80.9081039428711,80.9081039428711,79.00274658203125,79.42098999023438,728516
2004-05-27,79.74629974365234,80.25749206542969,78.81685638427734,79.0492172241211,1110677
2004-05-28,79.32804870605469,79.74629974365234,79.0492172241211,79.60688018798828,445417
2004-05-31,80.02513122558594,80.02513122558594,79.56040954589844,79.9786605834961,68714
2004-06-01,79.93218994140625,80.30396270751953,79.32804870605469,79.79277038574219,1152740
2004-06-02,80.11807250976562,81.18693542480469,79.74629974365234,79.88571166992188,378507
2004-06-03,79.93218994140625,80.67574310302734,79.37451934814453,80.48985290527344,545541
2004-06-04,78.39860534667969,79.93218994140625,78.1197738647461,79.56040954589844,609729
2004-06-07,79.42098999023438,80.30396270751953,79.235107421875,79.56040954589844,517129
2004-06-08,79.65335083007812,80.11807250976562,77.84093475341797,78.5844955444336,524999
2004-06-09,78.95626831054688,79.09568786621094,78.35213470458984,78.5844955444336,414609
2004-06-10,78.16624450683594,78.5844955444336,77.51563262939453,78.02682495117188,495922
2004-06-11,78.30565643310547,78.30565643310547,77.6550521850586,78.1197738647461,260169
2004-06-14,77.79446411132812,77.98035430908203,76.95796966552734,77.37621307373047,241359
2004-06-15,77.42269134521484,78.25918579101562,77.14385223388672,77.84093475341797,643794
2004-06-16,77.93388366699219,78.7703857421875,77.93388366699219,78.67743682861328,365218
2004-06-17,78.72390747070312,79.0492172241211,78.49154663085938,78.67743682861328,289969
2004-06-18,78.5844955444336,78.72390747070312,77.93388366699219,78.5844955444336,618563
2004-06-21,79.0492172241211,79.09568786621094,78.1197738647461,78.5844955444336,476602
2004-06-22,78.53801727294922,79.00274658203125,77.84093475341797,77.84093475341797,300353
2004-06-23,78.35213470458984,78.35213470458984,77.37621307373047,77.37621307373047,946074
2004-06-24,77.93388366699219,78.16624450683594,77.56210327148438,77.70152282714844,755456
2004-06-25,77.79446411132812,77.88741302490234,77.05091094970703,77.70152282714844,410544
2004-06-28,77.60857391357422,78.16624450683594,77.32974243164062,78.1197738647461,347103
2004-06-29,77.84093475341797,77.93388366699219,77.37621307373047,77.60857391357422,705882
2004-06-30,77.60857391357422,78.72390747070312,77.42269134521484,78.49154663085938,1485852
2004-07-01,78.90979766845703,80.21102142333984,78.72390747070312,79.28157806396484,825305
2004-07-02,79.14215850830078,79.56040954589844,78.16624450683594,78.53801727294922,428005
2004-07-05,78.25918579101562,78.30565643310547,77.51563262939453,77.51563262939453,383546
2004-07-06,77.6550521850586,77.88741302490234,76.21440887451172,76.67913055419922,465075
2004-07-07,76.72560119628906,77.32974243164062,76.44676971435547,76.91149139404297,398698
2004-07-08,76.58618927001953,77.00444030761719,75.98204803466797,76.86502075195312,379144
2004-07-09,76.81855010986328,77.00444030761719,74.4484634399414,75.98204803466797,606493
2004-07-12,75.23849487304688,76.35382843017578,74.91319274902344,75.05260467529297,474250
2004-07-13,75.65674591064453,76.12146759033203,75.05260467529297,75.05260467529297,377440
2004-07-14,75.05260467529297,75.23849487304688,74.07669067382812,74.82024383544922,309990
2004-07-15,74.63435363769531,75.05260467529297,74.07669067382812,74.07669067382812,348678
2004-07-16,73.75138092041016,75.37791442871094,73.70491027832031,74.4484634399414,282593
2004-07-19,74.03022003173828,75.51732635498047,74.03022003173828,74.58788299560547,436083
2004-07-20,74.58788299560547,75.51732635498047,73.65843963623047,75.09907531738281,570994
2004-07-21,75.93557739257812,75.93557739257812,74.63435363769531,75.09907531738281,482475
2004-07-22,73.93727111816406,75.84263610839844,73.93727111816406,75.28496551513672,675171
2004-07-23,75.33143615722656,75.74968719482422,74.26258087158203,74.54141235351562,260066
2004-07-26,74.86671447753906,75.05260467529297,73.79785919189453,73.84432983398438,285341
2004-07-27,74.35552215576172,74.40199279785156,73.5190200805664,73.79785919189453,393618
2004-07-28,73.56549835205078,74.77377319335938,73.37960815429688,73.84432983398438,387450
2004-07-29,73.89080047607422,75.19202423095703,73.89080047607422,74.95966339111328,321603
2004-07-30,74.68082427978516,75.84263610839844,74.30905151367188,75.33143615722656,357813
2004-08-02,75.09907531738281,75.42438507080078,74.40199279785156,75.05260467529297,290902
2004-08-03,75.19202423095703,75.28496551513672,74.21610260009766,74.54141235351562,271987
2004-08-04,74.26258087158203,75.65674591064453,73.61196899414062,73.70491027832031,358203
2004-08-05,74.03022003173828,74.68082427978516,73.89080047607422,73.9837417602539,249673
2004-08-06,72.96135711669922,73.9837417602539,71.6601333618164,72.03191375732422,775907
2004-08-09,72.1248550415039,72.31074523925781,70.7306900024414,71.1954116821289,703031
2004-08-10,71.009521484375,71.84602355957031,70.45185852050781,70.68421936035156,435916
2004-08-11,70.77716064453125,71.28836059570312,69.56888580322266,70.31243896484375,306907
2004-08-12,70.2659683227539,70.63774871826172,67.80294036865234,68.17472076416016,682095
2004-08-13,68.12825012207031,68.4070816040039,66.12994384765625,67.66352844238281,948568
2004-08-16,67.19880676269531,69.56888580322266,67.19880676269531,69.38299560546875,536681
2004-08-17,68.9647445678711,70.63774871826172,68.9647445678711,69.89419555664062,471845
2004-08-18,69.89419555664062,70.63774871826172,69.38299560546875,70.21949768066406,300443
2004-08-19,70.59127807617188,70.63774871826172,69.05769348144531,69.75477600097656,442240
2004-08-20,69.47594451904297,69.70830535888672,68.8718032836914,69.150634765625,261753
2004-08-23,69.4294662475586,71.10247039794922,69.4294662475586,69.84771728515625,321453
2004-08-24,69.84771728515625,71.10247039794922,69.56888580322266,69.75477600097656,336103
2004-08-25,69.98713684082031,70.7306900024414,69.89419555664062,70.080078125,256353
2004-08-26,70.91658020019531,70.91658020019531,69.89419555664062,69.94066619873047,333677
2004-08-27,70.080078125,70.21949768066406,69.24358367919922,70.12655639648438,663852
2004-08-30,70.35891723632812,70.45185852050781,69.84771728515625,70.03360748291016,150109
2004-08-31,69.75477600097656,70.40538787841797,69.19710540771484,69.70830535888672,650071
2004-09-01,69.10416412353516,70.12655639648438,68.91827392578125,69.70830535888672,952313
2004-09-02,67.84941864013672,67.84941864013672,65.432861328125,65.52580261230469,2081644
2004-09-03,65.80464172363281,66.59466552734375,65.1540298461914,66.22288513183594,758151
2004-09-06,66.59466552734375,66.59466552734375,65.47933197021484,65.99052429199219,407562
2004-09-07,65.8975830078125,65.99052429199219,65.33991241455078,65.52580261230469,588769
2004-09-08,65.52580261230469,65.57227325439453,63.155723571777344,63.57397079467773,1227354
2004-09-09,63.38808441162109,63.57397079467773,62.69100189208984,63.06277847290039,671110
2004-09-10,63.20219421386719,64.45694732666016,63.20219421386719,64.41046905517578,818450
2004-09-13,64.82872009277344,66.68760681152344,64.6893081665039,66.6411361694336,1176960
2004-09-14,66.6411361694336,67.0129165649414,65.80464172363281,66.40877532958984,743742
2004-09-15,66.50172424316406,67.0129165649414,65.66522216796875,66.03700256347656,778966
2004-09-16,65.99052429199219,66.6411361694336,65.80464172363281,66.50172424316406,336365
2004-09-17,66.6411361694336,67.291748046875,66.12994384765625,66.73408508300781,521861
2004-09-20,66.31583404541016,66.8270263671875,66.03700256347656,66.3623046875,415278
2004-09-21,66.26936340332031,68.6859130859375,66.1764144897461,68.5000228881836,1258645
2004-09-22,68.45355224609375,68.6859130859375,67.9423599243164,68.0353012084961,667877
2004-09-23,67.80294036865234,68.31414031982422,67.5705795288086,68.12825012207031,859779
2004-09-24,68.26766204833984,68.6859130859375,67.84941864013672,68.17472076416016,370687
2004-09-27,68.22119140625,68.77886199951172,67.66352844238281,68.5000228881836,648833
2004-09-28,68.8718032836914,69.150634765625,68.17472076416016,68.45355224609375,669170
2004-09-29,68.45355224609375,69.56888580322266,68.45355224609375,69.4294662475586,881758
2004-09-30,69.70830535888672,69.70830535888672,68.36061096191406,68.73238372802734,919322
2004-10-01,68.8718032836914,69.3365249633789,68.82533264160156,69.05769348144531,714134
2004-10-04,69.38299560546875,70.5447998046875,69.38299560546875,69.75477600097656,554861
2004-10-05,69.75477600097656,70.5447998046875,69.3365249633789,70.35891723632812,504831
2004-10-06,70.35891723632812,70.45185852050781,69.47594451904297,69.47594451904297,559914
2004-10-07,69.56888580322266,69.84771728515625,68.77886199951172,68.9647445678711,573084
2004-10-08,68.73238372802734,69.4294662475586,68.54650115966797,68.8718032836914,530831
2004-10-11,68.77886199951172,68.8718032836914,67.98883056640625,68.31414031982422,514932
2004-10-12,68.08177947998047,68.22119140625,67.5705795288086,67.84941864013672,352697
2004-10-13,68.31414031982422,68.4070816040039,67.5705795288086,68.08177947998047,459247
2004-10-14,67.5705795288086,67.9423599243164,66.8270263671875,67.33821868896484,763113
2004-10-15,66.91996765136719,68.36061096191406,66.78055572509766,67.7564697265625,1052360
2004-10-18,68.31414031982422,70.31243896484375,67.84941864013672,69.38299560546875,1071995
2004-10-19,70.12655639648438,70.63774871826172,67.9423599243164,68.22119140625,1066520
2004-10-20,67.84941864013672,68.0353012084961,66.91996765136719,67.5705795288086,552578
2004-10-21,67.84941864013672,69.01122283935547,67.19880676269531,68.4070816040039,646084
2004-10-22,68.36061096191406,68.59297180175781,67.70999908447266,68.08177947998047,473271
2004-10-25,67.1058578491211,67.70999908447266,66.45524597167969,66.73408508300781,429525
2004-10-26,66.68760681152344,67.15232849121094,66.6411361694336,66.8270263671875,213306
2004-10-27,67.19880676269531,67.5705795288086,66.3623046875,67.33821868896484,455684
2004-10-28,67.9423599243164,68.31414031982422,67.7564697265625,68.0353012084961,360661
2004-10-29,68.26766204833984,68.77886199951172,67.70999908447266,68.63944244384766,380613
2004-11-01,68.5000228881836,68.77886199951172,68.0353012084961,68.59297180175781,321070
2004-11-02,68.59297180175781,69.19710540771484,68.45355224609375,69.10416412353516,384497
2004-11-03,69.4294662475586,69.8012466430664,68.8718032836914,69.47594451904297,677869
2004-11-04,69.24358367919922,69.47594451904297,68.31414031982422,68.73238372802734,326412
2004-11-05,69.150634765625,70.03360748291016,69.05769348144531,69.05769348144531,594989
2004-11-08,69.24358367919922,69.84771728515625,69.10416412353516,69.56888580322266,347540
2004-11-09,69.8012466430664,69.89419555664062,69.29005432128906,69.38299560546875,296387
2004-11-10,69.29005432128906,69.84771728515625,69.29005432128906,69.56888580322266,236879
2004-11-11,69.24358367919922,71.28836059570312,69.24358367919922,70.96305084228516,768451
2004-11-12,71.38130187988281,71.93896484375,71.24188232421875,71.70660400390625,599320
2004-11-15,71.79955291748047,71.89249420166016,71.56719207763672,71.79955291748047,593965
2004-11-16,71.56719207763672,71.89249420166016,70.82363891601562,71.10247039794922,372503
2004-11-17,71.10247039794922,72.26427459716797,70.96305084228516,72.26427459716797,807136
2004-11-18,72.21780395507812,73.0542984008789,71.89249420166016,72.96135711669922,684631
2004-11-19,73.00782775878906,73.42607879638672,72.26427459716797,72.68252563476562,471661
2004-11-22,72.21780395507812,72.45016479492188,71.42777252197266,71.56719207763672,382966
2004-11-23,71.79955291748047,72.1248550415039,71.10247039794922,71.28836059570312,320194
2004-11-24,71.89249420166016,71.93896484375,70.7306900024414,70.96305084228516,405893
2004-11-25,71.1954116821289,71.56719207763672,70.87010955810547,70.87010955810547,295359
2004-11-26,70.91658020019531,70.91658020019531,69.89419555664062,70.31243896484375,326925
2004-11-29,70.63774871826172,71.05599975585938,70.17302703857422,70.2659683227539,482469
2004-11-30,70.35891723632812,73.9837417602539,69.56888580322266,72.68252563476562,2675171
2004-12-01,72.63605499267578,72.96135711669922,71.84602355957031,72.17132568359375,903250
2004-12-02,72.45016479492188,72.5895767211914,71.93896484375,72.49663543701172,369743
2004-12-03,72.35721588134766,72.5895767211914,71.84602355957031,72.26427459716797,382039
2004-12-06,72.45016479492188,72.45016479492188,71.56719207763672,71.98544311523438,450937
2004-12-07,71.79955291748047,72.26427459716797,71.24188232421875,71.70660400390625,633629
2004-12-08,71.38130187988281,72.1248550415039,70.96305084228516,71.84602355957031,322984
2004-12-09,71.56719207763672,72.31074523925781,71.28836059570312,71.6601333618164,458763
2004-12-10,72.03191375732422,72.1248550415039,71.56719207763672,71.93896484375,592105
2004-12-13,72.35721588134766,72.49663543701172,71.56719207763672,72.45016479492188,562851
2004-12-14,73.00782775878906,73.00782775878906,70.77716064453125,71.009521484375,1512455
2004-12-15,71.10247039794922,71.24188232421875,69.8012466430664,70.2659683227539,779407
2004-12-16,70.21949768066406,70.96305084228516,69.4294662475586,69.56888580322266,958526
2004-12-17,69.56888580322266,69.98713684082031,68.6859130859375,68.6859130859375,937271
2004-12-20,68.4070816040039,69.10416412353516,68.26766204833984,68.63944244384766,404463
2004-12-21,68.63944244384766,68.8718032836914,68.31414031982422,68.31414031982422,530849
2004-12-22,68.45355224609375,68.77886199951172,68.17472076416016,68.45355224609375,501479
2004-12-23,68.31414031982422,68.91827392578125,68.17472076416016,68.77886199951172,271871
2004-12-24,68.54650115966797,68.77886199951172,68.45355224609375,68.63944244384766,47804
2004-12-27,68.5000228881836,68.63944244384766,68.31414031982422,68.54650115966797,192371
2004-12-28,68.31414031982422,68.59297180175781,67.89588928222656,68.08177947998047,231727
2004-12-29,67.89588928222656,68.45355224609375,67.84941864013672,68.26766204833984,254290
2004-12-30,68.73238372802734,68.73238372802734,68.31414031982422,68.45355224609375,130685
2004-12-31,68.31414031982422,68.73238372802734,68.08177947998047,68.45355224609375,108831
2005-01-03,68.6859130859375,69.38299560546875,68.54650115966797,68.91827392578125,355770
2005-01-04,68.77886199951172,69.24358367919922,68.54650115966797,68.9647445678711,346797
2005-01-05,68.31414031982422,68.45355224609375,67.89588928222656,68.12825012207031,514307
2005-01-06,68.08177947998047,68.77886199951172,68.0353012084961,68.45355224609375,417841
2005-01-07,68.31414031982422,69.70830535888672,67.98883056640625,69.150634765625,889219
2005-01-10,69.38299560546875,69.38299560546875,68.63944244384766,69.01122283935547,278761
2005-01-11,69.24358367919922,69.38299560546875,68.54650115966797,68.6859130859375,646671
2005-01-12,68.6859130859375,69.52241516113281,68.59297180175781,68.6859130859375,780916
2005-01-13,69.01122283935547,70.080078125,69.01122283935547,69.6153564453125,796199
2005-01-14,69.47594451904297,71.75308227539062,69.3365249633789,71.33483123779297,1165340
2005-01-17,71.52072143554688,72.03191375732422,70.96305084228516,71.24188232421875,561491
2005-01-18,71.79955291748047,72.86841583251953,71.28836059570312,72.49663543701172,1413068
2005-01-19,72.96135711669922,74.26258087158203,72.68252563476562,74.12316131591797,1479044
2005-01-20,73.65843963623047,74.91319274902344,73.19371795654297,74.82024383544922,839065
2005-01-21,74.91319274902344,75.19202423095703,74.16963195800781,75.09907531738281,674154
2005-01-24,74.91319274902344,75.19202423095703,74.58788299560547,74.68082427978516,726960
2005-01-25,74.91319274902344,75.84263610839844,74.63435363769531,75.28496551513672,748705
2005-01-26,75.23849487304688,75.51732635498047,74.95966339111328,75.28496551513672,412256
2005-01-27,75.98204803466797,76.02851867675781,74.63435363769531,75.19202423095703,1167628
2005-01-28,75.51732635498047,75.74968719482422,74.77377319335938,74.77377319335938,417373
2005-01-31,75.00613403320312,75.74968719482422,74.16963195800781,75.14555358886719,624810
2005-02-01,74.72730255126953,75.65674591064453,74.72730255126953,75.42438507080078,574829
2005-02-02,75.47085571289062,75.51732635498047,72.77546691894531,73.0542984008789,2369831
2005-02-03,72.68252563476562,73.70491027832031,72.1248550415039,73.47254943847656,1582259
2005-02-04,73.5190200805664,73.56549835205078,72.77546691894531,73.10077667236328,911860
2005-02-07,73.37960815429688,74.63435363769531,73.24018859863281,74.54141235351562,660419
2005-02-08,74.63435363769531,74.77377319335938,73.89080047607422,74.21610260009766,475688
2005-02-09,74.4484634399414,74.4484634399414,73.75138092041016,73.93727111816406,315042
2005-02-10,73.61196899414062,73.9837417602539,73.19371795654297,73.65843963623047,390599
2005-02-11,74.03022003173828,74.4484634399414,73.42607879638672,74.12316131591797,350644
2005-02-14,74.4484634399414,76.02851867675781,74.35552215576172,75.61027526855469,760751
2005-02-15,75.56379699707031,76.02851867675781,74.95966339111328,75.93557739257812,349107
2005-02-16,76.02851867675781,76.02851867675781,74.95966339111328,75.28496551513672,411920
2005-02-17,75.28496551513672,75.74968719482422,75.14555358886719,75.42438507080078,269759
2005-02-18,75.84263610839844,78.02682495117188,75.84263610839844,77.6550521850586,1081164
2005-02-21,77.32974243164062,77.93388366699219,76.63265991210938,76.72560119628906,444862
2005-02-22,76.81855010986328,77.74799346923828,76.40029907226562,77.60857391357422,456101
2005-02-23,77.37621307373047,77.37621307373047,76.30735778808594,76.86502075195312,546340
2005-02-24,76.91149139404297,77.00444030761719,76.40029907226562,76.86502075195312,158107
2005-02-25,76.95796966552734,78.25918579101562,76.81855010986328,78.1197738647461,530562
2005-02-28,77.98035430908203,78.53801727294922,77.60857391357422,78.30565643310547,395758
2005-03-01,77.98035430908203,78.72390747070312,77.42269134521484,78.1197738647461,512215
2005-03-02,78.02682495117188,78.35213470458984,77.70152282714844,78.25918579101562,351177
2005-03-03,77.79446411132812,78.53801727294922,77.79446411132812,78.21271514892578,339484
2005-03-04,78.21271514892578,79.0492172241211,77.70152282714844,79.0492172241211,359286
2005-03-07,79.00274658203125,79.00274658203125,78.30565643310547,78.86332702636719,301686
2005-03-08,78.90979766845703,78.90979766845703,78.30565643310547,78.81685638427734,364484
2005-03-09,78.35213470458984,78.49154663085938,76.91149139404297,77.23680114746094,1073938
2005-03-10,76.81855010986328,77.23680114746094,76.40029907226562,77.09738159179688,607633
2005-03-11,77.09738159179688,77.37621307373047,76.63265991210938,76.95796966552734,321837
2005-03-14,77.09738159179688,77.09738159179688,76.26087951660156,77.00444030761719,320549
2005-03-15,77.23680114746094,78.16624450683594,76.86502075195312,77.98035430908203,560865
2005-03-16,77.93388366699219,77.93388366699219,77.23680114746094,77.42269134521484,470202
2005-03-17,76.95796966552734,77.6550521850586,76.49324035644531,77.14385223388672,725380
2005-03-18,77.05091094970703,77.32974243164062,76.49324035644531,76.72560119628906,771247
2005-03-21,76.53971862792969,77.00444030761719,76.40029907226562,76.63265991210938,305934
2005-03-22,76.63265991210938,76.86502075195312,75.93557739257812,76.07499694824219,484219
2005-03-23,75.65674591064453,76.40029907226562,75.56379699707031,76.30735778808594,440037
2005-03-24,76.40029907226562,76.49324035644531,76.12146759033203,76.40029907226562,356753
2005-03-25,76.40029907226562,76.40029907226562,76.40029907226562,76.40029907226562,0
2005-03-28,76.40029907226562,76.40029907226562,76.40029907226562,76.40029907226562,0
2005-03-29,75.84263610839844,76.21440887451172,75.65674591064453,76.16793823242188,423712
2005-03-30,75.65674591064453,76.49324035644531,75.61027526855469,76.30735778808594,319659
2005-03-31,76.44676971435547,77.05091094970703,76.26087951660156,76.67913055419922,427042
2005-04-01,76.40029907226562,77.14385223388672,76.16793823242188,76.86502075195312,340024
2005-04-04,76.30735778808594,76.58618927001953,75.47085571289062,75.98204803466797,449061
2005-04-05,75.98204803466797,76.40029907226562,75.84263610839844,76.16793823242188,223795
2005-04-06,76.40029907226562,76.81855010986328,75.84263610839844,76.40029907226562,315992
2005-04-07,76.12146759033203,77.05091094970703,75.93557739257812,76.77207946777344,329096
2005-04-08,77.00444030761719,77.05091094970703,76.40029907226562,76.81855010986328,201200
2005-04-11,76.58618927001953,76.95796966552734,76.40029907226562,76.77207946777344,363882
2005-04-12,76.53971862792969,76.58618927001953,76.16793823242188,76.35382843017578,277174
2005-04-13,77.05091094970703,77.05091094970703,76.07499694824219,76.26087951660156,364220
2005-04-14,76.21440887451172,76.63265991210938,75.74968719482422,75.74968719482422,450179
2005-04-15,75.61027526855469,75.61027526855469,74.35552215576172,74.49494171142578,709822
2005-04-18,73.9837417602539,74.35552215576172,72.96135711669922,73.28665924072266,691505
2005-04-19,73.42607879638672,73.65843963623047,72.72899627685547,72.91488647460938,504617
2005-04-20,72.86841583251953,73.33313751220703,72.1248550415039,72.72899627685547,745355
2005-04-21,72.26427459716797,73.24018859863281,72.1248550415039,72.49663543701172,831260
2005-04-22,73.37960815429688,73.42607879638672,71.98544311523438,72.31074523925781,460092
2005-04-25,72.1248550415039,73.10077667236328,72.03191375732422,72.77546691894531,375778
2005-04-26,73.0542984008789,73.37960815429688,72.49663543701172,73.14724731445312,489471
2005-04-27,72.49663543701172,72.96135711669922,70.35891723632812,71.38130187988281,1048544
2005-04-28,71.70660400390625,72.03191375732422,70.03360748291016,70.2659683227539,705578
2005-04-29,70.21949768066406,71.6601333618164,69.56888580322266,70.68421936035156,480750
2005-05-02,70.7306900024414,71.56719207763672,70.40538787841797,70.87010955810547,264441
2005-05-03,71.24188232421875,71.38130187988281,70.17302703857422,71.10247039794922,475237
2005-05-04,71.75308227539062,72.21780395507812,71.33483123779297,71.98544311523438,458925
2005-05-05,72.31074523925781,73.65843963623047,72.21780395507812,72.72899627685547,572189
2005-05-06,73.00782775878906,73.47254943847656,72.63605499267578,73.14724731445312,366563
2005-05-09,72.86841583251953,73.70491027832031,72.77546691894531,73.47254943847656,347066
2005-05-10,73.89080047607422,73.89080047607422,71.98544311523438,72.31074523925781,645789
2005-05-11,71.79955291748047,73.14724731445312,71.75308227539062,72.40369415283203,786351
2005-05-12,72.91488647460938,73.79785919189453,71.93896484375,73.42607879638672,667527
2005-05-13,73.56549835205078,73.89080047607422,73.24018859863281,73.61196899414062,311459
2005-05-16,73.0542984008789,73.84432983398438,73.0542984008789,73.65843963623047,322280
2005-05-17,73.84432983398438,73.84432983398438,73.24018859863281,73.5190200805664,302467
2005-05-18,73.84432983398438,74.54141235351562,73.24018859863281,74.35552215576172,794684
2005-05-19,74.72730255126953,75.09907531738281,73.9837417602539,74.49494171142578,628258
2005-05-20,74.4484634399414,74.68082427978516,74.16963195800781,74.40199279785156,367965
2005-05-23,74.4484634399414,74.63435363769531,74.03022003173828,74.26258087158203,302238
2005-05-24,74.35552215576172,74.35552215576172,73.9837417602539,74.30905151367188,332654
2005-05-25,74.07669067382812,74.35552215576172,73.79785919189453,74.07669067382812,318361
2005-05-26,73.89080047607422,74.54141235351562,73.89080047607422,74.40199279785156,1332645
2005-05-27,74.21610260009766,74.49494171142578,74.21610260009766,74.30905151367188,421194
2005-05-30,74.07669067382812,75.56379699707031,73.93727111816406,75.28496551513672,683270
2005-05-31,75.09907531738281,75.33143615722656,74.49494171142578,74.82024383544922,501868
2005-06-01,74.58788299560547,76.63265991210938,74.58788299560547,75.84263610839844,1152557
2005-06-02,76.30735778808594,77.79446411132812,76.26087951660156,75.09907531738281,1458242
2005-06-03,75.74968719482422,75.74968719482422,74.21610260009766,74.49494171142578,635314
2005-06-06,74.68082427978516,75.05260467529297,74.40199279785156,74.72730255126953,479239
2005-06-07,75.00613403320312,75.05260467529297,73.9837417602539,74.26258087158203,924129
2005-06-08,74.16963195800781,74.95966339111328,73.56549835205078,74.68082427978516,861077
2005-06-09,75.00613403320312,75.47085571289062,74.95966339111328,75.28496551513672,822851
2005-06-10,75.56379699707031,76.21440887451172,75.37791442871094,76.07499694824219,748959
2005-06-13,76.12146759033203,76.53971862792969,75.74968719482422,76.12146759033203,332469
2005-06-14,76.12146759033203,76.95796966552734,75.84263610839844,76.91149139404297,750913
2005-06-15,77.05091094970703,77.05091094970703,76.44676971435547,76.44676971435547,585565
2005-06-16,76.44676971435547,76.86502075195312,76.21440887451172,76.81855010986328,306950
2005-06-17,77.00444030761719,77.74799346923828,76.40029907226562,77.32974243164062,476670
2005-06-20,76.81855010986328,77.46916198730469,76.81855010986328,76.95796966552734,539423
2005-06-21,77.05091094970703,77.70152282714844,76.95796966552734,77.56210327148438,461436
2005-06-22,77.42269134521484,78.67743682861328,77.37621307373047,78.44507598876953,746283
2005-06-23,78.7703857421875,79.6998291015625,78.21271514892578,79.5139389038086,877194
2005-06-24,78.63096618652344,78.81685638427734,77.84093475341797,78.5844955444336,941500
2005-06-27,78.35213470458984,78.44507598876953,77.60857391357422,77.79446411132812,681248
2005-06-28,78.02682495117188,78.90979766845703,78.02682495117188,78.90979766845703,681796
2005-06-29,78.81685638427734,79.18862915039062,78.44507598876953,79.00274658203125,598717
2005-06-30,78.72390747070312,79.79277038574219,78.72390747070312,79.28157806396484,632187
2005-07-01,78.86332702636719,79.28157806396484,78.49154663085938,79.28157806396484,421286
2005-07-04,79.56040954589844,79.56040954589844,78.25918579101562,79.28157806396484,199908
2005-07-05,79.0492172241211,79.235107421875,78.44507598876953,79.0492172241211,396715
2005-07-06,79.46746826171875,79.46746826171875,78.72390747070312,79.28157806396484,459523
2005-07-07,78.90979766845703,79.235107421875,73.47254943847656,77.09738159179688,1302425
2005-07-08,77.46916198730469,78.67743682861328,77.28327178955078,77.84093475341797,719565
2005-07-11,78.63096618652344,79.00274658203125,78.30565643310547,78.72390747070312,501268
2005-07-12,78.7703857421875,78.95626831054688,78.39860534667969,78.7703857421875,286938
2005-07-13,78.39860534667969,78.44507598876953,77.32974243164062,77.70152282714844,878883
2005-07-14,77.88741302490234,77.88741302490234,76.77207946777344,77.00444030761719,863691
2005-07-15,77.37621307373047,77.37621307373047,75.98204803466797,76.12146759033203,948494
2005-07-18,76.02851867675781,77.09738159179688,75.93557739257812,76.91149139404297,484528
2005-07-19,76.67913055419922,77.28327178955078,76.16793823242188,76.44676971435547,734659
2005-07-20,76.21440887451172,77.05091094970703,76.21440887451172,76.91149139404297,445041
2005-07-21,76.86502075195312,77.32974243164062,76.21440887451172,76.40029907226562,756585
2005-07-22,76.07499694824219,76.91149139404297,76.07499694824219,76.49324035644531,507926
2005-07-25,77.00444030761719,77.00444030761719,75.74968719482422,76.16793823242188,389107
2005-07-26,76.21440887451172,77.88741302490234,76.07499694824219,77.37621307373047,1072924
2005-07-27,77.84093475341797,78.1197738647461,77.37621307373047,78.07329559326172,756262
2005-07-28,78.25918579101562,78.44507598876953,77.42269134521484,78.35213470458984,695191
2005-07-29,78.90979766845703,78.90979766845703,76.72560119628906,77.37621307373047,704938
2005-08-01,77.56210327148438,77.70152282714844,77.09738159179688,77.42269134521484,288540
2005-08-02,77.70152282714844,77.79446411132812,76.77207946777344,77.23680114746094,540378
2005-08-03,77.46916198730469,77.51563262939453,76.16793823242188,76.81855010986328,498301
2005-08-04,76.44676971435547,76.95796966552734,76.44676971435547,76.67913055419922,339349
2005-08-05,76.44676971435547,76.67913055419922,75.84263610839844,75.98204803466797,510524
2005-08-08,76.12146759033203,76.40029907226562,75.65674591064453,76.16793823242188,402611
2005-08-09,76.02851867675781,76.95796966552734,76.02851867675781,76.77207946777344,366230
2005-08-10,77.1903305053711,78.30565643310547,76.91149139404297,78.16624450683594,798795
2005-08-11,78.21271514892578,78.7703857421875,77.37621307373047,78.53801727294922,614642
2005-08-12,78.53801727294922,79.09568786621094,78.1197738647461,78.30565643310547,667665
2005-08-15,78.53801727294922,78.7703857421875,78.07329559326172,78.30565643310547,170544
2005-08-16,78.5844955444336,78.81685638427734,77.60857391357422,77.70152282714844,410634
2005-08-17,77.70152282714844,78.02682495117188,77.37621307373047,77.98035430908203,433243
2005-08-18,78.16624450683594,78.39860534667969,77.70152282714844,78.1197738647461,299398
2005-08-19,77.88741302490234,78.53801727294922,77.88741302490234,78.49154663085938,250325
2005-08-22,78.72390747070312,81.14046478271484,78.72390747070312,80.86163330078125,1122389
2005-08-23,80.86163330078125,80.95457458496094,80.11807250976562,80.67574310302734,301712
2005-08-24,80.86163330078125,81.23340606689453,80.02513122558594,80.95457458496094,489272
2005-08-25,80.30396270751953,80.58279418945312,79.46746826171875,80.02513122558594,307846
2005-08-26,79.6998291015625,80.67574310302734,79.60688018798828,80.48985290527344,591944
2005-08-29,80.02513122558594,81.8375473022461,79.93218994140625,81.51224517822266,452243
2005-08-30,81.88401794433594,83.32466125488281,81.23340606689453,81.65165710449219,803771
2005-08-31,81.3728256225586,82.16284942626953,80.67574310302734,80.76868438720703,652509
2005-09-01,81.093994140625,81.32635498046875,79.83924102783203,80.21102142333984,712376
2005-09-02,80.07160186767578,81.14046478271484,79.9786605834961,80.58279418945312,491327
2005-09-05,80.39691162109375,81.14046478271484,80.39691162109375,80.76868438720703,286149
2005-09-06,81.14046478271484,82.34873962402344,80.76868438720703,81.79107666015625,622816
2005-09-07,82.2093276977539,82.2093276977539,80.95457458496094,81.65165710449219,496714
2005-09-08,83.6034927368164,83.64996337890625,81.18693542480469,81.5587158203125,1041308
2005-09-09,81.97696685791016,82.72052001953125,81.51224517822266,82.34873962402344,379305
2005-09-12,82.72052001953125,82.99935150146484,82.4881591796875,82.62757873535156,370692
2005-09-13,82.62757873535156,82.72052001953125,81.14046478271484,81.41929626464844,627548
2005-09-14,81.65165710449219,82.06990814208984,81.093994140625,81.60518646240234,422784
2005-09-15,81.23340606689453,82.11637878417969,81.093994140625,81.2798843383789,525442
2005-09-16,81.41929626464844,82.11637878417969,80.67574310302734,80.76868438720703,589396
2005-09-19,80.72221374511719,81.093994140625,80.07160186767578,80.48985290527344,371358
2005-09-20,80.6292724609375,81.18693542480469,80.11807250976562,80.67574310302734,353182
2005-09-21,80.21102142333984,80.67574310302734,79.93218994140625,80.02513122558594,288318
2005-09-22,79.65335083007812,80.53632354736328,79.37451934814453,79.42098999023438,324178
2005-09-23,79.5139389038086,80.25749206542969,79.46746826171875,79.83924102783203,245185
2005-09-26,79.83924102783203,80.95457458496094,79.83924102783203,80.58279418945312,465520
2005-09-27,80.53632354736328,80.58279418945312,79.93218994140625,80.25749206542969,267010
2005-09-28,80.25749206542969,81.23340606689453,80.07160186767578,80.9081039428711,445371
2005-09-29,80.95457458496094,80.95457458496094,80.39691162109375,80.76868438720703,253028
2005-09-30,81.04752349853516,81.79107666015625,80.95457458496094,81.14046478271484,623151
2005-10-03,81.093994140625,81.79107666015625,81.093994140625,81.5587158203125,318604
2005-10-04,81.69812774658203,82.0234375,81.14046478271484,81.7446060180664,453808
2005-10-05,81.18693542480469,81.51224517822266,80.11807250976562,80.76868438720703,540201
2005-10-06,80.6292724609375,80.6292724609375,79.28157806396484,79.56040954589844,804301
2005-10-07,79.5139389038086,79.9786605834961,78.44507598876953,79.14215850830078,552334
2005-10-10,79.65335083007812,80.25749206542969,79.00274658203125,79.32804870605469,311632
2005-10-11,79.32804870605469,80.6292724609375,79.32804870605469,80.21102142333984,544717
2005-10-12,80.4433822631836,80.6292724609375,79.83924102783203,80.25749206542969,505281
2005-10-13,80.02513122558594,80.48985290527344,79.5139389038086,79.9786605834961,425235
2005-10-14,79.79277038574219,80.48985290527344,79.60688018798828,79.9786605834961,463493
2005-10-17,80.21102142333984,80.25749206542969,79.28157806396484,79.6998291015625,298038
2005-10-18,79.93218994140625,80.11807250976562,78.86332702636719,79.14215850830078,430037
2005-10-19,78.72390747070312,79.00274658203125,77.42269134521484,77.88741302490234,674752
2005-10-20,78.72390747070312,78.90979766845703,77.79446411132812,77.98035430908203,398356
2005-10-21,77.37621307373047,78.21271514892578,77.05091094970703,77.14385223388672,420444
2005-10-24,77.51563262939453,78.49154663085938,77.23680114746094,78.39860534667969,269173
2005-10-25,78.72390747070312,78.7703857421875,77.28327178955078,77.46916198730469,355064
2005-10-26,77.88741302490234,78.49154663085938,77.6550521850586,78.02682495117188,365161
2005-10-27,78.90979766845703,80.25749206542969,78.53801727294922,80.02513122558594,1339014
2005-10-28,79.93218994140625,80.9081039428711,79.0492172241211,80.02513122558594,818832
2005-10-31,80.53632354736328,81.46576690673828,80.35043334960938,81.46576690673828,402127
2005-11-01,81.60518646240234,83.37113189697266,81.2798843383789,83.18524169921875,691816
2005-11-02,82.952880859375,83.83585357666016,82.34873962402344,83.2317123413086,923967
2005-11-03,83.2317123413086,83.83585357666016,82.72052001953125,83.64996337890625,603233
2005-11-04,83.64996337890625,83.64996337890625,82.34873962402344,82.81346130371094,661340
2005-11-07,83.18524169921875,83.4176025390625,81.79107666015625,82.72052001953125,539428
2005-11-08,82.85993957519531,84.20762634277344,82.62757873535156,83.97526550292969,754590
2005-11-09,84.20762634277344,84.48646545410156,83.92879486083984,84.20762634277344,345845
2005-11-10,84.48646545410156,85.64826965332031,84.25410461425781,85.23001861572266,667231
2005-11-11,85.88063049316406,86.06652069091797,85.2764892578125,85.78768157958984,358185
2005-11-14,85.50885009765625,86.0200424194336,84.9976577758789,85.83415985107422,314331
2005-11-15,85.7412109375,85.97357177734375,85.41590881347656,85.5553207397461,280989
2005-11-16,85.60179901123047,85.60179901123047,84.67235565185547,84.90471649169922,412781
2005-11-17,85.0905990600586,85.60179901123047,84.811767578125,85.4623794555664,284490
2005-11-18,85.78768157958984,86.43829345703125,85.2764892578125,86.29888153076172,420076
2005-11-21,86.34535217285156,87.22832489013672,86.06652069091797,87.1353759765625,409135
2005-11-22,86.99596405029297,87.04243469238281,85.88063049316406,86.48477172851562,372598
2005-11-23,86.99596405029297,86.99596405029297,85.83415985107422,86.62418365478516,393246
2005-11-24,86.62418365478516,86.670654296875,85.04412841796875,85.50885009765625,650526
2005-11-25,85.50885009765625,85.88063049316406,85.23001861572266,85.5553207397461,252661
2005-11-28,85.32295989990234,86.15946197509766,85.23001861572266,85.5553207397461,499950
2005-11-29,85.41590881347656,86.06652069091797,85.13707733154297,85.83415985107422,226993
2005-11-30,85.78768157958984,86.2059326171875,84.85823822021484,84.9976577758789,493402
2005-12-01,84.95118713378906,85.88063049316406,84.85823822021484,85.4623794555664,574009
2005-12-02,85.60179901123047,86.81007385253906,85.5553207397461,86.670654296875,408028
2005-12-05,86.53124237060547,86.8565444946289,85.2764892578125,85.97357177734375,298790
2005-12-06,86.15946197509766,86.15946197509766,85.7412109375,86.11299133300781,356784
2005-12-07,86.25240325927734,86.81007385253906,85.97357177734375,86.57771301269531,405625
2005-12-08,86.48477172851562,86.81007385253906,85.64826965332031,86.34535217285156,326150
2005-12-09,85.78768157958984,87.04243469238281,84.9976577758789,86.53124237060547,501922
2005-12-12,86.57771301269531,86.94949340820312,85.83415985107422,86.0200424194336,400984
2005-12-13,85.83415985107422,86.06652069091797,85.32295989990234,85.50885009765625,429725
2005-12-14,85.50885009765625,85.78768157958984,85.18354797363281,85.23001861572266,329467
2005-12-15,85.36943817138672,85.50885009765625,83.92879486083984,84.0682144165039,754125
2005-12-16,84.25410461425781,85.13707733154297,84.25410461425781,84.71882629394531,526077
2005-12-19,84.5329360961914,85.41590881347656,83.92879486083984,84.67235565185547,406274
2005-12-20,84.3470458984375,85.5553207397461,84.11468505859375,84.48646545410156,376604
2005-12-21,84.48646545410156,86.25240325927734,84.48646545410156,86.06652069091797,406614
2005-12-22,86.06652069091797,86.53124237060547,85.04412841796875,85.50885009765625,414561
2005-12-23,85.9271011352539,86.43829345703125,85.13707733154297,86.3918228149414,212166
2005-12-26,86.3918228149414,86.3918228149414,86.3918228149414,86.3918228149414,0
2005-12-27,86.2059326171875,87.18185424804688,85.2764892578125,86.90301513671875,195964
2005-12-28,86.670654296875,87.55362701416016,86.48477172851562,87.04243469238281,260141
2005-12-29,87.46068572998047,88.85485076904297,87.08890533447266,88.62248992919922,545215
2005-12-30,88.48307037353516,88.80838012695312,87.69304656982422,88.43659973144531,291175
2006-01-02,88.48307037353516,88.66896057128906,87.69304656982422,88.29718780517578,128754
2006-01-03,88.20423889160156,88.43659973144531,87.83245849609375,88.0648193359375,446013
2006-01-04,88.52954864501953,88.57601928710938,87.50715637207031,87.97187805175781,503224
2006-01-05,87.97187805175781,88.01834869384766,87.41421508789062,87.97187805175781,461301
2006-01-06,87.92540740966797,87.92540740966797,86.94949340820312,87.36773681640625,467857
2006-01-09,88.15776824951172,92.34026336669922,87.87893676757812,91.64318084716795,1432251
2006-01-10,91.27140808105467,92.29379272460938,90.85315704345705,91.27140808105467,657182
2006-01-11,91.41082000732422,91.41082000732422,90.15607452392578,91.27140808105467,425694
2006-01-12,90.8066864013672,91.59671020507812,90.38843536376952,91.41082000732422,445129
2006-01-13,91.50376892089844,91.55023956298828,89.45899200439453,90.38843536376952,559369
2006-01-16,89.83076477050781,90.7602081298828,89.69135284423828,89.97018432617188,362702
2006-01-17,89.50546264648438,89.69135284423828,88.20423889160156,88.43659973144531,624285
2006-01-18,87.92540740966797,89.27310180664062,87.41421508789062,89.08721160888672,765663
2006-01-19,88.76190948486328,89.55193328857422,88.43659973144531,88.76190948486328,480508
2006-01-20,88.48307037353516,89.55193328857422,88.15776824951172,88.34365844726562,663968
2006-01-23,87.83245849609375,87.92540740966797,86.81007385253906,87.22832489013672,585114
2006-01-24,87.36773681640625,87.97187805175781,86.71713256835938,87.08890533447266,476666
2006-01-25,87.3212661743164,88.15776824951172,87.08890533447266,87.55362701416016,660045
2006-01-26,86.76360321044922,88.80838012695312,86.34535217285156,87.55362701416016,1109898
2006-01-27,88.39012908935547,88.66896057128906,86.53124237060547,87.83245849609375,955073
2006-01-30,89.22663116455078,91.08551788330078,88.94779205322266,89.92371368408203,881449
2006-01-31,89.92371368408203,90.34196472167967,88.7154312133789,89.22663116455078,508914
2006-02-01,89.59840393066406,89.87723541259766,88.99427032470703,89.55193328857422,300989
2006-02-02,89.45899200439453,89.78429412841797,88.48307037353516,88.76190948486328,297805
2006-02-03,89.1801528930664,89.41251373291016,87.97187805175781,88.39012908935547,401795
2006-02-06,88.99427032470703,89.1801528930664,87.97187805175781,88.34365844726562,276208
2006-02-07,88.7154312133789,88.99427032470703,87.55362701416016,88.15776824951172,334143
2006-02-08,87.87893676757812,88.57601928710938,87.60009765625,87.83245849609375,299685
2006-02-09,88.52954864501953,88.57601928710938,87.46068572998047,88.11129760742188,326440
2006-02-10,87.69304656982422,88.29718780517578,87.3212661743164,87.87893676757812,359493
2006-02-13,87.87893676757812,88.20423889160156,87.1353759765625,87.92540740966797,334587
2006-02-14,87.97187805175781,87.97187805175781,87.22832489013672,87.64657592773438,319158
2006-02-15,88.2507095336914,88.2507095336914,87.1353759765625,87.55362701416016,449312
2006-02-16,88.2507095336914,88.2507095336914,87.60009765625,87.83245849609375,337849
2006-02-17,88.01834869384766,88.01834869384766,87.22832489013672,87.41421508789062,283799
2006-02-20,87.55362701416016,87.55362701416016,87.27479553222656,87.55362701416016,210932
2006-02-21,87.41421508789062,87.92540740966797,87.27479553222656,87.3212661743164,423778
2006-02-22,87.3212661743164,87.92540740966797,87.08890533447266,87.92540740966797,330239
2006-02-23,88.11129760742188,89.27310180664062,87.64657592773438,88.94779205322266,832182
2006-02-24,88.94779205322266,90.06312561035156,88.80838012695312,89.87723541259766,374678
2006-02-27,90.62079620361328,91.45729064941406,89.31957244873047,91.31787872314452,642995
2006-02-28,91.36434936523438,91.36434936523438,89.22663116455078,89.87723541259766,517337
2006-03-01,89.87723541259766,90.34196472167967,89.41251373291016,89.97018432617188,245815
2006-03-02,90.52784729003906,91.22492980957033,89.69135284423828,89.92371368408203,497384
2006-03-03,89.83076477050781,91.7361297607422,89.6448745727539,90.34196472167967,651970
2006-03-06,90.34196472167967,90.52784729003906,89.73782348632812,90.1095962524414,411993
2006-03-07,90.1095962524414,90.43490600585938,89.1801528930664,89.59840393066406,437171
2006-03-08,89.41251373291016,89.59840393066406,87.69304656982422,88.85485076904297,509456
2006-03-09,88.85485076904297,88.90132141113281,87.08890533447266,87.69304656982422,872927
2006-03-10,87.22832489013672,89.27310180664062,87.22832489013672,88.7154312133789,626772
2006-03-13,88.94779205322266,89.04074096679688,87.97187805175781,88.29718780517578,876078
2006-03-14,88.15776824951172,90.34196472167967,88.15776824951172,90.24901580810548,1283772
2006-03-15,90.62079620361328,92.20085144042967,90.29548645019533,92.01496124267578,819670
2006-03-16,92.94440460205078,93.87384796142578,91.7361297607422,92.34026336669922,646488
2006-03-17,92.6190948486328,92.75851440429688,91.7361297607422,92.29379272460938,287726
2006-03-20,92.29379272460938,93.68795776367188,92.06143188476562,92.47968292236328,544809
2006-03-21,92.6655731201172,93.13029479980467,92.01496124267578,92.43321228027344,447845
2006-03-22,91.7361297607422,92.6190948486328,91.17845916748048,92.6190948486328,421462
2006-03-23,92.6190948486328,92.89793395996094,92.34026336669922,92.38673400878906,338182
2006-03-24,92.38673400878906,93.03734588623048,92.34026336669922,93.03734588623048,379994
2006-03-27,93.03734588623048,93.13029479980467,91.45729064941406,91.82907104492188,442406
2006-03-28,91.82907104492188,92.47968292236328,91.36434936523438,91.78260040283205,507764
2006-03-29,91.7361297607422,92.47968292236328,91.41082000732422,92.38673400878906,291071
2006-03-30,92.38673400878906,93.03734588623048,92.29379272460938,92.6190948486328,349624
2006-03-31,92.94440460205078,92.94440460205078,91.7361297607422,92.6190948486328,392749
2006-04-03,92.94440460205078,93.40912628173828,92.57262420654295,92.94440460205078,437052
2006-04-04,92.94440460205078,92.94440460205078,92.24732208251952,92.38673400878906,261516
2006-04-05,91.96849060058594,92.80498504638672,91.45729064941406,92.20085144042967,380138
2006-04-06,92.20085144042967,92.57262420654295,91.7361297607422,92.24732208251952,290013
2006-04-07,92.24732208251952,92.57262420654295,91.45729064941406,91.82907104492188,298750
2006-04-10,91.7361297607422,91.82907104492188,90.89962768554688,91.55023956298828,268360
2006-04-11,91.7361297607422,91.7361297607422,89.31957244873047,89.83076477050781,592784
2006-04-12,88.7154312133789,89.73782348632812,88.39012908935547,88.90132141113281,566858
2006-04-13,88.76190948486328,90.71373748779295,88.76190948486328,89.69135284423828,661391
2006-04-18,89.97018432617188,89.97018432617188,88.57601928710938,89.27310180664062,435173
2006-04-19,89.69135284423828,90.8066864013672,89.69135284423828,90.71373748779295,521371
2006-04-20,91.27140808105467,92.38673400878906,91.27140808105467,91.96849060058594,814029
2006-04-21,92.38673400878906,92.94440460205078,91.82907104492188,92.94440460205078,559983
2006-04-24,92.85145568847656,94.15267944335938,91.27140808105467,93.87384796142578,749622
2006-04-25,94.61740112304688,96.3833465576172,94.43151092529295,95.82568359375,1490300
2006-04-26,96.1045150756836,97.77751159667967,95.82568359375,96.47628784179688,859760
2006-04-27,97.9634017944336,97.9634017944336,94.43151092529295,95.73273468017578,757997
2006-04-28,95.6397933959961,95.73273468017578,94.43151092529295,95.54684448242188,425147
2006-05-02,94.80329132080078,95.82568359375,94.61740112304688,95.54684448242188,350116
2006-05-03,95.73273468017578,95.73273468017578,94.7103500366211,95.26801300048828,373976
2006-05-04,95.08212280273438,96.19745635986328,94.61740112304688,95.73273468017578,526613
2006-05-05,94.80329132080078,95.91862487792967,94.7103500366211,95.73273468017578,438555
2006-05-08,96.01156616210938,96.47628784179688,95.36095428466795,96.19745635986328,327841
2006-05-09,96.2904052734375,96.755126953125,95.82568359375,96.47628784179688,280949
2006-05-10,96.47628784179688,96.84806823730467,96.2904052734375,96.66217803955078,737757
2006-05-11,97.0339584350586,98.8928451538086,97.0339584350586,97.3127899169922,707485
2006-05-12,96.5692367553711,97.2198486328125,94.98918151855467,95.54684448242188,491419
2006-05-15,94.80329132080078,95.26801300048828,93.68795776367188,94.15267944335938,506559
2006-05-16,94.43151092529295,95.08212280273438,93.87384796142578,94.5244598388672,440814
2006-05-17,94.43151092529295,94.5244598388672,90.94609832763672,91.64318084716795,957100
2006-05-18,91.64318084716795,93.03734588623048,91.17845916748048,91.78260040283205,630383
2006-05-19,91.27140808105467,92.01496124267578,90.62079620361328,91.31787872314452,743524
2006-05-22,91.36434936523438,91.36434936523438,87.36773681640625,88.01834869384766,1063295
2006-05-23,89.22663116455078,90.8066864013672,88.29718780517578,89.6448745727539,769706
2006-05-24,89.27310180664062,90.01665496826172,88.29718780517578,88.85485076904297,559302
2006-05-25,88.85485076904297,90.34196472167967,88.29718780517578,89.87723541259766,202448
2006-05-26,90.57432556152344,91.78260040283205,89.83076477050781,91.22492980957033,380406
2006-05-29,91.13198852539062,91.96849060058594,91.03904724121094,91.55023956298828,193726
2006-05-30,91.7361297607422,91.82907104492188,89.59840393066406,89.97018432617188,650286
2006-05-31,89.78429412841797,90.48137664794922,89.08721160888672,89.97018432617188,539413
2006-06-01,89.97018432617188,90.01665496826172,88.48307037353516,87.18185424804688,550437
2006-06-02,88.11129760742188,90.1095962524414,87.97187805175781,88.01834869384766,653281
2006-06-05,88.2507095336914,89.13368225097656,86.57771301269531,87.04243469238281,463354
2006-06-06,85.50885009765625,85.97357177734375,84.1611557006836,84.57940673828125,897300
2006-06-07,85.23001861572266,85.23001861572266,82.72052001953125,83.27818298339844,1054693
2006-06-08,82.2093276977539,83.83585357666016,81.65165710449219,82.39521026611328,783469
2006-06-09,83.55702209472656,85.32295989990234,83.04582214355469,84.95118713378906,826963
2006-06-12,84.95118713378906,85.50885009765625,84.20762634277344,84.30057525634766,515441
2006-06-13,82.11637878417969,83.83585357666016,82.06990814208984,83.32466125488281,634322
2006-06-14,83.37113189697266,86.71713256835938,83.18524169921875,85.23001861572266,1768771
2006-06-15,86.2059326171875,89.83076477050781,85.83415985107422,89.45899200439453,1272105
2006-06-16,90.85315704345705,90.85315704345705,88.99427032470703,89.22663116455078,955453
2006-06-19,89.73782348632812,91.96849060058594,89.27310180664062,90.85315704345705,835925
2006-06-20,89.73782348632812,91.08551788330078,89.36604309082031,90.7602081298828,676620
2006-06-21,90.8066864013672,90.94609832763672,89.41251373291016,90.8066864013672,616934
2006-06-22,91.08551788330078,91.27140808105467,90.24901580810548,90.8066864013672,522104
2006-06-23,90.99256896972656,90.99256896972656,90.24901580810548,90.57432556152344,251948
2006-06-26,91.03904724121094,91.03904724121094,89.73782348632812,90.01665496826172,472423
2006-06-27,90.66726684570312,90.66726684570312,89.6448745727539,89.87723541259766,359316
2006-06-28,89.78429412841797,91.59671020507812,89.59840393066406,91.13198852539062,784859
2006-06-29,91.82907104492188,92.43321228027344,91.08551788330078,92.01496124267578,358148
2006-06-30,92.80498504638672,92.85145568847656,91.55023956298828,92.6655731201172,510588
2006-07-03,92.85145568847656,92.85145568847656,91.36434936523438,92.6190948486328,340832
2006-07-04,92.85145568847656,92.85145568847656,92.29379272460938,92.6190948486328,175532
2006-07-05,91.03904724121094,91.6896514892578,89.36604309082031,90.85315704345705,1738034
2006-07-06,90.89962768554688,91.6896514892578,90.62079620361328,91.64318084716795,593487
2006-07-07,91.55023956298828,91.55023956298828,90.43490600585938,90.85315704345705,381591
2006-07-10,90.48137664794922,92.34026336669922,90.43490600585938,92.29379272460938,857272
2006-07-11,91.45729064941406,92.15437316894533,91.13198852539062,91.45729064941406,1023814
2006-07-12,91.59671020507812,93.96678924560548,91.59671020507812,92.57262420654295,1013084
2006-07-13,92.06143188476562,92.29379272460938,91.27140808105467,91.78260040283205,771183
2006-07-14,91.31787872314452,91.78260040283205,90.7602081298828,91.13198852539062,534088
2006-07-17,91.08551788330078,91.41082000732422,90.34196472167967,90.8066864013672,719087
2006-07-18,90.43490600585938,91.7361297607422,90.34196472167967,91.36434936523438,717055
2006-07-19,91.41082000732422,92.20085144042967,90.94609832763672,92.20085144042967,386094
2006-07-20,92.47968292236328,92.94440460205078,92.24732208251952,92.6655731201172,731933
2006-07-21,92.57262420654295,93.40912628173828,92.38673400878906,93.22323608398438,846552
2006-07-24,93.40912628173828,94.61740112304688,92.75851440429688,93.87384796142578,446917
2006-07-25,94.7103500366211,94.80329132080078,93.7809066772461,94.33856964111328,259020
2006-07-26,94.7103500366211,96.01156616210938,94.43151092529295,95.73273468017578,565419
2006-07-27,95.54684448242188,97.77751159667967,95.26801300048828,97.4986801147461,1160641
2006-07-28,96.84806823730467,97.8704605102539,96.3833465576172,97.77751159667967,534928
2006-07-31,97.6845703125,97.9634017944336,97.0339584350586,97.2198486328125,319695
2006-08-01,97.4986801147461,97.8704605102539,94.98918151855467,95.36095428466795,583317
2006-08-02,95.6397933959961,96.19745635986328,95.08212280273438,95.82568359375,558896
2006-08-03,95.91862487792967,96.19745635986328,94.43151092529295,95.26801300048828,574461
2006-08-04,96.01156616210938,96.01156616210938,94.61740112304688,95.4539031982422,364327
2006-08-07,94.15267944335938,95.08212280273438,93.87384796142578,94.43151092529295,271569
2006-08-08,94.7103500366211,94.98918151855467,94.15267944335938,94.80329132080078,228599
2006-08-09,94.61740112304688,95.54684448242188,94.15267944335938,94.5244598388672,322066
2006-08-10,93.87384796142578,94.15267944335938,92.94440460205078,93.50206756591795,385181
2006-08-11,93.96678924560548,94.5244598388672,92.94440460205078,93.5950164794922,283145
2006-08-14,93.96678924560548,94.80329132080078,93.87384796142578,94.80329132080078,235878
2006-08-15,94.61740112304688,96.3833465576172,94.5244598388672,96.2904052734375,489043
2006-08-16,96.5692367553711,96.5692367553711,94.98918151855467,96.2904052734375,487481
2006-08-17,95.82568359375,97.59162139892578,95.73273468017578,97.3127899169922,412805
2006-08-18,97.4986801147461,97.4986801147461,96.3833465576172,96.94100952148438,267324
2006-08-21,96.84806823730467,97.0339584350586,96.19745635986328,96.755126953125,138809
2006-08-22,96.94100952148438,97.0339584350586,96.1045150756836,96.66217803955078,208724
2006-08-23,96.84806823730467,97.12689971923828,96.19745635986328,96.5692367553711,205143
2006-08-24,96.66217803955078,97.0339584350586,96.19745635986328,96.2904052734375,125307
2006-08-25,96.2904052734375,96.84806823730467,95.91862487792967,96.3833465576172,233734
2006-08-28,96.47628784179688,97.3127899169922,96.1045150756836,96.94100952148438,195895
2006-08-29,96.94100952148438,98.05634307861328,96.755126953125,97.77751159667967,508908
2006-08-30,97.8704605102539,100.56584167480467,97.59162139892578,100.37995910644533,1091992
2006-08-31,100.37995910644533,101.2164535522461,99.9152374267578,100.1940689086914,851315
2006-09-01,100.1940689086914,102.0529556274414,99.7293472290039,101.6811752319336,717736
2006-09-04,102.1458969116211,102.23884582519533,101.30940246582033,101.96001434326172,377559
2006-09-05,101.96001434326172,101.96001434326172,100.6587905883789,101.30940246582033,567729
2006-09-06,101.30940246582033,101.5882339477539,100.1940689086914,100.37995910644533,581913
2006-09-07,100.472900390625,101.49529266357422,99.54345703125,99.8222885131836,1001498
2006-09-08,100.472900390625,101.96001434326172,100.1940689086914,101.49529266357422,951075
2006-09-11,100.8446807861328,102.0529556274414,100.472900390625,101.6811752319336,470105
2006-09-12,101.5882339477539,102.7035675048828,101.0305633544922,102.42473602294922,822802
2006-09-13,102.5176773071289,102.9823989868164,102.1458969116211,102.9823989868164,904612
2006-09-14,103.16828918457033,103.6330108642578,102.331787109375,102.88945770263672,637751
2006-09-15,102.7965087890625,104.46951293945312,102.7965087890625,103.6330108642578,1286759
2006-09-18,104.00479125976562,104.00479125976562,102.7965087890625,103.16828918457033,620134
2006-09-19,103.16828918457033,103.26123046875,101.8670654296875,102.7035675048828,677134
2006-09-20,102.88945770263672,103.6330108642578,102.7035675048828,103.26123046875,1069247
2006-09-21,103.26123046875,104.8412857055664,103.16828918457033,104.5624542236328,545262
2006-09-22,103.81890106201172,103.81890106201172,102.23884582519533,102.23884582519533,541737
2006-09-25,102.5176773071289,103.6330108642578,102.23884582519533,103.16828918457033,943352
2006-09-26,104.09773254394533,106.14250946044922,103.7259521484375,106.14250946044922,965324
2006-09-27,107.16490173339844,110.60384368896484,107.16490173339844,108.74494934082033,1873602
2006-09-28,108.74494934082033,109.11672973632812,107.53667449951172,107.90845489501952,635668
2006-09-29,107.81550598144533,109.20967864990234,107.81550598144533,108.65200805664062,810279
2006-10-02,109.20967864990234,109.67440032958984,107.72256469726562,107.81550598144533,535665
2006-10-03,107.44373321533205,107.72256469726562,106.4213409423828,107.07195281982422,836900
2006-10-04,107.16490173339844,108.83789825439452,106.97901153564452,108.74494934082033,614190
2006-10-05,108.83789825439452,110.69678497314452,108.83789825439452,110.60384368896484,1003639
2006-10-06,110.51089477539062,110.60384368896484,109.86028289794922,110.32500457763672,455471
2006-10-09,110.04617309570312,110.13912200927734,109.30261993408205,109.48851013183594,723852
2006-10-10,109.86028289794922,111.06856536865234,109.02378845214844,109.39556121826172,984099
2006-10-11,109.39556121826172,110.78972625732422,109.02378845214844,110.41795349121094,867549
2006-10-12,110.13912200927734,110.41795349121094,109.11672973632812,110.41795349121094,506615
2006-10-13,110.51089477539062,110.51089477539062,108.55906677246094,109.20967864990234,474269
2006-10-16,109.58145141601562,109.76734161376952,108.46611785888672,108.74494934082033,412762
2006-10-17,108.09434509277344,108.55906677246094,105.39895629882812,105.86367797851562,1174808
2006-10-18,107.25784301757812,108.55906677246094,107.07195281982422,108.37317657470705,960138
2006-10-19,108.09434509277344,108.18728637695312,106.4213409423828,107.62962341308594,544652
2006-10-20,107.72256469726562,109.58145141601562,107.44373321533205,109.58145141601562,792490
2006-10-23,109.58145141601562,110.32500457763672,109.02378845214844,109.67440032958984,581728
2006-10-24,109.48851013183594,109.76734161376952,108.83789825439452,109.67440032958984,563941
2006-10-25,109.76734161376952,113.39217376708984,109.67440032958984,112.55567169189452,1392306
2006-10-26,111.99800872802734,111.99800872802734,109.11672973632812,110.51089477539062,2025133
2006-10-27,110.60384368896484,110.60384368896484,108.55906677246094,109.67440032958984,542904
2006-10-30,108.83789825439452,109.39556121826172,108.18728637695312,108.74494934082033,402917
2006-10-31,108.74494934082033,109.86028289794922,108.09434509277344,108.65200805664062,325464
2006-11-01,109.48851013183594,110.23206329345705,108.46611785888672,110.04617309570312,363999
2006-11-02,110.04617309570312,110.23206329345705,107.53667449951172,108.55906677246094,644534
2006-11-03,108.93083953857422,109.11672973632812,107.72256469726562,108.09434509277344,381878
2006-11-06,108.46611785888672,109.86028289794922,108.2802276611328,109.39556121826172,283405
2006-11-07,109.58145141601562,110.23206329345705,109.58145141601562,109.86028289794922,246714
2006-11-08,109.48851013183594,110.78972625732422,108.74494934082033,110.69678497314452,388729
2006-11-09,110.97561645507812,111.62622833251952,110.69678497314452,111.25445556640624,377177
2006-11-10,110.88267517089844,110.88267517089844,109.95323181152344,110.60384368896484,251688
2006-11-13,110.51089477539062,111.25445556640624,110.04617309570312,111.06856536865234,249670
2006-11-14,111.25445556640624,111.44033813476562,110.60384368896484,111.06856536865234,296740
2006-11-15,111.16150665283205,111.99800872802734,111.06856536865234,111.90505981445312,411722
2006-11-16,111.62622833251952,112.09095001220705,111.25445556640624,111.71917724609376,229728
2006-11-17,111.81211853027344,112.09095001220705,109.86028289794922,111.25445556640624,313167
2006-11-20,110.60384368896484,111.25445556640624,109.58145141601562,111.16150665283205,171488
2006-11-21,111.44033813476562,111.44033813476562,110.60384368896484,111.44033813476562,214631
2006-11-22,111.53328704833984,111.62622833251952,109.86028289794922,110.69678497314452,332368
2006-11-23,110.69678497314452,111.16150665283205,109.39556121826172,109.67440032958984,229315
2006-11-24,109.67440032958984,110.04617309570312,107.53667449951172,109.20967864990234,376848
2006-11-27,108.74494934082033,110.04617309570312,108.00139617919922,108.2802276611328,626785
2006-11-28,107.90845489501952,108.37317657470705,107.25784301757812,107.90845489501952,533126
2006-11-29,108.93083953857422,108.93083953857422,107.44373321533205,108.09434509277344,613216
2006-11-30,108.2802276611328,108.93083953857422,106.97901153564452,107.07195281982422,433708
2006-12-01,107.07195281982422,108.2802276611328,105.67778778076172,106.88606262207033,481686
2006-12-04,106.88606262207033,107.3507843017578,105.67778778076172,106.79312133789062,458978
2006-12-05,106.79312133789062,108.37317657470705,106.4213409423828,107.81550598144533,563147
2006-12-06,107.90845489501952,108.2802276611328,104.6553955078125,105.4918975830078,912853
2006-12-07,105.21306610107422,107.16490173339844,104.3765640258789,105.7707290649414,848656
2006-12-08,105.1201171875,105.58484649658205,103.26123046875,104.00479125976562,902228
2006-12-11,104.5624542236328,105.86367797851562,104.46951293945312,105.21306610107422,594342
2006-12-12,105.3060073852539,105.58484649658205,104.46951293945312,105.21306610107422,492621
2006-12-13,105.02717590332033,105.58484649658205,104.74834442138672,105.21306610107422,584345
2006-12-14,105.02717590332033,106.60723114013672,104.74834442138672,105.39895629882812,552556
2006-12-15,105.3060073852539,106.14250946044922,105.21306610107422,105.86367797851562,950632
2006-12-18,105.7707290649414,105.86367797851562,104.93423461914062,105.1201171875,578459
2006-12-19,104.93423461914062,104.93423461914062,103.35417938232422,103.6330108642578,544800
2006-12-20,103.4471206665039,104.28362274169922,103.4471206665039,103.6330108642578,493018
2006-12-21,103.6330108642578,104.74834442138672,103.54006958007812,104.00479125976562,408732
2006-12-22,104.46951293945312,104.46951293945312,103.26123046875,103.6330108642578,368079
2006-12-27,104.00479125976562,104.6553955078125,103.6330108642578,104.46951293945312,360268
2006-12-28,104.46951293945312,104.46951293945312,103.54006958007812,104.00479125976562,371025
2006-12-29,104.190673828125,105.21306610107422,103.9118423461914,105.21306610107422,247330
2007-01-02,106.04956817626952,106.7001724243164,105.4918975830078,106.4213409423828,534981
2007-01-03,106.7001724243164,108.18728637695312,106.14250946044922,106.7001724243164,467812
2007-01-04,106.32839965820312,106.88606262207033,105.86367797851562,106.51428985595705,388346
2007-01-05,106.32839965820312,106.7001724243164,105.7707290649414,105.86367797851562,274575
2007-01-08,105.95661926269533,106.88606262207033,105.67778778076172,105.86367797851562,318318
2007-01-09,106.51428985595705,106.7001724243164,105.39895629882812,105.67778778076172,500620
2007-01-10,105.1201171875,105.39895629882812,103.35417938232422,105.1201171875,827686
2007-01-11,105.1201171875,107.44373321533205,104.93423461914062,107.25784301757812,924158
2007-01-12,107.25784301757812,107.44373321533205,106.4213409423828,107.25784301757812,397554
2007-01-15,107.44373321533205,107.72256469726562,106.60723114013672,106.88606262207033,388013
2007-01-16,106.51428985595705,106.88606262207033,102.7965087890625,103.4471206665039,1236682
2007-01-17,103.26123046875,103.6330108642578,102.23884582519533,102.88945770263672,768565
2007-01-18,103.0753402709961,104.93423461914062,102.88945770263672,103.81890106201172,790030
2007-01-19,103.9118423461914,103.9118423461914,102.5176773071289,103.16828918457033,633857
2007-01-22,103.26123046875,104.8412857055664,102.5176773071289,102.7035675048828,676685
2007-01-23,103.0753402709961,103.16828918457033,102.0529556274414,102.5176773071289,575310
2007-01-24,102.88945770263672,103.54006958007812,101.2164535522461,102.0529556274414,869516
2007-01-25,103.6330108642578,105.86367797851562,102.1458969116211,104.28362274169922,1690098
2007-01-26,104.3765640258789,105.4918975830078,102.5176773071289,104.28362274169922,752214
2007-01-29,104.8412857055664,105.58484649658205,104.190673828125,105.21306610107422,425764
2007-01-30,105.21306610107422,105.86367797851562,105.1201171875,105.58484649658205,580819
2007-01-31,105.4918975830078,106.14250946044922,105.21306610107422,105.21306610107422,508604
2007-02-01,105.86367797851562,106.32839965820312,105.3060073852539,105.67778778076172,528695
2007-02-02,105.95661926269533,108.18728637695312,104.8412857055664,107.44373321533205,796401
2007-02-05,107.53667449951172,107.62962341308594,105.95661926269533,106.32839965820312,512181
2007-02-06,106.32839965820312,106.60723114013672,105.4918975830078,105.95661926269533,428141
2007-02-07,106.2354507446289,106.60723114013672,105.39895629882812,106.04956817626952,686200
2007-02-08,106.14250946044922,106.51428985595705,105.02717590332033,105.39895629882812,491427
2007-02-09,106.14250946044922,106.14250946044922,104.74834442138672,105.1201171875,392443
2007-02-12,104.93423461914062,105.1201171875,103.16828918457033,103.26123046875,659644
2007-02-13,103.26123046875,104.93423461914062,103.16828918457033,104.5624542236328,758982
2007-02-14,104.6553955078125,105.39895629882812,104.28362274169922,105.02717590332033,387031
2007-02-15,105.21306610107422,107.72256469726562,104.74834442138672,107.3507843017578,1192181
2007-02-16,107.3507843017578,107.72256469726562,106.88606262207033,107.3507843017578,475134
2007-02-19,107.3507843017578,110.04617309570312,106.97901153564452,109.60933685302734,913984
2007-02-20,109.67440032958984,110.60384368896484,108.36388397216795,109.23755645751952,999305
2007-02-21,109.2468490600586,110.25994873046876,108.00139617919922,108.8100128173828,764947
2007-02-22,108.98661041259766,110.23206329345705,108.88436889648438,109.9625244140625,818613
2007-02-23,110.51089477539062,110.65031433105467,109.7766342163086,110.38077545166016,409141
2007-02-26,110.68749237060548,111.53328704833984,110.32500457763672,111.0778579711914,591784
2007-02-27,110.78972625732422,110.78972625732422,105.68708038330078,106.91394805908205,1374977
2007-02-28,103.70736694335938,106.21686553955078,102.7035675048828,105.67778778076172,1377599
2007-03-01,105.7707290649414,106.5514678955078,102.88945770263672,104.61821746826172,890094
2007-03-02,105.4918975830078,105.86367797851562,103.40994262695312,103.70736694335938,793360
2007-03-05,102.0529556274414,104.8412857055664,100.1940689086914,104.18138122558594,1166221
2007-03-06,105.91944122314452,105.94732666015624,103.7352523803711,105.0085906982422,815950
2007-03-07,105.02717590332033,106.18898010253906,104.57174682617188,106.13321685791016,886260
2007-03-08,106.88606262207033,108.55906677246094,106.88606262207033,107.49949645996094,1291964
2007-03-09,108.55906677246094,110.41795349121094,107.5087890625,109.8416976928711,1024212
2007-03-12,110.06476593017578,110.51089477539062,108.01068878173828,109.18179321289062,656667
2007-03-13,109.20967864990234,109.64651489257812,107.53667449951172,108.01998901367188,685955
2007-03-14,106.26333618164062,108.07575225830078,105.39895629882812,106.8302993774414,1097743
2007-03-15,107.68538665771484,109.05166625976562,107.07195281982422,109.05166625976562,642062
2007-03-16,109.67440032958984,110.51089477539062,108.55906677246094,110.10194396972656,678701
2007-03-19,110.60384368896484,110.8362045288086,109.79522705078124,110.20417785644533,499630
2007-03-20,110.60384368896484,110.78043365478516,109.30261993408205,110.20417785644533,933632
2007-03-21,110.33430480957033,110.73396301269533,109.48851013183594,110.68749237060548,543936
2007-03-22,110.78972625732422,112.45343780517578,110.78972625732422,111.90505981445312,693112
2007-03-23,112.31401824951172,112.80662536621094,111.356689453125,112.49060821533205,430308
2007-03-26,112.91815948486328,112.91815948486328,110.50160217285156,111.04997253417967,585698
2007-03-27,111.81211853027344,111.97012329101562,110.60384368896484,110.88267517089844,583462
2007-03-28,110.8362045288086,110.88267517089844,109.87887573242188,110.22277069091795,555137
2007-03-29,110.2413558959961,111.06856536865234,110.04617309570312,110.6688995361328,400187
2007-03-30,110.96632385253906,112.416259765625,110.27853393554688,111.26374816894533,439474
2007-04-02,111.4775161743164,112.8809814453125,110.826904296875,112.1653060913086,803151
2007-04-03,112.86238861083984,116.55228424072266,112.37908172607422,116.51510620117188,1539971
2007-04-04,116.56157684326172,119.15472412109376,115.99461364746094,118.8944854736328,1918935
2007-04-05,119.36849975585938,120.5395965576172,118.90377807617188,119.84251403808594,1260848
2007-04-10,119.84251403808594,124.06218719482422,118.96883392333984,123.6439437866211,2217759
2007-04-11,122.50072479248048,123.03050994873048,120.64183807373048,121.10655975341795,1663059
2007-04-12,119.851806640625,121.06008911132812,118.79224395751952,119.5079116821289,1630370
2007-04-13,119.5079116821289,120.21429443359376,118.1509246826172,120.17711639404295,589069
2007-04-16,120.17711639404295,120.45594787597656,118.78295135498048,120.2235870361328,759316
2007-04-17,119.56368255615234,119.88898468017578,117.29583740234376,119.24767303466795,887587
2007-04-18,118.95954132080078,119.41497039794922,117.01700592041016,117.28654479980467,947681
2007-04-19,116.18050384521484,117.51890563964844,114.87928009033205,117.25865936279295,874278
2007-04-20,117.49102020263672,118.95954132080078,117.41666412353516,117.992919921875,696621
2007-04-23,118.72718048095705,118.85730743408205,117.29583740234376,118.10445404052734,484659
2007-04-24,118.10445404052734,118.96883392333984,117.17501068115234,118.03939056396484,398887
2007-04-25,118.6435317993164,118.95024871826172,117.89997863769533,118.56917572021484,372185
2007-04-26,119.86109924316406,120.64183807373048,118.50411224365234,118.96883392333984,619429
2007-04-27,118.96883392333984,119.22908020019533,118.01151275634766,118.78295135498048,434650
2007-04-30,118.20669555664062,119.41497039794922,118.20669555664062,118.91307067871094,306963
2007-05-02,118.91307067871094,120.5395965576172,118.522705078125,118.92236328125,561537
2007-05-03,118.92236328125,119.1082534790039,116.73817443847656,118.50411224365234,658904
2007-05-04,119.61944580078124,119.61944580078124,117.70479583740234,118.32752227783205,612961
2007-05-07,118.02080535888672,118.32752227783205,117.3423080444336,118.03939056396484,317179
2007-05-08,117.7140884399414,118.01151275634766,117.48172760009766,117.69549560546876,506691
2007-05-09,117.9278564453125,118.72718048095705,117.81632232666016,118.4576416015625,540573
2007-05-10,118.22528076171876,118.91307067871094,117.7512664794922,118.13233947753906,520689
2007-05-11,117.82562255859376,118.2717514038086,116.16191864013672,118.16951751708984,571686
2007-05-14,117.8720932006836,118.87589263916016,117.79773712158205,118.46693420410156,319842
2007-05-15,118.35540771484376,120.68830871582033,118.1788101196289,120.28865051269533,901871
2007-05-16,120.45594787597656,121.31103515625,120.30723571777344,120.82772827148438,635322
2007-05-17,120.82772827148438,121.73857879638672,120.82772827148438,120.92996215820312,273410
2007-05-18,120.92996215820312,121.710693359375,120.3258285522461,121.30174255371094,523041
2007-05-21,121.29244995117188,121.4318618774414,120.54888916015624,120.5674819946289,514132
2007-05-22,120.5674819946289,121.69210815429688,120.4466552734375,121.30174255371094,528667
2007-05-23,121.42256927490234,121.8408203125,121.01361083984376,121.45974731445312,271360
2007-05-24,122.45425415039062,125.14964294433594,121.45974731445312,123.83912658691406,897461
2007-05-25,123.93206787109376,124.54550170898438,123.70899963378906,124.02501678466795,550840
2007-05-28,124.02501678466795,124.76856994628906,124.02501678466795,124.58267974853516,95534
2007-05-29,125.01022338867188,125.0938720703125,124.0436019897461,124.1644287109375,388980
2007-05-30,124.03430938720705,124.43396759033205,123.25357055664062,124.35961151123048,482995
2007-05-31,124.65703582763672,126.7761688232422,124.40608215332033,126.08837890625,921466
2007-06-01,123.24427795410156,124.8801040649414,122.59366607666016,124.45256042480467,652833
2007-06-04,124.9172821044922,125.02880859375,123.4208755493164,123.4580535888672,449315
2007-06-05,123.4580535888672,123.61605834960938,121.4969253540039,121.4969253540039,517673
2007-06-06,121.10655975341795,121.5619888305664,118.74577331542967,119.1082534790039,651598
2007-06-07,119.1082534790039,119.9726333618164,117.28654479980467,117.8349151611328,676360
2007-06-08,117.57466888427734,118.69000244140624,116.55228424072266,117.54679107666016,552750
2007-06-11,119.59156799316406,120.2235870361328,118.82012939453124,119.80533599853516,667630
2007-06-12,119.59156799316406,119.7960433959961,118.56917572021484,119.1082534790039,447802
2007-06-13,118.03939056396484,119.25696563720705,117.38877868652344,118.87589263916016,710447
2007-06-14,119.60086059570312,120.7254867553711,119.3870849609375,120.71619415283205,694936
2007-06-15,121.23667907714844,121.88729095458984,120.3165283203125,121.22738647460938,606898
2007-06-18,121.19950103759766,122.01741027832033,120.35370635986328,120.51171112060548,421553
2007-06-19,120.95784759521484,120.95784759521484,119.60086059570312,119.93545532226562,453305
2007-06-20,120.21429443359376,120.4466552734375,119.60086059570312,120.2607650756836,567279
2007-06-21,119.60086059570312,119.95404815673828,118.04869079589844,118.66212463378906,880033
2007-06-22,118.66212463378906,119.34061431884766,118.14163208007812,118.66212463378906,341323
2007-06-25,118.02080535888672,119.3870849609375,117.44454956054688,119.052490234375,306222
2007-06-26,118.65282440185548,119.24767303466795,118.2438735961914,118.37399291992188,340870
2007-06-27,118.13233947753906,118.7643585205078,117.3051300048828,118.03939056396484,274084
2007-06-28,118.43905639648438,119.13613891601562,117.66761779785156,118.2345733642578,717651
2007-06-29,118.2345733642578,120.81842803955078,117.10065460205078,120.41876983642578,500789
2007-07-02,120.11205291748048,120.1957015991211,118.32752227783205,118.69929504394533,387409
2007-07-03,119.95404815673828,122.59366607666016,119.02460479736328,122.19400787353516,799159
2007-07-04,122.19400787353516,122.68661499023438,121.58057403564452,122.3055419921875,415343
2007-07-05,122.67732238769533,122.68661499023438,120.89278411865234,122.3055419921875,500335
2007-07-06,121.73857879638672,122.76097106933594,121.19950103759766,122.76097106933594,402551
2007-07-09,122.76097106933594,123.300048828125,122.3055419921875,123.12345123291016,375166
2007-07-10,123.12345123291016,123.2907485961914,121.48763275146484,121.91517639160156,632057
2007-07-11,121.29244995117188,121.36680603027344,119.78675079345705,120.82772827148438,617634
2007-07-12,121.27385711669922,121.83152770996094,120.47453308105467,121.57128143310548,581688
2007-07-13,122.03600311279295,122.45425415039062,121.11585235595705,121.5991668701172,319354
2007-07-16,121.75717163085938,121.94305419921876,120.83702087402344,121.60845947265624,266083
2007-07-17,122.68661499023438,123.31863403320312,121.34821319580078,121.85011291503906,883816
2007-07-18,121.45974731445312,122.29624938964844,120.92066955566406,121.710693359375,578167
2007-07-19,122.17542266845705,124.40608215332033,121.91517639160156,124.02501678466795,668024
2007-07-20,124.0714874267578,124.37820434570312,122.87250518798828,123.00262451171876,538493
2007-07-23,122.68661499023438,123.80194854736328,121.92446899414062,123.62535095214844,478152
2007-07-24,123.70899963378906,123.74617767333984,121.94305419921876,122.09176635742188,407758
2007-07-25,121.75717163085938,122.53790283203124,120.24217224121094,121.44115447998048,524844
2007-07-26,122.50072479248048,123.37440490722656,117.57466888427734,121.44115447998048,1005014
2007-07-27,118.25316619873048,119.76815795898438,116.68240356445312,117.29583740234376,756749
2007-07-30,117.17501068115234,118.49481964111328,116.74746704101562,117.29583740234376,460642
2007-07-31,117.76055908203124,119.68450927734376,116.9984130859375,119.46144104003906,590907
2007-08-01,117.13783264160156,118.54129028320312,116.28274536132812,118.03939056396484,726406
2007-08-02,118.90377807617188,119.2941436767578,117.67691040039062,118.77365112304688,601098
2007-08-03,118.78295135498048,119.42426300048828,117.1192398071289,117.37019348144533,420257
2007-08-06,115.28823852539062,117.14712524414062,114.87928009033205,115.43695068359376,754555
2007-08-07,116.38497924804688,116.8775863647461,114.1543197631836,115.27894592285156,735469
2007-08-08,116.134033203125,116.64522552490234,114.7956314086914,116.18050384521484,776469
2007-08-09,116.18050384521484,116.18050384521484,112.18389892578124,113.2806396484375,900240
2007-08-10,111.92365264892578,111.92365264892578,110.32500457763672,111.15221405029295,821609
2007-08-13,112.36978149414062,113.16910552978516,111.15221405029295,112.45343780517578,593959
2007-08-14,111.44963836669922,111.99800872802734,110.38077545166016,111.03138732910156,623334
2007-08-15,110.32500457763672,110.92914581298828,109.13532257080078,110.39006805419922,457968
2007-08-16,107.90845489501952,108.95872497558594,105.03646850585938,105.78932189941406,1133597
2007-08-17,105.39895629882812,107.21137237548828,103.08464050292967,105.72425842285156,1557061
2007-08-20,106.72805786132812,106.8674774169922,106.04026794433594,106.37487030029295,756613
2007-08-21,107.09983825683594,108.03857421875,105.23165130615234,107.56455993652344,522739
2007-08-22,108.18728637695312,111.24515533447266,108.17799377441406,109.5628662109375,1016525
2007-08-23,110.57595825195312,111.50540161132812,109.78592681884766,110.97561645507812,647557
2007-08-24,110.51089477539062,112.46273040771484,110.46442413330078,112.46273040771484,412924
2007-08-27,112.72297668457033,112.8809814453125,111.7005844116211,112.60214233398438,257678
2007-08-28,112.36978149414062,112.36978149414062,109.67440032958984,110.32500457763672,501622
2007-08-29,109.67440032958984,111.62622833251952,109.11672973632812,111.356689453125,541158
2007-08-30,111.356689453125,113.25275421142578,110.87338256835938,113.25275421142578,521975
2007-08-31,117.20289611816406,119.89827728271484,116.64522552490234,117.94644927978516,1235162
2007-09-03,119.11754608154295,119.71239471435548,117.10994720458984,118.6435317993164,481120
2007-09-04,118.6435317993164,121.63634490966795,118.10445404052734,121.51551055908205,702709
2007-09-05,121.9988250732422,121.9988250732422,118.8015365600586,119.5729751586914,966107
2007-09-06,119.6938018798828,120.2607650756836,117.38877868652344,119.6101531982422,846566
2007-09-07,120.06558227539062,120.7254867553711,116.92405700683594,117.48172760009766,830833
2007-09-10,117.48172760009766,118.02080535888672,116.2920379638672,116.91476440429688,502837
2007-09-11,117.84420776367188,119.65662384033205,117.10994720458984,119.22908020019533,465581
2007-09-12,119.22908020019533,119.89827728271484,117.9278564453125,119.6101531982422,673461
2007-09-13,119.78675079345705,121.01361083984376,118.96883392333984,120.82772827148438,586393
2007-09-14,120.82772827148438,121.19950103759766,119.0803680419922,120.82772827148438,517155
2007-09-17,120.87419891357422,120.90208435058594,117.67691040039062,118.18810272216795,710063
2007-09-18,117.95574188232422,119.19190216064452,117.60255432128906,118.56917572021484,518749
2007-09-19,120.82772827148438,123.40228271484376,120.34441375732422,123.05838775634766,851383
2007-09-20,122.68661499023438,123.3279266357422,121.76646423339844,122.40778350830078,463273
2007-09-21,122.22189331054688,123.10486602783205,120.92066955566406,122.13824462890624,546007
2007-09-24,122.13824462890624,122.64014434814452,121.05078887939452,121.60845947265624,498348
2007-09-25,121.52481079101562,121.61775207519533,119.94475555419922,120.69760131835938,619889
2007-09-26,120.82772827148438,122.19400787353516,120.42806243896484,121.75717163085938,490569
2007-09-27,122.41707611083984,122.93756103515624,121.20879364013672,121.7757568359375,600077
2007-09-28,122.1196517944336,122.64014434814452,121.35750579833984,122.63084411621094,580140
2007-10-01,121.75717163085938,125.38200378417967,121.67351531982422,125.04740142822266,671365
2007-10-02,125.38200378417967,127.31524658203124,125.04740142822266,125.87460327148438,617940
2007-10-03,125.87460327148438,126.04190826416016,124.72209930419922,125.47494506835938,446249
2007-10-04,125.28905487060548,125.73519134521484,124.5640869140625,125.47494506835938,508047
2007-10-05,125.47494506835938,128.30975341796875,125.13105010986328,127.84503173828124,749317
2007-10-08,128.26327514648438,131.51632690429688,127.56619262695312,128.05880737304688,648371
2007-10-09,128.11456298828125,128.11456298828125,126.40438842773438,127.56619262695312,624907
2007-10-10,127.56619262695312,128.04949951171875,126.06049346923828,127.03640747070312,343619
2007-10-11,127.03640747070312,127.47325134277344,125.8467254638672,126.59027862548828,551730
2007-10-12,125.78166198730467,127.37100982666016,125.06598663330078,127.26876831054688,424086
2007-10-15,127.26876831054688,127.4267807006836,125.28905487060548,125.688720703125,401943
2007-10-16,125.42847442626952,126.2092056274414,124.54550170898438,126.1534423828125,406980
2007-10-17,126.62745666503906,127.18511962890624,126.18132019042967,126.99923706054688,436907
2007-10-18,127.26876831054688,127.52901458740234,125.2797622680664,126.80404663085938,420743
2007-10-19,126.40438842773438,127.50113677978516,125.79095458984376,126.82263946533205,502563
2007-10-22,124.59197235107422,125.46565246582033,123.61605834960938,124.11795806884766,684672
2007-10-23,125.01022338867188,126.11626434326172,123.24427795410156,123.9506607055664,580633
2007-10-24,123.93206787109376,123.9506607055664,121.45974731445312,122.1847152709961,715736
2007-10-25,122.40778350830078,123.5138168334961,120.92066955566406,123.07698059082033,614784
2007-10-26,123.16062927246094,123.41158294677734,122.0545883178711,122.48213958740234,341398
2007-10-29,123.15133666992188,124.36890411376952,122.38919067382812,124.00642395019533,412719
2007-10-30,123.96924591064452,124.06218719482422,123.05838775634766,123.89488983154295,282835
2007-10-31,124.61056518554688,127.52901458740234,124.17372131347656,127.16653442382812,530738
2007-11-01,127.51042938232422,127.84503173828124,124.08078002929688,125.99543762207033,482771
2007-11-02,123.24427795410156,123.83912658691406,121.20879364013672,122.50072479248048,1382403
2007-11-05,121.75717163085938,122.54719543457033,120.24217224121094,122.25907135009766,600045
2007-11-06,122.90968322753906,123.5138168334961,119.99122619628906,120.6697235107422,792837
2007-11-07,120.6697235107422,121.10655975341795,115.90167236328124,116.92405700683594,1385909
2007-11-08,115.53919219970705,116.9054718017578,113.99630737304688,116.00391387939452,794706
2007-11-09,116.00391387939452,116.1990966796875,111.27304077148438,113.19699096679688,1324251
2007-11-12,112.64862060546876,115.22317504882812,111.84000396728516,114.4610366821289,677232
2007-11-13,113.41075897216795,115.57636260986328,113.06686401367188,115.53919219970705,433498
2007-11-14,116.00391387939452,117.03559112548828,115.4834213256836,116.23627471923828,636628
2007-11-15,115.9481430053711,116.28274536132812,113.27134704589844,113.39217376708984,752285
2007-11-16,113.19699096679688,113.19699096679688,110.28782653808594,110.86408233642578,849869
2007-11-19,111.26374816894533,112.31401824951172,106.84888458251952,107.61103057861328,749439
2007-11-20,107.7597427368164,110.53878021240234,106.88606262207033,108.2802276611328,661398
2007-11-21,106.78382873535156,107.62032318115234,103.31700134277344,103.66089630126952,1182844
2007-11-22,104.8412857055664,106.66299438476562,104.14420318603516,105.51049041748048,926094
2007-11-23,105.68708038330078,110.98491668701172,105.21306610107422,110.29712677001952,1024779
2007-11-26,110.60384368896484,111.44033813476562,106.80241394042967,107.09983825683594,711086
2007-11-27,104.95281982421876,105.02717590332033,101.97859954833984,102.82439422607422,1550957
2007-11-28,102.96381378173828,105.78932189941406,101.44881439208984,105.29671478271484,1348791
2007-11-29,106.579345703125,107.36937713623048,103.45641326904295,105.41754150390624,776922
2007-11-30,105.4918975830078,108.52188873291016,104.33938598632812,106.91394805908205,1235986
2007-12-03,106.91394805908205,109.3119125366211,106.19827270507812,107.33219909667967,1167071
2007-12-04,107.67609405517578,107.67609405517578,102.41543579101562,103.0753402709961,1196069
2007-12-05,103.80960845947266,105.4918975830078,103.80960845947266,104.82270050048828,684464
2007-12-06,105.16659545898438,108.33599853515624,105.02717590332033,107.7969207763672,1006064
2007-12-07,108.9401397705078,109.86028289794922,107.90845489501952,109.0330810546875,793002
2007-12-10,108.16869354248048,110.25994873046876,108.16869354248048,109.57215881347656,498831
2007-12-11,109.67440032958984,110.41795349121094,108.34529113769533,108.568359375,722435
2007-12-12,107.34149169921876,109.48851013183594,106.3934555053711,108.6891860961914,945539
2007-12-13,107.3507843017578,107.64820861816406,104.70187377929688,104.83199310302734,940675
2007-12-14,104.8412857055664,105.44542694091795,102.9173355102539,103.17758178710938,876088
2007-12-17,102.31320190429688,102.90804290771484,100.56584167480467,100.80750274658205,856924
2007-12-18,100.60301971435548,102.16448974609376,100.60301971435548,101.17927551269533,688079
2007-12-19,100.76102447509766,102.52696990966795,100.38925170898438,101.14209747314452,632245
2007-12-20,101.7741241455078,101.7741241455078,99.54345703125,100.1940689086914,775010
2007-12-21,101.7741241455078,102.20166778564452,101.07704162597656,101.54176330566406,2057201
2007-12-24,101.7741241455078,102.22025299072266,101.40234375,101.7741241455078,181369
2007-12-27,101.7741241455078,102.42473602294922,101.42093658447266,102.331787109375,447473
2007-12-28,101.88565826416016,102.3968505859375,101.0584487915039,101.43952178955078,449573
2007-12-31,102.23884582519533,102.72215270996094,101.8113021850586,102.23884582519533,71392
2008-01-02,102.49909210205078,104.80410766601562,101.0584487915039,101.44881439208984,581173
2008-01-03,100.37995910644533,101.30940246582033,96.32758331298828,97.4336166381836,1675385
2008-01-04,95.73273468017578,97.4336166381836,93.03734588623048,93.04664611816406,2292027
2008-01-07,93.04664611816406,94.53375244140624,90.9832763671875,90.9832763671875,1071495
2008-01-08,91.08551788330078,92.28450012207033,90.32337188720705,90.47208404541016,1421857
2008-01-09,89.78429412841797,90.118896484375,85.6203842163086,85.69474029541016,2180183
2008-01-10,87.22832489013672,88.29718780517578,84.1611557006836,84.2912826538086,1828394
2008-01-11,84.1611557006836,86.74501037597656,84.13327026367188,85.50885009765625,1311137
2008-01-14,85.50885009765625,87.64657592773438,85.04412841796875,87.34915161132812,952345
2008-01-15,86.25240325927734,87.3212661743164,81.84683990478516,82.40451049804688,1801911
2008-01-16,81.34494018554688,83.74290466308594,77.62716674804688,82.59040069580078,1608914
2008-01-17,83.4176025390625,84.66305541992188,80.86163330078125,81.00104522705078,1382758
2008-01-18,80.64785766601562,83.74290466308594,80.57350158691406,81.06610870361328,1177644
2008-01-21,77.82234954833984,80.00654602050781,76.02851867675781,77.75728607177734,2610766
2008-01-22,74.26258087158203,83.12017822265625,74.26258087158203,81.73530578613281,2841925
2008-01-23,83.37113189697266,84.05892181396484,78.39860534667969,79.15145111083984,2336156
2008-01-24,84.57940673828125,88.7154312133789,83.27818298339844,88.7154312133789,3286684
2008-01-25,89.1243896484375,89.69135284423828,87.1446762084961,87.3212661743164,1475658
2008-01-28,86.38253021240234,88.0090560913086,85.32295989990234,87.40491485595703,1013245
2008-01-29,88.78978729248047,88.8734359741211,87.08890533447266,88.76190948486328,1016152
2008-01-30,90.06312561035156,90.1746597290039,86.87513732910156,88.24141693115234,1103055
2008-01-31,87.46068572998047,87.87893676757812,85.32295989990234,87.2562026977539,1143072
2008-02-01,88.29718780517578,91.41082000732422,87.93470001220703,90.5836181640625,1441773
2008-02-04,91.08551788330078,91.2621078491211,89.26380157470703,90.48137664794922,596754
2008-02-05,89.87723541259766,89.87723541259766,83.99385833740234,83.99385833740234,1715212
2008-02-06,83.88232421875,86.14087677001953,83.27818298339844,85.51814270019531,1623200
2008-02-07,84.94189453125,85.71332550048828,83.6964340209961,84.15186309814453,1056326
2008-02-08,85.01624298095703,85.97357177734375,84.04032897949219,84.4678726196289,845099
2008-02-11,83.64996337890625,84.33775329589844,82.50674438476562,83.0086441040039,944479
2008-02-12,83.33395385742188,86.42900085449219,83.20382690429688,86.3360595703125,760320
2008-02-13,85.33226013183594,88.48307037353516,85.17425537109375,87.43280029296875,787862
2008-02-14,88.45519256591797,88.7154312133789,86.57771301269531,86.78218841552734,691261
2008-02-15,86.7357177734375,86.90301513671875,83.64067077636719,84.83965301513672,798124
2008-02-18,85.51814270019531,86.90301513671875,85.10919189453125,86.24311065673828,370893
2008-02-19,85.97357177734375,88.09270477294922,84.60729217529297,87.69304656982422,724513
2008-02-20,86.26170349121094,87.30268096923828,83.64996337890625,85.1556625366211,892635
2008-02-21,86.10369873046875,87.60009765625,85.44378662109375,86.05722045898438,598996
2008-02-22,84.83965301513672,86.05722045898438,84.11468505859375,85.10919189453125,668555
2008-02-25,85.61109161376953,87.0796127319336,85.54602813720703,86.7357177734375,473947
2008-02-26,87.69304656982422,90.03524780273438,87.36773681640625,88.75260925292969,945421
2008-02-27,90.35125732421876,91.64318084716795,87.30268096923828,89.4032211303711,1105615
2008-02-28,89.1801528930664,89.69135284423828,86.90301513671875,86.97737121582031,883193
2008-02-29,86.82865905761719,87.81387329101562,84.11468505859375,84.38422393798828,1160869
2008-03-03,83.71502685546875,84.281982421875,82.46027374267578,83.83585357666016,821564
2008-03-04,84.04962158203125,85.20213317871094,81.50294494628906,81.98625946044922,645567
2008-03-05,83.22241973876953,84.14257049560547,82.58110046386719,84.02174377441406,620214
2008-03-06,84.07750701904297,84.14257049560547,81.92119598388672,82.05132293701172,636363
2008-03-07,81.50294494628906,81.71672058105469,79.46746826171875,79.78347778320312,1023706
2008-03-10,79.40240478515625,80.35043334960938,78.63096618652344,79.00274658203125,879236
2008-03-11,79.00274658203125,80.93598937988281,78.26847839355469,79.27228546142578,862314
2008-03-12,80.98246002197266,82.44168853759766,80.47126770019531,81.32635498046875,859607
2008-03-13,79.46746826171875,80.564208984375,78.54731750488281,80.2203140258789,676105
2008-03-14,80.22960662841797,81.24270629882812,78.1197738647461,78.5194320678711,708488
2008-03-17,76.86502075195312,78.07329559326172,76.02851867675781,76.20511627197266,986669
2008-03-18,77.29256439208984,79.46746826171875,76.40959167480469,79.01203918457031,680135
2008-03-19,80.14595794677734,80.25749206542969,76.94866943359375,77.81305694580078,707277
2008-03-20,77.4319839477539,79.62547302246094,77.1810302734375,78.90050506591797,791659
2008-03-25,85.30437469482422,85.5553207397461,83.45478057861328,85.28578186035156,1506938
2008-03-26,84.57940673828125,86.54053497314453,84.412109375,86.30817413330078,1428321
2008-03-27,86.30817413330078,87.70233917236328,86.05722045898438,87.36773681640625,644799
2008-03-28,87.36773681640625,87.64657592773438,85.93639373779297,86.30817413330078,616172
2008-03-31,85.32295989990234,87.22832489013672,85.10919189453125,87.22832489013672,636855
2008-04-01,86.99596405029297,90.15607452392578,86.56842041015625,89.75640869140625,549389
2008-04-02,89.56122589111328,89.56122589111328,86.97737121582031,87.69304656982422,1078039
2008-04-03,87.70233917236328,87.93470001220703,82.61827850341797,84.36563873291016,1457091
2008-04-04,84.89541625976562,85.08130645751953,82.39521026611328,84.23551177978516,801669
2008-04-07,84.97906494140625,85.36943817138672,84.40281677246094,84.97906494140625,560705
2008-04-08,84.18904113769531,84.18904113769531,81.44718170166016,82.26509094238281,755579
2008-04-09,82.0234375,82.4881591796875,80.11807250976562,80.34114074707031,761706
2008-04-10,80.22960662841797,80.22960662841797,77.14385223388672,78.23130798339844,1561300
2008-04-11,79.20722198486328,79.7555923461914,77.45056915283203,78.03611755371094,876450
2008-04-14,77.15315246582031,77.72940826416016,76.49324035644531,76.76277923583984,712225
2008-04-15,76.97655487060547,77.88741302490234,75.17343139648438,75.80545806884766,1064021
2008-04-16,77.32974243164062,78.43578338623047,76.64195251464844,78.22200775146484,1064090
2008-04-17,79.00274658203125,79.00274658203125,77.79446411132812,78.74250030517578,848509
2008-04-18,79.5139389038086,81.17764282226562,78.88191223144531,80.73150634765625,1056545
2008-04-21,80.86163330078125,80.95457458496094,77.23680114746094,78.07329559326172,952453
2008-04-22,77.8316421508789,78.37071990966797,76.32594299316406,76.93008422851562,663981
2008-04-23,77.28327178955078,78.92839050292969,76.44676971435547,78.44507598876953,1146756
2008-04-24,76.67913055419922,78.21271514892578,75.28496551513672,76.55830383300781,1622197
2008-04-25,78.02682495117188,78.48225402832031,75.51732635498047,78.16624450683594,1558688
2008-04-28,78.18482971191406,79.45816802978516,76.9672622680664,77.13455963134766,812889
2008-04-29,76.74419403076172,77.47845458984375,76.23300170898438,77.05091094970703,772375
2008-04-30,77.4970474243164,78.48225402832031,76.0378189086914,78.12906646728516,850409
2008-05-02,79.00274658203125,80.48985290527344,78.16624450683594,79.81136322021484,915444
2008-05-05,79.79277038574219,79.9135971069336,78.44507598876953,78.9190902709961,425254
2008-05-06,78.53801727294922,79.9135971069336,78.51013946533203,79.17933654785156,726821
2008-05-07,79.00274658203125,81.93048858642578,78.7703857421875,80.91739654541016,995563
2008-05-08,80.0994873046875,81.14046478271484,79.93218994140625,80.89881134033203,429343
2008-05-09,80.3783187866211,80.85234069824219,78.10118103027344,78.39860534667969,760320
2008-05-12,78.80756378173828,79.3838119506836,78.53801727294922,79.03992462158203,245472
2008-05-13,79.85783386230469,79.88571166992188,78.16624450683594,78.7703857421875,456144
2008-05-14,79.33734130859375,79.78347778320312,77.1252670288086,78.01753234863281,746212
2008-05-15,78.02682495117188,79.99724578857422,77.32974243164062,79.87641906738281,1107211
2008-05-16,80.6850357055664,83.64067077636719,80.14595794677734,82.85063934326172,1665167
2008-05-19,83.6964340209961,83.6964340209961,82.26509094238281,82.96217346191406,579085
2008-05-20,82.61827850341797,82.61827850341797,80.17384338378906,80.52703094482422,812216
2008-05-21,80.91739654541016,81.15904998779297,78.68672943115234,79.46746826171875,744361
2008-05-22,78.1197738647461,78.9841537475586,77.1903305053711,77.74799346923828,1120694
2008-05-23,77.51563262939453,78.04541778564453,76.41889190673828,76.55830383300781,913623
2008-05-26,76.67913055419922,77.06950378417969,74.95966339111328,75.59168243408203,613409
2008-05-27,76.02851867675781,76.93937683105469,74.71800231933594,75.9727554321289,844813
2008-05-28,76.56759643554688,78.28707122802734,75.84263610839844,77.02302551269531,823324
2008-05-29,78.07329559326172,78.07329559326172,75.80545806884766,76.40029907226562,641239
2008-05-30,76.54901123046875,78.99344635009766,76.54901123046875,78.07329559326172,1144728
2008-06-02,78.16624450683594,78.43578338623047,76.4374771118164,77.14385223388672,514757
2008-06-03,76.82784271240234,80.05301666259766,76.71630859375,79.37451934814453,898059
2008-06-04,79.6998291015625,80.02513122558594,77.80375671386719,79.1142807006836,858012
2008-06-05,79.15145111083984,80.9731674194336,78.90050506591797,80.3132553100586,898007
2008-06-06,80.7500991821289,81.32635498046875,77.82234954833984,78.33354187011719,1069163
2008-06-09,77.56210327148438,78.75179290771484,77.02302551269531,78.13835906982422,879373
2008-06-10,77.61787414550781,78.95626831054688,77.60857391357422,75.22920227050781,1060596
2008-06-11,75.28496551513672,75.98204803466797,71.84602355957031,72.84053039550781,1350448
2008-06-12,72.84982299804688,74.69941711425781,71.6601333618164,74.19751739501953,1047854
2008-06-13,73.89080047607422,75.1362533569336,72.55239868164062,74.77377319335938,881038
2008-06-16,74.82024383544922,75.24778747558594,73.5283203125,74.29045867919922,409516
2008-06-17,74.82024383544922,75.27567291259766,74.26258087158203,74.50423431396484,838921
2008-06-18,74.40199279785156,74.68082427978516,71.97614288330078,72.35721588134766,1083016
2008-06-19,72.03191375732422,72.97994232177734,71.4184799194336,71.69731140136719,773435
2008-06-20,72.47804260253906,73.0542984008789,69.3365249633789,70.41468048095703,1293341
2008-06-23,69.93136596679688,71.28836059570312,69.63394927978516,70.07078552246094,708443
2008-06-24,69.52241516113281,70.25667572021484,68.21189880371094,69.64324188232422,1198122
2008-06-25,69.5595932006836,71.31623840332031,69.00192260742188,70.89798736572266,1022087
2008-06-26,70.31243896484375,70.39608764648438,66.61325073242188,67.12445068359375,1303078
2008-06-27,66.78055572509766,67.44046020507812,64.41046905517578,65.78604888916016,1186606
2008-06-30,65.45144653320312,66.32512664794922,64.373291015625,65.7116928100586,715320
2008-07-01,65.05178833007812,65.2469711303711,62.3749885559082,62.74676513671875,1381245
2008-07-02,63.7133903503418,64.10375213623047,61.42695617675781,61.42695617675781,1078176
2008-07-03,60.50680541992188,62.449344635009766,59.25205612182617,61.84520721435547,1098807
2008-07-04,61.90097427368164,62.08686065673828,60.87858581542969,61.04588317871094,605565
2008-07-07,61.33401107788086,61.80802917480469,59.63312911987305,60.40456771850586,928938
2008-07-08,58.51779556274414,59.93054962158203,58.369083404541016,59.75395584106445,1010568
2008-07-09,60.87858581542969,61.519901275634766,60.069969177246094,61.22248077392578,832175
2008-07-10,58.84310150146485,59.56806945800781,55.85958862304688,56.41725158691406,1825733
2008-07-11,56.82620620727539,57.16080856323242,54.32600402832031,54.32600402832031,929632
2008-07-14,55.49710464477539,57.737064361572266,54.93014144897461,55.76664352416992,1111328
2008-07-15,54.60483551025391,54.97661590576172,52.06745529174805,53.424442291259766,1483997
2008-07-16,53.81481170654297,57.151512145996094,52.8853645324707,56.75185394287109,1382082
2008-07-17,57.17939758300781,60.59975051879883,57.03068542480469,59.25205612182617,1774873
2008-07-18,59.874786376953125,60.61833953857422,58.1460189819336,60.39527130126953,1732733
2008-07-21,60.320919036865234,61.21318435668945,58.9360466003418,60.785640716552734,821588
2008-07-22,59.846900939941406,59.8654899597168,56.90056228637695,58.81521987915039,1125141
2008-07-23,59.68889617919922,62.27275085449219,59.06616973876953,61.90097427368164,1374595
2008-07-24,66.22288513183594,68.57437896728516,64.88449096679688,65.1540298461914,2576073
2008-07-25,64.34541320800781,66.18570709228516,63.52750015258789,65.46074676513672,1428019
2008-07-28,65.47003936767578,65.47003936767578,63.66691589355469,63.72268295288086,910257
2008-07-29,62.68170547485352,63.1836051940918,60.92505645751953,62.50511169433594,1113246
2008-07-30,63.99222183227539,65.54439544677734,62.9233627319336,65.54439544677734,1203084
2008-07-31,65.26555633544922,65.60015869140625,63.89927673339844,65.21908569335938,834584
2008-08-01,64.79154205322266,65.6187515258789,64.0386962890625,64.40117645263672,737214
2008-08-04,64.13163757324219,65.59086608886719,64.13163757324219,65.4886245727539,707519
2008-08-05,65.76746368408203,68.77886199951172,65.76746368408203,68.69520568847656,1079354
2008-08-06,68.78815460205078,71.33483123779297,68.77886199951172,70.81433868408203,1462271
2008-08-07,71.16752624511719,71.45565795898438,69.76406860351562,70.39608764648438,1013616
2008-08-08,69.5595932006836,72.14344787597656,68.74168395996094,72.14344787597656,841901
2008-08-11,72.1899185180664,74.35552215576172,72.03191375732422,74.35552215576172,766156
2008-08-12,73.84432983398438,75.38720703125,73.21231079101562,74.3927001953125,898171
2008-08-13,74.0488052368164,74.7923583984375,71.10247039794922,71.1303482055664,1355433
2008-08-14,71.84602355957031,73.398193359375,70.87940216064453,72.6546401977539,1050843
2008-08-15,73.54690551757812,75.64745330810547,73.00782775878906,74.56929779052734,1054824
2008-08-18,73.89080047607422,74.48564147949219,72.7197036743164,73.41678619384766,749855
2008-08-19,71.93896484375,72.36651611328125,70.5447998046875,70.58197784423828,929906
2008-08-20,70.63774871826172,71.38130187988281,69.6246566772461,70.81433868408203,1080061
2008-08-21,69.68971252441406,70.2009048461914,68.3420181274414,68.77886199951172,1225901
2008-08-22,68.8718032836914,71.66943359375,68.77886199951172,71.62295532226562,892512
2008-08-25,71.1954116821289,71.62295532226562,70.41468048095703,70.41468048095703,474161
2008-08-26,69.94066619873047,72.20850372314453,69.36441040039062,71.93896484375,838324
2008-08-27,72.09697723388672,72.18062591552734,70.34032440185547,70.87010955810547,867183
2008-08-28,70.87010955810547,71.38130187988281,69.9592514038086,71.03740692138672,932688
2008-08-29,73.67703247070312,74.72730255126953,73.07289123535156,74.09527587890625,1598191
2008-09-01,73.24948120117188,73.24948120117188,69.8012466430664,71.90179443359375,1040248
2008-09-02,71.90179443359375,75.54056549072266,71.90179443359375,75.15948486328125,1460597
2008-09-03,74.72730255126953,74.72730255126953,73.09611511230469,73.09611511230469,813627
2008-09-04,72.99388885498047,73.25878143310547,71.09317779541016,71.09317779541016,859375
2008-09-05,70.11260223388672,70.86080932617188,67.38468933105469,67.38468933105469,1644286
2008-09-08,69.680419921875,70.79110717773438,69.16922760009766,70.40074157714844,904660
2008-09-09,69.91741943359375,72.45016479492188,69.88489532470703,70.57268524169922,858285
2008-09-10,70.23808288574219,70.47974395751953,67.99347686767578,69.48523712158203,1145938
2008-09-11,69.52241516113281,69.52241516113281,66.4273681640625,67.5705795288086,937778
2008-09-12,68.37919616699219,69.05303192138672,67.38468933105469,68.59297180175781,864074
2008-09-15,66.3623046875,67.38468933105469,64.6242446899414,67.12445068359375,1222605
2008-09-16,65.94405364990234,67.64493560791016,64.79618072509766,66.52960205078125,1426797
2008-09-17,67.52410888671875,67.80294036865234,63.72268295288086,63.94109344482422,1490478
2008-09-18,64.20599365234375,68.0353012084961,63.57397079467773,64.23851776123047,2419671
2008-09-19,69.11345672607422,69.37370300292969,67.00827026367188,69.01586151123047,2096390
2008-09-22,69.01122283935547,69.150634765625,66.72942352294922,66.72942352294922,712578
2008-09-23,67.31033325195312,67.31033325195312,63.09066009521485,63.625091552734375,1623938
2008-09-24,64.59635925292969,64.59635925292969,62.73747253417969,62.96983337402344,896217
2008-09-25,63.47173309326172,64.39188385009766,62.41216659545898,63.52750015258789,1164273
2008-09-26,62.36569595336914,63.06742477416992,61.00870513916016,61.5245475769043,851729
2008-09-29,60.22797393798828,60.841407775878906,57.95548248291016,58.07166290283203,1176199
2008-09-30,56.88197326660156,58.97322463989258,55.77593612670898,58.26219940185547,943200
2008-10-01,58.84310150146485,59.41935729980469,57.672000885009766,58.5921516418457,609400
2008-10-02,58.5921516418457,59.83760833740234,56.57061004638672,56.6077880859375,803543
2008-10-03,56.38936996459961,56.76579284667969,53.907752990722656,56.42190170288086,1448852
2008-10-06,54.07040786743164,54.74425506591797,48.66569137573242,49.18617630004883,2096759
2008-10-07,50.70581817626953,51.3053092956543,46.66738510131836,46.84397888183594,2018657
2008-10-08,44.50178146362305,49.53936767578125,42.28505706787109,46.6534423828125,2770404
2008-10-09,47.86636734008789,48.70286560058594,43.35856246948242,44.78990936279297,1462989
2008-10-10,41.49967575073242,43.63739776611328,38.96229553222656,41.51826477050781,2590536
2008-10-13,44.05564880371094,45.24998474121094,42.94031524658203,44.02776336669922,1320473
2008-10-14,46.27701950073242,49.34418487548828,45.816932678222656,46.43502426147461,2238118
2008-10-15,46.25843048095703,46.47220230102539,41.18366622924805,41.98763275146485,1787736
2008-10-16,39.90103149414063,40.38434219360352,37.2892951965332,37.8330192565918,2133066
2008-10-17,39.50136947631836,40.347164154052734,37.977081298828125,39.48278045654297,1881940
2008-10-20,40.89088821411133,41.96439743041992,40.27745819091797,41.829627990722656,1004021
2008-10-21,42.4848861694336,43.09367370605469,41.643741607666016,42.72189331054688,1014844
2008-10-22,41.45320510864258,41.45785140991211,39.255069732666016,39.45489883422852,1026453
2008-10-23,39.28759765625,39.28759765625,36.94540023803711,38.03749847412109,1291211
2008-10-24,36.56432723999024,37.149879455566406,34.57996368408203,35.82077407836914,1779297
2008-10-27,34.18495178222656,35.151573181152344,33.459983825683594,34.198883056640625,1891167
2008-10-28,35.425758361816406,35.5047607421875,33.75276184082031,35.31887435913086,1492658
2008-10-29,37.65177917480469,40.849063873291016,37.2242317199707,40.71894454956055,1736005
2008-10-30,41.824981689453125,47.19716644287109,40.858360290527344,44.45530700683594,2312369
2008-10-31,44.02776336669922,46.21659469604492,43.19126510620117,46.10042572021485,1197306
2008-11-03,46.47684860229492,46.72315216064453,43.2749137878418,44.01382064819336,1226227
2008-11-04,44.01382064819336,47.59682846069336,43.40503692626953,47.59682846069336,1508681
2008-11-05,47.35517501831055,47.35517501831055,44.8549690246582,46.03536224365234,789906
2008-11-06,44.50178146362305,46.49079132080078,42.28041076660156,42.522064208984375,1603253
2008-11-07,42.86595916748047,43.86975860595703,41.0721321105957,42.77766036987305,1504399
2008-11-10,44.74343490600586,44.98973846435547,41.95510482788086,42.2014045715332,1386253
2008-11-11,41.72274398803711,42.2014045715332,37.828372955322266,38.511512756347656,1589675
2008-11-12,39.55713653564453,39.60361099243164,36.629390716552734,36.917518615722656,865622
2008-11-13,36.685157775878906,37.38224029541016,34.48237228393555,34.979618072509766,1567818
2008-11-14,36.169315338134766,36.6990966796875,33.62728500366211,33.82246780395508,1699278
2008-11-17,33.924705505371094,33.961883544921875,30.996957778930664,31.285085678100582,2540490
2008-11-18,31.963579177856445,32.0472297668457,29.556320190429688,30.643770217895508,1509795
2008-11-19,30.904014587402344,31.81486892700196,30.211578369140625,31.020193099975582,1840544
2008-11-20,29.93739128112793,30.518295288085938,29.17060089111328,29.83515357971192,1070474
2008-11-21,30.21622467041016,31.071313858032227,28.8685302734375,29.31466484069824,1240082
2008-11-24,29.983863830566406,33.459983825683594,29.584203720092773,33.446041107177734,1497771
2008-11-25,33.41815948486328,34.5753173828125,32.40041732788086,33.6458740234375,1038699
2008-11-26,33.23691940307617,33.446041107177734,30.96907424926757,31.926401138305664,1063123
2008-11-27,32.80937576293945,35.28169631958008,32.530540466308594,35.20734024047852,1249842
2008-11-28,35.1051025390625,35.13298416137695,34.10129928588867,34.7147331237793,666179
2008-12-01,34.226776123046875,35.31887435913086,33.59475326538086,33.65981674194336,1382082
2008-12-02,33.20903396606445,33.83641052246094,32.14946746826172,33.55757522583008,644515
2008-12-03,33.4413948059082,34.68220520019531,32.68854522705078,34.60784912109375,935274
2008-12-04,34.528846740722656,36.34126281738281,32.9209098815918,32.995262145996094,1350751
2008-12-05,32.586307525634766,32.89302444458008,29.93739128112793,30.160459518432617,1268691
2008-12-08,32.62348556518555,34.389427185058594,32.15876388549805,34.09665298461914,1342194
2008-12-09,33.845703125,38.70669555664063,33.34845352172852,38.0189094543457,2623715
2008-12-10,38.10720443725586,38.21409225463867,37.03369522094727,38.07002639770508,1042223
2008-12-11,37.78654861450195,38.75781631469727,37.047637939453125,38.18156051635742,766492
2008-12-12,36.42955780029297,37.41012191772461,35.69529724121094,37.18240737915039,854238
2008-12-15,38.00496673583984,38.014259338378906,36.51785659790039,36.866397857666016,570264
2008-12-16,37.047637939453125,39.73373031616211,36.94075393676758,39.73373031616211,1705935
2008-12-17,39.96609115600586,43.40503692626953,39.96609115600586,42.79624176025391,1382082
2008-12-18,42.94496154785156,43.59092330932617,42.46165084838867,42.77766036987305,1230406
2008-12-19,42.13634490966797,44.63190078735352,42.13634490966797,43.72104644775391,1266481
2008-12-22,43.65134048461914,44.27405548095703,42.89384078979492,43.16337966918945,611691
2008-12-23,42.85666275024414,43.52586364746094,42.38729476928711,42.43841552734375,513662
2008-12-24,41.797096252441406,42.43376541137695,41.12789916992188,41.75062561035156,160494
2008-12-29,41.80639266967773,42.43841552734375,41.30913925170898,41.99228286743164,292739
2008-12-30,42.01087188720703,43.40503692626953,41.91792678833008,43.40503692626953,272048
2008-12-31,43.40503692626953,44.04635238647461,42.96819686889648,43.31209182739258,160863
2009-01-02,43.84652328491211,46.47220230102539,43.65598678588867,46.47220230102539,823394
2009-01-05,46.47220230102539,47.22040557861328,44.37165832519531,45.76582336425781,1267774
2009-01-06,45.73329544067383,49.02817153930664,45.03156280517578,47.9732551574707,1307704
2009-01-07,47.82454299926758,47.82454299926758,43.953407287597656,44.56684112548828,1202706
2009-01-08,44.31589126586914,45.04550552368164,42.37335205078125,42.9310188293457,1149069
2009-01-09,43.34926986694336,43.63739776611328,41.89004135131836,42.47559356689453,1157004
2009-01-12,42.2014045715332,42.81483840942383,42.06663513183594,42.41982650756836,738998
2009-01-13,42.46165084838867,42.522064208984375,41.546146392822266,42.28505706787109,1043196
2009-01-14,42.522064208984375,42.522064208984375,38.64163589477539,39.05523681640625,1109698
2009-01-15,39.10635757446289,39.705848693847656,37.38224029541016,38.08861541748047,941209
2009-01-16,39.022708892822266,40.876949310302734,38.94370651245117,39.552490234375,1076154
2009-01-19,39.882442474365234,40.06833267211914,34.895965576171875,36.2947883605957,1283063
2009-01-20,36.53179931640625,37.39153289794922,35.54658889770508,35.936954498291016,1029412
2009-01-21,35.31887435913086,36.568973541259766,34.86809158325195,35.64418029785156,1275452
2009-01-22,36.48067855834961,37.345062255859375,34.65896987915039,35.06792449951172,1363299
2009-01-23,34.86809158325195,35.28634262084961,33.692344665527344,34.77050018310547,1160611
2009-01-26,34.55208206176758,37.047637939453125,34.46378326416016,36.40167617797852,837224
2009-01-27,36.3784408569336,36.40167617797852,34.90991973876953,35.76034927368164,1382082
2009-01-28,36.4388542175293,39.31548309326172,36.113548278808594,38.99482345581055,978415
2009-01-29,38.75781631469727,38.80428695678711,37.44729995727539,37.89807891845703,653267
2009-01-30,37.805137634277344,38.060733795166016,36.373783111572266,36.833866119384766,876060
2009-02-02,36.19719696044922,36.40167617797852,35.3653450012207,36.01131057739258,543462
2009-02-03,36.32267379760742,36.73162841796875,35.27239990234375,36.42491149902344,547994
2009-02-04,36.56432723999024,38.57192611694336,36.52249526977539,37.99567031860352,494502
2009-02-05,37.09411239624024,38.65557861328125,36.52714920043945,38.39533233642578,753666
2009-02-06,38.990177154541016,42.6707763671875,38.7671127319336,42.64752960205078,1805100
2009-02-09,42.28970336914063,43.65598678588867,41.7413330078125,42.95890426635742,1109134
2009-02-10,42.359413146972656,42.70795440673828,40.22633743286133,40.37504959106445,895228
2009-02-11,40.01256561279297,41.05354309082031,39.701202392578125,40.76541519165039,611805
2009-02-12,40.51446533203125,40.67247009277344,38.8228759765625,39.30154037475586,827727
2009-02-13,39.98003387451172,40.61670303344727,38.84610366821289,39.54318618774414,611603
2009-02-16,39.29689407348633,40.26351547241211,39.29689407348633,39.51531219482422,492216
2009-02-17,38.971588134765625,39.72443771362305,37.61460113525391,38.13508987426758,622523
2009-02-18,38.10720443725586,39.45489883422852,37.52165603637695,37.99567031860352,925403
2009-02-19,39.29689407348633,41.50432205200195,37.939903259277344,40.72823715209961,1647046
2009-02-20,40.06368637084961,41.28590393066406,39.60361099243164,39.98468017578125,1120931
2009-02-23,40.90947723388672,42.94960784912109,40.133392333984375,40.60276412963867,1317460
2009-02-24,40.31928253173828,41.70415496826172,38.73922729492188,41.14184188842773,1278636
2009-02-25,42.28970336914063,43.65598678588867,41.7413330078125,43.43756866455078,1109134
2009-02-26,42.28970336914063,43.65598678588867,41.7413330078125,43.37250518798828,1109134
2009-02-27,42.83807373046875,44.5296630859375,42.29899978637695,44.14859390258789,1365071
2009-03-02,43.47939300537109,44.98509216308594,42.81948852539063,43.260963439941406,1486019
2009-03-03,43.0704345703125,43.59092330932617,42.061988830566406,42.28505706787109,1024496
2009-03-04,42.87525177001953,45.49628448486328,42.522064208984375,45.3196907043457,1245413
2009-03-05,45.15238952636719,45.76117706298828,43.748931884765625,44.57613754272461,1441316
2009-03-06,44.35306930541992,45.07803726196289,42.94960784912109,43.432918548583984,1093836
2009-03-09,44.32518768310547,44.32518768310547,41.68556594848633,42.92172622680664,905441
2009-03-10,42.768367767333984,47.09492874145508,42.684715270996094,46.718505859375,1150449
2009-03-11,46.65808868408203,47.73159790039063,45.67287826538086,46.47220230102539,1098558
2009-03-12,46.00748062133789,46.555850982666016,44.78061294555664,46.337432861328125,776869
2009-03-13,46.80680084228516,47.16928482055664,45.124507904052734,45.47304916381836,788687
2009-03-16,46.388553619384766,47.92213439941406,46.188720703125,47.47135543823242,676289
2009-03-17,46.76033020019531,47.48064804077149,45.89594650268555,47.19716644287109,696544
2009-03-18,47.95931243896485,48.23814392089844,47.15534210205078,47.87566375732422,814056
2009-03-19,48.32644271850586,49.925086975097656,47.95931243896485,48.60062789916992,1163570
2009-03-20,47.87566375732422,48.5169792175293,47.21575546264648,48.41009140014648,1026438
2009-03-23,48.41009140014648,49.38136291503906,46.10042572021485,47.02986907958984,1054714
2009-03-24,47.63400650024414,47.963958740234375,44.408836364746094,44.882850646972656,1593392
2009-03-25,44.57148742675781,46.00748062133789,44.41812896728516,45.67287826538086,843955
2009-03-26,45.7239990234375,45.90523910522461,44.11141586303711,44.41812896728516,851054
2009-03-27,44.60401916503906,45.52881622314453,44.42742538452149,45.24533462524414,590378
2009-03-30,44.09747314453125,44.69231414794922,43.13085174560547,43.83258056640625,830876
2009-03-31,44.42742538452149,45.46840286254883,44.08353042602539,44.8735580444336,697473
2009-04-01,44.79920196533203,47.44346237182617,44.185768127441406,47.09957504272461,928939
2009-04-02,47.82454299926758,51.86297607421875,47.82454299926758,51.6956787109375,1562512
2009-04-03,51.21701431274414,53.06660842895508,50.12026977539063,52.18828201293945,841383
2009-04-06,53.12237548828125,53.77763366699219,51.05900955200195,51.5097885131836,1250734
2009-04-07,51.63991165161133,52.0953369140625,48.656394958496094,49.53470993041992,998550
2009-04-08,48.98634719848633,51.24488830566406,48.45191955566406,50.9800033569336,901904
2009-04-09,51.17053985595703,53.907752990722656,50.9614143371582,53.88916397094727,1087267
2009-04-14,54.651309967041016,55.38557052612305,53.02012634277344,53.44303131103516,919778
2009-04-15,53.16419982910156,53.55921173095703,52.83889389038086,53.4197883605957,800881
2009-04-16,54.167999267578125,54.67454528808594,53.65214920043945,54.24700164794922,917715
2009-04-17,54.827903747558594,55.26009368896485,54.019287109375,55.25544738769531,1103164
2009-04-20,54.837196350097656,54.837196350097656,52.29051971435547,52.969017028808594,998603
2009-04-21,52.8853645324707,55.68299102783203,52.07210159301758,55.3390998840332,1564748
2009-04-22,53.91704940795898,54.21446990966797,50.65470123291016,53.71720886230469,1656790
2009-04-23,52.978309631347656,55.15785598754883,52.82030487060547,53.66609954833984,973601
2009-04-24,54.03787612915039,56.528785705566406,53.92169570922852,56.528785705566406,1036738
2009-04-27,55.20897674560547,57.26304626464844,54.59554290771485,57.08645248413086,807703
2009-04-28,56.78903198242188,56.78903198242188,53.3500862121582,54.36318206787109,1062145
2009-04-29,54.386417388916016,54.883670806884766,53.26643753051758,53.78692626953125,1040058
2009-04-30,53.721866607666016,54.818607330322266,53.25248718261719,54.32600402832031,1040905
2009-05-04,54.57695388793945,56.97956848144531,54.40965270996094,56.90056228637695,515256
2009-05-05,56.48231506347656,57.486114501953125,55.599342346191406,57.021392822265625,889665
2009-05-06,56.90985870361328,59.47977066040039,56.62173080444336,58.72227478027344,710405
2009-05-07,59.595951080322266,60.39527130126953,56.62637710571289,56.62637710571289,1356759
2009-05-08,57.253753662109375,59.50300598144531,57.253753662109375,59.28923416137695,823339
2009-05-11,58.19248962402344,58.27614212036133,54.76749038696289,55.07885360717773,760067
2009-05-12,54.80001831054688,55.70622634887695,53.57315444946289,53.907752990722656,630805
2009-05-13,53.907752990722656,53.935638427734375,50.701171875,50.701171875,941585
2009-05-14,50.38980865478516,52.02561950683594,50.22715759277344,51.52837753295898,617505
2009-05-15,51.760738372802734,52.69483184814453,51.39825439453125,52.01168823242188,551601
2009-05-18,51.70497131347656,54.58159255981445,50.67329025268555,54.27953338623047,558982
2009-05-19,54.76749038696289,56.64961242675781,54.55371856689453,56.510196685791016,898643
2009-05-20,56.50554275512695,56.97491836547852,55.761993408203125,56.38472366333008,552976
2009-05-21,56.03618240356445,56.47301864624024,55.11603164672852,55.22291564941406,391095
2009-05-22,55.813114166259766,55.813114166259766,53.79157257080078,54.46541976928711,276791
2009-05-25,54.37247467041016,55.10673522949219,53.192081451416016,54.2191162109375,144824
2009-05-26,53.907752990722656,54.26557922363281,52.1557502746582,54.08899688720703,482901
2009-05-27,54.46541976928711,56.79832458496094,54.46541976928711,56.70073318481445,822229
2009-05-28,56.05012130737305,56.11053466796875,54.47006988525391,54.97661590576172,398913
2009-05-29,55.71087646484375,55.91535186767578,54.865081787109375,55.04167556762695,356862
2009-06-01,55.94788360595703,56.9330940246582,55.26474380493164,56.91450500488281,441557
2009-06-02,56.53343200683594,60.3302116394043,56.43584060668945,59.396121978759766,820953
2009-06-03,59.68889617919922,59.68889617919922,56.92844772338867,57.681297302246094,527139
2009-06-04,58.0066032409668,58.24825668334961,56.39401626586914,56.39401626586914,424917
2009-06-05,56.4683723449707,57.83000946044922,56.291778564453125,57.00280380249024,545796
2009-06-08,57.00280380249024,57.2026252746582,55.61328506469727,56.25460052490234,433138
2009-06-09,56.6077880859375,57.5418815612793,55.96182632446289,56.63567352294922,349210
2009-06-10,57.50470352172852,58.97322463989258,56.8122673034668,57.76029968261719,390791
2009-06-11,57.56976318359375,58.85239410400391,57.31881332397461,58.401615142822266,447711
2009-06-12,58.09954833984375,58.3272590637207,56.88197326660156,57.48146438598633,425259
2009-06-15,57.36528778076172,57.51399612426758,55.52033996582031,55.761993408203125,438274
2009-06-16,55.96182632446289,56.296424865722656,54.75819396972656,55.45063018798828,520293
2009-06-17,55.20432662963867,55.20432662963867,52.93183898925781,53.62892150878906,778009
2009-06-18,53.62892150878906,53.76833724975586,50.65934753417969,51.39825439453125,1243193
2009-06-19,51.64920425415039,53.01548767089844,51.09153747558594,52.69947814941406,744938
2009-06-22,52.38811111450195,52.91324996948242,50.320098876953125,50.54316711425781,525550
2009-06-23,50.189979553222656,51.70032501220703,49.57654571533203,50.62681579589844,535988
2009-06-24,50.87776565551758,52.9504280090332,50.3758659362793,52.708770751953125,479546
2009-06-25,52.39276123046875,52.8853645324707,51.16123962402344,52.8853645324707,483439
2009-06-26,52.9504280090332,54.00069808959961,52.39740753173828,53.13166809082031,494788
2009-06-29,52.85283660888672,54.632720947265625,52.83424758911133,54.36782836914063,427557
2009-06-30,54.37247467041016,54.93014144897461,53.508094787597656,54.05181884765625,574080
2009-07-01,54.618778228759766,56.57061004638672,54.567657470703125,55.813114166259766,637014
2009-07-02,55.631874084472656,55.70158004760742,53.64751052856445,53.907752990722656,503210
2009-07-03,53.86128234863281,54.08899688720703,52.05815887451172,53.11772537231445,409739
2009-07-06,52.73665618896485,53.36402893066406,51.84903335571289,52.50429534912109,335236
2009-07-07,52.79706954956055,53.433738708496094,51.97915649414063,52.2208137512207,338662
2009-07-08,51.9559211730957,52.74594879150391,51.31460571289063,51.351783752441406,463917
2009-07-09,51.52837753295898,52.46711730957031,51.3053092956543,51.48190689086914,419548
2009-07-10,51.38431167602539,52.11392593383789,51.24488830566406,51.263484954833984,375773
2009-07-13,51.263484954833984,52.93183898925781,51.2263069152832,52.62047576904297,382033
2009-07-14,52.74594879150391,53.62892150878906,52.51358795166016,53.54062271118164,476313
2009-07-15,53.54527282714844,55.4134521484375,53.54527282714844,55.20897674560547,607048
2009-07-16,55.3390998840332,56.39866256713867,54.94873046875,55.37627410888672,575894
2009-07-17,55.88747024536133,56.41725158691406,55.32051086425781,55.53428268432617,439442
2009-07-20,55.53428268432617,57.6627082824707,55.53428268432617,57.458229064941406,667419
2009-07-21,57.62553024291992,58.44343948364258,56.97491836547852,58.11813735961914,493404
2009-07-22,57.95083618164063,59.22417449951172,57.31881332397461,58.82451248168945,391464
2009-07-23,59.19629287719727,60.87858581542969,58.4062614440918,60.87858581542969,703086
2009-07-24,60.8599967956543,62.514404296875,60.311622619628906,61.482723236083984,626203
2009-07-27,62.12403869628906,62.59805679321289,60.4510383605957,60.776344299316406,692823
2009-07-28,61.83591079711914,63.89927673339844,61.64072799682617,61.7243766784668,748060
2009-07-29,61.85449981689453,64.06657409667969,61.42695617675781,64.02010345458984,677940
2009-07-30,64.17810821533203,66.7061996459961,62.74676513671875,66.03700256347656,861411
2009-07-31,67.3568115234375,72.86841583251953,67.3568115234375,72.67322540283203,2202593
2009-08-03,72.45016479492188,73.50043487548828,71.79955291748047,73.42607879638672,797614
2009-08-04,73.5840835571289,73.8722152709961,70.8886947631836,73.50972747802734,785003
2009-08-05,73.14724731445312,75.1362533569336,73.14724731445312,74.00233459472656,900287
2009-08-06,74.48564147949219,75.96346282958984,74.14175415039062,74.61576843261719,1071391
2009-08-07,74.52281951904297,75.15484619140625,73.10077667236328,74.86671447753906,722270
2009-08-10,74.49494171142578,74.54141235351562,72.77546691894531,73.02642059326172,639284
2009-08-11,73.38890075683594,73.63985443115234,71.79955291748047,72.26427459716797,518969
2009-08-12,72.50592803955078,72.5895767211914,70.17302703857422,71.61366271972656,750628
2009-08-13,71.43707275390625,73.61196899414062,71.38130187988281,73.36101531982422,775049
2009-08-14,73.35172271728516,76.35382843017578,73.0542984008789,73.44467163085938,858220
2009-08-17,72.64534759521484,72.96135711669922,71.28836059570312,71.28836059570312,578901
2009-08-18,71.54859924316406,72.66393280029297,70.98164367675781,72.45945739746094,479078
2009-08-19,71.89249420166016,73.03571319580078,71.56719207763672,72.17132568359375,436167
2009-08-20,72.89629364013672,74.71800231933594,72.89629364013672,74.22540283203125,588544
2009-08-21,73.55619812011719,75.25708770751953,73.5190200805664,74.99684143066406,473373
2009-08-24,75.29425811767578,76.1958236694336,73.78855895996094,74.54141235351562,470197
2009-08-25,74.35552215576172,75.05260467529297,74.07669067382812,74.58788299560547,372861
2009-08-26,74.21610260009766,75.0433120727539,73.37960815429688,74.53211975097656,470965
2009-08-27,73.9837417602539,75.42438507080078,73.10077667236328,73.43537139892578,508554
2009-08-28,73.56549835205078,75.18273162841797,73.56549835205078,74.38340759277344,417792
2009-08-31,74.00233459472656,76.05640411376953,74.00233459472656,75.29425811767578,365064
2009-09-01,75.48944854736328,75.94486999511719,73.55619812011719,73.55619812011719,472782
2009-09-02,73.37960815429688,73.37960815429688,71.39989471435547,72.14344787597656,784386
2009-09-03,72.50592803955078,73.31454467773438,71.33483123779297,71.33483123779297,622696
2009-09-04,71.67872619628906,73.15653991699219,71.56719207763672,72.60816955566406,559794
2009-09-07,73.03571319580078,76.14005279541016,72.95206451416016,75.84263610839844,532955
2009-09-08,75.86122131347656,78.2406005859375,75.14555358886719,77.98035430908203,829533
2009-09-09,77.24609375,80.19242858886719,77.19962310791016,79.8485336303711,853471
2009-09-10,79.6998291015625,80.564208984375,77.9617691040039,79.74629974365234,651375
2009-09-11,79.93218994140625,79.93218994140625,78.5751953125,78.88191223144531,437535
2009-09-14,78.07329559326172,79.56040954589844,77.27397918701172,79.47676086425781,323553
2009-09-15,80.2853775024414,80.32255554199219,78.35213470458984,79.24440002441406,381108
2009-09-16,79.85783386230469,80.21102142333984,79.08639526367188,79.634765625,449804
2009-09-17,80.07160186767578,81.25199890136719,79.78347778320312,80.86163330078125,430157
2009-09-18,80.66645050048828,81.3077621459961,79.95077514648438,80.7500991821289,668617
2009-09-21,80.86163330078125,81.093994140625,79.83924102783203,81.00104522705078,342351
2009-09-22,80.94528198242188,82.15355682373047,79.0492172241211,79.65335083007812,555313
2009-09-23,79.28157806396484,81.25199890136719,79.28157806396484,80.42478942871094,343536
2009-09-24,80.36902618408203,80.36902618408203,77.8316421508789,78.3614273071289,524540
2009-09-25,78.53801727294922,79.43958282470703,77.56210327148438,78.53801727294922,388536
2009-09-28,78.32424926757812,79.71841430664062,77.1903305053711,79.46746826171875,293154
2009-09-29,79.12357330322266,79.62547302246094,78.22200775146484,78.86332702636719,362815
2009-09-30,79.46746826171875,82.25579833984375,79.01203918457031,81.41000366210938,1045153
2009-10-01,81.35424041748047,82.3022689819336,80.30396270751953,80.48985290527344,479589
2009-10-02,80.02513122558594,80.58279418945312,78.2963638305664,79.18862915039062,496915
2009-10-05,78.92839050292969,81.26129150390625,77.94317626953125,81.093994140625,400059
2009-10-06,81.16835021972656,84.24480438232422,81.16835021972656,84.01244354248047,667574
2009-10-07,84.76529693603516,86.670654296875,83.0179443359375,83.0179443359375,1008171
2009-10-08,84.02174377441406,84.02174377441406,81.35424041748047,81.64236450195312,892473
2009-10-09,81.27058410644531,81.40071105957031,80.17384338378906,80.2853775024414,804137
2009-10-12,80.4433822631836,81.16835021972656,80.13666534423828,80.55491638183594,558254
2009-10-13,80.034423828125,80.89881134033203,79.02133178710938,79.7555923461914,477189
2009-10-14,80.66645050048828,81.06610870361328,79.59758758544922,80.53632354736328,575636
2009-10-15,80.80586242675781,80.80586242675781,79.27228546142578,79.88571166992188,640627
2009-10-16,79.96006774902344,80.46196746826172,78.26847839355469,79.06780242919922,612452
2009-10-19,79.80206298828125,80.20172882080078,78.44507598876953,79.09568786621094,612334
2009-10-20,79.18862915039062,80.63856506347656,78.88191223144531,79.16075134277344,509343
2009-10-21,75.74968719482422,76.95796966552734,74.43917083740234,76.02851867675781,1353973
2009-10-22,75.28496551513672,75.62886047363281,74.21610260009766,74.55999755859375,769755
2009-10-23,75.48944854736328,75.48944854736328,74.09527587890625,74.13245391845703,549161
2009-10-26,74.09527587890625,74.66223907470703,71.86461639404297,72.1899185180664,536199
2009-10-27,72.03191375732422,73.37960815429688,71.58577728271484,72.29216003417969,386910
2009-10-28,71.93896484375,72.19921112060547,67.48693084716797,67.48693084716797,1296475
2009-10-29,67.60775756835938,70.30314636230469,67.39398956298828,69.39228820800781,866557
2009-10-30,69.82913208007812,71.16752624511719,68.620849609375,69.11345672607422,718109
2009-11-02,68.77886199951172,70.04290008544922,67.7564697265625,69.680419921875,530177
2009-11-03,69.60606384277344,71.0745849609375,68.45355224609375,69.96854400634766,710904
2009-11-04,70.38679504394531,73.67703247070312,70.38679504394531,73.08218383789062,930657
2009-11-05,72.95206451416016,74.25328063964844,71.56719207763672,73.43537139892578,501487
2009-11-06,74.09527587890625,74.4484634399414,71.86461639404297,72.95206451416016,627576
2009-11-09,73.69561767578125,76.63265991210938,73.62126159667969,76.58618927001953,795837
2009-11-10,76.66983795166016,77.1252670288086,75.56379699707031,76.16793823242188,475422
2009-11-11,76.24229431152344,77.60857391357422,75.93557739257812,76.53971862792969,359415
2009-11-12,76.53971862792969,77.56210327148438,76.30735778808594,76.67913055419922,478412
2009-11-13,76.70701599121094,77.58069610595703,76.34453582763672,77.42269134521484,274578
2009-11-16,77.4319839477539,78.31495666503906,77.15315246582031,77.97106170654297,349814
2009-11-17,77.97106170654297,78.06400299072266,76.2515869140625,76.316650390625,409553
2009-11-18,76.68843078613281,77.5899887084961,76.68843078613281,77.05091094970703,362902
2009-11-19,77.05091094970703,77.51563262939453,75.9727554321289,76.33523559570312,390170
2009-11-20,76.64195251464844,76.89290618896484,75.23849487304688,75.39649963378906,359499
2009-11-23,75.9076919555664,77.32974243164062,75.77757263183594,76.80925750732422,777961
2009-11-24,77.06950378417969,77.33903503417969,76.49324035644531,76.64195251464844,532603
2009-11-25,76.82784271240234,77.73870086669922,76.41889190673828,77.51563262939453,923229
2009-11-26,75.44947814941406,75.44947814941406,75.44947814941406,75.44947814941406,3227
2009-11-27,73.7142105102539,75.56379699707031,73.68632507324219,75.28496551513672,618380
2009-11-30,75.6660385131836,76.14005279541016,74.7365951538086,74.91319274902344,613459
2009-12-01,75.30355834960938,76.58618927001953,75.1083755493164,76.3817138671875,583155
2009-12-02,76.58618927001953,77.8316421508789,76.17723083496094,77.37621307373047,785768
2009-12-03,77.75728607177734,78.24989318847656,76.3724136352539,76.6605453491211,709344
2009-12-04,76.14005279541016,77.60857391357422,75.75898742675781,76.99514770507812,391889
2009-12-07,76.5304183959961,77.78517150878906,75.75898742675781,77.06950378417969,525010
2009-12-08,76.58618927001953,77.70152282714844,75.54521179199219,76.2515869140625,819281
2009-12-09,76.20511627197266,76.20511627197266,74.40199279785156,75.02471923828125,563712
2009-12-10,74.75518035888672,75.39649963378906,74.23469543457031,74.75518035888672,304769
2009-12-11,74.82024383544922,75.29425811767578,74.43917083740234,74.75518035888672,396985
2009-12-14,75.28496551513672,75.59168243408203,74.82953643798828,75.35932159423828,509588
2009-12-15,75.43367767333984,76.02851867675781,74.81095123291016,75.95417022705078,266581
2009-12-16,76.0378189086914,77.40409851074219,75.96346282958984,76.89290618896484,926773
2009-12-17,76.49324035644531,77.39480590820312,76.23300170898438,76.5954818725586,341627
2009-12-18,76.91149139404297,77.28327178955078,75.77757263183594,75.84263610839844,541687
2009-12-21,75.84263610839844,77.68292999267578,75.65674591064453,77.13455963134766,234092
2009-12-22,77.1903305053711,77.5249252319336,75.9169921875,75.98204803466797,380588
2009-12-23,76.46536254882812,77.22750854492188,76.21440887451172,77.22750854492188,589042
2009-12-24,77.59928131103516,78.08259582519531,76.9672622680664,78.08259582519531,68872
2009-12-28,78.24989318847656,78.53801727294922,78.04541778564453,78.33354187011719,93305
2009-12-29,78.19412994384766,78.53801727294922,77.6550521850586,77.8967056274414,127702
2009-12-30,77.56210327148438,78.06400299072266,76.94866943359375,77.62716674804688,259027
2009-12-31,77.79446411132812,79.26298522949219,77.79446411132812,78.2963638305664,180393
2010-01-04,78.2963638305664,80.88021850585938,78.08259582519531,80.88021850585938,437583
2010-01-05,80.6292724609375,80.9638671875,79.18862915039062,79.6998291015625,323995
2010-01-06,79.49534606933594,79.6905288696289,78.175537109375,78.72390747070312,346218
2010-01-07,78.3614273071289,79.33734130859375,77.645751953125,78.96556854248047,677996
2010-01-08,79.46746826171875,81.73530578613281,79.3838119506836,81.47506713867188,624480
2010-01-11,81.67024993896484,83.88232421875,81.29846954345703,82.29297637939453,554781
2010-01-12,82.20002746582031,82.70193481445312,80.42478942871094,80.86163330078125,487861
2010-01-13,80.7500991821289,83.51054382324219,80.7500991821289,83.1387710571289,556534
2010-01-14,83.37113189697266,83.80796813964844,82.86923217773438,83.43618774414062,432431
2010-01-15,83.37113189697266,83.51054382324219,81.79107666015625,82.18144226074219,343707
2010-01-18,82.34873962402344,84.4678726196289,82.25579833984375,83.71502685546875,319507
2010-01-19,83.75220489501953,85.54602813720703,83.2317123413086,85.00695037841797,452626
2010-01-20,84.57940673828125,85.14636993408203,82.96217346191406,83.27818298339844,574773
2010-01-21,83.64996337890625,83.88232421875,81.70742797851562,81.96766662597656,425820
2010-01-22,81.73530578613281,82.2372055053711,80.72221374511719,81.57730102539062,476305
2010-01-25,81.11257934570312,82.90641021728516,80.9081039428711,81.13117218017578,299395
2010-01-26,80.54562377929688,82.06061553955078,80.05301666259766,82.0234375,358238
2010-01-27,81.32635498046875,82.62757873535156,80.6292724609375,81.8375473022461,418300
2010-01-28,82.63687133789062,83.16665649414062,81.60518646240234,81.60518646240234,621429
2010-01-29,82.06990814208984,83.09230041503906,81.70742797851562,82.2093276977539,411380
2010-02-01,81.79107666015625,82.96217346191406,81.57730102539062,82.63687133789062,259045
2010-02-02,82.45098114013672,84.10539245605469,81.79107666015625,83.71502685546875,412361
2010-02-03,83.90090942382812,83.90090942382812,81.62377166748047,82.13497161865234,482275
2010-02-04,82.13497161865234,82.62757873535156,79.39311218261719,79.73700714111328,671755
2010-02-05,79.26298522949219,79.30016326904297,76.73490142822266,77.41339111328125,840251
2010-02-08,77.79446411132812,78.54731750488281,76.60477447509766,77.45056915283203,470349
2010-02-09,77.33903503417969,78.68672943115234,76.74419403076172,78.10118103027344,419483
2010-02-10,78.37071990966797,79.54182434082031,78.01753234863281,79.05850982666016,438627
2010-02-11,79.47676086425781,80.11807250976562,77.50634002685547,78.62167358398438,571865
2010-02-12,79.21651458740234,79.66265106201172,78.06400299072266,78.37071990966797,455887
2010-02-15,78.75179290771484,79.50464630126953,77.78517150878906,77.97106170654297,144820
2010-02-16,78.81685638427734,79.08639526367188,77.73870086669922,78.55661010742188,380774
2010-02-17,79.12357330322266,79.5139389038086,78.09188842773438,78.74250030517578,633931
2010-02-18,79.93218994140625,81.7446060180664,79.26298522949219,79.5139389038086,1007762
2010-02-19,78.99344635009766,79.59758758544922,77.5899887084961,79.36522674560547,667900
2010-02-22,79.74629974365234,79.79277038574219,77.79446411132812,78.1197738647461,768252
2010-02-23,78.80756378173828,79.00274658203125,76.17723083496094,76.58618927001953,600120
2010-02-24,76.48394775390625,77.10667419433594,75.28496551513672,75.79615783691406,609763
2010-02-25,75.86122131347656,77.22750854492188,75.54521179199219,75.79615783691406,466123
2010-02-26,76.30735778808594,78.59378814697266,76.16793823242188,78.34283447265625,764956
2010-03-01,79.37451934814453,80.00654602050781,79.03992462158203,79.96936798095703,569908
2010-03-02,80.2853775024414,81.65165710449219,79.93218994140625,81.18693542480469,490469
2010-03-03,80.71292114257812,82.3022689819336,80.33184814453125,82.16284942626953,468046
2010-03-04,81.49365234375,82.91570281982422,80.70362854003906,81.97696685791016,575277
2010-03-05,82.56251525878906,83.34324645996094,81.93048858642578,83.27818298339844,402714
2010-03-08,83.46407318115234,84.04032897949219,83.19453430175781,83.57560729980469,385279
2010-03-09,83.66854858398438,83.96597290039062,82.72981262207031,83.31536102294922,455363
2010-03-10,83.31536102294922,83.92879486083984,83.14806365966797,83.64996337890625,493936
2010-03-11,83.19453430175781,86.97737121582031,83.19453430175781,86.56842041015625,1389217
2010-03-12,86.6799545288086,88.7804946899414,86.6799545288086,88.09270477294922,1007701
2010-03-15,88.28788757324219,89.50546264648438,87.57221984863281,88.11129760742188,776876
2010-03-16,88.20423889160156,89.21733093261719,88.20423889160156,88.62248992919922,380178
2010-03-17,88.78978729248047,90.0538330078125,88.75260925292969,89.0035629272461,513116
2010-03-18,89.0035629272461,90.15607452392578,88.82696533203125,89.36604309082031,406022
2010-03-19,89.44969177246094,89.98876953125,88.63178253173828,89.28239440917969,587426
2010-03-22,88.76190948486328,88.76190948486328,87.10749816894531,88.29718780517578,597422
2010-03-23,88.29718780517578,89.57981872558594,88.29718780517578,89.23592376708984,326448
2010-03-24,89.22663116455078,89.3381576538086,88.16706085205078,88.94779205322266,289988
2010-03-25,88.96638488769531,90.06312561035156,88.85485076904297,90.06312561035156,328402
2010-03-26,89.59840393066406,90.0538330078125,89.13368225097656,89.75640869140625,341883
2010-03-29,89.85865020751953,91.01116180419922,89.45899200439453,90.75091552734376,437764
2010-03-30,90.71373748779295,91.17845916748048,89.70064544677734,90.02594757080078,431220
2010-03-31,90.02594757080078,92.01496124267578,90.02594757080078,91.61529541015624,825431
2010-04-01,92.47968292236328,93.45559692382812,91.7268295288086,93.31617736816406,527135
2010-04-06,93.31617736816406,94.84976196289062,93.08381652832033,94.57093048095705,613567
2010-04-07,94.38504028320312,94.94271087646484,93.40912628173828,94.01326751708984,298019
2010-04-08,93.13029479980467,93.7809066772461,92.20085144042967,93.08381652832033,590508
2010-04-09,93.7809066772461,96.80159759521484,93.64148712158205,96.66217803955078,731248
2010-04-12,96.70864868164062,98.56754302978516,96.66217803955078,97.08042907714844,613377
2010-04-13,96.84806823730467,98.98578643798828,96.84806823730467,97.73104095458984,653957
2010-04-14,98.05634307861328,98.7999038696289,97.54515075683594,98.00987243652344,514219
2010-04-15,98.05634307861328,99.40403747558594,97.17337036132812,98.98578643798828,513010
2010-04-16,98.70695495605467,99.12520599365234,96.70864868164062,97.08042907714844,435975
2010-04-19,96.33687591552734,97.4986801147461,96.24392700195312,97.40573120117188,354618
2010-04-20,97.6845703125,99.63639831542967,97.12689971923828,98.8928451538086,353664
2010-04-21,99.63639831542967,100.37995910644533,98.8928451538086,99.58992767333984,546967
2010-04-22,101.30940246582033,102.88945770263672,99.45051574707033,101.30940246582033,1102961
2010-04-23,101.40234375,102.23884582519533,100.6587905883789,101.49529266357422,482838
2010-04-26,102.23884582519533,103.0753402709961,100.7517318725586,101.7741241455078,506600
2010-04-27,101.30940246582033,101.6811752319336,97.9634017944336,97.9634017944336,772305
2010-04-28,97.4986801147461,98.28870391845705,95.59332275390624,96.61570739746094,668626
2010-04-29,96.61570739746094,96.61570739746094,92.10790252685548,94.80329132080078,1291522
2010-04-30,94.75682067871094,96.15098571777344,93.68795776367188,94.29209899902344,641272
2010-05-03,93.87384796142578,95.91862487792967,93.31617736816406,95.50037384033205,413299
2010-05-04,95.26801300048828,95.6397933959961,92.4982681274414,92.99087524414062,678211
2010-05-05,92.94440460205078,94.19915008544922,91.88483428955078,92.31238555908205,847449
2010-05-06,91.9127197265625,94.7103500366211,91.48517608642578,91.48517608642578,989926
2010-05-07,88.58531188964844,92.20085144042967,86.53124237060547,91.48517608642578,1501542
2010-05-10,91.08551788330078,94.57093048095705,90.55573272705078,94.47798919677734,1149164
2010-05-11,92.85145568847656,95.26801300048828,92.52615356445312,95.08212280273438,651704
2010-05-12,94.5244598388672,97.59162139892578,94.19915008544922,96.755126953125,746078
2010-05-13,97.54515075683594,98.2422332763672,96.80159759521484,97.8704605102539,384129
2010-05-14,97.17337036132812,97.9634017944336,94.7103500366211,95.22154235839844,735672
2010-05-17,93.64148712158205,96.1045150756836,93.64148712158205,94.29209899902344,419025
2010-05-18,95.82568359375,97.77751159667967,94.89623260498048,97.2198486328125,531494
2010-05-19,95.36095428466795,97.0339584350586,92.3495635986328,92.3495635986328,926050
2010-05-20,92.58192443847656,94.43151092529295,87.4792709350586,89.60769653320312,1053066
2010-05-21,87.7859878540039,87.79528045654297,83.22241973876953,84.30986785888672,1349163
2010-05-24,84.96977233886719,86.54053497314453,84.47716522216797,86.19664001464844,791596
2010-05-25,84.30057525634766,85.29508209228516,83.06441497802734,83.26889038085938,847938
2010-05-26,85.19284057617188,87.92540740966797,84.84894561767578,87.23761749267578,740365
2010-05-27,87.74880981445312,89.36604309082031,86.2059326171875,89.36604309082031,863066
2010-05-28,89.84935760498047,91.22492980957033,89.32886505126953,89.9980697631836,556346
2010-05-31,90.43490600585938,91.6896514892578,90.43490600585938,91.13198852539062,218758
2010-06-01,90.5185546875,92.26590728759766,88.86414337158203,91.62459564208984,687632
2010-06-02,91.14128112792967,92.47039031982422,90.4627914428711,91.6338882446289,502724
2010-06-03,93.73442840576172,94.38504028320312,92.88863372802734,93.17676544189452,357457
2010-06-04,93.50206756591795,94.47798919677734,90.8624496459961,91.13198852539062,485112
2010-06-07,89.87723541259766,91.3829345703125,89.45899200439453,90.52784729003906,387361
2010-06-08,90.64867401123048,91.11339569091795,88.48307037353516,89.31957244873047,398708
2010-06-09,90.15607452392578,92.24732208251952,89.50546264648438,92.24732208251952,424819
2010-06-10,92.05213928222656,94.80329132080078,91.29928588867188,94.61740112304688,495243
2010-06-11,94.94271087646484,95.31448364257812,92.54474639892578,93.64148712158205,381302
2010-06-14,94.7103500366211,96.66217803955078,93.96678924560548,94.57093048095705,409166
2010-06-15,93.68795776367188,95.54684448242188,93.26970672607422,95.12859344482422,280516
2010-06-16,95.68626403808594,95.68626403808594,93.87384796142578,94.98918151855467,227892
2010-06-17,95.03565216064452,96.755126953125,94.47798919677734,95.82568359375,310332
2010-06-18,96.94100952148438,99.58992767333984,96.89453887939452,99.12520599365234,844024
2010-06-21,100.9376220703125,102.7035675048828,99.8222885131836,100.1940689086914,694170
2010-06-22,100.37995910644533,101.26292419433594,98.614013671875,99.03226470947266,499707
2010-06-23,97.8704605102539,99.77581787109376,97.8704605102539,98.8928451538086,403712
2010-06-24,99.45051574707033,100.0081787109375,96.80159759521484,97.26631927490234,422734
2010-06-25,97.77751159667967,98.3351821899414,96.5692367553711,97.17337036132812,368148
2010-06-28,97.73104095458984,99.58992767333984,97.26631927490234,99.45051574707033,329925
2010-06-29,98.19576263427734,98.47459411621094,95.22154235839844,96.15098571777344,511244
2010-06-30,96.42981719970705,96.42981719970705,94.38504028320312,95.31448364257812,450770
2010-07-01,93.45559692382812,93.50206756591795,90.73233032226562,91.17845916748048,1116421
2010-07-02,91.50376892089844,92.55403900146484,90.09101104736328,90.37913513183594,571622
2010-07-05,90.75091552734376,91.55023956298828,90.36984252929688,91.02045440673828,184772
2010-07-06,91.28070068359376,93.73442840576172,91.28070068359376,92.6190948486328,303601
2010-07-07,91.49446868896484,93.54854583740234,91.2621078491211,93.17676544189452,319799
2010-07-08,93.82737731933594,94.43151092529295,92.92581176757812,93.68795776367188,280156
2010-07-09,94.01326751708984,94.43151092529295,93.13029479980467,93.73442840576172,184628
2010-07-12,93.96678924560548,94.38504028320312,93.17676544189452,93.73442840576172,233021
2010-07-13,93.73442840576172,95.82568359375,93.50206756591795,95.50037384033205,268815
2010-07-14,96.19745635986328,96.84806823730467,94.19915008544922,95.12859344482422,199666
2010-07-15,94.84976196289062,95.36095428466795,93.22323608398438,93.7809066772461,255447
2010-07-16,94.33856964111328,94.75682067871094,91.7268295288086,92.1636734008789,402271
2010-07-19,91.55023956298828,92.40532684326172,90.57432556152344,90.89962768554688,353664
2010-07-20,91.82907104492188,92.01496124267578,90.10030364990234,91.40152740478516,327902
2010-07-21,92.01496124267578,94.29209899902344,92.01496124267578,92.89793395996094,306359
2010-07-22,92.60980224609376,96.47628784179688,92.1357879638672,96.2904052734375,362273
2010-07-23,96.3833465576172,98.38165283203124,95.91862487792967,97.08042907714844,483422
2010-07-26,97.40573120117188,97.91693115234376,96.33687591552734,97.63809967041016,146450
2010-07-27,97.91693115234376,98.2422332763672,95.1750717163086,95.6397933959961,299413
2010-07-28,96.19745635986328,96.66217803955078,94.75682067871094,95.4539031982422,224435
2010-07-29,95.59332275390624,96.755126953125,94.2456283569336,95.12859344482422,319232
2010-07-30,96.52276611328124,96.66217803955078,93.68795776367188,95.40743255615234,338869
2010-08-02,95.82568359375,97.2198486328125,95.50037384033205,97.2198486328125,210164
2010-08-03,97.12689971923828,98.614013671875,96.70864868164062,98.3351821899414,333874
2010-08-04,98.3351821899414,99.31109619140624,97.0339584350586,98.56754302978516,289056
2010-08-05,98.3351821899414,99.68287658691406,97.77751159667967,98.00987243652344,220233
2010-08-06,98.614013671875,99.54345703125,97.3127899169922,97.40573120117188,278493
2010-08-09,99.03226470947266,99.2646255493164,98.47459411621094,99.03226470947266,173021
2010-08-10,98.3351821899414,99.21814727783205,97.35926055908205,98.66048431396484,225200
2010-08-11,98.10282135009766,98.2422332763672,95.6397933959961,95.82568359375,284934
2010-08-12,95.26801300048828,96.3833465576172,93.64148712158205,94.84976196289062,265127
2010-08-13,95.31448364257812,95.77920532226562,93.92031860351562,94.29209899902344,229554
2010-08-16,94.80329132080078,95.08212280273438,93.40912628173828,94.43151092529295,226433
2010-08-17,94.94271087646484,95.73273468017578,94.38504028320312,95.31448364257812,334778
2010-08-18,94.84976196289062,96.42981719970705,93.96678924560548,96.19745635986328,217541
2010-08-19,96.70864868164062,97.63809967041016,94.75682067871094,94.94271087646484,273175
2010-08-20,94.75682067871094,96.01156616210938,93.50206756591795,94.57093048095705,297359
2010-08-23,94.98918151855467,95.91862487792967,94.38504028320312,95.1750717163086,156998
2010-08-24,94.43151092529295,94.89623260498048,93.50206756591795,94.61740112304688,291559
2010-08-25,94.38504028320312,94.38504028320312,91.86624908447266,93.26970672607422,523443
2010-08-26,94.15267944335938,94.33856964111328,93.08381652832033,94.10620880126952,255554
2010-08-27,93.64148712158205,96.15098571777344,93.45559692382812,95.96509552001952,268826
2010-08-30,96.33687591552734,96.33687591552734,94.5244598388672,95.26801300048828,228049
2010-08-31,93.87384796142578,95.50037384033205,93.82737731933594,95.50037384033205,343771
2010-09-01,95.91862487792967,99.45051574707033,94.98918151855467,99.21814727783205,456289
2010-09-02,99.03226470947266,100.98409271240234,98.7999038696289,100.37995910644533,269730
2010-09-03,100.42642974853516,101.7741241455078,100.0081787109375,100.33348083496094,325972
2010-09-06,101.72765350341795,102.09942626953124,101.26292419433594,101.5882339477539,280939
2010-09-07,100.37995910644533,100.6587905883789,98.38165283203124,99.63639831542967,711148
2010-09-08,99.45051574707033,100.98409271240234,98.4281234741211,100.33348083496094,460213
2010-09-09,99.86875915527344,102.1458969116211,99.7293472290039,101.72765350341795,307334
2010-09-10,101.72765350341795,102.7035675048828,101.2164535522461,102.331787109375,233347
2010-09-13,103.0753402709961,106.37487030029295,102.9823989868164,106.04956817626952,728209
2010-09-14,106.2354507446289,106.83959197998048,105.58484649658205,106.60723114013672,425106
2010-09-15,106.83959197998048,108.23375701904295,106.65370178222656,107.58314514160156,326898
2010-09-16,107.62962341308594,108.00139617919922,105.95661926269533,106.56076049804688,367506
2010-09-17,106.88606262207033,108.3267059326172,106.60723114013672,107.67609405517578,442844
2010-09-20,107.76903533935548,109.62792205810548,107.76903533935548,109.16320037841795,348578
2010-09-21,109.11672973632812,110.60384368896484,108.93083953857422,109.86028289794922,261436
2010-09-22,110.32500457763672,110.32500457763672,107.44373321533205,107.72256469726562,346633
2010-09-23,107.3507843017578,107.72256469726562,105.72425842285156,107.21137237548828,310359
2010-09-24,106.83959197998048,109.9067611694336,106.60723114013672,109.62792205810548,335293
2010-09-27,109.62792205810548,110.88267517089844,109.39556121826172,110.09264373779295,378529
2010-09-28,109.48851013183594,110.1855926513672,107.72256469726562,110.13912200927734,327039
2010-09-29,110.51089477539062,111.3009262084961,109.76734161376952,110.97561645507812,371431
2010-09-30,109.9067611694336,111.99800872802734,109.20967864990234,110.3714828491211,424508
2010-10-01,109.67440032958984,111.1150360107422,107.30431365966795,107.95492553710938,498434
2010-10-04,108.23375701904295,108.23375701904295,106.09603881835938,107.44373321533205,373508
2010-10-05,106.88606262207033,108.00139617919922,106.46781158447266,107.86198425292967,391571
2010-10-06,108.14081573486328,108.41964721679688,106.18898010253906,106.4213409423828,423033
2010-10-07,106.88606262207033,107.07195281982422,105.63131713867188,106.4213409423828,359279
2010-10-08,106.4213409423828,106.56076049804688,104.93423461914062,105.16659545898438,326006
2010-10-11,105.4918975830078,106.56076049804688,104.98070526123048,106.14250946044922,391503
2010-10-12,105.7707290649414,106.79312133789062,104.88775634765624,106.7001724243164,324633
2010-10-13,107.3972625732422,111.53328704833984,107.21137237548828,111.53328704833984,454846
2010-10-14,111.06856536865234,111.44033813476562,109.58145141601562,110.09264373779295,309452
2010-10-15,110.04617309570312,110.78972625732422,109.30261993408205,110.78972625732422,252240
2010-10-18,109.02378845214844,109.76734161376952,107.25784301757812,107.72256469726562,458238
2010-10-19,107.49020385742188,107.95492553710938,105.67778778076172,105.7707290649414,409317
2010-10-20,105.4918975830078,106.79312133789062,104.79481506347656,105.4918975830078,396396
2010-10-21,105.25953674316406,107.95492553710938,104.6553955078125,107.67609405517578,432225
2010-10-22,107.30431365966795,108.23375701904295,106.65370178222656,107.95492553710938,212179
2010-10-25,108.04786682128906,109.99970245361328,107.02548217773438,108.9773178100586,328357
2010-10-26,108.60553741455078,109.86028289794922,108.51258850097656,109.34909057617188,296918
2010-10-27,108.51258850097656,111.34739685058594,108.46611785888672,109.39556121826172,383608
2010-10-28,108.88436889648438,111.20797729492188,108.88436889648438,110.1855926513672,280654
2010-10-29,111.62622833251952,111.90505981445312,108.09434509277344,109.48851013183594,616676
2010-11-01,109.76734161376952,110.60384368896484,108.37317657470705,109.02378845214844,345379
2010-11-02,108.60553741455078,109.86028289794922,108.2802276611328,109.20967864990234,298697
2010-11-03,109.76734161376952,110.09264373779295,108.83789825439452,109.30261993408205,265769
2010-11-04,110.74325561523438,111.39386749267578,109.07025909423828,109.4420394897461,401976
2010-11-05,109.72087097167967,109.99970245361328,107.86198425292967,108.55906677246094,296967
2010-11-08,108.65200805664062,109.02378845214844,106.7001724243164,107.02548217773438,290215
2010-11-09,106.88606262207033,108.41964721679688,106.46781158447266,107.3972625732422,299115
2010-11-10,107.11842346191406,108.04786682128906,105.72425842285156,106.28192901611328,257808
2010-11-11,106.2354507446289,106.83959197998048,104.51598358154295,104.6553955078125,378903
2010-11-12,104.09773254394533,107.49020385742188,102.56414794921876,107.25784301757812,638889
2010-11-15,106.88606262207033,108.46611785888672,106.18898010253906,108.18728637695312,201280
2010-11-16,108.09434509277344,108.60553741455078,106.83959197998048,106.88606262207033,286395
2010-11-17,106.88606262207033,107.21137237548828,106.32839965820312,107.11842346191406,164486
2010-11-18,107.90845489501952,109.67440032958984,107.72256469726562,109.67440032958984,308791
2010-11-19,110.04617309570312,110.13912200927734,108.88436889648438,109.99970245361328,220533
2010-11-22,110.69678497314452,111.39386749267578,110.41795349121094,111.25445556640624,396014
2010-11-23,110.65031433105467,111.53328704833984,109.16320037841795,109.16320037841795,381604
2010-11-24,109.16320037841795,111.67269897460938,108.9773178100586,111.57975769042967,419002
2010-11-25,111.34739685058594,116.04108428955078,111.20797729492188,115.80872344970705,739864
2010-11-26,114.8328094482422,115.99461364746094,113.06686401367188,115.99461364746094,457730
2010-11-29,116.08756256103516,117.15641784667967,113.76394653320312,113.76394653320312,420032
2010-11-30,113.71747589111328,114.69339752197266,113.48511505126952,113.76394653320312,320409
2010-12-01,114.0892562866211,115.8552017211914,113.53158569335938,115.3904800415039,239506
2010-12-02,116.64522552490234,118.50411224365234,115.6693115234375,118.50411224365234,420201
2010-12-03,118.13233947753906,119.24767303466795,116.5058135986328,116.97053527832033,375830
2010-12-06,116.8775863647461,117.20289611816406,115.80872344970705,116.6916961669922,232558
2010-12-07,116.8775863647461,118.87589263916016,116.5058135986328,118.4576416015625,298171
2010-12-08,118.31822967529295,118.50411224365234,117.01700592041016,117.94644927978516,256397
2010-12-09,118.96883392333984,119.15472412109376,115.43695068359376,115.99461364746094,440323
2010-12-10,116.64522552490234,119.01531219482422,116.3199234008789,118.7364730834961,356847
2010-12-13,118.7364730834961,119.24767303466795,117.89997863769533,118.03939056396484,271862
2010-12-14,118.03939056396484,118.50411224365234,117.57466888427734,118.22528076171876,201426
2010-12-15,117.89997863769533,118.78295135498048,117.10994720458984,117.10994720458984,236624
2010-12-16,116.73817443847656,117.6211395263672,116.08756256103516,116.4128646850586,222120
2010-12-17,117.10994720458984,117.29583740234376,115.15811920166016,115.20458984375,492092
2010-12-20,115.25106048583984,115.71578216552734,114.0892562866211,114.64691925048828,298537
2010-12-21,114.4610366821289,115.6693115234375,114.4610366821289,114.60044860839844,198838
2010-12-22,114.7398681640625,115.25106048583984,113.29922485351562,113.71747589111328,279319
2010-12-23,113.9033660888672,114.0892562866211,112.32331085205078,113.02039337158205,180802
2010-12-27,111.99800872802734,113.11334228515624,110.51089477539062,111.25445556640624,159031
2010-12-28,111.25445556640624,112.2303695678711,110.74325561523438,111.3009262084961,82110
2010-12-29,111.3009262084961,112.46273040771484,111.3009262084961,112.13742065429688,108800
2010-12-30,112.36978149414062,112.78803253173828,110.97561645507812,111.44033813476562,93469
2011-01-03,111.53328704833984,113.20628356933594,111.20797729492188,112.6950912475586,222887
2011-01-04,113.39217376708984,113.43864440917967,110.97561645507812,111.1150360107422,273489
2011-01-05,111.06856536865234,111.25445556640624,109.4420394897461,110.32500457763672,354027
2011-01-06,110.32500457763672,111.48681640625,109.2561492919922,109.58145141601562,302006
2011-01-07,109.58145141601562,110.32500457763672,107.90845489501952,108.04786682128906,323003
2011-01-10,107.72256469726562,107.72256469726562,106.37487030029295,106.88606262207033,355141
2011-01-11,107.21137237548828,111.1150360107422,106.37487030029295,110.97561645507812,508599
2011-01-12,111.0220947265625,114.13572692871094,110.55736541748048,111.44033813476562,561960
2011-01-13,111.44033813476562,111.99800872802734,110.23206329345705,110.74325561523438,389287
2011-01-14,110.60384368896484,112.09095001220705,110.13912200927734,110.3714828491211,346347
2011-01-17,110.46442413330078,111.16150665283205,107.30431365966795,109.07025909423828,331989
2011-01-18,109.2561492919922,110.65031433105467,108.79142761230467,109.67440032958984,328636
2011-01-19,109.16320037841795,109.67440032958984,106.51428985595705,107.3507843017578,610308
2011-01-20,107.16490173339844,107.3507843017578,104.28362274169922,105.95661926269533,483767
2011-01-21,106.18898010253906,107.30431365966795,104.93423461914062,106.32839965820312,344785
2011-01-24,106.37487030029295,107.02548217773438,105.25953674316406,105.3060073852539,394462
2011-01-25,105.81720733642578,107.3507843017578,105.16659545898438,106.46781158447266,248617
2011-01-26,106.88606262207033,109.2561492919922,106.37487030029295,109.20967864990234,350156
2011-01-27,109.20967864990234,109.86028289794922,106.83959197998048,106.83959197998048,500245
2011-01-28,106.97901153564452,107.3972625732422,105.35248565673828,105.4918975830078,304424
2011-01-31,105.44542694091795,108.74494934082033,104.5624542236328,108.51258850097656,602568
2011-02-01,109.16320037841795,109.39556121826172,107.11842346191406,108.46611785888672,618447
2011-02-02,108.65200805664062,109.02378845214844,106.79312133789062,108.00139617919922,323090
2011-02-03,108.18728637695312,108.18728637695312,105.95661926269533,107.90845489501952,282079
2011-02-04,108.2802276611328,108.2802276611328,105.44542694091795,105.91014862060548,496260
2011-02-07,106.2354507446289,107.16490173339844,106.00308990478516,106.74665069580078,282034
2011-02-08,107.07195281982422,108.60553741455078,106.97901153564452,108.18728637695312,419244
2011-02-09,108.23375701904295,109.67440032958984,108.18728637695312,108.55906677246094,381857
2011-02-10,108.55906677246094,109.9067611694336,108.09434509277344,109.9067611694336,332156
2011-02-11,109.67440032958984,110.13912200927734,107.58314514160156,109.39556121826172,365131
2011-02-14,109.16320037841795,109.58145141601562,108.41964721679688,108.88436889648438,233229
2011-02-15,109.07025909423828,109.4420394897461,107.25784301757812,107.62962341308594,270746
2011-02-16,107.86198425292967,107.90845489501952,104.8412857055664,105.39895629882812,654002
2011-02-17,107.62962341308594,108.65200805664062,106.93253326416016,107.67609405517578,517187
2011-02-18,108.65200805664062,108.65200805664062,106.4213409423828,107.44373321533205,354118
2011-02-21,107.16490173339844,107.76903533935548,105.81720733642578,106.00308990478516,233674
2011-02-22,105.72425842285156,106.2354507446289,104.42303466796876,105.95661926269533,234980
2011-02-23,105.7707290649414,105.7707290649414,103.81890106201172,103.81890106201172,358795
2011-02-24,103.16828918457033,103.6330108642578,102.0529556274414,102.7035675048828,286771
2011-02-25,103.16828918457033,103.6330108642578,102.23884582519533,103.21475982666016,319162
2011-02-28,102.93592834472656,103.4471206665039,102.23884582519533,102.23884582519533,418624
2011-03-01,102.28531646728516,105.44542694091795,102.28531646728516,103.12181854248048,640082
2011-03-02,102.9823989868164,103.40065002441406,102.28531646728516,102.42473602294922,335383
2011-03-03,102.65709686279295,103.58654022216795,102.09942626953124,102.23884582519533,345934
2011-03-04,102.37825775146484,103.95831298828124,101.8670654296875,102.37825775146484,305597
2011-03-07,102.19237518310548,103.95831298828124,101.72765350341795,102.75003814697266,388533
2011-03-08,103.26123046875,103.26123046875,100.56584167480467,101.6811752319336,482633
2011-03-09,101.54176330566406,103.02886962890624,101.07704162597656,101.26292419433594,274794
2011-03-10,100.9376220703125,101.35587310791016,100.14759826660156,100.8446807861328,526226
2011-03-11,99.8222885131836,101.16998291015624,99.77581787109376,100.8446807861328,501324
2011-03-14,99.8222885131836,100.42642974853516,98.19576263427734,98.3351821899414,515674
2011-03-15,95.73273468017578,96.61570739746094,91.36434936523438,93.13029479980467,1788699
2011-03-16,93.54854583740234,94.80329132080078,92.33097076416016,92.6655731201172,1049332
2011-03-17,92.94440460205078,93.92031860351562,92.47968292236328,92.94440460205078,939356
2011-03-18,93.22323608398438,94.75682067871094,93.13029479980467,94.38504028320312,833786
2011-03-21,95.59332275390624,96.47628784179688,95.22154235839844,96.19745635986328,435585
2011-03-22,96.01156616210938,96.42981719970705,95.22154235839844,95.82568359375,527762
2011-03-23,95.1750717163086,97.91693115234376,94.80329132080078,97.6845703125,685905
2011-03-24,97.4986801147461,98.66048431396484,97.17337036132812,98.38165283203124,333388
2011-03-25,98.66048431396484,100.0081787109375,98.10282135009766,99.45051574707033,440348
2011-03-28,99.45051574707033,100.7517318725586,98.93931579589844,100.37995910644533,396950
2011-03-29,100.70526123046876,100.70526123046876,99.1716766357422,100.2870101928711,379256
2011-03-30,100.98409271240234,101.96001434326172,100.42642974853516,101.26292419433594,317750
2011-03-31,101.0305633544922,101.44881439208984,99.96170806884766,100.51937103271484,318705
2011-04-01,101.30940246582033,102.5176773071289,100.56584167480467,102.28531646728516,393988
2011-04-04,102.23884582519533,102.7965087890625,101.6811752319336,102.56414794921876,250859
2011-04-05,102.6106185913086,103.30770874023438,102.23884582519533,102.84297943115234,290616
2011-04-06,103.35417938232422,104.98070526123048,102.88945770263672,104.28362274169922,424179
2011-04-07,104.28362274169922,104.74834442138672,102.9823989868164,103.4471206665039,276717
2011-04-08,104.60892486572266,105.35248565673828,104.28362274169922,105.35248565673828,529439
2011-04-11,104.60892486572266,105.53836822509766,104.3765640258789,104.5624542236328,178620
2011-04-12,104.14420318603516,105.4918975830078,104.09773254394533,104.74834442138672,591200
2011-04-13,105.25953674316406,106.04956817626952,104.70187377929688,105.63131713867188,286440
2011-04-14,105.1201171875,106.60723114013672,104.98070526123048,106.32839965820312,314259
2011-04-15,106.46781158447266,107.02548217773438,105.63131713867188,106.79312133789062,280673
2011-04-18,107.07195281982422,107.25784301757812,105.07364654541016,105.3060073852539,367543
2011-04-19,105.4918975830078,107.49020385742188,105.4918975830078,106.79312133789062,319081
2011-04-20,107.30431365966795,108.23375701904295,107.21137237548828,107.90845489501952,334938
2011-04-21,108.3267059326172,109.81381225585938,107.72256469726562,109.53498077392578,306066
2011-04-26,109.81381225585938,110.46442413330078,109.20967864990234,109.81381225585938,337728
2011-04-27,109.81381225585938,110.92914581298828,109.48851013183594,110.09264373779295,221890
2011-04-28,111.53328704833984,112.55567169189452,110.55736541748048,112.27684020996094,534863
2011-04-29,112.0444793701172,112.60214233398438,110.69678497314452,112.2303695678711,270314
2011-05-02,113.345703125,113.9033660888672,112.09095001220705,112.09095001220705,202388
2011-05-03,111.85858917236328,113.20628356933594,110.65031433105467,113.02039337158205,364441
2011-05-04,112.78803253173828,114.0892562866211,111.7656478881836,111.90505981445312,500520
2011-05-05,112.416259765625,112.92745208740234,109.76734161376952,111.1150360107422,473551
2011-05-06,111.25445556640624,113.06686401367188,110.65031433105467,112.78803253173828,380546
2011-05-09,112.60214233398438,112.83450317382812,111.1150360107422,112.32331085205078,308022
2011-05-10,112.50920104980467,113.71747589111328,112.416259765625,112.8809814453125,288276
2011-05-11,113.53158569335938,115.4834213256836,113.20628356933594,114.7398681640625,502302
2011-05-12,113.94983673095705,114.50750732421876,112.46273040771484,113.345703125,318790
2011-05-13,113.99630737304688,114.4610366821289,112.83450317382812,113.25275421142578,279530
2011-05-16,112.64862060546876,113.76394653320312,111.62622833251952,113.76394653320312,387376
2011-05-17,113.43864440917967,113.43864440917967,111.16150665283205,111.3009262084961,449197
2011-05-18,111.7656478881836,112.74156188964844,111.67269897460938,112.60214233398438,198765
2011-05-19,112.92745208740234,113.20628356933594,111.20797729492188,112.9739227294922,549244
2011-05-20,113.39217376708984,113.99630737304688,112.55567169189452,113.25275421142578,384550
2011-05-23,108.46611785888672,108.88436889648438,106.97901153564452,106.97901153564452,499100
2011-05-24,107.07195281982422,109.67440032958984,106.56076049804688,109.39556121826172,513017
2011-05-25,108.74494934082033,110.97561645507812,108.2802276611328,110.8362045288086,365268
2011-05-26,110.92914581298828,111.34739685058594,109.67440032958984,109.95323181152344,245080
2011-05-27,110.04617309570312,110.51089477539062,109.72087097167967,110.13912200927734,392921
2011-05-30,109.72087097167967,110.04617309570312,108.74494934082033,109.20967864990234,226286
2011-05-31,109.81381225585938,112.60214233398438,109.34909057617188,112.416259765625,500154
2011-06-01,112.74156188964844,113.25275421142578,111.90505981445312,112.0444793701172,254796
2011-06-02,110.97561645507812,111.53328704833984,109.67440032958984,109.81381225585938,252698
2011-06-03,109.81381225585938,110.1855926513672,108.3267059326172,109.48851013183594,324199
2011-06-06,109.2561492919922,109.76734161376952,108.69847869873048,109.11672973632812,153038
2011-06-07,108.60553741455078,109.4420394897461,108.04786682128906,108.83789825439452,243108
2011-06-08,108.2802276611328,108.51258850097656,106.83959197998048,107.02548217773438,348348
2011-06-09,106.93253326416016,108.46611785888672,106.18898010253906,107.81550598144533,408850
2011-06-10,107.86198425292967,108.18728637695312,105.86367797851562,106.37487030029295,312098
2011-06-13,106.60723114013672,106.97901153564452,105.81720733642578,106.65370178222656,155229
2011-06-14,107.07195281982422,109.72087097167967,107.07195281982422,108.88436889648438,435219
2011-06-15,108.79142761230467,108.88436889648438,106.60723114013672,107.11842346191406,421538
2011-06-16,106.28192901611328,106.4213409423828,105.02717590332033,106.28192901611328,553601
2011-06-17,106.2354507446289,107.3507843017578,105.3060073852539,106.93253326416016,542246
2011-06-20,105.02717590332033,106.88606262207033,104.93423461914062,106.74665069580078,210408
2011-06-21,106.88606262207033,108.55906677246094,106.88606262207033,108.23375701904295,273602
2011-06-22,108.18728637695312,109.4420394897461,107.76903533935548,109.20967864990234,269444
2011-06-23,108.60553741455078,109.20967864990234,106.88606262207033,107.62962341308594,399124
2011-06-24,108.79142761230467,109.9067611694336,107.76903533935548,108.09434509277344,299108
2011-06-27,108.00139617919922,109.20967864990234,107.72256469726562,108.3267059326172,154794
2011-06-28,108.79142761230467,110.32500457763672,108.3267059326172,110.09264373779295,374730
2011-06-29,111.57975769042967,113.57806396484376,111.57975769042967,113.48511505126952,789137
2011-06-30,114.04278564453124,114.50750732421876,113.20628356933594,114.13572692871094,407370
2011-07-01,114.04278564453124,114.87928009033205,113.85689544677734,114.32161712646484,231056
2011-07-04,114.50750732421876,115.71578216552734,114.36808776855467,115.20458984375,213230
2011-07-05,115.80872344970705,117.10994720458984,115.3904800415039,116.3199234008789,441530
2011-07-06,116.64522552490234,116.64522552490234,115.06517028808594,115.57636260986328,229213
2011-07-07,116.134033203125,117.38877868652344,115.52989196777344,116.8775863647461,275572
2011-07-08,118.2717514038086,119.89827728271484,116.64522552490234,117.6211395263672,611255
2011-07-11,116.83111572265624,117.66761779785156,114.22866821289062,114.97222900390624,493181
2011-07-12,113.48511505126952,115.25106048583984,111.53328704833984,114.9257583618164,482565
2011-07-13,114.13572692871094,117.57466888427734,113.85689544677734,117.20289611816406,414836
2011-07-14,116.5987548828125,117.5281982421875,116.134033203125,116.3199234008789,264333
2011-07-15,116.18050384521484,118.2717514038086,115.52989196777344,117.2493667602539,449573
2011-07-18,116.4128646850586,117.4352569580078,116.08756256103516,117.29583740234376,420756
2011-07-19,118.69000244140624,119.80533599853516,117.01700592041016,118.50411224365234,443164
2011-07-20,118.7364730834961,120.73477935791016,118.50411224365234,119.75886535644533,343041
2011-07-21,120.0376968383789,120.64183807373048,117.7140884399414,120.27005767822266,416583
2011-07-22,120.78125,121.61775207519533,119.89827728271484,120.54888916015624,316791
2011-07-25,119.43355560302734,121.38539123535156,119.43355560302734,121.19950103759766,281427
2011-07-26,121.38539123535156,121.52481079101562,118.7364730834961,119.99122619628906,309824
2011-07-27,119.75886535644533,122.0824737548828,118.78295135498048,121.10655975341795,405804
2011-07-28,121.01361083984376,121.8965835571289,118.82942199707033,120.68830871582033,448278
2011-07-29,120.36300659179688,121.94305419921876,117.76055908203124,119.89827728271484,539161
2011-08-01,121.66422271728516,122.87250518798828,118.6435317993164,119.43355560302734,547849
2011-08-02,118.82942199707033,119.43355560302734,115.99461364746094,116.55228424072266,855143
2011-08-03,115.29753112792967,117.10994720458984,113.67100524902344,115.20458984375,547027
2011-08-04,116.7846450805664,117.15641784667967,107.44373321533205,108.3267059326172,1171810
2011-08-05,105.1201171875,109.72087097167967,103.6330108642578,106.79312133789062,896709
2011-08-08,105.72425842285156,106.7001724243164,100.1940689086914,100.61231994628906,874239
2011-08-09,100.33348083496094,103.21475982666016,95.77920532226562,102.7035675048828,775856
2011-08-10,104.93423461914062,106.32839965820312,99.1716766357422,99.68287658691406,668106
2011-08-11,102.37825775146484,102.88945770263672,96.19745635986328,101.26292419433594,890770
2011-08-12,101.35587310791016,105.4918975830078,98.52106475830078,105.35248565673828,469370
2011-08-15,106.09603881835938,106.4213409423828,103.7259521484375,104.190673828125,186100
2011-08-16,103.58654022216795,103.81890106201172,100.8446807861328,102.56414794921876,331302
2011-08-17,102.19237518310548,103.95831298828124,101.1235122680664,103.16828918457033,240167
2011-08-18,102.19237518310548,102.65709686279295,98.10282135009766,98.84637451171876,664792
2011-08-19,97.9634017944336,99.21814727783205,94.19915008544922,97.59162139892578,626293
2011-08-22,96.2904052734375,98.84637451171876,95.82568359375,97.17337036132812,409990
2011-08-23,98.3351821899414,99.49698638916016,96.47628784179688,97.82398223876952,437631
2011-08-24,98.98578643798828,101.49529266357422,97.40573120117188,100.7517318725586,594367
2011-08-25,101.49529266357422,102.88945770263672,99.86875915527344,101.2164535522461,497655
2011-08-26,100.7517318725586,101.0305633544922,98.10282135009766,100.37995910644533,377683
2011-08-29,102.5176773071289,103.30770874023438,101.91353607177734,103.30770874023438,223932
2011-08-30,103.49359130859376,104.3765640258789,101.54176330566406,104.3765640258789,296310
2011-08-31,105.21306610107422,107.81550598144533,104.42303466796876,107.81550598144533,520595
2011-09-01,108.04786682128906,108.04786682128906,105.3060073852539,106.56076049804688,364170
2011-09-02,106.51428985595705,106.83959197998048,103.40065002441406,103.40065002441406,321223
2011-09-05,102.93592834472656,102.9823989868164,99.54345703125,99.54345703125,440096
2011-09-06,100.14759826660156,101.16998291015624,98.19576263427734,101.16998291015624,518385
2011-09-07,101.2164535522461,102.42473602294922,98.4281234741211,100.8446807861328,787619
2011-09-08,101.1235122680664,102.65709686279295,100.14759826660156,101.8670654296875,293382
2011-09-09,101.49529266357422,101.91353607177734,98.28870391845705,98.28870391845705,709365
2011-09-12,96.5692367553711,96.84806823730467,94.5244598388672,96.05804443359376,800429
2011-09-13,97.91693115234376,97.91693115234376,93.82737731933594,93.82737731933594,669872
2011-09-14,93.7809066772461,99.54345703125,93.7809066772461,99.54345703125,616478
2011-09-15,100.1940689086914,104.5624542236328,100.1011199951172,103.54006958007812,697182
2011-09-16,104.93423461914062,106.56076049804688,103.21475982666016,105.3060073852539,629772
2011-09-19,103.7259521484375,104.5624542236328,101.54176330566406,102.7965087890625,359829
2011-09-20,102.0529556274414,105.81720733642578,101.6811752319336,105.81720733642578,405338
2011-09-21,105.58484649658205,106.60723114013672,104.88775634765624,105.4918975830078,429862
2011-09-22,102.7035675048828,102.7035675048828,98.3351821899414,98.75342559814452,890570
2011-09-23,100.14759826660156,100.1940689086914,95.96509552001952,98.28870391845705,459441
2011-09-26,96.70864868164062,100.89115142822266,95.96509552001952,97.77751159667967,281855
2011-09-27,99.7293472290039,102.19237518310548,98.56754302978516,101.72765350341795,422086
2011-09-28,100.61231994628906,102.1458969116211,99.7293472290039,100.1940689086914,228994
2011-09-29,99.9152374267578,100.1940689086914,94.98918151855467,96.47628784179688,744266
2011-09-30,94.84976196289062,95.26801300048828,89.19874572753906,90.54644012451172,1234062
2011-10-03,88.63178253173828,89.45899200439453,87.49786376953125,89.21733093261719,1071722
2011-10-04,88.35295104980469,88.35295104980469,84.11468505859375,86.7914810180664,947060
2011-10-05,88.34365844726562,91.31787872314452,87.11679077148438,91.31787872314452,888674
2011-10-06,91.78260040283205,92.63768768310548,90.8624496459961,92.24732208251952,750699
2011-10-07,92.01496124267578,93.54854583740234,91.55953216552734,92.93511199951172,467392
2011-10-10,93.7809066772461,97.35926055908205,93.31617736816406,96.66217803955078,393563
2011-10-11,96.61570739746094,97.3127899169922,95.08212280273438,96.61570739746094,233872
2011-10-12,96.2904052734375,99.2646255493164,95.73273468017578,98.70695495605467,314540
2011-10-13,98.28870391845705,100.05464935302734,97.6845703125,98.52106475830078,301838
2011-10-14,99.0787353515625,99.54345703125,98.05634307861328,98.28870391845705,274449
2011-10-17,98.75342559814452,100.0081787109375,97.9634017944336,99.12520599365234,296085
2011-10-18,98.47459411621094,98.66048431396484,95.73273468017578,98.05634307861328,487608
2011-10-19,98.614013671875,98.7999038696289,94.98918151855467,95.54684448242188,463992
2011-10-20,94.84976196289062,95.6397933959961,93.68795776367188,94.57093048095705,302560
2011-10-21,95.26801300048828,96.98748779296876,94.7103500366211,96.61570739746094,261247
2011-10-24,97.17337036132812,99.9152374267578,96.755126953125,99.3575668334961,405741
2011-10-25,99.31109619140624,103.40065002441406,98.614013671875,103.16828918457033,767561
2011-10-26,102.84297943115234,104.8412857055664,102.37825775146484,102.7035675048828,286352
2011-10-27,108.14081573486328,109.53498077392578,107.62962341308594,108.2802276611328,639079
2011-10-28,108.65200805664062,109.48851013183594,106.2354507446289,107.07195281982422,345831
2011-10-31,106.14250946044922,106.7001724243164,103.9118423461914,104.93423461914062,330519
2011-11-01,102.88945770263672,103.16828918457033,98.4281234741211,100.05464935302734,674423
2011-11-02,100.9376220703125,102.23884582519533,100.1011199951172,101.96001434326172,306885
2011-11-03,99.96170806884766,104.46951293945312,99.31109619140624,102.75003814697266,314451
2011-11-04,103.4471206665039,103.4471206665039,100.05464935302734,100.8446807861328,255358
2011-11-07,100.6587905883789,101.8670654296875,98.8928451538086,101.72765350341795,311797
2011-11-08,102.1458969116211,106.4213409423828,101.5882339477539,104.14420318603516,587079
2011-11-09,105.02717590332033,105.91014862060548,101.07704162597656,102.56414794921876,462133
2011-11-10,100.79820251464844,103.4471206665039,99.68287658691406,100.79820251464844,350926
2011-11-11,100.98409271240234,103.67948150634766,100.7517318725586,103.49359130859376,251553
2011-11-14,104.05126190185548,104.190673828125,101.82059478759766,104.190673828125,346012
2011-11-15,102.93592834472656,104.46951293945312,102.00648498535156,102.47120666503906,361072
2011-11-16,102.37825775146484,103.35417938232422,100.9376220703125,102.6106185913086,253173
2011-11-17,102.23884582519533,102.47120666503906,100.14759826660156,100.56584167480467,336228
2011-11-18,99.9152374267578,100.61231994628906,99.2646255493164,99.9152374267578,294785
2011-11-21,99.54345703125,99.54345703125,96.61570739746094,97.0339584350586,362980
2011-11-22,97.6845703125,98.56754302978516,96.52276611328124,96.98748779296876,212542
2011-11-23,95.91862487792967,97.3127899169922,94.94271087646484,94.94271087646484,307219
2011-11-24,95.26801300048828,97.12689971923828,94.10620880126952,94.19915008544922,310627
2011-11-25,94.19915008544922,94.89623260498048,92.99087524414062,94.15267944335938,316886
2011-11-28,95.26801300048828,98.28870391845705,94.98918151855467,98.00987243652344,381736
2011-11-29,97.6845703125,99.54345703125,96.61570739746094,97.45220947265624,331086
2011-11-30,97.4986801147461,103.35417938232422,96.52276611328124,103.35417938232422,712799
2011-12-01,103.35417938232422,105.25953674316406,102.28531646728516,103.7259521484375,389058
2011-12-02,104.98070526123048,105.58484649658205,103.12181854248048,103.58654022216795,204010
2011-12-05,104.8412857055664,104.8412857055664,103.54006958007812,103.95831298828124,203318
2011-12-06,103.26123046875,104.74834442138672,102.88945770263672,104.05126190185548,248128
2011-12-07,105.02717590332033,107.3507843017578,104.8412857055664,105.58484649658205,490424
2011-12-08,106.56076049804688,107.21137237548828,102.75003814697266,102.75003814697266,305990
2011-12-09,102.1458969116211,104.88775634765624,101.82059478759766,104.6553955078125,253237
2011-12-12,103.95831298828124,105.35248565673828,102.9823989868164,103.12181854248048,256268
2011-12-13,103.26123046875,103.6330108642578,100.1011199951172,101.16998291015624,482352
2011-12-14,100.61231994628906,101.35587310791016,97.73104095458984,97.9634017944336,336700
2011-12-15,100.1011199951172,100.1011199951172,97.77751159667967,99.58992767333984,378962
2011-12-16,99.63639831542967,100.1011199951172,98.28870391845705,98.52106475830078,327098
2011-12-19,97.63809967041016,99.49698638916016,97.2198486328125,98.52106475830078,182350
2011-12-20,98.7999038696289,101.2164535522461,98.00987243652344,100.98409271240234,239931
2011-12-21,101.49529266357422,103.02886962890624,100.1011199951172,100.51937103271484,267094
2011-12-22,101.35587310791016,102.65709686279295,101.1235122680664,101.96001434326172,180063
2011-12-23,102.84297943115234,103.6330108642578,102.0529556274414,103.35417938232422,99560
2011-12-27,103.9118423461914,104.51598358154295,102.28531646728516,102.42473602294922,78430
2011-12-28,102.28531646728516,103.6330108642578,101.0305633544922,101.30940246582033,235851
2011-12-29,101.82059478759766,102.09942626953124,100.6587905883789,102.09942626953124,105342
2011-12-30,103.02886962890624,103.81890106201172,101.72765350341795,102.84297943115234,124626
2012-01-02,102.88945770263672,104.88775634765624,102.88945770263672,104.33009338378906,173159
2012-01-03,105.39895629882812,106.46781158447266,104.70187377929688,105.95661926269533,248302
2012-01-04,105.81720733642578,106.46781158447266,104.70187377929688,105.44542694091795,231605
2012-01-05,106.88606262207033,106.93253326416016,105.86367797851562,106.18898010253906,686926
2012-01-06,106.4213409423828,107.02548217773438,104.93423461914062,105.67778778076172,172655
2012-01-09,105.67778778076172,106.56076049804688,105.02717590332033,106.46781158447266,201835
2012-01-10,107.81550598144533,110.04617309570312,107.44373321533205,109.67440032958984,388305
2012-01-11,109.67440032958984,109.67440032958984,107.67609405517578,108.65200805664062,297153
2012-01-12,109.11672973632812,109.34909057617188,107.81550598144533,108.00139617919922,363809
2012-01-13,108.65200805664062,109.53498077392578,106.93253326416016,107.81550598144533,234996
2012-01-16,106.88606262207033,109.2561492919922,106.83959197998048,108.69847869873048,252158
2012-01-17,109.20967864990234,109.34909057617188,106.60723114013672,107.86198425292967,428491
2012-01-18,107.90845489501952,109.16320037841795,106.88606262207033,109.11672973632812,234564
2012-01-19,109.62792205810548,110.13912200927734,109.20967864990234,109.95323181152344,210912
2012-01-20,110.1855926513672,111.9515380859375,109.58145141601562,111.53328704833984,350779
2012-01-23,111.7656478881836,112.13742065429688,110.65031433105467,111.34739685058594,186628
2012-01-24,110.97561645507812,111.34739685058594,110.13912200927734,111.3009262084961,196493
2012-01-25,111.71917724609376,112.27684020996094,109.86028289794922,109.86028289794922,277139
2012-01-26,110.65031433105467,113.67100524902344,110.3714828491211,113.6245346069336,339266
2012-01-27,113.02039337158205,114.41455841064452,111.71917724609376,111.71917724609376,282443
2012-01-30,111.06856536865234,111.90505981445312,110.3714828491211,110.78972625732422,242351
2012-01-31,111.34739685058594,112.13742065429688,110.46442413330078,111.81211853027344,254987
2012-02-01,112.0444793701172,114.9257583618164,111.9515380859375,114.8328094482422,273528
2012-02-02,115.43695068359376,115.71578216552734,114.60044860839844,114.7398681640625,197609
2012-02-03,114.7398681640625,117.0634765625,114.22866821289062,117.0634765625,241391
2012-02-06,116.6916961669922,117.66761779785156,116.134033203125,117.6211395263672,227844
2012-02-07,117.7140884399414,117.76055908203124,115.11164093017578,116.22697448730467,238373
2012-02-08,116.5058135986328,117.48172760009766,116.22697448730467,116.27345275878906,200137
2012-02-09,116.5987548828125,117.3423080444336,115.15811920166016,115.43695068359376,204488
2012-02-10,114.78633880615234,116.3199234008789,114.69339752197266,115.4834213256836,164228
2012-02-13,116.22697448730467,116.5058135986328,114.9257583618164,115.4834213256836,142833
2012-02-14,115.25106048583984,115.80872344970705,114.50750732421876,114.60044860839844,162676
2012-02-15,114.87928009033205,116.45933532714844,114.60044860839844,115.6693115234375,262980
2012-02-16,113.29922485351562,113.29922485351562,110.65031433105467,111.90505981445312,746068
2012-02-17,113.02039337158205,113.29922485351562,111.34739685058594,111.9515380859375,412558
2012-02-20,112.46273040771484,113.9033660888672,112.27684020996094,113.9033660888672,243514
2012-02-21,113.99630737304688,114.4610366821289,113.25275421142578,114.04278564453124,313193
2012-02-22,113.8104248046875,114.36808776855467,112.83450317382812,113.29922485351562,174959
2012-02-23,113.67100524902344,116.36639404296876,113.39217376708984,116.04108428955078,360002
2012-02-24,117.2493667602539,119.43355560302734,116.5987548828125,118.78295135498048,638862
2012-02-27,118.03939056396484,118.3647003173828,116.22697448730467,117.20289611816406,246081
2012-02-28,117.48172760009766,118.03939056396484,116.64522552490234,117.94644927978516,169702
2012-02-29,118.08586120605467,119.24767303466795,117.4352569580078,118.59706115722656,242931
2012-03-01,118.7364730834961,120.0376968383789,118.03939056396484,119.52650451660156,265966
2012-03-02,119.71239471435548,119.71239471435548,118.78295135498048,119.15472412109376,164492
2012-03-05,119.15472412109376,119.52650451660156,118.08586120605467,118.55059051513672,182177
2012-03-06,117.94644927978516,118.1788101196289,115.29753112792967,115.29753112792967,280757
2012-03-07,115.29753112792967,117.94644927978516,115.29753112792967,117.76055908203124,274182
2012-03-08,118.31822967529295,120.59536743164062,118.2717514038086,120.59536743164062,382456
2012-03-09,120.73477935791016,120.82772827148438,119.89827728271484,120.64183807373048,246574
2012-03-12,120.0376968383789,122.91897583007812,119.99122619628906,122.91897583007812,373870
2012-03-13,123.2907485961914,125.61436462402344,123.0119171142578,125.24258422851562,546383
2012-03-14,126.35791778564452,126.40438842773438,124.9172821044922,125.19611358642578,406385
2012-03-15,125.56788635253906,126.82263946533205,125.28905487060548,126.40438842773438,312140
2012-03-16,126.59027862548828,127.24089050292967,126.07908630371094,126.31144714355467,441718
2012-03-19,125.93966674804688,126.0326156616211,124.45256042480467,124.49903106689452,329651
2012-03-20,124.45256042480467,124.45256042480467,122.17542266845705,123.05838775634766,388387
2012-03-21,123.80194854736328,125.01022338867188,123.38369750976562,125.01022338867188,312309
2012-03-22,124.96375274658205,124.96375274658205,122.31483459472656,122.64014434814452,358257
2012-03-23,122.54719543457033,123.19780731201172,121.29244995117188,122.22189331054688,256901
2012-03-26,122.54719543457033,124.22019958496094,121.66422271728516,123.9413604736328,195984
2012-03-27,124.82433319091795,125.70730590820312,123.61605834960938,123.70899963378906,253271
2012-03-28,123.52310943603516,124.35961151123048,121.29244995117188,121.29244995117188,497911
2012-03-29,120.54888916015624,120.78125,118.08586120605467,118.50411224365234,462080
2012-03-30,119.06178283691406,120.68830871582033,118.6435317993164,119.89827728271484,344660
2012-04-02,120.40947723388672,122.22189331054688,119.43355560302734,122.22189331054688,328039
2012-04-03,122.17542266845705,122.40778350830078,121.19950103759766,121.19950103759766,263813
2012-04-04,120.82772827148438,120.92066955566406,117.3423080444336,117.7140884399414,460771
2012-04-05,117.992919921875,118.7364730834961,116.64522552490234,118.4576416015625,317235
2012-04-10,116.64522552490234,117.3423080444336,115.8552017211914,115.99461364746094,389768
2012-04-11,115.71578216552734,117.89997863769533,115.25106048583984,117.8070297241211,401940
2012-04-12,116.55228424072266,117.15641784667967,114.36808776855467,116.6916961669922,742962
2012-04-13,116.55228424072266,116.83111572265624,113.25275421142578,113.48511505126952,538155
2012-04-16,113.29922485351562,115.71578216552734,112.6950912475586,113.53158569335938,518979
2012-04-17,113.39217376708984,118.4576416015625,111.71917724609376,118.3647003173828,907090
2012-04-18,117.57466888427734,117.992919921875,113.76394653320312,113.8104248046875,792168
2012-04-19,114.22866821289062,115.52989196777344,111.3009262084961,111.57975769042967,799716
2012-04-20,111.57975769042967,111.57975769042967,109.02378845214844,109.30261993408205,843077
2012-04-23,108.51258850097656,108.74494934082033,106.74665069580078,107.44373321533205,452178
2012-04-24,106.65370178222656,108.04786682128906,106.00308990478516,107.86198425292967,947577
2012-04-25,107.72256469726562,111.57975769042967,106.93253326416016,111.25445556640624,835256
2012-04-26,116.18050384521484,117.10994720458984,115.25106048583984,116.64522552490234,1165824
2012-04-27,115.71578216552734,118.2717514038086,114.5539779663086,118.2717514038086,589236
2012-04-30,119.06178283691406,119.48003387451172,116.83111572265624,117.4352569580078,361157
2012-05-02,116.73817443847656,117.3423080444336,115.29753112792967,116.45933532714844,478511
2012-05-03,117.01700592041016,117.992919921875,115.62284088134766,116.45933532714844,1402881
2012-05-04,116.36639404296876,117.76055908203124,113.39217376708984,113.71747589111328,488036
2012-05-07,112.18389892578124,115.52989196777344,111.85858917236328,115.06517028808594,201340
2012-05-08,114.5539779663086,114.78633880615234,112.50920104980467,113.1598129272461,464366
2012-05-09,114.04278564453124,114.9257583618164,112.416259765625,113.67100524902344,380088
2012-05-10,115.11164093017578,115.11164093017578,111.62622833251952,112.416259765625,353424
2012-05-11,112.60214233398438,114.64691925048828,111.99800872802734,114.32161712646484,307046
2012-05-14,113.57806396484376,113.8104248046875,111.71917724609376,112.64862060546876,387204
2012-05-15,113.43864440917967,114.5539779663086,112.18389892578124,112.8809814453125,266944
2012-05-16,113.1598129272461,113.9033660888672,111.85858917236328,112.64862060546876,399497
2012-05-17,112.74156188964844,113.67100524902344,112.27684020996094,113.1598129272461,275030
2012-05-18,111.9515380859375,112.36978149414062,110.04617309570312,110.65031433105467,615332
2012-05-21,110.65031433105467,111.90505981445312,109.81381225585938,110.97561645507812,297439
2012-05-22,112.416259765625,113.11334228515624,111.53328704833984,112.9739227294922,302632
2012-05-23,111.85858917236328,112.0444793701172,109.76734161376952,109.86028289794922,289507
2012-05-24,110.74325561523438,111.62622833251952,108.88436889648438,109.62792205810548,410782
2012-05-25,109.86028289794922,110.46442413330078,109.02378845214844,109.99970245361328,233733
2012-05-28,110.46442413330078,111.34739685058594,109.34909057617188,109.95323181152344,137202
2012-05-29,110.51089477539062,111.53328704833984,109.20967864990234,110.92914581298828,316836
2012-05-30,110.3714828491211,110.60384368896484,107.95492553710938,108.41964721679688,348773
2012-05-31,108.46611785888672,108.93083953857422,106.00308990478516,106.88606262207033,562334
2012-06-01,107.3507843017578,107.3507843017578,102.75003814697266,103.16828918457033,762403
2012-06-04,102.7035675048828,102.7965087890625,100.9376220703125,101.2164535522461,440001
2012-06-05,102.09942626953124,102.47120666503906,101.30940246582033,101.6811752319336,301217
2012-06-06,101.6811752319336,105.21306610107422,101.5882339477539,105.21306610107422,677241
2012-06-07,105.35248565673828,109.30261993408205,105.16659545898438,108.14081573486328,601507
2012-06-08,107.07195281982422,107.16490173339844,105.72425842285156,106.7001724243164,320393
2012-06-11,109.20967864990234,109.76734161376952,106.60723114013672,106.7001724243164,320069
2012-06-12,106.60723114013672,107.30431365966795,103.58654022216795,104.5624542236328,548916
2012-06-13,104.93423461914062,106.14250946044922,103.21475982666016,103.7259521484375,409468
2012-06-14,103.21475982666016,103.58654022216795,102.1458969116211,102.88945770263672,447439
2012-06-15,103.16828918457033,104.3765640258789,102.7035675048828,104.09773254394533,476191
2012-06-18,105.86367797851562,106.37487030029295,104.51598358154295,105.25953674316406,339889
2012-06-19,105.39895629882812,107.44373321533205,105.39895629882812,107.16490173339844,249476
2012-06-20,107.21137237548828,107.44373321533205,106.00308990478516,107.21137237548828,217201
2012-06-21,106.88606262207033,107.16490173339844,105.39895629882812,105.95661926269533,458190
2012-06-22,105.21306610107422,105.21306610107422,102.331787109375,102.9823989868164,453359
2012-06-25,102.88945770263672,103.58654022216795,101.82059478759766,103.35417938232422,413413
2012-06-26,103.16828918457033,103.30770874023438,102.09942626953124,102.84297943115234,247952
2012-06-27,103.30770874023438,103.6330108642578,102.1458969116211,102.88945770263672,269905
2012-06-28,102.9823989868164,103.49359130859376,100.56584167480467,101.07704162597656,504119
2012-06-29,103.95831298828124,104.74834442138672,102.56414794921876,104.33009338378906,462040
2012-07-02,104.98070526123048,106.46781158447266,104.09773254394533,106.2354507446289,362078
2012-07-03,106.2354507446289,106.88606262207033,105.1201171875,106.37487030029295,282688
2012-07-04,106.32839965820312,107.76903533935548,106.04956817626952,107.16490173339844,288173
2012-07-05,107.3972625732422,108.60553741455078,106.2354507446289,107.25784301757812,368084
2012-07-06,106.04956817626952,106.46781158447266,104.79481506347656,104.88775634765624,461291
2012-07-09,104.46951293945312,104.79481506347656,103.7259521484375,104.14420318603516,414051
2012-07-10,104.28362274169922,105.95661926269533,103.67948150634766,105.44542694091795,357251
2012-07-11,104.70187377929688,104.79481506347656,101.63470458984376,101.7741241455078,616795
2012-07-12,101.1235122680664,101.2164535522461,98.84637451171876,99.49698638916016,584345
2012-07-13,99.9152374267578,101.8670654296875,99.45051574707033,101.54176330566406,354906
2012-07-16,101.5882339477539,101.5882339477539,99.63639831542967,100.24053955078124,333232
2012-07-17,100.70526123046876,101.82059478759766,100.56584167480467,101.1235122680664,263390
2012-07-18,99.9152374267578,103.0753402709961,99.1716766357422,102.42473602294922,642707
2012-07-19,103.02886962890624,105.67778778076172,102.6106185913086,104.5624542236328,434567
2012-07-20,104.33009338378906,105.35248565673828,102.75003814697266,103.21475982666016,305874
2012-07-23,102.23884582519533,102.6106185913086,99.49698638916016,100.42642974853516,420702
2012-07-24,101.0305633544922,101.49529266357422,99.68287658691406,99.8222885131836,232315
2012-07-25,100.1011199951172,101.63470458984376,99.0787353515625,100.89115142822266,302805
2012-07-26,104.05126190185548,105.3060073852539,102.6106185913086,105.25953674316406,733704
2012-07-27,111.53328704833984,113.39217376708984,109.67440032958984,112.2303695678711,1372111
2012-07-30,113.345703125,115.0186996459961,111.90505981445312,114.41455841064452,510064
2012-07-31,114.78633880615234,114.78633880615234,113.11334228515624,113.39217376708984,399222
2012-08-01,114.0892562866211,115.20458984375,113.345703125,114.0892562866211,286820
2012-08-02,114.275146484375,115.4834213256836,112.6950912475586,112.6950912475586,448872
2012-08-03,112.8809814453125,116.04108428955078,112.6950912475586,115.34400177001952,420057
2012-08-06,115.4834213256836,117.4352569580078,115.4834213256836,117.0634765625,268039
2012-08-07,117.20289611816406,118.6435317993164,116.92405700683594,118.22528076171876,329110
2012-08-08,117.85350036621094,118.50411224365234,117.01700592041016,118.1788101196289,159138
2012-08-09,118.55059051513672,118.87589263916016,117.10994720458984,118.7364730834961,199043
2012-08-10,118.1788101196289,118.92236328125,117.2493667602539,118.69000244140624,173261
2012-08-13,118.69000244140624,119.34061431884766,117.7140884399414,118.59706115722656,139847
2012-08-14,119.34061431884766,119.34061431884766,116.92405700683594,118.82942199707033,264230
2012-08-15,118.96883392333984,118.96883392333984,117.76055908203124,118.1788101196289,126935
2012-08-16,118.96883392333984,119.43355560302734,117.992919921875,119.43355560302734,145286
2012-08-17,119.01531219482422,119.89827728271484,118.78295135498048,119.6659164428711,212298
2012-08-20,119.6659164428711,119.6659164428711,118.03939056396484,118.55059051513672,214115
2012-08-21,119.24767303466795,119.43355560302734,118.4576416015625,119.15472412109376,177330
2012-08-22,118.92236328125,119.52650451660156,118.13233947753906,118.59706115722656,137227
2012-08-23,119.34061431884766,119.34061431884766,116.7846450805664,117.38877868652344,257005
2012-08-24,117.38877868652344,117.85350036621094,115.99461364746094,117.20289611816406,221151
2012-08-27,117.20289611816406,117.7140884399414,117.01700592041016,117.4352569580078,104574
2012-08-28,117.10994720458984,117.10994720458984,115.99461364746094,117.0634765625,210440
2012-08-29,117.38877868652344,117.6211395263672,116.08756256103516,117.10994720458984,137409
2012-08-30,116.27345275878906,117.3423080444336,115.3904800415039,115.8552017211914,195782
2012-08-31,115.3904800415039,116.97053527832033,114.9257583618164,115.43695068359376,250988
2012-09-03,115.15811920166016,117.0634765625,114.8328094482422,116.73817443847656,152793
2012-09-04,116.97053527832033,117.10994720458984,115.25106048583984,115.9481430053711,219591
2012-09-05,115.8552017211914,117.85350036621094,115.7622528076172,116.83111572265624,254924
2012-09-06,117.38877868652344,118.78295135498048,116.3199234008789,118.3647003173828,265833
2012-09-07,118.59706115722656,119.52650451660156,118.13233947753906,118.41117095947266,293210
2012-09-10,117.992919921875,119.80533599853516,117.992919921875,118.87589263916016,178511
2012-09-11,116.22697448730467,116.64522552490234,113.76394653320312,116.4128646850586,784225
2012-09-12,116.3199234008789,116.5987548828125,114.87928009033205,115.90167236328124,432453
2012-09-13,115.90167236328124,116.04108428955078,114.32161712646484,114.60044860839844,404491
2012-09-14,115.3904800415039,116.7846450805664,115.34400177001952,115.99461364746094,455091
2012-09-17,115.57636260986328,115.8552017211914,114.275146484375,114.7398681640625,298813
2012-09-18,114.275146484375,114.36808776855467,113.02039337158205,114.32161712646484,289737
2012-09-19,114.5539779663086,115.25106048583984,113.6245346069336,114.78633880615234,230619
2012-09-20,114.32161712646484,115.6693115234375,114.13572692871094,114.9257583618164,207895
2012-09-21,115.29753112792967,115.7622528076172,114.5539779663086,115.7622528076172,514451
2012-09-24,115.25106048583984,115.4834213256836,112.78803253173828,113.43864440917967,491562
2012-09-25,113.6245346069336,113.9033660888672,112.6950912475586,113.6245346069336,178772
2012-09-26,112.55567169189452,112.83450317382812,111.7656478881836,112.55567169189452,346007
2012-09-27,113.20628356933594,113.20628356933594,110.97561645507812,111.85858917236328,366272
2012-09-28,112.46273040771484,112.46273040771484,110.51089477539062,110.97561645507812,369657
2012-10-01,111.44033813476562,112.36978149414062,111.0220947265625,111.53328704833984,377082
2012-10-02,111.39386749267578,112.78803253173828,110.74325561523438,111.71917724609376,263268
2012-10-03,111.16150665283205,112.55567169189452,110.88267517089844,112.36978149414062,280400
2012-10-04,113.02039337158205,113.29922485351562,111.99800872802734,112.60214233398438,240525
2012-10-05,112.83450317382812,113.6245346069336,112.6950912475586,113.11334228515624,321569
2012-10-08,115.52989196777344,116.3199234008789,114.64691925048828,115.3904800415039,812825
2012-10-09,116.18050384521484,117.4352569580078,115.25106048583984,116.27345275878906,521736
2012-10-10,116.8775863647461,119.71239471435548,116.73817443847656,119.15472412109376,932684
2012-10-11,119.5729751586914,120.87419891357422,119.2941436767578,120.40947723388672,560126
2012-10-12,120.2235870361328,121.98953247070312,119.89827728271484,121.47833251953124,555115
2012-10-15,121.75717163085938,122.68661499023438,121.75717163085938,122.68661499023438,375569
2012-10-16,122.68661499023438,123.9878387451172,121.47833251953124,123.9878387451172,472328
2012-10-17,124.54550170898438,125.38200378417967,123.0119171142578,125.28905487060548,340671
2012-10-18,125.10316467285156,125.10316467285156,122.91897583007812,123.7554702758789,277472
2012-10-19,123.15133666992188,125.19611358642578,123.15133666992188,124.77786254882812,399507
2012-10-22,124.8708038330078,125.14964294433594,123.84841918945312,124.45256042480467,315209
2012-10-23,124.40608215332033,124.45256042480467,121.57128143310548,121.75717163085938,474947
2012-10-24,122.50072479248048,123.43016815185548,120.87419891357422,122.96544647216795,419139
2012-10-25,122.68661499023438,123.15133666992188,121.66422271728516,121.66422271728516,303470
2012-10-26,121.06008911132812,127.56619262695312,121.06008911132812,127.56619262695312,850906
2012-10-29,126.9620590209961,126.9620590209961,123.56958770751952,125.05669403076172,362463
2012-10-30,125.47494506835938,126.12555694580078,125.05669403076172,125.89319610595705,134784
2012-10-31,125.89319610595705,127.24089050292967,125.75377655029295,126.07908630371094,244096
2012-11-01,125.10316467285156,127.93797302246094,124.68492126464844,127.56619262695312,246150
2012-11-02,127.84503173828124,128.21681213378906,126.31144714355467,128.03091430664062,205343
2012-11-05,127.61266326904295,127.84503173828124,125.47494506835938,125.52141571044922,167245
2012-11-06,125.8002471923828,127.4267807006836,125.75377655029295,127.05500030517578,162203
2012-11-07,127.56619262695312,127.56619262695312,124.59197235107422,124.73139190673828,274132
2012-11-08,125.05669403076172,127.75208282470705,124.26667022705078,125.14964294433594,499175
2012-11-09,125.33552551269533,125.93966674804688,124.17372131347656,125.70730590820312,282653
2012-11-12,125.70730590820312,128.1703338623047,124.8708038330078,127.61266326904295,287368
2012-11-13,126.54380798339844,127.47325134277344,125.10316467285156,127.47325134277344,245213
2012-11-14,126.86911010742188,127.24089050292967,125.75377655029295,125.93966674804688,182784
2012-11-15,125.38200378417967,125.61436462402344,123.80194854736328,124.08078002929688,270704
2012-11-16,123.7554702758789,124.35961151123048,123.15133666992188,123.19780731201172,239134
2012-11-19,123.89488983154295,126.63674926757812,123.89488983154295,126.63674926757812,269401
2012-11-20,126.12555694580078,128.21681213378906,125.8002471923828,128.03091430664062,212669
2012-11-21,127.7056121826172,128.26327514648438,127.19441986083984,128.1703338623047,226457
2012-11-22,128.26327514648438,128.5421142578125,127.8915023803711,128.5421142578125,200924
2012-11-23,128.72799682617188,130.0292205810547,128.35621643066406,129.9827423095703,179422
2012-11-26,129.88980102539062,129.88980102539062,128.21681213378906,129.0068359375,115729
2012-11-27,129.70391845703125,130.81924438476562,129.3786163330078,130.3080596923828,219622
2012-11-28,129.8433380126953,130.58688354492188,129.42507934570312,130.58688354492188,259558
2012-11-29,130.9586639404297,132.95697021484375,130.7727813720703,132.3528289794922,321887
2012-11-30,131.84164428710938,133.97935485839844,131.795166015625,133.2822723388672,332926
2012-12-03,133.83993530273438,134.30465698242188,133.00344848632812,133.23580932617188,160309
2012-12-04,132.91049194335938,134.1187744140625,132.07400512695312,132.3528289794922,206903
2012-12-05,133.04991149902344,133.32875061035156,130.4474639892578,130.67982482910156,250956
2012-12-06,131.98104858398438,132.44577026367188,131.60928344726562,131.74868774414062,307521
2012-12-07,132.02752685546875,132.49224853515625,131.65574645996094,131.98104858398438,265060
2012-12-10,131.65574645996094,132.53872680664062,131.51632690429688,131.98104858398438,216668
2012-12-11,131.98104858398438,132.39930725097656,131.74868774414062,131.795166015625,201125
2012-12-12,131.84164428710938,132.53872680664062,130.9586639404297,131.2375030517578,194596
2012-12-13,131.05160522460938,131.98104858398438,129.5180206298828,131.98104858398438,267850
2012-12-14,132.2598876953125,132.44577026367188,131.37692260742188,131.65574645996094,120194
2012-12-17,131.56280517578125,132.39930725097656,130.86572265625,131.60928344726562,151446
2012-12-18,132.07400512695312,132.3528289794922,131.14454650878906,131.98104858398438,239630
2012-12-19,131.98104858398438,132.77108764648438,131.05160522460938,132.6316680908203,281864
2012-12-20,132.86402893066406,132.86402893066406,131.93458557128906,132.67813110351562,270109
2012-12-21,132.30636596679688,132.67813110351562,130.81924438476562,131.05160522460938,313823
2012-12-27,131.14454650878906,131.2375030517578,129.61097717285156,131.05160522460938,142480
2012-12-28,130.9121856689453,131.8881072998047,130.16864013671875,130.21510314941406,125068
2013-01-02,132.30636596679688,133.00344848632812,131.98104858398438,132.6316680908203,321788
2013-01-03,132.49224853515625,134.76937866210938,132.44577026367188,134.76937866210938,274771
2013-01-04,134.35113525390625,135.1411590576172,133.60757446289062,135.00173950195312,259180
2013-01-07,134.58349609375,135.00173950195312,132.95697021484375,133.51463317871094,290822
2013-01-08,133.37521362304688,134.86233520507812,133.23580932617188,134.1187744140625,221684
2013-01-09,135.18763732910156,137.0000457763672,134.4905548095703,137.0000457763672,519305
2013-01-10,136.9071044921875,137.7436065673828,135.6058807373047,136.67474365234375,320998
2013-01-11,137.09300231933594,137.09300231933594,135.74530029296875,136.3494415283203,160845
2013-01-14,136.58180236816406,139.37013244628906,135.83824157714844,138.8589324951172,380069
2013-01-15,138.8589324951172,142.4373016357422,138.62657165527344,142.4373016357422,456359
2013-01-16,144.48207092285156,144.52854919433594,141.78668212890625,143.59910583496094,398869
2013-01-17,143.69204711914062,144.66796875,142.62318420410156,144.66796875,190790
2013-01-18,145.27210998535156,146.34095764160156,144.99327087402344,146.0621337890625,261197
2013-01-21,143.13438415527344,144.52854919433594,141.69374084472656,144.2961883544922,222802
2013-01-22,144.2961883544922,144.62149047851562,141.9725799560547,143.08790588378906,229758
2013-01-23,142.66966247558594,144.01734924316406,141.74021911621094,142.53024291992188,163604
2013-01-24,142.62318420410156,143.738525390625,141.83316040039062,143.3202667236328,213443
2013-01-25,143.04144287109375,145.36505126953125,142.71612548828125,145.0397491455078,282381
2013-01-28,145.78329467773438,147.27040100097656,145.45799255371094,147.27040100097656,536810
2013-01-29,147.5027618408203,147.68865966796875,146.4339141845703,147.31687927246094,227593
2013-01-30,147.31687927246094,148.57162475585938,146.4339141845703,148.06044006347656,454505
2013-01-31,147.68865966796875,148.24632263183594,146.01565551757812,147.22393798828125,336501
2013-02-01,147.3633575439453,151.96409606933594,146.8986358642578,151.96409606933594,337007
2013-02-04,151.68527221679688,151.87115478515625,148.61810302734375,149.6869659423828,311807
2013-02-05,149.26870727539062,151.35995483398438,149.17576599121094,149.8728485107422,222628
2013-02-06,150.3375701904297,150.38404846191406,147.78160095214844,148.15338134765625,343213
2013-02-07,148.15338134765625,148.7575225830078,145.45799255371094,145.45799255371094,379389
2013-02-08,146.6197967529297,149.45460510253906,146.1550750732422,149.45460510253906,222514
2013-02-11,148.71104431152344,149.03634643554688,145.597412109375,146.0621337890625,256531
2013-02-12,145.92271423339844,147.87454223632812,145.08621215820312,147.87454223632812,244559
2013-02-13,148.33926391601562,149.54754638671875,147.27040100097656,149.17576599121094,182865
2013-02-14,149.2222442626953,149.8728485107422,148.0139617919922,148.52516174316406,325385
2013-02-15,152.80059814453125,162.42034912109375,152.38235473632812,159.8643798828125,1408387
2013-02-18,159.8643798828125,162.51329040527344,158.88845825195312,160.65440368652344,371642
2013-02-19,160.14320373535156,162.6991729736328,159.35317993164062,161.39796447753906,398029
2013-02-20,161.258544921875,162.5597686767578,160.00379943847656,162.2344512939453,251552
2013-02-21,160.8402862548828,161.1656036376953,156.42543029785156,156.42543029785156,525255
2013-02-22,156.84368896484375,159.4461212158203,156.7042694091797,159.4461212158203,370141
2013-02-25,160.14320373535156,160.7938232421875,158.5631561279297,159.63201904296875,239311
2013-02-26,155.07774353027344,156.93663024902344,153.35826110839844,155.17068481445312,439970
2013-02-27,155.4495086669922,157.6337127685547,154.56654357910156,157.35487365722656,271032
2013-02-28,158.0519561767578,160.00379943847656,157.81959533691406,159.58554077148438,280340
2013-03-01,159.7714385986328,162.32740783691406,158.609619140625,160.7008819580078,318842
2013-03-04,160.28262329101562,162.18798828125,158.74903869628906,161.3050079345703,291684
2013-03-05,162.42034912109375,164.65101623535156,162.42034912109375,164.32569885253906,295048
2013-03-06,164.32569885253906,164.8833770751953,162.5597686767578,164.32569885253906,269820
2013-03-07,164.23275756835938,164.74395751953125,162.6527099609375,164.18629455566406,279191
2013-03-08,165.71987915039062,166.4634246826172,164.32569885253906,165.0227813720703,261567
2013-03-11,164.46511840820312,165.30162048339844,162.51329040527344,164.046875,193097
2013-03-12,164.46511840820312,165.62692260742188,163.53567504882812,164.8833770751953,270153
2013-03-13,164.92984008789062,165.71987915039062,164.046875,165.25515747070312,277818
2013-03-14,166.4634246826172,166.69578552246094,164.5115966796875,166.50990295410156,316272
2013-03-15,166.2775421142578,166.835205078125,165.90576171875,165.90576171875,602193
2013-03-18,164.4186553955078,165.20867919921875,162.97801208496094,164.23275756835938,400840
2013-03-19,163.72157287597656,165.16220092773438,163.5821533203125,163.86097717285156,346998
2013-03-20,163.9539337158203,166.2775421142578,163.9539337158203,166.13812255859375,247609
2013-03-21,165.5339813232422,166.78872680664062,161.1656036376953,161.7697296142578,416346
2013-03-22,161.258544921875,161.7232666015625,159.12081909179688,159.81790161132812,278782
2013-03-25,160.8867645263672,160.93324279785156,157.26193237304688,158.5166778564453,308151
2013-03-26,158.609619140625,160.65440368652344,158.0984344482422,160.18968200683594,163437
2013-03-27,160.7008819580078,161.258544921875,156.750732421875,157.81959533691406,320776
2013-03-28,158.0054931640625,160.3291015625,156.89015197753906,159.30670166015625,278965
2013-04-02,160.14320373535156,163.5821533203125,160.14320373535156,163.0244903564453,338777
2013-04-03,162.97801208496094,164.92984008789062,162.6991729736328,163.07095336914062,209948
2013-04-04,163.117431640625,163.76803588867188,160.00379943847656,160.3755645751953,213649
2013-04-05,160.14320373535156,160.2361602783203,152.0105743408203,153.68357849121094,454709
2013-04-08,153.73004150390625,156.84368896484375,153.5906219482422,154.10182189941406,225010
2013-04-09,155.40304565429688,155.7748260498047,152.42881774902344,153.07943725585938,185397
2013-04-10,154.19476318359375,156.611328125,153.4047393798828,156.00718688964844,226835
2013-04-11,156.00718688964844,158.5166778564453,156.00718688964844,158.5166778564453,233367
2013-04-12,157.91253662109375,158.47021484375,156.47190856933594,157.2154541015625,247156
2013-04-15,156.750732421875,157.1225128173828,154.75242614746094,156.2860107421875,247334
2013-04-16,153.82298278808594,154.70596313476562,150.43051147460938,154.61302185058594,360259
2013-04-17,155.2636260986328,157.540771484375,151.5458526611328,152.14999389648438,398448
2013-04-18,152.5217742919922,152.9400177001953,150.7093505859375,151.2670135498047,224013
2013-04-19,152.42881774902344,154.3806610107422,151.87115478515625,154.28770446777344,289272
2013-04-22,155.21714782714844,155.7283477783203,151.6387939453125,153.032958984375,189440
2013-04-23,154.65948486328125,160.3291015625,154.28770446777344,160.3291015625,424813
2013-04-24,161.02618408203125,167.11404418945312,160.97970581054688,165.0227813720703,455462
2013-04-25,164.79042053222656,166.78872680664062,164.37217712402344,165.90576171875,295441
2013-04-26,158.42373657226562,158.5631561279297,153.54415893554688,154.75242614746094,1004046
2013-04-29,155.3101043701172,156.2860107421875,154.00888061523438,155.21714782714844,253056
2013-04-30,156.42543029785156,157.1225128173828,154.93832397460938,155.2636260986328,279552
2013-05-02,155.21714782714844,157.02957153320312,155.21714782714844,156.6577911376953,262756
2013-05-03,156.93663024902344,158.0984344482422,156.10012817382812,156.98309326171875,268495
2013-05-06,156.6577911376953,159.16729736328125,156.1466064453125,158.74903869628906,123311
2013-05-07,158.88845825195312,159.16729736328125,157.49429321289062,159.0278778076172,222681
2013-05-08,158.1448974609375,160.05026245117188,157.95901489257812,159.26023864746094,336355
2013-05-09,159.5390625,159.9108428955078,157.95901489257812,159.0743408203125,199534
2013-05-10,159.67848205566406,162.0950469970703,158.47021484375,162.0950469970703,191821
2013-05-13,161.90914916992188,162.42034912109375,160.74734497070312,161.44442749023438,167319
2013-05-14,161.6303253173828,161.7232666015625,158.74903869628906,161.11912536621094,316091
2013-05-15,160.65440368652344,161.258544921875,158.0054931640625,160.7938232421875,364240
2013-05-16,160.7938232421875,163.6750946044922,160.65440368652344,163.07095336914062,203073
2013-05-17,163.25685119628906,164.6045379638672,162.7456512451172,163.6750946044922,282093
2013-05-20,164.00039672851562,164.37217712402344,162.6527099609375,163.30331420898438,174802
2013-05-21,163.6750946044922,164.65101623535156,161.6303253173828,163.72157287597656,237729
2013-05-22,163.72157287597656,163.72157287597656,161.07264709472656,163.44273376464844,231706
2013-05-23,161.02618408203125,162.04856872558594,159.81790161132812,159.8643798828125,339865
2013-05-24,160.28262329101562,161.11912536621094,158.33079528808594,158.5631561279297,279872
2013-05-27,158.88845825195312,159.8643798828125,157.91253662109375,158.33079528808594,167854
2013-05-28,159.399658203125,163.117431640625,158.79551696777344,162.18798828125,328677
2013-05-29,162.18798828125,162.37387084960938,156.611328125,156.611328125,375483
2013-05-30,156.89015197753906,158.84197998046875,156.2395477294922,158.1448974609375,267524
2013-05-31,158.42373657226562,158.42373657226562,154.75242614746094,156.33248901367188,359387
2013-06-03,156.42543029785156,158.42373657226562,153.73004150390625,154.93832397460938,309135
2013-06-04,156.1466064453125,156.56484985351562,154.93832397460938,155.17068481445312,330585
2013-06-05,155.07774353027344,155.12420654296875,152.61471557617188,152.61471557617188,280581
2013-06-06,153.77651977539062,153.9159393310547,151.174072265625,151.45291137695312,299954
2013-06-07,151.68527221679688,152.103515625,148.57162475585938,150.1516876220703,534128
2013-06-10,149.6869659423828,154.7989044189453,149.08282470703125,152.9400177001953,315171
2013-06-11,152.1964569091797,152.1964569091797,148.0139617919922,148.7575225830078,444590
2013-06-12,148.24632263183594,150.3375701904297,148.24632263183594,148.2928009033203,231159
2013-06-13,146.24801635742188,147.31687927246094,144.52854919433594,146.4339141845703,367532
2013-06-14,146.94509887695312,148.3857421875,145.78329467773438,148.19985961914062,266352
2013-06-17,148.15338134765625,149.64048767089844,147.40982055664062,148.52516174316406,243221
2013-06-18,147.9210205078125,148.66458129882812,146.01565551757812,147.8280792236328,305441
2013-06-19,147.8280792236328,153.73004150390625,145.6903533935547,150.94171142578125,663719
2013-06-20,147.31687927246094,147.31687927246094,141.9725799560547,141.9725799560547,614540
2013-06-21,142.20494079589844,143.8779296875,139.230712890625,139.230712890625,789782
2013-06-24,139.32366943359375,140.71783447265625,136.62828063964844,137.88302612304688,441697
2013-06-25,138.7659912109375,140.4854736328125,137.2788848876953,139.83485412597656,400431
2013-06-26,140.71783447265625,144.06382751464844,140.71783447265625,144.06382751464844,524216
2013-06-27,143.59910583496094,144.99327087402344,142.01904296875,144.43560791015625,424295
2013-06-28,145.31857299804688,145.78329467773438,143.92440795898438,145.1326904296875,330739
2013-07-01,145.92271423339844,150.10520935058594,144.7144317626953,150.10520935058594,311261
2013-07-02,150.19815063476562,150.29110717773438,147.31687927246094,149.12930297851562,285705
2013-07-03,147.64218139648438,147.68865966796875,144.85385131835938,146.4339141845703,345764
2013-07-04,152.103515625,154.61302185058594,151.174072265625,154.56654357910156,497933
2013-07-05,154.56654357910156,155.96070861816406,152.89353942871094,153.8694610595703,235743
2013-07-08,154.65948486328125,157.1225128173828,154.61302185058594,155.49598693847656,230853
2013-07-09,156.79721069335938,157.0760498046875,155.91424560546875,156.2860107421875,284773
2013-07-10,156.51837158203125,157.72665405273438,153.9159393310547,155.7748260498047,306790
2013-07-11,158.0054931640625,158.19137573242188,156.05364990234375,157.1689910888672,342670
2013-07-12,157.86607360839844,158.28431701660156,155.91424560546875,156.1930694580078,273091
2013-07-15,156.47190856933594,157.2154541015625,156.00718688964844,156.93663024902344,141274
2013-07-16,156.79721069335938,157.6337127685547,154.56654357910156,154.8453826904297,203391
2013-07-17,154.75242614746094,157.5872344970703,154.70596313476562,157.540771484375,311144
2013-07-18,157.44781494140625,160.09674072265625,156.79721069335938,160.09674072265625,367301
2013-07-19,159.5390625,160.4220428466797,158.0054931640625,158.42373657226562,183112
2013-07-22,159.12081909179688,159.399658203125,156.93663024902344,156.93663024902344,130658
2013-07-23,157.81959533691406,158.0984344482422,155.3565673828125,155.3565673828125,198763
2013-07-24,154.61302185058594,156.37896728515625,154.3806610107422,154.7989044189453,260094
2013-07-25,156.00718688964844,159.5390625,153.4976806640625,158.84197998046875,369985
2013-07-26,162.0950469970703,165.9987030029297,162.0950469970703,164.976318359375,455291
2013-07-29,164.32569885253906,164.83689880371094,161.6303253173828,162.18798828125,425342
2013-07-30,163.1638946533203,163.30331420898438,161.258544921875,161.53736877441406,226310
2013-07-31,161.67678833007812,162.83859252929688,159.4925994873047,159.9573211669922,264862
2013-08-01,162.18798828125,166.835205078125,161.90914916992188,166.835205078125,400478
2013-08-02,167.2999267578125,168.36878967285156,165.4410400390625,167.99700927734375,172509
2013-08-05,168.2293701171875,168.7870330810547,165.8128204345703,166.88168334960938,151980
2013-08-06,167.2999267578125,168.41525268554688,165.90576171875,167.2069854736328,171032
2013-08-07,167.2999267578125,167.71817016601562,164.65101623535156,165.25515747070312,151407
2013-08-08,166.18460083007812,167.11404418945312,164.37217712402344,166.60284423828125,149655
2013-08-09,167.2999267578125,170.1811981201172,166.04518127441406,170.1811981201172,263433
2013-08-12,170.9247589111328,170.9247589111328,168.50820922851562,169.29823303222656,149234
2013-08-13,169.5305938720703,171.1106414794922,168.92645263671875,169.2517547607422,168103
2013-08-14,169.34471130371094,172.08656311035156,169.34471130371094,171.482421875,219313
2013-08-15,171.29653930664062,171.29653930664062,166.7422637939453,167.8575897216797,180355
2013-08-16,167.62522888183594,168.2293701171875,165.62692260742188,165.9987030029297,195893
2013-08-19,165.95223999023438,167.25344848632812,165.8128204345703,166.55636596679688,103150
2013-08-20,165.8128204345703,166.13812255859375,162.6527099609375,165.71987915039062,158392
2013-08-21,166.4634246826172,167.57876586914062,165.76634216308594,166.9281463623047,153637
2013-08-22,167.3928680419922,168.3223114013672,166.3704833984375,166.50990295410156,173317
2013-08-23,167.06756591796875,167.11404418945312,165.0692596435547,166.18460083007812,68910
2013-08-26,165.8128204345703,166.3704833984375,164.37217712402344,165.48751831054688,68953
2013-08-27,164.83689880371094,165.30162048339844,160.7938232421875,161.7697296142578,197207
2013-08-28,161.07264709472656,162.14151000976562,160.2361602783203,160.56146240234375,280080
2013-08-29,161.07264709472656,162.51329040527344,159.72496032714844,162.04856872558594,127472
2013-08-30,162.46681213378906,162.46681213378906,158.84197998046875,158.84197998046875,165776
2013-09-02,159.67848205566406,161.95562744140625,159.4925994873047,160.93324279785156,141890
2013-09-03,160.7938232421875,161.39796447753906,158.79551696777344,160.65440368652344,156445
2013-09-04,160.51498413085938,161.3514862060547,158.28431701660156,160.7938232421875,174450
2013-09-05,161.44442749023438,161.95562744140625,159.81790161132812,160.7938232421875,203318
2013-09-06,160.8402862548828,162.2344512939453,158.70257568359375,159.35317993164062,212817
2013-09-09,159.21376037597656,160.05026245117188,156.611328125,158.0519561767578,447660
2013-09-10,158.5631561279297,163.34979248046875,158.5631561279297,162.60623168945312,296051
2013-09-11,162.6527099609375,163.1638946533203,160.65440368652344,161.1656036376953,166720
2013-09-12,160.8402862548828,161.1656036376953,156.93663024902344,157.30841064453125,281276
2013-09-13,157.40135192871094,158.42373657226562,157.26193237304688,158.1448974609375,143438
2013-09-16,158.33079528808594,159.9108428955078,157.86607360839844,159.9108428955078,203737
2013-09-17,160.8867645263672,161.07264709472656,159.9573211669922,160.09674072265625,167378
2013-09-18,160.09674072265625,162.7456512451172,160.09674072265625,162.5597686767578,166057
2013-09-19,164.18629455566406,165.11573791503906,161.02618408203125,162.04856872558594,231204
2013-09-20,161.6303253173828,163.6750946044922,161.21206665039062,163.1638946533203,236163
2013-09-23,163.1638946533203,163.86097717285156,160.00379943847656,160.4220428466797,317971
2013-09-24,160.46852111816406,162.37387084960938,157.86607360839844,158.0054931640625,340381
2013-09-25,157.26193237304688,157.68017578125,155.86776733398438,156.750732421875,309824
2013-09-26,156.84368896484375,157.35487365722656,154.75242614746094,155.12420654296875,300787
2013-09-27,156.10012817382812,156.611328125,154.14830017089844,154.61302185058594,156678
2013-09-30,153.35826110839844,153.96240234375,152.0105743408203,153.96240234375,261465
2013-10-01,153.96240234375,156.33248901367188,153.63710021972656,156.33248901367188,197868
2013-10-02,155.54246520996094,156.2395477294922,152.75413513183594,153.21885681152344,239366
2013-10-03,151.96409606933594,153.17237854003906,151.03465270996094,151.87115478515625,234185
2013-10-04,151.68527221679688,152.6611785888672,151.12759399414062,151.82467651367188,198102
2013-10-07,151.35995483398438,152.70765686035156,150.29110717773438,152.70765686035156,215071
2013-10-08,153.1259002685547,153.73004150390625,150.47698974609375,150.98818969726562,172441
2013-10-09,151.31349182128906,151.45291137695312,148.98988342285156,149.64048767089844,222368
2013-10-10,150.56993103027344,153.032958984375,149.08282470703125,152.80059814453125,254278
2013-10-11,153.21885681152344,155.12420654296875,152.9400177001953,155.03126525878906,182559
2013-10-14,155.21714782714844,155.21714782714844,152.89353942871094,154.65948486328125,186814
2013-10-15,155.12420654296875,155.4495086669922,154.10182189941406,155.2636260986328,172776
2013-10-16,153.35826110839844,154.3806610107422,152.1964569091797,153.8694610595703,319616
2013-10-17,154.24124145507812,156.2395477294922,153.63710021972656,156.2395477294922,223799
2013-10-18,156.51837158203125,159.9573211669922,156.2395477294922,159.9573211669922,228921
2013-10-21,160.00379943847656,160.46852111816406,158.28431701660156,159.4461212158203,121340
2013-10-22,159.81790161132812,162.79212951660156,159.4925994873047,162.79212951660156,256404
2013-10-23,162.42034912109375,163.07095336914062,161.58384704589844,162.2809295654297,253962
2013-10-24,161.90914916992188,163.1638946533203,160.2361602783203,160.46852111816406,251498
2013-10-25,155.49598693847656,157.540771484375,152.89353942871094,155.58892822265625,751048
2013-10-28,156.1466064453125,156.51837158203125,155.03126525878906,156.33248901367188,149482
2013-10-29,156.7042694091797,156.89015197753906,155.7283477783203,156.6577911376953,115385
2013-10-30,156.7042694091797,157.1225128173828,155.8212890625,156.47190856933594,194149
2013-10-31,155.7748260498047,156.56484985351562,155.3565673828125,155.54246520996094,243519
2013-11-01,156.37896728515625,156.47190856933594,154.891845703125,155.8212890625,149803
2013-11-04,156.2860107421875,156.7042694091797,155.7283477783203,156.47190856933594,142530
2013-11-05,156.42543029785156,157.02957153320312,153.17237854003906,153.63710021972656,274699
2013-11-06,154.24124145507812,154.56654357910156,153.4047393798828,153.4512176513672,137452
2013-11-07,152.89353942871094,155.07774353027344,152.80059814453125,153.26531982421875,253633
2013-11-08,152.9400177001953,154.61302185058594,152.14999389648438,153.96240234375,184370
2013-11-11,154.19476318359375,154.19476318359375,153.1259002685547,153.4512176513672,76793
2013-11-12,153.35826110839844,153.77651977539062,152.70765686035156,152.70765686035156,206085
2013-11-13,152.14999389648438,153.4512176513672,151.7317352294922,151.7317352294922,226595
2013-11-14,150.47698974609375,152.42881774902344,149.73342895507812,150.66287231445312,490744
2013-11-15,150.98818969726562,152.103515625,150.47698974609375,150.47698974609375,252879
2013-11-18,150.01226806640625,151.91763305664062,149.8728485107422,150.94171142578125,181233
2013-11-19,151.03465270996094,151.0811309814453,150.1516876220703,150.7093505859375,134845
2013-11-20,150.8022918701172,152.9864959716797,150.43051147460938,152.28941345214844,174435
2013-11-21,151.68527221679688,152.80059814453125,150.52346801757812,152.4752960205078,175609
2013-11-22,152.5682373046875,153.21885681152344,152.0570526123047,153.17237854003906,95957
2013-11-25,153.4047393798828,154.891845703125,153.4047393798828,154.70596313476562,120199
2013-11-26,153.9159393310547,154.70596313476562,153.032958984375,153.032958984375,173835
2013-11-27,152.70765686035156,153.8694610595703,152.5682373046875,152.75413513183594,180009
2013-11-28,153.21885681152344,154.4271240234375,152.89353942871094,153.4512176513672,77870
2013-11-29,153.17237854003906,153.54415893554688,151.5458526611328,151.7317352294922,139076
2013-12-02,151.82467651367188,152.0105743408203,149.6869659423828,150.19815063476562,182227
2013-12-03,150.24462890625,150.24462890625,145.82977294921875,145.82977294921875,331345
2013-12-04,146.1085968017578,147.40982055664062,142.57672119140625,144.11029052734375,322704
2013-12-05,143.13438415527344,144.62149047851562,142.80908203125,143.3202667236328,431017
2013-12-06,143.7849884033203,144.06382751464844,140.5784149169922,141.78668212890625,330773
2013-12-09,141.879638671875,142.9020233154297,140.90371704101562,141.879638671875,179240
2013-12-10,141.9725799560547,141.9725799560547,139.6954345703125,139.74191284179688,265827
2013-12-11,139.74191284179688,140.67135620117188,139.46307373046875,139.74191284179688,259242
2013-12-12,139.41661071777344,139.92779541015625,138.02244567871094,138.99835205078125,304904
2013-12-13,138.3942108154297,138.62657165527344,137.7436065673828,138.3942108154297,224058
2013-12-16,138.44068908691406,139.6024932861328,137.7436065673828,138.58010864257812,270089
2013-12-17,138.2083282470703,140.67135620117188,137.9294891357422,140.020751953125,247366
2013-12-18,140.34605407714844,140.67135620117188,138.90541076660156,139.5560302734375,207407
2013-12-19,140.90371704101562,141.5543212890625,138.3942108154297,139.04483032226562,296238
2013-12-20,139.88133239746094,140.16015625,138.06890869140625,138.53363037109375,406165
2013-12-23,138.8589324951172,140.0672149658203,137.65066528320312,139.6024932861328,239292
2013-12-24,140.20663452148438,140.20663452148438,138.8589324951172,139.41661071777344,68397
2013-12-27,140.85723876953125,142.15846252441406,140.76429748535156,142.11199951171875,151854
2013-12-30,142.20494079589844,143.7849884033203,142.20494079589844,143.04144287109375,191289
2013-12-31,143.8314666748047,144.01734924316406,142.20494079589844,142.80908203125,68758
2014-01-02,143.8314666748047,143.8779296875,142.76260375976562,142.99496459960938,232650
2014-01-03,143.738525390625,143.738525390625,141.9261016845703,142.3908233642578,147801
2014-01-06,142.57672119140625,143.13438415527344,140.6248779296875,140.81077575683594,147752
2014-01-07,140.85723876953125,141.27549743652344,139.88133239746094,140.34605407714844,196770
2014-01-08,140.39251708984375,140.9501953125,138.34774780273438,138.6730499267578,295785
2014-01-09,137.55772399902344,137.69712829589844,132.91049194335938,133.14285278320312,579296
2014-01-10,134.30465698242188,135.512939453125,133.23580932617188,135.32705688476562,368060
2014-01-13,135.4199981689453,135.69883728027344,134.16525268554688,135.09469604492188,296823
2014-01-14,134.4905548095703,135.83824157714844,133.42169189453125,135.83824157714844,360815
2014-01-15,136.95358276367188,139.46307373046875,136.76768493652344,139.46307373046875,417292
2014-01-16,139.41661071777344,140.85723876953125,138.7195281982422,140.6248779296875,327733
2014-01-17,140.67135620117188,141.83316040039062,140.5319366455078,141.4613800048828,203026
2014-01-20,141.32196044921875,141.60079956054688,140.5784149169922,141.60079956054688,175788
2014-01-21,140.71783447265625,142.3443603515625,140.0672149658203,141.78668212890625,250900
2014-01-22,141.78668212890625,143.22732543945312,141.78668212890625,142.4373016357422,206185
2014-01-23,142.20494079589844,143.08790588378906,140.4854736328125,140.5319366455078,269134
2014-01-24,140.43899536132812,140.90371704101562,138.44068908691406,138.48716735839844,385253
2014-01-27,138.30126953125,138.90541076660156,135.09469604492188,135.09469604492188,368444
2014-01-28,135.28057861328125,136.3959197998047,134.35113525390625,136.21002197265625,207178
2014-01-29,136.67474365234375,137.2788848876953,135.0482177734375,136.30296325683594,327523
2014-01-30,136.0706024169922,136.0706024169922,133.654052734375,134.62997436523438,218049
2014-01-31,139.41661071777344,139.78839111328125,134.72291564941406,137.60418701171875,410919
2014-02-03,137.60418701171875,140.0672149658203,136.8141632080078,137.0000457763672,306170
2014-02-04,136.5353240966797,136.76768493652344,135.28057861328125,135.69883728027344,302574
2014-02-05,136.3494415283203,136.62828063964844,135.4664764404297,135.4664764404297,258588
2014-02-06,136.3494415283203,137.41830444335938,135.69883728027344,137.41830444335938,292175
2014-02-07,138.16184997558594,138.2083282470703,136.8606414794922,137.09300231933594,207328
2014-02-10,137.4647674560547,138.99835205078125,136.9071044921875,138.6730499267578,182089
2014-02-11,139.32366943359375,145.36505126953125,138.99835205078125,144.99327087402344,387077
2014-02-12,145.597412109375,146.34095764160156,142.71612548828125,143.22732543945312,278473
2014-02-13,140.5784149169922,141.78668212890625,140.20663452148438,141.78668212890625,330460
2014-02-14,141.74021911621094,142.3443603515625,140.71783447265625,141.5543212890625,257184
2014-02-17,142.01904296875,143.13438415527344,141.879638671875,142.948486328125,130943
2014-02-18,144.06382751464844,144.06382751464844,141.69374084472656,142.20494079589844,221446
2014-02-19,141.74021911621094,142.53024291992188,141.22901916503906,141.5543212890625,184626
2014-02-20,141.22901916503906,144.06382751464844,140.16015625,144.06382751464844,323471
2014-02-21,142.53024291992188,143.13438415527344,138.81246948242188,140.76429748535156,567374
2014-02-24,140.71783447265625,142.9020233154297,139.97427368164062,142.9020233154297,326885
2014-02-25,142.20494079589844,143.13438415527344,141.83316040039062,142.11199951171875,265041
2014-02-26,142.62318420410156,142.62318420410156,138.95188903808594,139.04483032226562,354335
2014-02-27,139.32366943359375,140.020751953125,137.2788848876953,137.8365478515625,262909
2014-02-28,138.34774780273438,138.6730499267578,136.30296325683594,138.11538696289062,217911
2014-03-03,136.48886108398438,137.13946533203125,135.55941772460938,135.74530029296875,255764
2014-03-04,137.4647674560547,139.09130859375,137.3253631591797,138.44068908691406,218855
2014-03-05,138.06890869140625,138.06890869140625,135.37351989746094,135.6058807373047,327761
2014-03-06,136.21002197265625,136.30296325683594,135.32705688476562,135.74530029296875,279889
2014-03-07,135.512939453125,136.25650024414062,134.25819396972656,134.72291564941406,307566
2014-03-10,134.4905548095703,135.83824157714844,133.60757446289062,134.39761352539062,159876
2014-03-11,134.58349609375,134.58349609375,132.1669464111328,132.67813110351562,295461
2014-03-12,132.2598876953125,132.44577026367188,129.5644989013672,131.46986389160156,408863
2014-03-13,130.9121856689453,131.3304443359375,129.33213806152344,129.33213806152344,381854
2014-03-14,128.40269470214844,129.5644989013672,127.65914154052734,127.65914154052734,294014
2014-03-17,127.33383178710938,129.3786163330078,127.28736114501952,129.19271850585938,260437
2014-03-18,128.6350555419922,131.14454650878906,128.26327514648438,130.07569885253906,223572
2014-03-19,129.4715576171875,130.3080596923828,128.40269470214844,129.75038146972656,212280
2014-03-20,129.33213806152344,130.67982482910156,129.0532989501953,130.67982482910156,255836
2014-03-21,130.35452270507812,130.63336181640625,129.5644989013672,130.4939422607422,452763
2014-03-24,130.26158142089844,131.4233856201172,129.5180206298828,130.35452270507812,233934
2014-03-25,130.81924438476562,134.07229614257812,130.72630310058594,134.07229614257812,310971
2014-03-26,133.83993530273438,138.58010864257812,133.83993530273438,138.58010864257812,345204
2014-03-27,138.06890869140625,138.48716735839844,136.11708068847656,136.76768493652344,224313
2014-03-28,137.4647674560547,137.97596740722656,136.8606414794922,137.4647674560547,161608
2014-03-31,138.06890869140625,138.81246948242188,137.13946533203125,137.60418701171875,175739
2014-04-01,138.44068908691406,138.99835205078125,137.4647674560547,137.60418701171875,253681
2014-04-02,138.11538696289062,139.1842498779297,137.371826171875,137.9294891357422,164753
2014-04-03,137.65066528320312,138.53363037109375,136.76768493652344,138.06890869140625,195117
2014-04-04,138.44068908691406,138.58010864257812,137.09300231933594,137.09300231933594,168525
2014-04-07,136.3959197998047,137.09300231933594,135.37351989746094,135.37351989746094,247071
2014-04-08,135.65235900878906,135.69883728027344,133.0963897705078,134.30465698242188,373265
2014-04-09,135.00173950195312,139.41661071777344,134.6764373779297,139.37013244628906,402383
2014-04-10,140.81077575683594,146.1550750732422,139.04483032226562,139.09130859375,554984
2014-04-11,138.02244567871094,138.02244567871094,135.83824157714844,136.3494415283203,360602
2014-04-14,135.65235900878906,139.50955200195312,135.6058807373047,139.46307373046875,268831
2014-04-15,139.27719116210938,139.5560302734375,138.34774780273438,138.7195281982422,257293
2014-04-16,139.78839111328125,139.88133239746094,138.48716735839844,138.6730499267578,253218
2014-04-17,138.48716735839844,139.09130859375,136.30296325683594,139.09130859375,268097
2014-04-22,139.41661071777344,139.6954345703125,138.53363037109375,139.1377716064453,220913
2014-04-23,139.04483032226562,140.90371704101562,138.58010864257812,140.5784149169922,204343
2014-04-24,140.9966583251953,143.3667449951172,140.71783447265625,142.57672119140625,230637
2014-04-25,143.13438415527344,149.64048767089844,142.948486328125,147.78160095214844,704276
2014-04-28,147.78160095214844,148.24632263183594,146.4339141845703,147.31687927246094,195394
2014-04-29,147.68865966796875,148.9434051513672,146.9915771484375,147.3633575439453,261064
2014-04-30,146.80567932128906,148.19985961914062,146.80567932128906,148.15338134765625,261670
2014-05-01,148.15338134765625,148.15338134765625,148.15338134765625,148.15338134765625,0
2014-05-02,148.10690307617188,148.10690307617188,146.71273803710938,147.31687927246094,177800
2014-05-05,146.94509887695312,147.40982055664062,145.0397491455078,147.0845184326172,120818
2014-05-06,147.0845184326172,147.27040100097656,145.1326904296875,145.31857299804688,163382
2014-05-07,146.01565551757812,146.85215759277344,144.99327087402344,145.0397491455078,211833
2014-05-08,143.45968627929688,143.69204711914062,142.15846252441406,142.99496459960938,270286
2014-05-09,142.29788208007812,145.1791534423828,142.20494079589844,144.99327087402344,179726
2014-05-12,145.0397491455078,145.2256317138672,144.06382751464844,144.7609100341797,167098
2014-05-13,144.85385131835938,147.13099670410156,144.52854919433594,146.38743591308594,235305
2014-05-14,146.1550750732422,146.9915771484375,145.45799255371094,146.66627502441406,136634
2014-05-15,146.94509887695312,150.6164093017578,146.48037719726562,150.56993103027344,392608
2014-05-16,150.56993103027344,151.87115478515625,149.6869659423828,151.03465270996094,306946
2014-05-19,150.66287231445312,151.77821350097656,149.6869659423828,150.47698974609375,219151
2014-05-20,150.38404846191406,151.35995483398438,149.6869659423828,150.3375701904297,171856
2014-05-21,150.19815063476562,150.47698974609375,148.10690307617188,149.315185546875,205795
2014-05-22,149.26870727539062,150.05874633789062,148.10690307617188,149.4081268310547,189831
2014-05-23,149.4081268310547,149.8728485107422,147.17745971679688,148.15338134765625,209469
2014-05-26,148.24632263183594,150.3375701904297,147.64218139648438,150.19815063476562,111080
2014-05-27,149.91932678222656,150.3375701904297,149.03634643554688,149.17576599121094,139363
2014-05-28,149.54754638671875,149.7799072265625,147.9674835205078,148.61810302734375,109862
2014-05-29,148.43222045898438,148.9434051513672,148.15338134765625,148.66458129882812,63918
2014-05-30,148.8504638671875,150.66287231445312,148.33926391601562,150.66287231445312,275247
2014-06-02,149.6869659423828,151.2670135498047,148.9434051513672,150.6164093017578,177163
2014-06-03,150.3375701904297,150.8022918701172,149.54754638671875,150.10520935058594,96527
2014-06-04,150.01226806640625,150.1516876220703,148.0139617919922,149.36166381835938,174705
2014-06-05,149.315185546875,150.75582885742188,148.80398559570312,149.59402465820312,154143
2014-06-06,149.59402465820312,149.59402465820312,147.68865966796875,148.43222045898438,207911
2014-06-09,148.8504638671875,149.50106811523438,148.0139617919922,148.9434051513672,71216
2014-06-10,148.9434051513672,152.24293518066406,148.7575225830078,152.24293518066406,242751
2014-06-11,152.33587646484375,153.73004150390625,152.33587646484375,153.54415893554688,241164
2014-06-12,153.4976806640625,153.73004150390625,152.75413513183594,152.9864959716797,163377
2014-06-13,152.9400177001953,152.9400177001953,150.6164093017578,150.84877014160156,196365
2014-06-16,150.8022918701172,151.2670135498047,150.29110717773438,150.56993103027344,179228
2014-06-17,150.56993103027344,151.96409606933594,149.45460510253906,151.68527221679688,241114
2014-06-18,151.6387939453125,153.73004150390625,151.6387939453125,153.26531982421875,222370
2014-06-19,153.8694610595703,154.19476318359375,152.33587646484375,152.33587646484375,232668
2014-06-20,152.28941345214844,153.31179809570312,151.82467651367188,151.87115478515625,272625
2014-06-23,152.0570526123047,152.0570526123047,149.7799072265625,150.24462890625,140772
2014-06-24,150.1516876220703,150.52346801757812,148.61810302734375,149.96578979492188,160832
2014-06-25,149.8728485107422,149.8728485107422,147.9210205078125,148.43222045898438,148320
2014-06-26,148.4786834716797,149.03634643554688,147.27040100097656,147.78160095214844,144604
2014-06-27,148.4786834716797,148.52516174316406,147.13099670410156,148.3857421875,85683
2014-06-30,148.33926391601562,149.4081268310547,148.19985961914062,148.8504638671875,140834
2014-07-01,148.8504638671875,148.9434051513672,147.68865966796875,148.3857421875,168207
2014-07-02,148.15338134765625,148.19985961914062,147.0845184326172,147.5027618408203,111929
2014-07-03,147.5027618408203,148.89694213867188,146.9915771484375,148.57162475585938,141684
2014-07-04,148.71104431152344,148.80398559570312,146.4339141845703,146.71273803710938,159650
2014-07-07,146.20155334472656,146.71273803710938,144.90032958984375,145.08621215820312,157447
2014-07-08,145.0397491455078,145.597412109375,143.8779296875,143.8779296875,245169
2014-07-09,144.2961883544922,144.52854919433594,142.29788208007812,144.2032470703125,190494
2014-07-10,144.34266662597656,146.20155334472656,143.50616455078125,145.27210998535156,249664
2014-07-11,145.1326904296875,147.31687927246094,144.85385131835938,147.13099670410156,276509
2014-07-14,146.94509887695312,149.7799072265625,146.71273803710938,148.98988342285156,168145
2014-07-15,148.3857421875,149.08282470703125,145.92271423339844,146.24801635742188,154031
2014-07-16,146.6197967529297,148.61810302734375,146.48037719726562,148.61810302734375,168904
2014-07-17,148.2928009033203,148.33926391601562,146.80567932128906,146.85215759277344,129871
2014-07-18,145.87623596191406,147.27040100097656,144.90032958984375,147.22393798828125,159466
2014-07-21,147.0380401611328,147.0845184326172,144.48207092285156,144.80738830566406,191059
2014-07-22,144.99327087402344,144.99327087402344,144.06382751464844,144.62149047851562,192247
2014-07-23,144.2032470703125,146.38743591308594,143.92440795898438,145.9691925048828,189086
2014-07-24,145.9691925048828,148.24632263183594,145.27210998535156,148.10690307617188,170524
2014-07-25,144.99327087402344,144.99327087402344,140.39251708984375,140.81077575683594,559807
2014-07-28,141.32196044921875,142.53024291992188,141.32196044921875,142.25140380859375,202365
2014-07-29,142.20494079589844,144.7609100341797,141.83316040039062,144.48207092285156,225255
2014-07-30,144.94679260253906,145.5044708251953,141.0431365966797,141.5543212890625,251907
2014-07-31,143.13438415527344,149.45460510253906,143.13438415527344,148.66458129882812,584497
2014-08-01,148.10690307617188,148.66458129882812,146.1550750732422,147.5492401123047,433624
2014-08-04,147.456298828125,149.03634643554688,146.66627502441406,149.03634643554688,263298
2014-08-05,148.98988342285156,149.315185546875,148.0139617919922,149.03634643554688,266060
2014-08-06,148.43222045898438,151.12759399414062,148.06044006347656,148.98988342285156,352081
2014-08-07,148.9434051513672,150.01226806640625,147.8280792236328,147.8280792236328,246809
2014-08-08,148.0139617919922,148.80398559570312,145.73683166503906,146.85215759277344,325017
2014-08-11,147.68865966796875,147.73512268066406,146.6197967529297,147.0380401611328,174914
2014-08-12,146.80567932128906,147.27040100097656,146.29449462890625,146.66627502441406,121448
2014-08-13,147.40982055664062,147.73512268066406,145.597412109375,146.0621337890625,129803
2014-08-14,144.06382751464844,146.0621337890625,142.9020233154297,144.43560791015625,339855
2014-08-15,144.52854919433594,146.94509887695312,143.97088623046875,144.52854919433594,260820
2014-08-18,146.20155334472656,146.6197967529297,145.73683166503906,145.9691925048828,96700
2014-08-19,145.9691925048828,146.20155334472656,145.6903533935547,146.1550750732422,106890
2014-08-20,146.0621337890625,146.20155334472656,144.15676879882812,145.08621215820312,94379
2014-08-21,145.41151428222656,146.24801635742188,144.99327087402344,145.92271423339844,103646
2014-08-22,145.9691925048828,145.9691925048828,142.80908203125,143.3202667236328,151447
2014-08-25,143.92440795898438,145.1326904296875,143.59910583496094,145.1326904296875,127307
2014-08-26,144.7609100341797,147.64218139648438,144.66796875,147.64218139648438,199158
2014-08-27,147.456298828125,149.8728485107422,147.3633575439453,148.71104431152344,161623
2014-08-28,148.2928009033203,149.96578979492188,147.456298828125,148.89694213867188,186998
2014-08-29,149.03634643554688,150.7093505859375,147.87454223632812,149.8728485107422,220089
2014-09-01,150.05874633789062,150.98818969726562,149.36166381835938,150.98818969726562,116301
2014-09-02,150.84877014160156,151.40643310546875,149.6869659423828,150.52346801757812,127851
2014-09-03,150.7093505859375,152.28941345214844,150.24462890625,151.2670135498047,245688
2014-09-04,150.56993103027344,154.10182189941406,149.96578979492188,153.73004150390625,203032
2014-09-05,153.54415893554688,154.65948486328125,153.032958984375,153.35826110839844,247074
2014-09-08,152.75413513183594,153.21885681152344,151.2670135498047,151.68527221679688,160281
2014-09-09,151.2670135498047,153.8694610595703,151.12759399414062,153.54415893554688,214571
2014-09-10,152.89353942871094,153.35826110839844,151.77821350097656,152.70765686035156,206482
2014-09-11,152.89353942871094,152.9864959716797,150.6164093017578,151.22055053710938,199887
2014-09-12,151.31349182128906,151.87115478515625,150.52346801757812,151.87115478515625,167618
2014-09-15,151.12759399414062,155.8212890625,151.12759399414062,155.58892822265625,244972
2014-09-16,155.03126525878906,155.86776733398438,153.96240234375,155.3101043701172,170859
2014-09-17,154.75242614746094,154.93832397460938,152.9400177001953,153.17237854003906,210916
2014-09-18,153.31179809570312,155.07774353027344,152.9400177001953,153.82298278808594,132049
2014-09-19,154.28770446777344,154.47360229492188,150.98818969726562,151.77821350097656,467930
2014-09-22,150.98818969726562,151.45291137695312,148.80398559570312,149.03634643554688,284502
2014-09-23,148.66458129882812,148.98988342285156,146.8986358642578,147.0380401611328,190597
2014-09-24,147.0380401611328,149.12930297851562,146.85215759277344,149.12930297851562,197809
2014-09-25,148.8504638671875,149.315185546875,146.20155334472656,146.8986358642578,289564
2014-09-26,148.3857421875,149.45460510253906,147.59571838378906,149.03634643554688,245853
2014-09-29,148.43222045898438,149.2222442626953,148.06044006347656,148.7575225830078,323954
2014-09-30,149.08282470703125,149.6869659423828,147.0845184326172,148.3857421875,320162
2014-10-01,148.15338134765625,148.57162475585938,142.76260375976562,143.69204711914062,560298
2014-10-02,143.13438415527344,143.18084716796875,140.20663452148438,140.20663452148438,392452
2014-10-03,140.67135620117188,141.69374084472656,139.46307373046875,140.81077575683594,167119
2014-10-06,140.9501953125,142.80908203125,140.81077575683594,141.22901916503906,204797
2014-10-07,140.9501953125,141.83316040039062,140.20663452148438,140.25311279296875,238357
2014-10-08,139.97427368164062,141.9725799560547,139.6024932861328,141.879638671875,297231
2014-10-09,142.948486328125,143.13438415527344,140.020751953125,140.020751953125,254384
2014-10-10,140.020751953125,140.34605407714844,137.41830444335938,137.41830444335938,267264
2014-10-13,136.21002197265625,137.55772399902344,135.74530029296875,137.2788848876953,218563
2014-10-14,136.16355895996094,136.16355895996094,133.93289184570312,135.37351989746094,425012
2014-10-15,135.0482177734375,136.67474365234375,133.83993530273438,134.1187744140625,303965
2014-10-16,134.44407653808594,135.37351989746094,130.16864013671875,133.51463317871094,334118
2014-10-17,133.1893310546875,137.18594360351562,133.1893310546875,137.18594360351562,302815
2014-10-20,137.2788848876953,138.02244567871094,135.4664764404297,137.04652404785156,182033
2014-10-21,136.16355895996094,139.37013244628906,136.02413940429688,139.37013244628906,239517
2014-10-22,138.06890869140625,140.5319366455078,138.06890869140625,138.99835205078125,257630
2014-10-23,138.6730499267578,142.71612548828125,137.41830444335938,142.71612548828125,354404
2014-10-24,140.0672149658203,140.25311279296875,135.32705688476562,135.4199981689453,569785
2014-10-27,136.3959197998047,136.58180236816406,134.90879821777344,136.02413940429688,291677
2014-10-28,137.9294891357422,140.020751953125,137.88302612304688,138.7659912109375,333622
2014-10-29,139.41661071777344,141.0431365966797,138.99835205078125,140.9501953125,208335
2014-10-30,142.15846252441406,142.3908233642578,139.41661071777344,142.20494079589844,242471
2014-10-31,143.04144287109375,143.50616455078125,142.20494079589844,143.08790588378906,379543
2014-11-03,142.8555450439453,147.5027618408203,142.53024291992188,144.5750274658203,362096
2014-11-04,144.7609100341797,146.29449462890625,142.8555450439453,142.99496459960938,276854
2014-11-05,143.8779296875,145.82977294921875,143.8779296875,145.597412109375,175665
2014-11-06,144.85385131835938,147.59571838378906,144.85385131835938,146.80567932128906,202988
2014-11-07,146.75921630859375,148.10690307617188,145.92271423339844,146.29449462890625,121410
2014-11-10,146.38743591308594,147.59571838378906,146.20155334472656,147.59571838378906,126829
2014-11-11,148.24632263183594,149.82638549804688,147.87454223632812,148.71104431152344,173782
2014-11-12,148.10690307617188,148.71104431152344,147.22393798828125,147.64218139648438,185882
2014-11-13,148.19985961914062,148.80398559570312,146.4339141845703,148.52516174316406,204875
2014-11-14,148.7575225830078,149.2222442626953,146.9915771484375,148.61810302734375,153729
2014-11-17,147.5492401123047,148.98988342285156,146.94509887695312,148.24632263183594,119294
2014-11-18,148.24632263183594,149.2222442626953,147.73512268066406,148.0139617919922,147182
2014-11-19,147.9210205078125,148.71104431152344,147.73512268066406,148.24632263183594,93503
2014-11-20,147.9674835205078,148.3857421875,145.5044708251953,145.92271423339844,231695
2014-11-21,146.0621337890625,149.8728485107422,145.82977294921875,149.8728485107422,296036
2014-11-24,149.36166381835938,150.84877014160156,148.7575225830078,150.7093505859375,165693
2014-11-25,150.75582885742188,152.103515625,150.56993103027344,151.31349182128906,187279
2014-11-26,153.5906219482422,155.49598693847656,151.6387939453125,151.82467651367188,268890
2014-11-27,152.38235473632812,152.42881774902344,151.40643310546875,152.33587646484375,104103
2014-11-28,152.5217742919922,154.61302185058594,152.5217742919922,154.3806610107422,213499
2014-12-01,153.26531982421875,154.00888061523438,152.33587646484375,153.21885681152344,164727
2014-12-02,153.9159393310547,154.5200653076172,152.80059814453125,152.89353942871094,150952
2014-12-03,152.89353942871094,154.0553436279297,152.80059814453125,153.4976806640625,166882
2014-12-04,153.4976806640625,155.68186950683594,152.0105743408203,152.5217742919922,191859
2014-12-05,154.28770446777344,155.03126525878906,152.6611785888672,153.82298278808594,146373
2014-12-08,153.21885681152344,153.21885681152344,151.35995483398438,152.28941345214844,176388
2014-12-09,150.7093505859375,151.12759399414062,148.80398559570312,149.17576599121094,278197
2014-12-10,149.26870727539062,150.94171142578125,148.66458129882812,148.8504638671875,257753
2014-12-11,149.03634643554688,149.50106811523438,147.17745971679688,147.64218139648438,219389
2014-12-12,146.85215759277344,146.8986358642578,144.43560791015625,144.66796875,296430
2014-12-15,144.48207092285156,146.20155334472656,141.18255615234375,141.18255615234375,293194
2014-12-16,141.60079956054688,143.18084716796875,139.74191284179688,142.66966247558594,368251
2014-12-17,140.81077575683594,142.29788208007812,140.1136932373047,141.69374084472656,303495
2014-12-18,142.4837646484375,144.2497100830078,141.83316040039062,143.92440795898438,301323
2014-12-19,144.34266662597656,145.6438751220703,143.4132080078125,144.66796875,324328
2014-12-22,144.7144317626953,146.24801635742188,144.62149047851562,145.78329467773438,133053
2014-12-23,146.24801635742188,147.31687927246094,145.92271423339844,147.31687927246094,153874
2014-12-24,148.15338134765625,148.80398559570312,147.68865966796875,148.80398559570312,61742
2014-12-29,148.71104431152344,148.89694213867188,147.13099670410156,148.71104431152344,135595
2014-12-30,148.0139617919922,149.17576599121094,146.94509887695312,146.94509887695312,117508
2014-12-31,146.71273803710938,148.71104431152344,146.71273803710938,148.24632263183594,42797
2015-01-02,148.71104431152344,149.12930297851562,146.52685546875,146.6197967529297,116696
2015-01-05,145.6438751220703,147.9674835205078,143.2738037109375,143.2738037109375,241757
2015-01-06,143.97088623046875,144.5750274658203,141.9261016845703,141.9261016845703,222996
2015-01-07,143.13438415527344,145.27210998535156,142.76260375976562,144.2961883544922,201500
2015-01-08,145.41151428222656,148.7575225830078,145.0397491455078,148.7575225830078,238895
2015-01-09,148.0139617919922,151.45291137695312,147.13099670410156,147.73512268066406,244375
2015-01-12,148.80398559570312,151.2670135498047,148.71104431152344,150.7093505859375,217682
2015-01-13,150.43051147460938,154.3806610107422,150.24462890625,154.10182189941406,235528
2015-01-14,152.1964569091797,154.5200653076172,151.03465270996094,151.03465270996094,370002
2015-01-15,151.5458526611328,156.37896728515625,148.71104431152344,154.9847869873047,560694
2015-01-16,153.9159393310547,154.9847869873047,153.17237854003906,154.3806610107422,344403
2015-01-19,154.47360229492188,156.1930694580078,154.10182189941406,155.2636260986328,245147
2015-01-20,155.8212890625,157.86607360839844,155.03126525878906,155.40304565429688,297661
2015-01-21,156.1466064453125,160.56146240234375,155.07774353027344,160.56146240234375,392497
2015-01-22,159.4925994873047,160.51498413085938,157.26193237304688,160.00379943847656,317677
2015-01-23,160.7938232421875,165.3480987548828,160.18968200683594,165.16220092773438,417496
2015-01-26,164.5115966796875,166.69578552246094,163.6750946044922,166.13812255859375,337837
2015-01-27,165.8128204345703,166.18460083007812,163.6750946044922,165.20867919921875,238786
2015-01-28,166.2775421142578,167.8575897216797,165.76634216308594,166.69578552246094,363995
2015-01-29,164.5115966796875,167.71817016601562,164.5115966796875,167.2999267578125,293629
2015-01-30,168.694091796875,168.92645263671875,166.50990295410156,166.7422637939453,373087
2015-02-02,167.06756591796875,167.53228759765625,164.046875,165.58045959472656,302759
2015-02-03,165.58045959472656,165.9987030029297,164.976318359375,165.25515747070312,243412
2015-02-04,165.9987030029297,169.1588134765625,165.71987915039062,168.97293090820312,325077
2015-02-05,168.1364288330078,168.87998962402344,167.3928680419922,168.2293701171875,189471
2015-02-06,167.7646484375,171.20359802246094,167.57876586914062,169.94883728027344,236097
2015-02-09,168.74057006835938,169.0658721923828,166.97462463378906,167.7646484375,191342
2015-02-10,168.36878967285156,170.552978515625,168.2293701171875,170.4600372314453,228666
2015-02-11,170.1811981201172,170.73887634277344,168.87998962402344,170.13473510742188,165127
2015-02-12,169.29823303222656,170.552978515625,168.694091796875,169.80943298339844,200588
2015-02-13,170.4600372314453,171.9471435546875,169.85589599609375,169.9953155517578,208335
2015-02-16,169.48411560058594,171.4359588623047,166.835205078125,168.36878967285156,347916
2015-02-17,167.2069854736328,168.2293701171875,162.42034912109375,165.95223999023438,545868
2015-02-18,164.69747924804688,167.2999267578125,164.32569885253906,166.13812255859375,303734
2015-02-19,165.25515747070312,167.90406799316406,164.976318359375,166.2775421142578,258427
2015-02-20,165.95223999023438,167.06756591796875,164.5115966796875,166.9281463623047,248614
2015-02-23,167.2999267578125,167.48580932617188,165.0692596435547,166.4634246826172,278878
2015-02-24,167.06756591796875,167.95053100585938,166.4634246826172,167.57876586914062,174835
2015-02-25,167.48580932617188,168.18289184570312,164.65101623535156,166.41696166992188,281429
2015-02-26,166.69578552246094,169.1123504638672,166.13812255859375,168.83351135253906,205075
2015-02-27,168.36878967285156,169.2517547607422,167.62522888183594,169.1588134765625,248034
2015-03-02,169.85589599609375,170.552978515625,167.8575897216797,168.74057006835938,218463
2015-03-03,169.1588134765625,170.4600372314453,167.43934631347656,167.7646484375,247720
2015-03-04,167.95053100585938,169.1588134765625,167.81112670898438,169.0658721923828,217722
2015-03-05,169.20529174804688,170.0882568359375,168.6011505126953,169.1588134765625,225046
2015-03-06,169.1123504638672,170.83181762695312,168.87998962402344,170.22767639160156,249808
2015-03-09,170.78533935546875,170.78533935546875,168.27584838867188,170.1811981201172,198029
2015-03-10,170.22767639160156,172.411865234375,169.9953155517578,171.29653930664062,345414
2015-03-11,171.9471435546875,177.10556030273438,170.41355895996094,176.73377990722656,419578
2015-03-12,176.22259521484375,177.8955841064453,175.94375610351562,177.57028198242188,314916
2015-03-13,177.57028198242188,178.17442321777344,175.33961486816406,176.4549560546875,162661
2015-03-16,176.64083862304688,181.6133728027344,176.59437561035156,181.1021728515625,386295
2015-03-17,180.96275329589844,183.4722595214844,180.7303924560547,182.3569183349609,408266
2015-03-18,183.00753784179688,184.49464416503903,182.1710357666016,183.10047912597656,556674
2015-03-19,183.10047912597656,183.5652008056641,180.03330993652344,180.5445098876953,338566
2015-03-20,181.1021728515625,181.7063140869141,179.3362274169922,179.66152954101562,395376
2015-03-23,181.7063140869141,181.7063140869141,174.78195190429688,176.36199951171875,403384
2015-03-24,176.26905822753906,177.24497985839844,174.78195190429688,174.78195190429688,464700
2015-03-25,174.03839111328125,174.08486938476562,169.80943298339844,171.9471435546875,679187
2015-03-26,171.80772399902344,172.22598266601562,169.34471130371094,171.9471435546875,458464
2015-03-27,172.7371826171875,173.2483673095703,171.0177001953125,171.20359802246094,261610
2015-03-30,171.80772399902344,173.57366943359375,171.29653930664062,171.80772399902344,225830
2015-03-31,171.34300231933594,171.66831970214844,167.53228759765625,168.97293090820312,482933
2015-04-01,168.08995056152344,170.22767639160156,167.3928680419922,167.99700927734375,262744
2015-04-02,167.43934631347656,169.20529174804688,161.8162078857422,162.83859252929688,768165
2015-04-07,163.39625549316406,164.18629455566406,162.83859252929688,164.1398162841797,505323
2015-04-08,162.93153381347656,164.32569885253906,162.93153381347656,163.86097717285156,339988
2015-04-09,163.4892120361328,167.34640502929688,162.83859252929688,166.64932250976562,327884
2015-04-10,167.53228759765625,168.3223114013672,164.046875,164.046875,403844
2015-04-13,164.1398162841797,164.46511840820312,162.83859252929688,163.39625549316406,285109
2015-04-14,163.2103729248047,163.6750946044922,160.7008819580078,162.14151000976562,335777
2015-04-15,162.42034912109375,162.93153381347656,161.7232666015625,162.42034912109375,324024
2015-04-16,162.6527099609375,163.53567504882812,161.21206665039062,163.53567504882812,378702
2015-04-17,163.25685119628906,165.8128204345703,162.2809295654297,162.97801208496094,415178
2015-04-20,163.30331420898438,165.62692260742188,163.117431640625,164.37217712402344,314883
2015-04-21,165.11573791503906,166.4634246826172,163.90745544433594,165.4410400390625,425501
2015-04-22,158.9349365234375,159.0278778076172,154.61302185058594,159.0278778076172,1475401
2015-04-23,158.9349365234375,159.7714385986328,156.611328125,157.0760498046875,746793
2015-04-24,158.28431701660156,158.5166778564453,155.86776733398438,156.05364990234375,384793
2015-04-27,156.1466064453125,158.609619140625,154.891845703125,158.609619140625,393936
2015-04-28,156.1466064453125,160.3291015625,156.1466064453125,157.86607360839844,617559
2015-04-29,158.79551696777344,159.9108428955078,157.40135192871094,157.540771484375,496589
2015-04-30,157.44781494140625,157.68017578125,153.31179809570312,153.4047393798828,575071
2015-05-04,153.63710021972656,158.42373657226562,152.80059814453125,156.56484985351562,329132
2015-05-05,155.7748260498047,157.1225128173828,153.5906219482422,153.8694610595703,472662
2015-05-06,153.1259002685547,153.68357849121094,148.71104431152344,149.96578979492188,699346
2015-05-07,149.8728485107422,150.47698974609375,147.17745971679688,150.10520935058594,454957
2015-05-08,151.68527221679688,152.89353942871094,150.98818969726562,152.38235473632812,311889
2015-05-11,152.70765686035156,152.9864959716797,150.94171142578125,152.5217742919922,285817
2015-05-12,151.77821350097656,154.3341827392578,151.174072265625,153.31179809570312,383097
2015-05-13,153.82298278808594,155.96070861816406,153.032958984375,153.31179809570312,226871
2015-05-14,153.032958984375,155.96070861816406,151.7317352294922,155.54246520996094,178332
2015-05-15,155.63540649414062,156.51837158203125,153.73004150390625,154.891845703125,302903
2015-05-18,155.54246520996094,156.51837158203125,154.19476318359375,156.51837158203125,226745
2015-05-19,157.0760498046875,159.72496032714844,156.7042694091797,158.28431701660156,303567
2015-05-20,158.0054931640625,158.37725830078125,156.6577911376953,157.26193237304688,224481
2015-05-21,157.26193237304688,157.26193237304688,153.54415893554688,154.65948486328125,428985
2015-05-22,153.35826110839844,153.35826110839844,149.73342895507812,151.49937438964844,538569
2015-05-25,151.96409606933594,152.84707641601562,151.31349182128906,152.33587646484375,73521
2015-05-26,152.4752960205078,152.9864959716797,150.56993103027344,150.94171142578125,332971
2015-05-27,151.03465270996094,151.45291137695312,150.43051147460938,150.94171142578125,387317
2015-05-28,150.38404846191406,150.94171142578125,149.64048767089844,150.94171142578125,349302
2015-05-29,150.94171142578125,151.12759399414062,148.24632263183594,148.66458129882812,503649
2015-06-01,148.33926391601562,149.50106811523438,146.85215759277344,148.4786834716797,327259
2015-06-02,149.36166381835938,149.4081268310547,147.40982055664062,148.19985961914062,274315
2015-06-03,148.61810302734375,150.56993103027344,147.78160095214844,150.1516876220703,330439
2015-06-04,149.73342895507812,150.24462890625,147.456298828125,148.71104431152344,337862
2015-06-05,148.10690307617188,148.24632263183594,145.6903533935547,145.82977294921875,330417
2015-06-08,146.01565551757812,146.75921630859375,144.62149047851562,144.7609100341797,300831
2015-06-09,144.5750274658203,144.99327087402344,142.4837646484375,143.04144287109375,414912
2015-06-10,142.948486328125,149.8728485107422,142.4837646484375,149.03634643554688,536619
2015-06-11,148.80398559570312,148.89694213867188,146.9915771484375,147.8280792236328,460052
2015-06-12,147.456298828125,149.8728485107422,147.3633575439453,148.61810302734375,546902
2015-06-15,147.13099670410156,147.9674835205078,145.92271423339844,146.80567932128906,260659
2015-06-16,144.38912963867188,145.1791534423828,143.7849884033203,144.43560791015625,403544
2015-06-17,144.43560791015625,144.43560791015625,141.78668212890625,142.71612548828125,268011
2015-06-18,142.3908233642578,143.64556884765625,141.78668212890625,143.22732543945312,285040
2015-06-19,143.64556884765625,145.6438751220703,142.8555450439453,143.7849884033203,471657
2015-06-22,146.4339141845703,148.43222045898438,146.0621337890625,148.43222045898438,466368
2015-06-23,149.36166381835938,149.82638549804688,147.9210205078125,149.6869659423828,374540
2015-06-24,149.6869659423828,150.94171142578125,148.9434051513672,150.75582885742188,336298
2015-06-25,149.50106811523438,151.5458526611328,149.36166381835938,150.56993103027344,426130
2015-06-26,149.7799072265625,152.42881774902344,149.36166381835938,151.77821350097656,278339
2015-06-29,146.5733184814453,152.33587646484375,146.34095764160156,151.03465270996094,623131
2015-06-30,150.38404846191406,152.89353942871094,148.8504638671875,148.8504638671875,1180533
2015-07-01,150.6164093017578,154.3806610107422,149.6869659423828,153.35826110839844,593917
2015-07-02,153.21885681152344,153.21885681152344,150.19815063476562,151.174072265625,436585
2015-07-03,151.174072265625,151.96409606933594,150.01226806640625,150.01226806640625,396107
2015-07-06,147.9674835205078,150.94171142578125,147.0380401611328,149.26870727539062,436848
2015-07-07,148.66458129882812,148.66458129882812,143.738525390625,143.738525390625,485552
2015-07-08,144.06382751464844,144.7609100341797,143.50616455078125,144.5750274658203,432845
2015-07-09,145.41151428222656,148.15338134765625,144.94679260253906,147.73512268066406,296734
2015-07-10,150.56993103027344,151.6387939453125,149.4081268310547,151.49937438964844,343380
2015-07-13,152.4752960205078,153.4512176513672,151.82467651367188,153.21885681152344,293013
2015-07-14,153.07943725585938,153.73004150390625,152.6611785888672,153.73004150390625,197804
2015-07-15,153.77651977539062,153.82298278808594,151.82467651367188,152.28941345214844,298493
2015-07-16,152.9400177001953,155.7283477783203,152.75413513183594,155.3101043701172,376615
2015-07-17,155.58892822265625,155.86776733398438,154.0553436279297,155.3101043701172,219710
2015-07-20,156.10012817382812,158.0054931640625,155.86776733398438,157.86607360839844,258308
2015-07-21,158.0054931640625,158.9813995361328,157.02957153320312,157.5872344970703,231094
2015-07-22,156.750732421875,157.77313232421875,156.37896728515625,156.51837158203125,223259
2015-07-23,157.68017578125,157.77313232421875,156.6577911376953,156.98309326171875,235681
2015-07-24,156.750732421875,158.47021484375,155.03126525878906,155.54246520996094,301707
2015-07-27,156.05364990234375,156.05364990234375,151.77821350097656,151.87115478515625,340930
2015-07-28,160.8867645263672,164.23275756835938,159.58554077148438,160.3291015625,1164290
2015-07-29,161.39796447753906,161.39796447753906,159.67848205566406,160.8402862548828,480021
2015-07-30,161.3050079345703,163.86097717285156,160.8402862548828,162.6527099609375,401081
2015-07-31,162.6527099609375,163.2103729248047,161.49090576171875,163.2103729248047,355429
2015-08-03,162.6527099609375,164.23275756835938,162.00209045410156,163.39625549316406,268875
2015-08-04,163.39625549316406,163.86097717285156,162.18798828125,163.5821533203125,236759
2015-08-05,164.5115966796875,167.02108764648438,164.1398162841797,165.85928344726562,413099
2015-08-06,165.67340087890625,169.1123504638672,165.62692260742188,168.64761352539062,410531
2015-08-07,168.64761352539062,168.7870330810547,166.88168334960938,167.43934631347656,341500
2015-08-10,168.18289184570312,168.2293701171875,166.55636596679688,167.16050720214844,219717
2015-08-11,166.32400512695312,166.3704833984375,160.51498413085938,160.65440368652344,722545
2015-08-12,158.70257568359375,158.88845825195312,155.7283477783203,156.611328125,535839
2015-08-13,158.42373657226562,160.28262329101562,157.81959533691406,158.84197998046875,371522
2015-08-14,159.4461212158203,159.72496032714844,157.77313232421875,158.0054931640625,227212
2015-08-17,158.70257568359375,159.16729736328125,156.2395477294922,157.5872344970703,240527
2015-08-18,157.0760498046875,158.23785400390625,156.47190856933594,157.26193237304688,136892
2015-08-19,156.51837158203125,156.750732421875,155.21714782714844,155.49598693847656,200919
2015-08-20,154.93832397460938,155.2636260986328,151.31349182128906,151.31349182128906,494953
2015-08-21,149.54754638671875,152.5682373046875,148.10690307617188,148.10690307617188,400430
2015-08-24,144.52854919433594,145.08621215820312,135.8847198486328,135.9311981201172,1236384
2015-08-25,138.7659912109375,142.71612548828125,137.04652404785156,142.4373016357422,850370
2015-08-26,140.81077575683594,143.3202667236328,139.46307373046875,140.5784149169922,466388
2015-08-27,143.69204711914062,145.9691925048828,142.4837646484375,145.1326904296875,439046
2015-08-28,145.31857299804688,145.6438751220703,143.3202667236328,145.0397491455078,215437
2015-08-31,144.06382751464844,144.11029052734375,141.27549743652344,141.9725799560547,313563
2015-09-01,140.76429748535156,140.85723876953125,133.83993530273438,134.07229614257812,894252
2015-09-02,135.09469604492188,138.62657165527344,134.58349609375,137.51124572753906,496106
2015-09-03,138.6730499267578,141.22901916503906,137.51124572753906,140.34605407714844,492124
2015-09-04,136.76768493652344,136.9071044921875,131.60928344726562,131.7022247314453,809529
2015-09-07,132.44577026367188,134.2117156982422,131.84164428710938,132.3528289794922,247290
2015-09-08,133.14285278320312,136.48886108398438,133.04991149902344,135.18763732910156,456289
2015-09-09,138.48716735839844,139.32366943359375,137.09300231933594,137.371826171875,413220
2015-09-10,136.3959197998047,136.8141632080078,132.91049194335938,133.654052734375,509611
2015-09-11,133.70053100585938,134.58349609375,132.53872680664062,132.53872680664062,259720
2015-09-14,132.6316680908203,133.79347229003906,132.02752685546875,132.21340942382812,316086
2015-09-15,132.39930725097656,133.93289184570312,131.3304443359375,133.46817016601562,355216
2015-09-16,135.09469604492188,140.9501953125,134.9552764892578,140.9501953125,796907
2015-09-17,141.4149169921875,144.11029052734375,140.25311279296875,144.06382751464844,747079
2015-09-18,143.13438415527344,143.4132080078125,139.09130859375,141.69374084472656,798305
2015-09-21,141.27549743652344,142.948486328125,141.089599609375,142.29788208007812,299746
2015-09-22,142.29788208007812,142.57672119140625,136.25650024414062,136.25650024414062,531440
2015-09-23,136.3494415283203,136.95358276367188,135.09469604492188,135.6058807373047,354502
2015-09-24,135.74530029296875,135.83824157714844,128.40269470214844,129.23919677734375,795213
2015-09-25,131.37692260742188,137.51124572753906,131.37692260742188,137.23240661621094,655314
2015-09-28,136.48886108398438,136.8606414794922,129.42507934570312,129.8433380126953,629504
2015-09-29,128.03091430664062,131.65574645996094,127.10147094726562,130.35452270507812,442250
2015-09-30,132.86402893066406,135.9776611328125,131.98104858398438,135.69883728027344,493159
2015-10-01,136.95358276367188,137.8365478515625,131.74868774414062,132.3528289794922,521187
2015-10-02,133.42169189453125,135.9311981201172,131.93458557128906,134.4905548095703,363822
2015-10-05,136.8606414794922,142.15846252441406,136.72122192382812,141.4613800048828,450121
2015-10-06,141.5543212890625,143.45968627929688,140.4854736328125,143.08790588378906,345024
2015-10-07,143.50616455078125,147.73512268066406,142.62318420410156,146.0621337890625,415519
2015-10-08,145.6903533935547,148.33926391601562,145.08621215820312,148.0139617919922,249318
2015-10-09,149.17576599121094,151.2670135498047,148.43222045898438,150.75582885742188,332836
2015-10-12,150.89523315429688,152.4752960205078,149.96578979492188,151.31349182128906,321246
2015-10-13,150.7093505859375,150.98818969726562,145.1326904296875,146.71273803710938,397053
2015-10-14,145.36505126953125,146.29449462890625,144.15676879882812,144.80738830566406,308593
2015-10-15,142.20494079589844,143.64556884765625,140.5319366455078,143.4132080078125,552000
2015-10-16,143.13438415527344,143.13438415527344,138.3942108154297,139.41661071777344,543376
2015-10-19,139.230712890625,140.90371704101562,139.1842498779297,140.20663452148438,345004
2015-10-20,140.5319366455078,141.089599609375,138.48716735839844,139.41661071777344,230792
2015-10-21,140.43899536132812,141.879638671875,138.6730499267578,140.85723876953125,294881
2015-10-22,140.34605407714844,146.24801635742188,139.5560302734375,145.1791534423828,411143
2015-10-23,153.35826110839844,162.0950469970703,152.5682373046875,160.56146240234375,1436143
2015-10-26,159.8643798828125,160.28262329101562,157.40135192871094,158.0054931640625,375164
2015-10-27,157.49429321289062,158.79551696777344,156.33248901367188,156.6577911376953,241221
2015-10-28,156.6577911376953,156.89015197753906,154.24124145507812,155.96070861816406,327091
2015-10-29,156.2860107421875,158.0984344482422,156.05364990234375,156.37896728515625,267324
2015-10-30,156.6577911376953,157.44781494140625,155.49598693847656,156.6577911376953,243204
2015-11-02,155.17068481445312,156.56484985351562,154.75242614746094,155.3101043701172,263503
2015-11-03,154.93832397460938,155.03126525878906,153.032958984375,154.10182189941406,235678
2015-11-04,154.93832397460938,157.540771484375,154.8453826904297,156.2395477294922,205389
2015-11-05,156.51837158203125,160.7938232421875,155.40304565429688,160.00379943847656,379553
2015-11-06,161.6303253173828,164.23275756835938,155.86776733398438,159.72496032714844,512594
2015-11-09,160.18968200683594,160.65440368652344,157.02957153320312,157.26193237304688,226703
2015-11-10,158.0054931640625,159.399658203125,157.5872344970703,158.88845825195312,287566
2015-11-11,159.26023864746094,162.00209045410156,158.9813995361328,161.21206665039062,204945
2015-11-12,160.46852111816406,160.97970581054688,156.611328125,157.5872344970703,263273
2015-11-13,156.7042694091797,157.02957153320312,152.6611785888672,153.63710021972656,372089
2015-11-16,149.50106811523438,152.70765686035156,147.78160095214844,152.5682373046875,416329
2015-11-17,154.28770446777344,157.26193237304688,153.4512176513672,155.40304565429688,249339
2015-11-18,154.7989044189453,156.42543029785156,154.7989044189453,155.91424560546875,160149
2015-11-19,157.0760498046875,158.33079528808594,154.4271240234375,155.17068481445312,195861
2015-11-20,155.17068481445312,156.10012817382812,154.5200653076172,155.58892822265625,212595
2015-11-23,155.07774353027344,155.40304565429688,153.82298278808594,154.24124145507812,183013
2015-11-24,153.96240234375,154.00888061523438,147.8280792236328,149.59402465820312,503151
2015-11-25,149.45460510253906,152.103515625,149.45460510253906,151.22055053710938,229388
2015-11-26,151.49937438964844,153.032958984375,150.56993103027344,152.75413513183594,182455
2015-11-27,152.0570526123047,153.21885681152344,150.1516876220703,150.43051147460938,282237
2015-11-30,150.98818969726562,153.07943725585938,150.10520935058594,152.0105743408203,369824
2015-12-01,152.9864959716797,153.54415893554688,150.43051147460938,150.7093505859375,241863
2015-12-02,151.12759399414062,151.49937438964844,147.68865966796875,149.315185546875,588161
2015-12-03,149.315185546875,155.7283477783203,148.57162475585938,148.9434051513672,871171
2015-12-04,148.24632263183594,149.59402465820312,147.9674835205078,149.17576599121094,475805
2015-12-07,149.8728485107422,150.7093505859375,148.80398559570312,149.26870727539062,319664
2015-12-08,149.26870727539062,150.52346801757812,146.38743591308594,147.5027618408203,348679
2015-12-09,148.2928009033203,149.08282470703125,145.2256317138672,146.6197967529297,372025
2015-12-10,145.597412109375,147.8280792236328,144.34266662597656,146.71273803710938,261969
2015-12-11,148.06044006347656,148.33926391601562,142.71612548828125,144.48207092285156,436166
2015-12-14,144.99327087402344,147.31687927246094,142.4373016357422,142.4373016357422,414087
2015-12-15,143.8314666748047,146.4339141845703,143.4132080078125,144.99327087402344,408127
2015-12-16,145.41151428222656,145.55093383789062,143.08790588378906,144.80738830566406,413471
2015-12-17,147.9210205078125,149.82638549804688,147.0845184326172,147.17745971679688,420776
2015-12-18,146.29449462890625,146.85215759277344,143.8314666748047,144.99327087402344,440694
2015-12-21,144.34266662597656,146.8986358642578,143.7849884033203,144.11029052734375,185020
2015-12-22,144.99327087402344,146.94509887695312,144.06382751464844,146.20155334472656,188562
2015-12-23,147.3633575439453,149.82638549804688,147.3633575439453,149.59402465820312,218625
2015-12-24,149.08282470703125,149.82638549804688,148.06044006347656,149.50106811523438,35241
2015-12-28,149.50106811523438,149.64048767089844,146.38743591308594,146.85215759277344,132254
2015-12-29,147.87454223632812,149.6869659423828,147.22393798828125,149.6869659423828,123141
2015-12-30,149.4081268310547,150.1516876220703,147.68865966796875,149.12930297851562,116762
2016-01-04,145.45799255371094,145.45799255371094,140.0672149658203,141.089599609375,349462
2016-01-05,143.55262756347656,143.55262756347656,139.37013244628906,140.25311279296875,249807
2016-01-06,139.6489715576172,140.25311279296875,138.30126953125,139.6489715576172,295648
2016-01-07,135.00173950195312,135.74530029296875,133.46817016601562,134.72291564941406,609157
2016-01-08,134.86233520507812,136.67474365234375,132.8175506591797,132.86402893066406,329020
2016-01-11,132.86402893066406,134.1187744140625,131.74868774414062,132.30636596679688,190496
2016-01-12,132.49224853515625,136.3959197998047,131.98104858398438,134.58349609375,274879
2016-01-13,136.11708068847656,136.48886108398438,132.724609375,133.32875061035156,204030
2016-01-14,132.91049194335938,133.32875061035156,129.61097717285156,131.51632690429688,341313
2016-01-15,131.19102478027344,132.21340942382812,128.86741638183594,131.19102478027344,399916
2016-01-18,131.7022247314453,133.37521362304688,130.4939422607422,132.39930725097656,263596
2016-01-19,136.3959197998047,141.64727783203125,135.74530029296875,139.88133239746094,557759
2016-01-20,136.8141632080078,137.51124572753906,133.42169189453125,135.69883728027344,479154
2016-01-21,134.25819396972656,138.06890869140625,134.07229614257812,136.62828063964844,628629
2016-01-22,139.230712890625,143.92440795898438,138.7659912109375,142.3908233642578,474734
2016-01-25,143.22732543945312,143.7849884033203,140.43899536132812,140.85723876953125,266966
2016-01-26,138.53363037109375,142.57672119140625,137.97596740722656,142.11199951171875,186681
2016-01-27,142.11199951171875,143.3667449951172,140.9966583251953,143.04144287109375,173756
2016-01-28,142.20494079589844,144.01734924316406,139.50955200195312,140.67135620117188,296669
2016-01-29,142.8555450439453,144.11029052734375,140.5319366455078,144.11029052734375,221387
2016-02-01,144.7144317626953,145.92271423339844,143.3202667236328,145.87623596191406,298142
2016-02-02,145.92271423339844,146.8986358642578,141.5078582763672,142.3908233642578,353849
2016-02-03,143.3202667236328,146.66627502441406,141.9725799560547,142.20494079589844,574770
2016-02-04,144.06382751464844,144.5750274658203,140.43899536132812,141.74021911621094,370770
2016-02-05,142.01904296875,144.34266662597656,141.4613800048828,143.97088623046875,589108
2016-02-08,144.06382751464844,144.80738830566406,139.88133239746094,140.5319366455078,466030
2016-02-09,140.43899536132812,142.15846252441406,136.21002197265625,138.2083282470703,511726
2016-02-10,138.02244567871094,142.4373016357422,137.18594360351562,139.230712890625,354139
2016-02-11,137.7900848388672,138.02244567871094,133.51463317871094,133.51463317871094,407504
2016-02-12,134.53701782226562,135.6058807373047,133.0963897705078,135.4199981689453,376426
2016-02-15,138.44068908691406,143.64556884765625,137.97596740722656,143.50616455078125,360794
2016-02-16,144.06382751464844,144.38912963867188,141.74021911621094,143.22732543945312,265600
2016-02-17,143.13438415527344,148.52516174316406,143.13438415527344,147.8280792236328,398650
2016-02-18,148.10690307617188,150.43051147460938,147.22393798828125,148.9434051513672,573205
2016-02-19,153.35826110839844,153.68357849121094,147.456298828125,148.10690307617188,820485
2016-02-22,150.56993103027344,152.9864959716797,150.38404846191406,151.31349182128906,425648
2016-02-23,149.64048767089844,150.8022918701172,147.17745971679688,147.456298828125,422439
2016-02-24,147.40982055664062,147.40982055664062,142.11199951171875,144.15676879882812,382123
2016-02-25,145.5044708251953,148.3857421875,144.2032470703125,147.78160095214844,334626
2016-02-26,149.36166381835938,151.91763305664062,149.12930297851562,150.47698974609375,263590
2016-02-29,149.26870727539062,149.8728485107422,147.5027618408203,149.36166381835938,401138
2016-03-01,148.9434051513672,150.38404846191406,148.24632263183594,149.54754638671875,313090
2016-03-02,150.10520935058594,151.174072265625,149.17576599121094,150.47698974609375,230043
2016-03-03,150.98818969726562,150.98818969726562,149.08282470703125,150.10520935058594,146173
2016-03-04,150.84877014160156,152.42881774902344,149.7799072265625,152.103515625,230713
2016-03-07,151.59231567382812,152.28941345214844,150.19815063476562,151.2670135498047,219722
2016-03-08,150.75582885742188,151.5458526611328,148.9434051513672,150.8022918701172,134294
2016-03-09,151.12759399414062,152.28941345214844,150.52346801757812,151.5458526611328,178394
2016-03-10,151.6387939453125,155.12420654296875,149.03634643554688,149.03634643554688,361554
2016-03-11,151.31349182128906,154.61302185058594,150.56993103027344,154.47360229492188,337711
2016-03-14,155.12420654296875,156.00718688964844,154.5200653076172,155.54246520996094,211132
2016-03-15,154.75242614746094,154.8453826904297,151.77821350097656,152.5217742919922,254247
2016-03-16,153.07943725585938,153.26531982421875,150.98818969726562,151.2670135498047,196902
2016-03-17,152.75413513183594,152.84707641601562,147.5492401123047,148.33926391601562,393169
2016-03-18,151.91763305664062,153.77651977539062,150.43051147460938,151.68527221679688,593407
2016-03-21,150.8022918701172,150.98818969726562,147.5492401123047,148.33926391601562,281382
2016-03-22,147.8280792236328,147.8280792236328,145.1791534423828,147.0845184326172,268080
2016-03-23,147.68865966796875,148.33926391601562,145.78329467773438,146.85215759277344,270918
2016-03-24,146.01565551757812,146.01565551757812,142.3908233642578,142.80908203125,318708
2016-03-29,143.3667449951172,145.27210998535156,143.3667449951172,144.99327087402344,192342
2016-03-30,145.73683166503906,150.10520935058594,145.73683166503906,149.8728485107422,317331
2016-03-31,148.71104431152344,148.8504638671875,146.01565551757812,146.01565551757812,336954
2016-04-01,143.7849884033203,144.06382751464844,141.0431365966797,142.9020233154297,371490
2016-04-04,142.4837646484375,144.99327087402344,141.69374084472656,144.62149047851562,264920
2016-04-05,142.71612548828125,143.4132080078125,140.90371704101562,140.9966583251953,313791
2016-04-06,141.13607788085938,143.04144287109375,140.4854736328125,142.4837646484375,239332
2016-04-07,142.20494079589844,142.29788208007812,139.32366943359375,139.6489715576172,364936
2016-04-08,139.6489715576172,141.36843872070312,139.6489715576172,140.39251708984375,217040
2016-04-11,139.6024932861328,142.11199951171875,139.27719116210938,139.50955200195312,211072
2016-04-12,137.9294891357422,140.71783447265625,136.3494415283203,140.0672149658203,427538
2016-04-13,142.15846252441406,145.31857299804688,141.9725799560547,144.52854919433594,463499
2016-04-14,143.8779296875,144.06382751464844,141.879638671875,143.59910583496094,405988
2016-04-15,143.2738037109375,144.7144317626953,142.57672119140625,143.7849884033203,483900
2016-04-18,142.01904296875,145.36505126953125,141.9725799560547,144.99327087402344,211823
2016-04-19,145.41151428222656,150.47698974609375,145.41151428222656,150.47698974609375,350385
2016-04-20,149.45460510253906,150.10520935058594,148.7575225830078,150.01226806640625,230999
2016-04-21,150.10520935058594,150.7093505859375,148.19985961914062,148.80398559570312,280200
2016-04-22,143.7849884033203,144.06382751464844,140.71783447265625,140.81077575683594,767880
2016-04-25,140.25311279296875,140.6248779296875,139.50955200195312,140.25311279296875,328229
2016-04-26,140.67135620117188,141.69374084472656,138.44068908691406,138.81246948242188,256958
2016-04-27,139.41661071777344,139.83485412597656,137.55772399902344,138.95188903808594,349784
2016-04-28,138.2548065185547,140.20663452148438,137.8365478515625,140.16015625,304805
2016-04-29,139.04483032226562,140.1136932373047,138.48716735839844,139.09130859375,221250
2016-05-02,139.74191284179688,141.9261016845703,139.230712890625,141.4149169921875,188397
2016-05-03,140.76429748535156,141.0431365966797,138.44068908691406,139.1377716064453,235279
2016-05-04,137.0000457763672,137.41830444335938,135.74530029296875,135.74530029296875,180553
2016-05-05,135.69883728027344,136.72122192382812,135.37351989746094,135.83824157714844,157029
2016-05-06,135.23411560058594,135.4664764404297,132.95697021484375,134.39761352539062,337695
2016-05-09,135.09469604492188,136.02413940429688,134.07229614257812,135.23411560058594,165961
2016-05-10,136.25650024414062,137.7900848388672,135.65235900878906,136.16355895996094,224029
2016-05-11,136.25650024414062,136.67474365234375,133.97935485839844,134.16525268554688,163170
2016-05-12,133.7469940185547,134.1187744140625,132.07400512695312,132.07400512695312,220993
2016-05-13,131.51632690429688,133.0963897705078,130.4474639892578,132.77108764648438,235222
2016-05-16,132.12046813964844,133.1893310546875,131.28396606445312,133.1893310546875,96071
2016-05-17,134.2117156982422,134.90879821777344,131.93458557128906,132.53872680664062,170750
2016-05-18,131.60928344726562,133.51463317871094,131.51632690429688,133.37521362304688,150223
2016-05-19,132.3528289794922,133.0963897705078,130.86572265625,131.93458557128906,166188
2016-05-20,132.58518981933594,134.6764373779297,132.39930725097656,133.79347229003906,248307
2016-05-23,133.88641357421875,133.93289184570312,131.795166015625,132.49224853515625,141908
2016-05-24,131.84164428710938,134.58349609375,131.2375030517578,134.16525268554688,196022
2016-05-25,135.1411590576172,136.48886108398438,134.44407653808594,135.23411560058594,190850
2016-05-26,134.58349609375,135.18763732910156,132.3528289794922,134.72291564941406,311467
2016-05-27,134.58349609375,136.16355895996094,134.35113525390625,136.16355895996094,180999
2016-05-30,136.3494415283203,136.4423828125,135.37351989746094,136.4423828125,85886
2016-05-31,136.21002197265625,136.72122192382812,134.4905548095703,134.90879821777344,339464
2016-06-01,134.4905548095703,135.8847198486328,134.07229614257812,135.8847198486328,207829
2016-06-02,135.8847198486328,138.16184997558594,135.4199981689453,138.11538696289062,321397
2016-06-03,138.48716735839844,138.8589324951172,136.62828063964844,137.60418701171875,299075
2016-06-06,138.06890869140625,141.0431365966797,138.06890869140625,140.67135620117188,353442
2016-06-07,142.4373016357422,145.6438751220703,141.0431365966797,145.5044708251953,476276
2016-06-08,144.66796875,144.99327087402344,143.08790588378906,143.738525390625,323212
2016-06-09,143.18084716796875,143.92440795898438,142.29788208007812,143.2738037109375,206774
2016-06-10,143.7849884033203,143.97088623046875,140.34605407714844,140.76429748535156,334034
2016-06-13,139.230712890625,140.4854736328125,139.09130859375,139.41661071777344,284906
2016-06-14,138.48716735839844,138.8589324951172,136.21002197265625,136.21002197265625,260428
2016-06-15,137.23240661621094,139.04483032226562,137.09300231933594,138.58010864257812,236398
2016-06-16,136.9071044921875,137.55772399902344,134.90879821777344,135.4199981689453,281061
2016-06-17,136.16355895996094,137.9294891357422,135.55941772460938,136.25650024414062,360090
2016-06-20,140.16015625,141.74021911621094,139.41661071777344,141.64727783203125,215898
2016-06-21,141.9261016845703,141.9261016845703,140.76429748535156,140.76429748535156,181622
2016-06-22,141.5078582763672,142.11199951171875,140.4854736328125,140.9966583251953,160953
2016-06-23,142.06552124023438,144.2497100830078,140.67135620117188,142.66966247558594,246196
2016-06-24,130.07569885253906,137.88302612304688,129.19271850585938,132.12046813964844,801898
2016-06-27,131.7022247314453,131.8881072998047,126.91558074951172,128.82093811035156,476170
2016-06-28,131.93458557128906,133.04991149902344,130.9586639404297,131.09808349609375,275081
2016-06-29,131.51632690429688,134.76937866210938,130.63336181640625,134.72291564941406,253637
2016-06-30,134.1187744140625,135.4199981689453,132.86402893066406,135.18763732910156,250568
2016-07-01,137.69712829589844,138.8589324951172,136.25650024414062,137.7436065673828,335094
2016-07-04,138.11538696289062,138.48716735839844,136.3494415283203,137.09300231933594,145646
2016-07-05,136.5353240966797,136.8606414794922,133.70053100585938,134.0258331298828,168659
2016-07-06,133.23580932617188,133.51463317871094,130.63336181640625,133.51463317871094,290204
2016-07-07,134.2117156982422,135.69883728027344,133.83993530273438,135.0482177734375,178701
2016-07-08,134.39761352539062,137.18594360351562,134.39761352539062,136.72122192382812,205229
2016-07-11,136.76768493652344,140.4854736328125,136.30296325683594,140.34605407714844,294477
2016-07-12,140.5319366455078,145.08621215820312,140.43899536132812,142.76260375976562,306644
2016-07-13,142.15846252441406,143.50616455078125,141.9725799560547,142.80908203125,148896
2016-07-14,143.7849884033203,144.2032470703125,142.25140380859375,143.59910583496094,137322
2016-07-15,141.5078582763672,142.57672119140625,140.16015625,142.3443603515625,233818
2016-07-18,142.66966247558594,144.99327087402344,142.3443603515625,144.66796875,256265
2016-07-19,144.7609100341797,144.94679260253906,142.3443603515625,142.66966247558594,282666
2016-07-20,142.948486328125,144.2032470703125,142.4373016357422,143.69204711914062,143707
2016-07-21,144.06382751464844,146.1550750732422,143.97088623046875,144.62149047851562,153913
2016-07-22,144.15676879882812,144.5750274658203,142.948486328125,144.01734924316406,172797
2016-07-25,143.97088623046875,146.01565551757812,143.8314666748047,145.27210998535156,121188
2016-07-26,145.1326904296875,145.45799255371094,143.7849884033203,144.66796875,112560
2016-07-27,146.01565551757812,150.29110717773438,146.01565551757812,148.10690307617188,271827
2016-07-28,148.52516174316406,149.8728485107422,147.3633575439453,148.71104431152344,229907
2016-07-29,159.0743408203125,161.07264709472656,156.1466064453125,157.91253662109375,1071675
2016-08-01,158.65609741210938,162.0950469970703,158.609619140625,160.09674072265625,307198
2016-08-02,159.16729736328125,159.4925994873047,156.05364990234375,157.40135192871094,292502
2016-08-03,157.49429321289062,157.81959533691406,156.00718688964844,157.540771484375,216848
2016-08-04,158.0054931640625,158.74903869628906,156.93663024902344,157.1225128173828,162885
2016-08-05,157.68017578125,160.7938232421875,157.68017578125,160.3291015625,296656
2016-08-08,160.60792541503906,160.7938232421875,157.35487365722656,158.0984344482422,214626
2016-08-09,157.77313232421875,159.67848205566406,157.40135192871094,159.58554077148438,164205
2016-08-10,158.74903869628906,160.7938232421875,157.5872344970703,160.14320373535156,195522
2016-08-11,160.51498413085938,161.58384704589844,158.88845825195312,161.3514862060547,199162
2016-08-12,161.44442749023438,164.46511840820312,160.93324279785156,164.32569885253906,247980
2016-08-15,164.18629455566406,164.5115966796875,162.93153381347656,162.93153381347656,173433
2016-08-16,161.90914916992188,162.7456512451172,161.49090576171875,161.8162078857422,162456
2016-08-17,161.95562744140625,162.32740783691406,160.8402862548828,160.97970581054688,144754
2016-08-18,161.8162078857422,163.2103729248047,161.6303253173828,163.2103729248047,118960
2016-08-19,162.83859252929688,163.25685119628906,160.97970581054688,162.2809295654297,153722
2016-08-22,161.7697296142578,162.83859252929688,159.58554077148438,160.4220428466797,140584
2016-08-23,160.8867645263672,161.6303253173828,160.4220428466797,160.56146240234375,148763
2016-08-24,159.8643798828125,160.93324279785156,158.5631561279297,160.00379943847656,115197
2016-08-25,159.16729736328125,159.16729736328125,156.93663024902344,158.1448974609375,168149
2016-08-26,158.0054931640625,159.4461212158203,156.89015197753906,158.5166778564453,168812
2016-08-29,158.1448974609375,158.9813995361328,156.33248901367188,156.89015197753906,98820
2016-08-30,157.26193237304688,158.19137573242188,156.7042694091797,156.79721069335938,147435
2016-08-31,156.750732421875,158.88845825195312,156.750732421875,157.95901489257812,207167
2016-09-01,158.42373657226562,160.51498413085938,158.0519561767578,158.9349365234375,168643
2016-09-02,159.58554077148438,163.6750946044922,159.4461212158203,163.44273376464844,229982
2016-09-05,163.76803588867188,164.18629455566406,162.42034912109375,162.5597686767578,170014
2016-09-06,162.88507080078125,163.39625549316406,161.90914916992188,162.04856872558594,191979
2016-09-07,162.5597686767578,164.37217712402344,161.86268615722656,163.81451416015625,189994
2016-09-08,163.9539337158203,166.2775421142578,163.72157287597656,165.0227813720703,433136
2016-09-09,164.0933380126953,165.48751831054688,162.37387084960938,163.117431640625,163212
2016-09-12,160.7008819580078,162.5597686767578,159.26023864746094,162.5597686767578,196786
2016-09-13,163.34979248046875,164.0933380126953,161.95562744140625,162.0950469970703,167287
2016-09-14,160.7938232421875,161.44442749023438,158.79551696777344,160.3291015625,295369
2016-09-15,160.14320373535156,161.90914916992188,159.8643798828125,161.39796447753906,213311
2016-09-16,160.8402862548828,162.6991729736328,159.4925994873047,162.37387084960938,345129
2016-09-19,163.5821533203125,165.39456176757812,163.5821533203125,164.37217712402344,202147
2016-09-20,163.86097717285156,165.8128204345703,163.5821533203125,164.8833770751953,216093
2016-09-21,166.18460083007812,166.78872680664062,164.18629455566406,164.23275756835938,148443
2016-09-22,165.0692596435547,170.69239807128906,164.79042053222656,170.5065155029297,327741
2016-09-23,169.5305938720703,170.36709594726562,168.55467224121094,169.39117431640625,208602
2016-09-26,167.2999267578125,168.2293701171875,166.2775421142578,167.2069854736328,265560
2016-09-27,171.0177001953125,171.34300231933594,164.69747924804688,166.32400512695312,332485
2016-09-28,167.2069854736328,168.64761352539062,166.60284423828125,166.835205078125,153294
2016-09-29,167.99700927734375,168.7870330810547,164.5115966796875,164.8833770751953,194319
2016-09-30,163.6286163330078,167.02108764648438,161.90914916992188,166.88168334960938,228637
2016-10-03,166.69578552246094,168.27584838867188,166.3704833984375,168.04348754882812,129064
2016-10-04,168.04348754882812,173.52720642089844,167.6717071533203,173.38778686523438,372786
2016-10-05,172.0400848388672,173.7130889892578,170.59945678710938,172.7836456298828,253317
2016-10-06,174.1778106689453,175.85081481933594,173.62014770507812,174.08486938476562,327068
2016-10-07,174.08486938476562,174.92137145996094,172.45834350585938,172.7836456298828,153420
2016-10-10,172.8765869140625,175.1537322998047,172.3189239501953,174.78195190429688,225226
2016-10-11,176.26905822753906,179.3362274169922,175.94375610351562,177.4773406982422,385345
2016-10-12,178.12794494628906,178.6856231689453,176.31553649902344,177.10556030273438,218356
2016-10-13,175.89727783203125,175.89727783203125,173.2948455810547,174.78195190429688,267967
2016-10-14,175.43255615234375,179.84742736816406,175.43255615234375,178.8715057373047,210934
2016-10-17,178.778564453125,180.2191925048828,176.17611694335938,176.59437561035156,261548
2016-10-18,176.8267364501953,178.08148193359375,176.129638671875,176.78025817871094,274875
2016-10-19,176.87319946289062,177.61676025390625,175.990234375,176.68731689453125,232435
2016-10-20,176.68731689453125,177.9420623779297,175.2001953125,176.22259521484375,288739
2016-10-21,177.05909729003906,178.17442321777344,176.22259521484375,176.40847778320312,237197
2016-10-24,177.10556030273438,179.2897491455078,176.73377990722656,177.24497985839844,241107
2016-10-25,177.33792114257812,178.4067840576172,174.45664978027344,175.1072540283203,258237
2016-10-26,184.0299224853516,191.8372497558593,184.0299224853516,188.67713928222656,1126137
2016-10-27,188.21241760253903,189.00244140625,186.44647216796875,188.67713928222656,329954
2016-10-28,187.42239379882807,189.6065826416016,185.8888092041016,189.6065826416016,274013
2016-10-31,188.863021850586,189.4671630859375,185.7493896484375,187.794174194336,385123
2016-11-01,188.39830017089844,189.32774353027344,185.8888092041016,186.44647216796875,202334
2016-11-02,185.60997009277344,185.98175048828125,183.5187225341797,183.6581420898437,223207
2016-11-03,182.91458129882807,184.77346801757807,182.3569183349609,183.9834442138672,278414
2016-11-04,183.3328399658203,183.6581420898437,180.12625122070312,180.91629028320312,245157
2016-11-07,183.5187225341797,184.4481658935547,183.0540008544922,183.8905029296875,130226
2016-11-08,183.6581420898437,184.86642456054688,183.10047912597656,184.68052673339844,199860
2016-11-09,178.4067840576172,185.8888092041016,177.80264282226562,185.56350708007807,352821
2016-11-10,185.935287475586,185.935287475586,179.01092529296875,180.3121490478516,441651
2016-11-11,180.6839294433593,182.21749877929688,180.12625122070312,181.7992553710937,278724
2016-11-14,183.6581420898437,184.8199462890625,181.5204162597656,181.7992553710937,160413
2016-11-15,182.1710357666016,184.8199462890625,182.1710357666016,184.4017028808593,155626
2016-11-16,184.95936584472656,184.95936584472656,180.12625122070312,181.6133728027344,232929
2016-11-17,181.1951141357422,183.6116638183593,181.05569458007807,183.3328399658203,175632
2016-11-18,184.2158050537109,185.3776092529297,183.5652008056641,185.09878540039065,223519
2016-11-21,186.1676483154297,186.91119384765625,182.44985961914065,186.40000915527344,186039
2016-11-22,187.7476959228516,188.5377197265625,186.44647216796875,187.2829742431641,206862
2016-11-23,187.5618133544922,187.5618133544922,184.355224609375,185.3311462402344,153449
2016-11-24,185.70291137695312,186.53941345214844,184.63406372070312,186.53941345214844,123846
2016-11-25,186.6323699951172,187.004135131836,185.3776092529297,186.2605895996093,87246
2016-11-28,186.6323699951172,186.6323699951172,184.77346801757807,185.3311462402344,150964
2016-11-29,185.8423309326172,190.95428466796875,185.28466796875,189.931884765625,381734
2016-11-30,190.721923828125,192.34844970703125,189.9783630371093,190.53602600097656,289439
2016-12-01,189.9783630371093,189.9783630371093,187.0970916748047,187.84063720703125,223920
2016-12-02,187.0970916748047,187.9800567626953,186.40000915527344,187.7012176513672,167608
2016-12-05,187.5153350830078,192.48785400390625,187.2829742431641,190.3501434326172,181021
2016-12-06,190.53602600097656,190.95428466796875,188.81655883789065,190.3501434326172,188267
2016-12-07,191.8372497558593,194.20733642578125,191.6513671875,193.8820343017578,200380
2016-12-08,194.9973602294922,198.157470703125,194.9508819580078,197.92510986328125,301797
2016-12-09,198.11099243164065,199.6445770263672,197.2745056152344,197.55332946777344,253997
2016-12-12,197.55332946777344,197.7856903076172,195.5550231933593,196.99566650390625,269005
2016-12-13,196.62388610839844,199.0869140625,196.06622314453125,196.4844665527344,239983
2016-12-14,195.5550231933593,196.71682739257807,193.23141479492188,193.6496734619141,214776
2016-12-15,193.4637756347656,195.8803253173828,192.9525756835937,194.25379943847656,219118
2016-12-16,192.4413909912109,197.8321685791016,192.30197143554688,196.94918823242188,399768
2016-12-19,196.53094482421875,198.0645294189453,195.9732818603516,197.87863159179688,150874
2016-12-20,197.73922729492188,199.1333923339844,195.8803253173828,196.5774078369141,171670
2016-12-21,196.3915252685547,197.8321685791016,196.25210571289065,196.94918823242188,141592
2016-12-22,196.3450469970703,198.6221923828125,196.11268615722656,198.0645294189453,109808
2016-12-23,197.9715881347656,198.0645294189453,196.3915252685547,197.088607788086,59153
2016-12-27,197.50686645507807,198.57571411132807,197.3209686279297,198.11099243164065,44732
2016-12-28,197.8321685791016,199.36575317382807,197.8321685791016,199.2263336181641,95996
2016-12-29,198.0180511474609,199.73751831054688,197.9715881347656,198.38983154296875,62742
2016-12-30,198.0180511474609,198.90103149414065,197.22802734375,198.2504119873047,87849
2017-01-02,197.9715881347656,201.8287811279297,197.9715881347656,201.3640594482422,77522
2017-01-03,201.9681854248047,203.0370483398437,198.947494506836,199.0404357910156,170291
2017-01-04,199.36575317382807,199.36575317382807,195.4156036376953,196.3915252685547,241424
2017-01-05,195.69444274902344,195.69444274902344,193.83555603027344,194.8114776611328,206801
2017-01-06,194.25379943847656,198.9939727783203,194.16085815429688,197.92510986328125,194816
2017-01-09,198.0645294189453,201.0852203369141,197.4139099121093,201.0852203369141,197087
2017-01-10,201.3640594482422,202.8046875,199.6910552978516,201.3640594482422,248914
2017-01-11,204.5706329345703,208.93902587890625,204.524154663086,207.2660217285156,394500
2017-01-12,207.96310424804688,211.6344146728516,207.96310424804688,210.4726104736328,242936
2017-01-13,211.4949951171875,212.61032104492188,209.6825714111328,212.61032104492188,188585
2017-01-16,209.7290496826172,211.30909729003903,208.7066650390625,210.2867126464844,223827
2017-01-17,209.4037475585937,209.58963012695312,207.4983825683593,209.031967163086,150086
2017-01-18,209.86846923828125,210.51907348632807,208.4278259277344,210.3796539306641,123762
2017-01-19,212.7962188720703,213.8650665283203,210.75143432617188,213.8650665283203,229810
2017-01-20,213.77212524414065,213.95802307128903,212.4244384765625,212.749740600586,250278
2017-01-23,212.19207763671875,212.19207763671875,210.51907348632807,211.0302734375,228321
2017-01-24,211.2161560058593,211.959716796875,210.1472930908203,211.0767364501953,204698
2017-01-25,212.749740600586,214.8409881591797,212.749740600586,214.05096435546875,207009
2017-01-26,214.14390563964844,214.6551055908203,211.30909729003903,212.4244384765625,181817
2017-01-27,215.25924682617188,216.467514038086,208.7996063232422,210.2867126464844,284180
2017-01-30,209.54315185546875,209.54315185546875,207.4983825683593,208.6137084960937,200912
2017-01-31,209.1249084472656,209.7755126953125,204.66357421875,204.66357421875,436328
2017-02-01,205.6859588623047,208.66018676757807,205.2677154541016,206.0112762451172,297596
2017-02-02,205.314193725586,208.241943359375,204.7565155029297,206.9871826171875,188235
2017-02-03,207.2660217285156,209.86846923828125,207.2660217285156,207.4054412841797,167346
2017-02-06,207.451904296875,208.1025238037109,205.1282958984375,206.1506805419922,166363
2017-02-07,205.17477416992188,208.05604553222656,205.17477416992188,205.9647979736328,154304
2017-02-08,206.383041381836,206.80130004882807,203.92002868652344,204.33827209472656,223221
2017-02-09,204.8029937744141,208.56724548339844,204.1523895263672,208.56724548339844,278240
2017-02-10,218.23345947265625,218.4193572998047,211.8202972412109,214.05096435546875,422843
2017-02-13,216.09573364257807,216.5604553222656,214.42274475097656,215.63101196289065,291394
2017-02-14,215.95632934570312,216.09573364257807,214.51568603515625,215.8633728027344,204234
2017-02-15,216.467514038086,216.467514038086,212.4244384765625,213.3538818359375,242339
2017-02-16,213.818603515625,214.23684692382807,210.9837951660156,212.7962188720703,287713
2017-02-17,212.7962188720703,212.7962188720703,209.17138671875,209.7755126953125,211728
2017-02-20,211.2626342773437,211.959716796875,210.6584930419922,211.5414581298828,124204
2017-02-21,211.4949951171875,212.61032104492188,210.42613220214844,212.28501892089844,146219
2017-02-22,213.1215209960937,215.25924682617188,213.1215209960937,214.748046875,186335
2017-02-23,214.608627319336,215.63101196289065,213.7256622314453,214.1903839111328,113758
2017-02-24,214.56216430664065,216.28163146972656,211.5414581298828,213.4468231201172,176602
2017-02-27,214.9339294433593,216.28163146972656,214.3762664794922,214.7015686035156,220193
2017-02-28,215.63101196289065,217.02517700195312,213.53976440429688,213.53976440429688,238559
2017-03-01,215.07334899902344,218.97702026367188,215.07334899902344,217.9546356201172,274466
2017-03-02,218.14051818847656,218.23345947265625,215.63101196289065,215.63101196289065,157717
2017-03-03,215.44512939453125,216.6998748779297,214.3762664794922,216.18869018554688,145173
2017-03-06,216.37457275390625,217.48989868164065,216.18869018554688,217.25753784179688,163577
2017-03-07,217.9081573486328,217.9546356201172,216.00279235839844,216.42105102539065,148376
2017-03-08,215.677490234375,217.76873779296875,215.677490234375,217.25753784179688,206000
2017-03-09,217.3504943847656,220.2317657470703,215.7704315185547,220.13882446289065,249814
2017-03-10,220.65000915527344,221.1147308349609,218.14051818847656,218.79112243652344,142521
2017-03-13,219.3023223876953,224.55368041992188,218.8376007080078,222.1371307373047,373940
2017-03-14,222.1371307373047,223.0200958251953,220.32470703125,221.95123291015625,182440
2017-03-15,222.1371307373047,223.1595153808593,220.975326538086,222.0906524658203,157011
2017-03-16,223.113037109375,225.9478454589844,222.69479370117188,225.66900634765625,381787
2017-03-17,224.9254608154297,224.9254608154297,221.57945251464844,223.2059936523437,598959
2017-03-20,223.0200958251953,223.0665740966797,219.8135223388672,220.0458831787109,246639
2017-03-21,220.3711853027344,221.9047698974609,218.4658203125,219.0234832763672,244150
2017-03-22,218.4193572998047,219.4882049560547,215.02688598632807,218.8840789794922,337471
2017-03-23,218.6981811523437,221.6724090576172,218.4658203125,221.6724090576172,239806
2017-03-24,222.044189453125,222.5553741455078,220.5570678710937,220.7894287109375,196333
2017-03-27,220.13882446289065,221.3006286621093,219.16290283203125,220.09234619140625,211891
2017-03-28,221.6259307861328,222.1371307373047,220.2782440185547,221.7188720703125,204967
2017-03-29,223.0665740966797,223.0665740966797,220.83590698242188,222.46243286132807,172550
2017-03-30,223.0665740966797,224.83251953125,222.27655029296875,224.2748413085937,220972
2017-03-31,224.4607391357422,225.3437042236328,222.88067626953125,225.3437042236328,254200
2017-04-03,225.4366455078125,226.41256713867188,224.6466217041016,225.6225433349609,214740
2017-04-04,226.18020629882807,227.94615173339844,225.8549041748047,226.7378692626953,204464
2017-04-05,227.43495178222656,227.43495178222656,224.4607391357422,224.4607391357422,155340
2017-04-06,223.5777587890625,229.0150146484375,223.0200958251953,229.0150146484375,300379
2017-04-07,228.5967559814453,235.19581604003903,228.1785125732422,233.47634887695312,431117
2017-04-10,233.5692901611328,234.54519653320312,231.8962860107422,231.8962860107422,217277
2017-04-11,234.45225524902344,235.1028747558593,230.68800354003903,231.84982299804688,318961
2017-04-12,233.2904510498047,233.52281188964844,231.61746215820312,231.84982299804688,172268
2017-04-13,232.3610076904297,233.5692901611328,231.84982299804688,233.0580902099609,201972
2017-04-18,234.2663726806641,235.0099334716797,230.269760131836,231.66392517089844,220384
2017-04-19,232.59336853027344,233.89459228515625,232.1751251220703,232.59336853027344,178814
2017-04-20,231.94276428222656,234.40579223632807,231.5245056152344,233.2904510498047,305314
2017-04-21,233.0116271972656,233.0116271972656,229.5726776123047,229.9909210205078,290115
2017-04-24,237.0082244873047,239.70361328125,236.5899810791016,237.9841461181641,332268
2017-04-25,240.7260131835937,242.213119506836,238.8206481933593,240.86541748046875,246406
2017-04-26,264.8915405273437,267.67987060546875,261.1737670898437,264.3338928222656,1057127
2017-04-27,264.0085754394531,264.38037109375,262.4750061035156,264.0085754394531,295723
2017-04-28,263.4044494628906,265.2633361816406,262.9397277832031,264.4732971191406,294545
2017-05-02,265.82098388671875,265.9139404296875,262.8467712402344,264.8915405273437,258311
2017-05-03,261.1737670898437,265.1703796386719,261.1737670898437,264.6127319335937,262111
2017-05-04,265.588623046875,270.32879638671875,265.2633361816406,270.00347900390625,252760
2017-05-05,270.00347900390625,274.0000915527344,269.9105529785156,272.65240478515625,308389
2017-05-08,273.7212829589844,274.1395263671875,267.7728271484375,269.4923095703125,268721
2017-05-09,270.32879638671875,270.3752746582031,267.6334228515625,268.79522705078125,608508
2017-05-10,268.79522705078125,270.65411376953125,267.9122314453125,270.00347900390625,234020
2017-05-11,270.2823181152344,274.1860046386719,270.2823181152344,273.4889221191406,280712
2017-05-12,273.2565612792969,273.9071655273437,268.9811096191406,270.7470397949219,260944
2017-05-15,270.5146789550781,272.7918395996094,269.9105529785156,272.6988830566406,153553
2017-05-16,272.6988830566406,272.6988830566406,269.3993530273437,271.3047180175781,171894
2017-05-17,270.096435546875,270.32879638671875,265.0309753417969,266.4251403808594,265652
2017-05-18,266.4251403808594,268.5628662109375,264.0085754394531,268.5628662109375,250222
2017-05-19,267.67987060546875,269.9105529785156,267.07574462890625,269.86407470703125,270959
2017-05-22,269.9105529785156,270.23583984375,268.7487487792969,270.0499572753906,214877
2017-05-23,269.72467041015625,271.9088439941406,269.07403564453125,271.7694396972656,206527
2017-05-24,271.7694396972656,272.884765625,270.5146789550781,272.8382873535156,214075
2017-05-25,273.7677307128906,275.2083740234375,271.4906005859375,274.6507263183594,112922
2017-05-26,274.83660888671875,274.83660888671875,271.1653137207031,274.0000915527344,156841
2017-05-29,273.3494873046875,274.604248046875,272.745361328125,273.814208984375,57033
2017-05-30,273.4889221191406,274.4183654785156,271.72296142578125,274.0930480957031,122426
2017-05-31,274.5577697753906,275.9984130859375,272.6059265136719,273.6283264160156,220050
2017-06-01,273.3030090332031,276.3236999511719,273.0242004394531,275.8125305175781,152284
2017-06-02,277.8572998046875,282.3186340332031,277.5784606933594,278.6937866210937,268934
2017-06-05,278.6937866210937,278.9261474609375,276.9743347167969,277.6249389648437,83434
2017-06-06,277.6249389648437,279.390869140625,274.83660888671875,274.9760131835937,274983
2017-06-07,274.604248046875,279.2049865722656,273.0706481933594,277.8108215332031,233127
2017-06-08,277.9037780761719,278.6473388671875,273.3030090332031,274.0930480957031,307200
2017-06-09,274.2324523925781,276.5560607910156,273.2565612792969,274.83660888671875,183809
2017-06-12,274.2789306640625,274.37188720703125,269.306396484375,270.3752746582031,237774
2017-06-13,270.3752746582031,278.8332214355469,269.2134704589844,276.8813781738281,274484
2017-06-14,278.3684997558594,282.17919921875,278.322021484375,278.87969970703125,289261
2017-06-15,278.9726257324219,279.2049865722656,272.4665222167969,273.8606872558594,306632
2017-06-16,275.2548522949219,278.3684997558594,275.0689697265625,278.322021484375,317219
2017-06-19,281.2962341308594,283.8522033691406,280.73858642578125,282.96923828125,177629
2017-06-20,284.4098815917969,289.0570983886719,284.0380859375,286.1758117675781,243950
2017-06-21,285.4322509765625,285.89697265625,281.4356689453125,285.4787292480469,182012
2017-06-22,284.967529296875,286.0364074707031,283.80572509765625,285.19989013671875,136020
2017-06-23,284.6422424316406,286.4081726074219,283.52691650390625,285.66461181640625,155183
2017-06-26,287.05877685546875,290.96246337890625,287.0123291015625,287.0123291015625,252147
2017-06-27,287.9882507324219,288.406494140625,284.967529296875,287.2911682128906,211574
2017-06-28,286.2687683105469,286.5011291503906,283.9451599121094,284.2704467773437,216476
2017-06-29,285.1534423828125,285.757568359375,276.9278564453125,278.1826171875,339434
2017-06-30,278.5079040527344,283.2480773925781,277.0672607421875,277.16021728515625,225384
2017-07-03,277.9502258300781,279.94854736328125,277.9502258300781,279.94854736328125,148252
2017-07-04,278.6937866210937,281.3427124023437,277.9967041015625,280.6921081542969,125979
2017-07-05,280.4597473144531,283.108642578125,279.6697082519531,282.0862731933594,160026
2017-07-06,282.87628173828125,283.66632080078125,277.9502258300781,279.7161865234375,245667
2017-07-07,279.2979431152344,279.7626647949219,277.5784606933594,279.0655822753906,176293
2017-07-10,280.6921081542969,280.73858642578125,277.9502258300781,280.6921081542969,161015
2017-07-11,280.5062255859375,281.3891906738281,275.7195739746094,276.3236999511719,206298
2017-07-12,277.6714172363281,283.34100341796875,277.6249389648437,282.87628173828125,179653
2017-07-13,282.59747314453125,284.13104248046875,282.1327514648437,282.3186340332031,161042
2017-07-14,282.1327514648437,284.5028076171875,282.1327514648437,284.5028076171875,110249
2017-07-17,284.8746032714844,288.3600158691406,284.0380859375,287.5235290527344,157130
2017-07-18,286.77996826171875,287.5699768066406,281.2962341308594,283.3874816894531,192101
2017-07-19,285.3393249511719,288.63885498046875,284.59576416015625,288.63885498046875,207459
2017-07-20,290.4512634277344,292.3101501464844,287.2911682128906,289.4288635253906,211145
2017-07-21,289.8006591796875,291.0089416503906,284.13104248046875,284.967529296875,176162
2017-07-24,286.2687683105469,286.9658508300781,283.898681640625,285.9434509277344,166894
2017-07-25,286.6405334472656,287.7558898925781,284.3634033203125,284.73516845703125,204534
2017-07-26,284.3169250488281,289.4288635253906,283.9916381835937,286.59405517578125,270682
2017-07-27,287.05877685546875,289.8006591796875,280.1344299316406,283.5733642578125,334279
2017-07-28,286.2687683105469,288.1276550292969,271.8623962402344,272.745361328125,631700
2017-07-31,272.18768310546875,275.90545654296875,271.6300354003906,274.6507263183594,348945
2017-08-01,276.5096130371094,276.5096130371094,273.4889221191406,274.74365234375,269121
2017-08-02,273.9536437988281,278.2755432128906,272.51300048828125,277.3460998535156,215043
2017-08-03,276.0448913574219,281.249755859375,274.83660888671875,279.390869140625,231006
2017-08-04,279.5303039550781,285.0140075683594,278.55438232421875,283.34100341796875,172110
2017-08-07,283.9916381835937,287.3376159667969,283.1551208496094,285.5716857910156,173343
2017-08-08,285.19989013671875,287.1517333984375,283.7127990722656,287.0123291015625,156257
2017-08-09,285.4787292480469,285.4787292480469,279.5303039550781,284.13104248046875,230244
2017-08-10,283.9916381835937,286.31524658203125,281.249755859375,282.1327514648437,211498
2017-08-11,280.3667907714844,280.41326904296875,276.5096130371094,279.2049865722656,257662
2017-08-14,280.5062255859375,284.7816467285156,279.15850830078125,283.9916381835937,221453
2017-08-15,285.19989013671875,286.6405334472656,283.4339599609375,284.13104248046875,121923
2017-08-16,285.3393249511719,287.8023376464844,284.5028076171875,286.1758117675781,131716
2017-08-17,285.7110900878906,289.8006591796875,285.3393249511719,288.5458984375,236068
2017-08-18,287.1982116699219,287.7094116210937,284.2239990234375,285.8505249023437,180834
2017-08-21,284.73516845703125,287.2911682128906,283.8522033691406,285.52520751953125,132141
2017-08-22,286.9193725585937,289.3824157714844,285.98992919921875,289.1965026855469,110850
2017-08-23,288.9176940917969,290.265380859375,286.8728942871094,288.6853332519531,130700
2017-08-24,289.0106201171875,292.4031066894531,288.6853332519531,291.2877502441406,146757
2017-08-25,291.7060241699219,292.3101501464844,288.6853332519531,290.8230285644531,143934
2017-08-28,289.3359375,292.3101501464844,287.8023376464844,290.3118591308594,112569
2017-08-29,288.4994201660156,288.4994201660156,284.1775207519531,287.1982116699219,177216
2017-08-30,289.24298095703125,290.7765808105469,288.17413330078125,290.1259460449219,109634
2017-08-31,291.56658935546875,295.8885192871094,291.56658935546875,293.0537109375,216952
2017-09-01,294.7267150878906,297.93328857421875,294.68023681640625,297.2362060546875,186234
2017-09-04,295.5632019042969,297.0503234863281,294.3084411621094,295.74908447265625,116440
2017-09-05,297.1897277832031,297.1897277832031,294.0296325683594,294.3084411621094,135744
2017-09-06,293.1001892089844,295.7955627441406,291.334228515625,293.2395935058594,181953
2017-09-07,292.7748718261719,299.8386535644531,292.5425109863281,299.69921875,217235
2017-09-08,298.8627319335937,300.7216186523437,296.0279235839844,300.3033752441406,152032
2017-09-11,301.8369445800781,305.5547180175781,301.8369445800781,304.1605529785156,204385
2017-09-12,305.0435485839844,305.9729919433594,303.6493835449219,304.0211486816406,132669
2017-09-13,304.29998779296875,307.55303955078125,302.8593444824219,306.7165222167969,175664
2017-09-14,306.1123962402344,306.1123962402344,301.32574462890625,304.1605529785156,229077
2017-09-15,302.9987487792969,306.995361328125,302.44110107421875,306.995361328125,235508
2017-09-18,308.1106872558594,308.5754089355469,305.9729919433594,306.5771179199219,69071
2017-09-19,305.7406311035156,307.2742004394531,303.4170227050781,307.1347961425781,183403
2017-09-20,307.0418395996094,308.9936828613281,306.0194396972656,307.6459655761719,157948
2017-09-21,308.3895263671875,309.0401306152344,305.7870788574219,307.8318786621094,167121
2017-09-22,307.4600830078125,311.8284912109375,306.3447570800781,311.3172912597656,171056
2017-09-25,311.3172912597656,312.4326171875,309.3189697265625,310.4342956542969,129718
2017-09-26,309.55133056640625,310.2019348144531,307.1347961425781,308.5754089355469,278583
2017-09-27,308.9936828613281,312.33966064453125,308.0642395019531,311.27081298828125,150399
2017-09-28,311.3172912597656,312.1072998046875,309.7372131347656,310.8990173339844,131874
2017-09-29,310.9919738769531,313.4085388183594,310.6666564941406,313.26910400390625,163897
2017-10-02,313.50146484375,315.8715515136719,313.3155822753906,314.152099609375,193496
2017-10-03,316.010986328125,321.5411682128906,315.2674255371094,318.79931640625,294162
2017-10-04,318.5204772949219,318.938720703125,315.45330810546875,317.5910339355469,188668
2017-10-05,317.21923828125,318.38104248046875,316.05743408203125,316.4757080078125,122513
2017-10-06,316.7545166015625,316.7545166015625,312.1072998046875,313.8267822265625,204307
2017-10-09,316.24334716796875,320.797607421875,316.010986328125,320.0540466308594,181735
2017-10-10,324.14361572265625,327.164306640625,323.446533203125,327.164306640625,261740
2017-10-11,330.6032409667969,332.8339233398437,327.2107849121094,332.3227233886719,296716
2017-10-12,333.1592102050781,333.6239318847656,330.6032409667969,331.8115234375,187809
2017-10-13,333.6239318847656,333.67041015625,330.4173583984375,332.1368408203125,169432
2017-10-16,332.97332763671875,333.1127319335937,329.72027587890625,331.8115234375,161667
2017-10-17,332.2762451171875,332.6015625,329.0696716308594,330.4173583984375,210121
2017-10-18,329.023193359375,335.0645751953125,328.6978759765625,332.6944885253906,256000
2017-10-19,332.2297668457031,333.2056884765625,329.9991149902344,332.5550842285156,192168
2017-10-20,335.1110534667969,335.3434143066406,331.3468017578125,333.8562927246094,288569
2017-10-23,335.3434143066406,337.6205444335937,334.46044921875,335.7616577148437,233671
2017-10-24,335.529296875,337.6205444335937,333.57745361328125,337.2023010253906,262503
2017-10-25,362.4831848144531,367.7345275878906,355.2799987792969,366.8515625,963795
2017-10-26,364.1097106933594,366.712158203125,360.0666198730469,364.9461975097656,520479
2017-10-27,367.08392333984375,368.9892883300781,363.4591064453125,367.4556884765625,259539
2017-10-30,367.5951232910156,369.9187316894531,367.1768798828125,368.5245666503906,213537
2017-10-31,368.1063232421875,370.1510925292969,365.5038757324219,365.7362365722656,229375
2017-11-01,365.7362365722656,369.9187316894531,365.2715148925781,368.71044921875,288094
2017-11-02,368.6639709472656,373.4971008300781,366.6656799316406,368.0598449707031,261474
2017-11-03,368.9892883300781,376.006591796875,367.6416015625,375.8207092285156,248509
2017-11-06,375.4953918457031,377.8190002441406,374.147705078125,377.3078002929688,177691
2017-11-07,377.865478515625,379.5384826660156,372.7535400390625,373.6365051269531,236970
2017-11-08,374.0082702636719,376.5177917480469,370.6622924804688,372.66058349609375,247674
2017-11-09,371.7776184082031,371.7776184082031,361.3213806152344,361.6466674804688,539667
2017-11-10,360.9495849609375,362.3902282714844,356.627685546875,360.5313415527344,378276
2017-11-13,360.2060241699219,361.6466674804688,355.1870422363281,358.25421142578125,224636
2017-11-14,359.6018981933594,361.7396240234375,356.8135681152344,357.7894897460937,175926
2017-11-15,356.627685546875,357.5106506347656,351.28338623046875,356.0235290527344,269064
2017-11-16,356.7206115722656,359.2765808105469,355.837646484375,358.4400939941406,185249
2017-11-17,359.2765808105469,360.4383850097656,357.6500549316406,358.6259765625,181439
2017-11-20,358.25421142578125,364.8997192382813,357.8359680175781,364.43499755859375,151395
2017-11-21,364.853271484375,368.1992492675781,360.8101806640625,368.0598449707031,170465
2017-11-22,368.4780883789063,368.4780883789063,362.9479064941406,362.9479064941406,181178
2017-11-23,362.4831848144531,365.7362365722656,361.0425415039063,363.36614990234375,87981
2017-11-24,363.5055541992188,365.0856323242188,362.6690673828125,363.8773498535156,93444
2017-11-27,363.3196716308594,363.36614990234375,357.0459289550781,357.0459289550781,210505
2017-11-28,357.8824157714844,358.8583374023437,347.7050170898437,348.6809387207031,349244
2017-11-29,351.1439514160156,355.2335205078125,348.402099609375,349.3780212402344,295310
2017-11-30,349.3780212402344,351.88751220703125,345.5672912597656,346.45025634765625,295110
2017-12-01,345.753173828125,352.1663513183594,341.89599609375,347.612060546875,229384
2017-12-04,350.95806884765625,350.95806884765625,345.0096435546875,347.1938171386719,260138
2017-12-05,347.7514953613281,353.7928771972656,344.7308044433594,351.6551513671875,233753
2017-12-06,349.7962646484375,354.5829162597656,347.1473388671875,353.60699462890625,211903
2017-12-07,354.4434814453125,355.6982421875,352.25927734375,355.1405639648437,175371
2017-12-08,357.2318115234375,359.2301330566406,356.1629638671875,358.5330505371094,142754
2017-12-11,359.0906982421875,360.25250244140625,356.9994506835937,359.6948547363281,158608
2017-12-12,359.6483764648437,362.2508239746094,354.3040771484375,362.2508239746094,235593
2017-12-13,362.4831848144531,364.20263671875,356.3023681640625,359.8342590332031,308480
2017-12-14,358.4400939941406,362.7155456542969,357.0924072265625,361.2284240722656,230888
2017-12-15,359.6483764648437,361.7861022949219,358.0683288574219,361.414306640625,370127
2017-12-18,364.15618896484375,370.0581359863281,363.8773498535156,369.6863708496094,193586
2017-12-19,369.9187316894531,371.4523010253906,367.40924072265625,367.7345275878906,150744
2017-12-20,367.92041015625,368.71044921875,360.9031372070313,361.8790283203125,177111
2017-12-21,361.8790283203125,371.498779296875,361.4607849121094,368.6174926757813,203362
2017-12-22,367.5486450195313,368.8034057617188,363.69146728515625,363.69146728515625,118729
2017-12-27,363.4126281738281,367.2698059082031,362.6225891113281,366.1544799804688,88564
2017-12-28,366.61920166015625,367.5486450195313,365.0391540527344,365.8756408691406,75674
2017-12-29,365.6897583007813,366.1080017089844,361.2284240722656,365.2715148925781,117837
2018-01-02,364.3420715332031,365.1785583496094,354.5829162597656,356.627685546875,169054
2018-01-03,357.3712463378906,361.3678588867188,357.3712463378906,360.8101806640625,193951
2018-01-04,363.4126281738281,370.7552185058594,363.2267456054688,370.2904968261719,273096
2018-01-05,370.3834533691406,373.45062255859375,366.8515625,373.45062255859375,179250
2018-01-08,373.7294616699219,374.287109375,368.71044921875,369.1751708984375,167998
2018-01-09,370.0116882324219,374.9377136230469,369.2681274414063,374.9377136230469,170273
2018-01-10,374.9377136230469,383.3956604003906,372.6141052246094,383.3956604003906,350480
2018-01-11,383.8603820800781,384.8827819824219,377.16839599609375,379.5849609375,253091
2018-01-12,383.58154296875,385.7192687988281,370.3834533691406,380.0496826171875,459131
2018-01-15,379.02728271484375,379.02728271484375,371.8705749511719,373.1717834472656,167514
2018-01-16,373.6365051269531,376.6107177734375,371.9635009765625,374.84478759765625,164026
2018-01-17,374.84478759765625,380.4214477539063,372.2423400878906,374.0082702636719,181206
2018-01-18,375.1236267089844,376.5177917480469,370.1975708007813,372.5211791992188,159528
2018-01-19,375.216552734375,383.8603820800781,374.287109375,383.0238952636719,290213
2018-01-22,382.373291015625,383.9533386230469,379.7708435058594,380.4214477539063,145087
2018-01-23,382.9309387207031,384.1392211914063,379.02728271484375,381.9085693359375,134507
2018-01-24,382.1873779296875,382.1873779296875,377.5401611328125,377.5401611328125,129809
2018-01-25,376.6107177734375,379.5849609375,369.9187316894531,373.1717834472656,205660
2018-01-26,375.9601135253906,387.949951171875,375.4953918457031,383.0238952636719,309549
2018-01-29,382.28033447265625,382.9309387207031,376.14599609375,376.4248352050781,202601
2018-01-30,374.9377136230469,380.0496826171875,374.5659484863281,376.6107177734375,136865
2018-01-31,377.6331176757813,380.0496826171875,376.7036743164063,379.02728271484375,152352
2018-02-01,379.3990478515625,380.0496826171875,375.8671569824219,379.5849609375,117686
2018-02-02,378.56256103515625,378.56256103515625,368.15277099609375,368.5245666503906,205801
2018-02-05,364.063232421875,367.40924072265625,358.1147766113281,361.4607849121094,300415
2018-02-06,349.09918212890625,356.9065246582031,343.4295654296875,347.7979736328125,462618
2018-02-07,352.5381164550781,362.6690673828125,349.8427429199219,361.0890197753906,340017
2018-02-08,358.9512939453125,358.9512939453125,345.753173828125,346.0320129394531,293360
2018-02-09,343.52252197265625,347.24029541015625,338.1317443847656,341.0130310058594,423012
2018-02-12,344.6378479003906,353.9322814941406,344.2660827636719,353.1887512207031,429314
2018-02-13,351.4227905273437,354.4899597167969,338.6894226074219,339.2470703125,658979
2018-02-14,343.8013610839844,359.0442199707031,339.7117919921875,357.46417236328125,547961
2018-02-15,365.7362365722656,367.0374450683594,360.5313415527344,364.8067932128906,324505
2018-02-16,365.4573974609375,366.3868408203125,360.9031372070313,364.8997192382813,256010
2018-02-19,368.3386840820313,368.71044921875,360.345458984375,362.0184631347656,128620
2018-02-20,362.204345703125,364.43499755859375,360.6242980957031,362.6690673828125,147540
2018-02-21,363.4126281738281,367.5021667480469,360.9031372070313,367.5021667480469,192042
2018-02-22,364.3420715332031,368.5245666503906,362.0184631347656,366.29388427734375,215641
2018-02-23,367.0374450683594,367.5951232910156,362.7620239257813,364.15618896484375,131272
2018-02-26,365.82916259765625,369.9187316894531,365.5503540039063,368.3386840820313,111381
2018-02-27,371.7776184082031,371.7776184082031,363.4126281738281,364.8997192382813,116777
2018-02-28,363.4126281738281,365.1785583496094,360.6242980957031,360.6242980957031,221510
2018-03-01,362.29730224609375,364.2491149902344,356.7206115722656,357.3712463378906,227488
2018-03-02,354.3970031738281,355.7911682128906,346.8685302734375,348.7274169921875,265217
2018-03-05,348.63446044921875,356.53472900390625,348.2626953125,355.6982421875,170671
2018-03-06,359.6018981933594,360.6242980957031,355.6982421875,355.8841247558594,138704
2018-03-07,355.0476379394531,355.2335205078125,351.2369079589844,352.909912109375,206314
2018-03-08,354.0252380371094,357.1853332519531,351.2369079589844,355.6982421875,161378
2018-03-09,356.1629638671875,360.6242980957031,353.83935546875,360.6242980957031,210061
2018-03-12,363.3196716308594,363.8773498535156,358.3006896972656,359.6018981933594,146217
2018-03-13,359.416015625,362.11138916015625,354.21112060546875,355.5123596191406,154885
2018-03-14,355.5123596191406,358.9512939453125,353.2816772460937,355.60528564453125,170895
2018-03-15,358.7654113769531,360.6242980957031,355.3264465332031,359.2301330566406,181760
2018-03-16,358.9512939453125,360.1595764160156,354.9546813964844,354.9546813964844,305063
2018-03-19,351.88751220703125,354.768798828125,348.54150390625,351.329833984375,220268
2018-03-20,350.95806884765625,360.5313415527344,350.49334716796875,360.1595764160156,190710
2018-03-21,361.7396240234375,368.9892883300781,360.9031372070313,366.9445190429688,302820
2018-03-22,365.0856323242188,369.0822143554688,354.3040771484375,358.3006896972656,234759
2018-03-23,354.768798828125,359.6018981933594,350.12158203125,357.7430114746094,251937
2018-03-26,358.6724548339844,360.6242980957031,353.6534729003906,355.2335205078125,173770
2018-03-27,361.6466674804688,363.2267456054688,353.9322814941406,355.8841247558594,176366
2018-03-28,354.9546813964844,358.39361572265625,350.49334716796875,357.1853332519531,181483
2018-03-29,360.25250244140625,364.15618896484375,356.9065246582031,361.3678588867188,208237
2018-04-03,363.1337890625,374.287109375,361.5537414550781,373.1717834472656,276720
2018-04-04,373.9153442382813,377.075439453125,367.2233276367188,372.5211791992188,308851
2018-04-05,376.4248352050781,389.1582336425781,375.9601135253906,389.1582336425781,382897
2018-04-06,386.7416687011719,390.18060302734375,384.232177734375,388.1358337402344,226317
2018-04-09,386.1839904785156,392.2253723144531,384.60394287109375,386.6487121582031,322619
2018-04-10,395.01373291015625,415.4614868164063,394.8278198242188,399.0103149414063,376718
2018-04-11,399.2891540527344,404.77288818359375,396.0361022949219,404.77288818359375,267290
2018-04-12,404.4010925292969,410.0707092285156,400.1256713867188,408.8624267578125,215627
2018-04-13,411.6507568359375,411.6507568359375,405.4234924316406,405.4234924316406,239949
2018-04-16,405.8882141113281,410.34954833984375,403.8434448242188,406.63177490234375,218047
2018-04-17,406.63177490234375,409.3271484375,404.5870056152344,405.4234924316406,198744
2018-04-18,406.7247009277344,408.397705078125,402.3563232421875,403.9363708496094,151203
2018-04-19,403.5646057128906,403.8434448242188,397.4302673339844,398.73150634765625,167699
2018-04-20,398.73150634765625,405.0517272949219,397.9879455566406,400.5903930664063,220443
2018-04-23,400.86920166015625,405.8882141113281,398.9173889160156,405.5164489746094,188903
2018-04-24,407.5612182617188,409.88482666015625,402.821044921875,407.2823791503906,192468
2018-04-25,425.6853637695313,437.5822448730469,425.3135986328125,426.0571594238281,563036
2018-04-26,426.707763671875,430.8902587890625,421.6887512207031,430.3325805664063,239097
2018-04-27,432.0985412597656,443.0659790039063,430.79730224609375,443.0659790039063,294966
2018-04-30,444.2742614746094,445.7613525390625,440.2776489257813,445.7613525390625,214596
2018-05-02,446.1331481933594,453.8475341796875,445.38958740234375,451.7098083496094,223923
2018-05-03,449.8509216308594,452.453369140625,447.80615234375,450.1297607421875,149666
2018-05-04,451.8956909179688,453.0110168457031,449.2003173828125,449.3861999511719,157367
2018-05-07,449.8509216308594,451.6168518066406,443.8095397949219,444.2742614746094,249605
2018-05-08,447.0625915527344,451.2450866699219,443.53070068359375,451.2450866699219,239462
2018-05-09,452.5462951660156,452.5462951660156,443.9954223632813,446.6907958984375,299890
2018-05-10,447.0625915527344,453.6616516113281,445.947265625,453.6616516113281,165636
2018-05-11,454.2192993164063,458.8665161132813,450.3156433105469,458.8665161132813,300056
2018-05-14,459.7000122070313,462.7000122070313,455.2999877929688,458.6000061035156,262514
2018-05-15,456.5,466.7000122070313,455.6000061035156,466.7000122070313,241250
2018-05-16,467.6000061035156,478.2999877929688,466.5,477.7999877929688,216023
2018-05-17,476.7999877929688,479.1000061035156,472.5,477.6000061035156,170778
2018-05-18,475.2000122070313,480.0,472.7000122070313,478.7999877929688,226438
2018-05-21,480.0,487.1000061035156,479.2999877929688,486.1000061035156,107257
2018-05-22,487.0,489.1000061035156,483.2999877929688,486.2999877929688,136549
2018-05-23,484.2000122070313,485.3999938964844,475.8999938964844,480.0,256933
2018-05-24,482.2000122070313,490.2999877929688,481.8999938964844,487.1000061035156,210968
2018-05-25,491.2999877929688,493.3999938964844,485.3999938964844,487.5,233153
2018-05-28,490.2999877929688,490.8999938964844,485.7999877929688,489.2000122070313,77904
2018-05-29,486.2999877929688,490.8999938964844,482.2000122070313,487.2000122070313,198979
2018-05-30,487.2000122070313,489.7000122070313,483.5,487.7000122070313,182797
2018-05-31,488.8999938964844,492.2000122070313,484.8999938964844,489.7000122070313,218636
2018-06-01,492.7000122070313,495.7000122070313,491.2999877929688,491.7999877929688,184993
2018-06-04,492.6000061035156,497.2000122070313,490.7000122070313,496.5,141420
2018-06-05,497.3999938964844,504.2000122070313,494.7000122070313,500.6000061035156,132873
2018-06-06,501.6000061035156,503.2000122070313,495.2000122070313,499.3999938964844,163183
2018-06-07,501.6000061035156,503.0,477.8999938964844,478.7000122070313,351153
2018-06-08,476.7999877929688,505.3999938964844,473.7000122070313,505.3999938964844,329296
2018-06-11,505.2000122070313,510.6000061035156,500.3999938964844,507.0,206546
2018-06-12,509.7999877929688,511.3999938964844,502.6000061035156,502.7999877929688,182191
2018-06-13,502.3999938964844,509.2000122070313,502.3999938964844,505.3999938964844,149985
2018-06-14,502.0,517.2000122070312,495.1000061035156,514.5999755859375,262174
2018-06-15,517.2000122070312,522.4000244140625,511.3999938964844,512.0,293328
2018-06-18,511.0,512.4000244140625,502.7999877929688,508.7999877929688,158192
2018-06-19,500.7999877929688,501.7999877929688,492.8999938964844,493.7000122070313,210011
2018-06-20,495.2999877929688,496.7999877929688,479.0,481.3999938964844,343152
2018-06-21,485.7000122070313,491.7000122070313,478.0,480.0,281238
2018-06-22,482.2000122070313,486.8999938964844,479.5,486.0,173052
2018-06-25,483.0,484.5,468.7000122070313,468.7000122070313,196398
2018-06-26,470.5,484.0,470.2999877929688,475.2999877929688,192056
2018-06-27,480.5,491.5,477.2999877929688,485.0,268217
2018-06-28,490.0,494.0,473.2999877929688,476.6000061035156,278659
2018-06-29,483.8999938964844,491.3999938964844,480.2999877929688,483.6000061035156,236923
2018-07-02,475.7000122070313,483.7999877929688,471.5,472.5,259161
2018-07-03,476.2000122070313,479.2000122070313,471.8999938964844,471.8999938964844,232932
2018-07-04,472.0,473.2999877929688,467.7000122070313,472.0,137352
2018-07-05,473.8999938964844,476.3999938964844,468.6000061035156,471.7000122070313,200200
2018-07-06,472.7999877929688,477.2999877929688,471.0,476.5,178524
2018-07-09,480.7000122070313,486.7999877929688,480.0,486.0,178982
2018-07-10,487.5,494.5,487.3999938964844,493.7999877929688,178780
2018-07-11,489.2000122070313,489.8999938964844,475.0,475.0,263706
2018-07-12,478.2000122070313,488.3999938964844,478.2000122070313,488.3999938964844,173455
2018-07-13,490.1000061035156,496.5,489.1000061035156,492.5,163440
2018-07-16,493.2000122070313,493.7000122070313,486.2000122070313,490.2000122070313,85657
2018-07-17,490.7999877929688,497.2999877929688,486.7000122070313,497.2999877929688,161130
2018-07-18,500.0,506.3999938964844,497.3999938964844,503.6000061035156,135675
2018-07-19,502.0,502.0,494.7000122070313,495.5,168151
2018-07-20,494.8999938964844,496.3999938964844,483.3999938964844,486.7999877929688,278445
2018-07-23,484.6000061035156,486.5,478.5,483.8999938964844,166789
2018-07-24,488.0,493.6000061035156,486.2999877929688,490.8999938964844,210275
2018-07-25,499.5,504.6000061035156,496.7999877929688,503.6000061035156,215458
2018-07-26,506.6000061035156,509.6000061035156,482.1000061035156,502.7999877929688,354521
2018-07-27,475.0,476.3999938964844,463.1000061035156,464.0,677727
2018-07-30,465.0,469.3999938964844,463.5,463.5,221007
2018-07-31,464.0,464.5,451.7000122070313,456.0,293274
2018-08-01,457.2000122070313,462.0,455.5,458.6000061035156,177886
2018-08-02,457.0,457.1000061035156,451.6000061035156,455.3999938964844,288222
2018-08-03,455.7999877929688,460.2000122070313,452.0,459.5,207413
2018-08-06,462.2000122070313,463.2999877929688,455.8999938964844,457.7000122070313,145400
2018-08-07,458.8999938964844,469.1000061035156,458.7999877929688,466.7000122070313,179882
2018-08-08,468.0,472.3999938964844,464.1000061035156,464.5,211345
2018-08-09,466.1000061035156,473.6000061035156,464.2000122070313,472.8999938964844,175440
2018-08-10,468.0,468.7999877929688,462.3999938964844,464.6000061035156,199629
2018-08-13,463.2000122070313,466.6000061035156,460.0,466.2999877929688,163009
2018-08-14,468.7999877929688,472.7999877929688,463.8999938964844,464.2000122070313,168970
2018-08-15,469.5,469.5,450.1000061035156,451.5,267181
2018-08-16,452.0,456.1000061035156,449.6000061035156,453.0,280980
2018-08-17,455.1000061035156,457.0,450.3999938964844,453.1000061035156,147405
2018-08-20,455.7999877929688,466.3999938964844,454.2999877929688,463.0,195096
2018-08-21,461.5,466.0,459.0,461.7999877929688,147900
2018-08-22,459.0,460.8999938964844,456.2999877929688,458.7000122070313,162068
2018-08-23,459.7999877929688,462.0,454.0,456.3999938964844,156002
2018-08-24,455.1000061035156,459.8999938964844,455.1000061035156,457.2000122070313,175578
2018-08-27,460.3999938964844,470.8999938964844,459.8999938964844,470.8999938964844,145328
2018-08-28,472.6000061035156,480.2999877929688,471.3999938964844,478.2000122070313,177177
2018-08-29,480.7999877929688,483.7000122070313,477.1000061035156,481.7000122070313,192885
2018-08-30,481.5,487.3999938964844,480.0,482.3999938964844,156076
2018-08-31,481.2999877929688,482.2999877929688,468.0,468.0,239409
2018-09-03,468.5,468.6000061035156,460.2000122070313,462.2000122070313,161593
2018-09-04,462.7999877929688,465.3999938964844,451.2000122070313,451.8999938964844,279840
2018-09-05,450.1000061035156,453.0,438.5,439.2000122070313,299617
2018-09-06,430.3999938964844,438.8999938964844,428.2000122070313,430.1000061035156,383232
2018-09-07,434.0,447.2000122070313,434.0,447.2000122070313,365324
2018-09-10,448.1000061035156,450.2999877929688,440.0,448.5,225849
2018-09-11,451.2999877929688,453.2999877929688,440.2000122070313,440.2000122070313,302741
2018-09-12,444.6000061035156,455.2999877929688,443.6000061035156,455.2999877929688,370742
2018-09-13,453.0,455.5,445.6000061035156,446.6000061035156,187541
2018-09-14,449.7000122070313,452.8999938964844,445.3999938964844,447.2000122070313,239359
2018-09-17,446.6000061035156,446.7000122070313,436.8999938964844,441.0,247761
2018-09-18,444.6000061035156,448.6000061035156,437.7999877929688,441.2999877929688,304565
2018-09-19,441.1000061035156,445.0,439.0,443.0,220982
2018-09-20,444.7000122070313,450.5,442.6000061035156,449.2999877929688,322861
2018-09-21,452.3999938964844,460.1000061035156,451.7999877929688,454.7000122070313,3615242
2018-09-24,454.2999877929688,459.8999938964844,452.1000061035156,456.5,271203
2018-09-25,456.2000122070313,460.3999938964844,455.2000122070313,460.3999938964844,237529
2018-09-26,460.2000122070313,460.7999877929688,457.1000061035156,458.8999938964844,203848
2018-09-27,458.0,466.2000122070313,457.2999877929688,464.0,244674
2018-09-28,463.6000061035156,467.0,458.8999938964844,461.7000122070313,287745
2018-10-01,462.7000122070313,469.5,462.0,468.3999938964844,200505
2018-10-02,464.5,465.3999938964844,458.7000122070313,459.8999938964844,231097
2018-10-03,460.5,465.6000061035156,457.8999938964844,462.6000061035156,171744
2018-10-04,459.1000061035156,459.3999938964844,432.0,437.7999877929688,494374
2018-10-05,438.2000122070313,439.0,414.7000122070313,429.1000061035156,640970
2018-10-08,427.2000122070313,428.0,417.3999938964844,420.2000122070313,467977
2018-10-09,420.6000061035156,423.1000061035156,415.2999877929688,421.8999938964844,318748
2018-10-10,420.6000061035156,422.8999938964844,378.1000061035156,381.2999877929688,1034304
2018-10-11,369.8999938964844,380.2000122070313,365.1000061035156,372.2999877929688,800804
2018-10-12,380.8999938964844,387.2999877929688,378.3999938964844,379.7000122070313,497341
2018-10-15,380.2000122070313,380.3999938964844,365.7999877929688,370.8999938964844,378919
2018-10-16,365.8999938964844,382.7999877929688,364.2000122070313,381.8999938964844,387466
2018-10-17,384.1000061035156,390.8999938964844,373.0,378.2999877929688,332073
2018-10-18,378.1000061035156,378.7000122070313,365.0,365.8999938964844,340909
2018-10-19,365.0,369.5,359.0,360.20001220703125,527305
2018-10-22,369.7999877929688,374.2999877929688,365.5,367.0,306006
2018-10-23,361.6000061035156,362.5,351.70001220703125,353.1000061035156,421063
2018-10-24,389.0,398.7999877929688,369.1000061035156,370.0,819835
2018-10-25,369.0,389.1000061035156,365.5,381.1000061035156,484696
2018-10-26,376.0,380.8999938964844,368.8999938964844,377.3999938964844,417656
2018-10-29,384.3999938964844,389.5,370.0,381.3999938964844,238507
2018-10-30,382.2000122070313,384.2000122070313,368.2000122070313,376.1000061035156,343815
2018-10-31,384.5,399.2000122070313,381.1000061035156,393.6000061035156,591308
2018-11-01,393.1000061035156,399.2000122070313,390.2999877929688,399.0,334738
2018-11-02,416.6000061035156,427.2999877929688,415.7999877929688,421.0,628978
2018-11-05,421.0,421.0,409.0,410.0,291010
2018-11-06,412.1000061035156,414.0,406.8999938964844,409.8999938964844,210032
2018-11-07,411.2999877929688,415.3999938964844,408.6000061035156,411.5,187099
2018-11-08,412.3999938964844,413.3999938964844,403.6000061035156,407.3999938964844,225854
2018-11-09,386.0,398.2999877929688,383.1000061035156,393.2000122070313,340250
2018-11-12,395.8999938964844,397.3999938964844,388.0,388.7000122070313,189375
2018-11-13,389.7999877929688,402.2000122070313,388.1000061035156,400.7999877929688,281073
2018-11-14,396.6000061035156,404.5,390.7000122070313,397.6000061035156,238715
2018-11-15,401.2999877929688,403.0,387.3999938964844,392.8999938964844,225870
2018-11-16,395.2999877929688,399.2000122070313,386.5,389.6000061035156,224806
2018-11-19,391.5,396.0,381.8999938964844,382.6000061035156,182300
2018-11-20,380.1000061035156,381.0,369.1000061035156,374.2000122070313,284952
2018-11-21,377.7000122070313,383.0,373.7999877929688,383.0,238216
2018-11-22,381.5,390.5,380.5,388.0,218044
2018-11-23,388.0,391.5,386.7000122070313,390.2999877929688,174542
2018-11-26,394.7999877929688,397.2000122070313,385.2000122070313,389.6000061035156,190977
2018-11-27,390.8999938964844,392.3999938964844,383.7000122070313,387.3999938964844,193257
2018-11-28,388.3999938964844,396.8999938964844,385.7000122070313,387.8999938964844,212681
2018-11-29,393.0,396.6000061035156,387.1000061035156,388.7000122070313,216176
2018-11-30,389.1000061035156,389.2000122070313,381.0,384.0,358029
2018-12-03,400.0,417.3999938964844,399.1000061035156,413.5,534587
2018-12-04,408.0,411.5,404.7999877929688,405.3999938964844,294500
2018-12-05,397.8999938964844,406.6000061035156,395.2000122070313,403.2000122070313,244230
2018-12-06,397.3999938964844,397.7000122070313,388.1000061035156,390.8999938964844,296269
2018-12-07,395.0,404.1000061035156,394.5,395.2999877929688,265008
2018-12-10,391.0,393.8999938964844,387.0,389.2999877929688,274966
2018-12-11,393.7000122070313,405.1000061035156,391.1000061035156,399.3999938964844,310015
2018-12-12,407.0,411.7000122070313,400.3999938964844,409.7000122070313,282435
2018-12-13,414.0,419.7999877929688,408.0,411.3999938964844,297358
2018-12-14,405.0,408.6000061035156,399.7999877929688,404.3999938964844,262035
2018-12-17,402.0,404.6000061035156,395.7000122070313,403.1000061035156,231527
2018-12-18,401.1000061035156,409.8999938964844,395.5,402.5,283563
2018-12-19,404.2000122070313,410.6000061035156,401.1000061035156,407.7000122070313,250773
2018-12-20,400.2000122070313,406.2000122070313,398.2000122070313,399.8999938964844,310185
2018-12-21,397.6000061035156,402.2999877929688,389.5,396.1000061035156,446817
2018-12-24,393.8999938964844,393.8999938964844,385.5,387.0,63035
2018-12-27,395.6000061035156,396.7999877929688,377.6000061035156,385.5,319230
2018-12-28,387.2000122070313,399.5,386.5,397.5,188940
2018-12-31,400.7999877929688,411.6000061035156,399.6000061035156,411.6000061035156,87912
2019-01-02,404.7000122070313,405.3999938964844,395.7999877929688,402.7999877929688,220756
2019-01-03,393.8999938964844,394.6000061035156,380.7000122070313,380.7000122070313,395191
2019-01-04,386.0,398.2999877929688,382.0,397.3999938964844,355467
2019-01-07,400.2000122070313,402.7000122070313,393.7999877929688,396.3999938964844,221319
2019-01-08,397.8999938964844,414.3999938964844,394.5,410.5,337604
2019-01-09,415.8999938964844,429.7999877929688,415.8999938964844,420.1000061035156,382549
2019-01-10,404.3999938964844,409.7000122070313,402.8999938964844,405.3999938964844,331161
2019-01-11,409.0,409.6000061035156,398.0,405.8999938964844,250315
2019-01-14,398.1000061035156,402.7000122070313,395.3999938964844,397.7000122070313,214949
2019-01-15,400.0,404.3999938964844,391.5,394.2999877929688,199800
2019-01-16,398.0,400.7999877929688,396.1000061035156,397.0,200555
2019-01-17,395.0,401.3999938964844,393.0,397.5,168130
2019-01-18,400.8999938964844,410.7999877929688,398.6000061035156,410.0,291717
2019-01-21,409.1000061035156,414.3999938964844,408.0,412.8999938964844,127177
2019-01-22,408.8999938964844,415.2000122070313,406.3999938964844,410.0,181715
2019-01-23,405.0,416.2999877929688,402.0,412.7000122070313,227115
2019-01-24,412.6000061035156,418.2000122070313,410.5,414.7000122070313,186646
2019-01-25,421.3999938964844,424.7000122070313,418.0,421.2000122070313,178847
2019-01-28,418.0,418.8999938964844,413.8999938964844,418.2999877929688,177216
2019-01-29,415.7999877929688,423.6000061035156,413.2000122070313,418.3999938964844,172181
2019-01-30,426.7999877929688,439.2999877929688,426.7999877929688,432.2999877929688,351984
2019-01-31,436.6000061035156,437.5,431.3999938964844,437.5,252345
2019-02-01,439.7000122070313,446.2000122070313,438.6000061035156,446.2000122070313,270683
2019-02-04,446.2000122070313,446.2000122070313,439.3999938964844,442.1000061035156,178512
2019-02-05,442.0,451.5,439.7999877929688,451.2000122070313,280521
2019-02-06,450.0,454.6000061035156,444.7000122070313,444.7000122070313,226333
2019-02-07,443.3999938964844,447.8999938964844,438.7999877929688,440.3999938964844,263429
2019-02-08,439.7999877929688,445.6000061035156,437.8999938964844,440.8999938964844,196209
2019-02-11,445.0,452.6000061035156,444.6000061035156,451.0,289914
2019-02-12,433.0,472.3999938964844,430.7000122070313,465.7999877929688,627467
2019-02-13,479.8999938964844,484.6000061035156,474.2000122070313,480.0,465370
2019-02-14,485.7999877929688,486.0,468.2000122070313,468.2000122070313,395979
2019-02-15,465.0,477.2999877929688,462.0,473.5,291960
2019-02-18,474.3999938964844,479.2000122070313,473.2999877929688,475.3999938964844,144843
2019-02-19,476.7000122070313,478.0,472.2999877929688,475.2000122070313,153971
2019-02-20,475.3999938964844,479.5,471.6000061035156,474.5,200039
2019-02-21,477.5,479.5,474.2999877929688,476.3999938964844,196462
2019-02-22,477.5,480.0,474.2999877929688,480.0,149266
2019-02-25,482.0,487.7999877929688,481.6000061035156,483.6000061035156,177410
2019-02-26,482.3999938964844,487.1000061035156,479.1000061035156,486.5,162753
2019-02-27,483.0,485.1000061035156,479.7000122070313,481.3999938964844,182127
2019-02-28,480.0,484.7000122070313,478.3999938964844,480.1000061035156,246920
2019-03-01,500.0,500.7999877929688,491.7999877929688,495.5,309691
2019-03-04,498.2000122070313,503.7999877929688,493.6000061035156,494.5,209947
2019-03-05,493.0,493.3999938964844,487.8999938964844,493.3999938964844,199160
2019-03-06,491.0,494.1000061035156,485.7999877929688,489.0,193363
2019-03-07,487.1000061035156,491.0,480.2999877929688,487.0,209185
2019-03-08,480.2999877929688,489.7000122070313,480.0,486.7999877929688,201716
2019-03-11,489.2000122070313,490.3999938964844,484.3999938964844,487.5,166456
2019-03-12,490.0,490.8999938964844,486.0,487.6000061035156,147461
2019-03-13,486.2000122070313,492.8999938964844,485.0,490.5,129275
2019-03-14,489.2999877929688,495.0,488.1000061035156,494.6000061035156,192640
2019-03-15,495.0,505.7999877929688,494.3999938964844,496.2999877929688,503697
2019-03-18,497.8999938964844,499.7999877929688,494.5,496.0,148711
2019-03-19,498.0,512.0,497.1000061035156,509.3999938964844,232123
2019-03-20,512.0,512.5999755859375,502.7999877929688,502.7999877929688,245369
2019-03-21,503.0,504.3999938964844,495.3999938964844,500.0,178423
2019-03-22,504.7999877929688,507.7999877929688,490.1000061035156,492.2000122070313,241701
2019-03-25,487.2999877929688,497.7999877929688,481.7000122070313,497.3999938964844,225096
2019-03-26,497.7999877929688,505.7999877929688,497.1000061035156,504.2000122070313,214326
2019-03-27,506.2000122070313,508.7999877929688,500.3999938964844,502.0,186095
2019-03-28,501.6000061035156,511.6000061035156,500.7999877929688,503.3999938964844,191164
2019-03-29,510.7999877929688,513.5999755859375,508.0,511.2000122070313,211634
2019-04-01,520.0,524.2000122070312,517.0999755859375,522.0999755859375,246111
2019-04-02,521.0,527.0,520.0,526.4000244140625,189504
2019-04-03,531.2999877929688,534.9000244140625,522.5999755859375,524.2000122070312,193011
2019-04-04,523.9000244140625,526.7999877929688,522.2999877929688,522.5,184214
2019-04-05,524.9000244140625,531.0,524.9000244140625,530.0999755859375,264567
2019-04-08,528.0,530.0,523.7999877929688,526.5999755859375,141936
2019-04-09,523.4000244140625,525.2999877929688,516.9000244140625,517.7999877929688,176740
2019-04-10,519.4000244140625,524.2999877929688,517.5,523.5999755859375,132095
2019-04-11,530.0,536.5,527.5,535.2999877929688,273367
2019-04-12,535.0,537.7999877929688,530.0999755859375,530.4000244140625,167948
2019-04-15,532.0999755859375,534.5,529.7000122070312,531.5999755859375,173418
2019-04-16,534.4000244140625,536.2999877929688,530.0,532.9000244140625,195119
2019-04-17,535.7999877929688,539.7999877929688,533.4000244140625,537.5,240081
2019-04-18,507.0,524.0,496.6499938964844,510.3999938964844,662374
2019-04-23,511.0,531.5999755859375,509.3999938964844,531.5999755859375,334278
2019-04-24,528.7000122070312,533.0999755859375,523.0999755859375,533.0999755859375,226912
2019-04-25,530.5999755859375,532.7999877929688,525.4000244140625,529.2999877929688,182850
2019-04-26,530.0999755859375,533.7999877929688,524.7000122070312,529.4000244140625,153540
2019-04-29,528.0999755859375,532.2999877929688,525.0,525.0,190203
2019-04-30,524.9000244140625,527.5999755859375,523.4000244140625,527.0,229158
2019-05-02,524.0,524.0,514.7999877929688,520.2000122070312,220154
2019-05-03,516.7000122070312,526.2999877929688,516.7000122070312,526.0,107264
2019-05-06,508.8999938964844,514.0999755859375,507.0,513.0,213940
2019-05-07,513.2000122070312,516.5,503.6000061035156,507.2000122070313,297284
2019-05-08,507.0,516.2999877929688,503.2000122070313,515.7000122070312,194755
2019-05-09,509.5,510.3999938964844,498.0499877929688,501.6000061035156,246130
2019-05-10,502.7999877929688,513.5,502.5,507.1000061035156,236281
2019-05-13,511.0,514.4000244140625,489.75,491.0,287750
2019-05-14,495.4500122070313,510.8999938964844,493.7999877929688,508.5,251128
2019-05-15,510.2000122070313,516.5999755859375,501.3999938964844,516.5999755859375,294688
2019-05-16,516.5999755859375,522.7000122070312,510.8999938964844,521.9000244140625,200943
2019-05-17,519.0,522.5999755859375,514.7000122070312,522.0,242654
2019-05-20,520.0999755859375,525.5999755859375,503.0,503.2000122070313,255510
2019-05-21,505.5,510.1000061035156,499.75,510.1000061035156,222548
2019-05-22,510.6000061035156,521.9000244140625,506.5,508.5,287713
2019-05-23,505.8999938964844,506.2000122070313,488.0499877929688,491.2000122070313,333399
2019-05-24,493.0,495.6499938964844,479.5,482.7000122070313,362033
2019-05-27,486.25,491.2000122070313,483.1000061035156,485.9500122070313,136281
2019-05-28,488.0,490.2000122070313,479.25,479.25,470417
2019-05-29,472.5,475.0499877929688,459.6499938964844,461.1000061035156,488413
2019-05-30,464.75,475.0499877929688,464.0,474.5499877929688,222108
2019-05-31,465.1000061035156,466.7000122070313,456.2000122070313,465.9500122070313,354086
2019-06-03,461.25,466.5499877929688,455.7000122070313,466.5499877929688,277790
2019-06-04,461.9500122070313,471.2000122070313,455.8500061035156,468.4500122070313,291484
2019-06-05,469.9500122070313,476.5,467.2000122070313,471.3999938964844,254191
2019-06-06,471.4500122070313,484.7000122070313,468.6499938964844,470.9500122070313,297759
2019-06-07,471.5,481.9500122070313,471.5,479.6000061035156,258924
2019-06-10,483.8500061035156,485.4500122070313,480.0499877929688,481.75,173929
2019-06-11,482.0499877929688,497.6499938964844,482.0,490.6000061035156,346370
2019-06-12,489.0,489.4500122070313,481.1499938964844,487.1499938964844,245743
2019-06-13,484.5,486.3500061035156,482.0,485.0,166800
2019-06-14,483.1000061035156,487.4500122070313,480.0499877929688,486.4500122070313,138923
2019-06-17,488.7000122070313,497.4500122070313,485.9500122070313,494.25,248983
2019-06-18,493.8500061035156,514.2999877929688,490.0,514.2000122070312,403332
2019-06-19,515.5,518.4000244140625,508.2000122070313,508.2000122070313,236807
2019-06-20,516.4000244140625,520.2000122070312,513.0,513.0,247656
2019-06-21,513.9000244140625,521.0,512.7999877929688,516.2000122070312,457494
2019-06-24,515.0,521.0999755859375,515.0,518.0,144858
2019-06-25,515.5,520.9000244140625,510.6000061035156,510.6000061035156,240635
2019-06-26,508.8999938964844,518.5999755859375,505.6000061035156,510.2000122070313,205753
2019-06-27,513.9000244140625,519.7999877929688,511.8999938964844,515.5999755859375,207066
2019-06-28,514.7999877929688,523.7999877929688,514.5,520.0999755859375,290816
2019-07-01,524.0,532.7000122070312,523.2000122070312,525.0999755859375,214217
2019-07-02,528.5,530.0,525.2999877929688,526.5999755859375,195313
2019-07-03,528.5999755859375,531.5999755859375,526.0999755859375,526.7000122070312,143048
2019-07-04,527.7000122070312,530.2999877929688,524.2000122070312,527.0999755859375,103767
2019-07-05,528.7999877929688,528.7999877929688,518.9000244140625,522.2000122070312,165226
2019-07-08,518.7000122070312,526.0999755859375,515.0,523.7000122070312,138669
2019-07-09,523.5999755859375,526.0999755859375,519.2999877929688,522.0999755859375,140622
2019-07-10,519.7999877929688,524.4000244140625,512.0,516.7999877929688,172885
2019-07-11,519.0,522.7000122070312,515.2000122070312,517.7000122070312,159547
2019-07-12,517.9000244140625,524.4000244140625,517.9000244140625,522.2000122070312,133374
2019-07-15,524.2999877929688,528.0,518.0999755859375,519.9000244140625,147094
2019-07-16,520.9000244140625,531.7999877929688,519.0,530.5999755859375,189646
2019-07-17,528.5,534.2000122070312,524.5,524.5999755859375,143447
2019-07-18,513.7999877929688,521.2999877929688,512.0,519.5999755859375,222404
2019-07-19,520.0,527.9000244140625,520.0,522.7000122070312,204415
2019-07-22,521.2999877929688,527.7999877929688,521.0999755859375,527.2000122070312,141191
2019-07-23,530.4000244140625,534.2000122070312,522.4000244140625,524.0,216867
2019-07-24,523.0,524.2999877929688,516.2000122070312,519.5,231136
2019-07-25,524.0,524.7000122070312,506.3999938964844,508.8999938964844,327759
2019-07-26,467.0,481.5499877929688,458.3999938964844,473.25,933239
2019-07-29,470.0,483.7999877929688,465.75,479.1000061035156,547498
2019-07-30,481.9500122070313,482.8999938964844,469.7999877929688,471.3500061035156,390133
2019-07-31,468.9500122070313,472.1499938964844,464.1000061035156,469.5,365198
2019-08-01,466.6000061035156,474.6000061035156,464.6000061035156,469.4500122070313,212751
2019-08-02,455.5,461.4500122070313,447.5,450.8999938964844,414422
2019-08-05,443.1499938964844,446.8999938964844,436.3999938964844,442.3500061035156,463228
2019-08-06,449.8999938964844,450.25,441.4500122070313,446.7000122070313,369467
2019-08-07,450.0,452.9500122070313,443.5499877929688,447.0,304921
2019-08-08,453.6000061035156,456.1000061035156,447.75,456.1000061035156,277466
2019-08-09,452.7000122070313,456.7000122070313,450.7999877929688,454.6000061035156,261404
2019-08-12,455.4500122070313,458.6000061035156,445.7000122070313,448.7999877929688,239559
2019-08-13,442.0,446.0,431.2999877929688,439.9500122070313,511442
2019-08-14,439.8999938964844,443.0499877929688,425.2000122070313,428.4500122070313,309249
2019-08-15,431.0,433.1000061035156,420.3500061035156,427.6000061035156,305204
2019-08-16,427.8999938964844,433.1000061035156,426.25,432.2999877929688,200528
2019-08-19,436.5,439.5,433.1000061035156,437.9500122070313,217371
2019-08-20,436.1000061035156,444.0499877929688,434.7999877929688,434.7999877929688,226383
2019-08-21,437.1000061035156,441.5499877929688,436.7999877929688,439.0499877929688,252940
2019-08-22,436.5499877929688,437.25,429.8999938964844,430.7999877929688,234115
2019-08-23,433.0,435.0,423.7999877929688,426.0,252276
2019-08-26,423.8999938964844,429.4500122070313,420.0,425.0499877929688,140588
2019-08-27,427.2000122070313,432.7999877929688,424.4500122070313,430.0499877929688,185840
2019-08-28,430.0499877929688,430.0499877929688,421.5499877929688,429.7000122070313,143804
2019-08-29,429.7000122070313,440.7999877929688,426.2999877929688,435.3500061035156,243817
2019-08-30,436.7000122070313,445.2999877929688,434.0,440.3999938964844,225915
2019-09-02,442.4500122070313,443.3500061035156,438.2999877929688,440.8500061035156,95269
2019-09-03,439.0499877929688,439.1499938964844,427.7000122070313,433.3999938964844,211080
2019-09-04,448.0,451.5,444.75,446.25,328375
2019-09-05,451.0,456.2999877929688,447.8999938964844,455.3999938964844,278964
2019-09-06,457.2999877929688,460.9500122070313,451.6000061035156,453.75,174580
2019-09-09,454.2999877929688,454.7000122070313,447.1499938964844,449.2000122070313,175049
2019-09-10,449.2000122070313,450.6000061035156,441.25,450.4500122070313,284504
2019-09-11,453.0,467.5,451.5,467.5,325273
2019-09-12,473.0,479.8999938964844,462.8500061035156,472.1499938964844,356194
2019-09-13,472.9500122070313,475.5,466.8999938964844,468.6000061035156,237140
2019-09-16,462.0,467.2999877929688,460.7000122070313,463.25,199190
2019-09-17,463.0499877929688,463.3999938964844,457.3999938964844,461.1499938964844,196100
2019-09-18,464.1000061035156,465.25,458.2999877929688,462.3500061035156,175857
2019-09-19,464.7000122070313,467.0499877929688,461.25,462.6499938964844,217731
2019-09-20,464.75,469.3999938964844,461.75,468.9500122070313,452677
2019-09-23,465.3500061035156,466.6000061035156,453.8500061035156,454.25,237989
2019-09-24,456.7000122070313,461.25,453.7000122070313,458.2999877929688,158252
2019-09-25,457.5,460.3999938964844,451.4500122070313,458.8999938964844,211901
2019-09-26,457.9500122070313,471.1499938964844,456.5499877929688,463.9500122070313,174671
2019-09-27,464.75,467.4500122070313,463.25,464.75,163150
2019-09-30,464.75,468.75,462.1000061035156,467.5499877929688,151741
2019-10-01,470.75,470.75,453.6499938964844,453.6499938964844,213639
2019-10-02,454.8999938964844,455.8500061035156,435.1000061035156,436.1000061035156,362788
2019-10-03,440.0499877929688,443.5499877929688,434.2000122070313,437.8500061035156,219233
2019-10-04,439.5,442.9500122070313,434.6499938964844,441.8999938964844,204613
2019-10-07,441.75,446.5499877929688,437.6000061035156,445.2999877929688,137082
2019-10-08,447.6000061035156,447.8999938964844,437.5,438.7000122070313,190316
2019-10-09,439.5,447.0,437.3500061035156,443.9500122070313,209756
2019-10-10,455.0,462.9500122070313,453.8999938964844,462.6000061035156,372106
2019-10-11,463.5,472.2999877929688,460.6000061035156,471.8500061035156,255405
2019-10-14,470.0499877929688,472.8999938964844,465.2000122070313,471.7000122070313,148448
2019-10-15,474.6000061035156,488.6499938964844,473.1000061035156,485.8999938964844,313498
2019-10-16,485.6000061035156,485.6000061035156,476.2999877929688,482.0499877929688,214362
2019-10-17,482.2999877929688,484.0,477.6499938964844,477.6499938964844,211958
2019-10-18,476.5,477.6000061035156,466.3999938964844,469.6499938964844,255949
2019-10-21,471.0,479.6499938964844,467.9500122070313,475.8500061035156,219553
2019-10-22,476.8999938964844,478.7000122070313,471.4500122070313,478.0499877929688,154491
2019-10-23,474.2999877929688,481.25,470.0,480.3500061035156,204340
2019-10-24,484.0,487.3500061035156,470.9500122070313,472.7000122070313,258800
2019-10-25,500.0,523.9000244140625,497.9500122070313,514.0,647929
2019-10-28,515.0999755859375,520.0,509.6000061035156,510.0,226616
2019-10-29,509.7999877929688,513.0,507.5,510.5,173313
2019-10-30,508.3999938964844,513.4000244140625,507.7999877929688,510.8999938964844,144124
2019-10-31,512.5,514.5,507.3999938964844,510.2000122070313,237223
2019-11-01,511.2999877929688,519.2000122070312,511.2000122070313,515.0,152658
2019-11-04,517.5999755859375,527.5,516.0999755859375,525.5,279578
2019-11-05,525.5,526.7000122070312,520.0,525.7999877929688,164151
2019-11-06,526.4000244140625,526.9000244140625,520.5,522.0999755859375,145663
2019-11-07,525.9000244140625,527.7000122070312,522.7999877929688,524.0999755859375,167962
2019-11-08,523.4000244140625,524.2999877929688,516.2999877929688,519.5999755859375,178213
2019-11-11,514.4000244140625,522.4000244140625,510.2999877929688,520.5999755859375,118083
2019-11-12,525.0,536.2999877929688,523.2999877929688,533.5,255920
2019-11-13,531.5999755859375,535.5999755859375,529.5,535.5999755859375,199163
2019-11-14,533.2999877929688,541.2999877929688,532.5,537.0,142796
2019-11-15,541.9000244140625,546.5999755859375,538.7999877929688,545.7999877929688,236309
2019-11-18,546.0,547.2999877929688,536.2000122070312,540.9000244140625,162216
2019-11-19,542.0,549.5,541.7000122070312,549.5,196235
2019-11-20,545.0999755859375,552.2000122070312,543.0999755859375,549.4000244140625,225061
2019-11-21,544.4000244140625,544.4000244140625,538.7000122070312,541.2999877929688,201014
2019-11-22,541.2999877929688,548.7000122070312,539.7999877929688,541.4000244140625,164798
2019-11-25,542.0999755859375,549.7999877929688,541.9000244140625,544.0,197389
2019-11-26,544.2999877929688,548.7000122070312,542.2999877929688,546.2000122070312,215431
2019-11-27,549.0,552.2999877929688,544.7999877929688,547.9000244140625,135588
2019-11-28,547.0,553.4000244140625,545.2000122070312,551.9000244140625,121433
2019-11-29,549.2000122070312,553.2999877929688,546.5999755859375,546.7000122070312,197551
2019-12-02,546.0,551.4000244140625,537.5,540.4000244140625,233793
2019-12-03,537.0,537.2999877929688,522.2999877929688,530.2999877929688,320160
2019-12-04,530.2999877929688,541.4000244140625,529.9000244140625,538.0999755859375,193643
2019-12-05,538.0,549.0,536.2000122070312,540.0,179185
2019-12-06,542.0,549.0999755859375,540.7999877929688,549.0999755859375,166177
2019-12-09,547.9000244140625,550.0,544.0999755859375,544.0999755859375,133635
2019-12-10,543.7000122070312,547.4000244140625,536.2999877929688,546.4000244140625,198531
2019-12-11,547.2000122070312,549.0999755859375,543.5,544.9000244140625,154600
2019-12-12,547.0,555.9000244140625,545.5,552.0,229995
2019-12-13,565.0,567.5999755859375,558.7999877929688,562.0,244365
2019-12-16,564.7999877929688,581.7000122070312,564.5999755859375,578.5999755859375,261518
2019-12-17,582.0,582.5999755859375,570.0,573.7999877929688,245504
2019-12-18,574.0,580.9000244140625,572.5,578.5,217780
2019-12-19,578.2999877929688,579.0999755859375,574.0999755859375,577.7999877929688,152874
2019-12-20,577.2000122070312,585.0,573.5,580.0999755859375,403388
2019-12-23,579.2000122070312,585.5,578.5999755859375,582.0,102451
2019-12-24,582.0,587.7000122070312,581.0,587.4000244140625,37878
2019-12-25,587.4000244140625,587.4000244140625,587.4000244140625,587.4000244140625,0
2019-12-27,590.5,593.7999877929688,587.7000122070312,590.7000122070312,138346
2019-12-30,591.2999877929688,593.0,585.7999877929688,586.2999877929688,144847
2019-12-31,585.7000122070312,588.7999877929688,582.2000122070312,585.2000122070312,45380
2020-01-02,592.7000122070312,598.0,591.2000122070312,598.0,178651
2020-01-03,595.0,600.9000244140625,592.5,600.9000244140625,159019
2020-01-06,595.7000122070312,598.4000244140625,584.0,590.7999877929688,176511
2020-01-07,593.5,601.4000244140625,593.4000244140625,596.2999877929688,201861
2020-01-08,585.0,597.2999877929688,576.2999877929688,597.2999877929688,201239
2020-01-09,598.0,600.7999877929688,591.0999755859375,595.9000244140625,201628
2020-01-10,597.0,597.9000244140625,591.5,592.0999755859375,195795
2020-01-13,591.7000122070312,598.2000122070312,591.5,593.7999877929688,161677
2020-01-14,590.0,593.9000244140625,584.2999877929688,592.0999755859375,215629
2020-01-15,594.7999877929688,597.2999877929688,591.9000244140625,594.5999755859375,230443
2020-01-16,594.2000122070312,608.2999877929688,593.5999755859375,605.0999755859375,220989
2020-01-17,613.4000244140625,614.9000244140625,605.9000244140625,610.2000122070312,238491
2020-01-20,611.7000122070312,613.5999755859375,599.0,599.0,143421
2020-01-21,585.0,586.9000244140625,573.7999877929688,586.5999755859375,295243
2020-01-22,592.0,596.9000244140625,589.4000244140625,592.2000122070312,233962
2020-01-23,587.0,587.5,570.9000244140625,573.4000244140625,324990
2020-01-24,579.7000122070312,583.0999755859375,571.0999755859375,573.2999877929688,239734
2020-01-27,547.5999755859375,559.7000122070312,542.2000122070312,552.5999755859375,493104
2020-01-28,555.0,561.7999877929688,545.5999755859375,561.7999877929688,303338
2020-01-29,559.9000244140625,570.7999877929688,555.9000244140625,568.0,285796
2020-01-30,556.9000244140625,565.0,555.2000122070312,561.2000122070312,279382
2020-01-31,563.7000122070312,567.0,552.9000244140625,555.0,288585
2020-02-03,555.0,557.7999877929688,550.0,554.0999755859375,249840
2020-02-04,555.0,569.7999877929688,554.2999877929688,569.0,227761
2020-02-05,568.7000122070312,579.9000244140625,564.2999877929688,573.5999755859375,264705
2020-02-06,577.7000122070312,579.5999755859375,567.7999877929688,572.0,204028
2020-02-07,566.0,571.4000244140625,560.4000244140625,565.7000122070312,241366
2020-02-10,562.0,565.5,559.0,562.5,182976
2020-02-11,566.2000122070312,571.2999877929688,560.4000244140625,562.7000122070312,180605
2020-02-12,579.0,598.0,570.7999877929688,598.0,474916
2020-02-13,594.0,597.5,575.5,596.4000244140625,330664
2020-02-14,595.0,595.5999755859375,577.9000244140625,579.4000244140625,230574
2020-02-17,578.0,583.0999755859375,575.0999755859375,580.0,139129
2020-02-18,571.0999755859375,575.4000244140625,569.5999755859375,569.7000122070312,214247
2020-02-19,574.7999877929688,587.0,568.0,587.0,223443
2020-02-20,585.5,585.5999755859375,566.5,566.5,264824
2020-02-21,561.0999755859375,567.7999877929688,555.5999755859375,561.5999755859375,313112
2020-02-24,535.5999755859375,545.0,525.5,535.0999755859375,487474
2020-02-25,537.0,539.0999755859375,521.5,524.5,411287
2020-02-26,519.2999877929688,534.0999755859375,508.6000061035156,530.0,361130
2020-02-27,518.0,520.0,504.2000122070313,511.7000122070313,456254
2020-02-28,493.0499877929688,509.6000061035156,484.25,505.7999877929688,551446
2020-03-02,517.2999877929688,522.0,489.5499877929688,504.6000061035156,387808
2020-03-03,510.0,523.5,506.7999877929688,512.0,396871
2020-03-04,516.0,518.7000122070312,506.1000061035156,513.5999755859375,272602
2020-03-05,518.0999755859375,518.9000244140625,500.2000122070313,501.5,303108
2020-03-06,489.5,495.25,475.5,483.5,452474
2020-03-09,441.9500122070313,465.3500061035156,440.4500122070313,457.0499877929688,744758
2020-03-10,463.5499877929688,485.1000061035156,448.2000122070313,449.9500122070313,541915
2020-03-11,451.8500061035156,455.3999938964844,435.3500061035156,438.5,443416
2020-03-12,410.0,418.8999938964844,378.3999938964844,384.5,953834
2020-03-13,398.7999877929688,444.1499938964844,381.3500061035156,405.0,770266
2020-03-16,372.6499938964844,386.1000061035156,348.54998779296875,377.6000061035156,714118
2020-03-17,395.1000061035156,404.7999877929688,367.1000061035156,391.0499877929688,493460
2020-03-18,376.2000122070313,381.6499938964844,351.8500061035156,357.6000061035156,483753
2020-03-19,362.3999938964844,380.2999877929688,350.0,380.2999877929688,432744
2020-03-20,400.0,422.7999877929688,395.0499877929688,419.7000122070313,645024
2020-03-23,395.0,419.7000122070313,382.6000061035156,405.9500122070313,383682
2020-03-24,424.8500061035156,449.25,412.7000122070313,448.3500061035156,330103
2020-03-25,467.3500061035156,478.8500061035156,452.1499938964844,472.1000061035156,396656
2020-03-26,457.9500122070313,493.5,453.5,492.3500061035156,299782
2020-03-27,475.0,489.6000061035156,465.0,479.5,314105
2020-03-30,479.8500061035156,484.2999877929688,460.9500122070313,481.5,222727
2020-03-31,485.0,502.6000061035156,460.5,475.8999938964844,351903
2020-04-01,474.0,474.0,450.1499938964844,455.0,262851
2020-04-02,455.5499877929688,462.6499938964844,445.1000061035156,455.6000061035156,245095
2020-04-03,451.7000122070313,459.5,444.5,452.7000122070313,154209
2020-04-06,469.0,473.4500122070313,462.8500061035156,468.3999938964844,192517
2020-04-07,480.0,498.7999877929688,475.0,477.0,253471
2020-04-08,474.75,480.0499877929688,465.3500061035156,475.3500061035156,160035
2020-04-09,480.0,485.7999877929688,458.2999877929688,473.7000122070313,234753
2020-04-14,475.75,494.6000061035156,472.8999938964844,483.75,207469
2020-04-15,489.0,491.75,470.6000061035156,475.0,165887
2020-04-16,475.25,485.8500061035156,473.1499938964844,477.25,188754
2020-04-17,493.9500122070313,513.0999755859375,493.0,503.3999938964844,351155
2020-04-20,508.6000061035156,510.5,500.1000061035156,508.8999938964844,144653
2020-04-21,505.5,507.7000122070313,486.3999938964844,489.0,156267
2020-04-22,461.0,465.5,455.2000122070313,464.9500122070313,282567
2020-04-23,467.0,468.5499877929688,451.5499877929688,457.0499877929688,173835
2020-04-24,450.0,456.4500122070313,445.4500122070313,451.3500061035156,182103
2020-04-27,455.7999877929688,467.75,455.7999877929688,464.8500061035156,117741
2020-04-28,463.6000061035156,478.4500122070313,462.7999877929688,466.9500122070313,132771
2020-04-29,468.7999877929688,479.9500122070313,455.4500122070313,476.4500122070313,149631
2020-04-30,476.0,482.0,455.3999938964844,460.2000122070313,272764
2020-05-04,458.3999938964844,459.3500061035156,444.4500122070313,450.9500122070313,234713
2020-05-05,458.2000122070313,460.25,444.25,451.7999877929688,186594
2020-05-06,451.0,452.0,433.5,433.5,291929
2020-05-07,434.0,456.7999877929688,434.0,442.6499938964844,306963
2020-05-08,448.0,453.5,445.2999877929688,447.5,146353
2020-05-11,448.7999877929688,452.25,435.8500061035156,439.25,159391
2020-05-12,438.1000061035156,443.25,432.25,435.9500122070313,178244
2020-05-13,431.3999938964844,433.0499877929688,420.1000061035156,422.2999877929688,260842
2020-05-14,420.0,425.5,405.1000061035156,415.3500061035156,214750
2020-05-15,418.1000061035156,422.8500061035156,408.5499877929688,411.3500061035156,210382
2020-05-18,415.7000122070313,432.3999938964844,415.7000122070313,429.7999877929688,230964
2020-05-19,435.0,443.6000061035156,430.0499877929688,440.0499877929688,389003
2020-05-20,437.8500061035156,441.2000122070313,429.5499877929688,436.0499877929688,209242
2020-05-21,431.0,438.6499938964844,428.0,433.25,135124
2020-05-22,424.0,430.1499938964844,421.7000122070313,422.8999938964844,204238
2020-05-25,428.0,431.9500122070313,420.6499938964844,431.9500122070313,134609
2020-05-26,438.5499877929688,449.7000122070313,436.7000122070313,448.6000061035156,282419
2020-05-27,450.3999938964844,470.2999877929688,446.4500122070313,467.6000061035156,360035
2020-05-28,473.9500122070313,483.6000061035156,468.7000122070313,480.9500122070313,254314
2020-05-29,477.1000061035156,480.0499877929688,468.9500122070313,469.6000061035156,331268
2020-06-01,480.0,481.0499877929688,469.6499938964844,476.3999938964844,146213
2020-06-02,481.75,489.1499938964844,480.2999877929688,487.75,216597
2020-06-03,492.2000122070313,505.5,491.1000061035156,504.2000122070313,275687
2020-06-04,503.6000061035156,508.6000061035156,497.1499938964844,507.3999938964844,255944
2020-06-05,511.8999938964844,537.7000122070312,510.2999877929688,536.0999755859375,430263
2020-06-08,531.0999755859375,531.5,518.5,521.2999877929688,274323
2020-06-09,523.9000244140625,529.7000122070312,513.5999755859375,525.0,283852
2020-06-10,528.9000244140625,534.5,519.7999877929688,522.0,202582
2020-06-11,511.2999877929688,513.2999877929688,487.0,487.0,336802
2020-06-12,482.0,499.6499938964844,477.0,487.3500061035156,242814
2020-06-15,473.5499877929688,483.4500122070313,466.4500122070313,480.5,222703
2020-06-16,491.0,502.2999877929688,484.5,495.1499938964844,271030
2020-06-17,498.0499877929688,510.8999938964844,496.8999938964844,507.0,238230
2020-06-18,506.5,514.9000244140625,502.3999938964844,510.0,252439
2020-06-19,515.0999755859375,518.7999877929688,508.8999938964844,509.8999938964844,504616
2020-06-22,503.0,513.2000122070312,498.2000122070313,504.0,185309
2020-06-23,498.0,502.8999938964844,492.8999938964844,497.6000061035156,309953
2020-06-24,493.2000122070313,496.5,474.6000061035156,474.6000061035156,291612
2020-06-25,473.7000122070313,477.5,464.0499877929688,474.8999938964844,206717
2020-06-26,478.3999938964844,491.5499877929688,477.0,477.0,218930
2020-06-29,475.5499877929688,486.5,473.7999877929688,481.25,185748
2020-06-30,485.0,487.2999877929688,479.0,484.25,181726
2020-07-01,485.0,485.3999938964844,469.8500061035156,481.0,157774
2020-07-02,485.8500061035156,497.25,484.3500061035156,492.3999938964844,235825
2020-07-03,495.7999877929688,498.5,490.7000122070313,494.7999877929688,107744
2020-07-06,504.7000122070313,507.3999938964844,499.1000061035156,499.9500122070313,187877
2020-07-07,498.7999877929688,501.2999877929688,495.7999877929688,498.7999877929688,126607
2020-07-08,495.1000061035156,498.7999877929688,491.3999938964844,491.8999938964844,112268
2020-07-09,496.8500061035156,504.6000061035156,493.1499938964844,498.3999938964844,185062
2020-07-10,492.6000061035156,500.3999938964844,491.1499938964844,499.75,141513
2020-07-13,505.0,513.5999755859375,504.2999877929688,511.8999938964844,140802
2020-07-14,505.0,506.6000061035156,496.5,506.5,161249
2020-07-15,510.7999877929688,525.7999877929688,509.6000061035156,523.7000122070312,234837
2020-07-16,518.5,519.4000244140625,509.2999877929688,517.0,145362
2020-07-17,517.5,517.9000244140625,511.7999877929688,515.4000244140625,168915
2020-07-20,513.9000244140625,516.7000122070312,508.3999938964844,515.7999877929688,103427
2020-07-21,520.0,527.4000244140625,519.2999877929688,521.5,140684
2020-07-22,521.5,521.5,502.2000122070313,506.0,191467
2020-07-23,508.2999877929688,509.7999877929688,500.5,503.2999877929688,147935
2020-07-24,496.5,499.0,488.0499877929688,495.0,186478
2020-07-27,493.1499938964844,500.0,491.1499938964844,496.75,187612
2020-07-28,487.5,495.0,483.2000122070313,483.2000122070313,243541
2020-07-29,509.7999877929688,512.0,501.5,502.3999938964844,246987
2020-07-30,500.1000061035156,501.2000122070313,481.25,492.6000061035156,281708
2020-07-31,492.1499938964844,495.8500061035156,481.6499938964844,481.75,284516
2020-08-03,482.75,494.1000061035156,474.6000061035156,489.7000122070313,183278
2020-08-04,492.0,494.2999877929688,480.3999938964844,486.5499877929688,142738
2020-08-05,490.5499877929688,495.1499938964844,489.0499877929688,491.75,123750
2020-08-06,489.6499938964844,495.6000061035156,482.8999938964844,483.0499877929688,144065
2020-08-07,480.4500122070313,488.75,477.2000122070313,485.3500061035156,104064
2020-08-10,487.9500122070313,490.7000122070313,479.2000122070313,482.1000061035156,122887
2020-08-11,485.7999877929688,499.4500122070313,485.0,494.6499938964844,159222
2020-08-12,492.7000122070313,506.5,491.6499938964844,503.7000122070313,151630
2020-08-13,502.0,511.1000061035156,502.0,506.7000122070313,102946
2020-08-14,505.8999938964844,505.8999938964844,491.75,496.6000061035156,139553
2020-08-17,496.0499877929688,502.0,495.6000061035156,499.1499938964844,70604
2020-08-18,496.6000061035156,506.7999877929688,493.7000122070313,499.7999877929688,105414
2020-08-19,499.7999877929688,501.3999938964844,495.8500061035156,499.7999877929688,92112
2020-08-20,494.25,498.7999877929688,491.3999938964844,494.1499938964844,119144
2020-08-21,495.6000061035156,497.7999877929688,487.8999938964844,495.5,135508
2020-08-24,500.0,506.1000061035156,498.3999938964844,505.6000061035156,118423
2020-08-25,506.0,514.5,504.1000061035156,510.1000061035156,157510
2020-08-26,508.2999877929688,521.2000122070312,506.0,521.2000122070312,159638
2020-08-27,521.0,523.0999755859375,517.0,521.0999755859375,151839
2020-08-28,519.9000244140625,521.2000122070312,515.0,516.2999877929688,145761
2020-08-31,518.0,525.5999755859375,512.5999755859375,514.5999755859375,137728
2020-09-01,516.7000122070312,525.5,512.4000244140625,525.0,202041
2020-09-02,531.0,553.0,530.7000122070312,553.0,336862
2020-09-03,558.7999877929688,571.2999877929688,552.0999755859375,555.2999877929688,263207
2020-09-04,548.9000244140625,565.7000122070312,544.7000122070312,555.0,237088
2020-09-07,558.5999755859375,567.4000244140625,556.9000244140625,561.0,142494
2020-09-08,562.4000244140625,563.5,547.5999755859375,555.0,174956
2020-09-09,551.9000244140625,559.2999877929688,550.2999877929688,552.5999755859375,145910
2020-09-10,553.2999877929688,563.0999755859375,551.2000122070312,559.4000244140625,126648
2020-09-11,560.4000244140625,576.0,558.4000244140625,570.5999755859375,193782
2020-09-14,577.0,579.2000122070312,572.7000122070312,577.0,142175
2020-09-15,578.0,591.4000244140625,577.0,589.2000122070312,212793
2020-09-16,589.9000244140625,602.7999877929688,589.5,600.0,310963
2020-09-17,589.4000244140625,597.2000122070312,585.0,596.5,182778
2020-09-18,596.5999755859375,602.4000244140625,587.7000122070312,587.7000122070312,565670
2020-09-21,584.9000244140625,586.5,568.5,576.7999877929688,282697
2020-09-22,579.5,586.4000244140625,568.2999877929688,568.2999877929688,199990
2020-09-23,578.5,583.0999755859375,575.0999755859375,577.7000122070312,133623
2020-09-24,568.0,575.2999877929688,565.0,569.5999755859375,177979
2020-09-25,570.7000122070312,575.0,556.5,566.0,186372
2020-09-28,572.9000244140625,576.0999755859375,568.9000244140625,574.4000244140625,198013
2020-09-29,571.4000244140625,578.0,569.5,576.5999755859375,118637
2020-09-30,571.0,576.7999877929688,567.5999755859375,567.5999755859375,217100
2020-10-01,576.2000122070312,584.7999877929688,572.2000122070312,582.5999755859375,152900
2020-10-02,571.5999755859375,577.7999877929688,569.2999877929688,577.7999877929688,150437
2020-10-05,582.0,586.5999755859375,580.5,583.2999877929688,115011
2020-10-06,584.0999755859375,585.5,575.4000244140625,581.4000244140625,101093
2020-10-07,580.9000244140625,586.2000122070312,576.5999755859375,583.0,134996
2020-10-08,585.7000122070312,588.0,573.2999877929688,576.5,146010
2020-10-09,577.7000122070312,582.7999877929688,575.5999755859375,581.7999877929688,115640
2020-10-12,582.7000122070312,590.5,581.0999755859375,589.4000244140625,153353
2020-10-13,587.7999877929688,593.0,582.5,589.2000122070312,121826
2020-10-14,589.9000244140625,590.9000244140625,577.9000244140625,580.0,118846
2020-10-15,574.5,574.5,563.7000122070312,566.7000122070312,174113
2020-10-16,585.0,595.5,583.0999755859375,589.4000244140625,291897
2020-10-19,589.5,594.7999877929688,584.5999755859375,586.0,104987
2020-10-20,588.0,592.9000244140625,583.0999755859375,589.0,164029
2020-10-21,591.0,591.2000122070312,575.4000244140625,577.9000244140625,206366
2020-10-22,572.2000122070312,581.0,567.0,574.0999755859375,194594
2020-10-23,557.5999755859375,564.9000244140625,553.5,556.0,313137
2020-10-26,548.2000122070312,556.5999755859375,541.5,549.4000244140625,202616
2020-10-27,546.5,547.9000244140625,535.4000244140625,545.5999755859375,241242
2020-10-28,532.2000122070312,536.7999877929688,513.7999877929688,521.5999755859375,370809
2020-10-29,520.5,525.0999755859375,512.0,520.2000122070312,182156
2020-10-30,511.2000122070313,520.0999755859375,510.3999938964844,518.5,234491
2020-11-02,520.0,531.5999755859375,512.9000244140625,527.0,183012
2020-11-03,533.0,543.2999877929688,528.4000244140625,543.2999877929688,232229
2020-11-04,534.5999755859375,554.0,533.0999755859375,553.2000122070312,206647
2020-11-05,558.0,570.2000122070312,555.0999755859375,565.0999755859375,263334
2020-11-06,562.4000244140625,570.5,561.0,567.5,151733
2020-11-09,576.4000244140625,615.2000122070312,572.2000122070312,601.7000122070312,469354
2020-11-10,595.9000244140625,616.0,592.2000122070312,611.0,327410
2020-11-11,613.2000122070312,623.4000244140625,611.9000244140625,623.4000244140625,225802
2020-11-12,616.7000122070312,626.9000244140625,606.4000244140625,608.7000122070312,239971
2020-11-13,606.0,611.5999755859375,600.2000122070312,609.0,119541
2020-11-16,615.9000244140625,628.2000122070312,610.5,619.0999755859375,222343
2020-11-17,619.4000244140625,622.7999877929688,611.7000122070312,620.0999755859375,121255
2020-11-18,620.0,625.7999877929688,616.9000244140625,623.5,119388
2020-11-19,620.5999755859375,623.7000122070312,611.5,612.0,188625
2020-11-20,610.7999877929688,619.5,610.0,613.7000122070312,198730
2020-11-23,617.4000244140625,619.5,610.0,610.0,128638
2020-11-24,614.7999877929688,616.2999877929688,602.7999877929688,604.4000244140625,173663
2020-11-25,606.0,610.2000122070312,599.2000122070312,604.0,169414
2020-11-26,606.7999877929688,607.2000122070312,601.5999755859375,602.7000122070312,107408
2020-11-27,602.4000244140625,609.7999877929688,602.0,606.2000122070312,154358
2020-11-30,603.0999755859375,609.2999877929688,601.7000122070312,605.0,241631
2020-12-01,609.2000122070312,609.7000122070312,603.5,607.9000244140625,114970
2020-12-02,607.9000244140625,607.9000244140625,601.7999877929688,605.0999755859375,115415
2020-12-03,606.7000122070312,608.2999877929688,603.0,605.0,123175
2020-12-04,605.0,607.5999755859375,597.7000122070312,601.9000244140625,133333
2020-12-07,598.0,600.7000122070312,586.5,589.4000244140625,178571
2020-12-08,582.5999755859375,590.0999755859375,580.5,584.9000244140625,151178
2020-12-09,585.0,587.2000122070312,571.9000244140625,574.2999877929688,239532
2020-12-10,576.0999755859375,578.7999877929688,571.5,573.2999877929688,226501
2020-12-11,572.5,576.9000244140625,570.5,573.5,235961
2020-12-14,574.5999755859375,575.5999755859375,563.5,564.0999755859375,290526
2020-12-15,565.0,573.2000122070312,563.9000244140625,569.7000122070312,245735
2020-12-16,572.9000244140625,580.0,539.0,556.2999877929688,427399
2020-12-17,561.0,575.2000122070312,559.7000122070312,572.0999755859375,263148
2020-12-18,570.2999877929688,571.7999877929688,556.5,558.0,469576
2020-12-21,549.4000244140625,555.5,540.7999877929688,545.7000122070312,172301
2020-12-22,548.7000122070312,560.7999877929688,546.4000244140625,556.9000244140625,172559
2020-12-23,558.2999877929688,560.0,551.2000122070312,554.0999755859375,114885
2020-12-24,558.0999755859375,559.5999755859375,552.2000122070312,552.7000122070312,30846
2020-12-28,558.7999877929688,571.5999755859375,558.0999755859375,571.4000244140625,156244
2020-12-29,575.5,579.4000244140625,573.2999877929688,577.5,135269
2020-12-30,579.0,591.5999755859375,578.7999877929688,588.0,179344
2020-12-31,587.9000244140625,595.2000122070312,585.0,594.4000244140625,64795
2021-01-04,598.5,598.5,580.0,580.7000122070312,181694
2021-01-05,576.9000244140625,582.7999877929688,568.5999755859375,571.5,169811
2021-01-06,574.9000244140625,576.5,567.7000122070312,575.2000122070312,164883
2021-01-07,579.5999755859375,579.5999755859375,570.5,577.4000244140625,127837
2021-01-08,582.7000122070312,592.5999755859375,581.5999755859375,586.2999877929688,138830
2021-01-11,582.7000122070312,589.0999755859375,579.5999755859375,583.0999755859375,113552
2021-01-12,580.0,585.2999877929688,570.7999877929688,575.5,155599
2021-01-13,575.5,580.0999755859375,569.7000122070312,570.7999877929688,120015
2021-01-14,571.9000244140625,572.9000244140625,565.5,569.5999755859375,140293
2021-01-15,565.0999755859375,565.7000122070312,556.0999755859375,561.7999877929688,207837
2021-01-18,561.0,565.9000244140625,559.7000122070312,565.5,81171
2021-01-19,566.0,567.4000244140625,541.0,547.9000244140625,246687
2021-01-20,551.0,562.2999877929688,550.2000122070312,556.7000122070312,155785
2021-01-21,560.2999877929688,563.4000244140625,547.0999755859375,550.2000122070312,179869
2021-01-22,547.9000244140625,547.9000244140625,541.5999755859375,544.0,187984
2021-01-25,544.0,545.0,530.7000122070312,533.0,245237
2021-01-26,534.9000244140625,551.9000244140625,532.2000122070312,545.7000122070312,191361
2021-01-27,552.2000122070312,555.2999877929688,531.7999877929688,541.5999755859375,248850
2021-01-28,538.0,560.2999877929688,537.2000122070312,555.9000244140625,210815
2021-01-29,547.7000122070312,552.4000244140625,541.5999755859375,541.5999755859375,240688
2021-02-01,543.2999877929688,548.7999877929688,537.4000244140625,543.0,177023
2021-02-02,548.5,555.7999877929688,545.5999755859375,549.2000122070312,303942
2021-02-03,555.0,556.5,541.7000122070312,543.2000122070312,263868
2021-02-04,541.9000244140625,545.5,538.0999755859375,542.0999755859375,185921
2021-02-05,543.5999755859375,560.5,543.4000244140625,549.0,258096
2021-02-08,553.0999755859375,555.0,546.0,547.0,157050
2021-02-09,548.0,558.9000244140625,547.5999755859375,555.5,182091
2021-02-10,558.2000122070312,558.2000122070312,550.2000122070312,551.0,158135
2021-02-11,552.2999877929688,555.2999877929688,546.4000244140625,547.9000244140625,140082
2021-02-12,547.0,552.0,541.4000244140625,547.9000244140625,164820
2021-02-15,550.5999755859375,569.7999877929688,549.4000244140625,566.0,232703
2021-02-16,566.2000122070312,573.2000122070312,562.5999755859375,565.2999877929688,233663
2021-02-17,525.7999877929688,533.7000122070312,513.2999877929688,524.9000244140625,827810
2021-02-18,530.0,535.9000244140625,524.4000244140625,532.7999877929688,335810
2021-02-19,533.2000122070312,533.7999877929688,525.7000122070312,528.0,287938
2021-02-22,529.0,531.4000244140625,520.9000244140625,522.2999877929688,223255
2021-02-23,523.2999877929688,525.7999877929688,518.4000244140625,522.9000244140625,229019
2021-02-24,522.4000244140625,530.7999877929688,520.5999755859375,526.2999877929688,232315
2021-02-25,527.0,533.2000122070312,527.0,527.2999877929688,185942
2021-02-26,522.0,530.9000244140625,520.2000122070312,524.9000244140625,272449
2021-03-01,534.0,548.2999877929688,532.4000244140625,547.2000122070312,304177
2021-03-02,545.0,560.4000244140625,541.9000244140625,557.9000244140625,256283
2021-03-03,560.0,563.5,548.4000244140625,554.0,188028
2021-03-04,550.0,552.9000244140625,541.5999755859375,546.5999755859375,169494
2021-03-05,540.0999755859375,545.0999755859375,537.0999755859375,539.0,151599
2021-03-08,541.0999755859375,556.2000122070312,538.0,553.5,181363
2021-03-09,555.0,566.0999755859375,550.0999755859375,562.5999755859375,188467
2021-03-10,561.2000122070312,578.0,559.7999877929688,577.4000244140625,250649
2021-03-11,585.4000244140625,592.2999877929688,579.2999877929688,587.2000122070312,250002
2021-03-12,590.0,600.0999755859375,584.7999877929688,596.4000244140625,239161
2021-03-15,599.4000244140625,603.9000244140625,593.9000244140625,603.2000122070312,212545
2021-03-16,607.0,610.0,599.4000244140625,602.7000122070312,170596
2021-03-17,603.2000122070312,609.2999877929688,598.0999755859375,604.2999877929688,174388
2021-03-18,604.9000244140625,608.7999877929688,598.4000244140625,606.4000244140625,218326
2021-03-19,603.0,604.0,585.5999755859375,593.5999755859375,453982
2021-03-22,591.0,591.0999755859375,576.2999877929688,576.5999755859375,213890
2021-03-23,573.5,580.4000244140625,570.2000122070312,575.7999877929688,135270
2021-03-24,571.0,573.2000122070312,568.4000244140625,571.2000122070312,155573
2021-03-25,565.2000122070312,566.7000122070312,558.2999877929688,565.7999877929688,173523
2021-03-26,565.0,568.7000122070312,560.0,564.9000244140625,165734
2021-03-29,567.2000122070312,577.0,567.0,574.0999755859375,139222
2021-03-30,581.4000244140625,593.5,577.7999877929688,590.4000244140625,200277
2021-03-31,591.0,593.9000244140625,584.2999877929688,588.5999755859375,160690
2021-04-01,598.4000244140625,602.9000244140625,591.0,599.4000244140625,157288
2021-04-06,608.0,608.9000244140625,596.0,596.0,162736
2021-04-07,595.2000122070312,599.2000122070312,589.5,593.0,107473
2021-04-08,597.5,606.2000122070312,596.7999877929688,605.0,141178
2021-04-09,605.9000244140625,611.9000244140625,603.0999755859375,611.9000244140625,123066
2021-04-12,612.2000122070312,619.2999877929688,604.0999755859375,616.4000244140625,147593
2021-04-13,615.0,628.5,613.2999877929688,626.7999877929688,207034
2021-04-14,633.7000122070312,644.0,629.4000244140625,632.9000244140625,244272
2021-04-15,632.7999877929688,633.0,625.5,630.0,133953
2021-04-16,630.0999755859375,637.2000122070312,627.4000244140625,635.0,231684
2021-04-19,636.2999877929688,642.2999877929688,634.0999755859375,640.2000122070312,141966
2021-04-20,641.5999755859375,642.4000244140625,622.0,626.0999755859375,223158
2021-04-21,639.5,657.7999877929688,626.5999755859375,652.2000122070312,279316
2021-04-22,654.5999755859375,660.7999877929688,645.4000244140625,645.4000244140625,199829
2021-04-23,647.2999877929688,653.5999755859375,644.4000244140625,648.7999877929688,143208
2021-04-26,648.5999755859375,651.2000122070312,643.7000122070312,646.4000244140625,111697
2021-04-27,647.5,652.5999755859375,643.4000244140625,648.5,127941
2021-04-28,649.5999755859375,654.0999755859375,647.0999755859375,651.0,123632
2021-04-29,653.7999877929688,665.0,651.2000122070312,656.5999755859375,198743
2021-04-30,663.9000244140625,676.4000244140625,662.2999877929688,666.5,219650
2021-05-03,669.0999755859375,676.5999755859375,665.5,675.2999877929688,127505
2021-05-04,675.0,681.7000122070312,668.5999755859375,673.5999755859375,240441
2021-05-05,680.0,689.7000122070312,678.5999755859375,686.0,178164
2021-05-06,687.4000244140625,693.4000244140625,684.7999877929688,690.2999877929688,203903
2021-05-07,693.5,695.2000122070312,688.7999877929688,695.0999755859375,170915
2021-05-10,697.0,704.4000244140625,694.0999755859375,704.4000244140625,146530
2021-05-11,694.7999877929688,696.4000244140625,687.5999755859375,693.5999755859375,204071
2021-05-12,694.5999755859375,699.5,690.2000122070312,693.5,180912
2021-05-13,687.0,699.0,683.9000244140625,696.0,150151
2021-05-14,706.9000244140625,708.5999755859375,701.7999877929688,706.9000244140625,157785
2021-05-17,710.0,714.5999755859375,704.2000122070312,706.9000244140625,99241
2021-05-18,710.0999755859375,714.0,708.2000122070312,709.9000244140625,95071
2021-05-19,706.4000244140625,709.9000244140625,695.4000244140625,704.7999877929688,152604
2021-05-20,705.0,714.2999877929688,705.0,713.2999877929688,132320
2021-05-21,713.4000244140625,721.4000244140625,713.2999877929688,719.7999877929688,152348
2021-05-24,722.2999877929688,724.0999755859375,717.5999755859375,721.7000122070312,67548
2021-05-25,724.0,729.2999877929688,722.7000122070312,724.5,116577
2021-05-26,728.0,736.5,726.5,735.7999877929688,133876
2021-05-27,739.9000244140625,741.0,732.5,736.5999755859375,201575
2021-05-28,737.0,749.5,736.7000122070312,748.7999877929688,133542
2021-05-31,749.2000122070312,752.9000244140625,747.5,748.2999877929688,106282
2021-06-01,750.0,751.2999877929688,742.0,742.0,120682
2021-06-02,748.0,748.9000244140625,738.2999877929688,746.7999877929688,126483
2021-06-03,746.0,749.2000122070312,737.5999755859375,741.2000122070312,110210
2021-06-04,742.0,743.9000244140625,734.5,735.7000122070312,105893
2021-06-07,737.7000122070312,741.5,728.0999755859375,733.0,204110
2021-06-08,733.7999877929688,746.0,731.5,742.0,136276
2021-06-09,743.4000244140625,750.4000244140625,743.4000244140625,744.5999755859375,104128
2021-06-10,748.4000244140625,749.2000122070312,735.5,739.2000122070312,120406
2021-06-11,740.0,743.7000122070312,739.2000122070312,742.9000244140625,107092
2021-06-14,747.2999877929688,749.4000244140625,740.2000122070312,744.0,123734
2021-06-15,746.0999755859375,750.5999755859375,742.5999755859375,749.2000122070312,106573
2021-06-16,749.0,752.5999755859375,746.0999755859375,749.7999877929688,112535
2021-06-17,748.7000122070312,758.7000122070312,746.2000122070312,758.7000122070312,122256
2021-06-18,759.0999755859375,769.5,750.0,750.0,250994
2021-06-21,748.5,760.7000122070312,746.5999755859375,759.2000122070312,103800
2021-06-22,759.2999877929688,765.0,757.5999755859375,761.9000244140625,107637
2021-06-23,754.5,757.2000122070312,735.0999755859375,739.4000244140625,210550
2021-06-24,743.7999877929688,753.2999877929688,743.7000122070312,750.9000244140625,113959
2021-06-25,755.5999755859375,764.4000244140625,755.5999755859375,759.2000122070312,118318
2021-06-28,757.0,759.5,746.2999877929688,747.7000122070312,127976
2021-06-29,748.0999755859375,757.4000244140625,748.0999755859375,754.4000244140625,108613
2021-06-30,756.5999755859375,759.2000122070312,735.5999755859375,737.0,191879
2021-07-01,741.2000122070312,748.9000244140625,731.9000244140625,739.2000122070312,144970
2021-07-02,739.5,741.2999877929688,729.7999877929688,734.4000244140625,108345
2021-07-05,732.0,740.5,730.0999755859375,737.7999877929688,78145
2021-07-06,733.5999755859375,735.0999755859375,724.2000122070312,727.9000244140625,123026
2021-07-07,729.5,740.5999755859375,729.5,737.7999877929688,102765
2021-07-08,732.5999755859375,732.5999755859375,704.0999755859375,712.9000244140625,213655
2021-07-09,717.7000122070312,731.2000122070312,717.7000122070312,731.2000122070312,133573
2021-07-12,730.9000244140625,737.9000244140625,725.0999755859375,735.2000122070312,93279
2021-07-13,735.2000122070312,743.9000244140625,732.7999877929688,743.5999755859375,128116
2021-07-14,744.0,751.5999755859375,740.2000122070312,750.5999755859375,121950
2021-07-15,749.5,754.7000122070312,737.0999755859375,739.7999877929688,116514
2021-07-16,744.0,748.7999877929688,724.2999877929688,731.7999877929688,151202
2021-07-19,722.2000122070312,723.7999877929688,701.5,711.7999877929688,175334
2021-07-20,716.0,724.2000122070312,712.7000122070312,719.2000122070312,102415
2021-07-21,721.0,730.4000244140625,720.7000122070312,726.9000244140625,106435
2021-07-22,729.7000122070312,732.0,724.0999755859375,727.7999877929688,78064
2021-07-23,730.2999877929688,749.7000122070312,724.7000122070312,747.5999755859375,114334
2021-07-26,743.7000122070312,749.7999877929688,739.0999755859375,747.2999877929688,87982
2021-07-27,743.0,744.7000122070312,731.2000122070312,731.2000122070312,132880
2021-07-28,719.4000244140625,760.2999877929688,717.2000122070312,757.7999877929688,153898
2021-07-29,762.0,762.2000122070312,753.9000244140625,760.0999755859375,96577
2021-07-30,755.5999755859375,762.2000122070312,753.0,756.2000122070312,146016
2021-08-02,763.2999877929688,779.0,763.2999877929688,774.5,136970
2021-08-03,775.0,784.5,772.5,777.0,121659
2021-08-04,779.0999755859375,786.2000122070312,776.0,779.7000122070312,100191
2021-08-05,779.0999755859375,783.2999877929688,774.0999755859375,778.7000122070312,84429
2021-08-06,780.5,786.7999877929688,775.9000244140625,782.5,83514
2021-08-09,784.2000122070312,787.5,781.7999877929688,784.2000122070312,53153
2021-08-10,788.0999755859375,793.0,784.9000244140625,789.9000244140625,77036
2021-08-11,792.0,795.0,786.0999755859375,788.2000122070312,78838
2021-08-12,790.0,792.0999755859375,785.7000122070312,792.0999755859375,101973
2021-08-13,795.0,798.0,788.2000122070312,788.9000244140625,92751
2021-08-16,781.2000122070312,781.2000122070312,749.5,752.0,205005
2021-08-17,746.5999755859375,749.7999877929688,734.9000244140625,744.4000244140625,188284
2021-08-18,745.2999877929688,747.9000244140625,716.5,718.0,225631
2021-08-19,699.5999755859375,700.2000122070312,650.0,650.0,728696
2021-08-20,651.0,660.2999877929688,646.0,652.5,301539
2021-08-23,672.0,675.7000122070312,667.7999877929688,671.7999877929688,279307
2021-08-24,677.0,683.2999877929688,661.5,669.2999877929688,189277
2021-08-25,676.0999755859375,679.7999877929688,667.5999755859375,675.0,144660
2021-08-26,670.0,674.0999755859375,660.4000244140625,672.4000244140625,143764
2021-08-27,672.4000244140625,673.2999877929688,665.9000244140625,668.5999755859375,146927
2021-08-30,669.4000244140625,674.7000122070312,667.5,671.5999755859375,112653
2021-08-31,675.0,679.7000122070312,667.7999877929688,674.0,214623
2021-09-01,680.0,696.9000244140625,678.7000122070312,688.2000122070312,199510
2021-09-02,685.7999877929688,698.0,685.2000122070312,695.5999755859375,173436
2021-09-03,696.2999877929688,697.7000122070312,677.2999877929688,683.2999877929688,170207
2021-09-06,684.0,698.7999877929688,683.5999755859375,694.2999877929688,99916
2021-09-07,695.0,709.2000122070312,694.5999755859375,700.5999755859375,140590
2021-09-08,697.2000122070312,705.7000122070312,694.2999877929688,699.5999755859375,128419
2021-09-09,695.0,700.0,686.2999877929688,696.0,139494
2021-09-10,699.4000244140625,707.5,694.5,696.4000244140625,121328
2021-09-13,697.5999755859375,700.4000244140625,674.4000244140625,677.0,201385
2021-09-14,670.4000244140625,670.5999755859375,646.2000122070312,658.2999877929688,308180
2021-09-15,658.0,660.2000122070312,628.2000122070312,631.4000244140625,390607
2021-09-16,633.9000244140625,636.9000244140625,622.0,622.5,336873
2021-09-17,631.9000244140625,642.2999877929688,631.9000244140625,637.2000122070312,419150
2021-09-20,622.2999877929688,629.4000244140625,616.4000244140625,628.7000122070312,258428
2021-09-21,624.0,637.2999877929688,623.0999755859375,626.9000244140625,218935
2021-09-22,635.5,646.5,635.0999755859375,642.7999877929688,181646
2021-09-23,649.2999877929688,658.5999755859375,647.2999877929688,653.2999877929688,217521
2021-09-24,650.7999877929688,652.4000244140625,630.2000122070312,633.7999877929688,247050
2021-09-27,639.0,642.0,621.2000122070312,622.2999877929688,202011
2021-09-28,620.0,623.7000122070312,606.9000244140625,612.7000122070312,306526
2021-09-29,621.0,627.9000244140625,616.5999755859375,616.5999755859375,248460
2021-09-30,624.0,627.9000244140625,614.0,616.0,281460
2021-10-01,609.0,627.2999877929688,603.0999755859375,627.2999877929688,305026
2021-10-04,606.5,626.4000244140625,605.0999755859375,619.4000244140625,216570
2021-10-05,620.0999755859375,622.7999877929688,615.7999877929688,620.7999877929688,184278
2021-10-06,615.5,619.2999877929688,606.5999755859375,616.5999755859375,220697
2021-10-07,623.4000244140625,639.4000244140625,623.2999877929688,636.5999755859375,251234
2021-10-08,635.7000122070312,640.5999755859375,627.0,627.0,151361
2021-10-11,628.0,636.5,622.0,634.4000244140625,133704
2021-10-12,626.0,635.0,622.5,634.7999877929688,142396
2021-10-13,635.0999755859375,647.7000122070312,625.0,644.2999877929688,188226
2021-10-14,648.9000244140625,666.4000244140625,646.4000244140625,662.0999755859375,232034
2021-10-15,668.0,678.2000122070312,666.0999755859375,668.7999877929688,220926
2021-10-18,663.0999755859375,663.0999755859375,642.7000122070312,652.7999877929688,207370
2021-10-19,657.0,659.0,648.0999755859375,650.4000244140625,172679
2021-10-20,625.0,652.9000244140625,612.7000122070312,646.5999755859375,448323
2021-10-21,657.0,657.2000122070312,636.9000244140625,643.5999755859375,254160
2021-10-22,642.4000244140625,653.0,640.0,646.0999755859375,191280
2021-10-25,648.7000122070312,649.2999877929688,637.9000244140625,640.0,157573
2021-10-26,644.7000122070312,653.2000122070312,643.4000244140625,648.7999877929688,153629
2021-10-27,646.0999755859375,649.5,639.0999755859375,648.0,151371
2021-10-28,646.5999755859375,653.5,645.4000244140625,650.9000244140625,185903
2021-10-29,645.5,648.5999755859375,640.5,648.2000122070312,182586
2021-11-01,653.9000244140625,654.2000122070312,647.0,651.7999877929688,116752
2021-11-02,652.5999755859375,652.5999755859375,642.0999755859375,642.5999755859375,158476
2021-11-03,644.0,648.5999755859375,640.2000122070312,647.0,126967
2021-11-04,650.0,653.0999755859375,642.7999877929688,649.0,180515
2021-11-05,648.5999755859375,670.7999877929688,648.5,659.9000244140625,299170
2021-11-08,659.5999755859375,669.0999755859375,655.7999877929688,664.2000122070312,144566
2021-11-09,662.2999877929688,689.7999877929688,657.2000122070312,681.9000244140625,277128
2021-11-10,681.9000244140625,684.5,662.2999877929688,664.7999877929688,242303
2021-11-11,659.9000244140625,664.5,653.4000244140625,658.5999755859375,159155
2021-11-12,665.5999755859375,680.0,664.7999877929688,677.7999877929688,179721
2021-11-15,677.5,689.5999755859375,676.2999877929688,681.5,153037
2021-11-16,698.0,721.0999755859375,693.5,711.2000122070312,427087
2021-11-17,716.2999877929688,727.2999877929688,710.0,721.0999755859375,289676
2021-11-18,722.0999755859375,730.0999755859375,718.2000122070312,718.7000122070312,260705
2021-11-19,718.9000244140625,728.7000122070312,706.7999877929688,716.9000244140625,248072
2021-11-22,718.2000122070312,721.5999755859375,704.2999877929688,707.7000122070312,154125
2021-11-23,701.0,710.5,690.0,704.2999877929688,193112
2021-11-24,704.0,712.5,700.4000244140625,710.4000244140625,141698
2021-11-25,710.4000244140625,723.0,708.2000122070312,718.5999755859375,118725
2021-11-26,683.4000244140625,694.5,662.7999877929688,665.5,411618
2021-11-29,669.0,689.2999877929688,669.0,683.7999877929688,246573
2021-11-30,672.9000244140625,686.4000244140625,668.2000122070312,681.4000244140625,349176
2021-12-01,689.7000122070312,708.7999877929688,679.0999755859375,705.0999755859375,204680
2021-12-02,692.4000244140625,700.0,686.9000244140625,693.5,210421
2021-12-03,699.7000122070312,704.2999877929688,679.0999755859375,684.0,182781
2021-12-06,687.7000122070312,699.0999755859375,675.5,695.2999877929688,169494
2021-12-07,703.2000122070312,735.2000122070312,702.7999877929688,735.2000122070312,277126
2021-12-08,733.0,740.0,717.5,717.5,194895
2021-12-09,721.0999755859375,721.0999755859375,705.0,708.7000122070312,148732
2021-12-10,701.0,710.2000122070312,698.4000244140625,700.5,133376
2021-12-13,702.2999877929688,704.9000244140625,691.4000244140625,694.0999755859375,131050
2021-12-14,697.0999755859375,701.9000244140625,686.9000244140625,690.0,144556
2021-12-15,695.0,698.5,692.0,694.4000244140625,146506
2021-12-16,711.5,712.5,690.7999877929688,695.9000244140625,212618
2021-12-17,691.5,698.2999877929688,679.2999877929688,689.7999877929688,393590
2021-12-20,670.0999755859375,686.7999877929688,667.0,681.9000244140625,153768
2021-12-21,693.0999755859375,694.7999877929688,678.7999877929688,683.4000244140625,103133
2021-12-22,686.0,687.9000244140625,677.2999877929688,687.9000244140625,96128
2021-12-23,689.5,691.2000122070312,683.0,688.7000122070312,95555
2021-12-24,690.0999755859375,693.5,687.0,687.0,13937
2021-12-27,686.0,701.2999877929688,682.0,699.0,88476
2021-12-28,697.9000244140625,704.0,696.2999877929688,700.5999755859375,85524
2021-12-29,700.9000244140625,711.0,700.5999755859375,703.5,72842
2021-12-30,701.5,709.7000122070312,701.5,707.7999877929688,72985
2021-12-31,706.9000244140625,710.0999755859375,704.0999755859375,706.9000244140625,32448
2022-01-03,709.0,712.2999877929688,706.2999877929688,708.0,88199
2022-01-04,713.0,723.0999755859375,709.2000122070312,719.5,180553
2022-01-05,715.5999755859375,740.7999877929688,713.0,740.7999877929688,218880
2022-01-06,723.2999877929688,729.7000122070312,716.2999877929688,718.0999755859375,251849
2022-01-07,716.2000122070312,727.7000122070312,712.2000122070312,717.4000244140625,204508
2022-01-10,734.7999877929688,738.2999877929688,690.4000244140625,694.0999755859375,219738
2022-01-11,704.2000122070312,724.5999755859375,704.2000122070312,710.2999877929688,178193
2022-01-12,718.0,719.0,706.0,715.0999755859375,179491
2022-01-13,708.9000244140625,709.5,680.9000244140625,685.9000244140625,209470
2022-01-14,676.2999877929688,677.5999755859375,657.7000122070312,665.5,228410
2022-01-17,670.2999877929688,684.7000122070312,667.7999877929688,681.2999877929688,162244
2022-01-18,678.2999877929688,679.2000122070312,659.0,667.7000122070312,200783
2022-01-19,670.0,695.5999755859375,668.5999755859375,680.7999877929688,195831
2022-01-20,684.9000244140625,687.5,670.0,681.9000244140625,148505
2022-01-21,670.0999755859375,674.4000244140625,660.2999877929688,668.7999877929688,220178
2022-01-24,665.0,673.0999755859375,639.0,648.9000244140625,254701
2022-01-25,665.2000122070312,665.5,641.4000244140625,644.7999877929688,193367
2022-01-26,650.7000122070312,662.5999755859375,650.0,656.5,161573
2022-01-27,641.9000244140625,656.0999755859375,640.2000122070312,653.0,170125
2022-01-28,667.0999755859375,675.4000244140625,632.0999755859375,647.7999877929688,247060
2022-01-31,656.5,663.2999877929688,648.7000122070312,656.2999877929688,179703
2022-02-01,662.7000122070312,676.7999877929688,661.5,671.7000122070312,172289
2022-02-02,686.0,693.2000122070312,679.0,679.0,185164
2022-02-03,670.7000122070312,679.5,654.7000122070312,659.4000244140625,246415
2022-02-04,663.5,665.0,647.9000244140625,652.2000122070312,173289
2022-02-07,655.0,655.5999755859375,642.0,649.4000244140625,110257
2022-02-08,649.2999877929688,656.7999877929688,635.9000244140625,643.5,152715
2022-02-09,647.0,655.5,644.2000122070312,645.0,235170
2022-02-10,649.5,650.0,627.5,628.7999877929688,227926
2022-02-11,621.0,629.5999755859375,617.4000244140625,619.7999877929688,218931
2022-02-14,600.2999877929688,616.2000122070312,594.7000122070312,616.2000122070312,250681
2022-02-15,613.9000244140625,633.0999755859375,613.0,631.5,231003
2022-02-16,634.9000244140625,640.2999877929688,624.0,632.5999755859375,157701
2022-02-17,668.0,682.4000244140625,661.7999877929688,663.9000244140625,407464
2022-02-18,666.2999877929688,676.7000122070312,662.5,666.5999755859375,233600
2022-02-21,674.0,675.0,643.2000122070312,651.7999877929688,169944
2022-02-22,636.0999755859375,652.2999877929688,626.5,643.0999755859375,208272
2022-02-23,643.5,661.2999877929688,639.2999877929688,646.5,182214
2022-02-24,613.7999877929688,624.4000244140625,602.0,620.2000122070312,399047
2022-02-25,622.5,640.9000244140625,615.0,638.5999755859375,271268
2022-02-28,627.9000244140625,639.7000122070312,611.0999755859375,637.0999755859375,305166
2022-03-01,635.0999755859375,637.5999755859375,611.7000122070312,611.7000122070312,246320
2022-03-02,605.7999877929688,627.2000122070312,600.9000244140625,619.5,332796
2022-03-03,616.0,620.5999755859375,601.2999877929688,604.2999877929688,244469
2022-03-04,595.0,596.0,557.7000122070312,558.5999755859375,440521
2022-03-07,527.2000122070312,557.2999877929688,523.7999877929688,542.0,388608
2022-03-08,530.5,557.0999755859375,526.7999877929688,535.2000122070312,317818
2022-03-09,557.4000244140625,582.0,542.0,580.7999877929688,365788
2022-03-10,577.7999877929688,577.7999877929688,547.2000122070312,551.7999877929688,262637
2022-03-11,552.0,586.0,543.2999877929688,557.0999755859375,237947
2022-03-14,561.7000122070312,573.0,545.0999755859375,564.5999755859375,281097
2022-03-15,553.2999877929688,560.9000244140625,537.9000244140625,557.2000122070312,298826
2022-03-16,577.7000122070312,601.0,574.2000122070312,588.0,271394
2022-03-17,591.0,597.7000122070312,586.7999877929688,593.5,195965
2022-03-18,595.0,604.5,587.4000244140625,604.5,337844
2022-03-21,599.0,607.9000244140625,592.2999877929688,595.7000122070312,138338
2022-03-22,591.2000122070312,601.7999877929688,589.5999755859375,596.7000122070312,178404
2022-03-23,596.5,597.9000244140625,574.4000244140625,580.7999877929688,243202
2022-03-24,584.0999755859375,590.7999877929688,573.5,577.2000122070312,183658
2022-03-25,578.4000244140625,593.7000122070312,575.5999755859375,582.2999877929688,150082
2022-03-28,582.7999877929688,592.5999755859375,579.0,584.2999877929688,173845
2022-03-29,592.0,608.2999877929688,590.7999877929688,599.9000244140625,278527
2022-03-30,598.7000122070312,598.9000244140625,579.7999877929688,586.4000244140625,240763
2022-03-31,586.0,595.7999877929688,573.0999755859375,575.7000122070312,186589
2022-04-01,577.7000122070312,578.0999755859375,570.0,575.2999877929688,154679
2022-04-04,577.4000244140625,585.7999877929688,567.0,585.7000122070312,136724
2022-04-05,581.5,585.7999877929688,577.0,584.5999755859375,164541
2022-04-06,583.5999755859375,584.5,553.4000244140625,557.0999755859375,267029
2022-04-07,557.9000244140625,562.0,545.9000244140625,548.4000244140625,216330
2022-04-08,555.0,559.2999877929688,545.7999877929688,551.2999877929688,126407
2022-04-11,547.5,549.2999877929688,532.0,535.2999877929688,223482
2022-04-12,524.5,538.0999755859375,520.9000244140625,531.7999877929688,252922
2022-04-13,531.0,538.0999755859375,511.1000061035156,526.2999877929688,324967
2022-04-14,530.0,539.2000122070312,527.0,533.7999877929688,234522
2022-04-19,529.7999877929688,534.2000122070312,520.2000122070312,529.9000244140625,178288
2022-04-20,530.7000122070312,545.5999755859375,528.7000122070312,541.9000244140625,248748
2022-04-21,541.0,560.0,536.4000244140625,553.0999755859375,293838
2022-04-22,516.0,534.5,514.4000244140625,529.2000122070312,481670
2022-04-25,518.0,521.0,502.3999938964844,506.2000122070313,345032
2022-04-26,512.4000244140625,518.9000244140625,500.7999877929688,507.3999938964844,244984
2022-04-27,501.3999938964844,510.1000061035156,499.1000061035156,507.2000122070313,232409
2022-04-28,512.0,517.2000122070312,497.0,505.8999938964844,232611
2022-04-29,511.0,527.0,510.7999877929688,513.0999755859375,223531
2022-05-02,504.6000061035156,506.6000061035156,492.6499938964844,504.2000122070313,177205
2022-05-03,500.0,504.7000122070313,487.1000061035156,490.2999877929688,194681
2022-05-04,491.8500061035156,492.7999877929688,480.8500061035156,480.8500061035156,186629
2022-05-05,494.1499938964844,498.1000061035156,469.6499938964844,470.8999938964844,236225
2022-05-06,469.0,469.0,451.7000122070313,457.8999938964844,319851
2022-05-09,454.4500122070313,461.7999877929688,442.4500122070313,442.4500122070313,253353
2022-05-10,451.3500061035156,455.0,441.2000122070313,442.8999938964844,235981
2022-05-11,451.75,463.6499938964844,449.4500122070313,459.6000061035156,275971
2022-05-12,447.0,452.2000122070313,432.75,449.0,318215
2022-05-13,454.8500061035156,460.1000061035156,447.4500122070313,460.1000061035156,194287
2022-05-16,458.3500061035156,461.5499877929688,452.2999877929688,460.75,178797
2022-05-17,467.3500061035156,475.5499877929688,461.8999938964844,470.3500061035156,180009
2022-05-18,470.7000122070313,471.7000122070313,462.5499877929688,463.2999877929688,239163
2022-05-19,459.5,459.75,445.2999877929688,454.1000061035156,270459
2022-05-20,455.0,461.7000122070313,446.3999938964844,450.3500061035156,243082
2022-05-23,457.9500122070313,458.6499938964844,444.6000061035156,455.0,216925
2022-05-24,450.2999877929688,452.3999938964844,441.75,446.8999938964844,255104
2022-05-25,451.3500061035156,453.3999938964844,440.7000122070313,452.1000061035156,181837
2022-05-26,453.3999938964844,469.1499938964844,452.3500061035156,467.7000122070313,191705
2022-05-27,471.3999938964844,489.0,470.2999877929688,489.0,406864
2022-05-30,495.5,511.2999877929688,495.1000061035156,505.2999877929688,329639
2022-05-31,503.0,510.7999877929688,500.6000061035156,509.7000122070313,611931
2022-06-01,508.8999938964844,519.5,505.0,509.7999877929688,281885
2022-06-02,511.0,524.2000122070312,511.0,520.5,218227
2022-06-03,524.9000244140625,525.7000122070312,519.4000244140625,521.0,206882
2022-06-06,527.9000244140625,531.5999755859375,524.5999755859375,526.0999755859375,215579
2022-06-07,523.0,527.0999755859375,517.9000244140625,525.0,197947
2022-06-08,529.5999755859375,529.9000244140625,518.2999877929688,523.0,180626
2022-06-09,517.5,525.9000244140625,513.2000122070312,515.0,278880
2022-06-10,511.2000122070313,516.4000244140625,508.5,510.3999938964844,307758
2022-06-13,503.0,503.7999877929688,487.7999877929688,495.6000061035156,360543
2022-06-14,496.3500061035156,499.7999877929688,487.7999877929688,491.2999877929688,285600
2022-06-15,502.7000122070313,510.0,498.4500122070313,504.0,301613
2022-06-16,501.1000061035156,503.2999877929688,489.1000061035156,489.1499938964844,221298
2022-06-17,492.1499938964844,494.2999877929688,480.1000061035156,481.8500061035156,505796
2022-06-20,487.3500061035156,489.7999877929688,482.5,484.3999938964844,160041
2022-06-21,487.6499938964844,500.3999938964844,487.3500061035156,494.2999877929688,139045
2022-06-22,486.0,488.0499877929688,478.8999938964844,487.8999938964844,252262
2022-06-23,483.6000061035156,492.75,476.8500061035156,490.0,196224
2022-06-24,493.0,506.1000061035156,486.8500061035156,502.5,244003
2022-06-27,510.0,512.4000244140625,492.8999938964844,496.6499938964844,197356
2022-06-28,504.0,511.3999938964844,500.1000061035156,503.6000061035156,198313
2022-06-29,493.6000061035156,503.1000061035156,492.0,500.6000061035156,177178
2022-06-30,492.2000122070313,494.3500061035156,480.3999938964844,490.1000061035156,224700
2022-07-01,486.6000061035156,499.4500122070313,483.1000061035156,487.25,128375
2022-07-04,490.6499938964844,497.8500061035156,488.5499877929688,490.3999938964844,142666
2022-07-05,494.5499877929688,495.8999938964844,474.5,479.6499938964844,206503
2022-07-06,488.2999877929688,492.8999938964844,484.9500122070313,489.4500122070313,214729
2022-07-07,495.5,510.0,493.9500122070313,505.2000122070313,279207
2022-07-08,507.5,510.3999938964844,493.0,501.0,167411
2022-07-11,485.7999877929688,496.7000122070313,484.4500122070313,496.1499938964844,154247
2022-07-12,491.6499938964844,504.8999938964844,488.1499938964844,504.8999938964844,145265
2022-07-13,500.6000061035156,508.3999938964844,491.7000122070313,500.0,159651
2022-07-14,498.6499938964844,503.3999938964844,491.7000122070313,496.75,171702
2022-07-15,494.2000122070313,497.4500122070313,477.8999938964844,496.8999938964844,323352
2022-07-18,501.6000061035156,516.2999877929688,499.7000122070313,510.7999877929688,197476
2022-07-19,506.6000061035156,530.0999755859375,506.0,528.2999877929688,241485
2022-07-20,531.0,531.5999755859375,520.0999755859375,526.7999877929688,151594
2022-07-21,526.0,533.4000244140625,523.0,530.2000122070312,149810
2022-07-22,525.5,535.9000244140625,524.2999877929688,531.2999877929688,130863
2022-07-25,530.2000122070312,537.4000244140625,526.4000244140625,533.0,100760
2022-07-26,531.2999877929688,532.7999877929688,518.5,524.9000244140625,173157
2022-07-27,521.0999755859375,530.9000244140625,511.3999938964844,528.0,168721
2022-07-28,530.0,557.0,526.4000244140625,556.0999755859375,275962
2022-07-29,560.0,564.5999755859375,550.5999755859375,556.9000244140625,248726
2022-08-01,557.0,557.5999755859375,548.4000244140625,552.9000244140625,144111
2022-08-02,548.0,548.4000244140625,540.9000244140625,543.5,140891
2022-08-03,539.2999877929688,554.7000122070312,539.0999755859375,553.4000244140625,121246
2022-08-04,556.7999877929688,560.0,550.5999755859375,556.4000244140625,130706
2022-08-05,557.0,558.5,540.2999877929688,543.5999755859375,152773
2022-08-08,547.7000122070312,555.2000122070312,545.9000244140625,550.7999877929688,90329
2022-08-09,551.4000244140625,554.2000122070312,545.5999755859375,545.9000244140625,114802
2022-08-10,541.7000122070312,555.4000244140625,537.0999755859375,554.0,137121
2022-08-11,557.4000244140625,561.2999877929688,552.7000122070312,559.7000122070312,121819
2022-08-12,558.0,565.9000244140625,555.9000244140625,561.0,144704
2022-08-15,561.0,564.5,559.2000122070312,561.2999877929688,83280
2022-08-16,561.7999877929688,564.0999755859375,558.2999877929688,564.0999755859375,124792
2022-08-17,565.9000244140625,571.2000122070312,561.5999755859375,563.5,160113
2022-08-18,563.9000244140625,571.2999877929688,560.7000122070312,562.7000122070312,103080
2022-08-19,558.0,567.7000122070312,557.0,558.0999755859375,136955
2022-08-22,555.0,555.2999877929688,537.7999877929688,540.5,161011
2022-08-23,535.5,546.5999755859375,533.5,538.7000122070312,144430
2022-08-24,535.0,545.2000122070312,530.4000244140625,543.5999755859375,130150
2022-08-25,549.4000244140625,549.4000244140625,540.2000122070312,543.5,109158
2022-08-26,548.0999755859375,548.2000122070312,524.0999755859375,528.9000244140625,181184
2022-08-29,520.5,523.4000244140625,512.0999755859375,517.0999755859375,160075
2022-08-30,519.5999755859375,527.7999877929688,511.5,515.5,118928
2022-08-31,519.0,520.5,503.0,503.0,205228
2022-09-01,494.5,495.6000061035156,485.5,492.2000122070313,226790
2022-09-02,498.3999938964844,499.2000122070313,487.8500061035156,496.1000061035156,184224
2022-09-05,486.5499877929688,494.25,483.8999938964844,494.25,147592
2022-09-06,493.0,502.5,492.7999877929688,499.5,282426
2022-09-07,496.4500122070313,514.7000122070312,493.0,511.7000122070313,241319
2022-09-08,513.0,520.9000244140625,506.6000061035156,515.4000244140625,192600
2022-09-09,514.7000122070312,528.0999755859375,514.7000122070312,522.2000122070312,143318
2022-09-12,526.4000244140625,534.2000122070312,521.0999755859375,530.0999755859375,168292
2022-09-13,535.0,540.4000244140625,522.7999877929688,523.0999755859375,155988
2022-09-14,518.0,525.5,514.0,519.0999755859375,150314
2022-09-15,517.7999877929688,521.5,502.2999877929688,504.2000122070313,179204
2022-09-16,499.5,500.2000122070313,492.25,494.1499938964844,372673
2022-09-19,492.3500061035156,498.2999877929688,487.25,493.1499938964844,151997
2022-09-20,497.2000122070313,504.5,494.5499877929688,495.3999938964844,168181
2022-09-21,490.4500122070313,503.2999877929688,488.6499938964844,501.5,166969
2022-09-22,490.2999877929688,503.2999877929688,490.0,495.5,178722
2022-09-23,495.6000061035156,495.6000061035156,476.7000122070313,477.2000122070313,195241
2022-09-26,474.25,483.8999938964844,472.8500061035156,473.0499877929688,181905
2022-09-27,468.1499938964844,473.3500061035156,457.2000122070313,458.3999938964844,301575
2022-09-28,451.7999877929688,462.7000122070313,447.2000122070313,462.7000122070313,229638
2022-09-29,461.5,461.5,450.2000122070313,455.0499877929688,209337
2022-09-30,457.0,458.5499877929688,446.3500061035156,458.5499877929688,237869
2022-10-03,454.0,458.0499877929688,446.7000122070313,454.7999877929688,193542
2022-10-04,461.0,483.4500122070313,459.6499938964844,480.5,294144
2022-10-05,477.3500061035156,480.3999938964844,461.6499938964844,464.6000061035156,251948
2022-10-06,467.5,469.2999877929688,453.75,456.0,186994
2022-10-07,452.0,455.5499877929688,446.0,449.5,207891
2022-10-10,441.75,448.3999938964844,437.8999938964844,443.5499877929688,157597
2022-10-11,440.6499938964844,445.3500061035156,438.1499938964844,445.25,136357
2022-10-12,446.0,451.4500122070313,440.6000061035156,445.4500122070313,182607
2022-10-13,444.9500122070313,447.7000122070313,427.5499877929688,443.2000122070313,197814
2022-10-14,452.0,460.5,445.7999877929688,448.0,221837
2022-10-17,447.0,465.9500122070313,440.7999877929688,462.8999938964844,177124
2022-10-18,469.6499938964844,474.0499877929688,463.3500061035156,465.5,164398
2022-10-19,465.5,468.0,458.3999938964844,459.0,143063
2022-10-20,461.0,470.9500122070313,457.5499877929688,469.6000061035156,317130
2022-10-21,457.0499877929688,460.4500122070313,445.75,454.1000061035156,297815
2022-10-24,455.5,462.7999877929688,450.5,456.3999938964844,227877
2022-10-25,457.9500122070313,472.3999938964844,455.75,472.3999938964844,224854
2022-10-26,472.75,479.8999938964844,470.25,477.2000122070313,167622
2022-10-27,473.6000061035156,476.6000061035156,468.3500061035156,471.1000061035156,274841
2022-10-28,465.0499877929688,466.6499938964844,458.5,463.75,237840
2022-10-31,465.7999877929688,466.3999938964844,460.9500122070313,463.7000122070313,156133
2022-11-01,473.0,484.7999877929688,472.75,476.4500122070313,159782
2022-11-02,479.4500122070313,484.8500061035156,468.1000061035156,473.0499877929688,229116
2022-11-03,468.2999877929688,473.0499877929688,464.6000061035156,470.1499938964844,178681
2022-11-04,482.0,508.8999938964844,481.5,503.3999938964844,402719
2022-11-07,502.5,511.0,498.5,505.0,160109
2022-11-08,503.6000061035156,517.7000122070312,500.6000061035156,515.5999755859375,168882
2022-11-09,512.5999755859375,515.5999755859375,510.1000061035156,512.2000122070312,125652
2022-11-10,507.2999877929688,535.5,506.3999938964844,532.0,268972
2022-11-11,558.0,559.5,537.4000244140625,543.5999755859375,289923
2022-11-14,543.5999755859375,546.2999877929688,533.4000244140625,541.7999877929688,225384
2022-11-15,544.7000122070312,549.7999877929688,542.7000122070312,547.2000122070312,173255
2022-11-16,545.5999755859375,546.4000244140625,534.5,538.0,252240
2022-11-17,540.2000122070312,543.5999755859375,537.5999755859375,540.4000244140625,146116
2022-11-18,544.2000122070312,552.9000244140625,541.2000122070312,551.0999755859375,273183
2022-11-21,546.5,552.2000122070312,546.5,549.5999755859375,148038
2022-11-22,549.5,551.9000244140625,541.7999877929688,542.9000244140625,167434
2022-11-23,554.0,555.0,537.0999755859375,546.0999755859375,196711
2022-11-24,541.0,550.4000244140625,538.0999755859375,547.7000122070312,132748
2022-11-25,546.5,548.2999877929688,542.0,545.2999877929688,152949
2022-11-28,538.2000122070312,547.7000122070312,537.9000244140625,545.2000122070312,160886
2022-11-29,555.0,559.7999877929688,545.7999877929688,552.5999755859375,216690
2022-11-30,555.7000122070312,571.7999877929688,551.2999877929688,567.4000244140625,387048
2022-12-01,573.0,574.9000244140625,563.0,567.0999755859375,171799
2022-12-02,563.0,566.2999877929688,553.4000244140625,559.7000122070312,209701
2022-12-05,559.5,561.7000122070312,543.2999877929688,546.2000122070312,203672
2022-12-06,544.9000244140625,549.2999877929688,541.7999877929688,545.2000122070312,154794
2022-12-07,535.5999755859375,538.0,521.5999755859375,522.5999755859375,316000
2022-12-08,523.4000244140625,526.0999755859375,518.0999755859375,522.5999755859375,228464
2022-12-09,527.0,528.2000122070312,519.2000122070312,523.5,187361
2022-12-12,519.9000244140625,522.5999755859375,516.0999755859375,517.9000244140625,218403
2022-12-13,522.0999755859375,533.0,519.2000122070312,524.0,246781
2022-12-14,523.0,525.0,517.4000244140625,524.7000122070312,195862
2022-12-15,511.1000061035156,512.7000122070312,491.2999877929688,495.5,462629
2022-12-16,492.0,493.3999938964844,481.1499938964844,491.0499877929688,418116
2022-12-19,489.75,492.6499938964844,484.3500061035156,485.8500061035156,171059
2022-12-20,474.25,477.1000061035156,464.3999938964844,467.3500061035156,287111
2022-12-21,471.8500061035156,482.7000122070313,471.5499877929688,481.3500061035156,233646
2022-12-22,481.0499877929688,484.8500061035156,472.1499938964844,475.1000061035156,184295
2022-12-23,475.6000061035156,475.9500122070313,468.2999877929688,471.9500122070313,99896
2022-12-27,476.4500122070313,482.9500122070313,475.7999877929688,478.5,121277
2022-12-28,480.1499938964844,484.0499877929688,475.2999877929688,476.2999877929688,107925
2022-12-29,474.0,483.25,472.8999938964844,482.6000061035156,132562
2022-12-30,479.6000061035156,481.1000061035156,475.5,475.5,143340
2023-01-02,480.0,483.8999938964844,478.0499877929688,483.6000061035156,122062
2023-01-03,484.0,494.6499938964844,483.0499877929688,489.1000061035156,225411
2023-01-04,491.5,511.0,491.5,511.0,271538
2023-01-05,505.7000122070313,519.9000244140625,505.2000122070313,518.0,192973
2023-01-06,519.0,527.7000122070312,515.2000122070312,527.5999755859375,190366
2023-01-09,527.2000122070312,529.9000244140625,525.7999877929688,526.5,205627
2023-01-10,525.2999877929688,526.2000122070312,516.5999755859375,524.2999877929688,189877
2023-01-11,528.0,546.2999877929688,525.5,543.4000244140625,312461
2023-01-12,545.0999755859375,558.9000244140625,544.2000122070312,554.0,274993
2023-01-13,557.0999755859375,564.7000122070312,551.0999755859375,563.5999755859375,202701
2023-01-16,560.7000122070312,562.9000244140625,557.2000122070312,560.5999755859375,132828
2023-01-17,557.7999877929688,560.5999755859375,551.7999877929688,555.0999755859375,205795
2023-01-18,552.2999877929688,553.5999755859375,543.2999877929688,543.7000122070312,252830
2023-01-19,541.0,542.2999877929688,528.5,530.0,266519
2023-01-20,535.4000244140625,536.5,527.7000122070312,531.5999755859375,193446
2023-01-23,534.7999877929688,539.2000122070312,532.4000244140625,537.2999877929688,159581
2023-01-24,540.2999877929688,546.2000122070312,536.0999755859375,538.7999877929688,177894
2023-01-25,539.2000122070312,542.7000122070312,530.9000244140625,534.2000122070312,179786
2023-01-26,540.7999877929688,548.2000122070312,540.7999877929688,547.9000244140625,198378
2023-01-27,544.9000244140625,561.5,539.5,557.7000122070312,236164
2023-01-30,555.7999877929688,567.5,550.5,566.0,216686
2023-01-31,566.0,571.7999877929688,556.7000122070312,570.5,205899
2023-02-01,572.5999755859375,573.2000122070312,562.2000122070312,563.4000244140625,153762
2023-02-02,572.2999877929688,596.2000122070312,571.0999755859375,592.2999877929688,419585
2023-02-03,590.0,598.5999755859375,584.5999755859375,598.5999755859375,283741
2023-02-06,592.5,594.0999755859375,572.9000244140625,576.0,238965
2023-02-07,579.5,581.5999755859375,570.2999877929688,573.4000244140625,134400
2023-02-08,579.7000122070312,582.2999877929688,566.2999877929688,567.9000244140625,199318
2023-02-09,575.0,583.9000244140625,573.7999877929688,579.2000122070312,214076
2023-02-10,575.0,577.0999755859375,556.0,559.5,317464
2023-02-13,559.5,569.4000244140625,556.0999755859375,566.5999755859375,176362
2023-02-14,570.5,570.7000122070312,558.5999755859375,561.4000244140625,218252
2023-02-15,538.2000122070312,596.2999877929688,534.5,578.4000244140625,610404
2023-02-16,587.0,601.0999755859375,584.5,596.7000122070312,444228
2023-02-17,590.2000122070312,595.7000122070312,578.5999755859375,590.0,252056
2023-02-20,589.0999755859375,592.2000122070312,582.5,591.0999755859375,129526
2023-02-21,588.7000122070312,592.4000244140625,576.2000122070312,585.2999877929688,223424
2023-02-22,582.0999755859375,583.5,572.2000122070312,576.9000244140625,182400
2023-02-23,579.4000244140625,583.9000244140625,576.2000122070312,578.5999755859375,159155
2023-02-24,580.2000122070312,581.5999755859375,552.4000244140625,553.7999877929688,332762
2023-02-27,556.2999877929688,565.0999755859375,556.2999877929688,561.4000244140625,182816
2023-02-28,558.0,558.5999755859375,554.0,555.0,196243
2023-03-01,567.0,571.2000122070312,560.7999877929688,561.7000122070312,235209
2023-03-02,556.7000122070312,572.2000122070312,552.5999755859375,571.7000122070312,197557
2023-03-03,571.7000122070312,580.7999877929688,569.5999755859375,577.4000244140625,219454
2023-03-06,585.2000122070312,586.4000244140625,575.9000244140625,578.9000244140625,140231
2023-03-07,573.2000122070312,580.5999755859375,571.0,575.9000244140625,170531
2023-03-08,572.2999877929688,582.7999877929688,570.0999755859375,579.9000244140625,182276
2023-03-09,578.5999755859375,580.2999877929688,573.0,579.0,115279
2023-03-10,571.0,580.2000122070312,562.4000244140625,573.5999755859375,205448
2023-03-13,572.5,574.0,545.2999877929688,550.2000122070312,305508
2023-03-14,551.4000244140625,571.4000244140625,550.7999877929688,565.2000122070312,265445
2023-03-15,563.5,564.5,535.5,539.2999877929688,347845
2023-03-16,549.7999877929688,559.2000122070312,537.7999877929688,552.9000244140625,277487
2023-03-17,557.2000122070312,560.0999755859375,544.5,547.0999755859375,434586
2023-03-20,545.2000122070312,560.4000244140625,536.5999755859375,556.0,229123
2023-03-21,562.2000122070312,573.2000122070312,560.5999755859375,568.0,192974
2023-03-22,567.2999877929688,574.7999877929688,567.0,572.0,132355
2023-03-23,569.4000244140625,581.9000244140625,568.7000122070312,578.0999755859375,167927
2023-03-24,575.9000244140625,580.5,568.7999877929688,580.5,271234
2023-03-27,585.5,587.2000122070312,571.7000122070312,573.2999877929688,139721
2023-03-28,582.0,583.9000244140625,571.2000122070312,575.4000244140625,145842
2023-03-29,581.0,590.2999877929688,578.7000122070312,584.2000122070312,177570
2023-03-30,590.5999755859375,599.2000122070312,589.7999877929688,594.5999755859375,206449
2023-03-31,598.4000244140625,603.5999755859375,596.2000122070312,600.0,221101
2023-04-03,599.5999755859375,602.5999755859375,592.4000244140625,593.7000122070312,154326
2023-04-04,593.7999877929688,598.5,580.7000122070312,584.2000122070312,182076
2023-04-05,581.7000122070312,581.9000244140625,559.0,565.5,251242
2023-04-06,560.7000122070312,561.7999877929688,549.7999877929688,555.4000244140625,251399
2023-04-11,559.0999755859375,566.5999755859375,554.5,556.9000244140625,229543
2023-04-12,556.9000244140625,564.4000244140625,552.5,554.0999755859375,134435
2023-04-13,565.0,571.7000122070312,559.0,568.5999755859375,237138
2023-04-14,570.7000122070312,581.2999877929688,570.5999755859375,576.0,174262
2023-04-17,579.5999755859375,579.9000244140625,565.0999755859375,567.9000244140625,147651
2023-04-18,569.2000122070312,580.4000244140625,568.0999755859375,571.7000122070312,185036
2023-04-19,572.0,573.7999877929688,566.7000122070312,572.0,149630
2023-04-20,569.0,577.2000122070312,565.2000122070312,576.0999755859375,143590
2023-04-21,572.2000122070312,578.0,566.9000244140625,578.0,162697
2023-04-24,578.7000122070312,587.9000244140625,577.9000244140625,584.7999877929688,183325
2023-04-25,580.9000244140625,588.9000244140625,579.2999877929688,585.2000122070312,135869
2023-04-26,580.0,584.0,563.7999877929688,571.7999877929688,317155
2023-04-27,571.9000244140625,585.9000244140625,569.2000122070312,579.7999877929688,201666
2023-04-28,579.2999877929688,585.0,572.5,579.7000122070312,202182
2023-05-02,572.2999877929688,577.9000244140625,560.5,562.7999877929688,180979
2023-05-03,565.7000122070312,575.0999755859375,563.0999755859375,566.5999755859375,171775
2023-05-04,564.2000122070312,566.2999877929688,555.5999755859375,558.5,149724
2023-05-05,563.9000244140625,563.9000244140625,557.9000244140625,561.4000244140625,129689
2023-05-08,561.4000244140625,565.4000244140625,560.9000244140625,564.5,79792
2023-05-09,565.7999877929688,565.7999877929688,549.0,549.2000122070312,192572
2023-05-10,552.0,553.2999877929688,539.0,541.5,180080
2023-05-11,542.5999755859375,550.7999877929688,539.7000122070312,544.9000244140625,116519
2023-05-12,550.2999877929688,558.7999877929688,541.5999755859375,545.4000244140625,283000
2023-05-15,547.7000122070312,555.4000244140625,543.7999877929688,551.4000244140625,110479
2023-05-16,549.7999877929688,550.2000122070312,544.0,546.5,100774
2023-05-17,543.7000122070312,546.5,539.4000244140625,542.0,100154
2023-05-18,540.7000122070312,547.2000122070312,537.0999755859375,544.7999877929688,107214
2023-05-19,546.0999755859375,546.2999877929688,535.0999755859375,535.0999755859375,244668
2023-05-22,534.9000244140625,543.4000244140625,532.7999877929688,542.0,164357
2023-05-23,540.0,542.0,525.4000244140625,525.9000244140625,189014
2023-05-24,518.0999755859375,520.7999877929688,510.7000122070313,513.5,253193
2023-05-25,515.0,515.7000122070312,504.1000061035156,510.3999938964844,179248
2023-05-26,512.5,520.5,508.2999877929688,517.7000122070312,126962
2023-05-29,520.7000122070312,520.9000244140625,513.9000244140625,514.7000122070312,79525
2023-05-30,519.0999755859375,520.4000244140625,511.7999877929688,513.2999877929688,122832
2023-05-31,502.0,505.2000122070313,495.8500061035156,498.3500061035156,395546
2023-06-01,503.6000061035156,503.6000061035156,488.4500122070313,496.2000122070313,182158
2023-06-02,501.3999938964844,509.5,500.3999938964844,506.7000122070313,216996
2023-06-05,506.6000061035156,506.6000061035156,500.2999877929688,501.8999938964844,142334
2023-06-06,500.0,503.3999938964844,500.0,501.8999938964844,134111
2023-06-07,499.8999938964844,507.7999877929688,499.1499938964844,504.7999877929688,129032
2023-06-08,498.0,504.2999877929688,496.0,502.5,121240
2023-06-09,502.5,507.8999938964844,498.7999877929688,504.7000122070313,130771
2023-06-12,509.2000122070313,512.2999877929688,507.1000061035156,509.7000122070313,141731
2023-06-13,514.5999755859375,519.2000122070312,508.7999877929688,514.9000244140625,168228
2023-06-14,515.0,525.9000244140625,514.9000244140625,523.0,200517
2023-06-15,519.9000244140625,523.4000244140625,510.1000061035156,516.4000244140625,221515
2023-06-16,519.5999755859375,532.2000122070312,516.5,527.7000122070312,416426
2023-06-19,524.7999877929688,526.7999877929688,516.5,518.7999877929688,140672
2023-06-20,517.4000244140625,518.0999755859375,512.5999755859375,515.5,116875
2023-06-21,512.0,516.2000122070312,508.0,511.2000122070313,137017
2023-06-22,506.0,513.0,505.0,513.0,161382
2023-06-23,509.7000122070313,514.0,498.0,502.2000122070313,192812
2023-06-26,501.1000061035156,505.6000061035156,496.7000122070313,502.3999938964844,187774
2023-06-27,504.6000061035156,515.2999877929688,502.7000122070313,505.7000122070313,154570
2023-06-28,509.2999877929688,510.8999938964844,497.1499938964844,500.0,243872
2023-06-29,493.5499877929688,505.1000061035156,490.1000061035156,501.2999877929688,184527
2023-06-30,503.0,508.6000061035156,501.6000061035156,505.6000061035156,236915
2023-07-03,509.0,509.0,501.1000061035156,504.0,113408
2023-07-04,505.0,507.3999938964844,502.1000061035156,506.0,72993
2023-07-05,500.5,502.7999877929688,488.6499938964844,491.3999938964844,269636
2023-07-06,486.7999877929688,487.0499877929688,474.1000061035156,475.5,280717
2023-07-07,477.6499938964844,480.0499877929688,474.2999877929688,477.6000061035156,137790
2023-07-10,475.0,481.2999877929688,474.7000122070313,480.75,115403
2023-07-11,486.25,489.4500122070313,483.1000061035156,488.25,114761
2023-07-12,491.1000061035156,501.3999938964844,489.0499877929688,498.7000122070313,188981
2023-07-13,503.0,504.0,498.9500122070313,501.6000061035156,122075
2023-07-14,495.0,504.2999877929688,495.0,500.0,99966
2023-07-17,489.75,493.6499938964844,486.6000061035156,490.25,158396
2023-07-18,490.7999877929688,494.3999938964844,487.0499877929688,494.0,211574
2023-07-19,518.7000122070312,532.2000122070312,516.5,530.4000244140625,513870
2023-07-20,527.0,543.5,526.7000122070312,541.4000244140625,303806
2023-07-21,541.2999877929688,544.7999877929688,538.5999755859375,541.2999877929688,186466
2023-07-24,539.0999755859375,543.4000244140625,531.2000122070312,532.5999755859375,121936
2023-07-25,535.9000244140625,539.5,531.7000122070312,531.7000122070312,122632
2023-07-26,524.0,525.9000244140625,512.7000122070312,522.0,214964
2023-07-27,531.5999755859375,543.7999877929688,527.5,537.4000244140625,223088
2023-07-28,540.0999755859375,546.7999877929688,522.5,531.2000122070312,238431
2023-07-31,529.4000244140625,529.4000244140625,521.7000122070312,523.5999755859375,208935
2023-08-01,520.2000122070312,522.2999877929688,514.7000122070312,518.4000244140625,133597
2023-08-02,510.0,516.9000244140625,508.2000122070313,511.0,194470
2023-08-03,504.7999877929688,511.0,502.8999938964844,510.0,178979
2023-08-04,513.5,515.0999755859375,507.5,514.5,128852
2023-08-07,512.0,520.2999877929688,510.2999877929688,517.9000244140625,133410
2023-08-08,514.5,517.9000244140625,511.1000061035156,514.5999755859375,138185
2023-08-09,523.2000122070312,525.9000244140625,517.0,517.0,165787
2023-08-10,521.7999877929688,533.9000244140625,519.9000244140625,528.4000244140625,168861
2023-08-11,524.7999877929688,527.2999877929688,514.7999877929688,517.0999755859375,131492
2023-08-14,515.4000244140625,516.7999877929688,512.0999755859375,514.0,91599
2023-08-15,514.4000244140625,517.0,505.2999877929688,508.8999938964844,99019
2023-08-16,507.7999877929688,511.8999938964844,506.0,506.7000122070313,77960
2023-08-17,503.8999938964844,505.7999877929688,495.75,498.2999877929688,116711
2023-08-18,495.6000061035156,495.7999877929688,487.75,492.6000061035156,125379
2023-08-21,492.3999938964844,502.5,491.8500061035156,498.5,155474
2023-08-22,501.7000122070313,507.8999938964844,499.0,501.3999938964844,126660
2023-08-23,504.0,504.6000061035156,496.4500122070313,499.1000061035156,83913
2023-08-24,504.2999877929688,507.6000061035156,488.8999938964844,490.0,119218
2023-08-25,488.8999938964844,493.0499877929688,485.75,487.6000061035156,100517
2023-08-28,491.9500122070313,496.7000122070313,488.6499938964844,494.3999938964844,111513
2023-08-29,497.7000122070313,500.3999938964844,493.4500122070313,499.0,149647
2023-08-30,501.0,502.2000122070313,492.7999877929688,498.2999877929688,92048
2023-08-31,500.2999877929688,500.5,494.2000122070313,494.2000122070313,213338
2023-09-01,492.8999938964844,495.3999938964844,487.6499938964844,488.7999877929688,164033
2023-09-04,493.6000061035156,498.3999938964844,489.8500061035156,490.5499877929688,90911
2023-09-05,486.0499877929688,486.8500061035156,477.6499938964844,479.7999877929688,150739
2023-09-06,476.1499938964844,477.0499877929688,466.8500061035156,468.7000122070313,171070
2023-09-07,466.2999877929688,473.4500122070313,460.2000122070313,462.8500061035156,155682
2023-09-08,465.0,469.7000122070313,459.0,469.7000122070313,172302
2023-09-11,472.0,474.2000122070313,467.1000061035156,468.1499938964844,142584
2023-09-12,471.5499877929688,472.6000061035156,460.8999938964844,463.7000122070313,160682
2023-09-13,462.0499877929688,465.0,461.0499877929688,461.8500061035156,120004
2023-09-14,460.5,462.5,452.5,461.0,310324
2023-09-15,475.0,476.1499938964844,468.9500122070313,469.1000061035156,563417
2023-09-18,468.4500122070313,468.8500061035156,458.4500122070313,459.4500122070313,163254
2023-09-19,457.2000122070313,458.9500122070313,453.7999877929688,456.8500061035156,118399
2023-09-20,450.2000122070313,457.8999938964844,449.25,457.6000061035156,166168
2023-09-21,452.6499938964844,458.25,451.5499877929688,453.6000061035156,184934
2023-09-22,449.9500122070313,472.7000122070313,448.3500061035156,460.4500122070313,247899
2023-09-25,451.0,454.6000061035156,437.5,439.5499877929688,362885
2023-09-26,432.9500122070313,432.9500122070313,427.2000122070313,429.9500122070313,223532
2023-09-27,432.6000061035156,437.75,426.4500122070313,427.25,245775
2023-09-28,423.8999938964844,431.2999877929688,423.0,429.4500122070313,213835
2023-09-29,437.1499938964844,440.7000122070313,431.2000122070313,431.8999938964844,221195
2023-10-02,433.0,437.6000061035156,425.4500122070313,429.2999877929688,209279
2023-10-03,425.0,425.2000122070313,419.4500122070313,421.6499938964844,179216
2023-10-04,414.3500061035156,427.2999877929688,412.9500122070313,421.4500122070313,183122
2023-10-05,417.75,423.3999938964844,415.3500061035156,421.4500122070313,171552
2023-10-06,421.4500122070313,425.6499938964844,415.0,425.3500061035156,164730
2023-10-09,421.8500061035156,422.8500061035156,417.5499877929688,419.6499938964844,152249
2023-10-10,424.3500061035156,435.2000122070313,424.3500061035156,434.1000061035156,242508
2023-10-11,418.6499938964844,430.5499877929688,417.75,427.9500122070313,236669
2023-10-12,431.1499938964844,431.25,416.1000061035156,416.7999877929688,179301
2023-10-13,415.5,417.4500122070313,404.75,406.7999877929688,240863
2023-10-16,406.75,410.7000122070313,402.1499938964844,410.0,161185
2023-10-17,407.9500122070313,410.5,401.2999877929688,409.5,157202
2023-10-18,410.25,414.25,407.4500122070313,409.4500122070313,148752
2023-10-19,405.3999938964844,415.8500061035156,404.3999938964844,410.6499938964844,137874
2023-10-20,405.0,407.0,402.1499938964844,402.7999877929688,190632
2023-10-23,402.7999877929688,404.75,396.7999877929688,403.5,144628
2023-10-24,403.8999938964844,408.6499938964844,402.4500122070313,407.4500122070313,152940
2023-10-25,391.0,398.5,385.1000061035156,393.2999877929688,513539
2023-10-26,388.1000061035156,391.0499877929688,382.0,384.3999938964844,240789
2023-10-27,384.3999938964844,386.3500061035156,379.6499938964844,383.5,205080
2023-10-30,385.5499877929688,385.7999877929688,380.5499877929688,383.0,155380
2023-10-31,379.5499877929688,383.2000122070313,379.2999877929688,383.2000122070313,207052
2023-11-01,382.1000061035156,382.7999877929688,376.7000122070313,382.0,204145
2023-11-02,389.0,400.7999877929688,387.3999938964844,395.7999877929688,288817
2023-11-03,403.4500122070313,412.9500122070313,400.1000061035156,407.25,260513
2023-11-06,408.2999877929688,409.0,396.0,398.7000122070313,184108
2023-11-07,397.1499938964844,401.6499938964844,396.0,400.0499877929688,144937
2023-11-08,397.8999938964844,406.2999877929688,397.4500122070313,403.25,162428
2023-11-09,401.7999877929688,409.2999877929688,401.25,406.6499938964844,163001
2023-11-10,401.1000061035156,401.2999877929688,386.1000061035156,393.1000061035156,274674
2023-11-13,396.0,396.0,392.25,393.75,154714
2023-11-14,393.2000122070313,408.5499877929688,393.0,408.1000061035156,297494
2023-11-15,410.8500061035156,421.0499877929688,409.5,410.1499938964844,225744
2023-11-16,403.5499877929688,406.5499877929688,399.1000061035156,399.1000061035156,248944
2023-11-17,400.9500122070313,407.8500061035156,399.3999938964844,404.2999877929688,204923
2023-11-20,404.5499877929688,406.4500122070313,401.25,403.2000122070313,110897
2023-11-21,401.3999938964844,403.3500061035156,397.25,399.4500122070313,163736
2023-11-22,399.3999938964844,404.5,399.3999938964844,403.7999877929688,126483
2023-11-23,402.6499938964844,406.2999877929688,401.5,405.9500122070313,84870
2023-11-24,405.5,406.5,402.2999877929688,406.4500122070313,102756
2023-11-27,406.5,410.5499877929688,404.3999938964844,404.5,116555
2023-11-28,399.2000122070313,402.5499877929688,391.5,394.0499877929688,226177
2023-11-29,390.9500122070313,399.2000122070313,389.0499877929688,391.0,201901
2023-11-30,391.25,394.9500122070313,386.5,393.7000122070313,285985
2023-12-01,392.8500061035156,397.4500122070313,390.6000061035156,392.8999938964844,215906
2023-12-04,395.2999877929688,406.5499877929688,395.2999877929688,400.0499877929688,185901
2023-12-05,398.25,403.3999938964844,397.1000061035156,398.6000061035156,181110
2023-12-06,400.7000122070313,405.7999877929688,399.75,404.2999877929688,264290
2023-12-07,400.1499938964844,403.5499877929688,396.6000061035156,403.3999938964844,139484
2023-12-08,403.3999938964844,418.75,403.3999938964844,413.7999877929688,361720
2023-12-11,413.2000122070313,414.2000122070313,407.0499877929688,409.5,191296
2023-12-12,411.8500061035156,416.0499877929688,410.4500122070313,410.4500122070313,207643
2023-12-13,406.3999938964844,413.25,405.2999877929688,409.0,200829
2023-12-14,424.0,430.0499877929688,422.6000061035156,427.0499877929688,347009
2023-12-15,428.5499877929688,428.6000061035156,415.0,417.8500061035156,504244
2023-12-18,412.0499877929688,413.6000061035156,406.9500122070313,407.3500061035156,226317
2023-12-19,406.3500061035156,410.0,404.7000122070313,405.9500122070313,197972
2023-12-20,407.0,409.2000122070313,403.1000061035156,406.4500122070313,146592
2023-12-21,404.5,405.7000122070313,398.8500061035156,401.6499938964844,175400
2023-12-22,397.8500061035156,400.9500122070313,396.5,397.7999877929688,148141
2023-12-27,398.8999938964844,402.7999877929688,398.0,402.7999877929688,158407
2023-12-28,403.1000061035156,405.5499877929688,397.2999877929688,398.25,91283
2023-12-29,399.5,402.5499877929688,398.3500061035156,399.0,90721
2024-01-02,400.1000061035156,401.2999877929688,389.0,393.0499877929688,145952
2024-01-03,391.6000061035156,394.1499938964844,378.1000061035156,381.1499938964844,285251
2024-01-04,381.1499938964844,382.6499938964844,377.5499877929688,379.4500122070313,176681
2024-01-05,376.8999938964844,379.9500122070313,371.3500061035156,378.3999938964844,148491
2024-01-08,377.25,385.4500122070313,374.1000061035156,385.4500122070313,129783
2024-01-09,388.5,389.0,382.25,384.0,148311
2024-01-10,382.9500122070313,386.3999938964844,379.6000061035156,381.7000122070313,135198
2024-01-11,382.6000061035156,385.25,369.7000122070313,371.1499938964844,241667
2024-01-12,356.29998779296875,368.4500122070313,354.1499938964844,366.7000122070313,372801
2024-01-15,359.95001220703125,364.6499938964844,359.29998779296875,362.4500122070313,169431
2024-01-16,358.29998779296875,360.5,356.29998779296875,358.70001220703125,208448
2024-01-17,350.8500061035156,353.6000061035156,343.3999938964844,346.1000061035156,302473
2024-01-18,358.0,362.0,349.79998779296875,353.6000061035156,233566
2024-01-19,354.54998779296875,356.0,348.04998779296875,350.5,222016
2024-01-22,355.3999938964844,360.20001220703125,349.75,353.8500061035156,218583
2024-01-23,357.20001220703125,361.1000061035156,354.70001220703125,360.0,272841
2024-01-24,366.2999877929688,369.8500061035156,360.5499877929688,364.75,214941
2024-01-25,362.9500122070313,363.8500061035156,358.1499938964844,361.0,221986
2024-01-26,371.5499877929688,389.7999877929688,371.2999877929688,384.7999877929688,551777
2024-01-29,382.7000122070313,385.7999877929688,378.9500122070313,384.8500061035156,206398
2024-01-30,386.0499877929688,387.3999938964844,381.3500061035156,385.8999938964844,152644
2024-01-31,385.8999938964844,386.0,380.8999938964844,383.25,204286
2024-02-01,379.0499877929688,382.7000122070313,376.8500061035156,378.3500061035156,180374
2024-02-02,378.0,384.2999877929688,376.3500061035156,376.6000061035156,154163
2024-02-05,377.3999938964844,386.7999877929688,377.0,384.1499938964844,169641
2024-02-06,387.0,391.7000122070313,381.5,391.7000122070313,211102
2024-02-07,391.0,394.3500061035156,389.25,390.25,217131
2024-02-08,400.0,415.8500061035156,387.3500061035156,409.3999938964844,540972
2024-02-09,414.9500122070313,419.7999877929688,410.25,413.1000061035156,445472
2024-02-12,414.6000061035156,420.2000122070313,410.5,411.8999938964844,201069
2024-02-13,413.6000061035156,415.0,406.8500061035156,410.8999938964844,209615
2024-02-14,409.0,417.75,408.0,416.1000061035156,210183
2024-02-15,419.1000061035156,427.0,419.1000061035156,423.3500061035156,245987
2024-02-16,429.8999938964844,436.5,426.8999938964844,428.1000061035156,298523
2024-02-19,422.3999938964844,428.0,421.3999938964844,428.0,103403
2024-02-20,425.6000061035156,428.8999938964844,424.75,428.2000122070313,150341
2024-02-21,428.0499877929688,432.1000061035156,427.8500061035156,429.7000122070313,154553
2024-02-22,431.0,438.4500122070313,430.0,434.5,234990
2024-02-23,434.6000061035156,438.1499938964844,424.8500061035156,425.6499938964844,224170
2024-02-26,423.5,428.0499877929688,421.1499938964844,428.0,169662
2024-02-27,428.0,436.7999877929688,426.8500061035156,433.6000061035156,144293
2024-02-28,433.8500061035156,434.5,424.6000061035156,426.0,201508
2024-02-29,428.0,431.0,424.8999938964844,425.0499877929688,298175
2024-03-01,425.0,426.6499938964844,417.9500122070313,423.9500122070313,130552
2024-03-04,422.0499877929688,422.0499877929688,413.0499877929688,415.75,153743
2024-03-05,411.5,412.3500061035156,407.3500061035156,411.0,125406
2024-03-06,410.0,415.8999938964844,410.0,411.1499938964844,120947
2024-03-07,407.7000122070313,412.6000061035156,402.75,411.4500122070313,242337
2024-03-08,412.0,418.25,409.8500061035156,417.3999938964844,178750
2024-03-11,415.25,420.1499938964844,412.1499938964844,420.1499938964844,106835
2024-03-12,420.9500122070313,426.4500122070313,416.75,426.1499938964844,171472
2024-03-13,424.6499938964844,428.4500122070313,421.6499938964844,423.6000061035156,193996
2024-03-14,426.75,438.6000061035156,426.2000122070313,426.2000122070313,220561
2024-03-15,423.8500061035156,430.0499877929688,420.0,426.1499938964844,408368
2024-03-18,426.1000061035156,427.2000122070313,418.3500061035156,423.4500122070313,151430
2024-03-19,421.5,426.2999877929688,420.5499877929688,425.9500122070313,129889
2024-03-20,375.0,378.2999877929688,361.1499938964844,375.2000122070313,1239724
2024-03-21,376.0,381.5499877929688,366.7000122070313,371.2999877929688,399450
2024-03-22,370.0,371.8500061035156,358.04998779296875,358.04998779296875,399603
2024-03-25,359.0,360.5,353.5,353.75,276935
2024-03-26,353.6499938964844,365.1499938964844,349.8500061035156,364.8999938964844,264699
2024-03-27,364.0499877929688,368.0499877929688,358.75,366.6000061035156,210289
2024-03-28,370.0,372.8500061035156,365.0499877929688,366.3500061035156,250449
2024-04-02,365.1499938964844,368.8999938964844,363.0,366.8500061035156,203124
2024-04-03,365.1000061035156,368.7000122070313,364.8999938964844,366.4500122070313,150543
2024-04-04,365.0,370.1000061035156,364.8999938964844,369.2999877929688,149561
2024-04-05,363.1000061035156,366.6499938964844,362.7999877929688,362.7999877929688,213659
2024-04-08,361.6000061035156,366.3999938964844,359.8500061035156,365.2000122070313,127950
2024-04-09,364.1499938964844,368.7000122070313,363.1000061035156,364.2000122070313,160897
2024-04-10,367.9500122070313,368.0499877929688,355.0,356.95001220703125,238557
2024-04-11,353.0,359.5,352.79998779296875,355.1000061035156,208275
2024-04-12,359.79998779296875,360.1499938964844,347.95001220703125,350.5,248709
2024-04-15,354.20001220703125,358.25,349.3500061035156,350.20001220703125,199795
2024-04-16,346.8999938964844,348.5,338.20001220703125,340.29998779296875,262327
2024-04-17,342.79998779296875,345.1000061035156,336.29998779296875,341.0,392500
2024-04-18,340.0,342.0,337.8500061035156,340.5,188856
2024-04-19,337.29998779296875,341.3999938964844,334.25,339.1000061035156,200491
2024-04-22,342.45001220703125,350.70001220703125,341.79998779296875,346.29998779296875,222683
2024-04-23,347.3999938964844,353.8999938964844,346.6000061035156,350.20001220703125,193053
2024-04-24,319.0,331.20001220703125,315.3500061035156,326.1499938964844,877890
2024-04-25,325.1000061035156,330.3999938964844,323.70001220703125,327.29998779296875,358415
2024-04-26,330.79998779296875,340.5,330.6499938964844,337.95001220703125,348536
2024-04-29,339.8999938964844,341.45001220703125,335.5,335.6499938964844,180147
2024-04-30,336.20001220703125,338.1000061035156,328.54998779296875,330.0,289213
2024-05-02,322.6499938964844,324.1000061035156,319.5,322.79998779296875,231602
2024-05-03,325.45001220703125,333.8999938964844,325.3999938964844,328.54998779296875,250313
2024-05-06,329.0,331.8500061035156,326.1000061035156,326.79998779296875,145808
2024-05-07,328.79998779296875,331.25,326.3999938964844,329.8500061035156,215502
2024-05-08,330.0,334.3500061035156,328.6000061035156,331.1000061035156,174422
2024-05-09,330.6499938964844,334.8500061035156,327.25,333.25,156170
2024-05-10,337.3999938964844,339.29998779296875,331.70001220703125,332.45001220703125,240613
2024-05-13,333.0,333.1499938964844,330.70001220703125,332.5,96790
2024-05-14,332.75,342.70001220703125,331.5,338.8500061035156,230422
2024-05-15,337.54998779296875,337.75,331.25,336.70001220703125,188201
2024-05-16,335.45001220703125,341.25,335.45001220703125,341.25,165394
2024-05-17,341.3999938964844,342.8999938964844,330.54998779296875,332.04998779296875,284111
2024-05-20,333.3500061035156,337.1499938964844,331.3999938964844,335.8999938964844,122009
2024-05-21,335.6499938964844,335.6499938964844,330.5,333.29998779296875,134824
2024-05-22,331.6000061035156,332.70001220703125,325.20001220703125,330.1499938964844,199957
2024-05-23,329.25,332.6499938964844,327.8500061035156,332.6499938964844,141616
2024-05-24,328.6499938964844,334.45001220703125,328.04998779296875,332.45001220703125,180208
2024-05-27,331.04998779296875,335.3500061035156,330.70001220703125,333.20001220703125,125783
2024-05-28,333.20001220703125,335.54998779296875,330.0,331.1499938964844,166607
2024-05-29,328.79998779296875,329.1000061035156,322.8500061035156,323.5,215709
2024-05-30,321.5,323.95001220703125,319.79998779296875,320.6000061035156,195743
2024-05-31,320.29998779296875,320.29998779296875,316.95001220703125,317.20001220703125,602783
2024-06-03,320.5,325.79998779296875,319.95001220703125,322.1499938964844,207184
2024-06-04,321.6499938964844,326.6499938964844,320.70001220703125,322.29998779296875,153700
2024-06-05,325.3500061035156,326.70001220703125,319.1000061035156,323.25,147286
2024-06-06,325.3500061035156,333.95001220703125,325.3500061035156,325.95001220703125,188039
2024-06-07,327.3500061035156,332.8500061035156,325.8500061035156,328.1000061035156,177393
2024-06-10,321.6499938964844,327.95001220703125,320.1499938964844,327.95001220703125,213633
2024-06-11,329.29998779296875,331.25,319.1000061035156,319.3500061035156,234667
2024-06-12,319.0,321.1499938964844,313.8500061035156,316.79998779296875,275116
2024-06-13,317.3500061035156,318.6000061035156,310.6000061035156,314.54998779296875,262451
2024-06-14,310.5,311.0,299.20001220703125,302.5,465481
2024-06-17,303.8999938964844,304.6499938964844,300.45001220703125,304.6499938964844,202982
2024-06-18,309.3999938964844,315.54998779296875,306.54998779296875,310.70001220703125,278106
2024-06-19,308.8999938964844,310.8999938964844,306.25,308.6000061035156,149359
2024-06-20,310.0,317.8500061035156,309.45001220703125,316.1499938964844,232584
2024-06-21,316.04998779296875,320.3999938964844,315.79998779296875,320.1000061035156,634993
2024-06-24,320.45001220703125,324.25,320.17498779296875,324.20001220703125,244748
2024-06-25,321.3999938964844,331.3500061035156,320.0,325.1499938964844,245917
2024-06-26,327.25,329.25,321.1000061035156,326.5,209037
2024-06-27,339.45001220703125,346.3500061035156,337.6499938964844,341.75,383980
2024-06-28,341.6000061035156,345.20001220703125,336.45001220703125,338.5,293829
2024-07-01,344.54998779296875,346.8999938964844,336.0,336.0,218831
2024-07-02,333.79998779296875,334.6000061035156,327.8999938964844,329.3500061035156,214107
2024-07-03,331.3500061035156,334.1000061035156,327.79998779296875,330.6000061035156,220243
2024-07-04,332.20001220703125,336.29998779296875,331.0,335.8500061035156,160210
2024-07-05,336.3999938964844,341.29998779296875,333.3999938964844,335.04998779296875,100590
2024-07-08,332.3500061035156,334.8999938964844,324.6499938964844,325.70001220703125,230389
2024-07-09,326.75,327.0,319.45001220703125,321.8999938964844,196755
2024-07-10,322.5,327.1499938964844,316.6000061035156,324.95001220703125,189473
2024-07-11,328.6000061035156,331.3500061035156,324.6000061035156,331.3500061035156,246187
2024-07-12,334.75,341.70001220703125,333.3999938964844,339.20001220703125,267829
2024-07-15,325.04998779296875,328.8999938964844,318.29998779296875,321.29998779296875,346410
2024-07-16,320.5,320.8999938964844,308.20001220703125,311.3500061035156,327613
2024-07-17,311.3500061035156,315.54998779296875,307.45001220703125,314.04998779296875,212948
2024-07-18,316.79998779296875,321.29998779296875,314.29998779296875,317.70001220703125,186591
2024-07-19,311.95001220703125,317.6499938964844,308.79998779296875,315.04998779296875,292102
2024-07-22,317.3999938964844,319.5,316.0,318.8999938964844,206005
2024-07-23,317.70001220703125,322.29998779296875,314.3500061035156,314.8999938964844,181762
2024-07-24,304.1000061035156,311.04998779296875,296.5,300.6000061035156,443244
2024-07-25,275.0,282.95001220703125,270.3999938964844,278.1499938964844,786576
2024-07-26,279.0,286.25,278.75,284.20001220703125,293361
2024-07-29,285.0,286.5,281.29998779296875,283.0,199498
2024-07-30,283.5,289.1499938964844,283.29998779296875,287.3999938964844,169993
2024-07-31,290.8999938964844,292.45001220703125,283.5,284.5,178055
2024-08-01,283.3500061035156,284.25,274.6499938964844,277.1000061035156,278522
2024-08-02,274.8500061035156,277.45001220703125,270.54998779296875,272.3999938964844,399009
2024-08-05,267.0,271.29998779296875,263.54998779296875,265.3500061035156,353217
2024-08-06,266.25,266.45001220703125,256.95001220703125,258.5,314096
2024-08-07,259.1000061035156,260.0,255.3999938964844,260.0,360293
2024-08-08,257.25,260.75,254.8000030517578,259.1499938964844,247105
2024-08-09,258.70001220703125,262.0,253.8500061035156,254.5500030517578,244877
2024-08-12,255.0,256.25,248.8000030517578,249.8500061035156,284231
2024-08-13,250.0,252.5500030517578,246.6999969482422,252.0500030517578,208345
2024-08-14,254.3500061035156,254.6000061035156,251.1499938964844,251.1499938964844,205132
2024-08-15,251.0500030517578,261.04998779296875,249.9499969482422,255.6999969482422,331269
2024-08-16,255.8500061035156,257.20001220703125,253.8999938964844,254.5,196316
2024-08-19,257.95001220703125,263.6499938964844,257.6000061035156,261.0,429302
2024-08-20,261.0,261.1000061035156,256.6000061035156,258.5,256288
2024-08-21,257.75,260.8999938964844,257.70001220703125,258.6000061035156,234446
2024-08-22,260.0,262.54998779296875,258.70001220703125,259.79998779296875,317319
2024-08-23,259.75,261.70001220703125,257.6499938964844,260.0,373558
2024-08-26,260.29998779296875,261.6499938964844,259.6499938964844,260.1000061035156,121471
2024-08-27,259.29998779296875,264.20001220703125,259.0,259.45001220703125,202099
2024-08-28,260.0,261.25,256.29998779296875,256.3999938964844,225407
2024-08-29,256.04998779296875,261.45001220703125,256.0,258.3500061035156,235217
2024-08-30,259.5,261.5,258.3500061035156,259.0,276357
2024-09-02,255.1000061035156,257.95001220703125,250.8500061035156,256.8500061035156,185886
2024-09-03,257.5,260.79998779296875,253.4499969482422,254.1499938964844,207202
2024-09-04,249.1999969482422,250.5,246.0500030517578,248.5,309529
2024-09-05,247.5,247.8999938964844,243.3000030517578,244.9499969482422,254069
2024-09-06,245.3999938964844,246.1999969482422,236.25,236.25,287470
2024-09-09,232.6499938964844,234.0500030517578,225.9499969482422,230.3000030517578,448679
2024-09-10,229.6999969482422,231.6999969482422,225.8999938964844,229.3000030517578,300897
2024-09-11,230.3000030517578,235.1499938964844,228.6999969482422,229.8000030517578,221198
2024-09-12,232.75,233.3500061035156,225.5,228.0500030517578,251603
2024-09-13,228.5,233.3000030517578,228.3500061035156,229.0,242148
2024-09-16,228.3999938964844,229.3000030517578,224.9499969482422,225.5500030517578,247990
2024-09-17,226.4499969482422,232.4499969482422,225.8500061035156,229.6499938964844,259071
2024-09-18,229.0,229.1000061035156,226.3999938964844,227.0,212728
2024-09-19,231.9499969482422,233.6999969482422,229.3999938964844,233.0,354185
2024-09-20,229.5500030517578,229.8999938964844,222.6999969482422,225.25,773736
2024-09-23,220.8000030517578,222.0500030517578,218.4499969482422,221.8999938964844,404086
2024-09-24,233.8500061035156,235.1999969482422,228.6000061035156,228.9499969482422,445783
2024-09-25,227.0,232.75,225.1999969482422,228.9499969482422,244090
2024-09-26,238.4499969482422,254.0,234.9499969482422,250.9499969482422,743607
2024-09-27,260.0,266.8999938964844,257.6499938964844,266.8500061035156,714221
2024-09-30,266.04998779296875,269.3500061035156,255.6000061035156,256.8500061035156,460794
2024-10-01,251.25,255.75,248.0500030517578,249.5,443786
2024-10-02,249.6000061035156,251.1499938964844,243.4499969482422,243.4499969482422,506743
2024-10-03,242.0500030517578,242.1999969482422,237.1999969482422,238.0500030517578,312330
2024-10-04,237.9499969482422,242.75,235.3500061035156,236.5500030517578,416095
2024-10-07,240.6499938964844,248.8500061035156,238.8999938964844,247.3500061035156,471070
2024-10-08,234.0,237.1999969482422,227.75,236.3500061035156,606255
2024-10-09,238.1000061035156,241.25,236.3000030517578,240.0,291276
2024-10-10,238.9499969482422,240.4499969482422,237.1000061035156,240.3999938964844,181629
2024-10-11,239.8000030517578,241.6999969482422,238.3000030517578,239.1499938964844,259990
2024-10-14,237.1499938964844,237.1999969482422,228.3000030517578,230.0,459199
2024-10-15,230.5500030517578,231.8999938964844,225.5,230.3999938964844,431115
2024-10-16,218.8000030517578,229.3000030517578,215.4499969482422,228.5,482630
2024-10-17,229.75,231.3000030517578,225.25,230.0,379435
2024-10-18,233.1000061035156,243.6499938964844,233.1000061035156,238.0500030517578,440285
2024-10-21,234.9499969482422,238.4499969482422,232.4499969482422,232.4499969482422,241247
2024-10-22,232.6999969482422,236.5,232.3999938964844,234.3999938964844,232840
2024-10-23,232.75,235.8000030517578,230.25,230.9499969482422,250282
2024-10-24,229.0,238.1499938964844,228.6000061035156,235.6499938964844,388149
2024-10-25,235.4499969482422,237.25,233.5,234.9499969482422,248814
2024-10-28,237.8000030517578,242.6000061035156,237.3500061035156,240.8000030517578,268230
2024-10-29,241.0,244.8500061035156,236.4499969482422,237.1499938964844,295449
2024-10-30,235.0,235.6000061035156,225.8500061035156,229.5,458106
2024-10-31,229.0,231.25,228.0,228.8500061035156,253068
2024-11-01,227.9499969482422,232.1499938964844,227.25,230.6999969482422,144685
2024-11-04,230.6999969482422,237.4499969482422,230.1999969482422,233.6999969482422,198592
2024-11-05,235.6999969482422,237.0500030517578,228.3000030517578,230.75,175580
2024-11-06,230.0,242.25,228.1000061035156,230.6000061035156,341931
2024-11-07,231.4499969482422,241.9499969482422,229.8500061035156,240.1000061035156,376869
2024-11-08,238.3999938964844,238.3999938964844,220.6000061035156,221.0,700013
2024-11-11,223.3500061035156,225.75,220.5500030517578,223.8999938964844,323312
2024-11-12,220.0,220.4499969482422,208.25,211.0,631791
2024-11-13,211.3000030517578,214.3000030517578,210.3999938964844,212.6999969482422,305525
2024-11-14,212.5500030517578,222.6999969482422,210.75,221.1499938964844,408834
2024-11-15,220.5500030517578,224.75,219.1999969482422,222.6999969482422,305820
2024-11-18,223.8999938964844,225.6000061035156,219.5500030517578,220.1000061035156,218208
2024-11-19,219.6499938964844,221.1000061035156,212.6499938964844,215.1999969482422,373269
2024-11-20,217.75,221.0,214.9499969482422,214.9499969482422,300911
2024-11-21,212.1499938964844,213.1499938964844,206.5500030517578,208.4499969482422,423991
2024-11-22,210.3500061035156,213.6000061035156,207.75,210.1000061035156,418350
2024-11-25,215.8999938964844,221.8500061035156,215.6000061035156,221.6999969482422,711382
2024-11-26,220.0,228.8000030517578,217.1000061035156,223.3999938964844,271872
2024-11-27,223.1499938964844,223.8000030517578,219.5500030517578,221.75,172333
2024-11-28,222.0,223.3500061035156,219.6499938964844,219.8000030517578,144072
2024-11-29,218.6499938964844,220.8999938964844,217.6999969482422,220.75,197468
2024-12-02,215.8000030517578,226.1499938964844,215.6499938964844,222.6499938964844,323704
2024-12-03,224.1999969482422,228.1000061035156,220.1000061035156,221.0500030517578,195575
2024-12-04,222.4499969482422,226.8500061035156,222.1999969482422,225.0500030517578,207745
2024-12-05,223.6999969482422,227.8999938964844,223.3000030517578,224.8000030517578,217836
2024-12-06,225.6000061035156,240.3999938964844,225.5500030517578,238.1999969482422,576966
2024-12-09,242.8000030517578,250.0,242.8000030517578,246.5,453475
2024-12-10,242.4499969482422,244.8500061035156,239.1999969482422,241.0500030517578,299063
2024-12-11,239.1499938964844,241.8999938964844,235.6000061035156,239.6499938964844,204182
2024-12-12,244.6499938964844,245.3500061035156,239.75,242.0,280297
2024-12-13,240.8500061035156,246.3000030517578,240.75,244.0500030517578,279122
2024-12-16,241.0,242.75,238.3000030517578,239.6499938964844,236591
2024-12-17,237.0,243.1999969482422,235.0,239.1499938964844,238426
2024-12-18,240.0,240.75,236.8000030517578,237.1499938964844,238690
2024-12-19,231.3500061035156,235.3999938964844,230.6000061035156,234.75,208219
2024-12-20,232.1999969482422,235.5,229.25,234.1999969482422,510376
2024-12-23,233.1499938964844,236.3000030517578,232.6499938964844,235.6000061035156,170596
2024-12-24,235.5500030517578,236.75,234.1999969482422,234.1999969482422,57724
2024-12-27,234.1999969482422,238.6000061035156,234.1999969482422,237.9499969482422,213928
2024-12-30,237.4499969482422,238.4499969482422,235.1000061035156,237.1000061035156,197811
2024-12-31,236.3500061035156,240.75,236.0500030517578,238.25,86735
2025-01-02,240.0,242.0,231.0,235.8500061035156,200262
2025-01-03,235.0500030517578,235.3500061035156,222.0500030517578,224.3500061035156,479195
2025-01-06,225.8000030517578,236.8999938964844,224.8000030517578,229.8500061035156,371107
2025-01-07,229.8500061035156,234.8500061035156,228.3000030517578,231.8500061035156,211358
2025-01-08,230.3000030517578,232.6999969482422,224.25,226.6999969482422,307584
2025-01-09,224.0500030517578,230.3500061035156,220.6000061035156,228.75,235827
2025-01-10,227.0,233.8000030517578,227.0,227.8000030517578,282241
2025-01-13,227.5,229.75,224.6000061035156,227.3999938964844,185352
2025-01-14,229.0,230.5500030517578,220.25,220.5,292001
2025-01-15,221.3000030517578,226.3999938964844,217.5,223.25,297197
2025-01-16,242.5500030517578,245.5,232.8000030517578,237.0500030517578,750879
2025-01-17,238.0,243.0500030517578,235.5500030517578,242.6999969482422,507922
2025-01-20,243.0,248.25,240.8000030517578,247.5500030517578,348064
2025-01-21,246.6000061035156,249.0,245.8999938964844,248.8500061035156,249473
2025-01-22,247.8500061035156,250.8999938964844,244.1499938964844,245.0,287057
2025-01-23,244.6999969482422,247.5,240.6499938964844,247.1999969482422,289533
2025-01-24,269.8999938964844,272.95001220703125,255.9499969482422,258.29998779296875,762189
2025-01-27,256.6499938964844,264.0,254.8000030517578,262.54998779296875,401836
2025-01-28,262.04998779296875,264.70001220703125,260.29998779296875,260.29998779296875,265898
2025-01-29,247.75,249.0500030517578,238.8000030517578,246.25,676509
2025-01-30,247.6999969482422,258.04998779296875,245.0500030517578,255.9499969482422,416215
2025-01-31,257.6000061035156,258.54998779296875,252.6499938964844,253.4499969482422,298147
2025-02-03,243.6999969482422,246.1999969482422,241.9499969482422,243.9499969482422,400347
2025-02-04,244.3500061035156,250.1000061035156,240.6999969482422,247.9499969482422,269816
2025-02-05,248.75,250.0,243.1499938964844,244.3500061035156,224133
2025-02-06,239.6999969482422,253.75,235.1000061035156,251.8999938964844,700364
2025-02-07,251.8999938964844,253.8500061035156,241.1499938964844,241.6000061035156,446542
2025-02-10,241.3000030517578,244.4499969482422,239.6000061035156,244.1999969482422,331983
2025-02-11,248.0,260.5,241.4499969482422,247.3999938964844,674134
2025-02-12,250.0,267.8500061035156,249.9499969482422,264.75,813405
2025-02-13,273.8999938964844,275.95001220703125,267.3500061035156,275.20001220703125,600651
2025-02-14,279.54998779296875,283.3500061035156,275.8999938964844,280.0,646964
2025-02-17,277.45001220703125,281.75,276.79998779296875,280.1000061035156,259123
2025-02-18,280.25,280.29998779296875,272.0,274.3500061035156,370897
2025-02-19,272.95001220703125,274.0,268.79998779296875,270.25,277917
2025-02-20,269.8500061035156,278.54998779296875,269.6499938964844,270.25,333214
2025-02-21,270.3500061035156,277.29998779296875,270.1000061035156,277.0,360825
2025-02-24,277.04998779296875,279.6000061035156,272.6499938964844,273.8999938964844,212295
2025-02-25,271.75,273.75,270.25,271.20001220703125,190581
2025-02-26,275.75,281.20001220703125,275.29998779296875,276.04998779296875,340111
2025-02-27,271.04998779296875,277.04998779296875,268.8999938964844,273.70001220703125,350081
2025-02-28,268.79998779296875,272.29998779296875,266.1499938964844,271.1000061035156,500711
2025-03-03,269.70001220703125,275.5,268.45001220703125,268.6000061035156,207314
2025-03-04,264.45001220703125,265.5,253.0500030517578,255.5,389607
2025-03-05,262.8999938964844,264.04998779296875,257.3999938964844,259.04998779296875,304447
2025-03-06,261.79998779296875,266.1499938964844,256.0,259.1000061035156,328995
2025-03-07,255.3999938964844,255.8000030517578,242.8000030517578,249.0,494916
2025-03-10,251.4499969482422,257.70001220703125,246.75,255.0,447291
2025-03-11,260.04998779296875,260.54998779296875,249.0500030517578,252.0,407041
2025-03-12,254.25,254.25,244.3000030517578,249.75,357245
2025-03-13,247.8000030517578,252.4499969482422,242.8500061035156,250.3500061035156,391631
2025-03-14,228.0,228.5,215.8500061035156,223.5500030517578,1416583
2025-03-17,223.6499938964844,223.8000030517578,216.8999938964844,217.3999938964844,473181
2025-03-18,217.6999969482422,219.25,214.9499969482422,217.1999969482422,447150
2025-03-19,215.9499969482422,217.3999938964844,212.9499969482422,214.4499969482422,409523
2025-03-20,214.4499969482422,215.3500061035156,210.3999938964844,210.3999938964844,423183
2025-03-21,208.1999969482422,209.9499969482422,202.1499938964844,206.8000030517578,708142
2025-03-24,207.0,208.1000061035156,198.8999938964844,202.3999938964844,563947
2025-03-25,201.9499969482422,205.1999969482422,200.1000061035156,201.1000061035156,451975
2025-03-26,200.5,204.6499938964844,199.5200042724609,202.1000061035156,412233
2025-03-27,201.0,204.8500061035156,200.5500030517578,202.25,341283
2025-03-28,199.8999938964844,202.5,199.1000061035156,199.2400054931641,404979
2025-03-31,196.67999267578125,197.6000061035156,190.3000030517578,190.9199981689453,534057
2025-04-01,193.22000122070312,193.9600067138672,190.1199951171875,191.44000244140625,400559
2025-04-02,191.0,193.8000030517578,190.63999938964844,192.0,328099
2025-04-03,185.8999938964844,188.94000244140625,177.32000732421875,177.5800018310547,840586
2025-04-04,177.0,180.5800018310547,166.1199951171875,170.86000061035156,689265
2025-04-07,156.4199981689453,177.0,149.77999877929688,164.1199951171875,887253
2025-04-08,168.47999572753906,170.10000610351562,160.32000732421875,165.9199981689453,618693
2025-04-09,157.4199981689453,164.0,155.55999755859375,156.9199981689453,535729
2025-04-10,175.97999572753906,176.24000549316406,162.25999450683594,162.25999450683594,676209
2025-04-11,164.0,169.36000061035156,161.77999877929688,168.02000427246094,351939
2025-04-14,173.25999450683594,173.60000610351562,169.10000610351562,171.0,391932
2025-04-15,165.67999267578125,169.10000610351562,162.0800018310547,162.0800018310547,364191
2025-04-16,160.0800018310547,164.82000732421875,159.5399932861328,164.82000732421875,281182
2025-04-17,163.86000061035156,166.86000061035156,163.1199951171875,164.47999572753906,257072
2025-04-22,166.9600067138672,170.1999969482422,161.86000061035156,169.9199981689453,274861
2025-04-23,172.8000030517578,181.8000030517578,172.8000030517578,174.94000244140625,499428
2025-04-24,163.39999389648438,173.24000549316406,162.8000030517578,173.24000549316406,553990
2025-04-25,176.47999572753906,178.82000732421875,172.24000549316406,174.5,280094
2025-04-28,174.75999450683594,180.17999267578125,174.75999450683594,178.5,273108
2025-04-29,179.13999938964844,180.72000122070312,176.83999633789062,178.3800048828125,210500
2025-04-30,178.13999938964844,181.4199981689453,175.1999969482422,178.33999633789062,282779
2025-05-02,180.9600067138672,184.72000122070312,179.77999877929688,184.72000122070312,431176
2025-05-05,181.27999877929688,182.13999938964844,175.8800048828125,176.13999938964844,208763
2025-05-06,176.22000122070312,176.83999633789062,172.0,176.0,194024
2025-05-07,176.0,176.6999969482422,171.10000610351562,171.22000122070312,291624
2025-05-08,172.5,177.32000732421875,170.17999267578125,175.4600067138672,249866
2025-05-09,177.17999267578125,180.1999969482422,177.0,177.9199981689453,210249
2025-05-12,183.259994506836,192.0,183.259994506836,188.33999633789065,472859
2025-05-13,189.83999633789065,193.44000244140625,189.27999877929688,190.8999938964844,283860
2025-05-14,190.8999938964844,191.2400054931641,183.3800048828125,185.0,348402
2025-05-15,183.5,184.0,175.74000549316406,175.74000549316406,399274
2025-05-16,175.6999969482422,179.1199951171875,175.5399932861328,178.52000427246094,385539
2025-05-19,177.32000732421875,178.52000427246094,173.13999938964844,175.6199951171875,202562
2025-05-20,176.8000030517578,182.72000122070312,173.05999755859375,182.6000061035156,365750
2025-05-21,180.10000610351562,182.4199981689453,177.17999267578125,177.9600067138672,402769
2025-05-22,176.3000030517578,178.66000366210938,173.0399932861328,175.52000427246094,286854
2025-05-23,176.13999938964844,178.22000122070312,167.36000061035156,173.3000030517578,403585
2025-05-26,176.6199951171875,176.72000122070312,173.22000122070312,175.24000549316406,141283
2025-05-27,174.66000366210938,176.8000030517578,172.82000732421875,175.4600067138672,240037
2025-05-28,175.75999450683594,175.75999450683594,173.4600067138672,173.47999572753906,335198
2025-05-29,178.0800018310547,179.94000244140625,172.32000732421875,173.47999572753906,314693
2025-05-30,172.5399932861328,175.77999877929688,172.36000061035156,172.36000061035156,510311
2025-06-02,168.8000030517578,171.4600067138672,166.9600067138672,171.4199981689453,423722
2025-06-03,170.44000244140625,172.24000549316406,168.60000610351562,171.39999389648438,194053
2025-06-04,172.4199981689453,176.86000061035156,170.5,176.0,282654
2025-06-05,177.25999450683594,178.47999572753906,173.72000122070312,175.24000549316406,276976
2025-06-06,174.3800048828125,175.89999389648438,171.74000549316406,173.39999389648438,275625
2025-06-09,172.72000122070312,179.02000427246094,172.72000122070312,177.74000549316406,218438
2025-06-10,176.02000427246094,182.13999938964844,176.02000427246094,181.9199981689453,317429
2025-06-11,183.9199981689453,187.13999938964844,180.10000610351562,180.3000030517578,270144
2025-06-12,177.89999389648438,178.77999877929688,173.5800018310547,174.66000366210938,368535
2025-06-13,170.39999389648438,172.63999938964844,170.27999877929688,172.5800018310547,330565
2025-06-16,181.1999969482422,196.44000244140625,180.72000122070312,192.8800048828125,1039550
2025-06-17,188.13999938964844,193.8600006103516,181.6600036621093,185.0,653289
2025-06-18,184.8800048828125,187.3000030517578,177.10000610351562,180.6600036621093,400634
2025-06-19,177.74000549316406,179.0399932861328,172.5,174.89999389648438,380347
2025-06-20,176.0,181.9600067138672,175.8000030517578,179.02000427246094,2725434
2025-06-23,177.66000366210938,178.75999450683594,172.27999877929688,175.5,425385
2025-06-24,182.1600036621093,184.1600036621093,176.25999450683594,180.47999572753903,383084
2025-06-25,178.5,180.4199981689453,176.82000732421875,176.82000732421875,302898
2025-06-26,177.3800048828125,179.5,173.22000122070312,174.47999572753906,323945
2025-06-27,176.8000030517578,185.22000122070312,176.72000122070312,184.1999969482422,443921
2025-06-30,184.83999633789065,188.6000061035156,183.5200042724609,184.5599975585937,435348
2025-07-01,184.0599975585937,195.5200042724609,183.6199951171875,195.5200042724609,472237
2025-07-02,197.759994506836,203.5,195.3999938964844,202.6499938964844,441552
2025-07-03,204.3999938964844,205.0,198.22000122070312,198.44000244140625,325972
2025-07-04,197.1000061035156,198.6999969482422,193.67999267578125,198.13999938964844,245695
2025-07-07,197.7400054931641,197.7400054931641,194.5200042724609,195.3999938964844,219798
2025-07-08,196.0800018310547,200.1000061035156,194.6000061035156,198.0,223115
2025-07-09,197.9199981689453,201.4499969482422,195.1600036621093,199.8000030517578,304792
2025-07-10,201.1499938964844,207.3000030517578,200.6000061035156,206.3999938964844,383156
2025-07-11,204.0,204.0500030517578,197.8000030517578,198.67999267578125,302829
2025-07-14,195.5,196.97999572753903,194.0599975585937,196.97999572753903,258952
2025-07-15,196.9600067138672,200.1000061035156,196.3999938964844,196.6600036621093,176452
2025-07-16,194.9600067138672,194.9600067138672,190.2400054931641,192.1999969482422,329658
2025-07-17,193.5200042724609,194.47999572753903,190.5599975585937,192.3999938964844,205400
2025-07-18,195.0800018310547,200.1000061035156,194.44000244140625,197.33999633789065,301617
2025-07-21,197.0200042724609,199.0800018310547,195.1000061035156,197.33999633789065,152164
2025-07-22,197.1199951171875,204.3999938964844,196.6600036621093,202.6000061035156,320448
2025-07-23,207.5500030517578,213.3500061035156,206.4499969482422,212.6000061035156,454907
2025-07-24,215.0,218.1499938964844,210.5,212.3999938964844,378038
2025-07-25,207.5,222.25,206.1000061035156,221.8000030517578,529043
2025-07-28,223.5,225.8000030517578,215.3999938964844,215.8999938964844,323930
2025-07-29,216.6499938964844,218.5500030517578,212.0500030517578,212.4499969482422,345978
2025-07-30,218.8000030517578,223.9499969482422,215.25,215.8999938964844,431811
2025-07-31,213.5500030517578,220.5,211.1000061035156,216.5,425929
2025-08-01,217.0,218.75,212.6000061035156,216.1499938964844,409309
2025-08-04,216.3000030517578,217.0,211.3500061035156,215.0500030517578,237690
2025-08-05,216.1000061035156,216.9499969482422,210.9499969482422,211.3999938964844,201783
2025-08-06,212.3000030517578,212.3000030517578,207.8999938964844,209.25,218028
2025-08-07,209.75,216.1999969482422,208.25,213.1000061035156,232158
2025-08-08,213.6999969482422,217.6000061035156,211.75,215.6499938964844,156322
2025-08-11,216.8000030517578,218.8500061035156,212.3500061035156,213.1000061035156,182769
2025-08-12,214.1000061035156,215.8500061035156,208.4499969482422,213.3500061035156,184463
2025-08-13,215.0,218.0500030517578,214.1000061035156,217.3500061035156,251234
2025-08-14,216.3000030517578,216.8999938964844,210.5500030517578,211.75,197029
2025-08-15,212.3500061035156,213.1999969482422,210.1999969482422,211.6499938964844,146225
2025-08-18,211.4499969482422,211.6499938964844,209.1999969482422,210.25,172540
2025-08-19,209.3500061035156,218.1999969482422,209.3500061035156,216.5,235282
2025-08-20,215.0,222.3000030517578,214.3500061035156,221.6499938964844,212024
2025-08-21,220.5500030517578,221.25,216.6499938964844,218.3500061035156,152599
2025-08-22,217.0500030517578,225.6999969482422,217.0500030517578,223.8000030517578,230855
2025-08-25,223.1499938964844,227.3999938964844,221.6999969482422,224.25,265048
2025-08-26,222.5500030517578,228.6499938964844,220.8999938964844,225.4499969482422,352080
2025-08-27,224.9499969482422,231.8000030517578,224.4499969482422,229.5,288717
2025-08-28,229.5,239.8500061035156,229.1000061035156,235.0,354697
2025-08-29,233.0,235.0,229.1499938964844,229.1499938964844,316665
2025-09-01,229.6499938964844,233.8000030517578,228.6000061035156,229.8000030517578,112598
2025-09-02,234.3000030517578,240.3000030517578,234.1000061035156,238.6000061035156,470651
2025-09-03,239.6999969482422,240.9499969482422,234.4499969482422,236.4499969482422,297910
2025-09-04,235.3500061035156,240.0500030517578,231.0,232.6499938964844,233786
2025-09-05,233.8999938964844,239.3500061035156,231.0,237.3500061035156,273588
2025-09-08,237.8999938964844,239.1000061035156,235.0500030517578,238.8999938964844,210388
2025-09-09,238.4499969482422,241.1999969482422,232.0,233.25,284626
2025-09-10,233.1999969482422,234.6999969482422,229.0500030517578,233.5,211740
2025-09-11,237.4499969482422,242.1999969482422,235.8999938964844,239.1499938964844,441030
2025-09-12,239.6999969482422,243.4499969482422,235.9499969482422,241.3000030517578,196420
2025-09-15,242.0,255.4499969482422,241.75,255.3500061035156,495743
2025-09-16,259.0,267.0,257.8500061035156,263.29998779296875,574175
2025-09-17,265.0,268.6000061035156,262.1000061035156,266.95001220703125,402763
2025-09-18,266.6499938964844,271.95001220703125,265.04998779296875,268.75,392812
2025-09-19,269.6499938964844,275.79998779296875,267.95001220703125,267.95001220703125,744854
2025-09-22,267.25,268.54998779296875,262.6000061035156,265.0,205369
2025-09-23,267.0,274.95001220703125,265.45001220703125,270.0,378979
2025-09-24,271.75,274.54998779296875,270.0,273.3999938964844,294788
2025-09-25,272.70001220703125,275.1499938964844,270.6000061035156,270.8999938964844,249684
2025-09-26,270.6000061035156,275.0,267.6000061035156,275.0,315748
2025-09-29,278.5,287.95001220703125,275.5,287.95001220703125,433725
2025-09-30,287.95001220703125,288.3999938964844,279.95001220703125,282.54998779296875,322056
2025-10-01,283.1499938964844,284.79998779296875,276.20001220703125,283.3500061035156,205707
2025-10-02,287.0,289.25,285.79998779296875,286.8999938964844,249730
2025-10-03,288.75,297.8500061035156,285.29998779296875,297.8500061035156,247901
2025-10-06,295.20001220703125,296.0,287.20001220703125,292.3999938964844,259844
2025-10-07,298.70001220703125,314.1000061035156,296.3500061035156,309.20001220703125,711864
2025-10-08,305.8999938964844,317.3999938964844,299.20001220703125,314.79998779296875,317317
2025-10-09,321.1000061035156,321.6000061035156,311.79998779296875,312.1000061035156,323398
2025-10-10,318.3999938964844,322.25,308.3999938964844,309.0,380179
2025-10-13,310.04998779296875,317.6499938964844,299.8500061035156,303.75,360905
2025-10-14,301.70001220703125,301.8500061035156,295.3500061035156,298.8999938964844,370359
2025-10-15,324.3999938964844,325.20001220703125,313.0,313.1499938964844,590836
2025-10-16,309.0,311.04998779296875,302.79998779296875,308.5,359651
2025-10-17,305.3500061035156,311.0,302.75,309.54998779296875,322355
2025-10-20,324.95001220703125,326.5,318.79998779296875,324.5,442879
2025-10-21,325.20001220703125,330.6000061035156,323.0,324.0,338912
2025-10-22,319.79998779296875,323.04998779296875,314.25,317.29998779296875,384096
2025-10-23,332.5,354.20001220703125,332.3500061035156,344.95001220703125,712183
2025-10-24,340.1000061035156,341.5,327.5,331.6499938964844,391108
2025-10-27,332.5,334.6499938964844,326.3999938964844,327.8999938964844,232185
2025-10-28,327.8500061035156,331.75,326.79998779296875,327.8999938964844,197477
2025-10-29,325.79998779296875,328.70001220703125,322.54998779296875,325.8999938964844,192381
2025-10-30,320.5,320.79998779296875,311.6000061035156,313.04998779296875,372033
2025-10-31,309.6000061035156,312.0,303.45001220703125,306.79998779296875,350244
2025-11-03,307.29998779296875,309.1499938964844,304.0,304.6000061035156,231321
2025-11-04,300.6000061035156,303.45001220703125,295.0,302.70001220703125,260695
2025-11-05,294.5,305.75,293.79998779296875,302.8500061035156,216440
2025-11-06,302.95001220703125,303.1000061035156,290.20001220703125,291.3999938964844,301655
2025-11-07,292.1000061035156,300.1499938964844,291.3999938964844,299.8999938964844,289804
2025-11-10,307.20001220703125,311.25,304.8999938964844,310.45001220703125,228185
2025-11-11,311.0,317.6499938964844,310.45001220703125,316.6499938964844,201624
2025-11-12,318.8999938964844,320.8999938964844,314.1499938964844,314.1499938964844,233823
2025-11-13,316.8999938964844,325.54998779296875,316.8999938964844,321.3500061035156,277604
2025-11-14,321.0,322.1499938964844,313.45001220703125,320.6000061035156,264316
2025-11-17,316.6000061035156,319.70001220703125,312.6499938964844,313.45001220703125,171534
2025-11-18,310.0,310.79998779296875,305.8500061035156,309.79998779296875,312027
2025-11-19,306.6000061035156,307.45001220703125,296.75,296.75,398457
2025-11-20,300.0,303.29998779296875,292.8500061035156,294.6000061035156,304444
2025-11-21,289.45001220703125,301.3500061035156,287.0,296.20001220703125,432119
2025-11-24,299.04998779296875,299.8500061035156,294.0,295.6499938964844,412760
2025-11-25,297.70001220703125,300.04998779296875,293.3999938964844,298.3500061035156,162567
2025-11-26,301.04998779296875,303.0,296.79998779296875,298.8500061035156,198482
2025-11-27,298.8999938964844,299.54998779296875,294.8500061035156,296.20001220703125,115442
2025-11-28,296.79998779296875,298.75,292.79998779296875,292.79998779296875,190307
2025-12-01,291.0,299.5,289.95001220703125,299.5,231504
2025-12-02,299.20001220703125,301.3999938964844,294.5,294.5,152138
2025-12-03,290.6499938964844,294.04998779296875,285.70001220703125,293.8999938964844,180645
2025-12-04,296.0,296.04998779296875,290.70001220703125,295.3500061035156,217700
2025-12-05,293.25,299.1499938964844,291.95001220703125,295.5,145449
2025-12-08,294.29998779296875,295.70001220703125,291.04998779296875,291.8999938964844,116147
2025-12-09,291.5,292.20001220703125,283.45001220703125,286.5,254221
2025-12-10,287.5,291.8999938964844,283.5,288.79998779296875,205975
2025-12-11,290.0,293.1000061035156,285.5,291.8500061035156,236965
2025-12-12,293.3999938964844,299.0,292.8999938964844,296.20001220703125,213413
2025-12-15,296.29998779296875,307.8999938964844,296.29998779296875,304.04998779296875,315115
2025-12-16,300.45001220703125,309.8999938964844,299.6499938964844,309.8999938964844,293577
2025-12-17,306.3500061035156,315.75,305.75,313.0,274078
2025-12-18,311.25,313.6499938964844,305.29998779296875,310.29998779296875,300235
2025-12-19,308.29998779296875,310.3999938964844,299.45001220703125,302.54998779296875,520990
2025-12-22,301.0,307.04998779296875,300.95001220703125,305.1499938964844,148585
2025-12-23,303.8999938964844,304.20001220703125,299.3999938964844,299.45001220703125,152951
2025-12-24,297.6499938964844,303.6000061035156,296.6000061035156,303.6000061035156,41102
2025-12-29,303.25,304.25,298.75,299.0,120906
2025-12-30,298.54998779296875,303.3999938964844,297.54998779296875,300.5,137478
2025-12-31,298.70001220703125,302.25,298.70001220703125,301.0,61824
2026-01-02,300.8500061035156,306.20001220703125,300.79998779296875,304.6000061035156,140165
2026-01-05,306.45001220703125,311.8500061035156,299.79998779296875,305.0,237945
2026-01-06,303.25,317.8500061035156,303.04998779296875,315.54998779296875,184229
2026-01-07,314.95001220703125,314.95001220703125,296.54998779296875,304.29998779296875,366288
2026-01-08,300.0,310.20001220703125,300.0,309.79998779296875,158379
2026-01-09,312.1000061035156,320.25,311.95001220703125,317.3999938964844,264068
2026-01-12,318.0,320.5,312.5,314.25,117540
2026-01-13,312.70001220703125,315.45001220703125,308.04998779296875,309.25,132055
2026-01-14,309.1000061035156,319.0,307.20001220703125,311.25,199222
2026-01-15,315.54998779296875,319.79998779296875,298.29998779296875,301.3999938964844,353718
2026-01-16,299.04998779296875,301.54998779296875,287.29998779296875,288.70001220703125,333465
2026-01-19,279.5,282.75,275.45001220703125,276.8500061035156,344406
2026-01-20,274.0,274.0,266.04998779296875,269.6499938964844,326197
2026-01-21,273.70001220703125,276.8999938964844,271.79998779296875,274.70001220703125,177571
2026-01-22,282.75,284.04998779296875,278.1000061035156,280.04998779296875,226653
2026-01-23,277.3999938964844,279.8999938964844,274.3999938964844,274.95001220703125,181772
2026-01-26,275.0,276.3999938964844,272.5,272.5,161296
2026-01-27,277.95001220703125,279.3500061035156,272.04998779296875,274.5,237774
2026-01-28,267.54998779296875,270.29998779296875,258.54998779296875,266.20001220703125,371966
2026-01-29,268.75,269.6499938964844,261.25,262.70001220703125,277683
2026-01-30,265.04998779296875,265.79998779296875,262.6499938964844,264.1499938964844,183544
2026-02-02,263.3500061035156,264.20001220703125,258.54998779296875,258.54998779296875,244972
2026-02-03,261.8500061035156,262.6000061035156,256.54998779296875,258.54998779296875,251043
2026-02-04,259.8500061035156,265.54998779296875,258.8500061035156,264.3500061035156,275763
2026-02-05,265.0,266.20001220703125,256.04998779296875,259.5,368683
2026-02-06,255.0,258.1000061035156,245.1499938964844,258.04998779296875,426114
2026-02-09,260.5,266.3999938964844,258.3999938964844,259.70001220703125,289641
2026-02-10,297.0,297.1499938964844,276.29998779296875,288.0,770310
2026-02-11,284.1499938964844,287.70001220703125,276.5,279.70001220703125,274070
2026-02-12,283.5,286.70001220703125,277.8999938964844,281.20001220703125,258545
2026-02-13,279.8500061035156,286.75,277.95001220703125,284.3500061035156,249007
2026-02-16,285.0,285.3500061035156,270.8500061035156,270.8500061035156,215283
2026-02-17,271.0,276.25,270.20001220703125,272.8999938964844,161506
2026-02-18,273.54998779296875,277.3500061035156,271.20001220703125,276.3500061035156,204043
2026-02-19,275.0,276.1499938964844,268.79998779296875,275.5,253437
2026-02-20,280.0,283.5,274.54998779296875,278.0,332593
2026-02-23,277.95001220703125,290.3999938964844,276.45001220703125,286.5,298322
2026-02-24,285.0,291.6000061035156,284.0,285.1000061035156,208779
2026-02-25,285.0,287.8500061035156,279.3999938964844,287.79998779296875,217281
2026-02-26,289.0,291.8999938964844,284.25,288.75,167382
2026-02-27,288.5,296.79998779296875,283.0,285.8999938964844,341537
2026-03-02,274.95001220703125,279.79998779296875,268.1000061035156,271.5,299425
2026-03-03,267.04998779296875,267.75,252.6499938964844,254.25,361797
2026-03-04,257.79998779296875,258.1000061035156,251.6999969482422,256.8999938964844,260087
2026-03-05,256.1000061035156,263.8500061035156,254.3000030517578,257.95001220703125,252704
2026-03-06,260.0,263.45001220703125,254.1000061035156,257.3999938964844,221036
2026-03-09,249.75,254.8500061035156,246.5,254.75,206180
2026-03-10,263.45001220703125,265.1499938964844,257.79998779296875,262.6499938964844,251760
2026-03-11,258.70001220703125,262.1499938964844,257.20001220703125,259.70001220703125,186448
2026-03-12,256.70001220703125,257.79998779296875,250.9499969482422,255.75,258651
2026-03-13,252.0,255.0500030517578,246.1999969482422,248.6999969482422,261385
2026-03-16,250.5,253.3999938964844,246.0,249.6999969482422,151772
2026-03-17,248.0,249.3500061035156,243.3999938964844,247.6000061035156,226590
2026-03-18,249.8999938964844,251.25,240.6000061035156,243.6999969482422,211011
2026-03-19,240.0500030517578,240.6999969482422,232.25,232.6000061035156,340433
2026-03-20,236.0500030517578,237.0500030517578,231.5,234.1499938964844,629161
2026-03-23,229.6499938964844,250.0,227.1499938964844,245.1999969482422,343547
2026-03-24,247.6000061035156,251.25,245.5500030517578,247.9499969482422,277307
2026-03-25,251.0,255.3500061035156,249.1499938964844,252.0500030517578,278975
2026-03-26,250.0,260.8999938964844,249.8000030517578,252.1999969482422,289393
2026-03-27,252.4499969482422,252.5,245.6999969482422,248.3000030517578,246502
2026-03-30,248.0500030517578,256.5,246.3500061035156,256.5,220666
2026-03-31,252.9499969482422,259.1499938964844,250.3500061035156,256.6000061035156,237822
2026-04-01,265.04998779296875,267.20001220703125,259.8999938964844,263.20001220703125,309006
2026-04-02,261.25,266.79998779296875,258.3500061035156,265.25,201440
2026-04-07,266.29998779296875,268.1000061035156,255.8000030517578,257.75,264080
2026-04-08,275.0,280.75,272.1000061035156,277.25,445682
2026-04-09,275.1499938964844,277.1499938964844,269.79998779296875,274.45001220703125,292401
2026-04-10,276.45001220703125,282.04998779296875,275.8999938964844,276.45001220703125,243179
2026-04-13,266.1499938964844,274.20001220703125,265.45001220703125,272.04998779296875,298071
2026-04-14,274.75,282.1000061035156,271.20001220703125,280.0,281770
2026-04-15,266.6000061035156,266.6000061035156,250.1000061035156,254.0,747311
2026-04-16,259.3500061035156,259.3500061035156,242.4499969482422,246.1999969482422,737976
2026-04-17,246.3999938964844,257.45001220703125,245.6499938964844,253.6000061035156,429576
2026-04-20,247.75,251.75,246.6999969482422,248.1999969482422,273566
2026-04-21,245.3500061035156,249.0,242.6499938964844,243.1999969482422,259602
2026-04-22,243.25,244.1499938964844,235.5500030517578,238.1000061035156,283563
2026-04-23,237.6999969482422,241.4499969482422,233.0500030517578,238.1499938964844,241351
2026-04-24,235.75,242.1999969482422,233.6999969482422,240.0500030517578,232759
2026-04-27,239.3999938964844,245.1499938964844,238.1999969482422,243.75,225245
2026-04-28,243.0500030517578,244.8000030517578,236.1000061035156,236.1000061035156,206799
2026-04-29,234.9499969482422,235.25,229.5500030517578,232.5500030517578,224672
2026-04-30,230.6999969482422,234.1000061035156,229.3999938964844,232.6499938964844,299419
2026-05-04,229.0,232.3999938964844,225.6000061035156,227.25,422204
2026-05-05,226.9499969482422,230.0500030517578,225.1000061035156,227.8999938964844,298559
2026-05-06,231.0,245.25,230.1999969482422,243.25,403293
2026-05-07,244.5,254.5500030517578,243.3000030517578,246.8000030517578,403712
2026-05-08,244.5,247.75,243.1000061035156,245.8999938964844,185108
2026-05-11,244.0500030517578,245.1499938964844,236.1999969482422,238.5,300658
2026-05-12,240.8999938964844,244.5,237.0500030517578,239.1000061035156,237605
2026-05-13,238.6499938964844,240.6000061035156,235.0500030517578,240.6000061035156,169906
2026-05-14,241.5500030517578,244.6000061035156,238.1999969482422,244.3500061035156,156755
2026-05-15,241.5,242.8000030517578,236.3500061035156,236.8500061035156,206537
2026-05-18,232.3000030517578,242.0,229.9499969482422,239.5,252535
2026-05-19,239.0,244.3000030517578,238.4250030517578,241.25,165612
2026-05-20,239.9499969482422,252.3500061035156,238.1499938964844,248.1499938964844,237405
2026-05-21,247.6999969482422,249.0500030517578,241.3500061035156,244.6000061035156,182278
2026-05-22,250.0,252.0,240.3999938964844,242.0,218604
2026-05-25,244.3500061035156,248.75,243.1999969482422,247.3000030517578,194173
2026-05-26,244.6499938964844,245.3500061035156,239.75,239.75,223406
2026-05-27,244.0,253.5,244.0,250.3999938964844,492150
2026-05-28,247.25,254.8000030517578,246.3999938964844,250.9499969482422,213838
2026-05-29,253.5500030517578,258.1499938964844,249.1999969482422,255.35000610351562,426469
2026-06-01,254.75,258.79998779296875,247.1999969482422,247.75,318313
2026-06-02,248.0500030517578,254.39999389648438,248.0500030517578,254.39999389648438,291032
2026-06-03,252.39999389648438,254.60000610351562,244.0500030517578,244.0500030517578,264877
2026-06-04,244.75,254.8000030517578,244.75,249.0500030517578,227049
2026-06-05,251.0500030517578,253.9499969482422,246.60000610351562,249.4499969482422,220710
2026-06-08,244.5,253.10000610351562,243.25,249.0,285394
2026-06-09,249.5,261.29998779296875,248.5,255.1999969482422,349089
2026-06-10,257.45001220703125,258.1000061035156,250.14999389648438,256.0,296807
2026-06-11,252.1999969482422,261.79998779296875,249.75,259.20001220703125,474888
2026-06-12,268.0,276.25,266.20001220703125,268.3500061035156,462393
