Date,Open,High,Low,Close,Volume
2014-02-18,110.91000366210938,110.91000366210938,110.91000366210938,110.91000366210938,0
2014-02-19,110.7699966430664,110.7699966430664,110.7699966430664,110.7699966430664,0
2014-02-20,111.0999984741211,111.0999984741211,111.0999984741211,111.0999984741211,0
2014-02-21,111.72000122070312,111.72000122070312,111.72000122070312,111.72000122070312,0
2014-02-24,112.5500030517578,112.5500030517578,112.5500030517578,112.5500030517578,0
2014-02-25,113.01000213623048,113.01000213623048,113.01000213623048,113.01000213623048,0
2014-02-26,112.97000122070312,112.97000122070312,112.97000122070312,112.97000122070312,0
2014-02-27,113.22000122070312,113.22000122070312,113.22000122070312,113.22000122070312,0
2014-02-28,113.66000366210938,113.66000366210938,113.66000366210938,113.66000366210938,0
2014-03-03,111.8499984741211,111.8499984741211,111.8499984741211,111.8499984741211,0
2014-03-04,113.55999755859376,113.55999755859376,113.55999755859376,113.55999755859376,0
2014-03-05,113.3499984741211,113.3499984741211,113.3499984741211,113.3499984741211,0
2014-03-06,114.0,114.0,114.0,114.0,0
2014-03-07,113.61000061035156,113.61000061035156,113.61000061035156,113.61000061035156,0
2014-03-10,112.70999908447266,112.70999908447266,112.70999908447266,112.70999908447266,0
2014-03-11,112.62000274658205,112.62000274658205,112.62000274658205,112.62000274658205,0
2014-03-12,111.83000183105467,111.83000183105467,111.83000183105467,111.83000183105467,0
2014-03-13,110.63999938964844,110.63999938964844,110.63999938964844,110.63999938964844,0
2014-03-14,109.9000015258789,109.9000015258789,109.9000015258789,109.9000015258789,0
2014-03-17,110.88999938964844,110.88999938964844,110.88999938964844,110.88999938964844,0
2014-03-18,111.52999877929688,111.52999877929688,111.52999877929688,111.52999877929688,0
2014-03-19,111.18000030517578,111.18000030517578,111.18000030517578,111.18000030517578,0
2014-03-20,110.55999755859376,110.55999755859376,110.55999755859376,110.55999755859376,0
2014-03-21,109.91999816894533,109.91999816894533,109.91999816894533,109.91999816894533,0
2014-03-24,109.16000366210938,109.16000366210938,109.16000366210938,109.16000366210938,0
2014-03-25,109.20999908447266,109.20999908447266,109.20999908447266,109.20999908447266,0
2014-03-26,109.70999908447266,109.70999908447266,109.70999908447266,109.70999908447266,0
2014-03-27,109.33999633789062,109.33999633789062,109.33999633789062,109.33999633789062,0
2014-03-28,110.36000061035156,110.36000061035156,110.36000061035156,110.36000061035156,0
2014-03-31,110.87000274658205,110.87000274658205,110.87000274658205,110.87000274658205,0
2014-04-01,112.44000244140624,112.44000244140624,112.44000244140624,112.44000244140624,0
2014-04-02,112.58000183105467,112.58000183105467,112.58000183105467,112.58000183105467,0
2014-04-03,112.02999877929688,112.02999877929688,112.02999877929688,112.02999877929688,0
2014-04-04,111.33999633789062,111.33999633789062,111.33999633789062,111.33999633789062,0
2014-04-07,109.5999984741211,109.5999984741211,109.5999984741211,109.5999984741211,0
2014-04-08,110.5199966430664,110.5199966430664,110.5199966430664,110.5199966430664,0
2014-04-09,111.83999633789062,111.83999633789062,111.83999633789062,111.83999633789062,0
2014-04-10,111.5500030517578,111.5500030517578,111.5500030517578,111.5500030517578,0
2014-04-11,110.4000015258789,110.4000015258789,110.4000015258789,110.4000015258789,0
2014-04-14,110.79000091552734,110.79000091552734,110.79000091552734,110.79000091552734,0
2014-04-15,110.0,110.0,110.0,110.0,0
2014-04-16,111.1500015258789,111.1500015258789,111.1500015258789,111.1500015258789,0
2014-04-17,111.45999908447266,111.45999908447266,111.45999908447266,111.45999908447266,0
2014-04-22,112.73999786376952,112.73999786376952,112.73999786376952,112.73999786376952,0
2014-04-23,112.1999969482422,112.1999969482422,112.1999969482422,112.1999969482422,0
2014-04-24,112.37000274658205,112.37000274658205,112.37000274658205,112.37000274658205,0
2014-04-25,111.3499984741211,111.3499984741211,111.3499984741211,111.3499984741211,0
2014-04-28,110.83999633789062,110.83999633789062,110.83999633789062,110.83999633789062,0
2014-04-29,111.37000274658205,111.37000274658205,111.37000274658205,111.37000274658205,0
2014-04-30,111.58000183105467,111.58000183105467,111.58000183105467,111.58000183105467,0
2014-05-01,111.66000366210938,111.66000366210938,111.66000366210938,111.66000366210938,0
2014-05-02,112.0500030517578,112.0500030517578,112.0500030517578,112.0500030517578,0
2014-05-06,111.16000366210938,111.16000366210938,111.16000366210938,111.16000366210938,0
2014-05-07,110.36000061035156,110.36000061035156,110.36000061035156,110.36000061035156,0
2014-05-08,109.93000030517578,109.93000030517578,109.93000030517578,109.93000030517578,0
2014-05-09,109.9499969482422,109.9499969482422,109.9499969482422,109.9499969482422,0
2014-05-12,110.87000274658205,110.87000274658205,110.87000274658205,110.87000274658205,0
2014-05-13,111.02999877929688,111.02999877929688,111.02999877929688,111.02999877929688,0
2014-05-14,110.62000274658205,110.62000274658205,110.62000274658205,110.62000274658205,0
2014-05-15,110.52999877929688,110.52999877929688,110.52999877929688,110.52999877929688,0
2014-05-16,111.08999633789062,111.08999633789062,111.08999633789062,111.08999633789062,0
2014-05-19,111.48999786376952,111.48999786376952,111.48999786376952,111.48999786376952,0
2014-05-20,111.0500030517578,111.0500030517578,111.0500030517578,111.0500030517578,0
2014-05-21,111.81999969482422,111.81999969482422,111.81999969482422,111.81999969482422,0
2014-05-22,112.6500015258789,112.6500015258789,112.6500015258789,112.6500015258789,0
2014-05-23,112.87000274658205,112.87000274658205,112.87000274658205,112.87000274658205,0
2014-05-27,113.68000030517578,113.68000030517578,113.68000030517578,113.68000030517578,0
2014-05-28,113.13999938964844,113.13999938964844,113.13999938964844,113.13999938964844,0
2014-05-29,113.5199966430664,113.5199966430664,113.5199966430664,113.5199966430664,0
2014-05-30,114.08000183105467,114.08000183105467,114.08000183105467,114.08000183105467,0
2014-06-02,113.66999816894533,113.66999816894533,113.66999816894533,113.66999816894533,0
2014-06-03,113.2699966430664,113.2699966430664,113.2699966430664,113.2699966430664,0
2014-06-04,113.1999969482422,113.1999969482422,113.1999969482422,113.1999969482422,0
2014-06-05,113.23999786376952,113.23999786376952,113.23999786376952,113.23999786376952,0
2014-06-06,113.02999877929688,113.02999877929688,113.02999877929688,113.02999877929688,0
2014-06-09,112.76000213623048,112.76000213623048,112.76000213623048,112.76000213623048,0
2014-06-10,112.43000030517578,112.43000030517578,112.43000030517578,112.43000030517578,0
2014-06-11,112.38999938964844,112.38999938964844,112.38999938964844,112.38999938964844,0
2014-06-12,112.06999969482422,112.06999969482422,112.06999969482422,112.06999969482422,0
2014-06-13,111.80999755859376,111.80999755859376,111.80999755859376,111.80999755859376,0
2014-06-16,111.77999877929688,111.77999877929688,111.77999877929688,111.77999877929688,0
2014-06-17,112.12000274658205,112.12000274658205,112.12000274658205,112.12000274658205,0
2014-06-18,112.23999786376952,112.23999786376952,112.23999786376952,112.23999786376952,0
2014-06-19,112.8000030517578,112.8000030517578,112.8000030517578,112.8000030517578,0
2014-06-20,112.62000274658205,112.62000274658205,112.62000274658205,112.62000274658205,0
2014-06-23,112.36000061035156,112.36000061035156,112.36000061035156,112.36000061035156,0
2014-06-24,112.30999755859376,112.30999755859376,112.30999755859376,112.30999755859376,0
2014-06-25,112.41999816894533,112.41999816894533,112.41999816894533,112.41999816894533,0
2014-06-26,112.33999633789062,112.33999633789062,112.33999633789062,112.33999633789062,0
2014-06-27,112.83000183105467,112.83000183105467,112.83000183105467,112.83000183105467,0
2014-06-30,113.31999969482422,113.31999969482422,113.31999969482422,113.31999969482422,0
2014-07-01,114.05999755859376,114.05999755859376,114.05999755859376,114.05999755859376,0
2014-07-02,114.04000091552734,114.04000091552734,114.04000091552734,114.04000091552734,0
2014-07-03,114.6500015258789,114.6500015258789,114.6500015258789,114.6500015258789,0
2014-07-04,114.61000061035156,114.61000061035156,114.61000061035156,114.61000061035156,0
2014-07-07,113.62999725341795,113.62999725341795,113.62999725341795,113.62999725341795,0
2014-07-08,112.3499984741211,112.3499984741211,112.3499984741211,112.3499984741211,0
2014-07-09,112.62000274658205,112.62000274658205,112.62000274658205,112.62000274658205,0
2014-07-10,111.68000030517578,111.68000030517578,111.68000030517578,111.68000030517578,0
2014-07-11,111.5500030517578,111.5500030517578,111.5500030517578,111.5500030517578,0
2014-07-14,112.33999633789062,112.33999633789062,112.33999633789062,112.33999633789062,0
2014-07-15,111.41000366210938,111.41000366210938,111.41000366210938,111.41000366210938,0
2014-07-16,111.6500015258789,111.6500015258789,111.6500015258789,111.6500015258789,0
2014-07-17,110.47000122070312,110.47000122070312,110.47000122070312,110.47000122070312,0
2014-07-18,110.5500030517578,110.5500030517578,110.5500030517578,110.5500030517578,0
2014-07-21,110.20999908447266,110.20999908447266,110.20999908447266,110.20999908447266,0
2014-07-22,110.69000244140624,110.69000244140624,110.69000244140624,110.69000244140624,0
2014-07-23,110.88999938964844,110.88999938964844,110.88999938964844,110.88999938964844,0
2014-07-24,111.37999725341795,111.37999725341795,111.37999725341795,111.37999725341795,0
2014-07-25,109.63999938964844,109.63999938964844,109.63999938964844,109.63999938964844,0
2014-07-28,109.4000015258789,109.4000015258789,109.4000015258789,109.4000015258789,0
2014-07-29,109.51000213623048,109.51000213623048,109.51000213623048,109.51000213623048,0
2014-07-30,109.19000244140624,109.19000244140624,109.19000244140624,109.19000244140624,0
2014-07-31,107.37999725341795,107.37999725341795,107.37999725341795,107.37999725341795,0
2014-08-01,106.87999725341795,106.87999725341795,106.87999725341795,106.87999725341795,0
2014-08-04,107.01000213623048,107.01000213623048,107.01000213623048,107.01000213623048,0
2014-08-05,106.76000213623048,106.76000213623048,106.76000213623048,106.76000213623048,0
2014-08-06,106.4000015258789,106.4000015258789,106.4000015258789,106.4000015258789,0
2014-08-07,104.87999725341795,104.87999725341795,104.87999725341795,104.87999725341795,0
2014-08-08,105.30999755859376,105.30999755859376,105.30999755859376,105.30999755859376,0
2014-08-11,106.33000183105467,106.33000183105467,106.33000183105467,106.33000183105467,0
2014-08-12,105.9800033569336,105.9800033569336,105.9800033569336,105.9800033569336,0
2014-08-13,106.47000122070312,106.47000122070312,106.47000122070312,106.47000122070312,0
2014-08-14,107.06999969482422,107.06999969482422,107.06999969482422,107.06999969482422,0
2014-08-15,106.52999877929688,106.52999877929688,106.52999877929688,106.52999877929688,0
2014-08-18,107.62000274658205,107.62000274658205,107.62000274658205,107.62000274658205,0
2014-08-19,108.22000122070312,108.22000122070312,108.22000122070312,108.22000122070312,0
2014-08-20,108.08000183105467,108.08000183105467,108.08000183105467,108.08000183105467,0
2014-08-21,108.16999816894533,108.16999816894533,108.16999816894533,108.16999816894533,0
2014-08-22,107.76000213623048,107.76000213623048,107.76000213623048,107.76000213623048,0
2014-08-26,108.62999725341795,108.62999725341795,108.62999725341795,108.62999725341795,0
2014-08-27,108.43000030517578,108.43000030517578,108.43000030517578,108.43000030517578,0
2014-08-28,107.69000244140624,107.69000244140624,107.69000244140624,107.69000244140624,0
2014-08-29,107.58999633789062,107.58999633789062,107.58999633789062,107.58999633789062,0
2014-09-01,107.29000091552734,107.29000091552734,107.29000091552734,107.29000091552734,0
2014-09-02,107.30999755859376,107.30999755859376,107.30999755859376,107.30999755859376,0
2014-09-03,107.79000091552734,107.79000091552734,107.79000091552734,107.79000091552734,0
2014-09-04,108.25,108.25,108.25,108.25,0
2014-09-05,108.23999786376952,108.23999786376952,108.23999786376952,108.23999786376952,0
2014-09-08,107.87000274658205,107.87000274658205,107.87000274658205,107.87000274658205,0
2014-09-09,107.33999633789062,107.33999633789062,107.33999633789062,107.33999633789062,0
2014-09-10,106.98999786376952,106.98999786376952,106.98999786376952,106.98999786376952,0
2014-09-11,106.91000366210938,106.91000366210938,106.91000366210938,106.91000366210938,0
2014-09-12,106.68000030517578,106.68000030517578,106.68000030517578,106.68000030517578,0
2014-09-15,106.4000015258789,106.4000015258789,106.4000015258789,106.4000015258789,0
2014-09-16,106.12000274658205,106.12000274658205,106.12000274658205,106.12000274658205,0
2014-09-17,105.80999755859376,105.80999755859376,105.80999755859376,105.80999755859376,0
2014-09-18,106.3000030517578,106.3000030517578,106.3000030517578,106.3000030517578,0
2014-09-19,105.83000183105467,105.83000183105467,105.83000183105467,105.83000183105467,0
2014-09-22,104.41999816894533,104.41999816894533,104.41999816894533,104.41999816894533,0
2014-09-23,103.45999908447266,103.45999908447266,103.45999908447266,103.45999908447266,0
2014-09-24,104.01000213623048,104.01000213623048,104.01000213623048,104.01000213623048,0
2014-09-25,102.5,102.5,102.5,102.5,0
2014-09-26,103.58999633789062,103.58999633789062,103.58999633789062,103.58999633789062,0
2014-09-29,102.52999877929688,102.52999877929688,102.52999877929688,102.52999877929688,0
2014-09-30,102.27999877929688,102.27999877929688,102.27999877929688,102.27999877929688,0
2014-10-01,100.91000366210938,100.91000366210938,100.91000366210938,100.91000366210938,0
2014-10-02,100.86000061035156,100.86000061035156,100.86000061035156,100.86000061035156,0
2014-10-03,100.87999725341795,100.87999725341795,100.87999725341795,100.87999725341795,0
2014-10-06,101.4499969482422,101.4499969482422,101.4499969482422,101.4499969482422,0
2014-10-07,100.5197982788086,100.5197982788086,100.5197982788086,100.5197982788086,0
2014-10-08,100.88189697265624,100.88189697265624,100.88189697265624,100.88189697265624,0
2014-10-09,100.17060089111328,100.17060089111328,100.17060089111328,100.17060089111328,0
2014-10-10,98.12629699707033,98.12629699707033,98.12629699707033,98.12629699707033,0
2014-10-13,97.22599792480467,97.22599792480467,97.22599792480467,97.22599792480467,0
2014-10-14,97.40180206298828,97.40180206298828,97.40180206298828,97.40180206298828,0
2014-10-15,97.01280212402344,97.01280212402344,97.01280212402344,97.01280212402344,0
2014-10-16,97.89679718017578,97.89679718017578,97.89679718017578,97.89679718017578,0
2014-10-17,99.19550323486328,99.19550323486328,99.19550323486328,99.19550323486328,0
2014-10-20,99.76840209960938,99.76840209960938,99.76840209960938,99.76840209960938,0
2014-10-21,101.53700256347656,101.53700256347656,101.53700256347656,101.53700256347656,0
2014-10-22,101.35179901123048,101.35179901123048,101.35179901123048,101.35179901123048,0
2014-10-23,101.94349670410156,101.94349670410156,101.94349670410156,101.94349670410156,0
2014-10-24,101.89029693603516,101.89029693603516,101.89029693603516,101.89029693603516,0
2014-10-27,101.7417984008789,101.7417984008789,101.7417984008789,101.7417984008789,0
2014-10-28,102.71330261230467,102.71330261230467,102.71330261230467,102.71330261230467,0
2014-10-29,103.2772979736328,103.2772979736328,103.2772979736328,103.2772979736328,0
2014-10-30,103.41390228271484,103.41390228271484,103.41390228271484,103.41390228271484,0
2014-10-31,104.3896026611328,104.3896026611328,104.3896026611328,104.3896026611328,0
2014-11-03,104.01090240478516,104.01090240478516,104.01090240478516,104.01090240478516,0
2014-11-04,102.62370300292967,102.62370300292967,102.62370300292967,102.62370300292967,0
2014-11-05,102.71649932861328,102.71649932861328,102.71649932861328,102.71649932861328,0
2014-11-06,103.23210144042967,103.23210144042967,103.23210144042967,103.23210144042967,0
2014-11-07,103.18910217285156,103.18910217285156,103.18910217285156,103.18910217285156,0
2014-11-10,104.09300231933594,104.09300231933594,104.09300231933594,104.09300231933594,0
2014-11-11,104.52570343017578,104.52570343017578,104.52570343017578,104.52570343017578,0
2014-11-12,104.60700225830078,104.60700225830078,104.60700225830078,104.60700225830078,0
2014-11-13,105.21540069580078,105.21540069580078,105.21540069580078,105.21540069580078,0
2014-11-14,105.34339904785156,105.34339904785156,105.34339904785156,105.34339904785156,0
2014-11-17,105.04499816894533,105.04499816894533,105.04499816894533,105.04499816894533,0
2014-11-18,105.93890380859376,105.93890380859376,105.93890380859376,105.93890380859376,0
2014-11-19,105.8831024169922,105.8831024169922,105.8831024169922,105.8831024169922,0
2014-11-20,106.18160247802734,106.18160247802734,106.18160247802734,106.18160247802734,0
2014-11-21,107.30580139160156,107.30580139160156,107.30580139160156,107.30580139160156,0
2014-11-24,108.122802734375,108.122802734375,108.122802734375,108.122802734375,0
2014-11-25,108.32659912109376,108.32659912109376,108.32659912109376,108.32659912109376,0
2014-11-26,108.53050231933594,108.53050231933594,108.53050231933594,108.53050231933594,0
2014-11-27,108.779296875,108.779296875,108.779296875,108.779296875,0
2014-11-28,109.86849975585938,109.86849975585938,109.86849975585938,109.86849975585938,0
2014-12-01,108.47669982910156,108.47669982910156,108.47669982910156,108.47669982910156,0
2014-12-02,108.23470306396484,108.23470306396484,108.23470306396484,108.23470306396484,0
2014-12-03,107.7686004638672,107.7686004638672,107.7686004638672,107.7686004638672,0
2014-12-04,107.54660034179688,107.54660034179688,107.54660034179688,107.54660034179688,0
2014-12-05,108.1978988647461,108.1978988647461,108.1978988647461,108.1978988647461,0
2014-12-08,106.9281005859375,106.9281005859375,106.9281005859375,106.9281005859375,0
2014-12-09,106.4052963256836,106.4052963256836,106.4052963256836,106.4052963256836,0
2014-12-10,105.59829711914062,105.59829711914062,105.59829711914062,105.59829711914062,0
2014-12-11,105.48490142822266,105.48490142822266,105.48490142822266,105.48490142822266,0
2014-12-12,104.33360290527344,104.33360290527344,104.33360290527344,104.33360290527344,0
2014-12-15,103.06159973144533,103.06159973144533,103.06159973144533,103.06159973144533,0
2014-12-16,102.92829895019533,102.92829895019533,102.92829895019533,102.92829895019533,0
2014-12-17,102.7855987548828,102.7855987548828,102.7855987548828,102.7855987548828,0
2014-12-18,104.66549682617188,104.66549682617188,104.66549682617188,104.66549682617188,0
2014-12-19,104.6501007080078,104.6501007080078,104.6501007080078,104.6501007080078,0
2014-12-22,105.03630065917967,105.03630065917967,105.03630065917967,105.03630065917967,0
2014-12-23,105.48989868164062,105.48989868164062,105.48989868164062,105.48989868164062,0
2014-12-24,105.7437973022461,105.7437973022461,105.7437973022461,105.7437973022461,0
2014-12-29,106.3207015991211,106.3207015991211,106.3207015991211,106.3207015991211,0
2014-12-30,105.43820190429688,105.43820190429688,105.43820190429688,105.43820190429688,0
2014-12-31,105.17549896240234,105.17549896240234,105.17549896240234,105.17549896240234,0
2015-01-02,103.85870361328124,103.85870361328124,103.85870361328124,103.85870361328124,0
2015-01-05,101.43820190429688,101.43820190429688,101.43820190429688,101.43820190429688,0
2015-01-06,100.28109741210938,100.28109741210938,100.28109741210938,100.28109741210938,0
2015-01-07,101.23200225830078,101.23200225830078,101.23200225830078,101.23200225830078,0
2015-01-08,103.37529754638672,103.37529754638672,103.37529754638672,103.37529754638672,0
2015-01-09,102.54640197753906,102.54640197753906,102.54640197753906,102.54640197753906,0
2015-01-12,102.69770050048828,102.69770050048828,102.69770050048828,102.69770050048828,0
2015-01-13,103.12870025634766,103.12870025634766,103.12870025634766,103.12870025634766,0
2015-01-14,101.92340087890624,101.92340087890624,101.92340087890624,101.92340087890624,0
2015-01-15,101.42060089111328,101.42060089111328,101.42060089111328,101.42060089111328,0
2015-01-16,101.4822998046875,101.4822998046875,101.4822998046875,101.4822998046875,0
2015-01-19,102.11060333251952,102.11060333251952,102.11060333251952,102.11060333251952,0
2015-01-20,101.97100067138672,101.97100067138672,101.97100067138672,101.97100067138672,0
2015-01-21,102.86309814453124,102.86309814453124,102.86309814453124,102.86309814453124,0
2015-01-22,103.65850067138672,103.65850067138672,103.65850067138672,103.65850067138672,0
2015-01-23,104.33570098876952,104.33570098876952,104.33570098876952,104.33570098876952,0
2015-01-26,105.36630249023438,105.36630249023438,105.36630249023438,105.36630249023438,0
2015-01-27,105.3572006225586,105.3572006225586,105.3572006225586,105.3572006225586,0
2015-01-28,104.83280181884766,104.83280181884766,104.83280181884766,104.83280181884766,0
2015-01-29,105.63829803466795,105.63829803466795,105.63829803466795,105.63829803466795,0
2015-01-30,103.8718032836914,103.8718032836914,103.8718032836914,103.8718032836914,0
2015-02-02,104.3208999633789,104.3208999633789,104.3208999633789,104.3208999633789,0
2015-02-03,105.95899963378906,105.95899963378906,105.95899963378906,105.95899963378906,0
2015-02-04,106.18160247802734,106.18160247802734,106.18160247802734,106.18160247802734,0
2015-02-05,106.64669799804688,106.64669799804688,106.64669799804688,106.64669799804688,0
2015-02-06,105.96179962158205,105.96179962158205,105.96179962158205,105.96179962158205,0
2015-02-09,104.80359649658205,104.80359649658205,104.80359649658205,104.80359649658205,0
2015-02-10,106.30670166015624,106.30670166015624,106.30670166015624,106.30670166015624,0
2015-02-11,106.07009887695312,106.07009887695312,106.07009887695312,106.07009887695312,0
2015-02-12,107.00969696044922,107.00969696044922,107.00969696044922,107.00969696044922,0
2015-02-13,107.75509643554688,107.75509643554688,107.75509643554688,107.75509643554688,0
2015-02-16,107.59850311279295,107.59850311279295,107.59850311279295,107.59850311279295,0
2015-02-17,107.62249755859376,107.62249755859376,107.62249755859376,107.62249755859376,0
2015-02-18,108.05899810791016,108.05899810791016,108.05899810791016,108.05899810791016,0
2015-02-19,108.783203125,108.783203125,108.783203125,108.783203125,0
2015-02-20,109.27179718017578,109.27179718017578,109.27179718017578,109.27179718017578,0
2015-02-23,109.33200073242188,109.33200073242188,109.33200073242188,109.33200073242188,0
2015-02-24,109.02469635009766,109.02469635009766,109.02469635009766,109.02469635009766,0
2015-02-25,108.94139862060548,108.94139862060548,108.94139862060548,108.94139862060548,0
2015-02-26,108.82039642333984,108.82039642333984,108.82039642333984,108.82039642333984,0
2015-02-27,109.01589965820312,109.01589965820312,109.01589965820312,109.01589965820312,0
2015-03-02,109.40480041503906,109.40480041503906,109.40480041503906,109.40480041503906,0
2015-03-03,108.52989959716795,108.52989959716795,108.52989959716795,108.52989959716795,0
2015-03-04,108.3145980834961,108.3145980834961,108.3145980834961,108.3145980834961,0
2015-03-05,108.75520324707033,108.75520324707033,108.75520324707033,108.75520324707033,0
2015-03-06,107.4272003173828,107.4272003173828,107.4272003173828,107.4272003173828,0
2015-03-09,106.7802963256836,106.7802963256836,106.7802963256836,106.7802963256836,0
2015-03-10,104.7583999633789,104.7583999633789,104.7583999633789,104.7583999633789,0
2015-03-11,104.97460174560548,104.97460174560548,104.97460174560548,104.97460174560548,0
2015-03-12,105.91919708251952,105.91919708251952,105.91919708251952,105.91919708251952,0
2015-03-13,105.22669982910156,105.22669982910156,105.22669982910156,105.22669982910156,0
2015-03-16,106.76909637451172,106.76909637451172,106.76909637451172,106.76909637451172,0
2015-03-17,106.04869842529295,106.04869842529295,106.04869842529295,106.04869842529295,0
2015-03-18,106.4113998413086,106.4113998413086,106.4113998413086,106.4113998413086,0
2015-03-19,106.78720092773438,106.78720092773438,106.78720092773438,106.78720092773438,0
2015-03-20,108.37560272216795,108.37560272216795,108.37560272216795,108.37560272216795,0
2015-03-23,108.02220153808594,108.02220153808594,108.02220153808594,108.02220153808594,0
2015-03-24,107.9072036743164,107.9072036743164,107.9072036743164,107.9072036743164,0
2015-03-25,107.03359985351562,107.03359985351562,107.03359985351562,107.03359985351562,0
2015-03-26,106.51219940185548,106.51219940185548,106.51219940185548,106.51219940185548,0
2015-03-27,107.04630279541016,107.04630279541016,107.04630279541016,107.04630279541016,0
2015-03-30,107.86900329589844,107.86900329589844,107.86900329589844,107.86900329589844,0
2015-03-31,106.7270965576172,106.7270965576172,106.7270965576172,106.7270965576172,0
2015-04-01,106.69889831542967,106.69889831542967,106.69889831542967,106.69889831542967,0
2015-04-02,107.61820220947266,107.61820220947266,107.61820220947266,107.61820220947266,0
2015-04-07,108.25830078125,108.25830078125,108.25830078125,108.25830078125,0
2015-04-08,108.71900177001952,108.71900177001952,108.71900177001952,108.71900177001952,0
2015-04-09,109.69020080566406,109.69020080566406,109.69020080566406,109.69020080566406,0
2015-04-10,109.86299896240234,109.86299896240234,109.86299896240234,109.86299896240234,0
2015-04-13,108.91590118408205,108.91590118408205,108.91590118408205,108.91590118408205,0
2015-04-14,108.55169677734376,108.55169677734376,108.55169677734376,108.55169677734376,0
2015-04-15,108.56539916992188,108.56539916992188,108.56539916992188,108.56539916992188,0
2015-04-16,108.404296875,108.404296875,108.404296875,108.404296875,0
2015-04-17,107.18569946289062,107.18569946289062,107.18569946289062,107.18569946289062,0
2015-04-20,107.3831024169922,107.3831024169922,107.3831024169922,107.3831024169922,0
2015-04-21,107.67620086669922,107.67620086669922,107.67620086669922,107.67620086669922,0
2015-04-22,107.38099670410156,107.38099670410156,107.38099670410156,107.38099670410156,0
2015-04-23,107.53949737548828,107.53949737548828,107.53949737548828,107.53949737548828,0
2015-04-24,108.35459899902344,108.35459899902344,108.35459899902344,108.35459899902344,0
2015-04-27,108.9843978881836,108.9843978881836,108.9843978881836,108.9843978881836,0
2015-04-28,108.51529693603516,108.51529693603516,108.51529693603516,108.51529693603516,0
2015-04-29,107.36759948730467,107.36759948730467,107.36759948730467,107.36759948730467,0
2015-04-30,106.73400115966795,106.73400115966795,106.73400115966795,106.73400115966795,0
2015-05-05,106.85990142822266,106.85990142822266,106.85990142822266,106.85990142822266,0
2015-05-06,106.68329620361328,106.68329620361328,106.68329620361328,106.68329620361328,0
2015-05-07,106.63780212402344,106.63780212402344,106.63780212402344,106.63780212402344,0
2015-05-08,108.560302734375,108.560302734375,108.560302734375,108.560302734375,0
2015-05-11,108.06549835205078,108.06549835205078,108.06549835205078,108.06549835205078,0
2015-05-12,107.40540313720705,107.40540313720705,107.40540313720705,107.40540313720705,0
2015-05-13,107.2136001586914,107.2136001586914,107.2136001586914,107.2136001586914,0
2015-05-14,108.41210174560548,108.41210174560548,108.41210174560548,108.41210174560548,0
2015-05-15,108.77519989013672,108.77519989013672,108.77519989013672,108.77519989013672,0
2015-05-18,109.06549835205078,109.06549835205078,109.06549835205078,109.06549835205078,0
2015-05-19,109.29319763183594,109.29319763183594,109.29319763183594,109.29319763183594,0
2015-05-20,109.22989654541016,109.22989654541016,109.22989654541016,109.22989654541016,0
2015-05-21,109.4918975830078,109.4918975830078,109.4918975830078,109.4918975830078,0
2015-05-22,108.94139862060548,108.94139862060548,108.94139862060548,108.94139862060548,0
2015-05-26,107.0551986694336,107.0551986694336,107.0551986694336,107.0551986694336,0
2015-05-27,107.2030029296875,107.2030029296875,107.2030029296875,107.2030029296875,0
2015-05-28,106.9468994140625,106.9468994140625,106.9468994140625,106.9468994140625,0
2015-05-29,105.61000061035156,105.61000061035156,105.61000061035156,105.61000061035156,0
2015-06-01,105.4364013671875,105.4364013671875,105.4364013671875,105.4364013671875,0
2015-06-02,105.95809936523438,105.95809936523438,105.95809936523438,105.95809936523438,0
2015-06-03,107.13970184326172,107.13970184326172,107.13970184326172,107.13970184326172,0
2015-06-04,106.8207015991211,106.8207015991211,106.8207015991211,106.8207015991211,0
2015-06-05,105.42520141601562,105.42520141601562,105.42520141601562,105.42520141601562,0
2015-06-08,105.50240325927734,105.50240325927734,105.50240325927734,105.50240325927734,0
2015-06-09,105.26709747314452,105.26709747314452,105.26709747314452,105.26709747314452,0
2015-06-10,107.03040313720705,107.03040313720705,107.03040313720705,107.03040313720705,0
2015-06-11,107.41410064697266,107.41410064697266,107.41410064697266,107.41410064697266,0
2015-06-12,106.90989685058594,106.90989685058594,106.90989685058594,106.90989685058594,0
2015-06-15,105.76190185546876,105.76190185546876,105.76190185546876,105.76190185546876,0
2015-06-16,106.21369934082033,106.21369934082033,106.21369934082033,106.21369934082033,0
2015-06-17,106.28189849853516,106.28189849853516,106.28189849853516,106.28189849853516,0
2015-06-18,107.8322982788086,107.8322982788086,107.8322982788086,107.8322982788086,0
2015-06-19,107.54299926757812,107.54299926757812,107.54299926757812,107.54299926757812,0
2015-06-22,109.49469757080078,109.49469757080078,109.49469757080078,109.49469757080078,0
2015-06-23,109.38330078125,109.38330078125,109.38330078125,109.38330078125,0
2015-06-24,108.87329864501952,108.87329864501952,108.87329864501952,108.87329864501952,0
2015-06-25,108.73310089111328,108.73310089111328,108.73310089111328,108.73310089111328,0
2015-06-26,108.9657974243164,108.9657974243164,108.9657974243164,108.9657974243164,0
2015-06-29,106.03160095214844,106.03160095214844,106.03160095214844,106.03160095214844,0
2015-06-30,105.47760009765624,105.47760009765624,105.47760009765624,105.47760009765624,0
2015-07-01,107.05889892578124,107.05889892578124,107.05889892578124,107.05889892578124,0
2015-07-02,107.36969757080078,107.36969757080078,107.36969757080078,107.36969757080078,0
2015-07-03,107.10279846191406,107.10279846191406,107.10279846191406,107.10279846191406,0
2015-07-06,106.00050354003906,106.00050354003906,106.00050354003906,106.00050354003906,0
2015-07-07,104.72789764404295,104.72789764404295,104.72789764404295,104.72789764404295,0
2015-07-08,103.49929809570312,103.49929809570312,103.49929809570312,103.49929809570312,0
2015-07-09,104.7208023071289,104.7208023071289,104.7208023071289,104.7208023071289,0
2015-07-10,107.11530303955078,107.11530303955078,107.11530303955078,107.11530303955078,0
2015-07-13,108.18789672851562,108.18789672851562,108.18789672851562,108.18789672851562,0
2015-07-14,108.58830261230467,108.58830261230467,108.58830261230467,108.58830261230467,0
2015-07-15,107.83300018310548,107.83300018310548,107.83300018310548,107.83300018310548,0
2015-07-16,108.45809936523438,108.45809936523438,108.45809936523438,108.45809936523438,0
2015-07-17,108.31500244140624,108.31500244140624,108.31500244140624,108.31500244140624,0
2015-07-20,108.5792007446289,108.5792007446289,108.5792007446289,108.5792007446289,0
2015-07-21,108.6436004638672,108.6436004638672,108.6436004638672,108.6436004638672,0
2015-07-22,108.31600189208984,108.31600189208984,108.31600189208984,108.31600189208984,0
2015-07-23,108.5895004272461,108.5895004272461,108.5895004272461,108.5895004272461,0
2015-07-24,107.27539825439452,107.27539825439452,107.27539825439452,107.27539825439452,0
2015-07-27,105.6436996459961,105.6436996459961,105.6436996459961,105.6436996459961,0
2015-07-28,106.84660339355467,106.84660339355467,106.84660339355467,106.84660339355467,0
2015-07-29,107.94889831542967,107.94889831542967,107.94889831542967,107.94889831542967,0
2015-07-30,107.63150024414062,107.63150024414062,107.63150024414062,107.63150024414062,0
2015-07-31,108.9352035522461,108.9352035522461,108.9352035522461,108.9352035522461,0
2015-08-03,108.26210021972656,108.26210021972656,108.26210021972656,108.26210021972656,0
2015-08-04,108.5343017578125,108.5343017578125,108.5343017578125,108.5343017578125,0
2015-08-05,109.51519775390624,109.51519775390624,109.51519775390624,109.51519775390624,0
2015-08-06,108.91940307617188,108.91940307617188,108.91940307617188,108.91940307617188,0
2015-08-07,109.08049774169922,109.08049774169922,109.08049774169922,109.08049774169922,0
2015-08-10,110.05490112304688,110.05490112304688,110.05490112304688,110.05490112304688,0
2015-08-11,107.5354995727539,107.5354995727539,107.5354995727539,107.5354995727539,0
2015-08-12,105.23909759521484,105.23909759521484,105.23909759521484,105.23909759521484,0
2015-08-13,105.76429748535156,105.76429748535156,105.76429748535156,105.76429748535156,0
2015-08-14,105.97149658203124,105.97149658203124,105.97149658203124,105.97149658203124,0
2015-08-17,106.03040313720705,106.03040313720705,106.03040313720705,106.03040313720705,0
2015-08-18,105.5176010131836,105.5176010131836,105.5176010131836,105.5176010131836,0
2015-08-19,104.21510314941406,104.21510314941406,104.21510314941406,104.21510314941406,0
2015-08-20,102.06310272216795,102.06310272216795,102.06310272216795,102.06310272216795,0
2015-08-21,99.57769775390624,99.57769775390624,99.57769775390624,99.57769775390624,0
2015-08-24,96.15689849853516,96.15689849853516,96.15689849853516,96.15689849853516,0
2015-08-25,97.32559967041016,97.32559967041016,97.32559967041016,97.32559967041016,0
2015-08-26,98.02259826660156,98.02259826660156,98.02259826660156,98.02259826660156,0
2015-08-27,100.10910034179688,100.10910034179688,100.10910034179688,100.10910034179688,0
2015-08-28,100.3666000366211,100.3666000366211,100.3666000366211,100.3666000366211,0
2015-09-01,96.88500213623048,96.88500213623048,96.88500213623048,96.88500213623048,0
2015-09-02,97.80780029296876,97.80780029296876,97.80780029296876,97.80780029296876,0
2015-09-03,98.57440185546876,98.57440185546876,98.57440185546876,98.57440185546876,0
2015-09-04,96.89929962158205,96.89929962158205,96.89929962158205,96.89929962158205,0
2015-09-07,97.18499755859376,97.18499755859376,97.18499755859376,97.18499755859376,0
2015-09-08,99.11699676513672,99.11699676513672,99.11699676513672,99.11699676513672,0
2015-09-09,99.29039764404295,99.29039764404295,99.29039764404295,99.29039764404295,0
2015-09-10,98.8770980834961,98.8770980834961,98.8770980834961,98.8770980834961,0
2015-09-11,98.98040008544922,98.98040008544922,98.98040008544922,98.98040008544922,0
2015-09-14,98.86289978027344,98.86289978027344,98.86289978027344,98.86289978027344,0
2015-09-15,99.8656005859375,99.8656005859375,99.8656005859375,99.8656005859375,0
2015-09-16,102.1134033203125,102.1134033203125,102.1134033203125,102.1134033203125,0
2015-09-17,102.32849884033205,102.32849884033205,102.32849884033205,102.32849884033205,0
2015-09-18,101.00150299072266,101.00150299072266,101.00150299072266,101.00150299072266,0
2015-09-21,100.32589721679688,100.32589721679688,100.32589721679688,100.32589721679688,0
2015-09-22,97.26589965820312,97.26589965820312,97.26589965820312,97.26589965820312,0
2015-09-23,96.96869659423828,96.96869659423828,96.96869659423828,96.96869659423828,0
2015-09-24,96.04280090332033,96.04280090332033,96.04280090332033,96.04280090332033,0
2015-09-25,97.75309753417967,97.75309753417967,97.75309753417967,97.75309753417967,0
2015-09-28,95.4198989868164,95.4198989868164,95.4198989868164,95.4198989868164,0
2015-09-29,94.23719787597656,94.23719787597656,94.23719787597656,94.23719787597656,0
2015-09-30,96.5427017211914,96.5427017211914,96.5427017211914,96.5427017211914,0
2015-10-01,96.2925033569336,96.2925033569336,96.2925033569336,96.2925033569336,0
2015-10-02,97.8156967163086,97.8156967163086,97.8156967163086,97.8156967163086,0
2015-10-05,100.0364990234375,100.0364990234375,100.0364990234375,100.0364990234375,0
2015-10-06,100.75700378417967,100.75700378417967,100.75700378417967,100.75700378417967,0
2015-10-07,101.25389862060548,101.25389862060548,101.25389862060548,101.25389862060548,0
2015-10-08,102.6498031616211,102.6498031616211,102.6498031616211,102.6498031616211,0
2015-10-09,103.51200103759766,103.51200103759766,103.51200103759766,103.51200103759766,0
2015-10-12,103.8405990600586,103.8405990600586,103.8405990600586,103.8405990600586,0
2015-10-13,102.9477996826172,102.9477996826172,102.9477996826172,102.9477996826172,0
2015-10-14,102.22760009765624,102.22760009765624,102.22760009765624,102.22760009765624,0
2015-10-15,103.5009994506836,103.5009994506836,103.5009994506836,103.5009994506836,0
2015-10-16,103.20770263671876,103.20770263671876,103.20770263671876,103.20770263671876,0
2015-10-19,103.32659912109376,103.32659912109376,103.32659912109376,103.32659912109376,0
2015-10-20,102.5363998413086,102.5363998413086,102.5363998413086,102.5363998413086,0
2015-10-21,102.26210021972656,102.26210021972656,102.26210021972656,102.26210021972656,0
2015-10-22,103.34339904785156,103.34339904785156,103.34339904785156,103.34339904785156,0
2015-10-23,103.6697006225586,103.6697006225586,103.6697006225586,103.6697006225586,0
2015-10-26,103.89620208740234,103.89620208740234,103.89620208740234,103.89620208740234,0
2015-10-27,103.44349670410156,103.44349670410156,103.44349670410156,103.44349670410156,0
2015-10-28,104.04429626464844,104.04429626464844,104.04429626464844,104.04429626464844,0
2015-10-29,103.9539031982422,103.9539031982422,103.9539031982422,103.9539031982422,0
2015-10-30,104.43579864501952,104.43579864501952,104.43579864501952,104.43579864501952,0
2015-11-02,104.62550354003906,104.62550354003906,104.62550354003906,104.62550354003906,0
2015-11-03,104.7021026611328,104.7021026611328,104.7021026611328,104.7021026611328,0
2015-11-04,104.61750030517578,104.61750030517578,104.61750030517578,104.61750030517578,0
2015-11-05,105.26629638671876,105.26629638671876,105.26629638671876,105.26629638671876,0
2015-11-06,104.25460052490234,104.25460052490234,104.25460052490234,104.25460052490234,0
2015-11-09,102.58519744873048,102.58519744873048,102.58519744873048,102.58519744873048,0
2015-11-10,102.54329681396484,102.54329681396484,102.54329681396484,102.54329681396484,0
2015-11-11,102.3104019165039,102.3104019165039,102.3104019165039,102.3104019165039,0
2015-11-12,101.1592025756836,101.1592025756836,101.1592025756836,101.1592025756836,0
2015-11-13,98.73269653320312,98.73269653320312,98.73269653320312,98.73269653320312,0
2015-11-16,98.5199966430664,98.5199966430664,98.5199966430664,98.5199966430664,0
2015-11-17,99.0822982788086,99.0822982788086,99.0822982788086,99.0822982788086,0
2015-11-18,99.6864013671875,99.6864013671875,99.6864013671875,99.6864013671875,0
2015-11-19,100.47550201416016,100.47550201416016,100.47550201416016,100.47550201416016,0
2015-11-20,101.0239028930664,101.0239028930664,101.0239028930664,101.0239028930664,0
2015-11-23,100.6352996826172,100.6352996826172,100.6352996826172,100.6352996826172,0
2015-11-24,99.7125015258789,99.7125015258789,99.7125015258789,99.7125015258789,0
2015-11-25,100.74720001220705,100.74720001220705,100.74720001220705,100.74720001220705,0
2015-11-26,101.34149932861328,101.34149932861328,101.34149932861328,101.34149932861328,0
2015-11-27,100.8478012084961,100.8478012084961,100.8478012084961,100.8478012084961,0
2015-11-30,100.79859924316406,100.79859924316406,100.79859924316406,100.79859924316406,0
2015-12-01,101.5344009399414,101.5344009399414,101.5344009399414,101.5344009399414,0
2015-12-02,101.21269989013672,101.21269989013672,101.21269989013672,101.21269989013672,0
2015-12-03,99.57430267333984,99.57430267333984,99.57430267333984,99.57430267333984,0
2015-12-04,100.16220092773438,100.16220092773438,100.16220092773438,100.16220092773438,0
2015-12-07,100.38780212402344,100.38780212402344,100.38780212402344,100.38780212402344,0
2015-12-08,98.89869689941406,98.89869689941406,98.89869689941406,98.89869689941406,0
2015-12-09,98.50340270996094,98.50340270996094,98.50340270996094,98.50340270996094,0
2015-12-10,98.30989837646484,98.30989837646484,98.30989837646484,98.30989837646484,0
2015-12-11,96.39959716796876,96.39959716796876,96.39959716796876,96.39959716796876,0
2015-12-14,95.65489959716795,95.65489959716795,95.65489959716795,95.65489959716795,0
2015-12-15,96.80650329589844,96.80650329589844,96.80650329589844,96.80650329589844,0
2015-12-16,98.29309844970705,98.29309844970705,98.29309844970705,98.29309844970705,0
2015-12-17,97.60579681396484,97.60579681396484,97.60579681396484,97.60579681396484,0
2015-12-18,96.48699951171876,96.48699951171876,96.48699951171876,96.48699951171876,0
2015-12-21,96.78099822998048,96.78099822998048,96.78099822998048,96.78099822998048,0
2015-12-22,97.64769744873048,97.64769744873048,97.64769744873048,97.64769744873048,0
2015-12-23,98.55349731445312,98.55349731445312,98.55349731445312,98.55349731445312,0
2015-12-24,98.56220245361328,98.56220245361328,98.56220245361328,98.56220245361328,0
2015-12-29,99.25700378417967,99.25700378417967,99.25700378417967,99.25700378417967,0
2015-12-30,98.67430114746094,98.67430114746094,98.67430114746094,98.67430114746094,0
2015-12-31,97.81279754638672,97.81279754638672,97.81279754638672,97.81279754638672,0
2016-01-04,95.09010314941406,95.09010314941406,95.09010314941406,95.09010314941406,0
2016-01-05,94.92669677734376,94.92669677734376,94.92669677734376,94.92669677734376,0
2016-01-06,93.25700378417967,93.25700378417967,93.25700378417967,93.25700378417967,0
2016-01-07,91.15560150146484,91.15560150146484,91.15560150146484,91.15560150146484,0
2016-01-08,90.38069915771484,90.38069915771484,90.38069915771484,90.38069915771484,0
2016-01-11,90.07599639892578,90.07599639892578,90.07599639892578,90.07599639892578,0
2016-01-12,90.9208984375,90.9208984375,90.9208984375,90.9208984375,0
2016-01-13,89.60440063476562,89.60440063476562,89.60440063476562,89.60440063476562,0
2016-01-14,88.61270141601562,88.61270141601562,88.61270141601562,88.61270141601562,0
2016-01-15,87.57379913330078,87.57379913330078,87.57379913330078,87.57379913330078,0
2016-01-18,87.28070068359375,87.28070068359375,87.28070068359375,87.28070068359375,0
2016-01-19,87.99800109863281,87.99800109863281,87.99800109863281,87.99800109863281,0
2016-01-20,86.48629760742188,86.48629760742188,86.48629760742188,86.48629760742188,0
2016-01-21,87.87020111083984,87.87020111083984,87.87020111083984,87.87020111083984,0
2016-01-22,89.9113998413086,89.9113998413086,89.9113998413086,89.9113998413086,0
2016-01-25,89.00469970703125,89.00469970703125,89.00469970703125,89.00469970703125,0
2016-01-26,89.85700225830078,89.85700225830078,89.85700225830078,89.85700225830078,0
2016-01-27,89.6604995727539,89.6604995727539,89.6604995727539,89.6604995727539,0
2016-01-28,89.58390045166016,89.58390045166016,89.58390045166016,89.58390045166016,0
2016-01-29,91.1790008544922,91.1790008544922,91.1790008544922,91.1790008544922,0
2016-02-01,92.14080047607422,92.14080047607422,92.14080047607422,92.14080047607422,0
2016-02-02,90.31659698486328,90.31659698486328,90.31659698486328,90.31659698486328,0
2016-02-03,90.93589782714844,90.93589782714844,90.93589782714844,90.93589782714844,0
2016-02-04,90.39080047607422,90.39080047607422,90.39080047607422,90.39080047607422,0
2016-02-05,89.08999633789062,89.08999633789062,89.08999633789062,89.08999633789062,0
2016-02-08,86.94170379638672,86.94170379638672,86.94170379638672,86.94170379638672,0
2016-02-09,86.74859619140625,86.74859619140625,86.74859619140625,86.74859619140625,0
2016-02-10,86.87249755859375,86.87249755859375,86.87249755859375,86.87249755859375,0
2016-02-11,85.50630187988281,85.50630187988281,85.50630187988281,85.50630187988281,0
2016-02-12,86.99150085449219,86.99150085449219,86.99150085449219,86.99150085449219,0
2016-02-15,88.43060302734375,88.43060302734375,88.43060302734375,88.43060302734375,0
2016-02-16,89.20349884033203,89.20349884033203,89.20349884033203,89.20349884033203,0
2016-02-17,91.44029998779295,91.44029998779295,91.44029998779295,91.44029998779295,0
2016-02-18,91.4281997680664,91.4281997680664,91.4281997680664,91.4281997680664,0
2016-02-19,90.9656982421875,90.9656982421875,90.9656982421875,90.9656982421875,0
2016-02-22,92.38330078125,92.38330078125,92.38330078125,92.38330078125,0
2016-02-23,91.51429748535156,91.51429748535156,91.51429748535156,91.51429748535156,0
2016-02-24,90.49169921875,90.49169921875,90.49169921875,90.49169921875,0
2016-02-25,91.84559631347656,91.84559631347656,91.84559631347656,91.84559631347656,0
2016-02-26,92.39019775390624,92.39019775390624,92.39019775390624,92.39019775390624,0
2016-02-29,92.3113021850586,92.3113021850586,92.3113021850586,92.3113021850586,0
2016-03-01,93.89900207519533,93.89900207519533,93.89900207519533,93.89900207519533,0
2016-03-02,94.28279876708984,94.28279876708984,94.28279876708984,94.28279876708984,0
2016-03-03,94.89250183105467,94.89250183105467,94.89250183105467,94.89250183105467,0
2016-03-04,95.54769897460938,95.54769897460938,95.54769897460938,95.54769897460938,0
2016-03-07,95.1604995727539,95.1604995727539,95.1604995727539,95.1604995727539,0
2016-03-08,94.59760284423828,94.59760284423828,94.59760284423828,94.59760284423828,0
2016-03-09,94.56430053710938,94.56430053710938,94.56430053710938,94.56430053710938,0
2016-03-10,94.2593002319336,94.2593002319336,94.2593002319336,94.2593002319336,0
2016-03-11,96.24349975585938,96.24349975585938,96.24349975585938,96.24349975585938,0
2016-03-14,96.96620178222656,96.96620178222656,96.96620178222656,96.96620178222656,0
2016-03-15,96.2344970703125,96.2344970703125,96.2344970703125,96.2344970703125,0
2016-03-16,96.6417007446289,96.6417007446289,96.6417007446289,96.6417007446289,0
2016-03-17,97.981201171875,97.981201171875,97.981201171875,97.981201171875,0
2016-03-18,98.8738021850586,98.8738021850586,98.8738021850586,98.8738021850586,0
2016-03-21,98.70320129394533,98.70320129394533,98.70320129394533,98.70320129394533,0
2016-03-22,97.9998016357422,97.9998016357422,97.9998016357422,97.9998016357422,0
2016-03-23,97.08360290527344,97.08360290527344,97.08360290527344,97.08360290527344,0
2016-03-24,96.17120361328124,96.17120361328124,96.17120361328124,96.17120361328124,0
2016-03-29,97.29910278320312,97.29910278320312,97.29910278320312,97.29910278320312,0
2016-03-30,99.46050262451172,99.46050262451172,99.46050262451172,99.46050262451172,0
2016-03-31,98.89550018310548,98.89550018310548,98.89550018310548,98.89550018310548,0
2016-04-01,97.82129669189452,97.82129669189452,97.82129669189452,97.82129669189452,0
2016-04-04,97.50279998779295,97.50279998779295,97.50279998779295,97.50279998779295,0
2016-04-05,95.95719909667967,95.95719909667967,95.95719909667967,95.95719909667967,0
2016-04-06,96.47450256347656,96.47450256347656,96.47450256347656,96.47450256347656,0
2016-04-07,95.67630004882812,95.67630004882812,95.67630004882812,95.67630004882812,0
2016-04-08,95.5791015625,95.5791015625,95.5791015625,95.5791015625,0
2016-04-11,95.40450286865234,95.40450286865234,95.40450286865234,95.40450286865234,0
2016-04-12,95.77539825439452,95.77539825439452,95.77539825439452,95.77539825439452,0
2016-04-13,97.94090270996094,97.94090270996094,97.94090270996094,97.94090270996094,0
2016-04-14,97.7667007446289,97.7667007446289,97.7667007446289,97.7667007446289,0
2016-04-15,97.66410064697266,97.66410064697266,97.66410064697266,97.66410064697266,0
2016-04-18,97.97799682617188,97.97799682617188,97.97799682617188,97.97799682617188,0
2016-04-19,99.23500061035156,99.23500061035156,99.23500061035156,99.23500061035156,0
2016-04-20,99.46109771728516,99.46109771728516,99.46109771728516,99.46109771728516,0
2016-04-21,98.18340301513672,98.18340301513672,98.18340301513672,98.18340301513672,0
2016-04-22,96.67320251464844,96.67320251464844,96.67320251464844,96.67320251464844,0
2016-04-25,96.4448013305664,96.4448013305664,96.4448013305664,96.4448013305664,0
2016-04-26,96.92019653320312,96.92019653320312,96.92019653320312,96.92019653320312,0
2016-04-27,96.99459838867188,96.99459838867188,96.99459838867188,96.99459838867188,0
2016-04-28,96.54090118408205,96.54090118408205,96.54090118408205,96.54090118408205,0
2016-04-29,95.88680267333984,95.88680267333984,95.88680267333984,95.88680267333984,0
2016-05-03,95.73370361328124,95.73370361328124,95.73370361328124,95.73370361328124,0
2016-05-04,94.63030242919922,94.63030242919922,94.63030242919922,94.63030242919922,0
2016-05-05,93.81659698486328,93.81659698486328,93.81659698486328,93.81659698486328,0
2016-05-06,93.81320190429688,93.81320190429688,93.81320190429688,93.81320190429688,0
2016-05-09,94.1667022705078,94.1667022705078,94.1667022705078,94.1667022705078,0
2016-05-10,95.0707015991211,95.0707015991211,95.0707015991211,95.0707015991211,0
2016-05-11,93.40560150146484,93.40560150146484,93.40560150146484,93.40560150146484,0
2016-05-12,93.12069702148438,93.12069702148438,93.12069702148438,93.12069702148438,0
2016-05-13,92.04399871826172,92.04399871826172,92.04399871826172,92.04399871826172,0
2016-05-16,92.45050048828124,92.45050048828124,92.45050048828124,92.45050048828124,0
2016-05-17,91.88030242919922,91.88030242919922,91.88030242919922,91.88030242919922,0
2016-05-18,91.39080047607422,91.39080047607422,91.39080047607422,91.39080047607422,0
2016-05-19,90.88279724121094,90.88279724121094,90.88279724121094,90.88279724121094,0
2016-05-20,91.43789672851562,91.43789672851562,91.43789672851562,91.43789672851562,0
2016-05-23,90.75150299072266,90.75150299072266,90.75150299072266,90.75150299072266,0
2016-05-24,91.9040985107422,91.9040985107422,91.9040985107422,91.9040985107422,0
2016-05-25,92.42769622802734,92.42769622802734,92.42769622802734,92.42769622802734,0
2016-05-26,92.55249786376952,92.55249786376952,92.55249786376952,92.55249786376952,0
2016-05-27,92.8407974243164,92.8407974243164,92.8407974243164,92.8407974243164,0
2016-05-31,92.6261978149414,92.6261978149414,92.6261978149414,92.6261978149414,0
2016-06-01,92.40609741210938,92.40609741210938,92.40609741210938,92.40609741210938,0
2016-06-02,92.70439910888672,92.70439910888672,92.70439910888672,92.70439910888672,0
2016-06-03,92.70059967041016,92.70059967041016,92.70059967041016,92.70059967041016,0
2016-06-06,93.03679656982422,93.03679656982422,93.03679656982422,93.03679656982422,0
2016-06-07,94.03910064697266,94.03910064697266,94.03910064697266,94.03910064697266,0
2016-06-08,94.35669708251952,94.35669708251952,94.35669708251952,94.35669708251952,0
2016-06-09,93.35700225830078,93.35700225830078,93.35700225830078,93.35700225830078,0
2016-06-10,91.56759643554688,91.56759643554688,91.56759643554688,91.56759643554688,0
2016-06-13,90.28450012207033,90.28450012207033,90.28450012207033,90.28450012207033,0
2016-06-14,88.80909729003906,88.80909729003906,88.80909729003906,88.80909729003906,0
2016-06-15,89.77519989013672,89.77519989013672,89.77519989013672,89.77519989013672,0
2016-06-16,88.97139739990234,88.97139739990234,88.97139739990234,88.97139739990234,0
2016-06-17,89.98280334472656,89.98280334472656,89.98280334472656,89.98280334472656,0
2016-06-20,92.4386978149414,92.4386978149414,92.4386978149414,92.4386978149414,0
2016-06-21,92.48529815673828,92.48529815673828,92.48529815673828,92.48529815673828,0
2016-06-22,92.31739807128906,92.31739807128906,92.31739807128906,92.31739807128906,0
2016-06-23,93.27149963378906,93.27149963378906,93.27149963378906,93.27149963378906,0
2016-06-24,87.55650329589844,87.55650329589844,87.55650329589844,87.55650329589844,0
2016-06-27,84.75599670410156,84.75599670410156,84.75599670410156,84.75599670410156,0
2016-06-28,86.33499908447266,86.33499908447266,86.33499908447266,86.33499908447266,0
2016-06-29,88.34700012207031,88.34700012207031,88.34700012207031,88.34700012207031,0
2016-06-30,89.19110107421875,89.19110107421875,89.19110107421875,89.19110107421875,0
2016-07-01,90.48780059814452,90.48780059814452,90.48780059814452,90.48780059814452,0
2016-07-04,90.4552001953125,90.4552001953125,90.4552001953125,90.4552001953125,0
2016-07-05,88.756103515625,88.756103515625,88.756103515625,88.756103515625,0
2016-07-06,88.3666000366211,88.3666000366211,88.3666000366211,88.3666000366211,0
2016-07-07,89.0186996459961,89.0186996459961,89.0186996459961,89.0186996459961,0
2016-07-08,90.07769775390624,90.07769775390624,90.07769775390624,90.07769775390624,0
2016-07-11,91.43219757080078,91.43219757080078,91.43219757080078,91.43219757080078,0
2016-07-12,93.06109619140624,93.06109619140624,93.06109619140624,93.06109619140624,0
2016-07-13,92.95030212402344,92.95030212402344,92.95030212402344,92.95030212402344,0
2016-07-14,93.4834976196289,93.4834976196289,93.4834976196289,93.4834976196289,0
2016-07-15,92.66999816894533,92.66999816894533,92.66999816894533,92.66999816894533,0
2016-07-18,93.16200256347656,93.16200256347656,93.16200256347656,93.16200256347656,0
2016-07-19,92.19989776611328,92.19989776611328,92.19989776611328,92.19989776611328,0
2016-07-20,93.2614974975586,93.2614974975586,93.2614974975586,93.2614974975586,0
2016-07-21,93.12139892578124,93.12139892578124,93.12139892578124,93.12139892578124,0
2016-07-22,93.11000061035156,93.11000061035156,93.11000061035156,93.11000061035156,0
2016-07-25,93.68350219726562,93.68350219726562,93.68350219726562,93.68350219726562,0
2016-07-26,94.22869873046876,94.22869873046876,94.22869873046876,94.22869873046876,0
2016-07-27,94.86959838867188,94.86959838867188,94.86959838867188,94.86959838867188,0
2016-07-28,95.06510162353516,95.06510162353516,95.06510162353516,95.06510162353516,0
2016-07-29,95.96189880371094,95.96189880371094,95.96189880371094,95.96189880371094,0
2016-08-01,95.63819885253906,95.63819885253906,95.63819885253906,95.63819885253906,0
2016-08-02,94.01419830322266,94.01419830322266,94.01419830322266,94.01419830322266,0
2016-08-03,93.78919982910156,93.78919982910156,93.78919982910156,93.78919982910156,0
2016-08-04,94.29280090332033,94.29280090332033,94.29280090332033,94.29280090332033,0
2016-08-05,95.37629699707033,95.37629699707033,95.37629699707033,95.37629699707033,0
2016-08-08,95.34480285644533,95.34480285644533,95.34480285644533,95.34480285644533,0
2016-08-09,95.68720245361328,95.68720245361328,95.68720245361328,95.68720245361328,0
2016-08-10,95.98090362548828,95.98090362548828,95.98090362548828,95.98090362548828,0
2016-08-11,97.26599884033205,97.26599884033205,97.26599884033205,97.26599884033205,0
2016-08-12,97.53700256347656,97.53700256347656,97.53700256347656,97.53700256347656,0
2016-08-15,98.06719970703124,98.06719970703124,98.06719970703124,98.06719970703124,0
2016-08-16,97.76789855957033,97.76789855957033,97.76789855957033,97.76789855957033,0
2016-08-17,97.37349700927734,97.37349700927734,97.37349700927734,97.37349700927734,0
2016-08-18,98.01280212402344,98.01280212402344,98.01280212402344,98.01280212402344,0
2016-08-19,97.7384033203125,97.7384033203125,97.7384033203125,97.7384033203125,0
2016-08-22,97.49700164794922,97.49700164794922,97.49700164794922,97.49700164794922,0
2016-08-23,98.26799774169922,98.26799774169922,98.26799774169922,98.26799774169922,0
2016-08-24,97.53379821777344,97.53379821777344,97.53379821777344,97.53379821777344,0
2016-08-25,96.8834991455078,96.8834991455078,96.8834991455078,96.8834991455078,0
2016-08-26,96.8105010986328,96.8105010986328,96.8105010986328,96.8105010986328,0
2016-08-30,95.75579833984376,95.75579833984376,95.75579833984376,95.75579833984376,0
2016-08-31,95.02559661865234,95.02559661865234,95.02559661865234,95.02559661865234,0
2016-09-01,95.90049743652344,95.90049743652344,95.90049743652344,95.90049743652344,0
2016-09-02,96.37149810791016,96.37149810791016,96.37149810791016,96.37149810791016,0
2016-09-05,96.28700256347656,96.28700256347656,96.28700256347656,96.28700256347656,0
2016-09-06,96.67160034179688,96.67160034179688,96.67160034179688,96.67160034179688,0
2016-09-07,97.14800262451172,97.14800262451172,97.14800262451172,97.14800262451172,0
2016-09-08,96.53179931640624,96.53179931640624,96.53179931640624,96.53179931640624,0
2016-09-09,95.0779037475586,95.0779037475586,95.0779037475586,95.0779037475586,0
2016-09-12,95.28119659423828,95.28119659423828,95.28119659423828,95.28119659423828,0
2016-09-13,94.70670318603516,94.70670318603516,94.70670318603516,94.70670318603516,0
2016-09-14,94.18080139160156,94.18080139160156,94.18080139160156,94.18080139160156,0
2016-09-15,94.81439971923828,94.81439971923828,94.81439971923828,94.81439971923828,0
2016-09-16,94.06379699707033,94.06379699707033,94.06379699707033,94.06379699707033,0
2016-09-19,94.64289855957033,94.64289855957033,94.64289855957033,94.64289855957033,0
2016-09-20,94.72550201416016,94.72550201416016,94.72550201416016,94.72550201416016,0
2016-09-21,95.2344970703125,95.2344970703125,95.2344970703125,95.2344970703125,0
2016-09-22,97.0896987915039,97.0896987915039,97.0896987915039,97.0896987915039,0
2016-09-23,96.8729019165039,96.8729019165039,96.8729019165039,96.8729019165039,0
2016-09-26,95.77439880371094,95.77439880371094,95.77439880371094,95.77439880371094,0
2016-09-27,96.0010986328125,96.0010986328125,96.0010986328125,96.0010986328125,0
2016-09-28,95.83889770507812,95.83889770507812,95.83889770507812,95.83889770507812,0
2016-09-29,95.3718032836914,95.3718032836914,95.3718032836914,95.3718032836914,0
2016-09-30,95.88909912109376,95.88909912109376,95.88909912109376,95.88909912109376,0
2016-10-03,96.1041030883789,96.1041030883789,96.1041030883789,96.1041030883789,0
2016-10-04,96.66570281982422,96.66570281982422,96.66570281982422,96.66570281982422,0
2016-10-05,96.57559967041016,96.57559967041016,96.57559967041016,96.57559967041016,0
2016-10-06,96.1865005493164,96.1865005493164,96.1865005493164,96.1865005493164,0
2016-10-07,95.48190307617188,95.48190307617188,95.48190307617188,95.48190307617188,0
2016-10-10,96.0342025756836,96.0342025756836,96.0342025756836,96.0342025756836,0
2016-10-11,95.84020233154295,95.84020233154295,95.84020233154295,95.84020233154295,0
2016-10-12,95.55130004882812,95.55130004882812,95.55130004882812,95.55130004882812,0
2016-10-13,95.1050033569336,95.1050033569336,95.1050033569336,95.1050033569336,0
2016-10-14,95.35009765625,95.35009765625,95.35009765625,95.35009765625,0
2016-10-17,94.34549713134766,94.34549713134766,94.34549713134766,94.34549713134766,0
2016-10-18,95.19039916992188,95.19039916992188,95.19039916992188,95.19039916992188,0
2016-10-19,96.11150360107422,96.11150360107422,96.11150360107422,96.11150360107422,0
2016-10-20,96.03140258789062,96.03140258789062,96.03140258789062,96.03140258789062,0
2016-10-21,95.3563003540039,95.3563003540039,95.3563003540039,95.3563003540039,0
2016-10-24,95.7761001586914,95.7761001586914,95.7761001586914,95.7761001586914,0
2016-10-25,95.28289794921876,95.28289794921876,95.28289794921876,95.28289794921876,0
2016-10-26,96.05380249023438,96.05380249023438,96.05380249023438,96.05380249023438,0
2016-10-27,95.6239013671875,95.6239013671875,95.6239013671875,95.6239013671875,0
2016-10-28,96.0000991821289,96.0000991821289,96.0000991821289,96.0000991821289,0
2016-10-31,95.69960021972656,95.69960021972656,95.69960021972656,95.69960021972656,0
2016-11-01,95.48880004882812,95.48880004882812,95.48880004882812,95.48880004882812,0
2016-11-02,94.55120086669922,94.55120086669922,94.55120086669922,94.55120086669922,0
2016-11-03,94.00440216064452,94.00440216064452,94.00440216064452,94.00440216064452,0
2016-11-04,94.50299835205078,94.50299835205078,94.50299835205078,94.50299835205078,0
2016-11-07,95.74929809570312,95.74929809570312,95.74929809570312,95.74929809570312,0
2016-11-08,96.20590209960938,96.20590209960938,96.20590209960938,96.20590209960938,0
2016-11-09,95.57029724121094,95.57029724121094,95.57029724121094,95.57029724121094,0
2016-11-10,95.2594985961914,95.2594985961914,95.2594985961914,95.2594985961914,0
2016-11-11,95.51329803466795,95.51329803466795,95.51329803466795,95.51329803466795,0
2016-11-14,95.00890350341795,95.00890350341795,95.00890350341795,95.00890350341795,0
2016-11-15,95.29199981689452,95.29199981689452,95.29199981689452,95.29199981689452,0
2016-11-16,94.76799774169922,94.76799774169922,94.76799774169922,94.76799774169922,0
2016-11-17,96.10790252685548,96.10790252685548,96.10790252685548,96.10790252685548,0
2016-11-18,95.4397964477539,95.4397964477539,95.4397964477539,95.4397964477539,0
2016-11-21,96.23259735107422,96.23259735107422,96.23259735107422,96.23259735107422,0
2016-11-22,96.52749633789062,96.52749633789062,96.52749633789062,96.52749633789062,0
2016-11-23,96.1333999633789,96.1333999633789,96.1333999633789,96.1333999633789,0
2016-11-24,96.47679901123048,96.47679901123048,96.47679901123048,96.47679901123048,0
2016-11-25,96.99520111083984,96.99520111083984,96.99520111083984,96.99520111083984,0
2016-11-28,96.29399871826172,96.29399871826172,96.29399871826172,96.29399871826172,0
2016-11-29,96.6675033569336,96.6675033569336,96.6675033569336,96.6675033569336,0
2016-11-30,96.19339752197266,96.19339752197266,96.19339752197266,96.19339752197266,0
2016-12-01,95.57990264892578,95.57990264892578,95.57990264892578,95.57990264892578,0
2016-12-02,95.22940063476562,95.22940063476562,95.22940063476562,95.22940063476562,0
2016-12-05,97.01229858398438,97.01229858398438,97.01229858398438,97.01229858398438,0
2016-12-06,97.45059967041016,97.45059967041016,97.45059967041016,97.45059967041016,0
2016-12-07,99.17729949951172,99.17729949951172,99.17729949951172,99.17729949951172,0
2016-12-08,98.87239837646484,98.87239837646484,98.87239837646484,98.87239837646484,0
2016-12-09,98.34140014648438,98.34140014648438,98.34140014648438,98.34140014648438,0
2016-12-12,97.97779846191406,97.97779846191406,97.97779846191406,97.97779846191406,0
2016-12-13,99.04440307617188,99.04440307617188,99.04440307617188,99.04440307617188,0
2016-12-14,98.51519775390624,98.51519775390624,98.51519775390624,98.51519775390624,0
2016-12-15,96.92130279541016,96.92130279541016,96.92130279541016,96.92130279541016,0
2016-12-16,96.8656005859375,96.8656005859375,96.8656005859375,96.8656005859375,0
2016-12-19,96.89640045166016,96.89640045166016,96.89640045166016,96.89640045166016,0
2016-12-20,97.11489868164062,97.11489868164062,97.11489868164062,97.11489868164062,0
2016-12-21,97.47730255126952,97.47730255126952,97.47730255126952,97.47730255126952,0
2016-12-22,96.89710235595705,96.89710235595705,96.89710235595705,96.89710235595705,0
2016-12-23,96.939697265625,96.939697265625,96.939697265625,96.939697265625,0
2016-12-28,96.7490005493164,96.7490005493164,96.7490005493164,96.7490005493164,0
2016-12-29,96.83769989013672,96.83769989013672,96.83769989013672,96.83769989013672,0
2016-12-30,97.25700378417967,97.25700378417967,97.25700378417967,97.25700378417967,0
2017-01-03,97.0978012084961,97.0978012084961,97.0978012084961,97.0978012084961,0
2017-01-04,98.12550354003906,98.12550354003906,98.12550354003906,98.12550354003906,0
2017-01-05,98.529296875,98.529296875,98.529296875,98.529296875,0
2017-01-06,98.73680114746094,98.73680114746094,98.73680114746094,98.73680114746094,0
2017-01-09,98.70179748535156,98.70179748535156,98.70179748535156,98.70179748535156,0
2017-01-10,99.50469970703124,99.50469970703124,99.50469970703124,99.50469970703124,0
2017-01-11,99.22550201416016,99.22550201416016,99.22550201416016,99.22550201416016,0
2017-01-12,100.17230224609376,100.17230224609376,100.17230224609376,100.17230224609376,0
2017-01-13,100.6697006225586,100.6697006225586,100.6697006225586,100.6697006225586,0
2017-01-16,100.28700256347656,100.28700256347656,100.28700256347656,100.28700256347656,0
2017-01-17,100.72579956054688,100.72579956054688,100.72579956054688,100.72579956054688,0
2017-01-18,101.05490112304688,101.05490112304688,101.05490112304688,101.05490112304688,0
2017-01-19,100.72550201416016,100.72550201416016,100.72550201416016,100.72550201416016,0
2017-01-20,101.10230255126952,101.10230255126952,101.10230255126952,101.10230255126952,0
2017-01-23,101.56590270996094,101.56590270996094,101.56590270996094,101.56590270996094,0
2017-01-24,102.4456024169922,102.4456024169922,102.4456024169922,102.4456024169922,0
2017-01-25,103.3770980834961,103.3770980834961,103.3770980834961,103.3770980834961,0
2017-01-26,102.93810272216795,102.93810272216795,102.93810272216795,102.93810272216795,0
2017-01-27,102.49569702148438,102.49569702148438,102.49569702148438,102.49569702148438,0
2017-01-30,101.58170318603516,101.58170318603516,101.58170318603516,101.58170318603516,0
2017-01-31,101.8560028076172,101.8560028076172,101.8560028076172,101.8560028076172,0
2017-02-01,101.39779663085938,101.39779663085938,101.39779663085938,101.39779663085938,0
2017-02-02,101.11620330810548,101.11620330810548,101.11620330810548,101.11620330810548,0
2017-02-03,101.0478973388672,101.0478973388672,101.0478973388672,101.0478973388672,0
2017-02-06,100.372802734375,100.372802734375,100.372802734375,100.372802734375,0
2017-02-07,99.88590240478516,99.88590240478516,99.88590240478516,99.88590240478516,0
2017-02-08,100.25890350341795,100.25890350341795,100.25890350341795,100.25890350341795,0
2017-02-09,101.02069854736328,101.02069854736328,101.02069854736328,101.02069854736328,0
2017-02-10,101.2957992553711,101.2957992553711,101.2957992553711,101.2957992553711,0
2017-02-13,101.9845962524414,101.9845962524414,101.9845962524414,101.9845962524414,0
2017-02-14,101.99659729003906,101.99659729003906,101.99659729003906,101.99659729003906,0
2017-02-15,102.14409637451172,102.14409637451172,102.14409637451172,102.14409637451172,0
2017-02-16,102.13970184326172,102.13970184326172,102.13970184326172,102.13970184326172,0
2017-02-17,101.87359619140624,101.87359619140624,101.87359619140624,101.87359619140624,0
2017-02-20,102.11109924316406,102.11109924316406,102.11109924316406,102.11109924316406,0
2017-02-21,102.381103515625,102.381103515625,102.381103515625,102.381103515625,0
2017-02-22,102.9207992553711,102.9207992553711,102.9207992553711,102.9207992553711,0
2017-02-23,102.77050018310548,102.77050018310548,102.77050018310548,102.77050018310548,0
2017-02-24,102.50859832763672,102.50859832763672,102.50859832763672,102.50859832763672,0
2017-02-27,102.65280151367188,102.65280151367188,102.65280151367188,102.65280151367188,0
2017-02-28,102.2437973022461,102.2437973022461,102.2437973022461,102.2437973022461,0
2017-03-01,103.54840087890624,103.54840087890624,103.54840087890624,103.54840087890624,0
2017-03-02,103.2074966430664,103.2074966430664,103.2074966430664,103.2074966430664,0
2017-03-03,102.62079620361328,102.62079620361328,102.62079620361328,102.62079620361328,0
2017-03-06,102.5208969116211,102.5208969116211,102.5208969116211,102.5208969116211,0
2017-03-07,102.17669677734376,102.17669677734376,102.17669677734376,102.17669677734376,0
2017-03-08,102.42440032958984,102.42440032958984,102.42440032958984,102.42440032958984,0
2017-03-09,102.34819793701172,102.34819793701172,102.34819793701172,102.34819793701172,0
2017-03-10,103.21869659423828,103.21869659423828,103.21869659423828,103.21869659423828,0
2017-03-13,103.8289031982422,103.8289031982422,103.8289031982422,103.8289031982422,0
2017-03-14,104.06320190429688,104.06320190429688,104.06320190429688,104.06320190429688,0
2017-03-15,104.35350036621094,104.35350036621094,104.35350036621094,104.35350036621094,0
2017-03-16,105.58930206298828,105.58930206298828,105.58930206298828,105.58930206298828,0
2017-03-17,106.03500366210938,106.03500366210938,106.03500366210938,106.03500366210938,0
2017-03-20,106.09919738769533,106.09919738769533,106.09919738769533,106.09919738769533,0
2017-03-21,105.45449829101562,105.45449829101562,105.45449829101562,105.45449829101562,0
2017-03-22,104.96199798583984,104.96199798583984,104.96199798583984,104.96199798583984,0
2017-03-23,105.76380157470705,105.76380157470705,105.76380157470705,105.76380157470705,0
2017-03-24,106.13970184326172,106.13970184326172,106.13970184326172,106.13970184326172,0
2017-03-27,106.63040161132812,106.63040161132812,106.63040161132812,106.63040161132812,0
2017-03-28,107.61599731445312,107.61599731445312,107.61599731445312,107.61599731445312,0
2017-03-29,107.54090118408205,107.54090118408205,107.54090118408205,107.54090118408205,0
2017-03-30,107.38690185546876,107.38690185546876,107.38690185546876,107.38690185546876,0
2017-03-31,107.1865005493164,107.1865005493164,107.1865005493164,107.1865005493164,0
2017-04-03,106.96600341796876,106.96600341796876,106.96600341796876,106.96600341796876,0
2017-04-04,106.76229858398438,106.76229858398438,106.76229858398438,106.76229858398438,0
2017-04-05,106.28040313720705,106.28040313720705,106.28040313720705,106.28040313720705,0
2017-04-06,106.74970245361328,106.74970245361328,106.74970245361328,106.74970245361328,0
2017-04-07,106.64920043945312,106.64920043945312,106.64920043945312,106.64920043945312,0
2017-04-10,106.73500061035156,106.73500061035156,106.73500061035156,106.73500061035156,0
2017-04-11,106.9625015258789,106.9625015258789,106.9625015258789,106.9625015258789,0
2017-04-12,107.04329681396484,107.04329681396484,107.04329681396484,107.04329681396484,0
2017-04-13,106.91690063476562,106.91690063476562,106.91690063476562,106.91690063476562,0
2017-04-18,106.9437026977539,106.9437026977539,106.9437026977539,106.9437026977539,0
2017-04-19,106.8988037109375,106.8988037109375,106.8988037109375,106.8988037109375,0
2017-04-20,107.89099884033205,107.89099884033205,107.89099884033205,107.89099884033205,0
2017-04-21,107.3489990234375,107.3489990234375,107.3489990234375,107.3489990234375,0
2017-04-24,109.35060119628906,109.35060119628906,109.35060119628906,109.35060119628906,0
2017-04-25,110.85479736328124,110.85479736328124,110.85479736328124,110.85479736328124,0
2017-04-26,111.89869689941406,111.89869689941406,111.89869689941406,111.89869689941406,0
2017-04-27,111.77760314941406,111.77760314941406,111.77760314941406,111.77760314941406,0
2017-04-28,111.74639892578124,111.74639892578124,111.74639892578124,111.74639892578124,0
2017-05-02,112.31890106201172,112.31890106201172,112.31890106201172,112.31890106201172,0
2017-05-03,112.28060150146484,112.28060150146484,112.28060150146484,112.28060150146484,0
2017-05-04,112.83399963378906,112.83399963378906,112.83399963378906,112.83399963378906,0
2017-05-05,113.64340209960938,113.64340209960938,113.64340209960938,113.64340209960938,0
2017-05-08,113.1708984375,113.1708984375,113.1708984375,113.1708984375,0
2017-05-09,113.87120056152344,113.87120056152344,113.87120056152344,113.87120056152344,0
2017-05-10,113.83080291748048,113.83080291748048,113.83080291748048,113.83080291748048,0
2017-05-11,113.53980255126952,113.53980255126952,113.53980255126952,113.53980255126952,0
2017-05-12,113.13899993896484,113.13899993896484,113.13899993896484,113.13899993896484,0
2017-05-15,113.36599731445312,113.36599731445312,113.36599731445312,113.36599731445312,0
2017-05-16,113.71549987792967,113.71549987792967,113.71549987792967,113.71549987792967,0
2017-05-17,112.4730987548828,112.4730987548828,112.4730987548828,112.4730987548828,0
2017-05-18,112.37210083007812,112.37210083007812,112.37210083007812,112.37210083007812,0
2017-05-19,113.206298828125,113.206298828125,113.206298828125,113.206298828125,0
2017-05-22,114.03019714355467,114.03019714355467,114.03019714355467,114.03019714355467,0
2017-05-23,113.81320190429688,113.81320190429688,113.81320190429688,113.81320190429688,0
2017-05-24,113.3386001586914,113.3386001586914,113.3386001586914,113.3386001586914,0
2017-05-25,113.80370330810548,113.80370330810548,113.80370330810548,113.80370330810548,0
2017-05-26,113.76229858398438,113.76229858398438,113.76229858398438,113.76229858398438,0
2017-05-30,113.92489624023438,113.92489624023438,113.92489624023438,113.92489624023438,0
2017-05-31,114.49089813232422,114.49089813232422,114.49089813232422,114.49089813232422,0
2017-06-01,115.37789916992188,115.37789916992188,115.37789916992188,115.37789916992188,0
2017-06-02,116.50489807128906,116.50489807128906,116.50489807128906,116.50489807128906,0
2017-06-05,116.32720184326172,116.32720184326172,116.32720184326172,116.32720184326172,0
2017-06-06,115.5291976928711,115.5291976928711,115.5291976928711,115.5291976928711,0
2017-06-07,115.89230346679688,115.89230346679688,115.89230346679688,115.89230346679688,0
2017-06-08,115.77210235595705,115.77210235595705,115.77210235595705,115.77210235595705,0
2017-06-09,115.55599975585938,115.55599975585938,115.55599975585938,115.55599975585938,0
2017-06-12,115.3052978515625,115.3052978515625,115.3052978515625,115.3052978515625,0
2017-06-13,116.48580169677734,116.48580169677734,116.48580169677734,116.48580169677734,0
2017-06-14,117.118896484375,117.118896484375,117.118896484375,117.118896484375,0
2017-06-15,115.8031997680664,115.8031997680664,115.8031997680664,115.8031997680664,0
2017-06-16,116.2509994506836,116.2509994506836,116.2509994506836,116.2509994506836,0
2017-06-19,117.22149658203124,117.22149658203124,117.22149658203124,117.22149658203124,0
2017-06-20,116.4893035888672,116.4893035888672,116.4893035888672,116.4893035888672,0
2017-06-21,116.69660186767578,116.69660186767578,116.69660186767578,116.69660186767578,0
2017-06-22,116.76719665527344,116.76719665527344,116.76719665527344,116.76719665527344,0
2017-06-23,116.9302978515625,116.9302978515625,116.9302978515625,116.9302978515625,0
2017-06-26,117.10389709472656,117.10389709472656,117.10389709472656,117.10389709472656,0
2017-06-27,116.68499755859376,116.68499755859376,116.68499755859376,116.68499755859376,0
2017-06-28,117.11389923095705,117.11389923095705,117.11389923095705,117.11389923095705,0
2017-06-29,115.82859802246094,115.82859802246094,115.82859802246094,115.82859802246094,0
2017-06-30,116.40799713134766,116.40799713134766,116.40799713134766,116.40799713134766,0
2017-07-03,116.28579711914062,116.28579711914062,116.28579711914062,116.28579711914062,0
2017-07-04,115.74649810791016,115.74649810791016,115.74649810791016,115.74649810791016,0
2017-07-05,115.26139831542967,115.26139831542967,115.26139831542967,115.26139831542967,0
2017-07-06,114.17230224609376,114.17230224609376,114.17230224609376,114.17230224609376,0
2017-07-07,114.28289794921876,114.28289794921876,114.28289794921876,114.28289794921876,0
2017-07-10,114.50240325927734,114.50240325927734,114.50240325927734,114.50240325927734,0
2017-07-11,114.22889709472656,114.22889709472656,114.22889709472656,114.22889709472656,0
2017-07-12,115.3292007446289,115.3292007446289,115.3292007446289,115.3292007446289,0
2017-07-13,115.52310180664062,115.52310180664062,115.52310180664062,115.52310180664062,0
2017-07-14,116.01820373535156,116.01820373535156,116.01820373535156,116.01820373535156,0
2017-07-17,116.3373031616211,116.3373031616211,116.3373031616211,116.3373031616211,0
2017-07-18,116.42530059814452,116.42530059814452,116.42530059814452,116.42530059814452,0
2017-07-19,116.845703125,116.845703125,116.845703125,116.845703125,0
2017-07-20,117.76360321044922,117.76360321044922,117.76360321044922,117.76360321044922,0
2017-07-21,117.45169830322266,117.45169830322266,117.45169830322266,117.45169830322266,0
2017-07-24,117.04509735107422,117.04509735107422,117.04509735107422,117.04509735107422,0
2017-07-25,117.49330139160156,117.49330139160156,117.49330139160156,117.49330139160156,0
2017-07-26,117.06680297851562,117.06680297851562,117.06680297851562,117.06680297851562,0
2017-07-27,117.75599670410156,117.75599670410156,117.75599670410156,117.75599670410156,0
2017-07-28,117.84940338134766,117.84940338134766,117.84940338134766,117.84940338134766,0
2017-07-31,117.73090362548828,117.73090362548828,117.73090362548828,117.73090362548828,0
2017-08-01,118.48729705810548,118.48729705810548,118.48729705810548,118.48729705810548,0
2017-08-02,118.3520965576172,118.3520965576172,118.3520965576172,118.3520965576172,0
2017-08-03,119.32730102539062,119.32730102539062,119.32730102539062,119.32730102539062,0
2017-08-04,119.90380096435548,119.90380096435548,119.90380096435548,119.90380096435548,0
2017-08-07,120.26010131835938,120.26010131835938,120.26010131835938,120.26010131835938,0
2017-08-08,120.44229888916016,120.44229888916016,120.44229888916016,120.44229888916016,0
2017-08-09,119.90440368652344,119.90440368652344,119.90440368652344,119.90440368652344,0
2017-08-10,118.89849853515624,118.89849853515624,118.89849853515624,118.89849853515624,0
2017-08-11,118.47530364990234,118.47530364990234,118.47530364990234,118.47530364990234,0
2017-08-14,119.82369995117188,119.82369995117188,119.82369995117188,119.82369995117188,0
2017-08-15,119.20259857177734,119.20259857177734,119.20259857177734,119.20259857177734,0
2017-08-16,119.8856964111328,119.8856964111328,119.8856964111328,119.8856964111328,0
2017-08-17,119.25050354003906,119.25050354003906,119.25050354003906,119.25050354003906,0
2017-08-18,118.4093017578125,118.4093017578125,118.4093017578125,118.4093017578125,0
2017-08-21,118.39669799804688,118.39669799804688,118.39669799804688,118.39669799804688,0
2017-08-22,118.96019744873048,118.96019744873048,118.96019744873048,118.96019744873048,0
2017-08-23,118.90679931640624,118.90679931640624,118.90679931640624,118.90679931640624,0
2017-08-24,119.49109649658205,119.49109649658205,119.49109649658205,119.49109649658205,0
2017-08-25,119.8915023803711,119.8915023803711,119.8915023803711,119.8915023803711,0
2017-08-29,119.80049896240234,119.80049896240234,119.80049896240234,119.80049896240234,0
2017-08-30,119.88670349121094,119.88670349121094,119.88670349121094,119.88670349121094,0
2017-08-31,120.58589935302734,120.58589935302734,120.58589935302734,120.58589935302734,0
2017-09-01,121.4845962524414,121.4845962524414,121.4845962524414,121.4845962524414,0
2017-09-04,121.35269927978516,121.35269927978516,121.35269927978516,121.35269927978516,0
2017-09-05,121.0081024169922,121.0081024169922,121.0081024169922,121.0081024169922,0
2017-09-06,121.4813003540039,121.4813003540039,121.4813003540039,121.4813003540039,0
2017-09-07,122.18370056152344,122.18370056152344,122.18370056152344,122.18370056152344,0
2017-09-08,122.2228012084961,122.2228012084961,122.2228012084961,122.2228012084961,0
2017-09-11,123.47450256347656,123.47450256347656,123.47450256347656,123.47450256347656,0
2017-09-12,123.90059661865234,123.90059661865234,123.90059661865234,123.90059661865234,0
2017-09-13,123.98380279541016,123.98380279541016,123.98380279541016,123.98380279541016,0
2017-09-14,123.53040313720705,123.53040313720705,123.53040313720705,123.53040313720705,0
2017-09-15,123.82939910888672,123.82939910888672,123.82939910888672,123.82939910888672,0
2017-09-18,124.06400299072266,124.06400299072266,124.06400299072266,124.06400299072266,0
2017-09-19,123.96219635009766,123.96219635009766,123.96219635009766,123.96219635009766,0
2017-09-20,123.58180236816406,123.58180236816406,123.58180236816406,123.58180236816406,0
2017-09-21,123.10759735107422,123.10759735107422,123.10759735107422,123.10759735107422,0
2017-09-22,123.11710357666016,123.11710357666016,123.11710357666016,123.11710357666016,0
2017-09-25,122.29239654541016,122.29239654541016,122.29239654541016,122.29239654541016,0
2017-09-26,122.33360290527344,122.33360290527344,122.33360290527344,122.33360290527344,0
2017-09-27,122.10900115966795,122.10900115966795,122.10900115966795,122.10900115966795,0
2017-09-28,122.51210021972656,122.51210021972656,122.51210021972656,122.51210021972656,0
2017-09-29,123.44869995117188,123.44869995117188,123.44869995117188,123.44869995117188,0
2017-10-02,123.2854995727539,123.2854995727539,123.2854995727539,123.2854995727539,0
2017-10-03,123.70230102539062,123.70230102539062,123.70230102539062,123.70230102539062,0
2017-10-04,124.65499877929688,124.65499877929688,124.65499877929688,124.65499877929688,0
2017-10-05,124.52159881591795,124.52159881591795,124.52159881591795,124.52159881591795,0
2017-10-06,124.14749908447266,124.14749908447266,124.14749908447266,124.14749908447266,0
2017-10-09,123.85150146484376,123.85150146484376,123.85150146484376,123.85150146484376,0
2017-10-10,125.06439971923828,125.06439971923828,125.06439971923828,125.06439971923828,0
2017-10-11,125.0696029663086,125.0696029663086,125.0696029663086,125.0696029663086,0
2017-10-12,125.11609649658205,125.11609649658205,125.11609649658205,125.11609649658205,0
2017-10-13,125.44660186767578,125.44660186767578,125.44660186767578,125.44660186767578,0
2017-10-16,125.39530181884766,125.39530181884766,125.39530181884766,125.39530181884766,0
2017-10-17,125.12580108642578,125.12580108642578,125.12580108642578,125.12580108642578,0
2017-10-18,125.6865005493164,125.6865005493164,125.6865005493164,125.6865005493164,0
2017-10-19,125.59020233154295,125.59020233154295,125.59020233154295,125.59020233154295,0
2017-10-20,125.42639923095705,125.42639923095705,125.42639923095705,125.42639923095705,0
2017-10-23,125.68990325927734,125.68990325927734,125.68990325927734,125.68990325927734,0
2017-10-24,126.11849975585938,126.11849975585938,126.11849975585938,126.11849975585938,0
2017-10-25,126.77570343017578,126.77570343017578,126.77570343017578,126.77570343017578,0
2017-10-26,127.32839965820312,127.32839965820312,127.32839965820312,127.32839965820312,0
2017-10-27,127.25160217285156,127.25160217285156,127.25160217285156,127.25160217285156,0
2017-10-30,127.3134994506836,127.3134994506836,127.3134994506836,127.3134994506836,0
2017-10-31,128.06129455566406,128.06129455566406,128.06129455566406,128.06129455566406,0
2017-11-01,128.46029663085938,128.46029663085938,128.46029663085938,128.46029663085938,0
2017-11-02,128.07919311523438,128.07919311523438,128.07919311523438,128.07919311523438,0
2017-11-03,128.42869567871094,128.42869567871094,128.42869567871094,128.42869567871094,0
2017-11-06,128.58700561523438,128.58700561523438,128.58700561523438,128.58700561523438,0
2017-11-07,128.02239990234375,128.02239990234375,128.02239990234375,128.02239990234375,0
2017-11-08,128.26199340820312,128.26199340820312,128.26199340820312,128.26199340820312,0
2017-11-09,127.73490142822266,127.73490142822266,127.73490142822266,127.73490142822266,0
2017-11-10,127.55699920654295,127.55699920654295,127.55699920654295,127.55699920654295,0
2017-11-13,127.56759643554688,127.56759643554688,127.56759643554688,127.56759643554688,0
2017-11-14,127.7334976196289,127.7334976196289,127.7334976196289,127.7334976196289,0
2017-11-15,127.37079620361328,127.37079620361328,127.37079620361328,127.37079620361328,0
2017-11-16,128.24119567871094,128.24119567871094,128.24119567871094,128.24119567871094,0
2017-11-17,128.7812042236328,128.7812042236328,128.7812042236328,128.7812042236328,0
2017-11-20,129.60400390625,129.60400390625,129.60400390625,129.60400390625,0
2017-11-21,130.25160217285156,130.25160217285156,130.25160217285156,130.25160217285156,0
2017-11-22,130.1190948486328,130.1190948486328,130.1190948486328,130.1190948486328,0
2017-11-23,130.58200073242188,130.58200073242188,130.58200073242188,130.58200073242188,0
2017-11-24,131.1999969482422,131.1999969482422,131.1999969482422,131.1999969482422,0
2017-11-27,130.76449584960938,130.76449584960938,130.76449584960938,130.76449584960938,0
2017-11-28,130.6959991455078,130.6959991455078,130.6959991455078,130.6959991455078,0
2017-11-29,130.4597930908203,130.4597930908203,130.4597930908203,130.4597930908203,0
2017-11-30,130.58810424804688,130.58810424804688,130.58810424804688,130.58810424804688,0
2017-12-01,130.0045928955078,130.0045928955078,130.0045928955078,130.0045928955078,0
2017-12-04,130.80389404296875,130.80389404296875,130.80389404296875,130.80389404296875,0
2017-12-05,130.5894012451172,130.5894012451172,130.5894012451172,130.5894012451172,0
2017-12-06,130.58920288085938,130.58920288085938,130.58920288085938,130.58920288085938,0
2017-12-07,131.0706024169922,131.0706024169922,131.0706024169922,131.0706024169922,0
2017-12-08,131.8677978515625,131.8677978515625,131.8677978515625,131.8677978515625,0
2017-12-11,132.48599243164062,132.48599243164062,132.48599243164062,132.48599243164062,0
2017-12-12,132.05979919433594,132.05979919433594,132.05979919433594,132.05979919433594,0
2017-12-13,133.0323944091797,133.0323944091797,133.0323944091797,133.0323944091797,0
2017-12-14,132.95599365234375,132.95599365234375,132.95599365234375,132.95599365234375,0
2017-12-15,133.45440673828125,133.45440673828125,133.45440673828125,133.45440673828125,0
2017-12-18,135.08050537109375,135.08050537109375,135.08050537109375,135.08050537109375,0
2017-12-19,134.5469970703125,134.5469970703125,134.5469970703125,134.5469970703125,0
2017-12-20,134.32130432128906,134.32130432128906,134.32130432128906,134.32130432128906,0
2017-12-21,134.9293975830078,134.9293975830078,134.9293975830078,134.9293975830078,0
2017-12-22,134.20460510253906,134.20460510253906,134.20460510253906,134.20460510253906,0
2017-12-27,134.773193359375,134.773193359375,134.773193359375,134.773193359375,0
2017-12-28,134.8739013671875,134.8739013671875,134.8739013671875,134.8739013671875,0
2017-12-29,134.86239624023438,134.86239624023438,134.86239624023438,134.86239624023438,0
2018-01-02,134.76669311523438,134.76669311523438,134.76669311523438,134.76669311523438,0
2018-01-03,135.1219024658203,135.1219024658203,135.1219024658203,135.1219024658203,0
2018-01-04,135.7760009765625,135.7760009765625,135.7760009765625,135.7760009765625,0
2018-01-05,136.14649963378906,136.14649963378906,136.14649963378906,136.14649963378906,0
2018-01-08,136.58859252929688,136.58859252929688,136.58859252929688,136.58859252929688,0
2018-01-09,136.8397979736328,136.8397979736328,136.8397979736328,136.8397979736328,0
2018-01-10,136.62620544433594,136.62620544433594,136.62620544433594,136.62620544433594,0
2018-01-11,136.99209594726562,136.99209594726562,136.99209594726562,136.99209594726562,0
2018-01-12,138.1383056640625,138.1383056640625,138.1383056640625,138.1383056640625,0
2018-01-15,138.92860412597656,138.92860412597656,138.92860412597656,138.92860412597656,0
2018-01-16,138.83299255371094,138.83299255371094,138.83299255371094,138.83299255371094,0
2018-01-17,139.81239318847656,139.81239318847656,139.81239318847656,139.81239318847656,0
2018-01-18,139.60830688476562,139.60830688476562,139.60830688476562,139.60830688476562,0
2018-01-19,141.279296875,141.279296875,141.279296875,141.279296875,0
2018-01-22,142.210693359375,142.210693359375,142.210693359375,142.210693359375,0
2018-01-23,143.2825927734375,143.2825927734375,143.2825927734375,143.2825927734375,0
2018-01-24,143.4185028076172,143.4185028076172,143.4185028076172,143.4185028076172,0
2018-01-25,143.0355987548828,143.0355987548828,143.0355987548828,143.0355987548828,0
2018-01-26,144.0388946533203,144.0388946533203,144.0388946533203,144.0388946533203,0
2018-01-29,143.0832061767578,143.0832061767578,143.0832061767578,143.0832061767578,0
2018-01-30,142.59519958496094,142.59519958496094,142.59519958496094,142.59519958496094,0
2018-01-31,142.88819885253906,142.88819885253906,142.88819885253906,142.88819885253906,0
2018-02-01,142.78469848632812,142.78469848632812,142.78469848632812,142.78469848632812,0
2018-02-02,140.53689575195312,140.53689575195312,140.53689575195312,140.53689575195312,0
2018-02-05,137.4783935546875,137.4783935546875,137.4783935546875,137.4783935546875,0
2018-02-06,135.0800018310547,135.0800018310547,135.0800018310547,135.0500030517578,183
2018-02-07,135.0500030517578,135.0500030517578,135.0500030517578,135.0500030517578,0
2018-02-08,135.0500030517578,135.0500030517578,135.0500030517578,135.0500030517578,0
2018-02-09,135.0500030517578,135.0500030517578,135.0500030517578,135.0500030517578,0
2018-02-12,135.0500030517578,135.0500030517578,135.0500030517578,135.0500030517578,0
2018-02-13,136.97999572753906,136.97999572753906,136.97999572753906,136.61000061035156,63
2018-02-14,136.61000061035156,136.61000061035156,136.61000061035156,136.61000061035156,0
2018-02-15,136.61000061035156,136.61000061035156,136.61000061035156,136.61000061035156,0
2018-02-16,136.61000061035156,136.61000061035156,136.61000061035156,136.61000061035156,0
2018-02-19,136.61000061035156,136.61000061035156,136.61000061035156,136.61000061035156,0
2018-02-20,136.61000061035156,136.61000061035156,136.61000061035156,136.61000061035156,0
2018-02-21,136.61000061035156,136.61000061035156,136.61000061035156,136.61000061035156,0
2018-02-22,136.61000061035156,136.61000061035156,136.61000061035156,136.61000061035156,0
2018-02-23,136.61000061035156,136.61000061035156,136.61000061035156,136.61000061035156,0
2018-02-26,136.61000061035156,136.61000061035156,136.61000061035156,136.61000061035156,0
2018-02-27,136.61000061035156,136.61000061035156,136.61000061035156,136.61000061035156,0
2018-02-28,136.61000061035156,136.61000061035156,136.61000061035156,136.61000061035156,0
2018-03-01,137.10000610351562,137.10000610351562,137.10000610351562,135.77000427246094,43
2018-03-02,135.77000427246094,135.77000427246094,135.77000427246094,135.77000427246094,0
2018-03-05,135.77000427246094,135.77000427246094,135.77000427246094,135.77000427246094,0
2018-03-06,135.77000427246094,135.77000427246094,135.77000427246094,135.77000427246094,0
2018-03-07,135.77000427246094,135.77000427246094,135.77000427246094,135.77000427246094,0
2018-03-08,135.77000427246094,135.77000427246094,135.77000427246094,135.77000427246094,0
2018-03-09,135.77000427246094,135.77000427246094,135.77000427246094,135.77000427246094,0
2018-03-12,135.77000427246094,135.77000427246094,135.77000427246094,135.77000427246094,0
2018-03-13,135.77000427246094,135.77000427246094,135.77000427246094,135.77000427246094,0
2018-03-14,135.77000427246094,135.77000427246094,135.77000427246094,135.77000427246094,0
2018-03-15,135.77000427246094,135.77000427246094,135.77000427246094,135.77000427246094,0
2018-03-16,135.77000427246094,135.77000427246094,135.77000427246094,135.77000427246094,0
2018-03-19,135.77000427246094,135.77000427246094,135.77000427246094,135.77000427246094,0
2018-03-20,135.77000427246094,135.77000427246094,135.77000427246094,135.77000427246094,0
2018-03-21,135.77000427246094,135.77000427246094,135.77000427246094,135.77000427246094,0
2018-03-22,135.77000427246094,135.77000427246094,135.77000427246094,135.77000427246094,0
2018-03-23,135.77000427246094,135.77000427246094,135.77000427246094,135.77000427246094,0
2018-03-26,135.77000427246094,135.77000427246094,135.77000427246094,135.77000427246094,0
2018-03-27,135.77000427246094,135.77000427246094,135.77000427246094,135.77000427246094,0
2018-03-28,135.77000427246094,135.77000427246094,135.77000427246094,135.77000427246094,0
2018-03-29,137.25999450683594,137.25999450683594,137.25999450683594,136.74000549316406,1819
2018-04-03,136.75,136.75,136.75,136.75,0
2018-04-04,136.75,136.75,136.75,136.75,0
2018-04-05,136.75,136.75,136.75,136.75,0
2018-04-06,136.75,136.75,136.75,136.75,0
2018-04-09,136.75,136.75,136.75,136.75,0
2018-04-10,136.75,136.75,136.75,136.75,0
2018-04-11,136.75,136.75,136.75,136.75,0
2018-04-12,136.75,136.75,136.75,136.75,0
2018-04-13,136.75,136.75,136.75,136.75,0
2018-04-16,136.75,136.75,136.75,136.75,0
2018-04-17,143.05999755859375,143.05999755859375,143.05999755859375,143.0500030517578,14
2018-04-18,143.50999450683594,143.50999450683594,143.50999450683594,143.50999450683594,0
2018-04-19,143.50999450683594,143.50999450683594,143.50999450683594,143.50999450683594,0
2018-04-20,143.50999450683594,143.50999450683594,143.50999450683594,143.50999450683594,0
2018-04-23,143.50999450683594,143.50999450683594,143.50999450683594,143.50999450683594,0
2018-04-24,143.50999450683594,143.50999450683594,143.50999450683594,143.50999450683594,0
2018-04-25,143.50999450683594,143.50999450683594,143.50999450683594,143.50999450683594,0
2018-04-26,143.50999450683594,143.50999450683594,143.50999450683594,143.50999450683594,0
2018-04-27,143.50999450683594,143.50999450683594,143.50999450683594,143.50999450683594,0
2018-04-30,143.50999450683594,143.50999450683594,143.50999450683594,143.50999450683594,0
2018-05-01,143.50999450683594,143.50999450683594,143.50999450683594,143.50999450683594,0
2018-05-02,143.50999450683594,143.50999450683594,143.50999450683594,143.50999450683594,0
2018-05-03,143.50999450683594,143.50999450683594,143.50999450683594,143.50999450683594,0
2018-05-04,143.50999450683594,143.50999450683594,143.50999450683594,143.50999450683594,0
2018-05-08,143.50999450683594,143.50999450683594,143.50999450683594,143.50999450683594,0
2018-05-09,143.50999450683594,143.50999450683594,143.50999450683594,143.50999450683594,0
2018-05-10,143.50999450683594,143.50999450683594,143.50999450683594,143.50999450683594,0
2018-05-11,143.50999450683594,143.50999450683594,143.50999450683594,143.50999450683594,0
2018-05-14,144.63999938964844,144.63999938964844,144.63999938964844,144.13999938964844,347
2018-05-15,143.85000610351562,143.85000610351562,143.85000610351562,143.85000610351562,0
2018-05-16,143.85000610351562,143.85000610351562,143.85000610351562,143.85000610351562,0
2018-05-17,143.85000610351562,143.85000610351562,143.85000610351562,143.85000610351562,0
2018-05-18,143.85000610351562,143.85000610351562,143.85000610351562,143.85000610351562,0
2018-05-21,143.85000610351562,143.85000610351562,143.85000610351562,143.85000610351562,0
2018-05-22,143.85000610351562,143.85000610351562,143.85000610351562,143.85000610351562,0
2018-05-23,143.85000610351562,143.85000610351562,143.85000610351562,143.85000610351562,0
2018-05-24,143.85000610351562,143.85000610351562,143.85000610351562,143.85000610351562,0
2018-05-25,143.85000610351562,143.85000610351562,143.85000610351562,143.85000610351562,0
2018-05-29,143.85000610351562,143.85000610351562,143.85000610351562,143.85000610351562,0
2018-05-30,143.0,143.0,143.0,143.8800048828125,500
2018-05-31,144.35000610351562,144.35000610351562,144.35000610351562,144.35000610351562,0
2018-06-01,144.35000610351562,144.35000610351562,144.35000610351562,144.35000610351562,0
2018-06-04,144.35000610351562,144.35000610351562,144.35000610351562,144.35000610351562,0
2018-06-05,146.0800018310547,146.0800018310547,146.0800018310547,145.7899932861328,1500
2018-06-06,146.77000427246094,146.77000427246094,146.77000427246094,146.77000427246094,0
2018-06-07,146.89999389648438,146.89999389648438,146.89999389648438,146.69000244140625,14
2018-06-08,146.30999755859375,146.30999755859375,146.30999755859375,146.30999755859375,0
2018-06-11,147.74000549316406,147.74000549316406,147.74000549316406,147.7899932861328,279
2018-06-12,147.9499969482422,147.9499969482422,147.9499969482422,147.9499969482422,0
2018-06-13,147.9499969482422,147.9499969482422,147.9499969482422,147.9499969482422,0
2018-06-14,147.9499969482422,147.9499969482422,147.9499969482422,147.9499969482422,0
2018-06-15,147.9499969482422,147.9499969482422,147.9499969482422,147.9499969482422,0
2018-06-18,147.9499969482422,147.9499969482422,147.9499969482422,147.9499969482422,0
2018-06-19,147.9499969482422,147.9499969482422,147.9499969482422,147.9499969482422,0
2018-06-20,147.9499969482422,147.9499969482422,147.9499969482422,147.9499969482422,0
2018-06-21,147.9499969482422,147.9499969482422,147.9499969482422,147.9499969482422,0
2018-06-22,143.4199981689453,143.4199981689453,143.4199981689453,143.99000549316406,1719
2018-06-25,140.00999450683594,140.00999450683594,140.00999450683594,140.00999450683594,0
2018-06-26,140.00999450683594,140.00999450683594,140.00999450683594,140.00999450683594,0
2018-06-27,141.32000732421875,141.32000732421875,141.32000732421875,140.60000610351562,1819
2018-06-28,139.1199951171875,139.1199951171875,139.1199951171875,139.13999938964844,700
2018-06-29,140.3000030517578,142.0800018310547,140.3000030517578,142.0399932861328,3955
2018-07-02,140.36000061035156,141.47999572753906,140.36000061035156,139.35000610351562,3952
2018-07-03,139.49000549316406,139.49000549316406,139.49000549316406,139.49000549316406,0
2018-07-04,139.49000549316406,139.49000549316406,139.49000549316406,139.49000549316406,0
2018-07-05,138.82000732421875,138.82000732421875,138.82000732421875,138.72999572753906,140
2018-07-06,139.8800048828125,139.8800048828125,139.8800048828125,139.8800048828125,0
2018-07-09,139.8800048828125,139.8800048828125,139.8800048828125,139.8800048828125,0
2018-07-10,139.8800048828125,139.8800048828125,139.8800048828125,139.8800048828125,0
2018-07-11,139.8800048828125,139.8800048828125,139.8800048828125,139.8800048828125,0
2018-07-12,139.8800048828125,139.8800048828125,139.8800048828125,139.8800048828125,0
2018-07-13,139.8800048828125,139.8800048828125,139.8800048828125,139.8800048828125,0
2018-07-16,139.8800048828125,139.8800048828125,139.8800048828125,139.8800048828125,0
2018-07-17,139.8800048828125,139.8800048828125,139.8800048828125,139.8800048828125,0
2018-07-18,139.8800048828125,139.8800048828125,139.8800048828125,139.8800048828125,0
2018-07-19,139.8800048828125,139.8800048828125,139.8800048828125,139.8800048828125,0
2018-07-20,139.8800048828125,139.8800048828125,139.8800048828125,139.8800048828125,0
2018-07-23,139.8800048828125,139.8800048828125,139.8800048828125,139.8800048828125,0
2018-07-24,139.8800048828125,139.8800048828125,139.8800048828125,139.8800048828125,0
2018-07-25,139.8800048828125,139.8800048828125,139.8800048828125,139.8800048828125,0
2018-07-26,139.8800048828125,139.8800048828125,139.8800048828125,139.8800048828125,0
2018-07-27,139.8800048828125,139.8800048828125,139.8800048828125,139.8800048828125,0
2018-07-30,139.8800048828125,139.8800048828125,139.8800048828125,139.8800048828125,0
2018-07-31,139.8800048828125,139.8800048828125,139.8800048828125,139.8800048828125,0
2018-08-01,139.8800048828125,139.8800048828125,139.8800048828125,139.8800048828125,0
2018-08-02,139.39999389648438,139.39999389648438,139.39999389648438,139.4199981689453,75
2018-08-03,140.17999267578125,140.17999267578125,140.17999267578125,140.17999267578125,0
2018-08-06,140.17999267578125,140.17999267578125,140.17999267578125,140.17999267578125,0
2018-08-07,140.17999267578125,140.17999267578125,140.17999267578125,140.17999267578125,0
2018-08-08,140.17999267578125,140.17999267578125,140.17999267578125,140.17999267578125,0
2018-08-09,140.17999267578125,140.17999267578125,140.17999267578125,140.17999267578125,0
2018-08-10,140.17999267578125,140.17999267578125,140.17999267578125,140.17999267578125,0
2018-08-13,140.17999267578125,140.17999267578125,140.17999267578125,140.17999267578125,0
2018-08-14,140.17999267578125,140.17999267578125,140.17999267578125,140.17999267578125,0
2018-08-15,140.17999267578125,140.17999267578125,140.17999267578125,140.17999267578125,0
2018-08-16,137.0800018310547,137.0800018310547,137.0800018310547,137.8300018310547,1719
2018-08-17,137.41000366210938,137.41000366210938,137.41000366210938,137.41000366210938,0
2018-08-20,137.41000366210938,137.41000366210938,137.41000366210938,137.41000366210938,0
2018-08-21,137.41000366210938,137.41000366210938,137.41000366210938,137.41000366210938,0
2018-08-22,140.67999267578125,140.67999267578125,140.67999267578125,140.6199951171875,1800
2018-08-23,140.22999572753906,140.22999572753906,140.22999572753906,140.22999572753906,0
2018-08-24,140.22999572753906,140.22999572753906,140.22999572753906,140.22999572753906,0
2018-08-28,140.22999572753906,140.22999572753906,140.22999572753906,140.22999572753906,0
2018-08-29,140.22999572753906,140.22999572753906,140.22999572753906,140.22999572753906,0
2018-08-30,142.5399932861328,143.32000732421875,142.5399932861328,142.83999633789062,3838
2018-08-31,141.5,141.5,141.5,141.5,0
2018-09-03,141.5,141.5,141.5,141.5,0
2018-09-04,141.5,141.5,141.5,141.5,0
2018-09-05,141.5,141.5,141.5,141.5,0
2018-09-06,141.5,141.5,141.5,141.5,0
2018-09-07,141.5,141.5,141.5,141.5,0
2018-09-10,141.5,141.5,141.5,141.5,0
2018-09-11,141.5,141.5,141.5,141.5,0
2018-09-12,141.5,141.5,141.5,141.5,0
2018-09-13,141.5,141.5,141.5,141.5,0
2018-09-14,141.5,141.5,141.5,141.5,0
2018-09-17,141.5,141.5,141.5,141.5,0
2018-09-18,141.5,141.5,141.5,141.5,0
2018-09-19,139.36000061035156,139.36000061035156,139.36000061035156,139.69000244140625,14
2018-09-20,141.2100067138672,141.2100067138672,141.2100067138672,141.2100067138672,0
2018-09-21,141.2100067138672,141.2100067138672,141.2100067138672,141.2100067138672,0
2018-09-24,141.2100067138672,141.2100067138672,141.2100067138672,141.2100067138672,0
2018-09-25,141.2100067138672,141.2100067138672,141.2100067138672,141.2100067138672,0
2018-09-26,141.2100067138672,141.2100067138672,141.2100067138672,141.2100067138672,0
2018-09-27,141.10000610351562,141.10000610351562,141.10000610351562,141.10000610351562,0
2018-09-28,140.22000122070312,140.22000122070312,140.22000122070312,140.22000122070312,0
2018-10-01,141.27000427246094,141.27000427246094,141.27000427246094,141.27000427246094,0
2018-10-02,139.88999938964844,139.88999938964844,139.88999938964844,139.88999938964844,0
2018-10-03,139.5399932861328,139.5399932861328,139.5399932861328,139.5399932861328,0
2018-10-04,135.72999572753906,135.72999572753906,135.72999572753906,135.72999572753906,0
2018-10-05,133.80999755859375,133.80999755859375,133.80999755859375,133.80999755859375,0
2018-10-08,132.1300048828125,132.1300048828125,132.1300048828125,132.1300048828125,0
2018-10-09,132.58999633789062,132.58999633789062,132.58999633789062,132.58999633789062,0
2018-10-10,127.30999755859376,127.30999755859376,127.30999755859376,127.30999755859376,0
2018-10-11,124.58000183105467,124.58000183105467,124.58000183105467,124.58000183105467,0
2018-10-12,125.63999938964844,125.63999938964844,125.63999938964844,125.63999938964844,0
2018-10-15,125.48999786376952,125.48999786376952,125.48999786376952,125.48999786376952,0
2018-10-16,127.1500015258789,127.1500015258789,127.1500015258789,127.1500015258789,0
2018-10-17,126.5,126.5,126.5,126.5,0
2018-10-18,125.11000061035156,125.11000061035156,125.11000061035156,125.11000061035156,0
2018-10-19,123.70999908447266,123.70999908447266,123.70999908447266,123.70999908447266,0
2018-10-22,123.45999908447266,123.45999908447266,123.45999908447266,123.45999908447266,0
2018-10-23,121.04000091552734,121.04000091552734,121.04000091552734,121.04000091552734,0
2018-10-24,122.9000015258789,122.9000015258789,122.9000015258789,121.26000213623048,10
2018-10-25,122.6999969482422,122.6999969482422,122.6999969482422,122.6999969482422,0
2018-10-26,121.30999755859376,121.30999755859376,121.30999755859376,121.30999755859376,0
2018-10-29,122.5,122.5,122.5,122.5,0
2018-10-30,122.30999755859376,122.30999755859376,122.30999755859376,122.30999755859376,0
2018-10-31,124.98999786376952,124.98999786376952,124.98999786376952,124.98999786376952,0
2018-11-01,127.08999633789062,127.08999633789062,127.08999633789062,127.08999633789062,0
2018-11-02,129.38999938964844,129.38999938964844,129.38999938964844,129.38999938964844,0
2018-11-05,128.6999969482422,128.6999969482422,128.67999267578125,128.6699981689453,2140
2018-11-06,128.33999633789062,128.33999633789062,128.33999633789062,128.33999633789062,0
2018-11-07,128.3800048828125,128.3800048828125,128.3800048828125,129.3300018310547,105
2018-11-08,128.25,128.25,128.25,128.25,0
2018-11-09,125.61000061035156,125.61000061035156,125.61000061035156,125.61000061035156,0
2018-11-12,123.27999877929688,123.27999877929688,123.27999877929688,123.27999877929688,0
2018-11-13,125.9499969482422,125.9499969482422,125.9499969482422,125.9499969482422,0
2018-11-14,125.5199966430664,125.5199966430664,125.5199966430664,125.5199966430664,0
2018-11-15,124.37000274658205,124.37000274658205,124.37000274658205,124.37000274658205,0
2018-11-16,125.13999938964844,125.13999938964844,125.13999938964844,125.13999938964844,0
2018-11-19,125.22000122070312,125.22000122070312,125.22000122070312,124.31999969482422,10
2018-11-20,121.69000244140624,121.69000244140624,121.69000244140624,121.69000244140624,0
2018-11-21,123.47000122070312,123.47000122070312,123.47000122070312,123.47000122070312,0
2018-11-22,122.91999816894533,122.91999816894533,122.91999816894533,122.91999816894533,0
2018-11-23,123.06999969482422,123.06999969482422,123.06999969482422,123.06999969482422,0
2018-11-26,124.55999755859376,124.55999755859376,124.55999755859376,124.55999755859376,0
2018-11-27,123.33999633789062,123.33999633789062,123.33999633789062,123.33999633789062,0
2018-11-28,123.48999786376952,123.48999786376952,123.48999786376952,123.48999786376952,0
2018-11-29,124.26000213623048,124.26000213623048,124.26000213623048,124.26000213623048,0
2018-11-30,123.23999786376952,123.23999786376952,123.23999786376952,123.23999786376952,0
2018-12-03,128.14999389648438,128.14999389648438,128.14999389648438,128.14999389648438,0
2018-12-04,126.8499984741211,126.8499984741211,126.8499984741211,126.8499984741211,0
2018-12-05,124.83999633789062,124.83999633789062,124.83999633789062,124.83999633789062,0
2018-12-06,120.87999725341795,120.87999725341795,120.87999725341795,120.87999725341795,0
2018-12-07,121.9499969482422,121.9499969482422,121.9499969482422,121.9499969482422,0
2018-12-10,118.63999938964844,118.63999938964844,118.63999938964844,118.63999938964844,0
2018-12-11,121.30999755859376,121.30999755859376,121.30999755859376,121.30999755859376,0
2018-12-12,123.0,123.0,123.0,123.0,0
2018-12-13,122.5999984741211,122.5999984741211,122.5999984741211,122.5999984741211,0
2018-12-14,121.26000213623048,121.26000213623048,121.26000213623048,121.26000213623048,0
2018-12-17,120.5999984741211,120.5999984741211,120.5999984741211,120.5999984741211,0
2018-12-18,119.48999786376952,119.48999786376952,119.48999786376952,119.48999786376952,0
2018-12-19,120.13999938964844,120.13999938964844,120.13999938964844,120.11000061035156,445
2018-12-20,116.55999755859376,116.55999755859376,116.55999755859376,116.55999755859376,0
2018-12-21,116.72000122070312,116.72000122070312,116.72000122070312,116.69000244140624,34
2018-12-24,116.69000244140624,116.69000244140624,116.69000244140624,116.69000244140624,0
2018-12-27,115.0,115.0,115.0,115.12999725341795,1
2018-12-28,117.36000061035156,117.36000061035156,117.36000061035156,117.36000061035156,0
2018-12-31,117.36000061035156,117.36000061035156,117.36000061035156,117.36000061035156,0
2019-01-02,117.2699966430664,117.2699966430664,117.2699966430664,117.2699966430664,0
2019-01-03,115.12000274658205,115.12000274658205,115.12000274658205,115.12000274658205,0
2019-01-04,117.87000274658205,117.87000274658205,117.87000274658205,117.87000274658205,0
2019-01-07,119.43000030517578,119.43000030517578,119.43000030517578,119.43000030517578,0
2019-01-08,120.87000274658205,120.87000274658205,120.87000274658205,120.87000274658205,0
2019-01-09,122.95999908447266,122.95999908447266,122.95999908447266,122.95999908447266,0
2019-01-10,121.5199966430664,121.5199966430664,121.5199966430664,121.5199966430664,0
2019-01-11,121.55999755859376,121.55999755859376,121.55999755859376,121.55999755859376,0
2019-01-14,120.73999786376952,120.73999786376952,120.73999786376952,120.73999786376952,0
2019-01-15,120.81999969482422,120.81999969482422,120.81999969482422,120.81999969482422,0
2019-01-16,121.26000213623048,121.26000213623048,121.26000213623048,121.26000213623048,0
2019-01-17,121.1999969482422,121.1999969482422,121.1999969482422,121.1999969482422,0
2019-01-18,122.41999816894533,122.41999816894533,122.41999816894533,123.19000244140624,1919
2019-01-21,122.87000274658205,122.87000274658205,122.87000274658205,122.87000274658205,0
2019-01-22,122.48999786376952,122.48999786376952,122.48999786376952,122.48999786376952,0
2019-01-23,122.22000122070312,122.22000122070312,122.22000122070312,122.22000122070312,0
2019-01-24,122.29000091552734,122.29000091552734,122.29000091552734,122.29000091552734,0
2019-01-25,124.41000366210938,124.41000366210938,124.41000366210938,124.41000366210938,0
2019-01-28,124.33999633789062,124.33999633789062,124.33999633789062,124.33999633789062,0
2019-01-29,123.79000091552734,123.79000091552734,123.79000091552734,123.79000091552734,0
2019-01-30,125.80999755859376,125.80999755859376,125.80999755859376,125.80999755859376,0
2019-01-31,127.91999816894533,127.91999816894533,127.91999816894533,127.91999816894533,0
2019-02-01,129.30999755859375,129.30999755859375,129.30999755859375,129.30999755859375,0
2019-02-04,127.94000244140624,127.94000244140624,127.94000244140624,128.36000061035156,85
2019-02-05,131.16000366210938,131.16000366210938,131.16000366210938,131.16000366210938,0
2019-02-06,130.3800048828125,130.3800048828125,130.3800048828125,130.3800048828125,0
2019-02-07,128.35000610351562,128.35000610351562,128.35000610351562,128.35000610351562,0
2019-02-08,126.95999908447266,126.95999908447266,126.95999908447266,126.95999908447266,0
2019-02-11,128.4199981689453,128.4199981689453,128.4199981689453,128.4199981689453,0
2019-02-12,130.02999877929688,130.02999877929688,130.02999877929688,130.02999877929688,0
2019-02-13,131.05999755859375,131.05999755859375,131.05999755859375,131.05999755859375,0
2019-02-14,129.8300018310547,129.8300018310547,129.8300018310547,129.8300018310547,0
2019-02-15,130.80999755859375,130.80999755859375,130.80999755859375,130.80999755859375,0
2019-02-18,131.6999969482422,131.6999969482422,131.6999969482422,131.32000732421875,274
2019-02-19,131.30999755859375,131.30999755859375,131.30999755859375,131.30999755859375,0
2019-02-20,132.2100067138672,132.2100067138672,132.2100067138672,132.2100067138672,0
2019-02-21,132.60000610351562,132.60000610351562,132.60000610351562,132.60000610351562,0
2019-02-22,131.8000030517578,131.8000030517578,131.8000030517578,133.11000061035156,20
2019-02-25,134.42999267578125,134.42999267578125,134.42999267578125,134.42999267578125,0
2019-02-26,134.72000122070312,134.72000122070312,134.72000122070312,134.72000122070312,0
2019-02-27,134.14999389648438,134.14999389648438,134.14999389648438,134.14999389648438,0
2019-02-28,134.41000366210938,134.41000366210938,134.41000366210938,134.41000366210938,0
2019-03-01,134.9499969482422,134.9499969482422,134.9499969482422,134.9499969482422,0
2019-03-04,135.10000610351562,135.10000610351562,135.10000610351562,134.6699981689453,700
2019-03-05,134.14999389648438,134.14999389648438,134.14999389648438,133.72000122070312,150
2019-03-06,133.1300048828125,133.1300048828125,133.1300048828125,133.1300048828125,0
2019-03-07,131.5800018310547,131.5800018310547,131.5800018310547,131.5800018310547,0
2019-03-08,130.1999969482422,130.1999969482422,130.1999969482422,131.02999877929688,250
2019-03-11,131.80999755859375,131.80999755859375,131.80999755859375,131.80999755859375,0
2019-03-12,131.60000610351562,131.60000610351562,131.60000610351562,132.0399932861328,250
2019-03-13,132.92999267578125,132.92999267578125,132.92999267578125,132.92999267578125,0
2019-03-14,132.83999633789062,132.83999633789062,132.83999633789062,132.83999633789062,0
2019-03-15,134.22000122070312,134.22000122070312,134.22000122070312,134.22000122070312,0
2019-03-18,133.82000732421875,133.82000732421875,133.82000732421875,133.82000732421875,0
2019-03-19,135.55999755859375,135.55999755859375,135.55999755859375,135.55999755859375,0
2019-03-20,133.63999938964844,133.63999938964844,133.63999938964844,133.63999938964844,0
2019-03-21,134.25999450683594,134.25999450683594,134.25999450683594,134.25999450683594,0
2019-03-22,131.6699981689453,131.6699981689453,131.6699981689453,131.6699981689453,0
2019-03-25,132.52000427246094,132.52000427246094,132.52000427246094,132.52000427246094,0
2019-03-26,132.75999450683594,132.75999450683594,132.75999450683594,132.75999450683594,1500
2019-03-27,132.2100067138672,132.2100067138672,132.2100067138672,132.2100067138672,0
2019-03-28,133.25999450683594,133.25999450683594,133.25999450683594,133.25999450683594,0
2019-03-29,134.39999389648438,134.39999389648438,134.39999389648438,134.39999389648438,0
2019-04-01,136.58999633789062,136.58999633789062,136.58999633789062,136.58999633789062,0
2019-04-02,136.86000061035156,136.86000061035156,136.86000061035156,136.86000061035156,0
2019-04-03,137.89999389648438,137.89999389648438,137.89999389648438,137.89999389648438,0
2019-04-04,137.69000244140625,137.69000244140625,137.69000244140625,137.69000244140625,0
2019-04-05,138.07000732421875,138.07000732421875,138.07000732421875,138.07000732421875,0
2019-04-08,137.97999572753906,137.97999572753906,137.97999572753906,137.97999572753906,0
2019-04-09,136.99000549316406,136.99000549316406,136.99000549316406,136.99000549316406,0
2019-04-10,137.17999267578125,137.17999267578125,137.17999267578125,137.17999267578125,0
2019-04-11,138.61000061035156,138.61000061035156,138.61000061035156,138.61000061035156,0
2019-04-12,139.41000366210938,139.41000366210938,139.41000366210938,139.41000366210938,0
2019-04-15,139.32000732421875,139.32000732421875,139.32000732421875,139.32000732421875,0
2019-04-16,140.25999450683594,140.25999450683594,140.25999450683594,140.25999450683594,0
2019-04-17,141.58999633789062,141.58999633789062,141.58999633789062,141.58999633789062,0
2019-04-18,141.5399932861328,141.5399932861328,141.5399932861328,140.86000061035156,160
2019-04-23,140.66000366210938,140.8800048828125,140.66000366210938,140.6199951171875,777
2019-04-24,140.8800048828125,140.8800048828125,140.32000732421875,140.6699981689453,6
2019-04-25,140.9199981689453,140.9199981689453,140.9199981689453,139.33999633789062,290
2019-04-26,139.8800048828125,139.8800048828125,139.8800048828125,139.8800048828125,0
2019-04-29,140.0399932861328,140.0399932861328,140.0399932861328,140.0399932861328,0
2019-04-30,140.02999877929688,140.02999877929688,140.02999877929688,140.02999877929688,0
2019-05-01,141.1300048828125,141.1300048828125,141.1300048828125,141.1300048828125,0
2019-05-02,139.69000244140625,139.69000244140625,139.69000244140625,139.69000244140625,0
2019-05-03,141.08999633789062,141.08999633789062,141.08999633789062,141.08999633789062,0
2019-05-07,136.99000549316406,136.99000549316406,136.99000549316406,136.99000549316406,0
2019-05-08,137.7100067138672,137.7100067138672,137.7100067138672,137.7100067138672,0
2019-05-09,134.94000244140625,134.94000244140625,134.94000244140625,134.94000244140625,0
2019-05-10,134.9600067138672,134.9600067138672,134.9600067138672,134.9600067138672,0
2019-05-13,131.72999572753906,131.72999572753906,131.72999572753906,131.72999572753906,0
2019-05-14,132.66000366210938,132.66000366210938,132.5399932861328,133.52999877929688,77
2019-05-15,134.82000732421875,134.82000732421875,134.82000732421875,134.82000732421875,0
2019-05-16,135.44000244140625,135.44000244140625,135.44000244140625,135.44000244140625,0
2019-05-17,134.85000610351562,134.85000610351562,134.85000610351562,134.85000610351562,0
2019-05-20,131.5399932861328,131.5399932861328,131.5399932861328,131.5399932861328,0
2019-05-21,132.82000732421875,132.82000732421875,132.82000732421875,132.82000732421875,0
2019-05-22,132.80999755859375,132.80999755859375,132.80999755859375,132.80999755859375,0
2019-05-23,130.9499969482422,130.9499969482422,130.9499969482422,130.9499969482422,0
2019-05-24,130.88999938964844,130.88999938964844,130.88999938964844,130.88999938964844,0
2019-05-28,131.42999267578125,131.42999267578125,131.42999267578125,131.42999267578125,0
2019-05-29,130.0,130.0,130.0,128.30999755859375,50
2019-05-30,128.85000610351562,128.85000610351562,128.85000610351562,128.85000610351562,0
2019-05-31,127.69000244140624,127.69000244140624,127.69000244140624,127.69000244140624,0
2019-06-03,127.3000030517578,127.66000366210938,127.3000030517578,127.91000366210938,14
2019-06-04,129.67999267578125,129.67999267578125,129.67999267578125,129.67999267578125,0
2019-06-05,130.91000366210938,130.91000366210938,130.91000366210938,130.91000366210938,0
2019-06-06,131.42999267578125,131.42999267578125,131.42999267578125,131.42999267578125,0
2019-06-07,133.4600067138672,133.4600067138672,133.4600067138672,133.4600067138672,0
2019-06-10,134.9600067138672,134.9600067138672,134.9600067138672,134.74000549316406,5
2019-06-11,135.47000122070312,135.47000122070312,135.47000122070312,135.47000122070312,0
2019-06-12,134.61000061035156,134.61000061035156,134.61000061035156,134.61000061035156,0
2019-06-13,134.3300018310547,134.3300018310547,134.3300018310547,134.3300018310547,0
2019-06-14,133.6699981689453,133.6699981689453,133.6699981689453,133.6699981689453,0
2019-06-17,134.77999877929688,134.77999877929688,134.77999877929688,134.6699981689453,493
2019-06-18,136.97000122070312,136.97000122070312,136.97000122070312,136.97000122070312,0
2019-06-19,136.85000610351562,136.85000610351562,136.85000610351562,136.85000610351562,0
2019-06-20,138.8800048828125,138.8800048828125,138.8800048828125,137.99000549316406,13
2019-06-21,137.7100067138672,137.7100067138672,137.7100067138672,137.7100067138672,0
2019-06-24,138.3800048828125,138.3800048828125,138.3800048828125,138.3800048828125,0
2019-06-25,137.3000030517578,137.3000030517578,137.3000030517578,137.22000122070312,58
2019-06-26,136.13999938964844,136.13999938964844,136.13999938964844,136.8300018310547,274
2019-06-27,137.16000366210938,137.16000366210938,137.16000366210938,137.16000366210938,0
2019-06-28,138.5800018310547,138.5800018310547,138.5800018310547,138.5800018310547,0
2019-07-01,139.11000061035156,139.11000061035156,139.11000061035156,139.11000061035156,0
2019-07-02,138.83999633789062,138.83999633789062,138.83999633789062,139.25,8
2019-07-03,140.1699981689453,140.1699981689453,140.1699981689453,140.1699981689453,0
2019-07-04,139.77999877929688,139.77999877929688,139.77999877929688,140.39999389648438,1619
2019-07-05,139.22999572753906,139.22999572753906,139.22999572753906,139.22999572753906,0
2019-07-08,139.41000366210938,139.41000366210938,139.41000366210938,139.41000366210938,0
2019-07-09,138.72000122070312,138.72000122070312,138.72000122070312,138.7100067138672,5
2019-07-10,138.49000549316406,138.49000549316406,138.49000549316406,138.49000549316406,0
2019-07-11,138.89999389648438,138.89999389648438,138.89999389648438,138.89999389648438,0
2019-07-12,139.6199951171875,139.6199951171875,139.6199951171875,139.6199951171875,0
2019-07-15,140.1699981689453,140.1699981689453,140.1699981689453,140.1699981689453,0
2019-07-16,141.38999938964844,141.38999938964844,141.38999938964844,141.38999938964844,0
2019-07-17,141.02999877929688,141.02999877929688,141.02999877929688,141.02999877929688,0
2019-07-18,140.27999877929688,140.27999877929688,140.27999877929688,140.27999877929688,0
2019-07-19,140.85000610351562,140.85000610351562,140.85000610351562,140.85000610351562,0
2019-07-22,140.16000366210938,140.16000366210938,140.16000366210938,140.16000366210938,0
2019-07-23,141.02999877929688,141.02999877929688,141.02999877929688,141.02999877929688,0
2019-07-24,141.10000610351562,141.10000610351562,141.10000610351562,141.10000610351562,0
2019-07-25,141.75999450683594,141.75999450683594,141.75999450683594,139.50999450683594,1619
2019-07-26,139.22000122070312,139.22000122070312,139.22000122070312,139.22000122070312,0
2019-07-29,139.0800018310547,139.0800018310547,139.0800018310547,139.0800018310547,0
2019-07-30,138.3800048828125,138.3800048828125,138.3800048828125,138.3800048828125,0
2019-07-31,137.94000244140625,137.94000244140625,137.94000244140625,137.94000244140625,0
2019-08-01,138.0,138.0,138.0,137.91000366210938,250
2019-08-02,132.55999755859375,133.0,132.55999755859375,132.83999633789062,54
2019-08-05,129.2899932861328,129.2899932861328,129.2899932861328,129.2899932861328,0
2019-08-06,128.85000610351562,128.85000610351562,128.85000610351562,128.85000610351562,0
2019-08-07,129.8000030517578,129.8000030517578,129.8000030517578,129.8000030517578,0
2019-08-08,132.02999877929688,132.02999877929688,132.02999877929688,132.02999877929688,0
2019-08-09,131.08999633789062,131.08999633789062,131.08999633789062,131.08999633789062,0
2019-08-12,129.8699951171875,129.8699951171875,129.8699951171875,129.8699951171875,0
2019-08-13,130.22999572753906,130.22999572753906,130.22999572753906,130.22999572753906,0
2019-08-14,126.6999969482422,126.6999969482422,126.6999969482422,126.6999969482422,0
2019-08-15,125.48999786376952,125.48999786376952,125.48999786376952,125.48999786376952,0
2019-08-16,126.7699966430664,126.7699966430664,126.7699966430664,126.7699966430664,0
2019-08-19,128.63999938964844,129.10000610351562,128.63999938964844,129.1300048828125,3638
2019-08-20,129.30999755859375,129.30999755859375,129.30999755859375,129.30999755859375,0
2019-08-21,131.0800018310547,131.0800018310547,131.0800018310547,131.0800018310547,0
2019-08-22,130.16000366210938,130.16000366210938,130.16000366210938,130.16000366210938,0
2019-08-23,130.52000427246094,130.52000427246094,130.52000427246094,129.0800018310547,20
2019-08-27,129.25999450683594,129.25999450683594,129.25999450683594,129.25999450683594,0
2019-08-28,129.57000732421875,129.57000732421875,129.57000732421875,129.57000732421875,0
2019-08-29,130.22000122070312,131.3000030517578,130.22000122070312,130.69000244140625,386
2019-08-30,130.72999572753906,130.72999572753906,130.72999572753906,130.72999572753906,0
2019-09-02,130.10000610351562,130.10000610351562,130.10000610351562,130.42999267578125,1091
2019-09-03,129.7899932861328,129.7899932861328,129.7899932861328,129.7899932861328,0
2019-09-04,132.52999877929688,132.52999877929688,132.52999877929688,132.52999877929688,0
2019-09-05,134.6199951171875,134.6199951171875,134.6199951171875,134.6199951171875,0
2019-09-06,135.6999969482422,135.6999969482422,135.6999969482422,135.6999969482422,0
2019-09-09,135.86000061035156,135.86000061035156,135.86000061035156,135.86000061035156,0
2019-09-10,135.05999755859375,135.05999755859375,135.05999755859375,135.05999755859375,0
2019-09-11,136.69000244140625,136.69000244140625,136.69000244140625,136.69000244140625,0
2019-09-12,137.49000549316406,137.49000549316406,137.49000549316406,137.49000549316406,0
2019-09-13,137.82000732421875,137.82000732421875,137.82000732421875,138.39999389648438,100
2019-09-16,135.8800048828125,135.8800048828125,135.8800048828125,135.8800048828125,0
2019-09-17,135.49000549316406,135.49000549316406,135.49000549316406,135.49000549316406,0
2019-09-18,134.92999267578125,134.92999267578125,134.92999267578125,134.92999267578125,0
2019-09-19,134.86000061035156,134.86000061035156,134.86000061035156,135.07000732421875,748
2019-09-20,134.86000061035156,134.86000061035156,134.86000061035156,134.86000061035156,0
2019-09-23,133.44000244140625,133.44000244140625,133.44000244140625,133.44000244140625,0
2019-09-24,132.9499969482422,132.9499969482422,132.9499969482422,132.9499969482422,0
2019-09-25,132.0,132.0,132.0,132.0,0
2019-09-26,131.6300048828125,131.6300048828125,131.6300048828125,131.6300048828125,0
2019-09-27,133.1999969482422,133.1999969482422,133.1999969482422,133.1999969482422,0
2019-09-30,133.14999389648438,133.14999389648438,133.14999389648438,133.14999389648438,0
2019-10-01,132.10000610351562,132.10000610351562,132.10000610351562,132.10000610351562,0
2019-10-02,129.10000610351562,129.10000610351562,129.10000610351562,129.10000610351562,0
2019-10-03,129.25,129.25,129.25,129.25,0
2019-10-04,129.72000122070312,129.72000122070312,129.72000122070312,129.72000122070312,0
2019-10-07,130.5800018310547,130.5800018310547,130.5800018310547,130.5800018310547,0
2019-10-08,128.7899932861328,128.7899932861328,128.7899932861328,128.7899932861328,0
2019-10-09,129.89999389648438,129.89999389648438,129.89999389648438,129.89999389648438,0
2019-10-10,132.0800018310547,132.0800018310547,132.0800018310547,132.0800018310547,0
2019-10-11,134.6199951171875,134.6199951171875,134.6199951171875,134.6199951171875,0
2019-10-14,134.2100067138672,134.2100067138672,134.2100067138672,134.2100067138672,0
2019-10-15,135.72000122070312,135.72000122070312,135.72000122070312,135.72000122070312,0
2019-10-16,135.7899932861328,135.7899932861328,135.7899932861328,135.7899932861328,0
2019-10-17,136.33999633789062,136.33999633789062,136.33999633789062,136.33999633789062,0
2019-10-18,135.5,135.5,135.5,135.19000244140625,5
2019-10-21,135.7899932861328,135.7899932861328,135.7899932861328,135.7899932861328,0
2019-10-22,136.16000366210938,136.16000366210938,136.16000366210938,136.16000366210938,0
2019-10-23,135.80999755859375,135.80999755859375,135.80999755859375,135.80999755859375,0
2019-10-24,137.0399932861328,137.0399932861328,137.0399932861328,137.49000549316406,1460
2019-10-25,140.1999969482422,140.1999969482422,140.1999969482422,140.1999969482422,0
2019-10-28,141.49000549316406,141.49000549316406,141.49000549316406,141.49000549316406,0
2019-10-29,141.47999572753906,141.47999572753906,141.36000061035156,141.2100067138672,1660
2019-10-30,141.3000030517578,141.3000030517578,141.3000030517578,141.3000030517578,0
2019-10-31,141.52000427246094,141.52000427246094,140.86000061035156,140.9199981689453,1620
2019-11-01,142.22999572753906,142.22999572753906,142.22999572753906,142.22999572753906,0
2019-11-04,143.72999572753906,143.72999572753906,143.72999572753906,143.72999572753906,0
2019-11-05,143.92999267578125,143.92999267578125,143.92999267578125,143.92999267578125,0
2019-11-06,143.42999267578125,143.42999267578125,143.42999267578125,143.42999267578125,0
2019-11-07,144.86000061035156,144.86000061035156,144.86000061035156,144.86000061035156,0
2019-11-08,143.30999755859375,143.30999755859375,143.30999755859375,143.30999755859375,0
2019-11-11,143.32000732421875,143.32000732421875,143.32000732421875,143.1699981689453,175
2019-11-12,143.75999450683594,143.75999450683594,143.75999450683594,143.75999450683594,0
2019-11-13,143.13999938964844,143.13999938964844,143.13999938964844,143.13999938964844,0
2019-11-14,143.35000610351562,143.35000610351562,143.35000610351562,143.35000610351562,0
2019-11-15,144.42999267578125,144.42999267578125,144.42999267578125,144.42999267578125,0
2019-11-18,144.36000061035156,144.36000061035156,144.36000061035156,144.36000061035156,0
2019-11-19,144.64999389648438,144.64999389648438,144.64999389648438,144.64999389648438,0
2019-11-20,144.1999969482422,144.1999969482422,144.1999969482422,144.11000061035156,190
2019-11-21,143.30999755859375,143.30999755859375,143.30999755859375,143.30999755859375,0
2019-11-22,143.02000427246094,143.02000427246094,143.02000427246094,143.02000427246094,0
2019-11-25,145.2100067138672,145.2100067138672,145.2100067138672,145.2100067138672,0
2019-11-26,145.67999267578125,145.67999267578125,145.67999267578125,145.67999267578125,0
2019-11-27,146.22999572753906,146.22999572753906,146.22999572753906,146.22999572753906,0
2019-11-28,146.08999633789062,146.08999633789062,146.08999633789062,146.08999633789062,0
2019-11-29,145.57000732421875,145.57000732421875,145.57000732421875,145.57000732421875,0
2019-12-02,144.1199951171875,144.1199951171875,144.1199951171875,144.1199951171875,0
2019-12-03,143.6999969482422,143.6999969482422,143.6999969482422,142.27000427246094,10
2019-12-04,143.19000244140625,143.19000244140625,143.19000244140625,143.19000244140625,0
2019-12-05,144.02000427246094,144.02000427246094,144.02000427246094,144.02000427246094,0
2019-12-06,145.5,145.5,145.5,145.5,0
2019-12-09,145.22999572753906,145.22999572753906,145.22999572753906,145.22999572753906,0
2019-12-10,145.3699951171875,145.3699951171875,145.3699951171875,145.3699951171875,0
2019-12-11,146.00999450683594,146.00999450683594,146.00999450683594,146.00999450683594,0
2019-12-12,147.35000610351562,147.35000610351562,147.35000610351562,147.35000610351562,0
2019-12-13,147.89999389648438,147.89999389648438,147.89999389648438,147.89999389648438,0
2019-12-16,150.1300048828125,150.1300048828125,150.1300048828125,150.1300048828125,0
2019-12-17,149.47000122070312,149.47000122070312,149.47000122070312,149.47000122070312,0
2019-12-18,150.24000549316406,150.24000549316406,150.24000549316406,150.24000549316406,0
2019-12-19,150.11000061035156,150.11000061035156,150.11000061035156,150.11000061035156,0
2019-12-20,150.89999389648438,150.89999389648438,150.89999389648438,150.89999389648438,0
2019-12-23,152.0399932861328,152.0399932861328,152.0399932861328,152.0399932861328,0
2019-12-24,152.27999877929688,152.27999877929688,152.27999877929688,152.27999877929688,0
2019-12-27,153.49000549316406,153.49000549316406,153.49000549316406,153.49000549316406,0
2019-12-30,153.0,153.0,153.0,152.63999938964844,7
2019-12-31,152.3699951171875,152.3699951171875,152.3699951171875,152.3699951171875,0
2020-01-02,153.91000366210938,153.91000366210938,153.91000366210938,153.91000366210938,0
2020-01-03,153.32000732421875,153.32000732421875,153.32000732421875,153.32000732421875,0
2020-01-06,153.32000732421875,153.32000732421875,153.32000732421875,152.72999572753906,10
2020-01-07,153.61000061035156,153.61000061035156,153.61000061035156,153.61000061035156,0
2020-01-08,153.62860107421875,153.62860107421875,153.62860107421875,154.0500030517578,4000
2020-01-09,155.0,155.0,155.0,154.77000427246094,128
2020-01-10,154.88999938964844,154.88999938964844,154.88999938964844,154.88999938964844,0
2020-01-13,155.9499969482422,155.9499969482422,155.9499969482422,155.9499969482422,0
2020-01-14,157.52999877929688,157.52999877929688,157.52999877929688,157.52999877929688,0
2020-01-15,158.0399932861328,158.0399932861328,158.0399932861328,158.0500030517578,200
2020-01-16,157.36000061035156,157.36000061035156,157.36000061035156,157.36000061035156,0
2020-01-17,159.16000366210938,159.16000366210938,159.16000366210938,159.16000366210938,0
2020-01-20,159.16000366210938,159.16000366210938,159.16000366210938,157.5800018310547,21
2020-01-21,155.8800048828125,156.17999267578125,155.8800048828125,156.49000549316406,436
2020-01-22,157.1199951171875,157.1199951171875,157.1199951171875,157.1199951171875,0
2020-01-23,153.55999755859375,153.55999755859375,153.55999755859375,153.55999755859375,0
2020-01-24,153.3300018310547,153.3300018310547,153.3300018310547,153.3300018310547,0
2020-01-27,151.6999969482422,151.6999969482422,147.89999389648438,147.75,1440
2020-01-28,148.91000366210938,148.91000366210938,148.91000366210938,148.91000366210938,0
2020-01-29,149.0800018310547,149.0800018310547,149.0800018310547,149.4499969482422,150
2020-01-30,148.32000732421875,148.32000732421875,148.32000732421875,148.8000030517578,1519
2020-01-31,148.8000030517578,148.8000030517578,148.8000030517578,147.33999633789062,11
2020-02-03,149.99000549316406,149.99000549316406,149.99000549316406,149.99000549316406,0
2020-02-04,155.89999389648438,155.89999389648438,155.89999389648438,155.89999389648438,0
2020-02-05,154.5800018310547,154.72000122070312,154.5800018310547,153.97999572753906,4365
2020-02-06,153.1999969482422,153.1999969482422,153.1999969482422,154.9199981689453,1419
2020-02-07,151.9199981689453,151.9199981689453,151.9199981689453,151.9199981689453,0
2020-02-10,151.9199981689453,152.4199981689453,151.55999755859375,151.55999755859375,1995
2020-02-11,151.55999755859375,151.55999755859375,151.55999755859375,151.55999755859375,0
2020-02-12,154.60000610351562,154.60000610351562,154.60000610351562,155.7899932861328,100
2020-02-13,155.16000366210938,155.16000366210938,155.16000366210938,155.16000366210938,0
2020-02-14,155.13999938964844,155.13999938964844,155.13999938964844,154.5,5
2020-02-17,154.67999267578125,154.67999267578125,154.67999267578125,154.67999267578125,0
2020-02-18,154.52000427246094,155.16000366210938,154.52000427246094,154.25999450683594,85
2020-02-19,157.33999633789062,157.33999633789062,157.33999633789062,157.49000549316406,100
2020-02-20,154.44000244140625,154.44000244140625,154.44000244140625,154.44000244140625,0
2020-02-21,153.72000122070312,153.72000122070312,153.72000122070312,153.72000122070312,0
2020-02-24,146.24000549316406,146.24000549316406,146.24000549316406,146.24000549316406,0
2020-02-25,143.19000244140625,143.19000244140625,143.19000244140625,143.19000244140625,0
2020-02-26,142.82000732421875,142.82000732421875,142.82000732421875,142.82000732421875,0
2020-02-27,139.0,139.0,139.0,136.25,20
2020-02-28,132.8000030517578,132.8000030517578,132.8000030517578,132.8000030517578,0
2020-03-02,135.97999572753906,135.97999572753906,135.97999572753906,135.97999572753906,0
2020-03-03,139.52000427246094,139.52000427246094,139.52000427246094,137.47999572753906,300
2020-03-04,137.32000732421875,137.32000732421875,137.32000732421875,137.32000732421875,0
2020-03-05,136.02999877929688,136.02999877929688,136.02999877929688,136.02999877929688,0
2020-03-06,132.39999389648438,132.39999389648438,132.39999389648438,132.39999389648438,0
2020-03-09,123.54000091552734,123.54000091552734,123.54000091552734,124.45999908447266,175
2020-03-10,127.31999969482422,127.31999969482422,127.31999969482422,122.62000274658205,32
2020-03-11,122.8000030517578,122.8000030517578,122.8000030517578,120.79000091552734,200
2020-03-12,105.80999755859376,105.80999755859376,105.80999755859376,105.80999755859376,0
2020-03-13,108.86000061035156,108.86000061035156,108.86000061035156,105.75,2119
2020-03-16,100.61499786376952,100.61499786376952,100.61499786376952,100.61499786376952,0
2020-03-17,100.61499786376952,100.61499786376952,100.61499786376952,100.61499786376952,0
2020-03-18,91.02999877929688,91.02999877929688,91.02999877929688,91.02999877929688,0
2020-03-19,94.08999633789062,94.08999633789062,94.08999633789062,94.08999633789062,0
2020-03-20,97.7300033569336,97.7300033569336,97.7300033569336,97.7300033569336,0
2020-03-23,93.62000274658205,96.08170318603516,93.62000274658205,95.0999984741211,870
2020-03-24,106.08000183105467,106.08000183105467,106.08000183105467,106.08000183105467,0
2020-03-25,109.3000030517578,109.3000030517578,109.3000030517578,112.18000030517578,20
2020-03-26,114.5,114.5,114.5,114.66999816894533,5
2020-03-27,109.48999786376952,109.48999786376952,109.48999786376952,109.48999786376952,0
2020-03-30,107.72000122070312,107.72000122070312,107.72000122070312,109.6999969482422,5
2020-03-31,109.97000122070312,109.97000122070312,109.97000122070312,109.97000122070312,0
2020-04-01,103.80999755859376,103.80999755859376,103.80999755859376,103.80999755859376,0
2020-04-02,103.54000091552734,103.54000091552734,103.54000091552734,102.41000366210938,9
2020-04-03,100.87000274658205,100.87000274658205,100.87000274658205,100.87000274658205,0
2020-04-06,106.86000061035156,106.86000061035156,106.86000061035156,106.86000061035156,0
2020-04-07,111.8000030517578,111.8000030517578,111.8000030517578,111.8000030517578,0
2020-04-08,112.54000091552734,112.54000091552734,112.54000091552734,112.54000091552734,0
2020-04-09,115.7699966430664,115.7699966430664,115.7699966430664,115.7699966430664,0
2020-04-14,119.1500015258789,119.1500015258789,119.1500015258789,119.1500015258789,0
2020-04-15,118.22000122070312,118.22000122070312,118.22000122070312,116.16999816894533,15
2020-04-16,116.83999633789062,117.0,116.83999633789062,117.18000030517578,770
2020-04-17,121.85823059082033,121.85823059082033,121.85823059082033,120.93000030517578,122
2020-04-20,119.5199966430664,119.5199966430664,119.5199966430664,121.27999877929688,20
2020-04-21,118.31999969482422,118.31999969482422,117.0999984741211,115.29000091552734,630
2020-04-22,115.73999786376952,115.73999786376952,115.73999786376952,115.73999786376952,0
2020-04-23,116.18000030517578,116.38870239257812,116.18000030517578,118.12999725341795,514
2020-04-24,115.43000030517578,115.43000030517578,115.43000030517578,115.43000030517578,0
2020-04-27,120.05999755859376,120.05999755859376,120.05999755859376,120.68000030517578,190
2020-04-28,121.77999877929688,121.77999877929688,121.77999877929688,121.77999877929688,0
2020-04-29,126.0999984741211,126.0999984741211,124.43710327148438,126.37999725341795,162
2020-04-30,125.52536010742188,125.52536010742188,125.52536010742188,125.0,9
2020-05-01,120.47000122070312,120.47000122070312,120.47000122070312,120.47000122070312,0
2020-05-04,119.41999816894533,119.4800033569336,119.41999816894533,118.56999969482422,360
2020-05-05,120.76000213623048,121.13999938964844,120.72000122070312,120.83000183105467,370
2020-05-06,120.0,120.33999633789062,119.83999633789062,119.18000030517578,720
2020-05-07,120.31999969482422,120.31999969482422,120.31999969482422,120.81999969482422,360
2020-05-11,122.44000244140624,122.44000244140624,122.44000244140624,122.44000244140624,0
2020-05-12,123.3000030517578,123.45999908447266,123.3000030517578,123.37000274658205,720
2020-05-13,119.68000030517578,119.68000030517578,119.68000030517578,118.3499984741211,7
2020-05-14,115.62000274658205,115.66000366210938,115.62000274658205,116.38999938964844,380
2020-05-15,118.12000274658205,118.12000274658205,118.12000274658205,117.27999877929688,10
2020-05-18,123.7699966430664,123.7699966430664,123.7699966430664,123.7699966430664,0
2020-05-19,126.62000274658205,126.62000274658205,124.1999969482422,124.8499984741211,863
2020-05-20,125.80999755859376,125.80999755859376,125.80999755859376,125.80999755859376,0
2020-05-21,124.0500030517578,124.0500030517578,124.0500030517578,124.0500030517578,0
2020-05-22,123.94000244140624,123.94000244140624,123.94000244140624,123.94000244140624,0
2020-05-26,126.0,126.0,126.0,128.47999572753906,30
2020-05-27,130.5800018310547,130.5800018310547,130.5800018310547,130.5800018310547,0
2020-05-28,132.3000030517578,133.33999633789062,132.25999450683594,133.39999389648438,405
2020-05-29,131.97999572753906,131.97999572753906,130.9600067138672,130.25,11
2020-06-01,133.88999938964844,133.88999938964844,133.88999938964844,133.88999938964844,0
2020-06-02,137.25999450683594,137.25999450683594,137.25999450683594,135.9600067138672,400
2020-06-03,138.17999267578125,138.54754638671875,138.17999267578125,140.13999938964844,4344
2020-06-04,138.22000122070312,138.22000122070312,138.22000122070312,139.58999633789062,10
2020-06-05,144.91000366210938,144.91000366210938,144.91000366210938,144.91000366210938,0
2020-06-08,145.67999267578125,145.67999267578125,145.67999267578125,145.67999267578125,0
2020-06-09,146.0,146.0,143.66000366210938,145.6699981689453,1390
2020-06-10,145.4499969482422,145.4499969482422,145.4499969482422,145.4499969482422,0
2020-06-11,139.27999877929688,139.27999877929688,139.27999877929688,139.27999877929688,0
2020-06-12,135.16000366210938,135.16000366210938,135.16000366210938,136.00999450683594,2
2020-06-15,136.77999877929688,136.77999877929688,136.77999877929688,135.4499969482422,400
2020-06-16,139.75999450683594,139.75999450683594,139.75999450683594,139.75999450683594,0
2020-06-17,139.14999389648438,139.14999389648438,139.14999389648438,139.14999389648438,0
2020-06-18,139.0800018310547,139.0800018310547,139.0800018310547,138.92999267578125,160
2020-06-19,139.6300048828125,139.6300048828125,139.6300048828125,139.6300048828125,0
2020-06-22,137.22999572753906,137.22999572753906,137.22999572753906,137.22999572753906,0
2020-06-23,139.5399932861328,139.5399932861328,139.5399932861328,139.8800048828125,1
2020-06-24,135.22000122070312,135.22000122070312,135.22000122070312,135.22000122070312,0
2020-06-25,134.5399932861328,134.5399932861328,134.5399932861328,134.5399932861328,0
2020-06-26,133.52000427246094,133.52000427246094,133.52000427246094,134.02999877929688,1
2020-06-29,132.6999969482422,132.6999969482422,132.6999969482422,135.1199951171875,12
2020-06-30,137.5500030517578,137.5500030517578,137.5500030517578,137.5500030517578,0
2020-07-01,139.77999877929688,139.77999877929688,139.4199981689453,139.3000030517578,322
2020-07-02,142.7899932861328,142.7899932861328,142.7899932861328,142.7899932861328,0
2020-07-03,141.50999450683594,141.50999450683594,141.50999450683594,141.50999450683594,0
2020-07-06,146.41000366210938,146.41000366210938,146.41000366210938,146.41000366210938,0
2020-07-07,147.02000427246094,147.02000427246094,147.02000427246094,147.8000030517578,150
2020-07-08,145.75999450683594,145.75999450683594,145.75999450683594,145.86000061035156,300
2020-07-09,144.97999572753906,144.97999572753906,144.97999572753906,144.97999572753906,0
2020-07-10,146.6199951171875,146.6199951171875,146.6199951171875,146.49000549316406,1
2020-07-13,156.27000427246094,156.27000427246094,156.27000427246094,156.27000427246094,0
2020-07-14,152.0800018310547,152.0800018310547,152.0800018310547,150.22000122070312,20
2020-07-15,153.22000122070312,153.22000122070312,153.22000122070312,152.9600067138672,127
2020-07-16,151.41000366210938,151.41000366210938,151.41000366210938,151.41000366210938,0
2020-07-17,151.8699951171875,151.8699951171875,151.8699951171875,151.8699951171875,0
2020-07-20,151.44000244140625,151.44000244140625,151.44000244140625,151.44000244140625,0
2020-07-21,155.30999755859375,155.30999755859375,155.30999755859375,155.30999755859375,0
2020-07-22,152.6199951171875,152.6199951171875,152.6199951171875,153.4199981689453,140
2020-07-23,154.36000061035156,154.36000061035156,154.36000061035156,154.36000061035156,0
2020-07-24,149.74000549316406,149.74000549316406,149.52000427246094,149.69000244140625,2061
2020-07-27,150.4311065673828,150.4311065673828,150.4311065673828,149.83999633789062,347
2020-07-28,150.83999633789062,150.83999633789062,150.83999633789062,151.6300048828125,140
2020-07-29,150.9199981689453,151.10000610351562,150.9199981689453,152.25999450683594,450
2020-07-30,149.3000030517578,149.3000030517578,149.3000030517578,149.3000030517578,0
2020-07-31,147.9199981689453,147.9199981689453,147.9199981689453,147.9199981689453,0
2020-08-03,148.6999969482422,148.6999969482422,148.6999969482422,148.6999969482422,0
2020-08-04,148.69000244140625,148.69000244140625,148.69000244140625,148.69000244140625,0
2020-08-05,150.3800048828125,150.3800048828125,150.16000366210938,150.69000244140625,300
2020-08-06,149.85000610351562,149.85000610351562,149.85000610351562,149.85000610351562,0
2020-08-07,149.5399932861328,149.5399932861328,149.5399932861328,149.5399932861328,0
2020-08-10,151.0,151.0,151.0,150.91000366210938,9
2020-08-11,154.30999755859375,154.30999755859375,154.30999755859375,154.30999755859375,0
2020-08-12,156.55999755859375,156.55999755859375,156.55999755859375,156.1199951171875,1
2020-08-13,158.0800018310547,158.0800018310547,158.0800018310547,158.0800018310547,0
2020-08-14,157.52999877929688,157.52999877929688,157.52999877929688,157.52999877929688,0
2020-08-17,157.97999572753906,157.97999572753906,157.97999572753906,158.77999877929688,1
2020-08-18,158.8300018310547,158.8300018310547,158.8300018310547,158.8300018310547,0
2020-08-19,159.32000732421875,159.32000732421875,159.32000732421875,159.32000732421875,0
2020-08-20,156.86000061035156,156.86000061035156,156.83999633789062,157.42999267578125,300
2020-08-21,158.22000122070312,158.22000122070312,158.22000122070312,158.35000610351562,10
2020-08-24,160.72000122070312,160.72000122070312,160.72000122070312,160.72000122070312,0
2020-08-25,161.27000427246094,161.27000427246094,161.27000427246094,161.27000427246094,0
2020-08-26,162.72000122070312,162.72000122070312,162.72000122070312,162.72000122070312,0
2020-08-27,163.6199951171875,163.6199951171875,163.6199951171875,163.6199951171875,0
2020-08-28,164.92999267578125,164.92999267578125,164.92999267578125,164.92999267578125,0
2020-09-01,165.72999572753906,165.72999572753906,165.72999572753906,165.72999572753906,0
2020-09-02,166.0800018310547,166.0800018310547,165.9199981689453,165.74000549316406,111
2020-09-03,164.6199951171875,164.6199951171875,164.6199951171875,164.6199951171875,0
2020-09-04,161.97999572753906,161.97999572753906,161.97999572753906,161.97999572753906,0
2020-09-07,164.8699951171875,164.8699951171875,164.8699951171875,164.8699951171875,0
2020-09-08,163.27000427246094,163.27000427246094,163.27000427246094,163.27000427246094,0
2020-09-09,162.72000122070312,162.72000122070312,162.72000122070312,162.3800048828125,7
2020-09-10,165.8000030517578,165.8000030517578,165.8000030517578,165.8000030517578,0
2020-09-11,165.3699951171875,165.3699951171875,165.3699951171875,165.3699951171875,0
2020-09-14,167.55999755859375,167.55999755859375,167.55999755859375,167.55999755859375,0
2020-09-15,169.91000366210938,169.91000366210938,169.91000366210938,169.91000366210938,0
2020-09-16,170.0800018310547,170.0800018310547,170.0800018310547,170.0800018310547,0
2020-09-17,166.55999755859375,166.55999755859375,166.55999755859375,168.25999450683594,7
2020-09-18,167.1999969482422,167.39999389648438,167.1999969482422,166.5,200
2020-09-21,158.8699951171875,158.8699951171875,158.8699951171875,158.8699951171875,0
2020-09-22,158.97999572753906,158.97999572753906,158.97999572753906,158.97999572753906,0
2020-09-23,160.38999938964844,160.38999938964844,160.38999938964844,160.38999938964844,0
2020-09-24,158.02999877929688,158.02999877929688,158.02999877929688,158.02999877929688,0
2020-09-25,158.1699981689453,158.1699981689453,158.1699981689453,158.1699981689453,0
2020-09-28,162.50999450683594,162.50999450683594,162.50999450683594,162.50999450683594,0
2020-09-29,162.27999877929688,162.27999877929688,162.27999877929688,162.27999877929688,0
2020-09-30,162.91000366210938,162.91000366210938,162.91000366210938,162.91000366210938,0
2020-10-01,164.24000549316406,164.24000549316406,164.24000549316406,164.24000549316406,0
2020-10-02,163.0500030517578,163.0500030517578,163.0500030517578,163.0500030517578,0
2020-10-05,165.58999633789062,165.58999633789062,165.58999633789062,165.58999633789062,0
2020-10-06,165.99000549316406,165.99000549316406,165.99000549316406,165.99000549316406,0
2020-10-07,166.8000030517578,166.8000030517578,166.8000030517578,166.8000030517578,0
2020-10-08,167.13999938964844,167.13999938964844,167.13999938964844,167.13999938964844,0
2020-10-09,168.24000549316406,168.24000549316406,168.24000549316406,168.24000549316406,0
2020-10-12,169.5500030517578,169.5500030517578,169.5500030517578,169.5500030517578,0
2020-10-13,168.69000244140625,168.69000244140625,168.69000244140625,168.69000244140625,0
2020-10-14,168.42999267578125,168.42999267578125,168.42999267578125,168.42999267578125,0
2020-10-15,165.0,165.0,165.0,165.0,0
2020-10-16,168.7899932861328,168.7899932861328,168.7899932861328,168.7899932861328,0
2020-10-19,169.55999755859375,169.55999755859375,169.55999755859375,169.14999389648438,6
2020-10-20,169.3699951171875,169.3699951171875,169.3699951171875,169.3699951171875,0
2020-10-21,168.44000244140625,169.0399932861328,168.44000244140625,168.47999572753906,415
2020-10-22,169.50999450683594,169.50999450683594,169.50999450683594,169.50999450683594,0
2020-10-23,170.17999267578125,170.17999267578125,170.17999267578125,170.17999267578125,0
2020-10-26,167.05999755859375,167.05999755859375,167.05999755859375,167.05999755859375,0
2020-10-27,167.33999633789062,167.33999633789062,167.33999633789062,167.00999450683594,33
2020-10-28,160.77999877929688,161.0,160.77999877929688,160.52000427246094,10
2020-10-29,160.1300048828125,160.1300048828125,160.1300048828125,160.1300048828125,0
2020-10-30,158.99000549316406,158.99000549316406,158.99000549316406,158.99000549316406,0
2020-11-02,160.60000610351562,160.60000610351562,160.60000610351562,160.60000610351562,0
2020-11-03,165.3000030517578,165.3000030517578,165.3000030517578,165.3000030517578,0
2020-11-04,168.67999267578125,168.67999267578125,168.67999267578125,168.67999267578125,0
2020-11-05,173.44000244140625,173.44000244140625,173.44000244140625,173.44000244140625,0
2020-11-06,174.10000610351562,174.10000610351562,174.10000610351562,174.10000610351562,0
2020-11-09,184.3099975585937,184.3099975585937,184.3099975585937,184.3099975585937,0
2020-11-10,184.22999572753903,184.22999572753903,184.22999572753903,184.22999572753903,0
2020-11-11,185.8600006103516,185.8600006103516,185.8600006103516,185.8600006103516,0
2020-11-12,183.4199981689453,183.4199981689453,183.4199981689453,183.4199981689453,0
2020-11-13,183.63999938964844,183.63999938964844,183.63999938964844,183.63999938964844,0
2020-11-16,187.38999938964844,187.38999938964844,187.38999938964844,187.38999938964844,0
2020-11-17,188.47999572753903,188.5599975585937,188.47999572753903,189.22999572753903,29
2020-11-18,191.3999938964844,191.3999938964844,191.3999938964844,191.3999938964844,0
2020-11-19,190.47000122070312,190.47000122070312,190.47000122070312,190.47000122070312,0
2020-11-20,192.0,192.0,192.0,191.1699981689453,3
2020-11-23,192.22999572753903,192.22999572753903,192.22999572753903,192.22999572753903,0
2020-11-24,195.5800018310547,195.5800018310547,195.5800018310547,195.5800018310547,0
2020-11-25,196.1100006103516,196.1100006103516,196.1100006103516,196.1100006103516,0
2020-11-26,196.1300048828125,196.1300048828125,196.1300048828125,196.1300048828125,0
2020-11-27,197.4100036621093,197.4100036621093,197.4100036621093,197.4100036621093,0
2020-11-30,197.1999969482422,197.1999969482422,196.5800018310547,194.9900054931641,221
2020-12-01,197.759994506836,197.759994506836,197.759994506836,197.759994506836,0
2020-12-02,196.6565856933593,196.6565856933593,196.6565856933593,197.0,50
2020-12-03,200.3300018310547,200.3300018310547,200.3300018310547,200.3300018310547,0
2020-12-04,200.3999938964844,200.3999938964844,200.3999938964844,200.3999938964844,0
2020-12-07,201.3999938964844,201.3999938964844,201.3999938964844,201.25,50
2020-12-08,200.8000030517578,200.8000030517578,200.8000030517578,201.1499938964844,2
2020-12-09,202.3500061035156,202.3500061035156,202.1999969482422,201.6999969482422,60
2020-12-10,200.5,200.5,200.5,200.6300048828125,120
2020-12-11,199.0399932861328,199.0399932861328,199.0399932861328,199.0399932861328,0
2020-12-14,201.0,201.0,201.0,201.0,0
2020-12-15,201.8249969482422,201.8249969482422,201.8249969482422,201.8249969482422,0
2020-12-16,203.6499938964844,203.8000030517578,203.5500030517578,202.9750061035156,591
2020-12-17,204.3999938964844,204.3999938964844,204.3999938964844,205.25,60
2020-12-18,206.75,206.75,206.75,205.1999969482422,25
2020-12-21,201.25,201.25,201.25,201.25,0
2020-12-22,201.8500061035156,201.8500061035156,201.8500061035156,200.875,892
2020-12-23,202.6000061035156,202.6000061035156,202.6000061035156,202.6000061035156,0
2020-12-24,203.0,203.0,203.0,203.0,0
2020-12-29,207.0249938964844,207.0249938964844,207.0249938964844,207.0249938964844,0
2020-12-30,208.1999969482422,208.1999969482422,208.1999969482422,207.7749938964844,58
2020-12-31,211.8999938964844,211.8999938964844,211.8999938964844,207.4750061035156,10
2021-01-04,213.5,213.5,210.1499938964844,207.4499969482422,518
2021-01-05,206.375,206.375,206.375,206.375,0
2021-01-06,207.6499938964844,207.6499938964844,207.6499938964844,207.6499938964844,0
2021-01-07,210.3500061035156,212.8500061035156,208.6000061035156,211.1000061035156,82
2021-01-08,214.8500061035156,214.8500061035156,214.8500061035156,214.4750061035156,15
2021-01-11,211.8500061035156,211.8500061035156,211.8500061035156,211.3000030517578,31
2021-01-12,212.0249938964844,212.0249938964844,212.0249938964844,212.0249938964844,0
2021-01-13,213.0,213.0,210.89878845214844,210.875,25
2021-01-14,211.8500061035156,211.8999938964844,211.6999969482422,211.6999969482422,102
2021-01-15,208.5,208.5,208.5,207.6499938964844,8
2021-01-18,208.6999969482422,208.6999969482422,208.6999969482422,208.2250061035156,6
2021-01-19,207.8500061035156,207.8500061035156,207.8500061035156,207.8249969482422,15
2021-01-20,209.3000030517578,210.5500030517578,209.3000030517578,210.2250061035156,240
2021-01-21,211.9750061035156,211.9750061035156,211.9750061035156,211.9750061035156,0
2021-01-22,210.9499969482422,210.9499969482422,210.9499969482422,210.9499969482422,0
2021-01-25,209.5,209.5,209.5,207.5500030517578,1440
2021-01-26,211.0,211.25,210.0819854736328,210.5500030517578,1256
2021-01-27,206.1999969482422,206.1999969482422,206.1999969482422,206.1999969482422,0
2021-01-28,206.5500030517578,206.5500030517578,206.5500030517578,207.6000061035156,6
2021-01-29,207.6000061035156,207.6000061035156,207.6000061035156,204.3500061035156,10
2021-02-01,205.6499938964844,205.6499938964844,205.6499938964844,204.9499969482422,65
2021-02-02,208.8000030517578,209.8000030517578,208.8000030517578,210.5,33
2021-02-03,211.8000030517578,211.8000030517578,211.8000030517578,210.8000030517578,6
2021-02-04,211.5500030517578,211.5500030517578,211.5500030517578,211.5500030517578,0
2021-02-05,213.9499969482422,214.3471069335937,213.9499969482422,215.8999938964844,62
2021-02-08,217.0249938964844,217.0249938964844,217.0249938964844,217.0249938964844,0
2021-02-09,217.8500061035156,217.8500061035156,217.8500061035156,217.8500061035156,0
2021-02-10,218.8000030517578,218.8999938964844,218.6000061035156,217.0500030517578,44
2021-02-11,217.6999969482422,218.5500030517578,217.6000061035156,218.1499938964844,314
2021-02-12,217.3999938964844,217.3999938964844,217.3999938964844,217.3249969482422,90
2021-02-15,220.1999969482422,220.4499969482422,220.1999969482422,220.625,580
2021-02-16,221.3999938964844,221.3999938964844,221.3999938964844,220.125,15
2021-02-17,217.3000030517578,217.3000030517578,216.6999969482422,216.9250030517578,1102
2021-02-18,217.1499938964844,217.1499938964844,217.1499938964844,217.1499938964844,0
2021-02-19,221.2749938964844,221.2749938964844,221.2749938964844,221.2749938964844,0
2021-02-22,220.2749938964844,220.2749938964844,220.2749938964844,220.2749938964844,0
2021-02-23,219.1000061035156,219.1000061035156,218.0500030517578,217.9499969482422,430
2021-02-24,221.3500061035156,221.3999938964844,221.3500061035156,220.75,330
2021-02-25,221.8999938964844,222.1000061035156,221.8999938964844,221.2250061035156,733
2021-02-26,220.0,220.0,218.1499938964844,216.1750030517578,46
2021-03-01,220.5500030517578,220.5500030517578,220.5500030517578,220.4750061035156,2
2021-03-02,220.3000030517578,220.3000030517578,220.3000030517578,220.3000030517578,0
2021-03-03,221.0,221.8999938964844,221.0,222.2250061035156,14
2021-03-04,218.6000061035156,218.6000061035156,216.8000030517578,216.8000030517578,7
2021-03-05,207.8500061035156,207.8500061035156,207.8500061035156,207.8500061035156,0
2021-03-08,218.5500030517578,218.5500030517578,215.8000030517578,215.6750030517578,216
2021-03-09,218.6000061035156,218.6000061035156,218.6000061035156,218.6000061035156,0
2021-03-10,220.0,220.0,220.0,220.8249969482422,10
2021-03-11,222.0950927734375,222.0950927734375,222.0950927734375,224.25,2750
2021-03-12,223.1499938964844,223.1499938964844,223.1499938964844,223.3249969482422,20
2021-03-15,225.25,225.6999969482422,225.25,225.25,150
2021-03-16,225.7250061035156,225.7250061035156,225.7250061035156,225.7250061035156,0
2021-03-17,224.7581024169922,224.7581024169922,224.7581024169922,225.5500030517578,4250
2021-03-18,228.8000030517578,228.8000030517578,227.75,228.7749938964844,240
2021-03-19,222.7250061035156,222.7250061035156,222.7250061035156,222.7250061035156,0
2021-03-22,225.3000030517578,225.3000030517578,224.8999938964844,225.25,170
2021-03-23,220.75,220.75,220.75,220.75,0
2021-03-24,218.7684936523437,218.7684936523437,218.7684936523437,218.4250030517578,69925
2021-03-25,216.1499938964844,216.1499938964844,214.5500030517578,216.4750061035156,106
2021-03-26,217.75,217.75,217.75,217.1750030517578,6
2021-03-29,219.0453948974609,219.0453948974609,217.3827972412109,217.2250061035156,2850
2021-03-30,220.8249969482422,220.8249969482422,220.8249969482422,220.8249969482422,0
2021-03-31,221.3000030517578,221.3000030517578,221.3000030517578,221.3000030517578,0
2021-04-01,224.5,224.5,224.5,223.875,6
2021-04-06,228.1750030517578,228.1750030517578,228.1750030517578,228.1750030517578,0
2021-04-07,228.3999938964844,228.3999938964844,228.1499938964844,227.4750061035156,6315
2021-04-08,228.25,228.25,228.25,228.3999938964844,35
2021-04-09,229.3000030517578,229.3000030517578,228.1000061035156,227.6499938964844,14
2021-04-12,229.8500061035156,229.9499969482422,228.8500061035156,229.5500030517578,194
2021-04-13,230.9499969482422,231.6499938964844,230.3500061035156,231.3500061035156,108
2021-04-14,235.5,235.8500061035156,234.3999938964844,234.0500030517578,944
2021-04-15,235.0,235.1499938964844,234.75,233.2749938964844,359
2021-04-16,234.8500061035156,235.6000061035156,233.8500061035156,235.1499938964844,590
2021-04-19,234.0,236.25,233.42486572265625,233.8999938964844,2773
2021-04-20,232.1000061035156,232.1000061035156,228.4499969482422,228.6750030517578,68
2021-04-21,230.3999938964844,232.0,230.3999938964844,232.75,224
2021-04-22,235.8000030517578,235.8000030517578,235.3000030517578,235.1999969482422,150
2021-04-23,236.25,236.25,236.25,235.5,57
2021-04-26,236.8500061035156,236.8500061035156,235.519760131836,236.125,2729
2021-04-27,235.5500030517578,236.0,235.5500030517578,236.25,565
2021-04-28,236.3000030517578,236.4499969482422,235.1999969482422,236.0500030517578,70
2021-04-29,237.0,238.5,237.0,235.7749938964844,125
2021-04-30,235.0500030517578,235.4499969482422,235.0500030517578,234.25,538
2021-05-04,235.1999969482422,235.1999969482422,231.4499969482422,230.6000061035156,321
2021-05-05,237.0,237.0,232.0500030517578,232.125,810
2021-05-06,239.0,239.0,233.5500030517578,231.375,173
2021-05-07,235.5,236.3000030517578,235.5,235.8500061035156,98
2021-05-10,235.1999969482422,235.1999969482422,235.1999969482422,235.1999969482422,0
2021-05-11,230.0,231.9499969482422,228.0,229.4250030517578,76
2021-05-12,230.1000061035156,230.1000061035156,228.75,227.4750061035156,27
2021-05-13,225.0,226.6999969482422,222.3999938964844,225.7749938964844,96
2021-05-14,228.8000030517578,231.0,228.8000030517578,230.5249938964844,1215
2021-05-17,231.8000030517578,231.8000030517578,231.0,230.7749938964844,88
2021-05-18,233.0749969482422,233.0749969482422,233.0749969482422,233.0749969482422,0
2021-05-19,227.6999969482422,227.9499969482422,227.3999938964844,228.0500030517578,381
2021-05-20,230.0,230.0,229.36929321289065,230.8999938964844,63
2021-05-21,234.3999938964844,234.3999938964844,233.75,233.2749938964844,23
2021-05-24,235.3000030517578,235.3000030517578,235.3000030517578,235.3000030517578,0
2021-05-25,238.0,238.5,237.5,237.3999938964844,266
2021-05-26,239.6000061035156,239.6000061035156,239.6000061035156,240.6499938964844,29
2021-05-27,243.8999938964844,243.8999938964844,239.3500061035156,241.3999938964844,477
2021-05-28,243.06460571289065,243.4351043701172,243.06460571289065,242.4250030517578,35
2021-06-01,243.8999938964844,246.0,243.8999938964844,245.3999938964844,2371
2021-06-02,247.75,247.75,245.0,244.8249969482422,60
2021-06-03,243.5414428710937,243.5414428710937,243.5414428710937,242.6499938964844,10
2021-06-04,242.6499938964844,242.6499938964844,242.4499969482422,242.1499938964844,330
2021-06-07,244.25,244.9499969482422,243.6999969482422,244.8999938964844,1875
2021-06-08,248.1499938964844,248.1499938964844,245.19509887695312,244.2749938964844,1231
2021-06-09,245.5500030517578,245.5500030517578,244.8500061035156,244.375,55
2021-06-10,244.0,244.0,244.0,242.5749969482422,15
2021-06-11,243.0749969482422,243.0749969482422,243.0749969482422,243.0749969482422,0
2021-06-14,244.08859252929688,244.08859252929688,243.6000061035156,243.9250030517578,205
2021-06-15,244.75,245.1000061035156,244.3999938964844,243.5500030517578,224
2021-06-16,244.1000061035156,244.1000061035156,242.3000030517578,243.2250061035156,85
2021-06-17,241.6999969482422,241.6999969482422,240.8999938964844,241.5,197
2021-06-18,242.25,242.6999969482422,242.0500030517578,237.6750030517578,145
2021-06-21,236.6000061035156,236.6000061035156,236.1499938964844,240.8999938964844,84
2021-06-22,241.6000061035156,241.9499969482422,241.4499969482422,241.375,267
2021-06-23,241.3999938964844,241.75,240.9499969482422,241.5500030517578,188
2021-06-24,244.25,244.25,244.25,244.0749969482422,4
2021-06-25,245.8000030517578,245.8000030517578,245.8000030517578,246.1499938964844,10
2021-06-28,245.75,245.75,245.75,243.8249969482422,10
2021-06-29,244.8999938964844,244.8999938964844,244.8999938964844,244.4750061035156,7
2021-06-30,242.1999969482422,242.9499969482422,240.6000061035156,242.3500061035156,34
2021-07-01,244.5,244.5,244.5,242.8000030517578,3
2021-07-02,242.625,242.625,242.625,242.625,0
2021-07-05,242.5228881835937,242.8802032470703,242.5228881835937,243.1750030517578,2557
2021-07-06,241.6999969482422,241.6999969482422,239.8500061035156,239.125,13
2021-07-07,239.3500061035156,239.3500061035156,239.3500061035156,239.3500061035156,0
2021-07-08,234.8500061035156,238.058334350586,234.07374572753903,235.0249938964844,156
2021-07-09,240.3500061035156,240.3500061035156,239.3000030517578,240.1000061035156,11
2021-07-12,242.5,242.5,242.5,242.5,0
2021-07-13,241.5249938964844,241.5249938964844,241.5249938964844,241.5249938964844,0
2021-07-14,243.8000030517578,243.8000030517578,243.8000030517578,241.7250061035156,11
2021-07-15,239.5,239.5,239.5,238.8000030517578,20
2021-07-16,238.1499938964844,238.1999969482422,238.1499938964844,236.0500030517578,44
2021-07-19,237.3500061035156,237.3500061035156,230.5500030517578,229.875,14
2021-07-20,232.3249969482422,232.3249969482422,232.3249969482422,232.3249969482422,0
2021-07-21,233.3500061035156,236.3999938964844,233.3500061035156,236.6750030517578,2
2021-07-22,237.5,237.5,237.5,237.0249938964844,2
2021-07-23,238.6499938964844,238.6499938964844,238.6499938964844,240.6750030517578,4
2021-07-26,240.0,240.0,239.1499938964844,240.9750061035156,5
2021-07-27,240.5500030517578,240.5500030517578,240.5500030517578,238.1750030517578,18
2021-07-28,240.2749938964844,240.2749938964844,240.2749938964844,240.2749938964844,0
2021-07-29,241.3999938964844,241.3999938964844,241.3999938964844,244.3500061035156,100
2021-07-30,243.7431488037109,243.7431488037109,243.7431488037109,243.125,45
2021-08-02,245.0,245.0,245.0,245.6750030517578,48
2021-08-03,245.3500061035156,245.3500061035156,244.3999938964844,244.3999938964844,13
2021-08-04,244.375,244.375,244.375,244.375,0
2021-08-05,244.6000061035156,245.3500061035156,244.6000061035156,245.6000061035156,125
2021-08-06,245.25,245.6999969482422,245.0245513916016,245.6999969482422,299
2021-08-09,243.9499969482422,243.9499969482422,243.9499969482422,244.4750061035156,2
2021-08-10,244.8999938964844,245.25,244.5,245.125,567
2021-08-11,244.8953857421875,244.8953857421875,244.8953857421875,244.7250061035156,4000
2021-08-12,248.6000061035156,248.6000061035156,248.6000061035156,244.8999938964844,6
2021-08-13,245.4750061035156,245.4750061035156,245.4750061035156,245.4750061035156,0
2021-08-16,240.6000061035156,240.6000061035156,239.3999938964844,240.3500061035156,115
2021-08-17,238.32569885253903,238.32569885253903,238.31866455078125,236.3000030517578,286
2021-08-18,236.0,236.0,235.1499938964844,233.8249969482422,481
2021-08-19,233.0,233.0,225.4805145263672,224.6750030517578,3787
2021-08-20,224.6499938964844,224.6499938964844,224.6499938964844,224.9750061035156,10
2021-08-23,226.8000030517578,229.8000030517578,226.8000030517578,230.75,47
2021-08-24,232.5500030517578,232.5500030517578,232.5500030517578,233.1000061035156,1
2021-08-25,234.0500030517578,234.0500030517578,234.0,233.6750030517578,21
2021-08-26,232.5,233.3500061035156,232.5,232.125,42
2021-08-27,232.25,232.25,232.25,233.3999938964844,1
2021-08-31,231.8000030517578,231.8000030517578,231.8000030517578,233.6999969482422,18
2021-09-01,237.1000061035156,237.8999938964844,236.6312255859375,237.75,116
2021-09-02,239.4499969482422,239.4499969482422,237.8000030517578,238.8500061035156,845
2021-09-03,235.6000061035156,235.6000061035156,235.6000061035156,235.6000061035156,0
2021-09-06,235.6000061035156,238.0,233.3927001953125,237.125,148
2021-09-07,237.7749938964844,237.7749938964844,237.7749938964844,237.7749938964844,0
2021-09-08,236.6999969482422,236.75010681152344,236.6999969482422,235.0249938964844,28
2021-09-09,236.8000030517578,238.1000061035156,234.3500061035156,237.8500061035156,50
2021-09-10,238.1000061035156,238.1000061035156,238.1000061035156,238.9250030517578,2
2021-09-13,236.8582458496093,236.8582458496093,236.8582458496093,236.8582458496093,3300
2021-09-14,235.3999938964844,237.1999969482422,234.1000061035156,235.4750061035156,321
2021-09-15,233.5,233.5,233.3500061035156,230.9499969482422,100
2021-09-16,230.9499969482422,231.75,230.9499969482422,230.6999969482422,371
2021-09-17,230.4250030517578,230.4250030517578,230.4250030517578,230.4250030517578,0
2021-09-20,224.8999938964844,224.8999938964844,224.8184967041016,225.6999969482422,9
2021-09-21,227.8999938964844,228.8000030517578,226.8999938964844,227.2250061035156,78
2021-09-22,232.75,232.75,231.3271942138672,231.2749938964844,174
2021-09-23,234.0500030517578,234.0500030517578,234.0500030517578,235.3249969482422,5
2021-09-24,232.8999938964844,232.8999938964844,232.8999938964844,232.875,15
2021-09-27,233.625,233.625,233.625,233.625,0
2021-09-28,229.3999938964844,229.3999938964844,229.3999938964844,229.3999938964844,0
2021-09-29,229.7250061035156,229.7250061035156,229.7250061035156,229.7250061035156,0
2021-09-30,228.0,234.4499969482422,228.0,227.7749938964844,8
2021-10-01,225.0,225.0,225.0,228.0,6
2021-10-04,227.875,227.875,227.875,227.875,0
2021-10-05,227.8999938964844,228.00685119628903,227.8999938964844,230.1999969482422,406
2021-10-06,226.125,226.125,226.125,226.125,0
2021-10-07,229.6499938964844,230.9499969482422,229.6499938964844,232.6750030517578,53
2021-10-08,231.4499969482422,231.4499969482422,231.4499969482422,231.3999938964844,1
2021-10-11,230.8500061035156,231.1000061035156,230.25,232.4750061035156,343
2021-10-12,231.6999969482422,231.6999969482422,231.6999969482422,231.6999969482422,0
2021-10-13,234.25,234.25,234.25,234.6999969482422,46
2021-10-14,238.5249938964844,238.5249938964844,238.5249938964844,238.5249938964844,0
2021-10-15,238.8999938964844,240.9499969482422,238.8999938964844,240.6999969482422,121
2021-10-18,238.8999938964844,238.9499969482422,238.8999938964844,239.2250061035156,30
2021-10-19,240.0,240.0,240.0,240.0,0
2021-10-20,239.0,240.6999969482422,239.0,239.9250030517578,1510
2021-10-21,239.3500061035156,239.3500061035156,239.3500061035156,241.0749969482422,50
2021-10-22,242.04315185546875,242.04315185546875,242.04315185546875,243.5249938964844,41
2021-10-25,245.9250030517578,245.9250030517578,245.9250030517578,245.9250030517578,0
2021-10-26,248.8500061035156,250.0,248.8500061035156,248.875,51
2021-10-27,248.4499969482422,250.9499969482422,244.1000061035156,247.1750030517578,48
2021-10-28,249.0,249.0,249.0,249.6499938964844,4
2021-10-29,249.8999938964844,249.8999938964844,249.8999938964844,249.7250061035156,20
2021-11-01,252.6999969482422,255.0500030517578,251.8000030517578,254.6999969482422,111
2021-11-02,253.4499969482422,255.1499938964844,253.4499969482422,254.8000030517578,22
2021-11-03,255.6499938964844,255.6499938964844,254.5,257.2250061035156,508
2021-11-04,261.54998779296875,262.6499938964844,260.8999938964844,260.4750061035156,312
2021-11-05,262.6000061035156,264.70001220703125,262.6000061035156,264.3999938964844,201
2021-11-08,264.1000061035156,264.1000061035156,264.1000061035156,263.875,30
2021-11-09,265.75,265.75,260.04998779296875,260.04998779296875,173
2021-11-10,262.1000061035156,262.1000061035156,258.25,257.82501220703125,217
2021-11-11,257.0,258.1499938964844,257.0,256.6499938964844,51
2021-11-12,260.29998779296875,260.29998779296875,260.29998779296875,260.2749938964844,19
2021-11-15,260.0,260.70001220703125,260.0,260.0,17
2021-11-16,263.25,263.45001220703125,261.25,263.1499938964844,138
2021-11-17,265.6499938964844,265.6499938964844,263.54998779296875,263.32501220703125,68
2021-11-18,266.54998779296875,266.54998779296875,264.29998779296875,264.375,236
2021-11-19,264.0,265.1000061035156,262.6000061035156,264.92498779296875,81
2021-11-22,268.79998779296875,268.79998779296875,265.70001220703125,266.20001220703125,139
2021-11-23,263.9750061035156,263.9750061035156,263.9750061035156,262.0,81
2021-11-24,260.20001220703125,260.3500061035156,260.20001220703125,260.20001220703125,128
2021-11-25,262.54998779296875,262.54998779296875,262.54998779296875,261.9750061035156,15
2021-11-26,255.0,255.08572387695312,253.0,250.2749938964844,1219
2021-11-29,253.5500030517578,253.5500030517578,252.0618896484375,254.125,113
2021-11-30,253.8999938964844,253.8999938964844,251.9499969482422,251.1750030517578,130
2021-12-01,256.1000061035156,256.1000061035156,256.1000061035156,256.42498779296875,50
2021-12-02,250.8999938964844,250.8999938964844,250.8999938964844,251.1750030517578,90
2021-12-03,251.1000061035156,251.1000061035156,251.1000061035156,246.9499969482422,3
2021-12-06,248.1499938964844,249.1499938964844,245.3500061035156,248.8500061035156,8461
2021-12-07,255.3999938964844,257.79998779296875,255.3999938964844,257.17498779296875,201
2021-12-08,256.5,256.5,256.5,256.875,1
2021-12-09,256.8999938964844,256.8999938964844,256.8999938964844,255.8249969482422,1
2021-12-10,254.1499938964844,254.1499938964844,254.0,254.3999938964844,3
2021-12-13,255.1499938964844,255.5,255.1499938964844,250.1750030517578,26
2021-12-14,246.8000030517578,246.8000030517578,246.8000030517578,246.8000030517578,0
2021-12-15,246.6499938964844,248.8271026611328,246.6499938964844,246.0500030517578,101
2021-12-16,248.0,248.0,248.0,249.125,50
2021-12-17,247.5,247.5,245.0,244.5,8
2021-12-20,240.0,241.34469604492188,240.0,239.5749969482422,231
2021-12-21,243.0,243.0,243.0,243.5249938964844,1460
2021-12-22,245.8500061035156,245.8500061035156,245.6499938964844,249.6499938964844,11
2021-12-23,252.0249938964844,252.0249938964844,252.0249938964844,252.0249938964844,0
2021-12-24,252.9750061035156,252.9750061035156,252.9750061035156,252.9750061035156,0
2021-12-29,255.6999969482422,255.6999969482422,254.3999938964844,254.7250061035156,118
2021-12-30,255.5500030517578,255.5500030517578,255.5500030517578,255.2250061035156,5
2021-12-31,253.7250061035156,253.7250061035156,253.7250061035156,253.7250061035156,0
2022-01-04,260.04998779296875,260.04998779296875,260.04998779296875,259.57501220703125,4
2022-01-05,259.54998779296875,262.1000061035156,259.54998779296875,261.75,13
2022-01-06,255.75,256.45001220703125,255.75,253.8500061035156,6
2022-01-07,253.8500061035156,254.0500030517578,249.8000030517578,249.8249969482422,1160
2022-01-10,247.0,249.3000030517578,244.5500030517578,243.3999938964844,34
2022-01-11,246.0,246.0,245.6000061035156,246.4750061035156,412
2022-01-12,250.5500030517578,250.5500030517578,250.5500030517578,249.1000061035156,1
2022-01-13,249.0,249.0,249.0,248.0,70
2022-01-14,243.3000030517578,243.3000030517578,242.0500030517578,241.8249969482422,39846
2022-01-17,244.6750030517578,244.6750030517578,244.6750030517578,244.6750030517578,0
2022-01-18,240.625,240.625,240.625,240.625,0
2022-01-19,243.0500030517578,243.0500030517578,243.0500030517578,242.0249938964844,371
2022-01-20,244.1000061035156,244.1000061035156,244.1000061035156,243.625,90
2022-01-21,238.1499938964844,238.1499938964844,235.0,237.6750030517578,88
2022-01-24,239.9499969482422,239.9499969482422,224.3500061035156,225.9750061035156,247
2022-01-25,229.3000030517578,229.3500061035156,229.1999969482422,228.2749938964844,46
2022-01-26,234.3500061035156,234.3500061035156,233.0,232.6000061035156,97
2022-01-27,227.6999969482422,229.3999938964844,227.6999969482422,227.5500030517578,80
2022-01-28,225.8000030517578,225.8000030517578,224.0500030517578,225.8999938964844,4
2022-01-31,231.1999969482422,231.1999969482422,231.1999969482422,231.3000030517578,1
2022-02-01,237.5,237.5,237.5,237.5,0
2022-02-02,239.25,239.25,239.1000061035156,237.9499969482422,120
2022-02-03,236.8999938964844,236.8999938964844,236.8999938964844,236.6499938964844,70
2022-02-04,235.0,235.0,235.0,232.625,1
2022-02-07,234.6000061035156,234.6000061035156,234.6000061035156,234.3249969482422,1
2022-02-08,233.8000030517578,233.8000030517578,233.8000030517578,234.5,50
2022-02-09,240.3500061035156,240.3500061035156,240.3500061035156,240.3500061035156,0
2022-02-10,241.8999938964844,241.8999938964844,241.8999938964844,239.75,1
2022-02-11,238.8999938964844,238.8999938964844,235.8999938964844,235.5,15
2022-02-14,228.75,229.6000061035156,228.75,231.3999938964844,84
2022-02-15,233.8999938964844,233.8999938964844,233.8999938964844,237.2749938964844,1
2022-02-16,237.3000030517578,237.3000030517578,237.3000030517578,237.3000030517578,0
2022-02-17,237.1999969482422,237.1999969482422,237.1999969482422,237.1999969482422,0
2022-02-18,236.8000030517578,236.8000030517578,236.8000030517578,232.8500061035156,100
2022-02-21,230.0249938964844,230.0249938964844,230.0249938964844,230.0249938964844,0
2022-02-22,228.0249938964844,228.0249938964844,228.0249938964844,228.0249938964844,0
2022-02-23,227.2250061035156,227.2250061035156,227.2250061035156,227.2250061035156,0
2022-02-24,216.9499969482422,216.9499969482422,216.9499969482422,216.3000030517578,37
2022-02-25,225.9499969482422,225.9499969482422,225.9499969482422,225.9499969482422,0
2022-02-28,223.3000030517578,226.3500061035156,223.3000030517578,227.6000061035156,91
2022-03-01,222.9499969482422,222.9499969482422,221.4499969482422,219.0,1430
2022-03-02,215.1000061035156,217.1999969482422,214.72560119628903,219.75,2020
2022-03-03,219.0,219.0,219.0,214.1750030517578,3
2022-03-04,208.0500030517578,208.5,207.0500030517578,204.0749969482422,32
2022-03-07,199.2400054931641,199.2400054931641,199.2400054931641,196.83999633789065,7
2022-03-08,194.759994506836,194.759994506836,187.0,191.8999938964844,691
2022-03-09,196.6999969482422,203.8500061035156,196.6999969482422,205.3999938964844,13
2022-03-10,202.25,202.25,199.67999267578125,199.38999938964844,11
2022-03-11,199.72000122070312,199.72000122070312,199.0,198.7400054931641,578
2022-03-14,197.1600036621093,197.1600036621093,197.1600036621093,197.1600036621093,0
2022-03-15,196.3300018310547,196.3300018310547,196.3300018310547,196.3300018310547,0
2022-03-16,208.4750061035156,208.4750061035156,208.4750061035156,208.4750061035156,0
2022-03-17,210.5500030517578,210.5500030517578,207.75,211.7250061035156,10
2022-03-18,215.4750061035156,215.4750061035156,215.4750061035156,215.4750061035156,0
2022-03-21,217.0,217.0,217.0,215.0500030517578,5
2022-03-22,217.7320556640625,217.7320556640625,217.7320556640625,216.9750061035156,7673
2022-03-23,218.0,218.0,216.6999969482422,216.7250061035156,3
2022-03-24,215.1499938964844,215.1499938964844,215.1499938964844,215.1499938964844,0
2022-03-25,215.6999969482422,215.6999969482422,215.6999969482422,215.6999969482422,0
2022-03-28,218.6000061035156,218.6000061035156,218.6000061035156,218.6000061035156,0
2022-03-29,228.2250061035156,228.2250061035156,228.2250061035156,228.2250061035156,0
2022-03-30,224.8999938964844,228.02005004882807,224.8999938964844,227.3249969482422,74
2022-03-31,225.5,225.5,225.5,224.1499938964844,1
2022-04-01,221.6000061035156,221.6000061035156,221.6000061035156,222.4750061035156,104
2022-04-04,226.6000061035156,226.6000061035156,226.6000061035156,226.5249938964844,110
2022-04-05,227.0,227.0,227.0,224.5,14
2022-04-06,216.0500030517578,216.0500030517578,216.0500030517578,216.0500030517578,0
2022-04-07,216.6000061035156,216.6000061035156,216.6000061035156,213.4250030517578,50
2022-04-08,219.0500030517578,219.0500030517578,219.0500030517578,215.9750061035156,3
2022-04-11,211.1999969482422,211.1999969482422,211.1999969482422,211.1999969482422,0
2022-04-12,213.9750061035156,213.9750061035156,213.9750061035156,213.9750061035156,0
2022-04-13,214.2250061035156,214.2250061035156,214.2250061035156,214.2250061035156,0
2022-04-14,216.375,216.375,216.375,216.375,0
2022-04-19,215.25,215.25,215.25,216.8249969482422,54
2022-04-20,218.7749938964844,218.7749938964844,218.7749938964844,218.7749938964844,0
2022-04-21,222.0500030517578,222.1000061035156,222.0500030517578,220.25,120
2022-04-22,213.7250061035156,213.7250061035156,213.7250061035156,213.7250061035156,0
2022-04-25,206.7250061035156,206.7250061035156,206.7250061035156,206.7250061035156,0
2022-04-26,202.6000061035156,202.6000061035156,202.6000061035156,202.6000061035156,0
2022-04-27,201.9250030517578,201.9250030517578,201.9250030517578,201.9250030517578,0
2022-04-28,202.0,202.0,202.0,202.0,0
2022-04-29,208.0,208.0,208.0,207.0500030517578,1
2022-05-03,204.4499969482422,204.4499969482422,202.75,202.5500030517578,253
2022-05-04,201.0704040527344,201.0704040527344,201.0704040527344,199.0200042724609,57
2022-05-05,196.8708038330078,196.8708038330078,196.8708038330078,195.22000122070312,378
2022-05-06,192.0,192.0,188.5,192.3699951171875,80
2022-05-09,187.0,187.0,187.0,183.1300048828125,30
2022-05-10,184.2400054931641,185.0200042724609,184.2400054931641,181.4199981689453,171
2022-05-11,186.7100067138672,186.7100067138672,186.7100067138672,186.7100067138672,0
2022-05-12,177.97999572753906,177.97999572753906,177.97999572753906,182.2899932861328,1222
2022-05-13,183.5800018310547,183.5800018310547,183.5800018310547,187.4100036621093,300
2022-05-16,186.9600067138672,186.9600067138672,186.9600067138672,185.19000244140625,15
2022-05-17,189.5200042724609,189.5200042724609,189.5200042724609,189.3500061035156,1
2022-05-18,184.8600006103516,184.8600006103516,184.8600006103516,184.8600006103516,0
2022-05-19,182.6699981689453,182.6699981689453,182.6699981689453,182.6699981689453,0
2022-05-20,178.50999450683594,178.50999450683594,178.50999450683594,178.50999450683594,0
2022-05-23,180.259994506836,180.259994506836,180.259994506836,180.509994506836,72
2022-05-24,176.4600067138672,176.4600067138672,176.4600067138672,176.5,12
2022-05-25,176.8000030517578,176.8000030517578,176.8000030517578,178.72000122070312,8
2022-05-26,181.33999633789065,181.33999633789065,181.33999633789065,186.1199951171875,5
2022-05-27,191.7100067138672,191.7100067138672,191.7100067138672,191.7100067138672,0
2022-05-30,196.1000061035156,196.1000061035156,196.1000061035156,196.7100067138672,250
2022-05-31,194.3099975585937,194.3099975585937,194.3099975585937,194.3099975585937,0
2022-06-01,196.0,196.5200042724609,193.17999267578125,192.7400054931641,376
2022-06-06,197.1999969482422,197.1999969482422,197.1999969482422,197.1999969482422,0
2022-06-07,196.07000732421875,196.07000732421875,196.07000732421875,196.07000732421875,0
2022-06-08,200.8999938964844,200.8999938964844,197.4199981689453,196.88999938964844,2
2022-06-09,192.3600006103516,192.3600006103516,192.3600006103516,192.3600006103516,0
2022-06-10,183.8300018310547,183.8300018310547,183.8300018310547,183.8300018310547,0
2022-06-13,177.9600067138672,178.17999267578125,177.9600067138672,175.55999755859375,170
2022-06-14,174.4600067138672,174.4600067138672,174.4600067138672,174.4600067138672,0
2022-06-15,175.60000610351562,175.78179931640625,175.55999755859375,177.47999572753906,4645
2022-06-16,173.11000061035156,173.11000061035156,173.11000061035156,173.11000061035156,0
2022-06-17,173.6999969482422,173.6999969482422,173.6999969482422,173.16000366210938,56
2022-06-20,175.6699981689453,175.6699981689453,175.6699981689453,175.6699981689453,0
2022-06-21,179.0800018310547,179.0800018310547,179.0800018310547,179.0800018310547,0
2022-06-22,178.39999389648438,178.39999389648438,178.39999389648438,178.39999389648438,0
2022-06-23,177.44000244140625,177.44000244140625,177.44000244140625,177.74000549316406,50
2022-06-24,184.0599975585937,184.0599975585937,184.0599975585937,184.0599975585937,0
2022-06-27,187.0,187.0,187.0,184.83999633789065,3
2022-06-28,185.0,187.47999572753903,185.0,183.5,66
2022-06-29,178.82000732421875,178.82000732421875,178.82000732421875,178.82000732421875,0
2022-06-30,173.63999938964844,174.5,173.63999938964844,176.44000244140625,610
2022-07-01,175.14999389648438,175.14999389648438,175.14999389648438,175.14999389648438,0
2022-07-04,175.91000366210938,175.91000366210938,175.91000366210938,175.91000366210938,0
2022-07-05,173.0,173.0,173.0,171.77000427246094,5
2022-07-06,174.39999389648438,174.39999389648438,174.39999389648438,174.39999389648438,0
2022-07-07,178.30999755859375,178.30999755859375,178.30999755859375,178.30999755859375,0
2022-07-08,179.13999938964844,179.13999938964844,179.13999938964844,180.7899932861328,1
2022-07-11,175.3800048828125,175.3800048828125,175.3800048828125,175.3800048828125,0
2022-07-12,173.6199951171875,175.8800048828125,173.6199951171875,176.80999755859375,157
2022-07-13,173.36000061035156,173.3800048828125,173.36000061035156,176.5399932861328,7
2022-07-14,173.77000427246094,173.77000427246094,173.77000427246094,173.77000427246094,0
2022-07-15,174.94000244140625,175.4996795654297,174.94000244140625,176.88999938964844,88
2022-07-18,180.0,180.0,180.0,181.5599975585937,174
2022-07-19,185.0,185.0,185.0,185.0,0
2022-07-20,184.6000061035156,184.6000061035156,184.6000061035156,186.1699981689453,14
2022-07-21,187.92999267578125,187.92999267578125,187.92999267578125,187.92999267578125,0
2022-07-22,189.4900054931641,189.4900054931641,189.4900054931641,189.4900054931641,0
2022-07-25,190.3321075439453,190.3321075439453,190.3321075439453,188.77999877929688,18
2022-07-26,185.0200042724609,185.0200042724609,185.0200042724609,185.0200042724609,0
2022-07-27,184.0,184.0,184.0,187.4499969482422,28
2022-07-28,193.38999938964844,193.38999938964844,193.38999938964844,193.38999938964844,0
2022-07-29,197.0500030517578,197.0500030517578,197.0500030517578,197.0500030517578,0
2022-08-01,200.6000061035156,200.6000061035156,200.6000061035156,200.6000061035156,0
2022-08-02,196.72000122070312,196.72000122070312,196.67999267578125,198.9100036621093,200
2022-08-03,198.9100036621093,198.9100036621093,198.9100036621093,198.9100036621093,0
2022-08-04,202.25,202.25,201.75,202.3000030517578,400
2022-08-05,199.97999572753903,199.97999572753903,199.97999572753903,198.2400054931641,25
2022-08-08,201.75,201.75,201.6999969482422,202.6750030517578,200
2022-08-09,204.8999938964844,204.8999938964844,204.8999938964844,197.6600036621093,1
2022-08-10,197.32000732421875,197.32000732421875,197.32000732421875,203.1499938964844,3
2022-08-11,204.2250061035156,204.2250061035156,204.2250061035156,204.2250061035156,0
2022-08-12,202.6499938964844,202.75,202.6499938964844,203.625,200
2022-08-15,204.0249938964844,204.0249938964844,204.0249938964844,204.0249938964844,0
2022-08-16,203.1000061035156,203.1000061035156,203.1000061035156,204.8000030517578,13
2022-08-17,202.75,202.75,202.75,202.75,0
2022-08-18,204.0249938964844,204.0249938964844,204.0249938964844,204.0249938964844,0
2022-08-19,199.4900054931641,199.4900054931641,199.4900054931641,199.4900054931641,0
2022-08-22,193.6199951171875,193.6199951171875,193.6199951171875,193.6199951171875,0
2022-08-23,194.1999969482422,194.1999969482422,192.62049865722656,194.5200042724609,341
2022-08-24,195.0200042724609,195.0200042724609,194.759994506836,196.8699951171875,54
2022-08-25,198.1499938964844,198.1499938964844,198.1499938964844,198.1499938964844,0
2022-08-26,194.1699981689453,194.1699981689453,194.1699981689453,194.1699981689453,0
2022-08-30,193.3600006103516,193.3600006103516,193.3600006103516,190.44000244140625,10
2022-08-31,189.83999633789065,189.83999633789065,189.83999633789065,188.3699951171875,109
2022-09-01,189.82000732421875,189.82000732421875,182.3600006103516,182.08999633789065,233
2022-09-02,188.0800018310547,188.0800018310547,188.0800018310547,188.0800018310547,0
2022-09-05,183.15269470214844,183.15269470214844,183.15269470214844,183.3600006103516,29
2022-09-06,183.5500030517578,183.5500030517578,183.5500030517578,183.5500030517578,0
2022-09-07,185.4900054931641,185.4900054931641,185.4900054931641,185.4900054931641,0
2022-09-08,184.6999969482422,184.6999969482422,184.6999969482422,187.25,109
2022-09-09,192.3699951171875,192.3699951171875,192.3699951171875,192.3699951171875,0
2022-09-12,195.5200042724609,196.3600006103516,195.4600067138672,197.1199951171875,2344
2022-09-13,199.0200042724609,199.0200042724609,199.0200042724609,191.1600036621093,1
2022-09-14,191.22999572753903,191.22999572753903,191.22999572753903,191.22999572753903,0
2022-09-15,190.92999267578125,190.92999267578125,190.92999267578125,190.92999267578125,0
2022-09-16,186.1999969482422,186.1999969482422,186.1999969482422,187.1600036621093,10
2022-09-20,188.8999938964844,188.8999938964844,188.77999877929688,188.4199981689453,224
2022-09-21,186.82000732421875,187.72000122070312,186.82000732421875,187.33999633789065,220
2022-09-22,180.52999877929688,180.52999877929688,180.52999877929688,180.52999877929688,0
2022-09-23,175.83999633789062,175.83999633789062,175.83999633789062,173.88999938964844,6
2022-09-26,174.9199981689453,176.77999877929688,174.9199981689453,174.74000549316406,115
2022-09-27,174.66000366210938,174.66000366210938,174.66000366210938,174.66000366210938,0
2022-09-28,176.24000549316406,176.24000549316406,176.24000549316406,176.24000549316406,0
2022-09-29,175.3000030517578,175.3000030517578,175.3000030517578,172.97999572753906,8
2022-09-30,173.5399932861328,173.5399932861328,173.5,172.0500030517578,111
2022-10-03,171.6199951171875,171.6199951171875,171.3800048828125,171.30999755859375,14
2022-10-04,180.7899932861328,180.7899932861328,180.7899932861328,180.7899932861328,0
2022-10-05,176.1300048828125,176.1300048828125,176.1300048828125,176.1300048828125,0
2022-10-06,178.75999450683594,178.83999633789062,178.75999450683594,177.5800018310547,220
2022-10-07,172.7899932861328,172.7899932861328,172.7899932861328,172.7899932861328,0
2022-10-10,169.5399932861328,169.5399932861328,169.5399932861328,168.38999938964844,110
2022-10-11,166.44000244140625,166.44000244140625,166.39999389648438,168.10000610351562,130
2022-10-12,169.4199981689453,169.5,168.44200134277344,168.97000122070312,740
2022-10-13,169.25999450683594,169.25999450683594,169.25999450683594,169.25999450683594,0
2022-10-14,171.39999389648438,172.4199981689453,171.39999389648438,169.3800048828125,480
2022-10-17,169.32000732421875,169.32000732421875,169.32000732421875,173.3300018310547,120
2022-10-18,170.0,170.0,170.0,174.52000427246094,2
2022-10-19,173.66000366210938,173.66000366210938,173.66000366210938,172.27000427246094,220
2022-10-20,173.6300048828125,173.6300048828125,173.6300048828125,173.6300048828125,0
2022-10-21,168.0,169.33999633789062,168.0,170.32000732421875,151
2022-10-24,170.8000030517578,170.8000030517578,170.8000030517578,170.8000030517578,0
2022-10-25,171.4600067138672,171.4600067138672,171.4600067138672,177.02999877929688,110
2022-10-26,180.6999969482422,180.6999969482422,180.6999969482422,180.6999969482422,0
2022-10-27,177.83999633789062,177.83999633789062,177.83999633789062,177.83999633789062,0
2022-10-28,175.22000122070312,175.22000122070312,175.22000122070312,175.22000122070312,0
2022-10-31,176.24000549316406,176.24000549316406,176.24000549316406,176.24000549316406,0
2022-11-01,178.1699981689453,178.1699981689453,178.1699981689453,178.1699981689453,0
2022-11-02,178.17999267578125,178.17999267578125,178.17999267578125,175.16000366210938,110
2022-11-03,171.9600067138672,171.9600067138672,171.9600067138672,171.9600067138672,0
2022-11-04,179.47000122070312,179.47000122070312,179.47000122070312,179.47000122070312,0
2022-11-07,181.17999267578125,181.5200042724609,181.17999267578125,179.6300048828125,231
2022-11-08,182.2400054931641,182.759994506836,182.2400054931641,182.0,1211
2022-11-09,179.3300018310547,179.3300018310547,179.3300018310547,179.3300018310547,0
2022-11-10,188.8000030517578,188.8000030517578,188.8000030517578,188.8000030517578,0
2022-11-11,193.8800048828125,197.32000732421875,193.8600006103516,196.6199951171875,1874
2022-11-14,196.4100036621093,196.4100036621093,196.4100036621093,196.4100036621093,0
2022-11-15,198.2400054931641,198.2400054931641,198.2400054931641,198.2400054931641,0
2022-11-16,194.57000732421875,194.57000732421875,194.57000732421875,194.57000732421875,0
2022-11-17,195.47999572753903,195.47999572753903,192.97999572753903,192.2400054931641,31
2022-11-18,195.33999633789065,195.33999633789065,195.1600036621093,194.759994506836,12
2022-11-21,191.8600006103516,191.8600006103516,191.8600006103516,191.8600006103516,0
2022-11-22,191.77999877929688,191.77999877929688,191.77999877929688,192.13999938964844,5
2022-11-23,195.6000061035156,195.6000061035156,195.6000061035156,195.6000061035156,0
2022-11-24,196.9499969482422,196.9499969482422,196.9499969482422,196.9499969482422,0
2022-11-25,196.0041961669922,196.0041961669922,196.0041961669922,195.22999572753903,1465
2022-11-28,195.13999938964844,196.5800018310547,195.13999938964844,195.3999938964844,1066
2022-11-29,195.4199981689453,195.4199981689453,195.3999938964844,195.97000122070312,5
2022-11-30,198.97999572753903,199.33999633789065,198.97999572753903,199.97999572753903,188
2022-12-01,204.5749969482422,204.5749969482422,204.5749969482422,204.5749969482422,0
2022-12-02,204.125,204.125,204.125,204.125,0
2022-12-05,203.5,203.5,203.5,203.625,115
2022-12-06,201.5500030517578,202.1999969482422,201.5500030517578,202.1999969482422,230
2022-12-07,201.3500061035156,201.3500061035156,201.3500061035156,199.71499633789065,5
2022-12-08,200.4499969482422,201.0,200.4499969482422,201.8000030517578,280
2022-12-09,202.6000061035156,203.9499969482422,202.03927612304688,202.1750030517578,2859
2022-12-12,200.8500061035156,201.8999938964844,200.8500061035156,200.875,743
2022-12-13,206.5500030517578,207.8500061035156,204.5500030517578,205.0500030517578,215
2022-12-14,203.6000061035156,204.8999938964844,203.5500030517578,204.6499938964844,768
2022-12-15,200.8000030517578,200.9499969482422,197.1999969482422,197.2899932861328,1088
2022-12-16,194.6699981689453,194.6699981689453,194.6699981689453,194.6699981689453,0
2022-12-19,195.17999267578125,195.17999267578125,194.9748992919922,193.3699951171875,26
2022-12-20,191.1300048828125,191.1300048828125,191.1300048828125,191.1300048828125,0
2022-12-21,194.2400054931641,194.2400054931641,194.2400054931641,195.1699981689453,10
2022-12-22,191.52999877929688,191.52999877929688,191.52999877929688,191.52999877929688,0
2022-12-23,192.3999938964844,192.3999938964844,192.3999938964844,192.6100006103516,15
2022-12-28,194.9199981689453,194.9199981689453,194.9199981689453,191.9499969482422,25
2022-12-29,194.67999267578125,194.67999267578125,194.6000061035156,195.1499938964844,15
2022-12-30,198.6600036621093,198.6600036621093,194.3800048828125,193.8800048828125,101
2023-01-03,196.94000244140625,197.1999969482422,196.22000122070312,195.8000030517578,225
2023-01-04,198.9199981689453,200.6999969482422,198.9199981689453,201.8249969482422,77
2023-01-05,201.9499969482422,202.3500061035156,200.75,200.8000030517578,149
2023-01-06,202.6499938964844,202.6499938964844,201.1499938964844,205.0249938964844,108
2023-01-09,207.0,209.5,206.6499938964844,209.6000061035156,320
2023-01-10,207.8000030517578,207.8000030517578,207.3500061035156,208.25,451
2023-01-11,212.5,212.5,210.5,211.9250030517578,122
2023-01-12,212.6999969482422,214.8999938964844,212.6999969482422,213.6499938964844,13
2023-01-13,216.25,216.25,213.6499938964844,215.3000030517578,56
2023-01-16,215.25,216.3999938964844,215.25,216.3500061035156,234
2023-01-17,216.8249969482422,216.8249969482422,216.8249969482422,216.8249969482422,0
2023-01-18,219.3500061035156,219.5,216.8000030517578,217.0,628
2023-01-19,214.8000030517578,214.8000030517578,213.6999969482422,212.2749938964844,40
2023-01-20,214.0,214.1499938964844,213.25,215.0249938964844,103
2023-01-23,217.1999969482422,219.1999969482422,216.8999938964844,219.1999969482422,2347
2023-01-24,219.9499969482422,219.9499969482422,219.9499969482422,219.9499969482422,5500
2023-01-25,218.75,218.75,218.6999969482422,218.8000030517578,3
2023-01-26,220.75,220.8999938964844,220.6999969482422,220.8999938964844,2919
2023-01-27,222.6499938964844,222.6499938964844,222.6499938964844,222.8000030517578,1
2023-01-30,222.8999938964844,222.8999938964844,222.25,223.125,131
2023-01-31,221.3500061035156,221.3500061035156,220.8500061035156,223.8000030517578,463
2023-02-01,225.25,225.9499969482422,224.6999969482422,224.6999969482422,930
2023-02-02,229.5,232.6499938964844,228.6499938964844,231.75,11012
2023-02-03,229.0500030517578,231.25,228.8000030517578,230.9250030517578,2424
2023-02-06,226.6499938964844,227.0,225.1499938964844,225.6999969482422,314
2023-02-07,225.1999969482422,225.1999969482422,223.1499938964844,223.3249969482422,1530
2023-02-08,224.8500061035156,226.5675048828125,224.25,222.7749938964844,7191
2023-02-09,227.1499938964844,227.9499969482422,226.75,226.0500030517578,584
2023-02-10,223.75,223.8500061035156,220.1499938964844,220.0500030517578,109
2023-02-13,221.1000061035156,222.75,220.8000030517578,223.3999938964844,751
2023-02-14,223.75,225.9499969482422,222.7998962402344,223.6000061035156,672
2023-02-15,225.6499938964844,226.8999938964844,225.6499938964844,225.8000030517578,595
2023-02-16,228.0,228.8000030517578,225.5500030517578,227.4499969482422,785
2023-02-17,223.8999938964844,224.3000030517578,223.8500061035156,224.125,5
2023-02-20,225.0500030517578,225.0500030517578,225.0500030517578,224.9250030517578,503
2023-02-21,223.1999969482422,223.8999938964844,222.75,223.25,20714
2023-02-22,220.5500030517578,222.3999938964844,220.5500030517578,222.0,359
2023-02-23,223.3500061035156,223.8500061035156,222.3000946044922,221.3500061035156,229
2023-02-24,221.3000030517578,221.3000030517578,221.3000030517578,217.2250061035156,2
2023-02-27,219.3000030517578,220.3000030517578,219.3000030517578,220.1499938964844,25
2023-02-28,219.0500030517578,220.39990234375,219.0500030517578,219.7250061035156,88
2023-03-01,220.0,223.3000030517578,220.0,220.1750030517578,6134
2023-03-02,217.6000061035156,220.8999938964844,217.6000061035156,220.6000061035156,4460
2023-03-03,223.25,224.1999969482422,223.25,224.4750061035156,10
2023-03-06,223.8999938964844,226.75,223.8999938964844,226.5,71
2023-03-07,225.3500061035156,225.3500061035156,223.1000061035156,223.1000061035156,56
2023-03-08,222.3999938964844,222.5500030517578,221.1499938964844,221.7749938964844,417
2023-03-09,223.8500061035156,223.8500061035156,220.8500061035156,220.625,24
2023-03-10,215.8999938964844,217.25,215.5,218.375,39
2023-03-13,214.5,214.6499938964844,211.6499938964844,213.6750030517578,193
2023-03-14,213.0,215.9499969482422,213.0,216.4250030517578,16
2023-03-15,209.3999938964844,209.3999938964844,207.3500061035156,207.5,478
2023-03-16,211.1000061035156,213.9499969482422,209.8000030517578,213.9499969482422,76
2023-03-17,214.8000030517578,215.2718963623047,210.75,210.9250030517578,8513
2023-03-20,211.0500030517578,215.4499969482422,210.5,214.0749969482422,96
2023-03-21,216.6499938964844,218.0500030517578,215.8979949951172,219.1999969482422,9521
2023-03-22,219.3000030517578,220.1999969482422,219.3000030517578,220.2250061035156,343
2023-03-23,219.5500030517578,222.1000061035156,219.5500030517578,221.875,189
2023-03-24,219.1999969482422,219.1999969482422,217.25,216.2749938964844,263
2023-03-27,218.8000030517578,220.8000030517578,218.8000030517578,219.3249969482422,640
2023-03-28,219.5,219.8000030517578,219.3500061035156,220.1750030517578,93
2023-03-29,221.8000030517578,223.6000061035156,221.8000030517578,222.8000030517578,76
2023-03-30,225.3000030517578,226.5,225.3000030517578,225.8000030517578,226
2023-03-31,227.8999938964844,228.4499969482422,226.54949951171875,228.2749938964844,4628
2023-04-03,231.9499969482422,231.9499969482422,228.0,227.1999969482422,202
2023-04-04,229.8500061035156,229.8500061035156,228.8500061035156,228.1750030517578,64
2023-04-05,228.25,228.25,226.75,225.4250030517578,976
2023-04-06,224.4499969482422,224.4499969482422,222.6999969482422,223.0,75
2023-04-11,226.1499938964844,226.1499938964844,225.4499969482422,225.4499969482422,9
2023-04-12,226.5,226.75,226.1499938964844,225.875,23
2023-04-13,231.0,231.0,228.9499969482422,231.3500061035156,138
2023-04-14,233.0,234.3000030517578,232.6499938964844,232.9499969482422,4259
2023-04-17,231.6999969482422,231.75,230.8999938964844,230.375,89
2023-04-18,232.8500061035156,233.3000030517578,232.75,232.8999938964844,2153
2023-04-19,232.6999969482422,233.0,232.0,232.6999969482422,1613
2023-04-20,232.6000061035156,233.9499969482422,231.1499938964844,233.125,135
2023-04-21,231.6499938964844,231.6999969482422,231.5500030517578,233.0500030517578,76
2023-04-24,234.8000030517578,235.1000061035156,234.8000030517578,234.0749969482422,79
2023-04-25,235.1000061035156,235.1000061035156,233.8000030517578,233.125,24009
2023-04-26,231.1999969482422,231.1999969482422,229.6000061035156,230.0,353
2023-04-27,231.25,231.3000030517578,229.6999969482422,230.3000030517578,358
2023-04-28,227.9499969482422,231.3500061035156,227.9499969482422,231.3500061035156,2029
2023-05-02,231.3500061035156,231.3500061035156,230.1999969482422,229.0749969482422,1279
2023-05-03,232.9499969482422,233.3999938964844,229.8500061035156,231.0749969482422,11802
2023-05-04,230.3500061035156,230.4499969482422,230.1499938964844,229.1750030517578,45
2023-05-05,230.9499969482422,231.3000030517578,229.1999969482422,231.3999938964844,3526
2023-05-09,232.0,232.0,230.0500030517578,230.75,454
2023-05-10,229.6000061035156,231.3500061035156,228.6499938964844,228.5,143
2023-05-11,229.8500061035156,229.8500061035156,229.1999969482422,229.1999969482422,35
2023-05-12,230.0500030517578,230.0500030517578,228.4499969482422,228.3500061035156,5
2023-05-15,230.3000030517578,230.3000030517578,229.6999969482422,229.6000061035156,413
2023-05-16,229.8500061035156,229.8500061035156,228.1499938964844,228.0249938964844,640
2023-05-17,226.8999938964844,227.1499938964844,226.8500061035156,228.1000061035156,318
2023-05-18,228.6999969482422,230.6999969482422,228.3999938964844,229.375,190
2023-05-19,230.6499938964844,230.6499938964844,229.6999969482422,229.2250061035156,8
2023-05-22,228.9499969482422,230.8500061035156,228.9499969482422,230.375,6996
2023-05-23,225.0,225.5500030517578,225.0,224.7250061035156,5153
2023-05-24,220.8500061035156,220.8500061035156,218.75,218.75,664
2023-05-25,217.5500030517578,219.1499938964844,217.5500030517578,219.875,131
2023-05-26,220.4499969482422,220.6499938964844,220.0,222.8999938964844,119
2023-05-30,222.8999938964844,224.8500061035156,222.25,222.125,238
2023-05-31,218.6499938964844,219.6999969482422,216.1000061035156,215.6999969482422,7435
2023-06-01,218.0,218.8000030517578,216.3999938964844,217.8000030517578,239
2023-06-02,221.8000030517578,223.5500030517578,221.8000030517578,224.3500061035156,175
2023-06-05,222.8500061035156,223.6499938964844,221.6499938964844,222.1499938964844,11603
2023-06-06,225.0500030517578,225.0500030517578,222.1999969482422,223.375,89
2023-06-07,224.3500061035156,225.5500030517578,223.8999938964844,224.75,1780
2023-06-08,224.5,225.0500030517578,224.1000061035156,225.0249938964844,374
2023-06-09,225.4250030517578,225.4250030517578,225.4250030517578,225.4250030517578,0
2023-06-12,228.6499938964844,228.6499938964844,228.1999969482422,228.3500061035156,48
2023-06-13,231.1499938964844,231.9499969482422,229.9499969482422,231.9499969482422,350
2023-06-14,233.3999938964844,235.0500030517578,233.3999938964844,235.0500030517578,31
2023-06-15,233.8500061035156,233.8500061035156,231.1999969482422,234.6499938964844,187
2023-06-16,237.0,238.6499938964844,237.0,237.5,181
2023-06-19,236.1499938964844,236.1499938964844,236.1499938964844,235.9750061035156,2
2023-06-20,234.5500030517578,235.41525268554688,233.6000061035156,233.6000061035156,322
2023-06-21,233.0500030517578,233.0500030517578,233.0500030517578,233.0500030517578,142
2023-06-22,231.8000030517578,231.8000030517578,231.5,232.1999969482422,2
2023-06-23,230.4499969482422,230.4499969482422,229.25,229.1999969482422,344
2023-06-26,229.1999969482422,231.5500030517578,229.1499938964844,229.8999938964844,315
2023-06-27,230.5,231.4499969482422,230.5,231.8999938964844,2018
2023-06-28,233.4499969482422,234.0500030517578,233.1000061035156,234.0500030517578,239
2023-06-29,234.8999938964844,234.8999938964844,234.1999969482422,234.6000061035156,1536
2023-06-30,234.6999969482422,236.5,234.6999969482422,237.8249969482422,769
2023-07-03,237.3000030517578,237.5500030517578,237.25,238.125,125
2023-07-04,238.1000061035156,238.1000061035156,237.6999969482422,237.9750061035156,101
2023-07-05,236.1000061035156,237.0,236.1000061035156,235.875,482
2023-07-06,238.6000061035156,238.6000061035156,228.5,228.5,136
2023-07-07,231.8000030517578,231.8000030517578,231.8000030517578,231.9750061035156,9
2023-07-10,232.3000030517578,234.1000061035156,232.3000030517578,234.1000061035156,99
2023-07-11,236.6000061035156,237.5,236.0,237.25,594
2023-07-12,238.8999938964844,242.3000030517578,238.8999938964844,242.5249938964844,131
2023-07-13,242.75,243.9499969482422,242.6000061035156,243.75,130
2023-07-14,244.5,244.5,244.5,244.5,0
2023-07-17,243.0500030517578,243.0500030517578,240.1999969482422,239.8999938964844,1776
2023-07-18,240.6499938964844,240.8999938964844,240.3500061035156,240.3999938964844,487
2023-07-19,242.0500030517578,242.0500030517578,239.8999938964844,240.9750061035156,228
2023-07-20,238.8500061035156,240.0,238.8000030517578,238.0500030517578,483
2023-07-21,237.6499938964844,239.0,237.6499938964844,238.6999969482422,39
2023-07-24,238.1000061035156,238.1000061035156,236.1999969482422,237.4250030517578,230
2023-07-25,238.5,238.8999938964844,237.3000030517578,237.3500061035156,50
2023-07-26,235.1000061035156,236.66470336914065,234.0,235.1499938964844,1930
2023-07-27,239.3999938964844,241.1000061035156,239.3999938964844,240.4250030517578,18
2023-07-28,241.9499969482422,241.9499969482422,241.1000061035156,241.7749938964844,296
2023-07-31,244.6000061035156,244.6000061035156,241.1999969482422,241.1999969482422,392
2023-08-01,241.0500030517578,241.0500030517578,237.9499969482422,237.5249938964844,4725
2023-08-02,234.5,235.6000061035156,234.1999969482422,234.2250061035156,2965
2023-08-03,233.1999969482422,233.8999938964844,233.1499938964844,233.6750030517578,1063
2023-08-04,234.8000030517578,234.8000030517578,233.6499938964844,236.0749969482422,188
2023-08-07,234.6999969482422,234.6999969482422,233.5500030517578,234.0249938964844,109
2023-08-08,232.8000030517578,232.8000030517578,230.3500061035156,230.8249969482422,192
2023-08-09,232.75,232.75,232.75,230.75,10
2023-08-10,234.5500030517578,236.0500030517578,234.5500030517578,236.2250061035156,955
2023-08-11,234.5,234.5,233.0,231.0249938964844,334
2023-08-14,232.0,232.0,232.0,229.625,2
2023-08-15,228.5500030517578,228.5500030517578,227.1999969482422,227.3999938964844,16727
2023-08-16,227.25,227.25,227.25,227.125,17
2023-08-17,225.25,225.25,225.25,223.125,42
2023-08-18,220.375,220.375,220.375,220.375,0
2023-08-21,221.0,222.1000061035156,221.0,220.875,260
2023-08-22,223.0500030517578,223.0500030517578,220.25,221.1000061035156,7
2023-08-23,220.6000061035156,221.3000030517578,219.5500030517578,221.8000030517578,1460
2023-08-24,223.9499969482422,223.9499969482422,221.1999969482422,219.9499969482422,8
2023-08-25,218.1999969482422,219.9499969482422,218.1999969482422,218.9499969482422,4
2023-08-29,221.3000030517578,224.1999969482422,221.3000030517578,225.2250061035156,509
2023-08-30,226.3500061035156,226.3500061035156,224.5500030517578,226.5749969482422,7
2023-08-31,224.8000030517578,224.8500061035156,224.75,224.25,156
2023-09-01,224.1000061035156,224.1000061035156,222.1999969482422,221.6499938964844,1925
2023-09-04,223.5500030517578,223.6999969482422,222.0500030517578,221.9750061035156,3
2023-09-05,218.8500061035156,220.6024932861328,218.8500061035156,218.8500061035156,4085
2023-09-06,218.0,218.0,217.0500030517578,215.2250061035156,248
2023-09-07,213.8500061035156,215.8500061035156,213.8500061035156,213.0,170
2023-09-08,212.25,214.0500030517578,212.25,215.0500030517578,4
2023-09-11,218.75,218.75,215.3999938964844,215.9499969482422,67
2023-09-12,215.0500030517578,215.8000030517578,214.8950042724609,215.1000061035156,42
2023-09-13,214.8999938964844,214.8999938964844,214.5,214.8000030517578,96
2023-09-14,213.25,216.1999969482422,213.0500030517578,216.1999969482422,635
2023-09-15,218.5500030517578,219.0500030517578,218.5,217.4750061035156,42
2023-09-18,215.3999938964844,215.3999938964844,214.25,214.6499938964844,94
2023-09-19,213.4499969482422,214.5500030517578,211.81790161132807,212.6000061035156,967
2023-09-20,214.6499938964844,214.6499938964844,213.75,214.75,446
2023-09-21,210.6999969482422,210.6999969482422,208.3999938964844,208.8999938964844,2604
2023-09-22,208.3500061035156,209.025146484375,208.3500061035156,208.9750061035156,439
2023-09-25,207.0,207.0,202.9499969482422,203.8000030517578,837
2023-09-26,202.5,202.5,201.3500061035156,201.6750030517578,783
2023-09-27,202.3000030517578,202.3000030517578,200.3500061035156,200.2749938964844,22484
2023-09-28,199.8800048828125,201.8000030517578,199.8800048828125,202.125,71
2023-09-29,205.6499938964844,207.0,205.6499938964844,205.0500030517578,118
2023-10-02,206.3000030517578,206.3000030517578,202.3500061035156,202.8999938964844,8161
2023-10-03,201.8999938964844,201.8999938964844,198.6199951171875,198.6199951171875,7725
2023-10-04,197.5399932861328,202.0500030517578,197.5399932861328,200.9499969482422,26
2023-10-05,202.1499938964844,202.1499938964844,200.8999938964844,200.5249938964844,123
2023-10-06,202.1999969482422,202.1999969482422,200.5500030517578,202.6499938964844,76
2023-10-09,199.5200042724609,199.5200042724609,199.5200042724609,199.5800018310547,26
2023-10-10,203.0500030517578,205.3999938964844,203.0500030517578,206.3999938964844,19
2023-10-11,203.4499969482422,203.4499969482422,203.4499969482422,203.4499969482422,0
2023-10-12,200.6499938964844,200.8999938964844,200.6499938964844,201.0249938964844,134
2023-10-13,198.8999938964844,198.8999938964844,198.8999938964844,197.6600036621093,1
2023-10-16,199.0,200.6000061035156,199.0,200.375,1429
2023-10-17,200.3000030517578,201.0500030517578,198.259994506836,201.0500030517578,4406
2023-10-18,199.97999572753903,199.97999572753903,199.97999572753903,198.5599975585937,75
2023-10-19,197.6000061035156,197.6000061035156,197.6000061035156,197.6000061035156,5
2023-10-20,195.2400054931641,195.4600067138672,194.6018981933593,194.3600006103516,235
2023-10-23,194.8600006103516,194.8600006103516,193.5800018310547,196.3699951171875,9
2023-10-24,198.13999938964844,198.13999938964844,198.13999938964844,198.009994506836,36
2023-10-25,199.6199951171875,199.6199951171875,196.5599975585937,197.52999877929688,52
2023-10-26,193.5200042724609,193.5200042724609,192.8600006103516,192.97999572753903,121
2023-10-27,191.47999572753903,191.72000122070312,191.47999572753903,192.92999267578125,13
2023-10-30,192.3600006103516,193.8600006103516,192.3600006103516,192.3600006103516,3
2023-10-31,193.9199981689453,193.9199981689453,193.8000030517578,192.67999267578125,33
2023-11-01,191.72999572753903,191.72999572753903,191.72999572753903,191.72999572753903,0
2023-11-02,195.1000061035156,196.6600036621093,195.1000061035156,198.1999969482422,819
2023-11-03,199.97999572753903,202.4499969482422,199.97999572753903,203.3500061035156,15
2023-11-06,203.3500061035156,203.3500061035156,203.3500061035156,202.7250061035156,50
2023-11-07,201.5,201.5,201.5,202.125,2
2023-11-08,202.1000061035156,204.25,202.1000061035156,204.1750030517578,38
2023-11-09,204.4499969482422,204.4499969482422,203.8500061035156,204.1000061035156,1823
2023-11-10,197.97999572753903,198.17999267578125,196.8000030517578,197.5800018310547,322
2023-11-13,198.8999938964844,199.4600067138672,197.9600067138672,199.08999633789065,42
2023-11-14,199.8600006103516,207.8000030517578,199.8600006103516,207.75,248
2023-11-15,210.0,210.3000030517578,209.8999938964844,210.875,595
2023-11-16,209.9499969482422,209.9499969482422,206.6499938964844,206.6750030517578,32
2023-11-17,208.6499938964844,208.6499938964844,208.6499938964844,208.6499938964844,0
2023-11-20,210.0,210.1000061035156,210.0,210.6000061035156,95
2023-11-21,210.4499969482422,210.4499969482422,209.8000030517578,209.5500030517578,222
2023-11-22,210.6499938964844,210.6499938964844,210.6499938964844,210.6499938964844,0
2023-11-23,210.5,210.5,210.5,210.5,0
2023-11-24,210.0,210.0,209.5500030517578,210.6000061035156,1221
2023-11-27,210.1999969482422,210.8500061035156,210.0,210.1750030517578,401
2023-11-28,209.5,209.5,208.0,209.1750030517578,41
2023-11-29,209.0,209.0,209.0,209.0,12
2023-11-30,208.8999938964844,208.8999938964844,208.0807037353516,208.75,307
2023-12-01,208.25,208.25,208.25,210.5249938964844,35
2023-12-04,210.8500061035156,212.3999938964844,210.8500061035156,211.8999938964844,731
2023-12-05,211.75,212.1499938964844,211.75,213.1499938964844,67
2023-12-06,213.0,214.8500061035156,213.0,214.8500061035156,663
2023-12-07,213.6999969482422,213.6999969482422,213.6999969482422,214.6750030517578,5
2023-12-08,216.0,217.3461456298828,216.0,217.0,156
2023-12-11,217.3000030517578,218.4499969482422,217.25,218.6000061035156,150
2023-12-12,218.6999969482422,218.6999969482422,218.6999969482422,218.5,40
2023-12-13,218.6499938964844,218.6499938964844,218.6499938964844,218.4250030517578,6
2023-12-14,225.3500061035156,225.5500030517578,225.3500061035156,227.0500030517578,125
2023-12-15,228.1000061035156,228.6999969482422,228.1000061035156,225.875,300
2023-12-18,225.0,225.0,223.3500061035156,224.0,444
2023-12-19,226.0500030517578,226.0500030517578,226.0500030517578,226.0500030517578,171
2023-12-20,225.8500061035156,225.8500061035156,225.8500061035156,225.8500061035156,233
2023-12-21,223.8999938964844,224.9499969482422,223.8500061035156,224.8000030517578,586
2023-12-22,223.25,223.25,223.25,223.25,243
2023-12-27,223.5,224.5,223.5,224.5,572
2023-12-28,229.0,229.0,224.1000061035156,224.1000061035156,6
2023-12-29,224.1000061035156,225.0,224.1000061035156,224.8249969482422,120
2024-01-02,219.9499969482422,222.3999938964844,219.9499969482422,220.2250061035156,27
2024-01-03,214.4750061035156,214.4750061035156,214.4750061035156,214.4750061035156,0
2024-01-04,215.5500030517578,215.6499938964844,214.6000061035156,215.6499938964844,100
2024-01-05,212.07899475097656,212.07899475097656,211.385498046875,214.1999969482422,137
2024-01-08,215.25,215.6999969482422,215.1000061035156,215.5500030517578,54
2024-01-09,215.0,215.0500030517578,214.3500061035156,214.6750030517578,165
2024-01-10,215.1000061035156,215.1000061035156,214.6999969482422,214.8999938964844,22
2024-01-11,215.0,215.0,214.8500061035156,212.6000061035156,54
2024-01-12,212.25,212.25,212.25,212.25,0
2024-01-15,210.1000061035156,210.8999938964844,210.1000061035156,210.8999938964844,8
2024-01-16,209.1999969482422,209.1999969482422,209.1999969482422,209.0249938964844,17
2024-01-17,206.8999938964844,206.8999938964844,206.0,205.1499938964844,37
2024-01-18,207.8999938964844,207.8999938964844,207.8999938964844,208.375,15
2024-01-19,210.1999969482422,210.1999969482422,207.3500061035156,207.8500061035156,1101
2024-01-22,207.6499938964844,209.8000030517578,207.6499938964844,209.1000061035156,191
2024-01-23,209.6000061035156,210.3000030517578,209.6000061035156,208.9750061035156,45
2024-01-24,211.5,211.5,211.5,211.5,0
2024-01-25,209.3500061035156,209.3500061035156,209.3500061035156,209.3500061035156,8
2024-01-26,213.9499969482422,215.0,213.8000030517578,217.6750030517578,20
2024-01-29,217.1999969482422,217.1999969482422,217.1999969482422,217.0,1
2024-01-30,218.3999938964844,219.1999969482422,218.3999938964844,219.1499938964844,129
2024-01-31,218.25,218.25,218.25,218.25,53
2024-02-01,219.1000061035156,219.5,216.73150634765625,217.9499969482422,108
2024-02-02,222.4499969482422,222.5500030517578,219.3999938964844,219.3999938964844,49
2024-02-05,219.6999969482422,220.75,219.6999969482422,218.625,100
2024-02-06,220.1499938964844,220.3000030517578,218.8000030517578,220.7749938964844,160
2024-02-07,221.3000030517578,222.1000061035156,221.3000030517578,221.9499969482422,23
2024-02-08,224.9499969482422,224.9499969482422,224.9499969482422,224.5,8
2024-02-09,226.5,226.5,226.5,226.0249938964844,4
2024-02-12,228.5500030517578,228.5500030517578,228.5500030517578,228.5500030517578,0
2024-02-13,227.5,227.5500030517578,222.6000061035156,223.2250061035156,170
2024-02-14,224.3500061035156,224.6572113037109,224.3500061035156,224.3500061035156,41
2024-02-15,227.8000030517578,229.0727996826172,227.8000030517578,228.1999969482422,358
2024-02-16,231.25,231.25,231.25,229.5749969482422,30
2024-02-19,229.6000061035156,229.6000061035156,229.1000061035156,229.3000030517578,79
2024-02-20,228.7749938964844,228.7749938964844,228.7749938964844,228.7749938964844,0
2024-02-21,230.0749969482422,230.0749969482422,230.0749969482422,230.0749969482422,0
2024-02-22,233.5500030517578,233.5500030517578,233.5500030517578,233.5500030517578,0
2024-02-23,234.8999938964844,235.3999938964844,234.8999938964844,235.3999938964844,2
2024-02-26,235.3500061035156,235.3500061035156,235.3500061035156,235.5500030517578,42
2024-02-27,236.6499938964844,237.6999969482422,236.6499938964844,237.5500030517578,55
2024-02-28,236.1499938964844,237.1999969482422,236.0500030517578,237.6750030517578,131
2024-02-29,237.1999969482422,237.1999969482422,237.1000061035156,237.2749938964844,440
2024-03-01,238.5,238.75,236.8999938964844,238.4499969482422,110
2024-03-04,237.8500061035156,237.8500061035156,236.5,235.9750061035156,110
2024-03-05,233.75,233.75,233.75,234.0249938964844,46
2024-03-06,234.8500061035156,234.8500061035156,234.1499938964844,234.1499938964844,55
2024-03-07,235.1499938964844,235.6000061035156,235.0500030517578,235.6000061035156,308
2024-03-08,237.0500030517578,237.0500030517578,237.0500030517578,237.0500030517578,0
2024-03-11,236.4499969482422,236.9499969482422,235.4499969482422,236.9499969482422,358
2024-03-12,237.75,237.75,237.6999969482422,239.3500061035156,43
2024-03-13,242.5500030517578,242.5500030517578,239.8000030517578,241.6000061035156,85
2024-03-14,242.9499969482422,242.9499969482422,239.25,239.6999969482422,4
2024-03-15,239.0,239.9499969482422,239.0,238.2250061035156,501
2024-03-18,239.8999938964844,239.8999938964844,237.5,237.1750030517578,11
2024-03-19,237.6999969482422,237.6999969482422,236.1000061035156,236.8999938964844,42
2024-03-20,235.9499969482422,235.9499969482422,235.3999938964844,235.3999938964844,58
2024-03-21,237.5500030517578,237.5500030517578,237.5500030517578,237.5500030517578,0
2024-03-22,234.1999969482422,234.1999969482422,232.614501953125,233.4499969482422,146
2024-03-25,232.8500061035156,232.9499969482422,232.5,232.9499969482422,44
2024-03-26,233.0,233.6999969482422,233.0,233.4750061035156,20
2024-03-27,233.3500061035156,234.1999969482422,233.3500061035156,234.5,259
2024-03-28,235.4499969482422,235.4499969482422,235.4499969482422,235.6499938964844,1
2024-04-02,234.6999969482422,234.75,232.6000061035156,230.7749938964844,83
2024-04-03,231.4499969482422,231.8999938964844,231.1136169433593,232.2749938964844,95
2024-04-04,233.1999969482422,233.1999969482422,233.1999969482422,233.1999969482422,4155
2024-04-05,230.6000061035156,230.6000061035156,228.25,228.875,31
2024-04-08,229.0,231.3000030517578,229.0,231.2749938964844,420
2024-04-09,230.9499969482422,231.4499969482422,228.6499938964844,228.7250061035156,2012
2024-04-10,230.8999938964844,230.9499969482422,225.8000030517578,226.0249938964844,317
2024-04-11,225.1999969482422,225.6999969482422,224.6999969482422,224.5249938964844,483
2024-04-12,226.6499938964844,226.6499938964844,226.6499938964844,221.5249938964844,1
2024-04-15,221.875,221.875,221.875,221.875,0
2024-04-16,218.5500030517578,219.25,217.0500030517578,217.1999969482422,1284
2024-04-17,221.90870666503903,221.90870666503903,221.90870666503903,219.9499969482422,50
2024-04-18,219.8500061035156,220.6526031494141,219.8500061035156,220.6499938964844,220
2024-04-19,219.3000030517578,219.3000030517578,219.0,219.1499938964844,91
2024-04-22,218.8000030517578,218.9153594970703,218.6499938964844,218.6499938964844,39
2024-04-23,220.1999969482422,222.43809509277344,220.1999969482422,222.5,2040
2024-04-24,223.25,223.25,223.25,222.5749969482422,48
2024-04-25,221.5500030517578,221.5500030517578,219.6999969482422,219.6999969482422,102
2024-04-26,221.3999938964844,222.1000061035156,220.1164093017578,222.8500061035156,13499
2024-04-29,223.8999938964844,224.11050415039065,223.5500030517578,223.5500030517578,183
2024-04-30,223.5500030517578,223.5500030517578,219.6499938964844,220.0,75
2024-05-01,219.6999969482422,219.6999969482422,218.5500030517578,216.8249969482422,166
2024-05-02,218.6000061035156,219.6499938964844,218.6000061035156,219.25,276
2024-05-03,219.8999938964844,225.1499938964844,219.8999938964844,222.3000030517578,528
2024-05-07,224.1999969482422,224.1999969482422,224.1999969482422,223.8249969482422,8
2024-05-08,222.0,223.1499938964844,221.6999969482422,221.6750030517578,34
2024-05-09,222.8000030517578,222.8000030517578,222.5,223.5500030517578,37
2024-05-10,223.75,225.1999969482422,223.75,223.3500061035156,35
2024-05-13,223.3999938964844,223.3999938964844,223.3999938964844,224.25,12
2024-05-14,224.1000061035156,226.0500030517578,224.1000061035156,226.0500030517578,86
2024-05-15,226.5749969482422,226.5749969482422,226.5749969482422,226.5749969482422,0
2024-05-16,226.6999969482422,226.6999969482422,226.1000061035156,226.5500030517578,24
2024-05-17,226.3500061035156,226.8500061035156,226.3500061035156,226.8500061035156,242
2024-05-20,227.1000061035156,227.3000030517578,226.1000061035156,226.4750061035156,140
2024-05-21,224.6750030517578,224.6750030517578,224.6750030517578,224.6750030517578,0
2024-05-22,221.3999938964844,221.3999938964844,221.25,221.25,2
2024-05-23,220.5500030517578,220.5500030517578,219.6000061035156,219.6000061035156,91
2024-05-24,220.9750061035156,220.9750061035156,220.9750061035156,220.9750061035156,0
2024-05-28,222.4499969482422,222.93118286132807,220.8999938964844,221.0500030517578,99
2024-05-29,218.0,219.5863037109375,217.1000061035156,217.1000061035156,93
2024-05-30,216.3500061035156,218.8000030517578,216.3500061035156,219.0749969482422,133
2024-05-31,219.375,219.375,219.375,219.375,0
2024-06-03,221.5500030517578,221.5500030517578,221.5500030517578,221.5500030517578,0
2024-06-04,221.75,221.9499969482422,220.86160278320312,221.3000030517578,684
2024-06-05,221.6999969482422,223.27589416503903,221.4499969482422,223.1000061035156,545
2024-06-06,225.25,226.1499938964844,224.6851043701172,224.8500061035156,252
2024-06-07,224.8500061035156,224.8500061035156,223.1999969482422,223.1999969482422,82
2024-06-10,220.8500061035156,220.8500061035156,220.5,220.5,2
2024-06-11,218.5,218.6000061035156,218.5,218.6000061035156,4
2024-06-12,222.2749938964844,222.2749938964844,222.2749938964844,222.2749938964844,0
2024-06-13,217.8999938964844,220.0,217.8999938964844,218.6999969482422,71
2024-06-14,217.0,217.0,217.0,214.0749969482422,24
2024-06-17,214.8500061035156,214.8500061035156,213.93719482421875,215.25,2170
2024-06-18,216.0,217.49459838867188,215.6999969482422,215.6750030517578,40
2024-06-19,215.5,215.5,215.5,215.5,44
2024-06-20,215.9750061035156,215.9750061035156,215.9750061035156,215.9750061035156,0
2024-06-21,215.50979614257807,215.50979614257807,215.5,214.9499969482422,610
2024-06-24,218.3000030517578,218.3000030517578,218.3000030517578,218.3000030517578,0
2024-06-25,218.1000061035156,218.21530151367188,218.05059814453125,219.375,1744
2024-06-26,219.4499969482422,219.4499969482422,217.8000030517578,217.8000030517578,477
2024-06-27,217.5500030517578,217.5500030517578,216.8999938964844,216.4750061035156,273
2024-06-28,216.5,216.5,214.75,214.7250061035156,39
2024-07-01,216.0,216.0,213.3500061035156,212.9250030517578,74
2024-07-02,211.8000030517578,213.1000061035156,211.4499969482422,213.1000061035156,125
2024-07-03,216.75,217.0,216.0,216.125,76
2024-07-04,216.7628936767578,216.7628936767578,216.7628936767578,216.5749969482422,30
2024-07-05,215.6000061035156,215.6000061035156,215.6000061035156,215.6000061035156,0
2024-07-08,217.0,217.0,215.8500061035156,215.8500061035156,384
2024-07-09,215.8000030517578,215.8000030517578,215.8000030517578,214.0249938964844,40
2024-07-10,215.5,215.5,215.5,215.5,0
2024-07-11,219.0249938964844,219.0249938964844,219.0249938964844,219.0249938964844,0
2024-07-12,222.6499938964844,222.6499938964844,222.6499938964844,222.6499938964844,0
2024-07-15,218.6499938964844,219.0500030517578,218.6499938964844,218.6499938964844,40
2024-07-16,216.75,216.9499969482422,216.5,217.5749969482422,78
2024-07-17,219.3999938964844,219.3999938964844,219.3999938964844,218.3249969482422,0
2024-07-18,217.3000030517578,218.6499938964844,217.25,217.3249969482422,219
2024-07-19,214.5500030517578,214.6999969482422,213.75,213.2250061035156,250
2024-07-22,215.3500061035156,215.6499938964844,215.3500061035156,216.2250061035156,841
2024-07-23,216.6499938964844,216.6499938964844,216.6499938964844,216.6499938964844,53
2024-07-24,212.0,213.1000061035156,211.6999969482422,211.0749969482422,142
2024-07-25,208.3999938964844,208.3999938964844,208.3999938964844,208.1999969482422,90
2024-07-26,209.0,210.6999969482422,209.0,210.6999969482422,177
2024-07-29,212.5500030517578,212.5500030517578,209.1999969482422,209.1999969482422,84
2024-07-30,209.7749938964844,209.7749938964844,209.7749938964844,209.7749938964844,0
2024-07-31,210.8500061035156,210.8500061035156,210.8500061035156,209.7250061035156,1
2024-08-01,206.6499938964844,206.6499938964844,206.6499938964844,205.1750030517578,2
2024-08-02,203.1000061035156,203.1000061035156,202.0,200.75,41
2024-08-05,197.17999267578125,197.17999267578125,195.63999938964844,198.2400054931641,446
2024-08-06,198.47999572753903,198.941635131836,198.3800048828125,198.4199981689453,20002
2024-08-07,200.0,201.5,200.0,200.625,114
2024-08-08,199.77999877929688,199.77999877929688,199.77999877929688,199.77999877929688,0
2024-08-09,201.25,201.25,199.1600036621093,200.009994506836,37
2024-08-12,198.6999969482422,198.9969024658203,198.5200042724609,198.9499969482422,172
2024-08-13,198.3973999023437,200.0180053710937,198.1094970703125,200.5500030517578,283
2024-08-14,203.0,203.0,203.0,203.0,0
2024-08-15,207.375,207.375,207.375,207.375,0
2024-08-16,208.1905975341797,208.1999969482422,208.1905975341797,207.6999969482422,56
2024-08-19,210.5500030517578,210.9499969482422,210.5500030517578,211.3999938964844,47
2024-08-20,211.6999969482422,212.1999969482422,211.1000061035156,211.1000061035156,111
2024-08-21,213.6750030517578,213.6750030517578,213.6750030517578,213.6750030517578,0
2024-08-22,215.1499938964844,215.1499938964844,215.1499938964844,213.8999938964844,11
2024-08-23,213.5500030517578,215.8000030517578,213.5500030517578,216.5500030517578,2
2024-08-27,216.0,216.6999969482422,214.9499969482422,214.9499969482422,490
2024-08-28,213.6999969482422,213.6999969482422,213.6999969482422,213.0749969482422,16
2024-08-29,214.3999938964844,214.3999938964844,214.3999938964844,214.3999938964844,0
2024-08-30,214.8000030517578,215.0500030517578,213.8860015869141,213.7749938964844,1769
2024-09-02,213.8500061035156,213.8500061035156,212.8999938964844,213.6999969482422,158
2024-09-03,213.6499938964844,214.25,213.40249633789065,212.2250061035156,306
2024-09-04,208.0500030517578,209.0500030517578,207.31689453125,208.6000061035156,235
2024-09-05,208.6499938964844,208.8999938964844,206.6999969482422,205.8249969482422,62
2024-09-06,205.0,205.1999969482422,205.0,203.0749969482422,107
2024-09-09,202.5,202.6000061035156,202.3791046142578,202.5,2568
2024-09-10,203.8000030517578,203.8000030517578,201.40049743652344,200.3000030517578,562
2024-09-11,199.2400054931641,199.2400054931641,199.2400054931641,199.7350006103516,0
2024-09-12,203.5,203.5,203.0500030517578,202.6750030517578,101
2024-09-13,205.0249938964844,205.0249938964844,205.0249938964844,205.0249938964844,0
2024-09-16,205.75,205.75,204.8500061035156,204.8500061035156,6
2024-09-17,207.1499938964844,207.1499938964844,207.0500030517578,207.1499938964844,75
2024-09-18,207.0,207.25,206.0500030517578,205.6000061035156,214
2024-09-19,212.15530395507807,212.15530395507807,212.15530395507807,211.2749938964844,70
2024-09-20,206.5249938964844,206.5249938964844,206.5249938964844,206.5249938964844,0
2024-09-23,205.4297637939453,205.4297637939453,205.4297637939453,208.1750030517578,100
2024-09-24,211.1000061035156,213.1499938964844,211.1000061035156,213.3249969482422,2298
2024-09-25,214.6999969482422,214.6999969482422,213.3999938964844,213.3999938964844,206
2024-09-26,217.3500061035156,222.8999938964844,217.3500061035156,223.4499969482422,579
2024-09-27,226.9499969482422,226.9499969482422,226.9499969482422,228.7749938964844,22
2024-09-30,228.5,228.5,227.5500030517578,225.3000030517578,301
2024-10-01,225.0500030517578,225.1000061035156,224.0,220.1999969482422,1082
2024-10-02,222.1999969482422,222.1999969482422,222.1999969482422,221.0500030517578,0
2024-10-03,217.8000030517578,217.8000030517578,217.8000030517578,217.6000061035156,109
2024-10-04,218.4750061035156,218.4750061035156,218.4750061035156,218.4750061035156,0
2024-10-07,220.25,220.25,220.25,221.3249969482422,7
2024-10-08,215.3999938964844,215.3999938964844,215.3999938964844,217.3500061035156,21
2024-10-09,217.0500030517578,218.0,217.0500030517578,219.3000030517578,217
2024-10-10,218.2167053222656,218.2167053222656,218.2167053222656,218.4250030517578,263
2024-10-11,217.75,217.75,217.75,219.7250061035156,87
2024-10-14,218.8000030517578,218.8000030517578,217.8000030517578,217.7250061035156,563
2024-10-15,216.8999938964844,216.8999938964844,216.8999938964844,216.8999938964844,0
2024-10-16,214.3000030517578,214.3000030517578,214.3000030517578,214.3000030517578,0
2024-10-17,214.5,214.75390625,214.3999938964844,215.1000061035156,87
2024-10-18,217.0,217.0,217.0,216.625,1
2024-10-21,213.8000030517578,213.8000030517578,213.8000030517578,213.8000030517578,0
2024-10-22,213.6499938964844,214.6999969482422,213.4499969482422,214.1999969482422,256
2024-10-23,212.9499969482422,213.5,212.77870178222656,212.625,80
2024-10-24,216.3999938964844,216.3999938964844,216.3999938964844,215.6750030517578,614
2024-10-25,215.3999938964844,216.9499969482422,215.3999938964844,216.375,133
2024-10-28,217.3999938964844,218.1999969482422,217.3000030517578,218.1999969482422,816
2024-10-29,218.3000030517578,218.3000030517578,218.3000030517578,216.8999938964844,0
2024-10-30,214.8000030517578,214.8000030517578,214.3999938964844,214.9250030517578,43
2024-10-31,213.1999969482422,213.1999969482422,210.3999938964844,210.3999938964844,62
2024-11-01,210.9250030517578,210.9250030517578,210.9250030517578,210.9250030517578,0
2024-11-04,211.0500030517578,211.0500030517578,211.0041961669922,210.5500030517578,278
2024-11-05,209.4499969482422,209.4499969482422,209.4499969482422,209.75,35
2024-11-06,210.6000061035156,211.07940673828125,210.6000061035156,209.0500030517578,1684
2024-11-07,215.1000061035156,215.1000061035156,215.1000061035156,215.1000061035156,0
2024-11-08,210.8249969482422,210.8249969482422,210.8249969482422,210.8249969482422,0
2024-11-11,211.4499969482422,212.59786987304688,211.3999938964844,213.0,75
2024-11-12,209.3999938964844,209.3999938964844,209.0218505859375,207.125,28
2024-11-13,207.3500061035156,207.3500061035156,207.3500061035156,207.3500061035156,0
2024-11-14,209.4499969482422,209.6999969482422,208.55259704589844,209.6499938964844,618
2024-11-15,208.1499938964844,208.25,207.1999969482422,207.7749938964844,50
2024-11-18,208.0,208.3000030517578,208.0,209.0,455
2024-11-19,205.3999938964844,207.6499938964844,205.3999938964844,207.75,825
2024-11-20,208.9499969482422,208.9499969482422,206.3999938964844,207.0749969482422,306
2024-11-21,207.6000061035156,207.6000061035156,206.87750244140625,207.6999969482422,98
2024-11-22,209.2749938964844,209.2749938964844,209.2749938964844,209.2749938964844,0
2024-11-25,212.6999969482422,212.6999969482422,212.25,214.0,139
2024-11-26,214.6999969482422,214.6999969482422,213.8000030517578,212.7749938964844,18
2024-11-27,213.3000030517578,213.3000030517578,212.6000061035156,213.0,28
2024-11-28,212.5730743408203,212.5730743408203,212.5730743408203,212.3999938964844,130
2024-11-29,213.9750061035156,213.9750061035156,213.9750061035156,213.9750061035156,0
2024-12-02,213.75,216.24859619140625,213.75,216.7250061035156,846
2024-12-03,218.5,218.6499938964844,217.1999969482422,217.3249969482422,110
2024-12-04,218.1499938964844,218.5500030517578,218.1000061035156,218.7749938964844,6845
2024-12-05,219.8000030517578,219.8000030517578,219.8000030517578,221.1499938964844,8
2024-12-06,221.5,221.5,221.5,224.6999969482422,90
2024-12-09,228.25,229.0,226.3500061035156,226.3500061035156,1826
2024-12-10,225.6999969482422,225.6999969482422,225.1999969482422,225.3000030517578,14
2024-12-11,226.1999969482422,226.1999969482422,226.1999969482422,226.1999969482422,0
2024-12-12,226.9499969482422,227.1614990234375,226.8000030517578,228.0749969482422,85
2024-12-13,227.3500061035156,227.3500061035156,225.1499938964844,227.3500061035156,12
2024-12-16,225.5,226.3999938964844,225.4499969482422,226.3999938964844,137
2024-12-17,226.3999938964844,226.3999938964844,226.3999938964844,226.2749938964844,20
2024-12-18,225.6499938964844,225.6499938964844,225.5500030517578,226.4250030517578,640
2024-12-19,219.5,220.75,219.5,219.6999969482422,223
2024-12-20,222.4250030517578,222.4250030517578,222.4250030517578,222.4250030517578,0
2024-12-23,220.8500061035156,221.6000061035156,220.8500061035156,220.1499938964844,73
2024-12-24,221.3249969482422,221.3249969482422,221.3249969482422,221.3249969482422,0
2024-12-27,222.6750030517578,222.6750030517578,222.6750030517578,222.6750030517578,0
2024-12-30,222.75,222.75,222.75,219.9499969482422,1
2024-12-31,221.3999938964844,221.3999938964844,221.3999938964844,221.3999938964844,0
2025-01-02,218.75,218.75,217.3500061035156,217.5249938964844,271
2025-01-03,214.4750061035156,214.4750061035156,214.4750061035156,214.4750061035156,0
2025-01-06,216.5500030517578,216.5500030517578,216.5500030517578,220.8999938964844,113
2025-01-07,221.3697052001953,221.3697052001953,221.3435974121093,220.1499938964844,150
2025-01-08,219.1999969482422,219.1999969482422,218.3000030517578,218.3000030517578,4
2025-01-09,217.7250061035156,217.7250061035156,217.7250061035156,217.7250061035156,0
2025-01-10,216.9754943847656,216.9754943847656,216.9754943847656,215.8500061035156,353
2025-01-13,213.4499969482422,214.8000030517578,213.4499969482422,214.3000030517578,55
2025-01-14,217.5500030517578,217.5500030517578,217.5500030517578,216.6499938964844,941
2025-01-15,216.4499969482422,219.3500061035156,216.4499969482422,218.5500030517578,50
2025-01-16,223.25,225.1499938964844,222.8000030517578,224.8000030517578,5720
2025-01-17,226.1000061035156,228.0500030517578,226.1000061035156,228.0500030517578,822
2025-01-20,227.1499938964844,230.75,227.1499938964844,229.7749938964844,1885
2025-01-21,228.8999938964844,229.8999938964844,228.8999938964844,230.8500061035156,545
2025-01-22,231.75,231.75,230.8500061035156,231.0500030517578,70
2025-01-23,231.0,231.0,231.0,231.0,0
2025-01-24,236.6000061035156,236.6499938964844,236.6000061035156,234.875,63
2025-01-27,233.3000030517578,235.6499938964844,231.72520446777344,235.6499938964844,142
2025-01-28,233.4499969482422,237.3500061035156,233.4499969482422,236.8500061035156,212
2025-01-29,236.6499938964844,236.6499938964844,235.6999969482422,236.0249938964844,467
2025-01-30,237.6499938964844,238.64630126953125,237.6499938964844,239.2250061035156,273
2025-01-31,238.9499969482422,238.9499969482422,238.75,238.9250030517578,9
2025-02-03,228.3999938964844,232.8090057373047,228.3999938964844,232.5,33
2025-02-04,231.25,234.25,230.8999938964844,234.25,819
2025-02-05,233.9499969482422,233.9499969482422,232.1999969482422,233.6000061035156,6906
2025-02-06,233.6499938964844,235.83999633789065,233.6499938964844,236.5249938964844,380
2025-02-07,233.0,233.0,232.0,231.75,1832
2025-02-10,231.1000061035156,231.1000061035156,231.1000061035156,231.6499938964844,36
2025-02-11,230.0,230.0,230.0,230.625,15
2025-02-12,230.3999938964844,231.5500030517578,230.3999938964844,231.2250061035156,238
2025-02-13,234.6999969482422,237.1999969482422,234.6999969482422,237.4499969482422,443
2025-02-14,240.0,241.3999938964844,239.72000122070312,239.9750061035156,320
2025-02-17,239.4188995361328,239.4188995361328,239.4188995361328,239.75,175
2025-02-18,239.5,239.5,239.5,239.75,1
2025-02-19,235.875,235.875,235.875,235.875,0
2025-02-20,235.3500061035156,235.3500061035156,235.3500061035156,235.3500061035156,0
2025-02-21,236.6499938964844,236.6499938964844,236.6499938964844,235.8249969482422,10
2025-02-24,233.8500061035156,233.8500061035156,233.8500061035156,232.9250030517578,1
2025-02-25,234.0,234.0,234.0,231.5749969482422,250
2025-02-26,236.1000061035156,236.1000061035156,235.1708984375,236.1499938964844,440
2025-02-27,232.6499938964844,232.8000030517578,232.5,230.9499969482422,113
2025-02-28,230.4499969482422,230.4499969482422,230.4499969482422,230.4499969482422,0
2025-03-03,231.3999938964844,233.7597045898437,231.3999938964844,233.3999938964844,301
2025-03-04,228.1307983398437,228.1307983398437,224.1013946533203,223.0749969482422,440
2025-03-05,229.4499969482422,229.4499969482422,229.4499969482422,228.3999938964844,45
2025-03-06,230.3999938964844,230.3999938964844,227.3894958496093,227.8500061035156,169
2025-03-07,221.6999969482422,221.8999938964844,220.6000061035156,220.6000061035156,1295
2025-03-10,220.1000061035156,220.1000061035156,220.0,217.875,119
2025-03-11,219.0,219.0500030517578,215.0,215.3000030517578,63
2025-03-12,216.1000061035156,218.3000030517578,214.6815948486328,216.1999969482422,764
2025-03-13,212.6499938964844,212.6499938964844,212.6499938964844,212.6499938964844,0
2025-03-14,214.4109039306641,214.6000061035156,214.4109039306641,214.875,55
2025-03-17,215.8000030517578,216.1999969482422,215.8000030517578,216.1499938964844,225
2025-03-18,216.9647979736328,216.9647979736328,216.9647979736328,214.8500061035156,70
2025-03-19,214.6499938964844,214.6499938964844,214.02200317382807,215.875,525
2025-03-20,214.1999969482422,214.4499969482422,214.1999969482422,213.875,500
2025-03-21,212.1999969482422,212.1999969482422,212.1999969482422,212.1999969482422,0
2025-03-24,213.6499938964844,214.2541961669922,212.91140747070312,214.1999969482422,452
2025-03-25,215.3999938964844,215.3999938964844,214.55747985839844,214.3999938964844,159
2025-03-26,214.0,214.04429626464844,212.125,212.2250061035156,480
2025-03-27,211.40899658203125,211.40899658203125,211.40899658203125,211.375,233
2025-03-28,210.1000061035156,210.5500030517578,210.1000061035156,208.0749969482422,181
2025-03-31,202.5,203.29049682617188,202.5,203.6499938964844,159
2025-04-01,206.9499969482422,206.9499969482422,206.9499969482422,206.9499969482422,0
2025-04-02,206.1392059326172,206.1392059326172,206.1392059326172,208.4499969482422,75
2025-04-03,204.6999969482422,205.0500030517578,200.0,199.13999938964844,825
2025-04-04,198.8000030517578,198.8000030517578,188.9600067138672,192.0800018310547,85
2025-04-07,178.16000366210938,186.3000030517578,178.16000366210938,182.63999938964844,1741
2025-04-08,188.0200042724609,188.14840698242188,185.05479431152344,187.9499969482422,386
2025-04-09,183.0,184.6966552734375,183.0,183.92999267578125,969
2025-04-10,202.0,202.0,194.33999633789065,193.7700042724609,90
2025-04-11,194.82000732421875,195.0399932861328,194.82000732421875,193.8699951171875,1041
2025-04-14,198.72000122070312,199.97999572753903,198.259994506836,198.259994506836,253
2025-04-15,197.2400054931641,197.2400054931641,195.67999267578125,196.509994506836,1126
2025-04-16,196.4199981689453,196.4199981689453,194.18409729003903,196.9499969482422,238
2025-04-17,196.5,196.5,196.5,195.4900054931641,6
2025-04-22,198.13999938964844,198.13999938964844,197.32000732421875,199.72000122070312,340
2025-04-23,205.6000061035156,205.6000061035156,205.0,204.875,1168
2025-04-24,202.5,205.9499969482422,202.3999938964844,205.9750061035156,4549
2025-04-25,207.1499938964844,207.3999938964844,207.1499938964844,207.6499938964844,47
2025-04-28,209.25,209.4900054931641,208.3500061035156,208.3500061035156,503
2025-04-29,208.8249969482422,208.8249969482422,208.8249969482422,208.8249969482422,0
2025-04-30,206.8500061035156,206.8500061035156,206.8500061035156,206.8500061035156,0
2025-05-01,210.4250030517578,210.4250030517578,210.4250030517578,210.4250030517578,0
2025-05-02,210.0,210.0,210.0,212.2749938964844,33
2025-05-06,213.5500030517578,213.5500030517578,210.9499969482422,213.2749938964844,261
2025-05-07,212.8500061035156,213.8999938964844,212.8000030517578,213.2250061035156,1736
2025-05-08,215.8000030517578,215.8000030517578,215.1499938964844,215.8000030517578,68
2025-05-09,216.0,216.3500061035156,216.0,216.625,413
2025-05-12,219.4499969482422,225.25,219.4499969482422,224.0500030517578,38
2025-05-13,223.6999969482422,226.9718017578125,223.6999969482422,226.8500061035156,693
2025-05-14,227.71290588378903,228.0823974609375,227.71290588378903,228.0500030517578,104
2025-05-15,226.6000061035156,226.6000061035156,225.4499969482422,226.0,169
2025-05-16,228.6000061035156,228.6000061035156,227.6499938964844,227.625,421
2025-05-19,229.8999938964844,229.8999938964844,226.32460021972656,227.9499969482422,72
2025-05-20,228.4499969482422,228.4499969482422,228.1499938964844,228.3999938964844,9
2025-05-21,227.1750030517578,227.1750030517578,227.1750030517578,227.1750030517578,0
2025-05-22,222.375,222.375,222.375,222.375,0
2025-05-23,220.8500061035156,220.8500061035156,220.8500061035156,219.2250061035156,584
2025-05-27,222.5500030517578,224.0,222.5500030517578,224.5500030517578,109
2025-05-28,223.6499938964844,223.6499938964844,223.6499938964844,223.6499938964844,0
2025-05-29,224.0,224.4351043701172,224.0,224.0749969482422,33
2025-05-30,224.3999938964844,224.3999938964844,224.3999938964844,224.0500030517578,11
2025-06-02,221.6750030517578,221.6750030517578,221.6750030517578,221.6750030517578,0
2025-06-03,223.3999938964844,223.3999938964844,223.3999938964844,223.3999938964844,0
2025-06-04,223.6000061035156,223.6000061035156,223.6000061035156,224.625,10
2025-06-05,223.8500061035156,223.8500061035156,223.8500061035156,222.625,863
2025-06-06,220.8000030517578,221.0,220.8000030517578,220.9250030517578,541
2025-06-09,219.3000030517578,222.0,219.3000030517578,221.6000061035156,31
2025-06-10,223.6499938964844,223.6499938964844,223.6499938964844,224.5,17
2025-06-11,226.0,226.0,226.0,225.3249969482422,8
2025-06-12,224.1999969482422,224.1999969482422,224.1999969482422,223.8000030517578,12
2025-06-13,219.1499938964844,219.1499938964844,218.0,219.5,57
2025-06-16,222.3249969482422,222.3249969482422,222.3249969482422,222.3249969482422,0
2025-06-17,220.5,220.5,219.3500061035156,219.3500061035156,2
2025-06-18,219.8500061035156,219.8500061035156,219.8500061035156,219.8500061035156,0
2025-06-19,215.3249969482422,215.3249969482422,215.3249969482422,215.3249969482422,0
2025-06-20,217.6499938964844,217.6499938964844,217.6499938964844,217.6499938964844,0
2025-06-23,219.0500030517578,219.0500030517578,219.0500030517578,218.4499969482422,0
2025-06-24,223.1999969482422,223.1999969482422,223.1999969482422,223.5749969482422,41
2025-06-25,223.3000030517578,224.1000061035156,222.5500030517578,221.7749938964844,474
2025-06-26,223.5500030517578,223.5500030517578,221.6999969482422,222.3500061035156,138
2025-06-27,225.6499938964844,226.6000061035156,225.1999969482422,227.6999969482422,2398
2025-06-30,228.25,228.9499969482422,227.8999938964844,228.3500061035156,9
2025-07-01,228.5,230.8000030517578,228.022705078125,231.6000061035156,304
2025-07-02,233.4499969482422,234.3999938964844,233.4499969482422,235.2749938964844,82
2025-07-03,236.1999969482422,236.8999938964844,236.1999969482422,236.7749938964844,48
2025-07-04,234.8500061035156,234.8500061035156,234.8500061035156,235.0500030517578,42
2025-07-07,234.3999938964844,234.6499938964844,234.3999938964844,235.1000061035156,615
2025-07-08,235.6000061035156,236.0,234.4499969482422,236.3000030517578,62
2025-07-09,236.75,236.75,236.75,237.3249969482422,61
2025-07-10,239.0,239.0,239.0,241.9250030517578,25
2025-07-11,241.5,241.5,238.89450073242188,239.3000030517578,697
2025-07-14,237.9499969482422,239.25,237.50540161132807,239.25,1616
2025-07-15,239.6999969482422,239.6999969482422,239.4499969482422,236.5,26
2025-07-16,236.6499938964844,237.5500030517578,236.6499938964844,237.5500030517578,151
2025-07-17,237.0,237.0,235.8500061035156,236.4750061035156,61
2025-07-18,238.25,238.25,237.4333953857422,237.3249969482422,158
2025-07-21,237.8500061035156,238.4499969482422,237.8500061035156,238.4499969482422,9
2025-07-22,237.8000030517578,237.8000030517578,236.4499969482422,237.4250030517578,22
2025-07-23,240.3999938964844,242.8000030517578,240.3999938964844,242.0,398
2025-07-24,241.8999938964844,241.8999938964844,241.1999969482422,241.0,4
2025-07-25,240.1808013916016,240.1808013916016,240.1808013916016,242.4250030517578,95
2025-07-28,240.9499969482422,241.6999969482422,240.9499969482422,241.6999969482422,1042
2025-07-29,240.9499969482422,240.9499969482422,236.3500061035156,236.3500061035156,543
2025-07-30,236.6499938964844,236.6499938964844,236.6499938964844,235.8249969482422,4
2025-07-31,236.0500030517578,236.0500030517578,231.3500061035156,229.0500030517578,317
2025-08-01,225.0500030517578,225.0500030517578,222.6000061035156,224.125,768
2025-08-04,224.1000061035156,225.9499969482422,224.1000061035156,226.4250030517578,10
2025-08-05,226.625,226.625,226.625,226.625,0
2025-08-06,228.0500030517578,228.0500030517578,228.0500030517578,228.5500030517578,54
2025-08-07,230.6499938964844,230.6499938964844,229.8000030517578,229.6999969482422,55
2025-08-08,230.6999969482422,230.6999969482422,230.6999969482422,230.9750061035156,1
2025-08-11,229.8925018310547,230.0,229.8925018310547,228.0749969482422,200
2025-08-12,230.9250030517578,230.9250030517578,230.9250030517578,230.9250030517578,0
2025-08-13,234.375,234.375,234.375,234.375,0
2025-08-14,234.3500061035156,234.3500061035156,231.5500030517578,232.75,3018
2025-08-15,234.1999969482422,234.1999969482422,234.1999969482422,233.6750030517578,100
2025-08-18,232.8000030517578,233.0500030517578,232.8000030517578,233.4499969482422,452
2025-08-19,236.8500061035156,237.8999938964844,236.4745941162109,237.5,658
2025-08-20,237.25,237.25,236.8500061035156,236.5749969482422,348
2025-08-21,234.55001831054688,234.55001831054688,234.55001831054688,234.4250030517578,18
2025-08-22,234.3500061035156,239.8000030517578,234.1999969482422,241.375,131
2025-08-26,238.75,239.75,238.75,239.75,77
2025-08-27,239.75,239.75,239.75,242.1499938964844,5
2025-08-28,244.1999969482422,244.1999969482422,244.1999969482422,244.1999969482422,0
2025-08-29,245.0,245.3500061035156,243.75,242.5500030517578,33
2025-09-01,243.5,244.6999969482422,243.5,242.6499938964844,4
2025-09-02,242.8999938964844,242.8999938964844,242.8999938964844,240.75,3
2025-09-03,243.4250030517578,243.4250030517578,243.4250030517578,243.4250030517578,0
2025-09-04,243.6499938964844,243.74090576171875,241.8000030517578,242.125,346
2025-09-05,242.5,245.25,242.5,243.5249938964844,357
2025-09-08,243.0500030517578,243.0500030517578,243.0500030517578,243.0500030517578,0
2025-09-09,242.3000030517578,242.8000030517578,242.3000030517578,242.3249969482422,800
2025-09-10,242.3000030517578,242.3000030517578,240.6999969482422,240.2749938964844,594
2025-09-11,241.0,241.0,240.5500030517578,243.1499938964844,246
2025-09-12,243.0500030517578,243.0500030517578,241.5500030517578,242.1000061035156,3
2025-09-15,245.5500030517578,245.5500030517578,245.0,244.9750061035156,204
2025-09-16,245.0500030517578,246.3827514648437,245.0500030517578,243.9250030517578,178
2025-09-17,245.5,245.5,245.1000061035156,245.0249938964844,143
2025-09-18,242.3999938964844,244.8500061035156,242.3999938964844,245.9750061035156,63
2025-09-19,246.5,246.5,245.0,244.7749938964844,250
2025-09-22,244.0749969482422,244.0749969482422,244.0749969482422,244.0749969482422,0
2025-09-23,245.5500030517578,246.3038024902344,245.5500030517578,247.7250061035156,61
2025-09-24,244.125,244.125,244.125,244.125,0
2025-09-25,244.0500030517578,244.0500030517578,244.0500030517578,240.8000030517578,5
2025-09-26,240.6499938964844,240.6499938964844,240.6499938964844,242.2250061035156,16
2025-09-29,246.1000061035156,246.75,246.1000061035156,245.4499969482422,260
2025-09-30,245.75,245.75,244.8500061035156,244.2250061035156,154
2025-10-01,244.8000030517578,245.1999969482422,243.5500030517578,245.1499938964844,52
2025-10-02,247.4499969482422,247.4499969482422,247.4499969482422,247.4499969482422,0
2025-10-03,249.3000030517578,249.3000030517578,249.3000030517578,249.1499938964844,5
2025-10-06,247.5,247.5,247.5,247.2749938964844,252
2025-10-07,248.4183044433593,248.4183044433593,248.4183044433593,247.1499938964844,385
2025-10-08,248.5249938964844,248.5249938964844,248.5249938964844,248.5249938964844,0
2025-10-09,246.1499938964844,246.1499938964844,244.4499969482422,241.7749938964844,225
2025-10-10,242.5765075683593,242.5765075683593,240.8500061035156,236.9750061035156,143
2025-10-13,236.3249969482422,236.3249969482422,236.3249969482422,236.3249969482422,0
2025-10-14,234.0,234.0,233.1999969482422,235.4499969482422,15
2025-10-15,244.8999938964844,245.4499969482422,244.6000061035156,245.4499969482422,74
2025-10-16,246.0500030517578,246.0500030517578,243.8000030517578,245.8000030517578,210
2025-10-17,241.8500061035156,244.5500030517578,241.8500061035156,245.9499969482422,48
2025-10-20,248.9750061035156,248.9750061035156,248.9750061035156,248.9750061035156,0
2025-10-21,248.0500030517578,250.0,248.0500030517578,250.1499938964844,18
2025-10-22,247.75,247.8500061035156,247.6999969482422,247.9750061035156,42
2025-10-23,249.8000030517578,249.8000030517578,249.7875061035156,249.6999969482422,23
2025-10-24,249.7628936767578,249.7628936767578,249.7628936767578,249.7628936767578,0
2025-10-27,251.0249938964844,251.0249938964844,251.0249938964844,251.0249938964844,0
2025-10-28,250.3999938964844,250.3999938964844,250.3999938964844,249.125,75
2025-10-29,248.0,248.6499938964844,247.9499969482422,247.9499969482422,486
2025-10-30,243.8500061035156,243.8500061035156,243.8500061035156,244.9750061035156,1
2025-10-31,243.25,243.25,243.25,243.25,0
2025-11-03,243.1999969482422,243.27520751953125,243.1999969482422,243.1499938964844,27
2025-11-04,239.8000030517578,239.8000030517578,239.8000030517578,239.6000061035156,103
2025-11-05,241.2250061035156,241.2250061035156,241.2250061035156,241.2250061035156,0
2025-11-06,242.1499938964844,242.1499938964844,242.1499938964844,238.7250061035156,41
2025-11-07,240.0500030517578,240.0500030517578,240.0500030517578,240.0500030517578,0
2025-11-10,245.3500061035156,245.3500061035156,245.3500061035156,245.3249969482422,22
2025-11-11,248.9499969482422,248.9499969482422,248.9499969482422,248.9499969482422,0
2025-11-12,250.9750061035156,250.9750061035156,250.9750061035156,250.9750061035156,0
2025-11-13,248.0249938964844,248.0249938964844,248.0249938964844,248.0249938964844,0
2025-11-14,247.6499938964844,247.6499938964844,244.6499938964844,247.0749969482422,194
2025-11-17,243.3999938964844,243.3999938964844,243.3999938964844,243.75,50
2025-11-18,240.0,240.0,240.0,238.4499969482422,38
2025-11-19,238.6499938964844,239.3999938964844,237.9503326416016,238.1750030517578,204
2025-11-20,238.5,238.5500030517578,238.5,239.8249969482422,70
2025-11-21,237.0500030517578,238.3999938964844,237.0500030517578,239.3999938964844,12
2025-11-24,242.8999938964844,242.8999938964844,242.8999938964844,242.8999938964844,0
2025-11-25,241.9499969482422,243.1499938964844,241.9499969482422,244.9250030517578,6
2025-11-26,246.2393951416016,246.2393951416016,246.2393951416016,247.125,1
2025-11-27,246.7819061279297,246.7819061279297,246.7819061279297,247.1499938964844,1
2025-11-28,248.3000030517578,248.3000030517578,248.3000030517578,248.3000030517578,0
2025-12-01,247.9499969482422,248.5500030517578,247.9499969482422,250.75,8
2025-12-02,248.3999938964844,248.3999938964844,248.3999938964844,248.3999938964844,0
2025-12-03,249.9750061035156,249.9750061035156,249.9750061035156,249.9750061035156,0
2025-12-04,251.0500030517578,251.0500030517578,251.0500030517578,250.0500030517578,1
2025-12-05,250.3000030517578,250.6832275390625,250.3000030517578,250.7749938964844,80
2025-12-08,247.3000030517578,247.3000030517578,247.3000030517578,247.3000030517578,0
2025-12-09,246.25,246.25,246.25,246.25,0
2025-12-10,245.25,245.25,245.25,245.25,0
2025-12-11,251.3500061035156,251.3500061035156,251.3500061035156,251.3500061035156,0
2025-12-12,251.1000061035156,251.1000061035156,251.1000061035156,251.1000061035156,0
2025-12-15,254.9499969482422,255.1000061035156,254.9499969482422,254.1000061035156,82
2025-12-16,254.5511016845703,254.5511016845703,254.5511016845703,255.0,522
2025-12-17,252.5500030517578,252.5500030517578,252.4499969482422,254.1750030517578,611
2025-12-18,251.9499969482422,252.8999938964844,251.9499969482422,256.20001220703125,251
2025-12-19,254.8500061035156,254.8500061035156,254.25,256.2250061035156,7442
2025-12-22,257.1499938964844,257.1499938964844,257.1499938964844,257.1499938964844,0
2025-12-23,256.5,257.20001220703125,256.5,255.7749938964844,66
2025-12-24,256.1000061035156,256.1000061035156,256.1000061035156,256.1000061035156,0
2025-12-29,254.8000030517578,254.8000030517578,254.0,254.0,762
2025-12-30,255.0,255.0,255.0,255.0,530
2025-12-31,253.9250030517578,253.9250030517578,253.9250030517578,253.9250030517578,0
2026-01-02,255.0500030517578,255.0500030517578,253.5,254.7250061035156,5
2026-01-05,253.3000030517578,253.3000030517578,253.3000030517578,254.0500030517578,0
2026-01-06,257.1000061035156,257.1000061035156,254.77560424804688,256.6000061035156,87
2026-01-07,257.3500061035156,257.3500061035156,253.0500030517578,253.0500030517578,43
2026-01-08,251.4217987060547,251.4217987060547,251.4217987060547,255.3999938964844,2
2026-01-09,257.54998779296875,259.7286071777344,257.54998779296875,259.375,549
2026-01-12,260.0,260.0,258.8500061035156,259.0,15
2026-01-13,258.45001220703125,258.45001220703125,258.45001220703125,256.79998779296875,4
2026-01-14,257.3999938964844,257.3999938964844,257.3999938964844,256.0,3
2026-01-15,254.4965057373047,254.4965057373047,254.4965057373047,254.2749938964844,1
2026-01-16,250.75,251.9499969482422,249.6000061035156,249.6000061035156,76
2026-01-19,245.25,245.25,245.25,245.25,10
2026-01-20,243.1000061035156,244.3500061035156,242.75,244.3500061035156,38
2026-01-21,245.6499938964844,245.6499938964844,245.6499938964844,246.0,4
2026-01-22,249.1499938964844,250.8999938964844,248.8500061035156,250.4499969482422,109
2026-01-23,247.8000030517578,247.8000030517578,247.8000030517578,247.8500061035156,11
2026-01-26,249.1499938964844,249.1499938964844,249.1499938964844,249.2250061035156,20
2026-01-27,248.8500061035156,249.1499938964844,248.8000030517578,248.9250030517578,705
2026-01-28,246.6499938964844,246.6499938964844,245.3361968994141,245.375,119
2026-01-29,246.6000061035156,246.6000061035156,246.6000061035156,245.875,5
2026-01-30,246.3500061035156,246.8999938964844,246.3500061035156,245.3000030517578,38
2026-02-02,245.6499938964844,246.3500061035156,245.6499938964844,246.875,25
2026-02-03,246.0500030517578,246.0500030517578,246.0500030517578,245.9499969482422,87
2026-02-04,249.6000061035156,249.6000061035156,249.6000061035156,249.6000061035156,0
2026-02-05,249.0500030517578,249.0500030517578,248.75,246.0500030517578,78
2026-02-06,246.5500030517578,249.5,246.5500030517578,250.9250030517578,64
2026-02-09,253.1499938964844,253.1499938964844,252.6499938964844,253.1499938964844,2
2026-02-10,255.9499969482422,258.0,255.57749938964844,259.54998779296875,202
2026-02-11,259.3670959472656,259.3670959472656,259.3670959472656,258.1499938964844,73
2026-02-12,261.034912109375,261.034912109375,261.034912109375,258.6000061035156,245
2026-02-13,255.1999969482422,256.0,255.1000061035156,255.8249969482422,81
2026-02-16,254.0500030517578,254.0500030517578,254.0500030517578,254.0500030517578,0
2026-02-17,253.0,253.0,253.0,255.5,8
2026-02-18,255.0,255.6999969482422,255.0,256.8999938964844,47
2026-02-19,255.9499969482422,255.9499969482422,252.07980346679688,253.0749969482422,202
2026-02-20,254.5500030517578,258.75,254.4499969482422,257.1499938964844,872
2026-02-23,257.25,258.54998779296875,257.1499938964844,253.9250030517578,65
2026-02-24,254.3999938964844,256.5,253.1999969482422,257.0249938964844,919
2026-02-25,256.25,256.25,253.1999969482422,254.0249938964844,8
2026-02-26,254.6000061035156,254.6999969482422,254.6000061035156,255.8500061035156,28
2026-02-27,255.8500061035156,256.04998779296875,253.0500030517578,253.7749938964844,252
2026-03-02,242.1999969482422,242.6000061035156,242.1999969482422,242.2250061035156,422
2026-03-03,238.5500030517578,238.5500030517578,232.8000030517578,233.6000061035156,164
2026-03-04,236.6000061035156,238.0500030517578,236.6000061035156,238.6999969482422,1
2026-03-05,236.3000030517578,236.5,236.3000030517578,233.6750030517578,18
2026-03-06,236.5,236.5,231.6000061035156,230.625,110
2026-03-09,225.1000061035156,228.3999938964844,223.0,228.3999938964844,2462
2026-03-10,233.6999969482422,235.1000061035156,233.6999969482422,234.2749938964844,2289
2026-03-11,233.75,233.75,232.5,230.875,1387
2026-03-12,229.4499969482422,229.4499969482422,227.1499938964844,227.1499938964844,650
2026-03-13,227.1499938964844,227.1499938964844,223.0500030517578,223.5249938964844,34
2026-03-16,223.3500061035156,224.5,223.3500061035156,224.5,2
2026-03-17,224.0,227.3999938964844,224.0,226.4499969482422,50
2026-03-18,225.0500030517578,225.0500030517578,225.0500030517578,224.8999938964844,30
2026-03-19,222.0,222.0,218.5500030517578,218.5500030517578,76
2026-03-20,221.8999938964844,221.8999938964844,217.0,216.5249938964844,1289
2026-03-23,212.6999969482422,224.8000030517578,212.6999969482422,221.1999969482422,601
2026-03-24,220.9499969482422,221.4499969482422,219.0,220.3999938964844,2018
2026-03-25,223.8500061035156,224.1999969482422,221.6499938964844,221.375,93
2026-03-26,219.2749938964844,219.2749938964844,219.2749938964844,219.2749938964844,0
2026-03-27,216.0,216.1000061035156,215.5500030517578,216.1000061035156,76
2026-03-30,215.5500030517578,215.6000061035156,215.25,216.2250061035156,46
2026-03-31,216.75,218.2050018310547,216.6999969482422,217.9499969482422,473
2026-04-01,224.3000030517578,224.5500030517578,224.3000030517578,225.0500030517578,2221
2026-04-02,220.3999938964844,222.6000061035156,220.3500061035156,222.8500061035156,441
2026-04-07,224.0,225.4499969482422,219.0,219.5,1267
2026-04-08,232.3999938964844,235.0500030517578,232.3000030517578,233.125,226
2026-04-09,230.3000030517578,230.3000030517578,230.3000030517578,229.8500061035156,2
2026-04-10,232.9499969482422,233.6000061035156,232.9499969482422,233.1999969482422,3
2026-04-13,230.1499938964844,232.1499938964844,230.1499938964844,232.1499938964844,6
2026-04-14,235.8000030517578,237.1000061035156,235.8000030517578,237.9250030517578,13
2026-04-15,235.3000030517578,235.3500061035156,233.1499938964844,235.3500061035156,317
2026-04-16,236.6000061035156,236.6000061035156,236.6000061035156,234.2749938964844,2
2026-04-17,234.0500030517578,243.8500061035156,234.0500030517578,243.9750061035156,5
2026-04-20,239.8000030517578,240.5,238.6499938964844,239.9250030517578,30
2026-04-21,241.6999969482422,241.6999969482422,241.6999969482422,237.6999969482422,2
2026-04-22,236.3999938964844,236.3999938964844,236.3999938964844,234.25,12
2026-04-23,231.9499969482422,231.9499969482422,231.9499969482422,233.3500061035156,12
2026-04-24,230.3500061035156,231.4499969482422,229.5,231.3249969482422,21
2026-04-27,231.9499969482422,231.9499969482422,231.9499969482422,230.2250061035156,2
2026-04-28,229.8999938964844,230.8999938964844,229.8999938964844,228.2749938964844,22
2026-04-29,226.3500061035156,226.3500061035156,226.3500061035156,223.8500061035156,1
2026-04-30,225.3000030517578,228.1000061035156,225.3000030517578,228.3249969482422,37
2026-05-01,230.1499938964844,230.1499938964844,230.1499938964844,229.6750030517578,791
2026-05-05,224.0,225.3000030517578,224.0,225.3000030517578,23
2026-05-06,224.3999938964844,229.5500030517578,224.3999938964844,234.1999969482422,202
2026-05-07,235.4499969482422,237.9499969482422,235.4499969482422,234.8999938964844,118
2026-05-08,233.6999969482422,233.6999969482422,233.6999969482422,233.6999969482422,0
2026-05-11,228.375,228.375,228.375,228.375,0
2026-05-12,226.75,226.75,226.75,226.125,200
2026-05-13,226.8000030517578,227.1499938964844,226.75,227.3000030517578,27
2026-05-14,227.9499969482422,227.9499969482422,227.9499969482422,229.375,1
2026-05-15,226.0,226.0,224.1999969482422,224.3000030517578,326
2026-05-18,221.3000030517578,221.3000030517578,221.3000030517578,224.0500030517578,256
2026-05-19,223.2250061035156,223.2250061035156,223.2250061035156,223.2250061035156,0
2026-05-20,227.1000061035156,227.1000061035156,227.1000061035156,227.1750030517578,25
2026-05-21,228.3000030517578,228.3000030517578,228.3000030517578,228.0249938964844,25
2026-05-22,230.2250061035156,230.2250061035156,230.2250061035156,230.2250061035156,0
2026-05-26,231.75,231.75,231.1499938964844,230.9250030517578,812
2026-05-27,232.6499938964844,237.6000061035156,232.6499938964844,238.0,255
2026-05-28,237.1499938964844,239.3000030517578,237.1499938964844,239.0249938964844,1577
2026-05-29,241.0,241.0500030517578,239.9499969482422,239.8500061035156,1536
2026-06-01,238.0500030517578,238.0500030517578,236.6499938964844,235.0500030517578,1918
2026-06-02,239.0,239.0,236.6499938964844,237.75,199
2026-06-03,234.3500061035156,235.3500061035156,234.3500061035156,234.4750061035156,652
2026-06-04,235.4499969482422,236.71502685546875,235.4499969482422,235.4499969482422,48
2026-06-05,238.0,238.0,235.25,234.6499938964844,4
2026-06-08,236.0,236.0,236.0,235.1999969482422,1
2026-06-09,235.1499938964844,236.8999938964844,235.1499938964844,236.8500061035156,351
2026-06-10,235.6000061035156,235.6000061035156,235.6000061035156,235.6000061035156,0
2026-06-11,236.13270568847656,236.13270568847656,236.13270568847656,236.5249938964844,250
2026-06-12,244.6999969482422,246.0,241.5500030517578,243.4499969482422,115
2026-06-15,248.4499969482422,249.4499969482422,248.4499969482422,247.6750030517578,57
2026-06-16,246.5500030517578,247.8500061035156,246.5,247.5249938964844,764
2026-06-17,245.5,245.5,245.5,245.5,0
2026-06-18,242.1499938964844,244.6499938964844,241.9499969482422,244.6499938964844,249
2026-06-19,242.6000061035156,244.1499938964844,242.6000061035156,242.6999969482422,95
2026-06-22,241.1999969482422,241.1999969482422,238.8500061035156,239.5,243
2026-06-23,235.0,236.00889587402344,235.0,235.8500061035156,226
2026-06-24,236.3999938964844,236.3999938964844,236.3999938964844,240.2749938964844,30
2026-06-25,239.0500030517578,239.0500030517578,239.0500030517578,239.4250030517578,185
2026-06-26,238.1999969482422,238.1999969482422,238.1999969482422,239.875,6
2026-06-29,238.3500061035156,240.3999938964844,238.3500061035156,240.1499938964844,12
2026-06-30,239.0500030517578,239.0500030517578,237.6000061035156,237.9750061035156,1
2026-07-01,237.10020446777344,238.5500030517578,236.1499938964844,238.1999969482422,179
2026-07-02,237.8999938964844,239.0500030517578,237.8999938964844,238.7250061035156,615
2026-07-03,242.1000061035156,242.1000061035156,242.1000061035156,238.3000030517578,0
2026-07-06,239.6000061035156,239.6000061035156,239.6000061035156,237.4750061035156,0
2026-07-07,240.25,240.25,239.3000030517578,239.3000030517578,26
2026-07-08,235.8999938964844,235.8999938964844,231.6999969482422,231.6999969482422,34
2026-07-09,235.375,235.375,235.375,235.375,0
2026-07-10,236.75,236.75,236.75,236.75,0
2026-07-13,235.6999969482422,236.39999389648438,234.8292999267578,235.10000610351562,402
2026-07-14,231.6999969482422,234.0,231.6999969482422,233.6750030517578,54
2026-07-15,239.25,239.25,239.25,239.0,87
2026-07-16,239.25,240.39999389648438,239.0500030517578,240.25,20
2026-07-17,238.25,238.25,237.39999389648438,237.39999389648438,21
