,[IDX] KOSPI,[IDX] KOSDAQ,[US] 한국 추종 ETF,[IDX] 항셍,[IDX] 상하이종합,[IDX] 대만가권,[KR] 삼성전자,[KR] SK하이닉스,[KR] 현대차,[KR] 두산에너빌리티,[KR] 현대로템,[KR] 네이버,[KR] 카카오,[KR] LG전자,[KR] KODEX 2차전지산업,[KR] KODEX 자동차,[KR] TIGER 200 IT,[KR] TIGER 200 건설,[KR] TIGER 의료기기,[KR] TIGER 반도체,[KR] TIGER 증권,[KR] TIGER 헬스케어,[KR] TIGER 은행,[KR] 신한지주,[KR] 하나금융지주,[KR] KB금융,[KR] 우리금융지주,[IDX] 다우 존스,[IDX] S&P 500,[US] S&P500,[IDX] 러셀 2000,[US] 러셀,[US] 미국 전체,[IDX] NASDAQ,[US] 나스닥,[US] 나스닥 레버리지,[US] 미국 반도체,[US] 엔비디아,[US] 마이크론,[US] 브로드컴,[US] 인텔,[US] AMD,[US] 퀄컴,[US] 시게이트,[US] 웨스턴디지털,[US] 애플,[US] 마이크로소프트,[US] 구글,[US] 아마존,[US] 제타,[US] M7 ETF,[US] 모멘텀 ETF,[US] 반도체 ETF,[US] 소프트웨어 ETF,[US] 테슬라,[US] 월마트,[US] 코카콜라,[US] 일라이릴리,[US] 존슨 앤드 존슨,[US] 애브비,[US] 제이피모건,[US] 뱅크 오브 아메리카,[US] 모건스탠리,[US] 골드만삭스,[US] 이즈코프,[US] 이머징 마켓,[US] 선진국 마켓,[US] 금,[US] 은,[US] 미국 오일 펀드,[US] 원자재 펀드,[IDX] 닛케이225,[KR] 코스피200롱150숏선물
[IDX] KOSPI,1.0,-0.05250489632277878,0.9784975526954536,0.7092869837573846,0.6918818335799652,0.89693812265069,0.9793340395997377,0.9600552859473724,0.8748812111427489,0.8059582891492886,0.6502737072134108,0.30386860949961875,0.2202359472903869,0.8384068252829519,-0.02278904532511268,0.8876565435304364,0.9847702485816027,0.9162254736957082,0.005950468146434142,0.9878078475359122,0.9043646325751529,0.4123245421564056,0.87994906721937,0.8215409714544805,0.896097570559542,0.8932547513352352,0.8353856409040462,0.86966607473233,0.8622137758694638,0.8622228870112048,0.9011214155995037,0.8854723100832019,0.8612401470290402,0.8607085174130794,0.8479302222099536,0.9068650364082999,0.8882056424380488,0.750997435611462,0.7426028018198235,0.8558095608001907,0.5758373569945117,0.8279870551993547,0.8279978073768971,0.8760555528939525,0.8190604295398612,0.8331949447772933,0.7744902334121495,0.9209998126007648,0.8293228355540178,0.5740039732891778,0.761005907356695,0.8394044550124548,0.8569006213154465,0.7935017079050293,0.6932694368825773,0.8471997201579121,0.8363979778338229,0.7578282278701438,0.8995013485468626,0.7688992488137342,0.8495290179552007,0.22711941993702972,0.6830246447487578,0.8957011540351071,0.5951612911221295,0.847870096536631,0.8557241575342646,0.8686669768385354,0.744708185267164,-0.453114687006578,-0.26149353067754744,0.8002869079038715,0.9704378419977113
[IDX] KOSDAQ,-0.05250489632277878,1.0,0.3045403554917686,-0.10841599824849299,0.006600754454980009,0.19610854668142383,0.3771789282196134,0.17558334133689882,0.2665893582757143,0.1867730625826607,0.1754347129593086,0.7989107564573781,0.7815204543391092,0.641289982886031,0.7000703650584441,0.3826490038355324,0.3470845549290417,0.2038667598094627,0.8604143336905198,0.3509180109196738,0.2355312571861293,0.7470723477792635,0.18089767836764073,-0.09102268144053127,0.16626928080038242,0.21895699802111587,-0.10432773136602798,0.08993190019066052,0.12066955890516391,0.12045817659930447,0.02832473458915321,0.5436902572333393,0.7440908208545954,0.13916448310247473,0.24950740057903403,0.6592371710723989,0.6010019713968535,0.1316810104401013,0.11250707199343041,0.43380605654269716,0.30401099909744755,0.13629747148720958,-0.02260970011498568,0.3359863413371124,0.006995161325856498,0.1177652829866188,0.147751459062969,0.6711680983934084,0.16358672137318375,-0.6158473646613268,-0.49052863694182147,0.6069060233106075,0.4394493323700087,0.7686362297161902,0.7482867207586358,0.02688352993504185,0.12456434537057287,0.11719295673751667,-0.0014933660866114143,0.5709564177250723,0.1362318962728184,0.12897331252777744,0.18021148943889156,0.12950994950702802,-0.37186298996987754,0.6177558333042447,0.6935176628575981,0.4496891823307615,0.13623227190552395,-0.598747460149811,-0.5128633407016729,0.29776554342719574,-0.05678417525892046
[US] 한국 추종 ETF,0.9784975526954536,0.3045403554917686,1.0,0.6809574562867134,0.6166923143368344,0.8620702284433468,0.9481728126558999,0.9434041544783673,0.8482555013058438,0.7335496415629638,0.5392583284960156,0.29535011269197436,0.1893377654389038,0.841616285926101,-0.04152024178419471,0.8554331276174572,0.9620684879288852,0.8849816631806681,0.023709569972664157,0.9573057478652635,0.8275510079650421,0.34799007708431495,0.8170511790770397,0.8065260937684845,0.848480967323521,0.8205904101417963,0.7642686693339756,0.7638502526298259,0.7561677049807694,0.7560820560703193,0.8159664545441156,0.8165221044015133,0.7674357396396626,0.7552211345705586,0.7471496979018803,0.8167211302584437,0.8124882502674776,0.6622153649864874,0.760472739087313,0.7556224744143796,0.5524678320613245,0.7873015136781393,0.7007914710702486,0.8726136214683994,0.8458201175493398,0.7233694607163995,0.6488435139305042,0.8291568885780045,0.7296942074386178,0.5185263956569676,0.7179626722165596,0.7312749258393645,0.7777059366664356,0.6876525217489032,0.550871350836087,0.7275227292108742,0.7719654001567686,0.6659387492407358,0.8177081998686313,0.6322746211659132,0.7605704424001255,0.23351390145490303,0.5798025618591134,0.8169726412891126,0.5722183057059382,0.8706384673410342,0.8509446079793457,0.7732990138852389,0.7219916298275957,-0.32072045833912316,-0.14341030723784703,0.7869734154655499,0.9699600483646968
[IDX] 항셍,0.7092869837573846,-0.10841599824849299,0.6809574562867134,1.0,0.7269842684478163,0.41341795697501393,0.006505061722155441,0.0898136369983151,-0.18241202335273995,0.06963653779100895,0.057155213195614625,0.04942286545277894,-0.015930150919134495,-0.024189209673850957,-0.5643025823853003,-0.13815577279116337,0.036791652086504846,0.02086516464568486,0.08204918730779494,0.01641404553588826,0.04845369289485784,0.11146755635599723,0.07661420024129191,0.16815809907223303,0.09380855075027598,0.008173775817233454,0.21633591080909959,0.6430532475963147,0.6051538343224603,0.5630592491889383,0.7362938451442473,0.5973272939157591,0.45923181019454,0.5627706425416282,0.41864348604814533,0.11076726835096128,0.29618337042152015,0.22430735726733342,0.2523423988118557,0.08429832417705561,0.6477598637578054,0.31226934219376196,0.6531259610482608,0.24291984304610148,0.4129127123669686,0.4514335410506786,0.4538441328138447,0.2640330906436167,0.49294542978302996,0.038078877046212684,0.8636837674388669,-0.027931746440140712,0.277527324991971,0.43758178207041043,-0.12566306074748457,0.5693196430294801,0.7108018539853828,0.3097282158842077,0.7583147778644543,-0.2857290861552853,0.5534814841335659,0.23531530287616684,0.34502669430287847,0.4380397123587759,0.5354430436501425,0.8018838072749552,0.63329721394474,0.27130094669420307,0.047311243808609155,-0.38015009352566276,-0.46928301189088134,0.2097335290729478,0.5398566742349347
[IDX] 상하이종합,0.6918818335799652,0.006600754454980009,0.6166923143368344,0.7269842684478163,1.0,0.5170243449051175,0.4961387285582194,0.45119153257592187,0.28654038172995766,0.525437585508009,0.4912702707868064,0.381691875353127,0.36851660597142594,0.36623463782650645,0.02734362759700234,0.3624646154389569,0.48763754600518633,0.3884536240287854,0.4591798603166906,0.507185549095783,0.5652499139134063,0.5487827022128663,0.45971491551193977,0.3209499237344959,0.42538856531582486,0.48166026085425295,0.6348090498284347,0.613367176296295,0.5826431829374997,0.5827479787403631,0.6511414139349495,0.5971151398620315,0.550619226760407,0.5738002220056806,0.5372381453992604,0.6586038936346177,0.4526431660957656,0.3884496611469155,0.2914155265118482,0.5682213010519391,0.2968887750356047,0.4094912400216969,0.6100864311389551,0.31289316635538217,0.36137741016162983,0.541662539249273,0.5171932309950426,0.44427789875845275,0.5751247496572788,0.1697160224402568,0.7885925308613634,0.6396075983768889,0.43438431666403143,0.5347425032554901,0.6455419870937471,0.5279830914450409,0.5622514355129208,0.40584433817585996,0.6436023823182885,0.5629371869907132,0.5312885213353233,0.04611647992259397,0.39511228584361147,0.5546271970360586,0.3602877399840672,0.6862024683781135,0.6721590448807865,0.3751452632963799,0.11786111236335962,-0.3472146867116583,-0.29540576937034735,0.5072000589300008,0.6860618119131677
[IDX] 대만가권,0.89693812265069,0.19610854668142383,0.8620702284433468,0.41341795697501393,0.5170243449051175,1.0,0.9470280677490281,0.9045521705729067,0.8952988124767525,0.8271479979132542,0.7550694667024186,0.26175708500093275,0.20332904632736534,0.7830595178021883,-0.046928054098915116,0.8910903437202142,0.9352105793057801,0.9018081719739705,-0.07572916409711344,0.9515591359313278,0.9422502578248352,0.44519952695029696,0.9270747871955635,0.8192942294540609,0.9274923885097403,0.9501887408685801,0.9196365906979748,0.901909493621639,0.930438506935707,0.9303039015132673,0.8661660572758917,0.8862532698993383,0.9347856155236465,0.935448992975683,0.9475244212111994,0.9683335621765504,0.9891970784134071,0.9123443293574496,0.849724329330164,0.942758538363135,0.5778302027641637,0.9661567094594078,0.8013270914966715,0.8820746329013174,0.8314828017237218,0.9225986199018757,0.8906937750742498,0.9840141571067942,0.890699813578022,0.7903186596931627,0.8346555700490025,0.9364161218199113,0.9841756058933864,0.8763721547925533,0.8098807518697054,0.9276418676780187,0.877845689323166,0.9307916127155939,0.8519543052040608,0.9156427282586317,0.9528723930319111,0.43509208177354025,0.8564792916121072,0.9727713120959537,0.37621793078202903,0.7038113909482896,0.8382039508655569,0.9024498559178696,0.7284978433733889,-0.43442272852750224,-0.22041053235900224,0.9680359009743372,0.8913083780698469
[KR] 삼성전자,0.9793340395997377,0.3771789282196134,0.9481728126558999,0.006505061722155441,0.4961387285582194,0.9470280677490281,1.0,0.9635686835197788,0.8577163958919706,0.715443252989163,0.5713425279464027,0.2707533377365607,0.1707830416407868,0.8397445414282878,-0.034795208487035795,0.8461509797152507,0.9952163509668702,0.8663743152356723,-0.10855016561383751,0.9946857069210827,0.8584197941003616,0.4048262941771435,0.8369168944074592,0.7758107020252081,0.8569309152754747,0.8648844829507754,0.7893480601594128,0.7960905855917143,0.8010629805679883,0.8010816248024788,0.8460018530020299,0.8464562271628323,0.8044603076232852,0.8057397102689472,0.8061851666597365,0.8743200991613095,0.9416850843292986,0.7571473858636836,0.9654765377004674,0.8051903327382143,0.7462607375511991,0.9666051370247281,0.5957919126817728,0.9555840466197922,0.8970539877219629,0.7695450856816335,0.6687768950554545,0.9070187129655135,0.7519812799915551,0.6038152417481103,0.6591268348436788,0.8351981290047458,0.9199021267839936,0.6655922043806896,0.6271870407674917,0.773428725662895,0.8183723110016476,0.7938591528056366,0.9131798328369856,0.7709857029814321,0.8129494222116613,0.8327242859800214,0.8752980968677706,0.8612366859060175,0.840615522648136,0.8389218541190206,0.8428250713986536,0.8397963619183632,0.9067588834539053,-0.11228514893076613,0.4715167095825917,0.9071690511636614,0.9554929920092916
[KR] SK하이닉스,0.9600552859473724,0.17558334133689882,0.9434041544783673,0.0898136369983151,0.45119153257592187,0.9045521705729067,0.9635686835197788,1.0,0.841176679488115,0.7685189076424837,0.6043387916303734,0.07701408021001593,-0.01767110313317775,0.7074766824475632,-0.14782106994216904,0.8047570222206908,0.9774750053860901,0.9109613909995201,-0.21032300228349712,0.977462888756772,0.8816751545070761,0.25812547582238904,0.8536467630181636,0.8590479747059659,0.8739566558800644,0.8709661940794988,0.8431175912156573,0.6778126605561827,0.7025488213895815,0.7026118147957839,0.7255133400640371,0.7259775757960482,0.7023697146736702,0.7022456576719454,0.7061284481485053,0.7943874211791282,0.8880675542787617,0.7477055081974441,0.9970131352450297,0.8058011841407507,0.7466058389585777,0.9258599923329852,0.44326905591079957,0.995356925148068,0.9746291768102601,0.6476498352074949,0.5460437212668001,0.839615347848337,0.6226876380837603,0.6423172262234857,0.7230308010125792,0.7440096915808815,0.8851885361126056,0.5235083449773011,0.4902370778749595,0.7171497348149448,0.7248529093673565,0.7308905286166812,0.7990194377667881,0.6836650479465073,0.7608921388855052,0.7346130852459377,0.8090286717406986,0.8322181047362973,0.9118047904665442,0.8041391875496933,0.8014892489497278,0.8101911602566818,0.9040556133263278,0.05878488804005847,0.5470484178354662,0.8582946439168516,0.9548500396726617
[KR] 현대차,0.8748812111427489,0.2665893582757143,0.8482555013058438,-0.18241202335273995,0.28654038172995766,0.8952988124767525,0.8577163958919706,0.841176679488115,1.0,0.7507232116859186,0.589049484284388,0.24826424249538834,0.2201775841257324,0.7992891876691562,0.06238586162165164,0.9585151346404749,0.8676302955058274,0.8962838709290138,-0.00673708365879088,0.8719497237249706,0.825578137621016,0.19944671030337113,0.8177034514404081,0.7883084775873821,0.8397699871698449,0.8263282267016261,0.8118756609377726,0.7330919600196605,0.772162981684708,0.772146906241124,0.76063809789373,0.760266033532631,0.7719327222469213,0.7689909840986952,0.776613352140423,0.8343248105200586,0.8796844954116981,0.7762545594455089,0.8426746198610112,0.7853238605758586,0.4863942161645789,0.8883880155428876,0.6971634534588057,0.8546260482889783,0.8044289875498487,0.7685630264370056,0.6782710730155876,0.8523834920783292,0.6532891536091818,0.7451260514694528,0.7202841307976909,0.7540455209678907,0.8737307703611483,0.6326117522661188,0.6634397369539697,0.7638927361582215,0.7708867162203151,0.821432476354014,0.7674224256814749,0.7622903601752593,0.762216526182991,0.7295095625617214,0.8391363542196624,0.8387013540768754,0.7765522682805701,0.7936431077993767,0.8489862754326368,0.8163078245622101,0.874229026531642,0.21040998243494746,0.7592824969252717,0.8334937431209419,0.9145287004366672
[KR] 두산에너빌리티,0.8059582891492886,0.1867730625826607,0.7335496415629638,0.06963653779100895,0.525437585508009,0.8271479979132542,0.715443252989163,0.7685189076424837,0.7507232116859186,1.0,0.9260992602756674,0.11554627750357467,0.08856244663444368,0.4960801322695389,-0.1215766729725159,0.7967952885371992,0.7341359959321769,0.8958581433153014,0.028081122359684126,0.7611924408961707,0.9358882927433751,0.26673450923175857,0.9072006557623604,0.8430631620169725,0.8869433452113074,0.8894898277484826,0.9517209392899731,0.6970692398461379,0.7599810812457293,0.7600343300231875,0.6900380708234655,0.6898101539511596,0.7555379194234737,0.755788854995358,0.7591582043819237,0.8060661790159782,0.8013645182681084,0.8759876899745419,0.7431879450195369,0.9147047815695224,0.33250789739651176,0.7950963951171878,0.5304139003453574,0.7817661566573094,0.7333101965295203,0.6677271846137841,0.6794684228967929,0.8106812007395076,0.6392631071541691,0.6091371925030228,0.9365321831306999,0.7685284312633855,0.8459686640141556,0.6398560922091128,0.6442663276266913,0.8299475024480771,0.696609441998565,0.7120841112548333,0.6803158294323757,0.7407251719720473,0.8359630953918032,0.7216578437920251,0.8481536933607724,0.8972563522584395,0.8518387016880026,0.7325919271890294,0.8485737383221883,0.8708899696227956,0.8686830852289963,0.08847328983171314,0.6048344517165818,0.811981231331319,0.7201615541270356
[KR] 현대로템,0.6502737072134108,0.1754347129593086,0.5392583284960156,0.057155213195614625,0.4912702707868064,0.7550694667024186,0.5713425279464027,0.6043387916303734,0.589049484284388,0.9260992602756674,1.0,0.06691994585427093,0.06018205413005835,0.32869938413302907,-0.24338283506560957,0.6282324933030864,0.5694703275665041,0.7539943894420071,0.0011747040097836042,0.609674594363982,0.8885042186467383,0.35818601242268544,0.8776091120963035,0.7563352335893941,0.8366250733149039,0.8572618625631081,0.8970388192055249,0.7405878170263165,0.7920431367566719,0.7921116540832307,0.6807174899016069,0.6802980511233256,0.784932053022519,0.7845107055223748,0.7868771015990351,0.7787028020147587,0.7383209599846489,0.9146389529246896,0.5662207568883648,0.9234609384344412,0.1270995502568297,0.6982064568835248,0.5599289635805527,0.6056283376544853,0.5338042793879013,0.6825400457627987,0.7611368830192363,0.7685228308193227,0.700789379673554,0.631555840096423,0.8812379705353148,0.7966984760379489,0.7988974432935804,0.7295494318625965,0.6435367705885449,0.8814600172541729,0.7007950918766191,0.7217287235141183,0.6078611198875299,0.7725050113588057,0.8777577660741929,0.7392985742783696,0.8066232688005056,0.8724163242012793,0.755008719833673,0.6232376448145761,0.821601121815242,0.8684656082629894,0.7798290574659665,-0.044332397950227614,0.45779078427190606,0.7805892525780423,0.4534674566803788
[KR] 네이버,0.30386860949961875,0.7989107564573781,0.29535011269197436,0.04942286545277894,0.381691875353127,0.26175708500093275,0.2707533377365607,0.07701408021001593,0.24826424249538834,0.11554627750357467,0.06691994585427093,1.0,0.9560316580953848,0.6386916435537626,0.3079790618957209,0.3722243907579857,0.25212577960302035,0.06444328864328314,0.8266141960650341,0.2289937948925377,0.11661008013619882,0.6440481109746428,0.06194569399124636,-0.158860260280311,0.0626518027137448,0.0687130443873434,-0.27713689179895895,0.4175937658544349,0.3797874263414412,0.3795995725303796,0.47856751237067624,0.4795587669858162,0.4005794655185815,0.43396050481963305,0.40811607360760044,0.4494961127827954,0.2835107607602188,0.08551923650704325,0.09228462408504169,0.11141998907587403,0.3135320054750459,0.3012913273241056,0.5708821008736709,0.09074091380950315,-0.01321867975759802,0.42126840462154885,0.4270562131916415,0.3437047849817025,0.5452265411200294,-0.613488035033845,0.1992727557364761,0.4310828268928307,0.22241845126218374,0.5464256819283384,0.5581830146971991,0.27622321069292743,0.280917493776934,0.13163692829335363,0.49562296105562725,0.2597868401966106,0.24110521435153723,0.4188748749880914,0.37419244385979933,0.23874235140666317,-0.1238956959033978,0.4518231741278407,0.31030903910820173,0.25316202289518897,0.2517129432011166,-0.44557892981941283,-0.13550441751006276,0.230466081226382,0.02683639707616452
[KR] 카카오,0.2202359472903869,0.7815204543391092,0.1893377654389038,-0.015930150919134495,0.36851660597142594,0.20332904632736534,0.1707830416407868,-0.01767110313317775,0.2201775841257324,0.08856244663444368,0.06018205413005835,0.9560316580953848,1.0,0.5756564591132088,0.33035001692516597,0.3497804286545363,0.15653636409611632,0.027578663970190053,0.7653915763469458,0.13253058953161426,0.07672281856092616,0.5679906991490845,0.024172304356565023,-0.20081977644133095,0.016329558216886007,0.023962539641093024,-0.3029453319789337,0.3914655501193971,0.3585344276563064,0.3583918232702662,0.4563370251903044,0.45706012524655526,0.37977545872602775,0.40578825712861505,0.37904403147176163,0.41235575220345344,0.22549000199740765,0.062409356601243075,-0.0024825537535895204,0.07556260267204892,0.17248865836180718,0.2270930587501788,0.5958434717734384,0.008293283459284014,-0.09693760585750423,0.4010128691785825,0.4228701802160569,0.3030098403432165,0.4923247666397676,-0.6483372901149096,0.06658093596068762,0.3897289597810528,0.16964867981830253,0.5328583427126848,0.5755418251427947,0.247723189399188,0.26541438490241565,0.11094076684189458,0.4101533774895777,0.24789778525024653,0.2157099634572375,0.40454178545421643,0.3543774038236954,0.2208468151111247,-0.20022449695149375,0.3631170917536728,0.28890949848198133,0.19146901697122298,0.15406424168065033,-0.391659680314109,-0.0864620364619008,0.19018081106782067,-0.10149854624927716
[KR] LG전자,0.8384068252829519,0.641289982886031,0.841616285926101,-0.024189209673850957,0.36623463782650645,0.7830595178021883,0.8397445414282878,0.7074766824475632,0.7992891876691562,0.4960801322695389,0.32869938413302907,0.6386916435537626,0.5756564591132088,1.0,0.3180889213632112,0.8506373780765221,0.8314082192031805,0.6788171380288336,0.266211194551213,0.8142604376169384,0.6074165598840028,0.46046832669508336,0.6046504946654127,0.48374901132700276,0.6361032244208006,0.6228433610025702,0.43495740091340257,0.7326719028072326,0.7106896269857111,0.7106222909630515,0.8289648320344309,0.8293826242682856,0.7249461667897263,0.7298693787478138,0.7202444327106432,0.7969044195666831,0.783998321603452,0.5194665559406881,0.7285558060088054,0.5543254787372816,0.6817208072295335,0.8006925619929706,0.6847846972226573,0.7158571499768204,0.636201882907412,0.7235941364319227,0.6264752358358548,0.7816526720358814,0.7081429476136367,0.16144565262341457,0.44685906613082915,0.7335168173453469,0.7274356927969832,0.6705556664422649,0.6833240390963798,0.611319922228026,0.7005160650249501,0.6307350134822257,0.8630022002147956,0.6491710848086188,0.6456924385880438,0.7723421990750962,0.7763529008687096,0.689404331361442,0.5303882393181879,0.8222200263600798,0.7462291308963237,0.6320317788954419,0.697709855058718,-0.12854846311646018,0.41337938122980844,0.7241000893146508,0.7942557446558556
[KR] KODEX 2차전지산업,-0.02278904532511268,0.7000703650584441,-0.04152024178419471,-0.5643025823853003,0.02734362759700234,-0.046928054098915116,-0.034795208487035795,-0.14782106994216904,0.06238586162165164,-0.1215766729725159,-0.24338283506560957,0.3079790618957209,0.33035001692516597,0.3180889213632112,1.0,0.17831761838008325,-0.034914735656319175,0.017612477130379913,0.43242799087606787,-0.025266200619358605,-0.19829820642431847,-0.13833498937213393,-0.19177611541373826,-0.29281484940574615,-0.18341549510336438,-0.1675452981170837,-0.2522034345977854,0.06517405045533886,0.04031060368101775,0.04023864912921251,0.13450087349326487,0.13212286668014225,0.046212258584798785,0.02615487115766207,0.0456643023646319,-0.03991030486822,-0.005788579470852848,-0.1664693666412724,-0.1316861082468702,-0.1718031590583561,-0.15439195510158407,-0.041031867579573306,0.2165441410899307,-0.13898230291327296,-0.1740355982395123,0.24322911799680705,0.12478348590489585,0.029505806803023,-0.09304405380588324,-0.6891946799787764,-0.8578838382170872,-0.14537161983299235,-0.07142096292641116,0.06673886255255448,0.442105829098238,-0.142725863829765,0.029051887051116918,0.06944734185703726,0.16443642471052916,0.13900523719487332,-0.12110235587123912,-0.08294082196305311,0.059949018701899386,-0.08577464637482006,-0.19451996890707587,-0.17280630413656414,-0.044674480270757246,-0.21076475329051275,-0.18057334472695594,-0.15845673262806612,0.21562430826704054,0.0107005568789184,-0.4239797368316676
[KR] KODEX 자동차,0.8876565435304364,0.3826490038355324,0.8554331276174572,-0.13815577279116337,0.3624646154389569,0.8910903437202142,0.8461509797152507,0.8047570222206908,0.9585151346404749,0.7967952885371992,0.6282324933030864,0.3722243907579857,0.3497804286545363,0.8506373780765221,0.17831761838008325,1.0,0.8549903140717156,0.8957777692672146,0.08032366461744993,0.8588268365706537,0.8275152145191532,0.23330895604564336,0.81812632794161,0.7509232012462475,0.8311585898559211,0.8188187237627983,0.7999560528960471,0.7683061361893357,0.8001467677536146,0.8001035693739146,0.8131403326156652,0.8127759878322344,0.8036648358369004,0.7981262143662462,0.8009710937205545,0.8651725401425144,0.8766064880134088,0.7642654116438666,0.8052777662256725,0.7887333967549596,0.48942023860523765,0.8765823370274719,0.7152748156336415,0.8221426939021761,0.7588836210612863,0.7792436718540697,0.7134699766456951,0.8743893288317633,0.6778760153837843,0.5765764451715526,0.7784814120638202,0.7822928430333539,0.8665225351753899,0.6865292551657664,0.7359854519829101,0.7737247387493086,0.7910208835342801,0.7903672021579231,0.8177464192213646,0.7658188293190409,0.7863492244384563,0.7751059946485287,0.8816226010121457,0.8612710290001014,0.7537553890363189,0.8205423366513533,0.8733288094946114,0.8084618611070953,0.8524879406735197,0.1226592340060893,0.7089330351496831,0.8307818575028875,0.9180038844631276
[KR] TIGER 200 IT,0.9847702485816027,0.3470845549290417,0.9620684879288852,0.036791652086504846,0.48763754600518633,0.9352105793057801,0.9952163509668702,0.9774750053860901,0.8676302955058274,0.7341359959321769,0.5694703275665041,0.25212577960302035,0.15653636409611632,0.8314082192031805,-0.034914735656319175,0.8549903140717156,1.0,0.8892935084195652,-0.10738656556427835,0.9959775671802233,0.8606428685406179,0.36165622552590504,0.833101221249562,0.7881744352768292,0.8546990006429513,0.8564433414854563,0.7895817645369214,0.7596988628575908,0.769859948956057,0.7698875790873982,0.8174748259032684,0.8179849708001921,0.7734011011695971,0.7752858375025364,0.7758228296431019,0.8562376057942511,0.9272407037582067,0.7394960098687131,0.980673774520197,0.7951681171941835,0.7702037306332039,0.9595839803946498,0.5595513678148196,0.9745219259700297,0.9265415828255434,0.7352730000025539,0.629604752518516,0.8897588142768519,0.714636591084251,0.570037721010418,0.6655661682993058,0.8071005092925035,0.9069752257956171,0.624357522116138,0.601210952466291,0.7495031308172833,0.78640889838655,0.763811562806221,0.8887142805362559,0.7385948203442122,0.7894014164503022,0.8064850018080012,0.8622450205488288,0.8510245468024937,0.8527717672479636,0.844014989568652,0.8338427052075199,0.8244749117499829,0.9064571097936995,-0.046930587678047204,0.5121839350705726,0.8908871466250559,0.9635897370889133
[KR] TIGER 200 건설,0.9162254736957082,0.2038667598094627,0.8849816631806681,0.02086516464568486,0.3884536240287854,0.9018081719739705,0.8663743152356723,0.9109613909995201,0.8962838709290138,0.8958581433153014,0.7539943894420071,0.06444328864328314,0.027578663970190053,0.6788171380288336,0.017612477130379913,0.8957777692672146,0.8892935084195652,1.0,-0.08457647112308617,0.9037672559200991,0.9265423879855557,0.16783403201984065,0.9146279396457012,0.8967634006689019,0.9212790494220637,0.9080718100593406,0.9307651384304179,0.704764401229384,0.751470051739674,0.7515283383021665,0.7408404149280088,0.7404571269366076,0.7495402390101847,0.7422937360389744,0.7501839086366325,0.8216272212357011,0.8784956921325254,0.8351909581929442,0.9032022895114266,0.8724312313180909,0.5387867831818733,0.8836954731147727,0.5094889966183813,0.9223634351482246,0.8921559354169055,0.6854341811364062,0.6263181337762187,0.8546360371848818,0.6056956862215442,0.6843540235905298,0.8138475329662412,0.7508707498445035,0.895400790735776,0.5819595575687614,0.580642055098577,0.7839925512759804,0.7291443463580611,0.7819555872805911,0.7415383417998426,0.7468522642463193,0.8213361167871404,0.7414675321866575,0.8588867494698564,0.891602305192394,0.9196750333692725,0.8029120150315401,0.8879519996770083,0.8358270405035216,0.8948165693185014,0.2356855489715341,0.7463757594617906,0.8673924564700326,0.8727500387300446
[KR] TIGER 의료기기,0.005950468146434142,0.8604143336905198,0.023709569972664157,0.08204918730779494,0.4591798603166906,-0.07572916409711344,-0.10855016561383751,-0.21032300228349712,-0.00673708365879088,0.028081122359684126,0.0011747040097836042,0.8266141960650341,0.7653915763469458,0.266211194551213,0.43242799087606787,0.08032366461744993,-0.10738656556427835,-0.08457647112308617,1.0,-0.08519196550504854,-0.07454629250548554,0.7533948730809558,-0.12017300817134052,-0.256351110126674,-0.12390430312738425,-0.1290572595959672,-0.20811105894678686,0.04528398962626852,0.06188958538234747,0.06166606327828692,0.11080917903625093,0.11036187081429756,0.0809218110060779,0.14186383898008129,0.11945513305385139,0.15194228939140808,-0.06568014961748303,-0.0769338148470872,-0.2070566279248384,-0.09282006510831121,-0.07294522661839194,-0.058596578583127966,0.3503380635152315,-0.19322499529080087,-0.22397414403840737,0.13998508725119474,0.18204479554720626,-0.002373626249762864,0.2926769638979557,-0.5643899839093577,-0.3664609259848323,0.08443607417645813,-0.0832385117366743,0.3491393216955967,0.3440297785935687,0.0022491020106542993,-0.25676080725178063,-0.1199251234422927,0.08009498062244232,0.02667007063109869,-0.03788980796212635,0.008192225943278652,0.06603274328820123,-0.028118037417490728,-0.298488148618603,0.18952382340382398,0.10511283136802266,-0.023909892727510113,0.0156186547511068,-0.7550223843247651,-0.2747723298001379,-0.07953948370697281,-0.34122808190049114
[KR] TIGER 반도체,0.9878078475359122,0.3509180109196738,0.9573057478652635,0.01641404553588826,0.507185549095783,0.9515591359313278,0.9946857069210827,0.977462888756772,0.8719497237249706,0.7611924408961707,0.609674594363982,0.2289937948925377,0.13253058953161426,0.8142604376169384,-0.025266200619358605,0.8588268365706537,0.9959775671802233,0.9037672559200991,-0.08519196550504854,1.0,0.8871360680312871,0.3761914970955096,0.8620143303518163,0.8131533003170776,0.8801225790878605,0.8858740916727944,0.8202871940424129,0.7787275776771178,0.7939155118426341,0.793944645037615,0.8274632450784417,0.8277775847825263,0.7961233624098691,0.7975412184591353,0.79971268712413,0.8731382831818078,0.9424273044303237,0.7800532533838844,0.9771303952202923,0.8286557734126301,0.7286890246402831,0.9674071130939732,0.57092415696567,0.9718153615174467,0.9217414574915663,0.7561279806716698,0.6573848114581501,0.9064876442216692,0.7282878438298511,0.6234290178138273,0.6860331510099343,0.8248886934032276,0.9281133320823594,0.6467837062766129,0.6139632393898203,0.7795648749109982,0.8004394909043328,0.7979520916140381,0.8915701712632614,0.7703967432125187,0.8195929552213151,0.8158245627686181,0.8792789745355956,0.8755697542708589,0.8691235929142269,0.8423552752130258,0.8584513497055392,0.8505296457686771,0.9245733293671495,-0.06332679964850475,0.5100377405950433,0.912398799180006,0.9499197026702383
[KR] TIGER 증권,0.9043646325751529,0.2355312571861293,0.8275510079650421,0.04845369289485784,0.5652499139134063,0.9422502578248352,0.8584197941003616,0.8816751545070761,0.825578137621016,0.9358882927433751,0.8885042186467383,0.11661008013619882,0.07672281856092616,0.6074165598840028,-0.19829820642431847,0.8275152145191532,0.8606428685406179,0.9265423879855557,-0.07454629250548554,0.8871360680312871,1.0,0.36648339605510827,0.9778197776955765,0.9093373695473206,0.9654170114243923,0.9772790411234615,0.9837559091034639,0.8173548612897188,0.8614122392640476,0.8614681984763986,0.8099204779495072,0.8097623621840507,0.8580300270181563,0.8580984817261104,0.861313663889012,0.90834623576446,0.9240811322628841,0.9470243727911875,0.8592167970074915,0.9752531868821596,0.45396330058072004,0.9158203265515784,0.6060744674141187,0.8816638693699707,0.8275023426615149,0.7739236389843591,0.7623890113190721,0.9172192620161864,0.7575177760698103,0.7721326400609784,0.961080621172054,0.8816422826648376,0.9550310899807403,0.7355092821733459,0.6588300063521421,0.913135786257271,0.8148884073881468,0.844280302652439,0.7937201133608776,0.8356656491456174,0.9354165666454525,0.8432193107159288,0.923526281443413,0.9707140027871881,0.8973354905043408,0.8083075871997906,0.9408918757455341,0.9461742884411461,0.9432855543445454,-0.02812554677186122,0.5427796466724306,0.9318667780254889,0.8090846034054552
[KR] TIGER 헬스케어,0.4123245421564056,0.7470723477792635,0.34799007708431495,0.11146755635599723,0.5487827022128663,0.44519952695029696,0.4048262941771435,0.25812547582238904,0.19944671030337113,0.26673450923175857,0.35818601242268544,0.6440481109746428,0.5679906991490845,0.46046832669508336,-0.13833498937213393,0.23330895604564336,0.36165622552590504,0.16783403201984065,0.7533948730809558,0.3761914970955096,0.36648339605510827,1.0,0.32697396327610784,0.10140576040385221,0.3096330462115102,0.36453180857187384,0.16571446266373713,0.5862112360230586,0.5587546595750293,0.5587253983720203,0.615263001783428,0.6161508748366994,0.5715934877852141,0.6019743354650522,0.5786504627524117,0.5969414875445652,0.45904428351863297,0.40124178510032593,0.25562019621758436,0.3923777526050381,0.309501380049931,0.4501210112306941,0.5718791396176977,0.24817425596226056,0.12491862972010792,0.537797085348265,0.5666934841348439,0.5016477815166565,0.7337025594876838,0.29289174055706435,0.8795849006450048,0.6393794807337938,0.44099664209619127,0.673930976889472,0.49978419613783326,0.5104787448582753,0.4203722359619079,0.37873977284770605,0.5637019135698265,0.5081260611412175,0.5125945399653318,0.6070986750762075,0.49665075254066643,0.4507796674588062,0.16091298504443668,0.46727730588417826,0.4703184143991963,0.47314903136866365,0.42387842867615616,-0.6838178334660945,-0.3143460285514094,0.45826752011524674,0.3077457311133264
[KR] TIGER 은행,0.87994906721937,0.18089767836764073,0.8170511790770397,0.07661420024129191,0.45971491551193977,0.9270747871955635,0.8369168944074592,0.8536467630181636,0.8177034514404081,0.9072006557623604,0.8776091120963035,0.06194569399124636,0.024172304356565023,0.6046504946654127,-0.19177611541373826,0.81812632794161,0.833101221249562,0.9146279396457012,-0.12017300817134052,0.8620143303518163,0.9778197776955765,0.32697396327610784,1.0,0.9409072220789308,0.9954657995334893,0.9938643000936456,0.9872390508319641,0.8140635226298278,0.8503037267451236,0.8503497648906786,0.8098587256265546,0.8094965602166817,0.8465257239822989,0.8392623091999041,0.8425132413671779,0.8815585311935958,0.9029161379415993,0.9426068039194295,0.8319644323562478,0.9600171155881893,0.4174508627860303,0.8820339285832111,0.5865596613459566,0.8495785111269721,0.8041023584353176,0.7564188031612485,0.7479133639060735,0.8970328226039525,0.7308783270365811,0.8261544081575443,0.9755927692070971,0.8621586394030537,0.9366208751775956,0.716274272314662,0.6277772058539912,0.8964833476469405,0.8121387573653797,0.8454159223074236,0.7762452691474235,0.836748009108935,0.9351164744537772,0.8534650753005771,0.9063020129284539,0.9600299327992863,0.9178114542454887,0.8216737196366157,0.9442872932970812,0.9149673368961845,0.9002297634031692,0.02648531892943923,0.5752210259218332,0.9134025140328759,0.778738589190339
[KR] 신한지주,0.8215409714544805,-0.09102268144053127,0.8065260937684845,0.16815809907223303,0.3209499237344959,0.8192942294540609,0.7758107020252081,0.8590479747059659,0.7883084775873821,0.8430631620169725,0.7563352335893941,-0.158860260280311,-0.20081977644133095,0.48374901132700276,-0.29281484940574615,0.7509232012462475,0.7881744352768292,0.8967634006689019,-0.256351110126674,0.8131533003170776,0.9093373695473206,0.10140576040385221,0.9409072220789308,1.0,0.9520158406755781,0.9255517819072588,0.9727503012320331,0.5945984335092216,0.646074199953155,0.6461389881506105,0.6054219393315479,0.6050742404349565,0.6398882474345324,0.6291043987666031,0.636129898679615,0.7150278463213252,0.7774306648514016,0.8265891080003261,0.8413459751396005,0.847334274384361,0.4414415010739082,0.7761906918487352,0.3541255966829433,0.8577767138103375,0.8694990590258683,0.5381566347174895,0.5053824592203124,0.7414381146979081,0.4879708341564587,0.8574240884199045,0.9374995379944185,0.6674113801122421,0.8216979736443247,0.4578624539189281,0.3710421462539146,0.7224697609621039,0.6368746718820849,0.7147143667237491,0.595894547161212,0.6435545494648118,0.7749376606566593,0.6632620710369763,0.7410526978551935,0.8317631634686602,0.9273590852565914,0.7602249804768341,0.825704442144816,0.7824965884366577,0.8283577500026292,0.24360528127939823,0.6165505418286383,0.7720684742580888,0.8206864176779901
[KR] 하나금융지주,0.896097570559542,0.16626928080038242,0.848480967323521,0.09380855075027598,0.42538856531582486,0.9274923885097403,0.8569309152754747,0.8739566558800644,0.8397699871698449,0.8869433452113074,0.8366250733149039,0.0626518027137448,0.016329558216886007,0.6361032244208006,-0.18341549510336438,0.8311585898559211,0.8546990006429513,0.9212790494220637,-0.12390430312738425,0.8801225790878605,0.9654170114243923,0.3096330462115102,0.9954657995334893,0.9520158406755781,1.0,0.9899326150201312,0.9791165007677308,0.7948575823436659,0.828821288513222,0.8288636715453273,0.8018159009135943,0.8015019529245014,0.82571426331028,0.8182127451404907,0.8212558498750209,0.869607523667443,0.900587444760808,0.9175872404146879,0.855661565175009,0.9369600126876956,0.459657533225469,0.8860670947840021,0.5695388401005216,0.8699048618798173,0.8330105376048024,0.7398017425745185,0.7160386588196509,0.8879400525084258,0.7098190659923457,0.8288810935790829,0.9535922563008282,0.843558962899962,0.9297939807423423,0.6849596345805568,0.6025326604489695,0.8690768871276602,0.7977691279947436,0.8333432660967242,0.7780703868333279,0.8174571401517099,0.9122582253775434,0.843531624611172,0.8940302647249384,0.9451945290955003,0.9275365802662068,0.8450096373126843,0.9368206791929535,0.896193897378778,0.8984617374967031,0.06305548514951079,0.5960925693189038,0.9028653503661966,0.8195284393203872
[KR] KB금융,0.8932547513352352,0.21895699802111587,0.8205904101417963,0.008173775817233454,0.48166026085425295,0.9501887408685801,0.8648844829507754,0.8709661940794988,0.8263282267016261,0.8894898277484826,0.8572618625631081,0.0687130443873434,0.023962539641093024,0.6228433610025702,-0.1675452981170837,0.8188187237627983,0.8564433414854563,0.9080718100593406,-0.1290572595959672,0.8858740916727944,0.9772790411234615,0.36453180857187384,0.9938643000936456,0.9255517819072588,0.9899326150201312,1.0,0.9780576286276808,0.8421684385362157,0.8757819817374154,0.8758262470711824,0.8360775870913855,0.8356942916022787,0.871561656890487,0.8639850457986799,0.8684595302572086,0.8984890179997541,0.9310019388675267,0.951925612743556,0.8500098501757508,0.9671812586399199,0.4263946263242439,0.9105095729885083,0.6210547911842408,0.8637768306210609,0.809004544859319,0.7955699675456315,0.7743326375051476,0.9227370266535943,0.7611262842163263,0.8522529638918971,0.9564586601250591,0.8824215061980469,0.9592421630373125,0.7377289196515089,0.6551745638341279,0.9101358889315415,0.847067411280256,0.8820738973306947,0.8101266619844119,0.8713224085967536,0.9454760468315926,0.8683198609130515,0.9214914951036307,0.9690782016298758,0.9191360529344548,0.8017371793481881,0.9396240753549419,0.9289282250913367,0.9122097071653011,-0.034041078158639285,0.5512142038403683,0.941188919540843,0.7913521830882566
[KR] 우리금융지주,0.8353856409040462,-0.10432773136602798,0.7642686693339756,0.21633591080909959,0.6348090498284347,0.9196365906979748,0.7893480601594128,0.8431175912156573,0.8118756609377726,0.9517209392899731,0.8970388192055249,-0.27713689179895895,-0.3029453319789337,0.43495740091340257,-0.2522034345977854,0.7999560528960471,0.7895817645369214,0.9307651384304179,-0.20811105894678686,0.8202871940424129,0.9837559091034639,0.16571446266373713,0.9872390508319641,0.9727503012320331,0.9791165007677308,0.9780576286276808,1.0,0.9092544911305851,0.9130504116442023,0.9130919681032938,0.8365100074562255,0.8369664961861738,0.9093152267234227,0.9042560474255932,0.9036548533791683,0.8896713168853242,0.9099894257864665,0.9438784597214062,0.816634801175709,0.9793661433018923,0.38142041482348027,0.8798224669585104,0.5127377349638,0.845991499732351,0.826747536742485,0.7853557022995168,0.8072064513467679,0.920314127600344,0.8437008340870514,0.7784456062190742,0.9754820754650654,0.9379663120757212,0.945829920601537,0.7758003905458251,0.5877951194991742,0.9479177695463689,0.8896034596261913,0.8169187318607223,0.7890195374290787,0.8395463710693811,0.9599062843382749,0.9131209875262745,0.9186123103073868,0.9659222013043058,0.9619674784307088,0.7715370283183425,0.9047045302846323,0.9586400789263495,0.9057733228156799,0.6949587256208563,0.8023170061235664,0.9348995175987815,0.7666671417381887
[IDX] 다우 존스,0.86966607473233,0.08993190019066052,0.7638502526298259,0.6430532475963147,0.613367176296295,0.901909493621639,0.7960905855917143,0.6778126605561827,0.7330919600196605,0.6970692398461379,0.7405878170263165,0.4175937658544349,0.3914655501193971,0.7326719028072326,0.06517405045533886,0.7683061361893357,0.7596988628575908,0.704764401229384,0.04528398962626852,0.7787275776771178,0.8173548612897188,0.5862112360230586,0.8140635226298278,0.5945984335092216,0.7948575823436659,0.8421684385362157,0.9092544911305851,1.0,0.9924270703349156,0.9925755432943644,0.9851759893005886,0.9827174845752374,0.9963549607108154,0.9818334887172653,0.9825285558083473,0.9356661145946669,0.9081289359016831,0.8149145609007326,0.5883241826587026,0.845336811392058,0.6101695346747548,0.7994006786509518,0.9499570106001239,0.6451742413404566,0.612425295721695,0.954060351567839,0.9524563386913965,0.9563291672228207,0.9796488388359036,0.86205134624436,0.9634344642994085,0.9804219171724339,0.8814555636916818,0.9819671177022089,0.9072582361726269,0.9565226027961955,0.956294105921505,0.861708672776501,0.9696949940104194,0.9666710680737188,0.9535441132325858,0.4551643691235934,0.807771253543739,0.9110028528295885,0.35518477889392397,0.6692274020476946,0.8260419840450077,0.8455517303295501,0.5322230700762521,-0.6455330979779071,-0.4716523778569833,0.8257906210131603,0.7453384406480872
[IDX] S&P 500,0.8622137758694638,0.12066955890516391,0.7561677049807694,0.6051538343224603,0.5826431829374997,0.930438506935707,0.8010629805679883,0.7025488213895815,0.772162981684708,0.7599810812457293,0.7920431367566719,0.3797874263414412,0.3585344276563064,0.7106896269857111,0.04031060368101775,0.8001467677536146,0.769859948956057,0.751470051739674,0.06188958538234747,0.7939155118426341,0.8614122392640476,0.5587546595750293,0.8503037267451236,0.646074199953155,0.828821288513222,0.8757819817374154,0.9130504116442023,0.9924270703349156,1.0,0.9999987460791159,0.9670151796043402,0.9633819828297308,0.9993455804072632,0.9950359125733939,0.995815147963626,0.9571027017690678,0.9358145155809,0.8679174652508089,0.6368323602875047,0.8916535374077388,0.6192274472122232,0.8448143679784291,0.9359760684495931,0.682723320767432,0.647647899983916,0.9696917805160855,0.9727033115091862,0.974263427923563,0.9768869362767606,0.8701378495696926,0.9825554847814875,0.9825690808456974,0.9198590548775121,0.9810942068986973,0.9171403897287332,0.9760912828689677,0.9367069230516466,0.9030758368365047,0.9445350355952347,0.9796795166550699,0.977351343676238,0.5148988511946835,0.846550217020355,0.9404296161643021,0.3435823661743248,0.6569113001697272,0.8332640381248639,0.8707743732753582,0.5755976197038133,-0.5984820627642665,-0.4108719663893355,0.8060680964723823,0.7142024073035771
[US] S&P500,0.8622228870112048,0.12045817659930447,0.7560820560703193,0.5630592491889383,0.5827479787403631,0.9303039015132673,0.8010816248024788,0.7026118147957839,0.772146906241124,0.7600343300231875,0.7921116540832307,0.3795995725303796,0.3583918232702662,0.7106222909630515,0.04023864912921251,0.8001035693739146,0.7698875790873982,0.7515283383021665,0.06166606327828692,0.793944645037615,0.8614681984763986,0.5587253983720203,0.8503497648906786,0.6461389881506105,0.8288636715453273,0.8758262470711824,0.9130919681032938,0.9925755432943644,0.9999987460791159,1.0,0.965017034426548,0.9634301998393123,0.9993529172882041,0.9958107793726421,0.9957933807657166,0.9570368514993776,0.9357358162751989,0.867817020925362,0.6359815824743955,0.8915637930877025,0.5753775402135393,0.8487504122468954,0.9343874188931363,0.6826656427670057,0.639765349238515,0.9747586743121189,0.9749352483459889,0.9742076084385674,0.9768629920184503,0.8701807483799395,0.9825231581734353,0.9825883760021192,0.9197821781868369,0.9810849846054847,0.917059524598611,0.9741565606313455,0.9426854163229562,0.9065446872807073,0.942327168225317,0.9797102599490962,0.9759250696755551,0.45928501100992736,0.846580503487517,0.9403409442537857,0.33140609144608957,0.656810798566238,0.8331990802529226,0.8707387975414268,0.5754625770307721,-0.5987605268319964,-0.4112078993312008,0.8759420302150471,0.7141730515861838
[IDX] 러셀 2000,0.9011214155995037,0.02832473458915321,0.8159664545441156,0.7362938451442473,0.6511414139349495,0.8661660572758917,0.8460018530020299,0.7255133400640371,0.76063809789373,0.6900380708234655,0.6807174899016069,0.47856751237067624,0.4563370251903044,0.8289648320344309,0.13450087349326487,0.8131403326156652,0.8174748259032684,0.7408404149280088,0.11080917903625093,0.8274632450784417,0.8099204779495072,0.615263001783428,0.8098587256265546,0.6054219393315479,0.8018159009135943,0.8360775870913855,0.8365100074562255,0.9851759893005886,0.9670151796043402,0.965017034426548,1.0,0.9999956905205091,0.9744808445454999,0.9514631746581808,0.9405542679367976,0.916242899394889,0.8683045860819356,0.7352298595558179,0.5644268580117465,0.787227416019409,0.6528955888231741,0.7517166386670255,0.9482986167641401,0.6425145115904599,0.6263343647261811,0.911888576748415,0.8994257560051119,0.9347968244800834,0.949943044589074,0.6846696528762627,0.8800679171637844,0.9666136497564785,0.8288969743499682,0.9508148314701299,0.872208122345266,0.9187638825123962,0.9460447295475044,0.7963359842608654,0.9847327993557788,0.9337730351998621,0.9177123301942974,0.4484159683089117,0.7479319836725602,0.8791555380022689,0.3961188566115261,0.7135413959486402,0.8426472083807097,0.8037862237714705,0.4927067702773964,-0.6758717934044707,-0.5184740664674632,0.7124847650123157,0.8795191538798781
[US] 러셀,0.8854723100832019,0.5436902572333393,0.8165221044015133,0.5973272939157591,0.5971151398620315,0.8862532698993383,0.8464562271628323,0.7259775757960482,0.760266033532631,0.6898101539511596,0.6802980511233256,0.4795587669858162,0.45706012524655526,0.8293826242682856,0.13212286668014225,0.8127759878322344,0.8179849708001921,0.7404571269366076,0.11036187081429756,0.8277775847825263,0.8097623621840507,0.6161508748366994,0.8094965602166817,0.6050742404349565,0.8015019529245014,0.8356942916022787,0.8369664961861738,0.9827174845752374,0.9633819828297308,0.9634301998393123,0.9999956905205091,1.0,0.9744699257227066,0.9552680952531367,0.9433736357649517,0.9168096626301512,0.8685459179552567,0.7374758450210603,0.5860457379140064,0.7875770557973881,0.5168967330345637,0.781909653639724,0.9302188636923991,0.6431633447006132,0.61747852728159,0.929630382691148,0.9062841853608928,0.9350786863652579,0.9524311228325428,0.6825053446379135,0.8801592516501455,0.9667744242506191,0.8291516065136636,0.9508654756049063,0.8723935260483696,0.891428300642926,0.9645311844245003,0.8058121158980557,0.9841953095171659,0.9331511233539481,0.9149643285673366,0.31332213661155345,0.6953952585356901,0.8759984480225891,0.22649883713271168,0.7143405930890776,0.842691968473729,0.8044221368649493,0.4937535941167049,-0.6757250384156569,-0.5182221844288156,0.9157560279368291,0.8811650159646665
[US] 미국 전체,0.8612401470290402,0.7440908208545954,0.7674357396396626,0.45923181019454,0.550619226760407,0.9347856155236465,0.8044603076232852,0.7023697146736702,0.7719327222469213,0.7555379194234737,0.784932053022519,0.4005794655185815,0.37977545872602775,0.7249461667897263,0.046212258584798785,0.8036648358369004,0.7734011011695971,0.7495402390101847,0.0809218110060779,0.7961233624098691,0.8580300270181563,0.5715934877852141,0.8465257239822989,0.6398882474345324,0.82571426331028,0.871561656890487,0.9093152267234227,0.9963549607108154,0.9993455804072632,0.9993529172882041,0.9744808445454999,0.9744699257227066,1.0,0.9970115715152214,0.9942658901225931,0.9569672614473913,0.9289392534355371,0.852671534010582,0.6493979031848309,0.8824274641228355,0.6172576196498192,0.8599149740778275,0.939859863060096,0.6768695011240061,0.6227163645568068,0.978322562153627,0.973216103070995,0.9720115771095287,0.9778425712567252,0.8563034876186542,0.9802433551911884,0.9849996241247148,0.9123536974660049,0.9824763678915681,0.9165835046188173,0.9633346679660721,0.9587280975616699,0.9004644051436395,0.9573037046965299,0.9762022010124094,0.9714307675350409,0.39572333466640436,0.8543373070973822,0.9340086349102008,0.1797523125742794,0.6685142748679302,0.8369611183675852,0.8674577785547093,0.5694354568071986,-0.6123436855825619,-0.4283122237852287,0.9634382206618418,0.7343847188359237
[IDX] NASDAQ,0.8607085174130794,0.13916448310247473,0.7552211345705586,0.5627706425416282,0.5738002220056806,0.935448992975683,0.8057397102689472,0.7022456576719454,0.7689909840986952,0.755788854995358,0.7845107055223748,0.43396050481963305,0.40578825712861505,0.7298693787478138,0.02615487115766207,0.7981262143662462,0.7752858375025364,0.7422937360389744,0.14186383898008129,0.7975412184591353,0.8580984817261104,0.6019743354650522,0.8392623091999041,0.6291043987666031,0.8182127451404907,0.8639850457986799,0.9042560474255932,0.9818334887172653,0.9950359125733939,0.9958107793726421,0.9514631746581808,0.9552680952531367,0.9970115715152214,1.0,0.9988898285107373,0.9698988806229789,0.9406987454241903,0.8705114913998947,0.6567962777441293,0.8949771546147838,0.6025753135304862,0.8686375376681582,0.924113494557673,0.6902500645632463,0.6555149850280472,0.9802309930384159,0.9811514025541771,0.9771746683186789,0.9829858775633256,0.8311400782286562,0.9832585014219832,0.9889940269888823,0.9256887034893058,0.9853824529209558,0.9217559806567294,0.973939075508957,0.9118899939275361,0.9100110145428989,0.9226617158259616,0.9682180762869067,0.9780896097188635,0.4874370052035398,0.8464484002434308,0.9416235417782114,0.33029283061541936,0.6608214623458902,0.820828438823561,0.8839583746084935,0.6013620958840619,-0.5999052185503582,-0.4125771822431582,0.8381898787013085,0.7511356143651359
[US] 나스닥,0.8479302222099536,0.24950740057903403,0.7471496979018803,0.41864348604814533,0.5372381453992604,0.9475244212111994,0.8061851666597365,0.7061284481485053,0.776613352140423,0.7591582043819237,0.7868771015990351,0.40811607360760044,0.37904403147176163,0.7202444327106432,0.0456643023646319,0.8009710937205545,0.7758228296431019,0.7501839086366325,0.11945513305385139,0.79971268712413,0.861313663889012,0.5786504627524117,0.8425132413671779,0.636129898679615,0.8212558498750209,0.8684595302572086,0.9036548533791683,0.9825285558083473,0.995815147963626,0.9957933807657166,0.9405542679367976,0.9433736357649517,0.9942658901225931,0.9988898285107373,1.0,0.9708193417318146,0.9489676889774122,0.885867621800553,0.6703645323684378,0.9067275050523437,0.48986415143333045,0.889463962651837,0.9247613827078373,0.6996210814385739,0.6424285433388875,0.9857632438276258,0.9835366394404377,0.9803707821594388,0.9767520418670749,0.8529047678673549,0.9775576214269478,0.9841540349976153,0.9363833733630973,0.9810884221571052,0.923060529818885,0.9778740839185172,0.9394315657675377,0.9245184458879234,0.9257040155895838,0.9741218556490954,0.9772520967537209,0.4105603739426152,0.8374430478780653,0.9457121297654386,0.22762903323951134,0.6512781820011622,0.8135504937289575,0.8926472612136667,0.6179143523161656,-0.5831485571380826,-0.3892340048607648,0.9595454225545732,0.7313973237346785
[US] 나스닥 레버리지,0.9068650364082999,0.6592371710723989,0.8167211302584437,0.11076726835096128,0.6586038936346177,0.9683335621765504,0.8743200991613095,0.7943874211791282,0.8343248105200586,0.8060661790159782,0.7787028020147587,0.4494961127827954,0.41235575220345344,0.7969044195666831,-0.03991030486822,0.8651725401425144,0.8562376057942511,0.8216272212357011,0.15194228939140808,0.8731382831818078,0.90834623576446,0.5969414875445652,0.8815585311935958,0.7150278463213252,0.869607523667443,0.8984890179997541,0.8896713168853242,0.9356661145946669,0.9571027017690678,0.9570368514993776,0.916242899394889,0.9168096626301512,0.9569672614473913,0.9698988806229789,0.9708193417318146,1.0,0.9706458987909402,0.9063133831511521,0.7865060371511116,0.9233607307571742,0.5900287112805772,0.9496658236665829,0.8632653918197404,0.7953147295187026,0.694235302706433,0.9363797883308068,0.9238788724156005,0.9830645854401441,0.9329786304766436,0.732262901244075,0.9443315029066821,0.9793703189591205,0.966450059323874,0.924209915125883,0.8702272833492389,0.9580674231237689,0.9023866036640538,0.9059346700847309,0.8831238701262968,0.9205114978272813,0.9634749585634242,0.9352076787783702,0.9800197198342816,0.969282219731671,0.0876766382132067,0.8261887615224173,0.9467010161677345,0.9075469168267978,0.6453415603282205,-0.4860573582341909,-0.06048903497753219,0.9503256682998246,0.8528543538990506
[US] 미국 반도체,0.8882056424380488,0.6010019713968535,0.8124882502674776,0.29618337042152015,0.4526431660957656,0.9891970784134071,0.9416850843292986,0.8880675542787617,0.8796844954116981,0.8013645182681084,0.7383209599846489,0.2835107607602188,0.22549000199740765,0.783998321603452,-0.005788579470852848,0.8766064880134088,0.9272407037582067,0.8784956921325254,-0.06568014961748303,0.9424273044303237,0.9240811322628841,0.45904428351863297,0.9029161379415993,0.7774306648514016,0.900587444760808,0.9310019388675267,0.9099894257864665,0.9081289359016831,0.9358145155809,0.9357358162751989,0.8683045860819356,0.8685459179552567,0.9289392534355371,0.9406987454241903,0.9489676889774122,0.9706458987909402,1.0,0.9179272707455801,0.8651715105801355,0.9365637124060247,0.6833601494538705,0.9843692545732785,0.8221043033140857,0.8759410015075471,0.8097287849771145,0.9359091548284315,0.9049160080237612,0.9874549239369299,0.8986805569305207,0.7812661845345471,0.8073702778559474,0.9437434492173266,0.9944494607386942,0.8770692577286707,0.8329490803632768,0.9466610841913545,0.8605854378205886,0.9486384807189503,0.8708515916341302,0.9273115647609523,0.9534343664209579,0.49791551736945594,0.9278995837554842,0.9652652592403947,0.2727406978111971,0.6343820301926166,0.7925688893036713,0.8907729121098463,0.7119547635608066,-0.4373041962908124,-0.22221372895159683,0.9699318769175778,0.8847918922907974
[US] 엔비디아,0.750997435611462,0.1316810104401013,0.6622153649864874,0.22430735726733342,0.3884496611469155,0.9123443293574496,0.7571473858636836,0.7477055081974441,0.7762545594455089,0.8759876899745419,0.9146389529246896,0.08551923650704325,0.062409356601243075,0.5194665559406881,-0.1664693666412724,0.7642654116438666,0.7394960098687131,0.8351909581929442,-0.0769338148470872,0.7800532533838844,0.9470243727911875,0.40124178510032593,0.9426068039194295,0.8265891080003261,0.9175872404146879,0.951925612743556,0.9438784597214062,0.8149145609007326,0.8679174652508089,0.867817020925362,0.7352298595558179,0.7374758450210603,0.852671534010582,0.8705114913998947,0.885867621800553,0.9063133831511521,0.9179272707455801,1.0,0.74411948709975,0.9882524860960836,0.32949846649135317,0.8898738189628509,0.7279962264635872,0.7699628948543911,0.7057476364441437,0.854715886140785,0.8736443489026575,0.9042273874595563,0.8048111025974612,0.8949538222795271,0.9952426232965191,0.8958696842593344,0.9511064019775471,0.81026906126445,0.7559219944216196,0.9435803426368377,0.757992722038044,0.9403552405672041,0.7078189653336926,0.9145923579137751,0.9352122576137615,0.48954053585353813,0.8445506708117886,0.9427193737860544,0.33508943752244696,0.5410835292568597,0.742664413129382,0.8865614727577551,0.7123936038391981,-0.3201994855765071,-0.10974785716791487,0.8905215523724991,0.5887950699956698
[US] 마이크론,0.7426028018198235,0.11250707199343041,0.760472739087313,0.2523423988118557,0.2914155265118482,0.849724329330164,0.9654765377004674,0.9970131352450297,0.8426746198610112,0.7431879450195369,0.5662207568883648,0.09228462408504169,-0.0024825537535895204,0.7285558060088054,-0.1316861082468702,0.8052777662256725,0.980673774520197,0.9032022895114266,-0.2070566279248384,0.9771303952202923,0.8592167970074915,0.25562019621758436,0.8319644323562478,0.8413459751396005,0.855661565175009,0.8500098501757508,0.816634801175709,0.5883241826587026,0.6368323602875047,0.6359815824743955,0.5644268580117465,0.5860457379140064,0.6493979031848309,0.6567962777441293,0.6703645323684378,0.7865060371511116,0.8651715105801355,0.74411948709975,1.0,0.7922375783771369,0.6349990450463155,0.9165971387267304,0.4577346876183527,0.995498122389996,0.9508959241098889,0.6418017169154918,0.5784605907301251,0.8037167655109689,0.5965118176397045,0.6244086480753982,0.6965528523026017,0.7223241668297886,0.8646654832455481,0.5445861016270904,0.518859517402299,0.667140792370071,0.5475965476823954,0.7402712575812007,0.5681944998770809,0.6638599133527235,0.7115012736984567,0.44574364007534084,0.7431619535529516,0.7824041558505728,0.3535660072037591,0.5546059133220932,0.621780795272777,0.7332633579482624,0.7230046906252151,-0.2022851141038252,-0.016547217392497135,0.7483077510343101,0.9572588434311491
[US] 브로드컴,0.8558095608001907,0.43380605654269716,0.7556224744143796,0.08429832417705561,0.5682213010519391,0.942758538363135,0.8051903327382143,0.8058011841407507,0.7853238605758586,0.9147047815695224,0.9234609384344412,0.11141998907587403,0.07556260267204892,0.5543254787372816,-0.1718031590583561,0.7887333967549596,0.7951681171941835,0.8724312313180909,-0.09282006510831121,0.8286557734126301,0.9752531868821596,0.3923777526050381,0.9600171155881893,0.847334274384361,0.9369600126876956,0.9671812586399199,0.9793661433018923,0.845336811392058,0.8916535374077388,0.8915637930877025,0.787227416019409,0.7875770557973881,0.8824274641228355,0.8949771546147838,0.9067275050523437,0.9233607307571742,0.9365637124060247,0.9882524860960836,0.7922375783771369,1.0,0.4512731838864603,0.9141156101935823,0.730055566325564,0.8107533826657616,0.7330203717893087,0.8605241054972057,0.8653997230738436,0.9319562368671656,0.8227759506445427,0.8223069643234716,0.9856245743333251,0.9091980887641901,0.9663802520720028,0.8186680942708195,0.7705634705649103,0.9611782009425268,0.8297876153771738,0.9150456732258673,0.7592753942945897,0.9028311086296275,0.9555492178545146,0.8414600785620795,0.9312936852802225,0.9740303048502881,0.24616845720245867,0.7462495412316251,0.894629988767134,0.9486383689649643,0.7116952827232949,-0.3579833202484963,0.051406982777414685,0.9192192433933781,0.6844639195630158
[US] 인텔,0.5758373569945117,0.30401099909744755,0.5524678320613245,0.6477598637578054,0.2968887750356047,0.5778302027641637,0.7462607375511991,0.7466058389585777,0.4863942161645789,0.33250789739651176,0.1270995502568297,0.3135320054750459,0.17248865836180718,0.6817208072295335,-0.15439195510158407,0.48942023860523765,0.7702037306332039,0.5387867831818733,-0.07294522661839194,0.7286890246402831,0.45396330058072004,0.309501380049931,0.4174508627860303,0.4414415010739082,0.459657533225469,0.4263946263242439,0.38142041482348027,0.6101695346747548,0.6192274472122232,0.5753775402135393,0.6528955888231741,0.5168967330345637,0.6172576196498192,0.6025753135304862,0.48986415143333045,0.5900287112805772,0.6833601494538705,0.32949846649135317,0.6349990450463155,0.4512731838864603,1.0,0.5873522870888936,0.5196313052570264,0.7642809709771052,0.6175330899099014,0.49607455127936295,0.4795332366794448,0.6601656400666106,0.5014951702816074,0.2047749316864064,0.5339015056940095,0.4892656995954312,0.551386039262667,0.5582572537700549,0.34540480922550637,0.5784525551639457,0.6724949291388486,0.4494064645646736,0.7023937849022207,0.2972016074622196,0.5996576757094608,0.4500242163556691,0.6664437104848066,0.4584072612789028,0.16647324940688915,0.5765381760404511,0.5701122138774728,0.5262110210335106,0.4478814592589068,-0.4429888161355892,-0.3710724776507404,0.39041094202374327,0.8839077379858289
[US] AMD,0.8279870551993547,0.13629747148720958,0.7873015136781393,0.31226934219376196,0.4094912400216969,0.9661567094594078,0.9666051370247281,0.9258599923329852,0.8883880155428876,0.7950963951171878,0.6982064568835248,0.3012913273241056,0.2270930587501788,0.8006925619929706,-0.041031867579573306,0.8765823370274719,0.9595839803946498,0.8836954731147727,-0.058596578583127966,0.9674071130939732,0.9158203265515784,0.4501210112306941,0.8820339285832111,0.7761906918487352,0.8860670947840021,0.9105095729885083,0.8798224669585104,0.7994006786509518,0.8448143679784291,0.8487504122468954,0.7517166386670255,0.781909653639724,0.8599149740778275,0.8686375376681582,0.889463962651837,0.9496658236665829,0.9843692545732785,0.8898738189628509,0.9165971387267304,0.9141156101935823,0.5873522870888936,1.0,0.7032064660668426,0.9236821662267222,0.8583198219278927,0.8747645514935057,0.8377712872621661,0.952861271102389,0.8333859948621778,0.7040110370214812,0.7725965747610952,0.9143920511410407,0.9805775351583051,0.8000758513264358,0.7884899394528158,0.8596200480808542,0.7150199469965249,0.9099337679443017,0.732057957096459,0.8770239078399737,0.8841333772918828,0.5324953801725754,0.8680018864071788,0.9284544776180466,0.34372719143462355,0.6014600980770782,0.7491111310883575,0.8574245405757213,0.7396975184404254,-0.35074945903110544,-0.13334233960973077,0.8816923759476414,0.9363516818227893
[US] 퀄컴,0.8279978073768971,-0.02260970011498568,0.7007914710702486,0.6531259610482608,0.6100864311389551,0.8013270914966715,0.5957919126817728,0.44326905591079957,0.6971634534588057,0.5304139003453574,0.5599289635805527,0.5708821008736709,0.5958434717734384,0.6847846972226573,0.2165441410899307,0.7152748156336415,0.5595513678148196,0.5094889966183813,0.3503380635152315,0.57092415696567,0.6060744674141187,0.5718791396176977,0.5865596613459566,0.3541255966829433,0.5695388401005216,0.6210547911842408,0.5127377349638,0.9499570106001239,0.9359760684495931,0.9343874188931363,0.9482986167641401,0.9302188636923991,0.939859863060096,0.924113494557673,0.9247613827078373,0.8632653918197404,0.8221043033140857,0.7279962264635872,0.4577346876183527,0.730055566325564,0.5196313052570264,0.7032064660668426,1.0,0.5184488498604574,0.4955808455316592,0.9157703226395101,0.9067084678553893,0.8812956699132325,0.9206072660023505,0.7060491704526468,0.6797941687135837,0.8527187762381979,0.7887109999223294,0.9454563795506751,0.9349168081022057,0.9032860719453194,0.9050480004576829,0.7916328054186053,0.932903663234236,0.8748221650993684,0.8597048740134967,0.3516566995260984,0.7217590354788808,0.8332480581121452,0.4173703371870296,0.6443500206730259,0.7698449730416957,0.8020312368278447,0.5115550413186235,-0.5795136689834253,-0.3970206628665435,0.6989013133198503,0.39914707778458913
[US] 시게이트,0.8760555528939525,0.3359863413371124,0.8726136214683994,0.24291984304610148,0.31289316635538217,0.8820746329013174,0.9555840466197922,0.995356925148068,0.8546260482889783,0.7817661566573094,0.6056283376544853,0.09074091380950315,0.008293283459284014,0.7158571499768204,-0.13898230291327296,0.8221426939021761,0.9745219259700297,0.9223634351482246,-0.19322499529080087,0.9718153615174467,0.8816638693699707,0.24817425596226056,0.8495785111269721,0.8577767138103375,0.8699048618798173,0.8637768306210609,0.845991499732351,0.6451742413404566,0.682723320767432,0.6826656427670057,0.6425145115904599,0.6431633447006132,0.6768695011240061,0.6902500645632463,0.6996210814385739,0.7953147295187026,0.8759410015075471,0.7699628948543911,0.995498122389996,0.8107533826657616,0.7642809709771052,0.9236821662267222,0.5184488498604574,1.0,0.9774900168256756,0.6652144248974144,0.5929656910240392,0.8155270530538762,0.6275450152993585,0.6270138588378025,0.733572494317675,0.724842452064737,0.8808412485877427,0.5653424240136019,0.532413710970106,0.7274994648346192,0.6291191743106462,0.7480335640833868,0.6669235888321164,0.6668639439499718,0.7506828456548718,0.4450556136335388,0.7920309410084254,0.8299941091396748,0.3761590135431411,0.5736290340374314,0.6785631011741045,0.7512986756955722,0.7309454507385297,-0.2091148479724909,-0.01860875853136917,0.8060322127703385,0.96221854773817
[US] 웨스턴디지털,0.8190604295398612,0.006995161325856498,0.8458201175493398,0.4129127123669686,0.36137741016162983,0.8314828017237218,0.8970539877219629,0.9746291768102601,0.8044289875498487,0.7333101965295203,0.5338042793879013,-0.01321867975759802,-0.09693760585750423,0.636201882907412,-0.1740355982395123,0.7588836210612863,0.9265415828255434,0.8921559354169055,-0.22397414403840737,0.9217414574915663,0.8275023426615149,0.12491862972010792,0.8041023584353176,0.8694990590258683,0.8330105376048024,0.809004544859319,0.826747536742485,0.612425295721695,0.647647899983916,0.639765349238515,0.6263343647261811,0.61747852728159,0.6227163645568068,0.6555149850280472,0.6424285433388875,0.694235302706433,0.8097287849771145,0.7057476364441437,0.9508959241098889,0.7330203717893087,0.6175330899099014,0.8583198219278927,0.4955808455316592,0.9774900168256756,1.0,0.6248269628001856,0.5519933877658977,0.7420028038187277,0.5765570765825705,0.6102105648517157,0.7236914346741894,0.6007317223558819,0.8145361032334503,0.5023851352590671,0.3959929981769439,0.675675554167906,0.6042754147136002,0.691158771628745,0.6306420503073443,0.5362242532432054,0.71326948050538,0.3616760051584941,0.6528632143082701,0.781680146767274,0.47717608908810194,0.6043488882294578,0.6378847393327457,0.696290782462113,0.6919631283545277,-0.19548205935295668,-0.03212308017837461,0.7063874533391484,0.9678992003618896
[US] 애플,0.8331949447772933,0.1177652829866188,0.7233694607163995,0.4514335410506786,0.541662539249273,0.9225986199018757,0.7695450856816335,0.6476498352074949,0.7685630264370056,0.6677271846137841,0.6825400457627987,0.42126840462154885,0.4010128691785825,0.7235941364319227,0.24322911799680705,0.7792436718540697,0.7352730000025539,0.6854341811364062,0.13998508725119474,0.7561279806716698,0.7739236389843591,0.537797085348265,0.7564188031612485,0.5381566347174895,0.7398017425745185,0.7955699675456315,0.7853557022995168,0.954060351567839,0.9696917805160855,0.9747586743121189,0.911888576748415,0.929630382691148,0.978322562153627,0.9802309930384159,0.9857632438276258,0.9363797883308068,0.9359091548284315,0.854715886140785,0.6418017169154918,0.8605241054972057,0.49607455127936295,0.8747645514935057,0.9157703226395101,0.6652144248974144,0.6248269628001856,1.0,0.9835753414217066,0.9628897494744447,0.9662286495590396,0.9051770366410655,0.8688952604542155,0.9399775488483539,0.9133003154700298,0.966187095643892,0.9510722706222962,0.9454053472374626,0.8728664241282256,0.9328223289615422,0.8785043050400714,0.9745822474101306,0.941756091169138,0.4448511249778895,0.8105955438988909,0.9166542107820159,0.3268550705109485,0.6119986520541194,0.7709838948006322,0.868993757057415,0.6002333376707104,-0.5678482974878812,-0.36001453675984607,0.8563382143183091,0.7018757651862175
[US] 마이크로소프트,0.7744902334121495,0.147751459062969,0.6488435139305042,0.4538441328138447,0.5171932309950426,0.8906937750742498,0.6687768950554545,0.5460437212668001,0.6782710730155876,0.6794684228967929,0.7611368830192363,0.4270562131916415,0.4228701802160569,0.6264752358358548,0.12478348590489585,0.7134699766456951,0.629604752518516,0.6263181337762187,0.18204479554720626,0.6573848114581501,0.7623890113190721,0.5666934841348439,0.7479133639060735,0.5053824592203124,0.7160386588196509,0.7743326375051476,0.8072064513467679,0.9524563386913965,0.9727033115091862,0.9749352483459889,0.8994257560051119,0.9062841853608928,0.973216103070995,0.9811514025541771,0.9835366394404377,0.9238788724156005,0.9049160080237612,0.8736443489026575,0.5784605907301251,0.8653997230738436,0.4795332366794448,0.8377712872621661,0.9067084678553893,0.5929656910240392,0.5519933877658977,0.9835753414217066,1.0,0.9399862471541643,0.9649402890508012,0.8406921866571286,0.9459179746895708,0.9438832114955503,0.893689621080934,0.9816571489223143,0.9446567275867125,0.9593301356233394,0.8670695731826813,0.92109500532155,0.8622332293869801,0.9591225588647136,0.9554298654626168,0.49623937080501623,0.828414734676475,0.9086809289151238,0.2742827433659391,0.5721597995004201,0.7632127977214093,0.8516649759213254,0.5546389785270087,-0.5578403278777458,-0.36456806355307486,0.8291365803579144,0.4284176354413254
[US] 구글,0.9209998126007648,0.6711680983934084,0.8291568885780045,0.2640330906436167,0.44427789875845275,0.9840141571067942,0.9070187129655135,0.839615347848337,0.8523834920783292,0.8106812007395076,0.7685228308193227,0.3437047849817025,0.3030098403432165,0.7816526720358814,0.029505806803023,0.8743893288317633,0.8897588142768519,0.8546360371848818,-0.002373626249762864,0.9064876442216692,0.9172192620161864,0.5016477815166565,0.8970328226039525,0.7414381146979081,0.8879400525084258,0.9227370266535943,0.920314127600344,0.9563291672228207,0.974263427923563,0.9742076084385674,0.9347968244800834,0.9350786863652579,0.9720115771095287,0.9771746683186789,0.9803707821594388,0.9830645854401441,0.9874549239369299,0.9042273874595563,0.8037167655109689,0.9319562368671656,0.6601656400666106,0.952861271102389,0.8812956699132325,0.8155270530538762,0.7420028038187277,0.9628897494744447,0.9399862471541643,1.0,0.9392141363850081,0.7649082502711041,0.8721119347511485,0.9679274192721581,0.9781365205705398,0.927501784325863,0.88101119110341,0.9645581892362927,0.9159011331443966,0.9374410420188536,0.9218437943155148,0.9500070671738187,0.9742664073839369,0.530810676648923,0.9282106597111821,0.971116844452914,0.13156001430991143,0.7243768040467523,0.8564662448053781,0.8992299296957341,0.6737246712965087,-0.515623859271447,-0.30831928220242144,0.9777761085629479,0.8789894034566893
[US] 아마존,0.8293228355540178,0.16358672137318375,0.7296942074386178,0.49294542978302996,0.5751247496572788,0.890699813578022,0.7519812799915551,0.6226876380837603,0.6532891536091818,0.6392631071541691,0.700789379673554,0.5452265411200294,0.4923247666397676,0.7081429476136367,-0.09304405380588324,0.6778760153837843,0.714636591084251,0.6056956862215442,0.2926769638979557,0.7282878438298511,0.7575177760698103,0.7337025594876838,0.7308783270365811,0.4879708341564587,0.7098190659923457,0.7611262842163263,0.8437008340870514,0.9796488388359036,0.9768869362767606,0.9768629920184503,0.949943044589074,0.9524311228325428,0.9778425712567252,0.9829858775633256,0.9767520418670749,0.9329786304766436,0.8986805569305207,0.8048111025974612,0.5965118176397045,0.8227759506445427,0.5014951702816074,0.8333859948621778,0.9206072660023505,0.6275450152993585,0.5765570765825705,0.9662286495590396,0.9649402890508012,0.9392141363850081,1.0,0.7611648440979439,0.9900954621657821,0.972614272366799,0.8721643823204765,0.986511758451122,0.8988962790712718,0.9436787730348372,0.921770943116435,0.8486147095747125,0.9374651785501236,0.9109223208563789,0.9394186455451191,0.36252764593786563,0.7690378522550938,0.8910976088268866,0.22607967242664997,0.6440415886342309,0.7726288184977513,0.8489302133293444,0.5555543092975129,-0.6430642233987565,-0.4815746861575577,0.9038602946652319,0.7814610884299766
[US] 제타,0.5740039732891778,-0.6158473646613268,0.5185263956569676,0.038078877046212684,0.1697160224402568,0.7903186596931627,0.6038152417481103,0.6423172262234857,0.7451260514694528,0.6091371925030228,0.631555840096423,-0.613488035033845,-0.6483372901149096,0.16144565262341457,-0.6891946799787764,0.5765764451715526,0.570037721010418,0.6843540235905298,-0.5643899839093577,0.6234290178138273,0.7721326400609784,0.29289174055706435,0.8261544081575443,0.8574240884199045,0.8288810935790829,0.8522529638918971,0.7784456062190742,0.86205134624436,0.8701378495696926,0.8701807483799395,0.6846696528762627,0.6825053446379135,0.8563034876186542,0.8311400782286562,0.8529047678673549,0.732262901244075,0.7812661845345471,0.8949538222795271,0.6244086480753982,0.8223069643234716,0.2047749316864064,0.7040110370214812,0.7060491704526468,0.6270138588378025,0.6102105648517157,0.9051770366410655,0.8406921866571286,0.7649082502711041,0.7611648440979439,1.0,0.7479660254403999,0.7820941651825504,0.8280191940945807,0.6987901059319677,0.23131775284519537,0.8445608438099932,0.8563804866432398,0.951923742179006,0.5081867231785699,0.9307990315935292,0.8392230898311036,0.697664905149998,0.6942665571171969,0.7918466451803359,0.7782221275148142,0.5160461383853495,0.7491981670902025,0.8314888402259576,0.7673804868221006,0.6913771387733662,0.6426751170571908,0.8059386179919399,0.5042111517133938
[US] M7 ETF,0.761005907356695,-0.49052863694182147,0.7179626722165596,0.8636837674388669,0.7885925308613634,0.8346555700490025,0.6591268348436788,0.7230308010125792,0.7202841307976909,0.9365321831306999,0.8812379705353148,0.1992727557364761,0.06658093596068762,0.44685906613082915,-0.8578838382170872,0.7784814120638202,0.6655661682993058,0.8138475329662412,-0.3664609259848323,0.6860331510099343,0.961080621172054,0.8795849006450048,0.9755927692070971,0.9374995379944185,0.9535922563008282,0.9564586601250591,0.9754820754650654,0.9634344642994085,0.9825554847814875,0.9825231581734353,0.8800679171637844,0.8801592516501455,0.9802433551911884,0.9832585014219832,0.9775576214269478,0.9443315029066821,0.8073702778559474,0.9952426232965191,0.6965528523026017,0.9856245743333251,0.5339015056940095,0.7725965747610952,0.6797941687135837,0.733572494317675,0.7236914346741894,0.8688952604542155,0.9459179746895708,0.8721119347511485,0.9900954621657821,0.7479660254403999,1.0,0.9816369408457017,0.8816461708946496,0.9416833313543581,0.8059624337918377,0.9925253495543013,0.8582470142351093,0.7191407732432686,0.6906794791346837,0.9403627079812509,0.9930498922091148,0.9623353567313373,0.9246476696708708,0.9718741315321963,0.8769141281623853,0.9004977739110211,0.9633435567896066,0.9743371951360481,0.885608312402219,0.6599267156485197,0.710698481320109,0.8546100435544478,0.776995545976314
[US] 모멘텀 ETF,0.8394044550124548,0.6069060233106075,0.7312749258393645,-0.027931746440140712,0.6396075983768889,0.9364161218199113,0.8351981290047458,0.7440096915808815,0.7540455209678907,0.7685284312633855,0.7966984760379489,0.4310828268928307,0.3897289597810528,0.7335168173453469,-0.14537161983299235,0.7822928430333539,0.8071005092925035,0.7508707498445035,0.08443607417645813,0.8248886934032276,0.8816422826648376,0.6393794807337938,0.8621586394030537,0.6674113801122421,0.843558962899962,0.8824215061980469,0.9379663120757212,0.9804219171724339,0.9825690808456974,0.9825883760021192,0.9666136497564785,0.9667744242506191,0.9849996241247148,0.9889940269888823,0.9841540349976153,0.9793703189591205,0.9437434492173266,0.8958696842593344,0.7223241668297886,0.9091980887641901,0.4892656995954312,0.9143920511410407,0.8527187762381979,0.724842452064737,0.6007317223558819,0.9399775488483539,0.9438832114955503,0.9679274192721581,0.972614272366799,0.7820941651825504,0.9816369408457017,1.0,0.9403544468566146,0.9568407021934232,0.8586835701306901,0.9628217002860168,0.937184983089033,0.8840440469822243,0.9318839691097976,0.9383927249189502,0.9691672175471974,0.9715474114898142,0.963095133816065,0.9442542142067881,0.5043039500541701,0.7917228497393761,0.9224486502911983,0.9324114559907376,0.8329482397029836,-0.4636038201847879,0.0986898569211744,0.9504222451115915,0.8066434560866697
[US] 반도체 ETF,0.8569006213154465,0.4394493323700087,0.7777059366664356,0.277527324991971,0.43438431666403143,0.9841756058933864,0.9199021267839936,0.8851885361126056,0.8737307703611483,0.8459686640141556,0.7988974432935804,0.22241845126218374,0.16964867981830253,0.7274356927969832,-0.07142096292641116,0.8665225351753899,0.9069752257956171,0.895400790735776,-0.0832385117366743,0.9281133320823594,0.9550310899807403,0.44099664209619127,0.9366208751775956,0.8216979736443247,0.9297939807423423,0.9592421630373125,0.945829920601537,0.8814555636916818,0.9198590548775121,0.9197821781868369,0.8288969743499682,0.8291516065136636,0.9123536974660049,0.9256887034893058,0.9363833733630973,0.966450059323874,0.9944494607386942,0.9511064019775471,0.8646654832455481,0.9663802520720028,0.551386039262667,0.9805775351583051,0.7887109999223294,0.8808412485877427,0.8145361032334503,0.9133003154700298,0.893689621080934,0.9781365205705398,0.8721643823204765,0.8280191940945807,0.8816461708946496,0.9403544468566146,1.0,0.8576379620133724,0.8112714866931917,0.950392182959253,0.8337057685695368,0.9539028839836743,0.8240365145473235,0.9283417148493428,0.9558166934015555,0.5067656543470698,0.8983361405329208,0.9714197148842065,0.29883914181588056,0.6192353163095714,0.7863531539041868,0.9026645118810988,0.733821213489075,-0.40212056496044524,-0.1848944952218665,0.960685759605118,0.8433047250480291
[US] 소프트웨어 ETF,0.7935017079050293,0.7686362297161902,0.6876525217489032,0.43758178207041043,0.5347425032554901,0.8763721547925533,0.6655922043806896,0.5235083449773011,0.6326117522661188,0.6398560922091128,0.7295494318625965,0.5464256819283384,0.5328583427126848,0.6705556664422649,0.06673886255255448,0.6865292551657664,0.624357522116138,0.5819595575687614,0.3491393216955967,0.6467837062766129,0.7355092821733459,0.673930976889472,0.716274272314662,0.4578624539189281,0.6849596345805568,0.7377289196515089,0.7758003905458251,0.9819671177022089,0.9810942068986973,0.9810849846054847,0.9508148314701299,0.9508654756049063,0.9824763678915681,0.9853824529209558,0.9810884221571052,0.924209915125883,0.8770692577286707,0.81026906126445,0.5445861016270904,0.8186680942708195,0.5582572537700549,0.8000758513264358,0.9454563795506751,0.5653424240136019,0.5023851352590671,0.966187095643892,0.9816571489223143,0.927501784325863,0.986511758451122,0.6987901059319677,0.9416833313543581,0.9568407021934232,0.8576379620133724,1.0,0.9227529192158913,0.9451264309714584,0.9281047256209402,0.8550690941003224,0.9284007852792602,0.9189651433488866,0.942972425102051,0.37581873552928663,0.8164357399069394,0.8854439104207548,0.11775913858123749,0.6325792374570338,0.7860289137066581,0.8358232689881121,0.5212275773048722,-0.6363577520529087,-0.47189571053832113,0.911446184196918,0.48317420350079365
[US] 테슬라,0.6932694368825773,0.7482867207586358,0.550871350836087,-0.12566306074748457,0.6455419870937471,0.8098807518697054,0.6271870407674917,0.4902370778749595,0.6634397369539697,0.6442663276266913,0.6435367705885449,0.5581830146971991,0.5755418251427947,0.6833240390963798,0.442105829098238,0.7359854519829101,0.601210952466291,0.580642055098577,0.3440297785935687,0.6139632393898203,0.6588300063521421,0.49978419613783326,0.6277772058539912,0.3710421462539146,0.6025326604489695,0.6551745638341279,0.5877951194991742,0.9072582361726269,0.9171403897287332,0.917059524598611,0.872208122345266,0.8723935260483696,0.9165835046188173,0.9217559806567294,0.923060529818885,0.8702272833492389,0.8329490803632768,0.7559219944216196,0.518859517402299,0.7705634705649103,0.34540480922550637,0.7884899394528158,0.9349168081022057,0.532413710970106,0.3959929981769439,0.9510722706222962,0.9446567275867125,0.88101119110341,0.8988962790712718,0.23131775284519537,0.8059624337918377,0.8586835701306901,0.8112714866931917,0.9227529192158913,1.0,0.8638685485449634,0.8858082242294768,0.8179935202648937,0.845904996607273,0.893392035450508,0.8386549666162489,0.8561047294212418,0.9000036315191748,0.834375071811803,-0.09087472249597846,0.5705057233425948,0.7923913711987925,0.7582015892096965,0.43470159731333896,-0.5573551959852889,-0.10048608583463008,0.8491258716361079,0.502438751172234
[US] 월마트,0.8471997201579121,0.02688352993504185,0.7275227292108742,0.5693196430294801,0.5279830914450409,0.9276418676780187,0.773428725662895,0.7171497348149448,0.7638927361582215,0.8299475024480771,0.8814600172541729,0.27622321069292743,0.247723189399188,0.611319922228026,-0.142725863829765,0.7737247387493086,0.7495031308172833,0.7839925512759804,0.0022491020106542993,0.7795648749109982,0.913135786257271,0.5104787448582753,0.8964833476469405,0.7224697609621039,0.8690768871276602,0.9101358889315415,0.9479177695463689,0.9565226027961955,0.9760912828689677,0.9741565606313455,0.9187638825123962,0.891428300642926,0.9633346679660721,0.973939075508957,0.9778740839185172,0.9580674231237689,0.9466610841913545,0.9435803426368377,0.667140792370071,0.9611782009425268,0.5784525551639457,0.8596200480808542,0.9032860719453194,0.7274994648346192,0.675675554167906,0.9454053472374626,0.9593301356233394,0.9645581892362927,0.9436787730348372,0.8445608438099932,0.9925253495543013,0.9628217002860168,0.950392182959253,0.9451264309714584,0.8638685485449634,1.0,0.8965572629510017,0.9151216946482074,0.9010857743071619,0.9462365715344078,0.9795183188715345,0.5129691286249535,0.8518788459459175,0.9598231349176699,0.4066068454328675,0.6185666953195196,0.7865551120888434,0.925979955402788,0.6726156553721698,-0.50660766304727,-0.30871423443427365,0.7753047081130058,0.6227636672124546
[US] 코카콜라,0.8363979778338229,0.12456434537057287,0.7719654001567686,0.7108018539853828,0.5622514355129208,0.877845689323166,0.8183723110016476,0.7248529093673565,0.7708867162203151,0.696609441998565,0.7007950918766191,0.280917493776934,0.26541438490241565,0.7005160650249501,0.029051887051116918,0.7910208835342801,0.78640889838655,0.7291443463580611,-0.25676080725178063,0.8004394909043328,0.8148884073881468,0.4203722359619079,0.8121387573653797,0.6368746718820849,0.7977691279947436,0.847067411280256,0.8896034596261913,0.956294105921505,0.9367069230516466,0.9426854163229562,0.9460447295475044,0.9645311844245003,0.9587280975616699,0.9118899939275361,0.9394315657675377,0.9023866036640538,0.8605854378205886,0.757992722038044,0.5475965476823954,0.8297876153771738,0.6724949291388486,0.7150199469965249,0.9050480004576829,0.6291191743106462,0.6042754147136002,0.8728664241282256,0.8670695731826813,0.9159011331443966,0.921770943116435,0.8563804866432398,0.8582470142351093,0.937184983089033,0.8337057685695368,0.9281047256209402,0.8858082242294768,0.8965572629510017,1.0,0.7895331249021481,0.9458630720426302,0.9564794251713167,0.891177327872604,0.4316683105280807,0.7201143954627037,0.8599786881587292,0.39874578920725173,0.702876766505757,0.7656736008770175,0.870067570924243,0.5795112240216814,-0.7068703775690071,-0.5282139970153148,0.6407189999313058,0.7445785906034181
[US] 일라이릴리,0.7578282278701438,0.11719295673751667,0.6659387492407358,0.3097282158842077,0.40584433817585996,0.9307916127155939,0.7938591528056366,0.7308905286166812,0.821432476354014,0.7120841112548333,0.7217287235141183,0.13163692829335363,0.11094076684189458,0.6307350134822257,0.06944734185703726,0.7903672021579231,0.763811562806221,0.7819555872805911,-0.1199251234422927,0.7979520916140381,0.844280302652439,0.37873977284770605,0.8454159223074236,0.7147143667237491,0.8333432660967242,0.8820738973306947,0.8169187318607223,0.861708672776501,0.9030758368365047,0.9065446872807073,0.7963359842608654,0.8058121158980557,0.9004644051436395,0.9100110145428989,0.9245184458879234,0.9059346700847309,0.9486384807189503,0.9403552405672041,0.7402712575812007,0.9150456732258673,0.4494064645646736,0.9099337679443017,0.7916328054186053,0.7480335640833868,0.691158771628745,0.9328223289615422,0.92109500532155,0.9374410420188536,0.8486147095747125,0.951923742179006,0.7191407732432686,0.8840440469822243,0.9539028839836743,0.8550690941003224,0.8179935202648937,0.9151216946482074,0.7895331249021481,1.0,0.7602094280364239,0.9583650726622958,0.9261518159820162,0.5129324383596109,0.8420667005017264,0.9183221441155999,0.3223400566672478,0.522030921019287,0.7396789021549072,0.8542888137014362,0.6473464374243663,-0.4027062820873352,-0.18305872398771436,0.8616630461079327,0.566002362688022
[US] 존슨 앤드 존슨,0.8995013485468626,-0.0014933660866114143,0.8177081998686313,0.7583147778644543,0.6436023823182885,0.8519543052040608,0.9131798328369856,0.7990194377667881,0.7674224256814749,0.6803158294323757,0.6078611198875299,0.49562296105562725,0.4101533774895777,0.8630022002147956,0.16443642471052916,0.8177464192213646,0.8887142805362559,0.7415383417998426,0.08009498062244232,0.8915701712632614,0.7937201133608776,0.5637019135698265,0.7762452691474235,0.595894547161212,0.7780703868333279,0.8101266619844119,0.7890195374290787,0.9696949940104194,0.9445350355952347,0.942327168225317,0.9847327993557788,0.9841953095171659,0.9573037046965299,0.9226617158259616,0.9257040155895838,0.8831238701262968,0.8708515916341302,0.7078189653336926,0.5681944998770809,0.7592753942945897,0.7023937849022207,0.732057957096459,0.932903663234236,0.6669235888321164,0.6306420503073443,0.8785043050400714,0.8622332293869801,0.9218437943155148,0.9374651785501236,0.5081867231785699,0.6906794791346837,0.9318839691097976,0.8240365145473235,0.9284007852792602,0.845904996607273,0.9010857743071619,0.9458630720426302,0.7602094280364239,1.0,0.8855615321903185,0.886554578860646,0.4568638640313773,0.7407471476594658,0.8576933706207526,0.3893664713727644,0.6954865266350378,0.7961583866684108,0.7938238789272168,0.4958803890180003,-0.6891588517077856,-0.5424222367921016,0.650159962758769,0.9561488727573542
[US] 애브비,0.7688992488137342,0.5709564177250723,0.6322746211659132,-0.2857290861552853,0.5629371869907132,0.9156427282586317,0.7709857029814321,0.6836650479465073,0.7622903601752593,0.7407251719720473,0.7725050113588057,0.2597868401966106,0.24789778525024653,0.6491710848086188,0.13900523719487332,0.7658188293190409,0.7385948203442122,0.7468522642463193,0.02667007063109869,0.7703967432125187,0.8356656491456174,0.5081260611412175,0.836748009108935,0.6435545494648118,0.8174571401517099,0.8713224085967536,0.8395463710693811,0.9666710680737188,0.9796795166550699,0.9797102599490962,0.9337730351998621,0.9331511233539481,0.9762022010124094,0.9682180762869067,0.9741218556490954,0.9205114978272813,0.9273115647609523,0.9145923579137751,0.6638599133527235,0.9028311086296275,0.2972016074622196,0.8770239078399737,0.8748221650993684,0.6668639439499718,0.5362242532432054,0.9745822474101306,0.9591225588647136,0.9500070671738187,0.9109223208563789,0.9307990315935292,0.9403627079812509,0.9383927249189502,0.9283417148493428,0.9189651433488866,0.893392035450508,0.9462365715344078,0.9564794251713167,0.9583650726622958,0.8855615321903185,1.0,0.9456473101526809,0.9121765090214622,0.9416966998264156,0.9259713380574947,0.5147991581739251,0.6416737186344312,0.8751927918086093,0.9001065997540743,0.7763104655201593,-0.40690738330041654,0.20787317425826804,0.9535572053890327,0.6004021164402896
[US] 제이피모건,0.8495290179552007,0.1362318962728184,0.7605704424001255,0.5534814841335659,0.5312885213353233,0.9528723930319111,0.8129494222116613,0.7608921388855052,0.762216526182991,0.8359630953918032,0.8777577660741929,0.24110521435153723,0.2157099634572375,0.6456924385880438,-0.12110235587123912,0.7863492244384563,0.7894014164503022,0.8213361167871404,-0.03788980796212635,0.8195929552213151,0.9354165666454525,0.5125945399653318,0.9351164744537772,0.7749376606566593,0.9122582253775434,0.9454760468315926,0.9599062843382749,0.9535441132325858,0.977351343676238,0.9759250696755551,0.9177123301942974,0.9149643285673366,0.9714307675350409,0.9780896097188635,0.9772520967537209,0.9634749585634242,0.9534343664209579,0.9352122576137615,0.7115012736984567,0.9555492178545146,0.5996576757094608,0.8841333772918828,0.8597048740134967,0.7506828456548718,0.71326948050538,0.941756091169138,0.9554298654626168,0.9742664073839369,0.9394186455451191,0.8392230898311036,0.9930498922091148,0.9691672175471974,0.9558166934015555,0.942972425102051,0.8386549666162489,0.9795183188715345,0.891177327872604,0.9261518159820162,0.886554578860646,0.9456473101526809,1.0,0.5452997475864758,0.8721383835887423,0.9730177074299515,0.35887839896568724,0.6513343881988626,0.8388539970803405,0.8914763170203807,0.6278377853422193,-0.5184625384250031,-0.33075352380875417,0.8424784933191743,0.6848027806069652
[US] 뱅크 오브 아메리카,0.22711941993702972,0.12897331252777744,0.23351390145490303,0.23531530287616684,0.04611647992259397,0.43509208177354025,0.8327242859800214,0.7346130852459377,0.7295095625617214,0.7216578437920251,0.7392985742783696,0.4188748749880914,0.40454178545421643,0.7723421990750962,-0.08294082196305311,0.7751059946485287,0.8064850018080012,0.7414675321866575,0.008192225943278652,0.8158245627686181,0.8432193107159288,0.6070986750762075,0.8534650753005771,0.6632620710369763,0.843531624611172,0.8683198609130515,0.9131209875262745,0.4551643691235934,0.5148988511946835,0.45928501100992736,0.4484159683089117,0.31332213661155345,0.39572333466640436,0.4874370052035398,0.4105603739426152,0.9352076787783702,0.49791551736945594,0.48954053585353813,0.44574364007534084,0.8414600785620795,0.4500242163556691,0.5324953801725754,0.3516566995260984,0.4450556136335388,0.3616760051584941,0.4448511249778895,0.49623937080501623,0.530810676648923,0.36252764593786563,0.697664905149998,0.9623353567313373,0.9715474114898142,0.5067656543470698,0.37581873552928663,0.8561047294212418,0.5129691286249535,0.4316683105280807,0.5129324383596109,0.4568638640313773,0.9121765090214622,0.5452997475864758,1.0,0.7254039522869425,0.47861793621584925,-0.08723465011043578,0.020522047372448466,0.45650815387180355,0.25635178477295517,0.15280613891948974,0.03888651596310639,0.1673125650257561,0.3783566987758543,0.854215807510751
[US] 모건스탠리,0.6830246447487578,0.18021148943889156,0.5798025618591134,0.34502669430287847,0.39511228584361147,0.8564792916121072,0.8752980968677706,0.8090286717406986,0.8391363542196624,0.8481536933607724,0.8066232688005056,0.37419244385979933,0.3543774038236954,0.7763529008687096,0.059949018701899386,0.8816226010121457,0.8622450205488288,0.8588867494698564,0.06603274328820123,0.8792789745355956,0.923526281443413,0.49665075254066643,0.9063020129284539,0.7410526978551935,0.8940302647249384,0.9214914951036307,0.9186123103073868,0.807771253543739,0.846550217020355,0.846580503487517,0.7479319836725602,0.6953952585356901,0.8543373070973822,0.8464484002434308,0.8374430478780653,0.9800197198342816,0.9278995837554842,0.8445506708117886,0.7431619535529516,0.9312936852802225,0.6664437104848066,0.8680018864071788,0.7217590354788808,0.7920309410084254,0.6528632143082701,0.8105955438988909,0.828414734676475,0.9282106597111821,0.7690378522550938,0.6942665571171969,0.9246476696708708,0.963095133816065,0.8983361405329208,0.8164357399069394,0.9000036315191748,0.8518788459459175,0.7201143954627037,0.8420667005017264,0.7407471476594658,0.9416966998264156,0.8721383835887423,0.7254039522869425,1.0,0.8700246725541046,0.1878531987912858,0.5042892533247217,0.7878542807199803,0.7508432961821092,0.557318060221039,-0.30391673047436396,-0.09507527029983176,0.7899377581182028,0.8617201001841911
[US] 골드만삭스,0.8957011540351071,0.12950994950702802,0.8169726412891126,0.4380397123587759,0.5546271970360586,0.9727713120959537,0.8612366859060175,0.8322181047362973,0.8387013540768754,0.8972563522584395,0.8724163242012793,0.23874235140666317,0.2208468151111247,0.689404331361442,-0.08577464637482006,0.8612710290001014,0.8510245468024937,0.891602305192394,-0.028118037417490728,0.8755697542708589,0.9707140027871881,0.4507796674588062,0.9600299327992863,0.8317631634686602,0.9451945290955003,0.9690782016298758,0.9659222013043058,0.9110028528295885,0.9404296161643021,0.9403409442537857,0.8791555380022689,0.8759984480225891,0.9340086349102008,0.9416235417782114,0.9457121297654386,0.969282219731671,0.9652652592403947,0.9427193737860544,0.7824041558505728,0.9740303048502881,0.4584072612789028,0.9284544776180466,0.8332480581121452,0.8299941091396748,0.781680146767274,0.9166542107820159,0.9086809289151238,0.971116844452914,0.8910976088268866,0.7918466451803359,0.9718741315321963,0.9442542142067881,0.9714197148842065,0.8854439104207548,0.834375071811803,0.9598231349176699,0.8599786881587292,0.9183221441155999,0.8576933706207526,0.9259713380574947,0.9730177074299515,0.47861793621584925,0.8700246725541046,1.0,0.3669866450205907,0.683755713587022,0.8588567680889122,0.8829173834106613,0.6691051314637375,-0.38942613791292596,-0.18139851731766218,0.9533895617990982,0.8020177577656611
[US] 이즈코프,0.5951612911221295,-0.37186298996987754,0.5722183057059382,0.5354430436501425,0.3602877399840672,0.37621793078202903,0.840615522648136,0.9118047904665442,0.7765522682805701,0.8518387016880026,0.755008719833673,-0.1238956959033978,-0.20022449695149375,0.5303882393181879,-0.19451996890707587,0.7537553890363189,0.8527717672479636,0.9196750333692725,-0.298488148618603,0.8691235929142269,0.8973354905043408,0.16091298504443668,0.9178114542454887,0.9273590852565914,0.9275365802662068,0.9191360529344548,0.9619674784307088,0.35518477889392397,0.3435823661743248,0.33140609144608957,0.3961188566115261,0.22649883713271168,0.1797523125742794,0.33029283061541936,0.22762903323951134,0.0876766382132067,0.2727406978111971,0.33508943752244696,0.3535660072037591,0.24616845720245867,0.16647324940688915,0.34372719143462355,0.4173703371870296,0.3761590135431411,0.47717608908810194,0.3268550705109485,0.2742827433659391,0.13156001430991143,0.22607967242664997,0.7782221275148142,0.8769141281623853,0.5043039500541701,0.29883914181588056,0.11775913858123749,-0.09087472249597846,0.4066068454328675,0.39874578920725173,0.3223400566672478,0.3893664713727644,0.5147991581739251,0.35887839896568724,-0.08723465011043578,0.1878531987912858,0.3669866450205907,1.0,0.5210850267542768,0.3199560889822633,0.38686733483847396,0.6755116876968749,0.3200939306855367,0.4601998289046395,0.18826500688087275,0.8483833340531811
[US] 이머징 마켓,0.847870096536631,0.6177558333042447,0.8706384673410342,0.8018838072749552,0.6862024683781135,0.7038113909482896,0.8389218541190206,0.8041391875496933,0.7936431077993767,0.7325919271890294,0.6232376448145761,0.4518231741278407,0.3631170917536728,0.8222200263600798,-0.17280630413656414,0.8205423366513533,0.844014989568652,0.8029120150315401,0.18952382340382398,0.8423552752130258,0.8083075871997906,0.46727730588417826,0.8216737196366157,0.7602249804768341,0.8450096373126843,0.8017371793481881,0.7715370283183425,0.6692274020476946,0.6569113001697272,0.656810798566238,0.7135413959486402,0.7143405930890776,0.6685142748679302,0.6608214623458902,0.6512781820011622,0.8261887615224173,0.6343820301926166,0.5410835292568597,0.5546059133220932,0.7462495412316251,0.5765381760404511,0.6014600980770782,0.6443500206730259,0.5736290340374314,0.6043488882294578,0.6119986520541194,0.5721597995004201,0.7243768040467523,0.6440415886342309,0.5160461383853495,0.9004977739110211,0.7917228497393761,0.6192353163095714,0.6325792374570338,0.5705057233425948,0.6185666953195196,0.702876766505757,0.522030921019287,0.6954865266350378,0.6416737186344312,0.6513343881988626,0.020522047372448466,0.5042892533247217,0.683755713587022,0.5210850267542768,1.0,0.8069241220457677,0.778287790343028,0.7022291326699819,-0.31045231938359924,-0.1581010693210335,0.6407819322359589,0.9064008442339034
[US] 선진국 마켓,0.8557241575342646,0.6935176628575981,0.8509446079793457,0.63329721394474,0.6721590448807865,0.8382039508655569,0.8428250713986536,0.8014892489497278,0.8489862754326368,0.8485737383221883,0.821601121815242,0.31030903910820173,0.28890949848198133,0.7462291308963237,-0.044674480270757246,0.8733288094946114,0.8338427052075199,0.8879519996770083,0.10511283136802266,0.8584513497055392,0.9408918757455341,0.4703184143991963,0.9442872932970812,0.825704442144816,0.9368206791929535,0.9396240753549419,0.9047045302846323,0.8260419840450077,0.8332640381248639,0.8331990802529226,0.8426472083807097,0.842691968473729,0.8369611183675852,0.820828438823561,0.8135504937289575,0.9467010161677345,0.7925688893036713,0.742664413129382,0.621780795272777,0.894629988767134,0.5701122138774728,0.7491111310883575,0.7698449730416957,0.6785631011741045,0.6378847393327457,0.7709838948006322,0.7632127977214093,0.8564662448053781,0.7726288184977513,0.7491981670902025,0.9633435567896066,0.9224486502911983,0.7863531539041868,0.7860289137066581,0.7923913711987925,0.7865551120888434,0.7656736008770175,0.7396789021549072,0.7961583866684108,0.8751927918086093,0.8388539970803405,0.45650815387180355,0.7878542807199803,0.8588567680889122,0.3199560889822633,0.8069241220457677,1.0,0.6920464320702308,0.4669775404329539,-0.2392732460530744,-0.06955893539730865,0.8616198050610591,0.7755266785650805
[US] 금,0.8686669768385354,0.4496891823307615,0.7732990138852389,0.27130094669420307,0.3751452632963799,0.9024498559178696,0.8397963619183632,0.8101911602566818,0.8163078245622101,0.8708899696227956,0.8684656082629894,0.25316202289518897,0.19146901697122298,0.6320317788954419,-0.21076475329051275,0.8084618611070953,0.8244749117499829,0.8358270405035216,-0.023909892727510113,0.8505296457686771,0.9461742884411461,0.47314903136866365,0.9149673368961845,0.7824965884366577,0.896193897378778,0.9289282250913367,0.9586400789263495,0.8455517303295501,0.8707743732753582,0.8707387975414268,0.8037862237714705,0.8044221368649493,0.8674577785547093,0.8839583746084935,0.8926472612136667,0.9075469168267978,0.8907729121098463,0.8865614727577551,0.7332633579482624,0.9486383689649643,0.5262110210335106,0.8574245405757213,0.8020312368278447,0.7512986756955722,0.696290782462113,0.868993757057415,0.8516649759213254,0.8992299296957341,0.8489302133293444,0.8314888402259576,0.9743371951360481,0.9324114559907376,0.9026645118810988,0.8358232689881121,0.7582015892096965,0.925979955402788,0.870067570924243,0.8542888137014362,0.7938238789272168,0.9001065997540743,0.8914763170203807,0.25635178477295517,0.7508432961821092,0.8829173834106613,0.38686733483847396,0.778287790343028,0.6920464320702308,1.0,0.8771665716885868,-0.5140386420048927,-0.3005883530303607,0.8337074591286235,0.7484173361347917
[US] 은,0.744708185267164,0.13623227190552395,0.7219916298275957,0.047311243808609155,0.11786111236335962,0.7284978433733889,0.9067588834539053,0.9040556133263278,0.874229026531642,0.8686830852289963,0.7798290574659665,0.2517129432011166,0.15406424168065033,0.697709855058718,-0.18057334472695594,0.8524879406735197,0.9064571097936995,0.8948165693185014,0.0156186547511068,0.9245733293671495,0.9432855543445454,0.42387842867615616,0.9002297634031692,0.8283577500026292,0.8984617374967031,0.9122097071653011,0.9057733228156799,0.5322230700762521,0.5755976197038133,0.5754625770307721,0.4927067702773964,0.4937535941167049,0.5694354568071986,0.6013620958840619,0.6179143523161656,0.6453415603282205,0.7119547635608066,0.7123936038391981,0.7230046906252151,0.7116952827232949,0.4478814592589068,0.7396975184404254,0.5115550413186235,0.7309454507385297,0.6919631283545277,0.6002333376707104,0.5546389785270087,0.6737246712965087,0.5555543092975129,0.7673804868221006,0.885608312402219,0.8329482397029836,0.733821213489075,0.5212275773048722,0.43470159731333896,0.6726156553721698,0.5795112240216814,0.6473464374243663,0.4958803890180003,0.7763104655201593,0.6278377853422193,0.15280613891948974,0.557318060221039,0.6691051314637375,0.6755116876968749,0.7022291326699819,0.4669775404329539,0.8771665716885868,1.0,-0.27021119715713854,-0.05812970959413863,0.5721880155488939,0.8726448785195005
[US] 미국 오일 펀드,-0.453114687006578,-0.598747460149811,-0.32072045833912316,-0.38015009352566276,-0.3472146867116583,-0.43442272852750224,-0.11228514893076613,0.05878488804005847,0.21040998243494746,0.08847328983171314,-0.044332397950227614,-0.44557892981941283,-0.391659680314109,-0.12854846311646018,-0.15845673262806612,0.1226592340060893,-0.046930587678047204,0.2356855489715341,-0.7550223843247651,-0.06332679964850475,-0.02812554677186122,-0.6838178334660945,0.02648531892943923,0.24360528127939823,0.06305548514951079,-0.034041078158639285,0.6949587256208563,-0.6455330979779071,-0.5984820627642665,-0.5987605268319964,-0.6758717934044707,-0.6757250384156569,-0.6123436855825619,-0.5999052185503582,-0.5831485571380826,-0.4860573582341909,-0.4373041962908124,-0.3201994855765071,-0.2022851141038252,-0.3579833202484963,-0.4429888161355892,-0.35074945903110544,-0.5795136689834253,-0.2091148479724909,-0.19548205935295668,-0.5678482974878812,-0.5578403278777458,-0.515623859271447,-0.6430642233987565,0.6913771387733662,0.6599267156485197,-0.4636038201847879,-0.40212056496044524,-0.6363577520529087,-0.5573551959852889,-0.50660766304727,-0.7068703775690071,-0.4027062820873352,-0.6891588517077856,-0.40690738330041654,-0.5184625384250031,0.03888651596310639,-0.30391673047436396,-0.38942613791292596,0.3200939306855367,-0.31045231938359924,-0.2392732460530744,-0.5140386420048927,-0.27021119715713854,1.0,0.9584822429989726,-0.48211986367034515,0.7011654848221908
[US] 원자재 펀드,-0.26149353067754744,-0.5128633407016729,-0.14341030723784703,-0.46928301189088134,-0.29540576937034735,-0.22041053235900224,0.4715167095825917,0.5470484178354662,0.7592824969252717,0.6048344517165818,0.45779078427190606,-0.13550441751006276,-0.0864620364619008,0.41337938122980844,0.21562430826704054,0.7089330351496831,0.5121839350705726,0.7463757594617906,-0.2747723298001379,0.5100377405950433,0.5427796466724306,-0.3143460285514094,0.5752210259218332,0.6165505418286383,0.5960925693189038,0.5512142038403683,0.8023170061235664,-0.4716523778569833,-0.4108719663893355,-0.4112078993312008,-0.5184740664674632,-0.5182221844288156,-0.4283122237852287,-0.4125771822431582,-0.3892340048607648,-0.06048903497753219,-0.22221372895159683,-0.10974785716791487,-0.016547217392497135,0.051406982777414685,-0.3710724776507404,-0.13334233960973077,-0.3970206628665435,-0.01860875853136917,-0.03212308017837461,-0.36001453675984607,-0.36456806355307486,-0.30831928220242144,-0.4815746861575577,0.6426751170571908,0.710698481320109,0.0986898569211744,-0.1848944952218665,-0.47189571053832113,-0.10048608583463008,-0.30871423443427365,-0.5282139970153148,-0.18305872398771436,-0.5424222367921016,0.20787317425826804,-0.33075352380875417,0.1673125650257561,-0.09507527029983176,-0.18139851731766218,0.4601998289046395,-0.1581010693210335,-0.06955893539730865,-0.3005883530303607,-0.05812970959413863,0.9584822429989726,1.0,-0.29337393884236973,0.675581626907695
[IDX] 닛케이225,0.8002869079038715,0.29776554342719574,0.7869734154655499,0.2097335290729478,0.5072000589300008,0.9680359009743372,0.9071690511636614,0.8582946439168516,0.8334937431209419,0.811981231331319,0.7805892525780423,0.230466081226382,0.19018081106782067,0.7241000893146508,0.0107005568789184,0.8307818575028875,0.8908871466250559,0.8673924564700326,-0.07953948370697281,0.912398799180006,0.9318667780254889,0.45826752011524674,0.9134025140328759,0.7720684742580888,0.9028653503661966,0.941188919540843,0.9348995175987815,0.8257906210131603,0.8060680964723823,0.8759420302150471,0.7124847650123157,0.9157560279368291,0.9634382206618418,0.8381898787013085,0.9595454225545732,0.9503256682998246,0.9699318769175778,0.8905215523724991,0.7483077510343101,0.9192192433933781,0.39041094202374327,0.8816923759476414,0.6989013133198503,0.8060322127703385,0.7063874533391484,0.8563382143183091,0.8291365803579144,0.9777761085629479,0.9038602946652319,0.8059386179919399,0.8546100435544478,0.9504222451115915,0.960685759605118,0.911446184196918,0.8491258716361079,0.7753047081130058,0.6407189999313058,0.8616630461079327,0.650159962758769,0.9535572053890327,0.8424784933191743,0.3783566987758543,0.7899377581182028,0.9533895617990982,0.18826500688087275,0.6407819322359589,0.8616198050610591,0.8337074591286235,0.5721880155488939,-0.48211986367034515,-0.29337393884236973,1.0,0.8267950743785659
[KR] 코스피200롱150숏선물,0.9704378419977113,-0.05678417525892046,0.9699600483646968,0.5398566742349347,0.6860618119131677,0.8913083780698469,0.9554929920092916,0.9548500396726617,0.9145287004366672,0.7201615541270356,0.4534674566803788,0.02683639707616452,-0.10149854624927716,0.7942557446558556,-0.4239797368316676,0.9180038844631276,0.9635897370889133,0.8727500387300446,-0.34122808190049114,0.9499197026702383,0.8090846034054552,0.3077457311133264,0.778738589190339,0.8206864176779901,0.8195284393203872,0.7913521830882566,0.7666671417381887,0.7453384406480872,0.7142024073035771,0.7141730515861838,0.8795191538798781,0.8811650159646665,0.7343847188359237,0.7511356143651359,0.7313973237346785,0.8528543538990506,0.8847918922907974,0.5887950699956698,0.9572588434311491,0.6844639195630158,0.8839077379858289,0.9363516818227893,0.39914707778458913,0.96221854773817,0.9678992003618896,0.7018757651862175,0.4284176354413254,0.8789894034566893,0.7814610884299766,0.5042111517133938,0.776995545976314,0.8066434560866697,0.8433047250480291,0.48317420350079365,0.502438751172234,0.6227636672124546,0.7445785906034181,0.566002362688022,0.9561488727573542,0.6004021164402896,0.6848027806069652,0.854215807510751,0.8617201001841911,0.8020177577656611,0.8483833340531811,0.9064008442339034,0.7755266785650805,0.7484173361347917,0.8726448785195005,0.7011654848221908,0.675581626907695,0.8267950743785659,1.0
