,[IDX] KOSPI,[IDX] KOSDAQ,[US] 한국 추종 ETF,[IDX] 항셍,[IDX] 상하이종합,[IDX] 대만가권,[KR] 삼성전자,[KR] SK하이닉스,[KR] 현대차,[KR] 두산에너빌리티,[KR] 현대로템,[KR] 네이버,[KR] 카카오,[KR] LG전자,[KR] KODEX 2차전지산업,[KR] KODEX 자동차,[KR] TIGER 200 IT,[KR] TIGER 200 건설,[KR] TIGER 의료기기,[KR] TIGER 반도체,[KR] TIGER 증권,[KR] TIGER 헬스케어,[KR] TIGER 은행,[KR] 신한지주,[KR] 하나금융지주,[KR] KB금융,[KR] 우리금융지주,[IDX] 다우 존스,[IDX] S&P 500,[US] S&P500,[IDX] 러셀 2000,[US] 러셀,[US] 미국 전체,[IDX] NASDAQ,[US] 나스닥,[US] 나스닥 레버리지,[US] 미국 반도체,[US] 엔비디아,[US] 마이크론,[US] 브로드컴,[US] 인텔,[US] AMD,[US] 퀄컴,[US] 시게이트,[US] 웨스턴디지털,[US] 애플,[US] 마이크로소프트,[US] 구글,[US] 아마존,[US] 제타,[US] M7 ETF,[US] 모멘텀 ETF,[US] 반도체 ETF,[US] 소프트웨어 ETF,[US] 테슬라,[US] 월마트,[US] 코카콜라,[US] 일라이릴리,[US] 존슨 앤드 존슨,[US] 애브비,[US] 제이피모건,[US] 뱅크 오브 아메리카,[US] 모건스탠리,[US] 골드만삭스,[US] 이즈코프,[US] 이머징 마켓,[US] 선진국 마켓,[US] 금,[US] 은,[US] 미국 오일 펀드,[US] 원자재 펀드,[IDX] 닛케이225,[KR] 코스피200롱150숏선물
[IDX] KOSPI,1.0,0.00981690147588102,0.9777232076963134,0.7156456970735455,0.7015563426085514,0.9043795228027672,0.9812640992277762,0.9663937545741842,0.8693079645738511,0.859887385828021,0.5662626206780869,0.2740346629085535,0.18071799306471478,0.8521900024482989,0.030931385922963905,0.8567725022184987,0.9855094850381826,0.9331603115107823,-0.06892347950244132,0.9902715268389453,0.873800696076323,0.34128151756248953,0.9010678079546353,0.8636493643275102,0.9176065067504147,0.9107035235056831,0.8525636412859428,0.8623118436896825,0.8566039788155491,0.8568225158441419,0.8916027617627656,0.872373314615833,0.8542308546177497,0.8548319892025835,0.8422005793609991,0.8827929517303312,0.894395430830744,0.7676633356925171,0.763776250861698,0.8048055324219929,0.6449889117523482,0.8341494044754892,0.8499253651785202,0.8968939571665431,0.844228142123839,0.8370410476182646,0.7764146043350757,0.8985317524921711,0.8131305683315292,0.5950479418132928,0.7242711559686126,0.8169758724935143,0.863827086462738,0.7899111696598211,0.6801699897527312,0.8303547307535913,0.8576585708493428,0.7438920328804401,0.9011398608064013,0.7564741206079583,0.8490826846338803,0.2872676631288965,0.7109354759505628,0.8833291966237823,0.6150268575185178,0.8497027453247441,0.8532262271014105,0.8509684178687322,0.749779574388073,-0.4305011645849302,-0.18876485156155587,0.8200709302092108,0.9652074478661992
[IDX] KOSDAQ,0.00981690147588102,1.0,0.4539103611724686,-0.041102965708340086,0.07526338436379458,0.2522740913079241,0.3659999740309941,0.17132080515318648,0.2889807700826914,0.22333322712465367,0.23522380147376756,0.823167901235463,0.7892635230690196,0.561411463825908,0.5561553481891989,0.40509384173537466,0.3191172492217656,0.20000127903948883,0.8667188373446636,0.31634653027726434,0.2850190784542674,0.7760857478669838,0.22201192434312159,-0.03202258993709277,0.21351173165829568,0.25038397154328507,-0.06556445879515836,0.14394902176077368,0.16950062948759967,0.16927619252338527,0.09346070262178142,0.7007255824522559,0.7691598137653544,0.19181524156762844,0.3198562347179096,0.6692636026670467,0.6235115552890411,0.18457657106634026,0.11895970912170933,0.4637845561631389,0.3144579460247731,0.15903372863932125,0.027795120514164006,0.3504965340934333,0.04551166023695219,0.16388248986531417,0.1972424983782442,0.673925693005647,0.23811555689805763,-0.4361971985548497,-0.18986721241360505,0.6339682948628916,0.5239492239252551,0.7969959774692607,0.71027697805528,0.07870938631764086,0.14712409189705192,0.14413042055327793,0.04739389972752327,0.4913694774203872,0.18292412997149562,0.11315042565892126,0.18249436620420836,0.19683394676370472,-0.32096220372792544,0.6200743851923675,0.7045332848398587,0.45725449573597127,0.15876945594952818,-0.629757009881862,-0.531856705715547,0.33251693107249336,-0.07402162367258958
[US] 한국 추종 ETF,0.9777232076963134,0.4539103611724686,1.0,0.630329986456581,0.6152226511133956,0.8985972682681235,0.9720278096022897,0.9719445426297287,0.8573511468547523,0.8389282594695453,0.4764754327864673,0.18918677479733867,0.060368285634971416,0.883749202625182,-0.04382939378063967,0.8263069210988881,0.9782117263268881,0.9349716903340419,-0.16767429245864934,0.977471675617448,0.8331540817472293,0.2580304941994146,0.8794750428711149,0.8926920529035168,0.8993750901834937,0.8825754687935742,0.8419618722572052,0.766981858795342,0.776421695131034,0.7764031205831515,0.8003202006312424,0.8008460795642178,0.781037931522279,0.7794867549239927,0.7765612907725284,0.8373001513862844,0.8652961929545085,0.7514631575850931,0.8517793475163343,0.751498648014762,0.7395415565821868,0.8575709309657087,0.7459198754619847,0.9214368446082873,0.9064628998830776,0.763922318686131,0.6828540648045069,0.834287912362579,0.7263957948818125,0.6214851449350762,0.752017579263011,0.7566177580524089,0.8399426294137565,0.697361673770209,0.5607085076380194,0.7426617890582002,0.7926961758327332,0.7111411512172101,0.8363180166740842,0.6810165465282102,0.7909408873841749,0.323296271581419,0.6661247001234522,0.8368623398308364,0.6259168549099882,0.8661967720304931,0.8554305532947905,0.7834665909423952,0.7682035529720855,-0.26137392180005664,0.009630288391818294,0.8227209876382827,0.9751066729022011
[IDX] 항셍,0.7156456970735455,-0.041102965708340086,0.630329986456581,1.0,0.771483076142864,0.42804886960271354,0.09444892856148884,0.12609892651093105,-0.13974368937561304,0.16850181477157886,0.1932162928753319,0.07521286925490539,-0.01173481882924077,0.016073124720265456,-0.6587199668420475,-0.08726707597937032,0.09094550380358227,0.10770963059926664,0.13904171597667261,0.11021157183908266,0.15612436886859557,0.22112327306344312,0.17921031338171134,0.22903270969843628,0.17653645885628777,0.1257420497031463,0.3194433796356935,0.6592016661321308,0.6145551620326398,0.5767961685440613,0.746900365532924,0.6044084224498897,0.470284237845851,0.5702241951357164,0.43061116029527347,0.18816849956371962,0.31751817506058333,0.2779311230049093,0.26373574300322333,0.18658196395505516,0.6282668868700333,0.3093376707618188,0.6777745068742602,0.25547284368353934,0.4177832091738452,0.4662338980928551,0.47554288570620135,0.3223437150331861,0.499717481771605,0.25783414426954854,0.8996610649650224,0.05009501652011532,0.3076443860476165,0.44935518630056376,-0.05965319734478684,0.5795895052155203,0.7321486839134567,0.338547455491468,0.7473871627794361,-0.15584454001743983,0.5726484338193895,0.32528253885782354,0.39690028745051575,0.45845260428199386,0.5527954808592681,0.7885788373560102,0.6892367380615935,0.29822971900178,0.10537435692105859,-0.3401495256794293,-0.3837138185340344,0.2682435647870983,0.3972182024365322
[IDX] 상하이종합,0.7015563426085514,0.07526338436379458,0.6152226511133956,0.771483076142864,1.0,0.5501824889455993,0.6282595872639213,0.5602487880173355,0.47735624503347596,0.6714150918020261,0.6139399931410093,0.4884166088012181,0.43070195356307117,0.5604155019672415,0.03154555239847101,0.5681553772630176,0.6028423894603967,0.5136361462269935,0.316172506549684,0.6239797284947898,0.6899317970953663,0.5357222011284106,0.6258523357477187,0.4866032897172022,0.608125260617661,0.6386336199185243,0.6937470585502963,0.6364232969518919,0.6036235018749947,0.6036780653342143,0.6701549729106048,0.6151822063519143,0.568494429245859,0.5920355799536339,0.5544631682795162,0.7525478912559095,0.47210544732830956,0.42428440152274577,0.3309285275170881,0.6758361044653716,0.37839364243826545,0.41044950283857806,0.6255031031706573,0.3488773903795632,0.4023558645075658,0.5588427721852456,0.5423728922126662,0.48643485594292457,0.5948559537991525,0.24310566878504064,0.8313303049799297,0.7596923396394699,0.4579170525743187,0.5546559534171778,0.7349575581652178,0.5476102114226956,0.6125582050913273,0.43362694628402315,0.6510988772373,0.6515396583781671,0.5626651334884023,0.1767307211145343,0.45833308389095545,0.5755875415427144,0.40062372532377805,0.7345166308103938,0.7048265258113929,0.40453844373061165,0.1902067861731767,-0.25945305946100267,-0.1526227726081122,0.5397082873802278,0.6322729001038074
[IDX] 대만가권,0.9043795228027672,0.2522740913079241,0.8985972682681235,0.42804886960271354,0.5501824889455993,1.0,0.9526630023910647,0.9293858167279506,0.9232191868587747,0.8952993657639546,0.6800559583676978,0.21173593752829806,0.11794660760615801,0.8538419025771073,0.005885233349698707,0.9004713573358122,0.9508203535700734,0.9266408858521151,-0.21527453162860327,0.9581350704762112,0.9419852629923502,0.35013418618311043,0.9538869588048368,0.8865766176687686,0.9575184613744416,0.9693430088209087,0.9438337211301373,0.8918774325462573,0.9260792182294864,0.9260181966974621,0.8585159818222514,0.8752261033817265,0.9260753750832906,0.9328018424534286,0.9427117969244942,0.9631805510124255,0.9919781843285443,0.9339613083992163,0.8892918040600981,0.9184505167438967,0.7144696704187852,0.9629312671991798,0.8375584645768407,0.9235021483310909,0.8894724198368454,0.9330058926553366,0.8892523923163183,0.973338087418732,0.8741490546349124,0.8008057686465563,0.8379441110482346,0.930650922306895,0.9878253719983515,0.8655348923358873,0.806482604224046,0.9162959389453629,0.8823515162157936,0.9255412888304176,0.8739052592590992,0.9121708581055339,0.9468411771767267,0.4911182260513296,0.8759351105292662,0.9640971932156374,0.46578478356866326,0.7454939316623531,0.8428548136114428,0.9053469303703046,0.7853926392008443,-0.39877949977041566,-0.09690937736737576,0.9674190582413387,0.9202140851795438
[KR] 삼성전자,0.9812640992277762,0.3659999740309941,0.9720278096022897,0.09444892856148884,0.6282595872639213,0.9526630023910647,1.0,0.977390091989786,0.8740106581438158,0.8242424753176958,0.4894373972857275,0.20039300409537072,0.0782348066507928,0.9059020003480882,0.010523232725724885,0.8326506447268862,0.9969873605184486,0.9160257335388413,-0.2526137508071473,0.994547809170566,0.8454781586090535,0.28673857678558107,0.8824949152148873,0.8600565750591945,0.9003166669406671,0.9007994189094647,0.8444872300282361,0.7759153083208059,0.7961777710930641,0.7961922588557082,0.811215088944297,0.8117372832628881,0.7963287872744192,0.8054126948024615,0.8093220614338751,0.8666727223542787,0.9450857872508183,0.7994774099531905,0.9789286078006904,0.7583095076495118,0.8536031291024561,0.9786150024524515,0.6785840228298138,0.9718373936308821,0.9391130935847529,0.7974352963064911,0.6796700438070846,0.8741145105993914,0.7190309633608096,0.6405412562254932,0.6741478128520374,0.8307113787068462,0.9263712588745661,0.6596216055717607,0.6213661271798954,0.7478843168950017,0.8456180777442827,0.777510025829844,0.9363414756036582,0.7774422888488421,0.8021308022700182,0.7898598108880774,0.8551983271092455,0.8398470023087482,0.8853996512211698,0.8661132350850308,0.8269885480922781,0.8213620737650783,0.9038061000674719,0.05629772144604745,0.6556003327533966,0.9040732405158709,0.9802969350428169
[KR] SK하이닉스,0.9663937545741842,0.17132080515318648,0.9719445426297287,0.12609892651093105,0.5602487880173355,0.9293858167279506,0.977390091989786,1.0,0.8668884060559823,0.8616675807926794,0.5079788426368261,0.045607212723510704,-0.0711135570703839,0.8233431340318008,-0.08963184819409246,0.806695024183571,0.9877982599620319,0.9492998370696527,-0.32106935040867074,0.9892241391715292,0.8565257700897702,0.1713815804766161,0.8951625170664508,0.9162857836221596,0.9111814805745743,0.9063363287503492,0.8808305980790037,0.6937610878922159,0.7310038346211137,0.7311098385199971,0.7275365793604326,0.7279896516739621,0.7282379594913091,0.7363712855411796,0.7426395466397441,0.814450091917863,0.9121316844201021,0.7982078868064607,0.9977643628553159,0.7574384509679845,0.843263521095256,0.9592136763066009,0.5959882751565272,0.996011391304053,0.9853429351052477,0.7243797777988912,0.5951920078669664,0.8306450534106519,0.6189253901351929,0.6904945646629526,0.7277240224063022,0.7661101079103033,0.9065733311079618,0.5590258080612504,0.5298479312664928,0.705226160772888,0.789093816590062,0.7424162117550654,0.8668883313674389,0.7295475964413393,0.7665166602213497,0.7203758918495526,0.8098681020212537,0.822162729109995,0.9316139800855698,0.8355315512709842,0.7942182037655396,0.8029426466379544,0.9025173883489128,0.19998660659539066,0.718967043195004,0.8620166526817518,0.98044690914961
[KR] 현대차,0.8693079645738511,0.2889807700826914,0.8573511468547523,-0.13974368937561304,0.47735624503347596,0.9232191868587747,0.8740106581438158,0.8668884060559823,1.0,0.8258251061846281,0.5403226902379143,0.22845013103294254,0.17547514568365008,0.8530020710720156,0.16864210310785122,0.9448990738395838,0.8892015613983504,0.8995775883606331,-0.13143106592701762,0.8833290950601365,0.840153470763875,0.19755955092320715,0.8537339610636484,0.8279721536569611,0.8686205514220412,0.8636014449621248,0.8369866614543464,0.7815172788749011,0.8239604108904169,0.8239818732993982,0.7927539532907618,0.7925770501479842,0.8221605171667559,0.8268322913311646,0.8352170805078525,0.8683872208924266,0.9154160912485425,0.8351965874161018,0.8686818185004215,0.7844985095544005,0.6101300954390315,0.9156995670778343,0.8044705250480233,0.8823566552574995,0.8404565640033305,0.8492528533036604,0.7516497527181284,0.8698603010499484,0.7195500340553846,0.793433623821882,0.7156785143328146,0.8145480295225382,0.908075663354142,0.6970307662304824,0.7214707636570661,0.7961633598295844,0.85077073645539,0.8512062091628272,0.8543767704910459,0.8167090990199074,0.7971283452585416,0.7634032278422456,0.8700467826760475,0.8570715498444503,0.8230373751869614,0.8033287886018048,0.8380007890733441,0.8405042346589425,0.8935821628653033,0.21571233826615727,0.8020748817640223,0.881121057244559,0.9327312618315851
[KR] 두산에너빌리티,0.859887385828021,0.22333322712465367,0.8389282594695453,0.16850181477157886,0.6714150918020261,0.8952993657639546,0.8242424753176958,0.8616675807926794,0.8258251061846281,1.0,0.8349492272184875,0.12536077165511056,0.03803800154183623,0.6359659830903045,-0.10539898338183791,0.8505156934158546,0.8387525291057905,0.9233715326734626,-0.07196849990705301,0.8638342740798911,0.9627427938359966,0.24346138713596216,0.9426918553372002,0.901987570909677,0.9336194762921372,0.9346989124970787,0.9648871531346636,0.7486544041022067,0.8093367756608906,0.8094950499953582,0.7627715975538929,0.7625471807481751,0.8058019531247198,0.8153748096075377,0.8166960666236824,0.866546002210697,0.8767640000531798,0.9108549670895918,0.8419335127247749,0.9212597013691272,0.5729842605117677,0.8536352373149023,0.6814449090606236,0.8839735161001915,0.8554656468512727,0.7697608612531224,0.7179814150366899,0.8926049985283726,0.6829723311675296,0.6829948678431361,0.937266398846133,0.8241685111801432,0.9071608072682,0.6876490839222213,0.6902415592682662,0.8294640314466041,0.7500193173480163,0.7689076699216822,0.7914755209700837,0.8065197847978367,0.8735914592577586,0.7798359566490867,0.8910963476254956,0.9290015619897511,0.9305330487059589,0.8211746052899057,0.8659960815241549,0.9120171970598308,0.9390702147128697,0.17974897688108094,0.7228657754816052,0.8672798086646741,0.8253089077018013
[KR] 현대로템,0.5662626206780869,0.23522380147376756,0.4764754327864673,0.1932162928753319,0.6139399931410093,0.6800559583676978,0.4894373972857275,0.5079788426368261,0.5403226902379143,0.8349492272184875,1.0,0.11409625649194316,0.08724732945228172,0.2959719056181561,-0.24553725276891666,0.6085917451542243,0.4890086349097991,0.631459172138668,0.05766999957191258,0.5324632986781558,0.8620806455136488,0.3647813553677097,0.797856656898412,0.6710527099656188,0.7621253682881882,0.7799192833476934,0.7950693658589751,0.7410317635525867,0.7798233960357199,0.7799672847645208,0.7020773161618805,0.7013362214175191,0.7753977202328768,0.7745655127248392,0.7697836471492492,0.7493949312700278,0.67377546899747,0.8601535099497922,0.4743391605854796,0.9168567917494582,0.1538539843178382,0.5634770573135691,0.6657678574583524,0.5452199397559251,0.4872473832692337,0.701433488020182,0.7643234459871525,0.784140063749574,0.6935829948490203,0.5441256149775219,0.7747730726486578,0.7714443689803845,0.7311987481863891,0.753855270688043,0.715543117527541,0.8472143744234968,0.6390507224995734,0.6921165984178909,0.5803960385320561,0.775704064667368,0.8563576103685429,0.7568965919462418,0.7898098419747652,0.8485548222569598,0.6948165259916488,0.6133532626285797,0.7742018534853412,0.8512980251329089,0.7537548513062446,-0.014483032805935363,0.47836440162314586,0.7335311900274196,0.35494672879717964
[KR] 네이버,0.2740346629085535,0.823167901235463,0.18918677479733867,0.07521286925490539,0.4884166088012181,0.21173593752829806,0.20039300409537072,0.045607212723510704,0.22845013103294254,0.12536077165511056,0.11409625649194316,1.0,0.9449224797950392,0.45170456417563976,0.3557174496548318,0.35963649246973667,0.16897840049942822,0.05295048595800971,0.813838258139461,0.15164815548895916,0.133221853011845,0.629893379376261,0.06708798442415663,-0.11578826430949922,0.06844004407212691,0.07428782483487296,-0.2841934882215632,0.3800014896120388,0.3490624936857671,0.34883121529721445,0.4326407148052819,0.43312538979679877,0.36792232391577384,0.4022271764903742,0.3789322844725409,0.4032709334433239,0.24008499870850344,0.11017743552752948,0.05364816884093925,0.13675529016666024,0.22862591625994957,0.20232240323189504,0.5002784264404703,0.05794571776421275,-0.03624530004520065,0.36648760904746097,0.41175601880440715,0.31400733854282675,0.5373790916521303,-0.5326074637903858,0.256336656049521,0.40287130773983765,0.19580870711503595,0.5276119532532004,0.5052344705581576,0.2766533252656847,0.23176699412043292,0.11215225566816335,0.3692931751594072,0.19675061907175664,0.24725057468268552,0.38774984069193114,0.3342977757232453,0.22223484936639876,-0.05541647365595991,0.3855523235695318,0.29032280730953397,0.24187353021965294,0.22058416110276696,-0.4628915005820183,-0.14645060785196798,0.2346196594653859,-0.16226466562356673
[KR] 카카오,0.18071799306471478,0.7892635230690196,0.060368285634971416,-0.01173481882924077,0.43070195356307117,0.11794660760615801,0.0782348066507928,-0.0711135570703839,0.17547514568365008,0.03803800154183623,0.08724732945228172,0.9449224797950392,1.0,0.3631028351344559,0.3941314671383827,0.300270524269729,0.052951268512039365,-0.027971960798113857,0.7669156921443919,0.032891735463261684,0.06151661185536548,0.5482707697161008,-0.01277825640637178,-0.19891393333153187,-0.013279662207262746,-0.011807805683992208,-0.36167700612183395,0.3201523043182994,0.2903332782673227,0.290175056409446,0.3781957254142093,0.37848234564911276,0.30999582177274726,0.33929965879109586,0.3146929918464283,0.32900890937207455,0.14879960612676776,0.03999218372605422,-0.06219011795048587,0.0735657470229231,0.06984978702549806,0.0982046363505723,0.4663810707799963,-0.0497014716636597,-0.1425229435138607,0.31501273083614534,0.3716197093773671,0.24216708797581835,0.46676783268391325,-0.6230243112518423,0.039232286607190685,0.33059770528672416,0.10688296565808283,0.4790952363897408,0.4996436225491379,0.21462450281414094,0.16553520065358424,0.058785366239360676,0.2613612332697816,0.15104845032455597,0.1831203830759081,0.3475254562281685,0.2837746035258474,0.16814258114020975,-0.17277807165714135,0.26974453644218727,0.21548852460162837,0.1520533400923136,0.09969611828285369,-0.433995337572837,-0.15224011284295008,0.162959561233569,-0.2936968669966887
[KR] LG전자,0.8521900024482989,0.561411463825908,0.883749202625182,0.016073124720265456,0.5604155019672415,0.8538419025771073,0.9059020003480882,0.8233431340318008,0.8530020710720156,0.6359659830903045,0.2959719056181561,0.45170456417563976,0.3631028351344559,1.0,0.3054217731026061,0.8365230950659173,0.8953296448604982,0.7817902063136789,-0.03413094321164178,0.877298511198392,0.681041483738368,0.35203100746181654,0.7308906141794941,0.680414840233488,0.7606281813044029,0.7489949599708358,0.6094181939533747,0.7503609476805697,0.7491831377366417,0.7491310312535833,0.813840573002974,0.8143763625034821,0.7564359624795968,0.7655919261248404,0.7649339321535079,0.8228183031198764,0.8576769982180404,0.6507562696351941,0.8364526580402373,0.5932041197328456,0.7809583274418802,0.8844796063198268,0.7157376229329555,0.8171638732195264,0.7707609116958177,0.7730300324115109,0.6675364295475603,0.7925647425833371,0.7206651309722216,0.44424135118389474,0.4847348179816149,0.7757131626413053,0.8133757728616113,0.6718734509560664,0.6393361494401085,0.6542472734158469,0.7930818841185726,0.7042482036480799,0.898865078634776,0.6991533152224463,0.6964555117333985,0.7588851106082087,0.7907720200407442,0.726953060765299,0.6880082765627707,0.8431385605445821,0.7793900568942356,0.6849308677152158,0.7615998321574984,-0.015512675085969095,0.5699721669714232,0.8043028969928677,0.874811327398179
[KR] KODEX 2차전지산업,0.030931385922963905,0.5561553481891989,-0.04382939378063967,-0.6587199668420475,0.03154555239847101,0.005885233349698707,0.010523232725724885,-0.08963184819409246,0.16864210310785122,-0.10539898338183791,-0.24553725276891666,0.3557174496548318,0.3941314671383827,0.3054217731026061,1.0,0.28284772774894135,0.0005305425084642303,0.0010090780623584685,0.32346700903423553,-0.012753563029027096,-0.14515880067240755,-0.19301599049930387,-0.128905550382812,-0.18740440052212795,-0.11063668569455302,-0.10559468738753841,-0.22945264887884742,0.09080254714314076,0.08904796190471696,0.08847865937949866,0.1362667411630478,0.13466809697261295,0.0952383093735178,0.08656935681667438,0.10544429383458849,0.03805088878422332,0.046627462932405,-0.09849283582341051,-0.07309163131551011,-0.13273684162120863,-0.14017358214159217,0.01831938454066066,0.18724433194198561,-0.09254225831495413,-0.12694238230326232,0.23475641459021737,0.19781975107259087,0.07090119648203036,0.0366334034032708,-0.6869127071332587,-0.8709086761186177,-0.04439797894991413,-0.009890413036420308,0.1370455513304431,0.40815974732462984,-0.06910838813731096,0.04611821118613221,0.15877949914752318,0.11622559677707948,0.12913265238561367,-0.08439261899221301,-0.047836416498405386,0.10720758634893464,-0.02924830610496493,-0.16211521975230808,-0.14101953859652092,-0.03085665713359489,-0.12493581496208747,-0.11517253865063626,-0.19320100413531097,0.1779115716820211,0.06246972395637075,-0.28886538454670896
[KR] KODEX 자동차,0.8567725022184987,0.40509384173537466,0.8263069210988881,-0.08726707597937032,0.5681553772630176,0.9004713573358122,0.8326506447268862,0.806695024183571,0.9448990738395838,0.8505156934158546,0.6085917451542243,0.35963649246973667,0.300270524269729,0.8365230950659173,0.28284772774894135,1.0,0.8430082635038819,0.8890960950130717,-0.03718357424721249,0.8408657340010524,0.8423996297949609,0.21091220751488512,0.8463250831994107,0.7890376032007806,0.8532019371662126,0.8467055009763955,0.8356379810555663,0.8028215308024909,0.8432461696439443,0.8432664940393944,0.8408514068252915,0.8406340488412707,0.845190367220152,0.8471469550730166,0.8502115352090235,0.8907455979296789,0.8941734674903237,0.8235682678541256,0.8064733585455333,0.797284995917132,0.5695743187571356,0.8674907910206205,0.8126591286359751,0.8307176733640959,0.7768384252536098,0.8464194747053875,0.7832504706527113,0.8943986498132757,0.7327666485525856,0.6407417894482664,0.796011321718203,0.8280255259612123,0.8877648949505524,0.7456523054812496,0.7835138394279517,0.7986154401597826,0.8305420732611555,0.8196999759942133,0.8517868462462441,0.81104254713294,0.8237764969729807,0.8042933844540828,0.9062590137206455,0.8805961451043459,0.8048905008982806,0.8137605127739449,0.8629760816899944,0.8334869631381504,0.8678404250917445,0.16015583600343097,0.774720233376098,0.872544033299016,0.859911947310778
[KR] TIGER 200 IT,0.9855094850381826,0.3191172492217656,0.9782117263268881,0.09094550380358227,0.6028423894603967,0.9508203535700734,0.9969873605184486,0.9877982599620319,0.8892015613983504,0.8387525291057905,0.4890086349097991,0.16897840049942822,0.052951268512039365,0.8953296448604982,0.0005305425084642303,0.8430082635038819,1.0,0.9347225794010309,-0.26318200885613924,0.9969417837033467,0.8489720102519112,0.2487741745970001,0.8865747441794881,0.8781534271038456,0.905039561612483,0.9022392308372965,0.8494030485577008,0.752858521275224,0.7794626935678406,0.7795102265360695,0.7914541146955166,0.7919565488199459,0.779129486786141,0.7881941528051042,0.7926881506484834,0.8567847751726343,0.9395993941370329,0.798534224297399,0.9892615493584062,0.7559294929694812,0.8526662875909038,0.9782700499937612,0.6647517112346906,0.9839392363006763,0.9572803677234021,0.7813371859774992,0.6574047042687537,0.8647844342792185,0.6914931437128065,0.6488930320455762,0.6880326303476347,0.8134540225054335,0.9235458348957225,0.6314980012656347,0.6030323953430384,0.7347968257266639,0.8317862501492528,0.7698452307741395,0.9203152815703083,0.7647773970466338,0.7903737387833301,0.7722534904633697,0.8477266866144544,0.8377483638207408,0.9003330244229105,0.8625784371751449,0.8205875147596327,0.8152636912232643,0.9052769069646681,0.11430382850688345,0.6916091426702764,0.8939214250533489,0.9841903043127948
[KR] TIGER 200 건설,0.9331603115107823,0.20000127903948883,0.9349716903340419,0.10770963059926664,0.5136361462269935,0.9266408858521151,0.9160257335388413,0.9492998370696527,0.8995775883606331,0.9233715326734626,0.631459172138668,0.05295048595800971,-0.027971960798113857,0.7817902063136789,0.0010090780623584685,0.8890960950130717,0.9347225794010309,1.0,-0.23659001679665234,0.9419046446915527,0.9057612593697967,0.12546108250975535,0.9364331624770195,0.944321624891669,0.9452662506451648,0.930459713833844,0.9427592907175681,0.7221734591373248,0.7700124384094842,0.7702798667888724,0.7649714702044377,0.7650524415392441,0.7679729008489996,0.7696597650202839,0.7754505552321042,0.8456170398129906,0.9067602081643781,0.8491141667373759,0.9432407745074549,0.8196703851404465,0.7271069305092298,0.9219070974528638,0.640366466693075,0.9611887462704521,0.9479720305517136,0.7480718534693844,0.6498304964639643,0.8664179105389684,0.6223830825612875,0.7037970097983507,0.7937332632799579,0.7802127918661607,0.9137358137691725,0.6060081947172572,0.5958860174497231,0.7509891787342654,0.7791457556476004,0.7795271274360086,0.8308267214512528,0.7693213072380054,0.8192630524375566,0.7581311503683413,0.860212421511003,0.8806192512924257,0.9534365249348348,0.8424265630364645,0.8601379322828502,0.8277894364687334,0.9012874308949391,0.33988396680279814,0.8470390279160037,0.8790063066066016,0.9306002333565248
[KR] TIGER 의료기기,-0.06892347950244132,0.8667188373446636,-0.16767429245864934,0.13904171597667261,0.316172506549684,-0.21527453162860327,-0.2526137508071473,-0.32106935040867074,-0.13143106592701762,-0.07196849990705301,0.05766999957191258,0.813838258139461,0.7669156921443919,-0.03413094321164178,0.32346700903423553,-0.03718357424721249,-0.26318200885613924,-0.23659001679665234,1.0,-0.2430909107271516,-0.10944424913446495,0.7750212092944031,-0.21223068545147666,-0.3365219863029022,-0.22931857109970843,-0.22312595008216102,-0.27284842967527806,-0.055897222028227306,-0.03732925736553472,-0.037307399190910806,-0.004533185701159557,-0.005340040806849476,-0.01866341437426789,0.0399099200397329,0.017012395970113836,0.046291597032727526,-0.18649031579023428,-0.12265933652667328,-0.32318263416571846,-0.0833837995613082,-0.2054609766984154,-0.22643757671703865,0.13822425564826546,-0.3012830270178758,-0.32592075706004775,-0.03183460583495643,0.09989519971220934,-0.07232692753444675,0.24136443292814252,-0.4462374965222391,-0.3188272566756882,-0.0009866248479230622,-0.18250571082594455,0.29043649848793013,0.21495634194206406,-0.04796422865475441,-0.3853656431666414,-0.20712289370498868,-0.17577804820787235,-0.14448797196710444,-0.09112510060814379,-0.08970253697854222,-0.05795622934473537,-0.10106516242480791,-0.3065260874061774,0.039530572189902774,0.021466062087641177,-0.06629693027718768,-0.09739242378264845,-0.6877584584969902,-0.4024549236815313,-0.15798192156586036,-0.5085289587468791
[KR] TIGER 반도체,0.9902715268389453,0.31634653027726434,0.977471675617448,0.11021157183908266,0.6239797284947898,0.9581350704762112,0.994547809170566,0.9892241391715292,0.8833290950601365,0.8638342740798911,0.5324632986781558,0.15164815548895916,0.032891735463261684,0.877298511198392,-0.012753563029027096,0.8408657340010524,0.9969417837033467,0.9419046446915527,-0.2430909107271516,1.0,0.8742001199698491,0.25555672433817567,0.9072000421313207,0.8951185205748234,0.922136779635604,0.9214291703659309,0.877830770298063,0.7626211474042256,0.7930379593991276,0.7930798588824983,0.7961892828237479,0.796571540968088,0.7919390738157679,0.801299837537349,0.8062467309270923,0.8690576470316761,0.9473787698551812,0.8253973867627432,0.9882466694737888,0.7865733103740323,0.8383101011723212,0.9805825870795224,0.6665934254250558,0.9871640866400557,0.9606552246260077,0.7890415402688652,0.6720103383348413,0.8788481567477631,0.6976708746328683,0.6742914413011825,0.7161079994387806,0.825285502095597,0.936546848670109,0.6458775152317902,0.6120119453510835,0.7558303051675763,0.8325057098714812,0.7842223464881718,0.9164522455355468,0.7813947899000774,0.8115179245783745,0.7780630093043596,0.858965282358147,0.8566192439633502,0.9161256728339026,0.8695503474333693,0.8393304083526236,0.8376848323384715,0.9218061077971363,0.11046145337932634,0.6918884829206576,0.905934549989853,0.9746150831423314
[KR] TIGER 증권,0.873800696076323,0.2850190784542674,0.8331540817472293,0.15612436886859557,0.6899317970953663,0.9419852629923502,0.8454781586090535,0.8565257700897702,0.840153470763875,0.9627427938359966,0.8620806455136488,0.133221853011845,0.06151661185536548,0.681041483738368,-0.14515880067240755,0.8423996297949609,0.8489720102519112,0.9057612593697967,-0.10944424913446495,0.8742001199698491,1.0,0.3427970808421277,0.9820538596370438,0.9135315965787255,0.96998498332376,0.9787073558213991,0.9821331025551983,0.8607333800255003,0.9027722156051744,0.902956787509666,0.8574240713561151,0.8571888799831272,0.8995704009507779,0.9030266584037958,0.9038569034583661,0.9325903362852298,0.9308501039749336,0.9751539694394505,0.8367867750110578,0.9766997864304423,0.5492791563594258,0.8838413057936227,0.7693853325909394,0.8771875716290458,0.8343338603845487,0.8539249073780014,0.8244689833973017,0.9505430704593921,0.7901438734877038,0.797623149861551,0.9750448337479705,0.9115956065149373,0.9588420942706523,0.8007727551616942,0.7446362666914199,0.9219256569342142,0.8488536531898752,0.865112943424566,0.8411773108007624,0.8902969430818509,0.9581052903390127,0.876120541646226,0.9420454139760072,0.9805047609801705,0.9178918262544934,0.8530396477634387,0.9429141463277387,0.9681223746257075,0.9623143217827331,0.07762457486038514,0.6798406394090368,0.9398408969176352,0.7849142316011903
[KR] TIGER 헬스케어,0.34128151756248953,0.7760857478669838,0.2580304941994146,0.22112327306344312,0.5357222011284106,0.35013418618311043,0.28673857678558107,0.1713815804766161,0.19755955092320715,0.24346138713596216,0.3647813553677097,0.629893379376261,0.5482707697161008,0.35203100746181654,-0.19301599049930387,0.21091220751488512,0.2487741745970001,0.12546108250975535,0.7750212092944031,0.25555672433817567,0.3427970808421277,1.0,0.28109978048254336,0.08555899861810831,0.26302384961977626,0.3092484728793616,0.08119388403781819,0.5469273924334143,0.5084593160863662,0.5086425801398591,0.5680773166099927,0.5686672192342052,0.5213648205838277,0.5455914599865308,0.5226718769253436,0.5216479610877803,0.37582273827524726,0.37340700304501506,0.1638327946553652,0.38393141087036764,0.21431081702962443,0.32044637355766875,0.5481845968490076,0.1760805730339104,0.07692327328859273,0.47437155412670384,0.5351282315195326,0.4367955117156626,0.7042179911378297,0.3232459659869554,0.6857586923967091,0.5784265260317647,0.3670374786120827,0.6493349791033246,0.45773861638420965,0.48542383528509936,0.3687664581461121,0.32396585278613327,0.4473802631636489,0.40764524003285296,0.4719289305172024,0.5482523473951524,0.4212556931583865,0.3910240196489612,0.15344172240838302,0.42645560381420605,0.44547574300200743,0.4357237653269213,0.3668739978987453,-0.6437968395289271,-0.2662184837963159,0.4091795395748206,-0.034628338186648004
[KR] TIGER 은행,0.9010678079546353,0.22201192434312159,0.8794750428711149,0.17921031338171134,0.6258523357477187,0.9538869588048368,0.8824949152148873,0.8951625170664508,0.8537339610636484,0.9426918553372002,0.797856656898412,0.06708798442415663,-0.01277825640637178,0.7308906141794941,-0.128905550382812,0.8463250831994107,0.8865747441794881,0.9364331624770195,-0.21223068545147666,0.9072000421313207,0.9820538596370438,0.28109978048254336,1.0,0.958583727830431,0.9972751173289778,0.9957782563709133,0.991878113099119,0.8470745879058926,0.8828944623957737,0.8830573345449201,0.8579262088734505,0.8577612445603793,0.8796411664368047,0.8763173718528042,0.8783888121881069,0.9142942586234262,0.9391290577684398,0.9570230032976064,0.8800232644338828,0.9437554347582062,0.6034972772265889,0.9067269585400324,0.7331634983264216,0.9097758643706476,0.8794331380264214,0.8337858446228803,0.7846527615833641,0.9363335165259226,0.7490103073637495,0.8305555488602108,0.9487076844240907,0.8893256907845233,0.9615456104005724,0.7521851585315112,0.691971109420334,0.8876841970637607,0.8630146539853022,0.8654895951349243,0.8651887650062958,0.8845808350070837,0.942070997640723,0.873935160382818,0.9297466076646063,0.9670586095918875,0.9578703007641916,0.8784169542427407,0.9459240242994272,0.9359402208338239,0.9482719226752956,0.14904781416338697,0.7326561653996395,0.9381344630307696,0.8341101413329071
[KR] 신한지주,0.8636493643275102,-0.03202258993709277,0.8926920529035168,0.22903270969843628,0.4866032897172022,0.8865766176687686,0.8600565750591945,0.9162857836221596,0.8279721536569611,0.901987570909677,0.6710527099656188,-0.11578826430949922,-0.19891393333153187,0.680414840233488,-0.18740440052212795,0.7890376032007806,0.8781534271038456,0.944321624891669,-0.3365219863029022,0.8951185205748234,0.9135315965787255,0.08555899861810831,0.958583727830431,1.0,0.9642836174115348,0.9466108143211827,0.9782188097186837,0.6818843357815062,0.7309444223603526,0.7311550722935464,0.7086962551348891,0.7086444791009502,0.7256879910496004,0.7199083323034939,0.7251448465704531,0.7952124434910394,0.859960222625741,0.8678013776121789,0.904374095823094,0.8370791156970043,0.6444364058540227,0.8640114728204852,0.564533265331308,0.9259788898792073,0.9366273203148087,0.6796108073230561,0.5970812773320012,0.8159463974538279,0.5536052522822531,0.8499644183604932,0.8985832976348724,0.7418531166083945,0.8858362646637988,0.5482117752277184,0.4929112797574677,0.7419123607237763,0.7561107857086286,0.7634665525841684,0.7609530415505611,0.7490827145154433,0.8169849211004758,0.7306853977785364,0.8079873581880854,0.8681398701173589,0.9738869638619999,0.8368787392164915,0.8596087668916434,0.8258210026932136,0.8881978739315821,0.34433843659490376,0.7833072100208215,0.8289276162387504,0.8841116268689099
[KR] 하나금융지주,0.9176065067504147,0.21351173165829568,0.8993750901834937,0.17653645885628777,0.608125260617661,0.9575184613744416,0.9003166669406671,0.9111814805745743,0.8686205514220412,0.9336194762921372,0.7621253682881882,0.06844004407212691,-0.013279662207262746,0.7606281813044029,-0.11063668569455302,0.8532019371662126,0.905039561612483,0.9452662506451648,-0.22931857109970843,0.922136779635604,0.96998498332376,0.26302384961977626,0.9972751173289778,0.9642836174115348,1.0,0.9937091853323659,0.9873791196963674,0.8374388854913343,0.8716715156370757,0.8718189653097043,0.8536828753098209,0.8535785145137249,0.8686941816455866,0.8651872235590138,0.8675220383803508,0.906712835514951,0.9411849568538063,0.9409681610405458,0.8978202695638748,0.9232723649875152,0.6298485000539975,0.9165942316454766,0.7249492129580991,0.9228210204225955,0.8965108364493043,0.8282274110504496,0.76774862527592,0.9289484893625921,0.7368355261662468,0.8246445276031538,0.9244161763853068,0.8794385561400987,0.9595037679493609,0.7334720365639428,0.6816884933576727,0.8696536763150315,0.863708223350472,0.8576434287257458,0.877971096386173,0.8771699385458239,0.9268611131473514,0.8683290862174254,0.9249339665710937,0.957193480719384,0.9639880486407919,0.8890430086144007,0.9387075388172001,0.9215658907057193,0.9439540445893291,0.17157387773059835,0.7511200767033791,0.9347036578283359,0.8652469947124612
[KR] KB금융,0.9107035235056831,0.25038397154328507,0.8825754687935742,0.1257420497031463,0.6386336199185243,0.9693430088209087,0.9007994189094647,0.9063363287503492,0.8636014449621248,0.9346989124970787,0.7799192833476934,0.07428782483487296,-0.011807805683992208,0.7489949599708358,-0.10559468738753841,0.8467055009763955,0.9022392308372965,0.930459713833844,-0.22312595008216102,0.9214291703659309,0.9787073558213991,0.3092484728793616,0.9957782563709133,0.9466108143211827,0.9937091853323659,1.0,0.9871516190090981,0.8668083952832459,0.9004934629616008,0.9006178366847378,0.8717978620323267,0.8716362312756166,0.8967313484171147,0.8936907001266393,0.8971652260120588,0.9236048604082145,0.9575964225027478,0.9633755260515412,0.8920115615351341,0.9457394873366303,0.6104767226698391,0.9275956504068563,0.755777064333009,0.9178253676290017,0.879881265922383,0.8614948997032206,0.8055655568977712,0.9489404860134811,0.7746833226832631,0.846182513489785,0.9305047801501394,0.9048922581402965,0.9760302369358195,0.7689855320188522,0.7138456216876234,0.9003385477765771,0.8891088034510735,0.8909145001458585,0.8911537565820327,0.907592861613659,0.9468992429061449,0.8802606016894878,0.9386508214734934,0.9695369798810495,0.9536481206294031,0.8640911898691693,0.9381687299469251,0.945680586679875,0.9566039548748142,0.09348009811582349,0.7123439759776026,0.9566390495218116,0.847499941103164
[KR] 우리금융지주,0.8525636412859428,-0.06556445879515836,0.8419618722572052,0.3194433796356935,0.6937470585502963,0.9438337211301373,0.8444872300282361,0.8808305980790037,0.8369866614543464,0.9648871531346636,0.7950693658589751,-0.2841934882215632,-0.36167700612183395,0.6094181939533747,-0.22945264887884742,0.8356379810555663,0.8494030485577008,0.9427592907175681,-0.27284842967527806,0.877830770298063,0.9821331025551983,0.08119388403781819,0.991878113099119,0.9782188097186837,0.9873791196963674,0.9871516190090981,1.0,0.9229992394767242,0.9270177081676534,0.9270569434197077,0.8780766903165811,0.8783419184646607,0.9232372623837781,0.9206735888362229,0.9215169576820724,0.9103463572786326,0.9380744111681358,0.9539756204667634,0.8615415481382586,0.9503456353119718,0.5622925867354078,0.8820027976175203,0.7502497553833973,0.9003537061648721,0.8896328773047241,0.8712202333177472,0.8255535954021578,0.9598256656755513,0.8261254342543058,0.7982453308025301,0.9540723367105951,0.9429770643197557,0.9626013734876401,0.7839843909493099,0.6663765447683802,0.9254216713174914,0.9070599995755768,0.8417192176387883,0.8748106343979516,0.8888815393164883,0.960440551264476,0.9151828144643834,0.9373228580376259,0.9662731019795279,0.9792660022775156,0.8435681999179054,0.9066663659379055,0.9596224107627616,0.9507338484311694,0.7977732761251123,0.8776201747739358,0.9548108252511137,0.8224418225099763
[IDX] 다우 존스,0.8623118436896825,0.14394902176077368,0.766981858795342,0.6592016661321308,0.6364232969518919,0.8918774325462573,0.7759153083208059,0.6937610878922159,0.7815172788749011,0.7486544041022067,0.7410317635525867,0.3800014896120388,0.3201523043182994,0.7503609476805697,0.09080254714314076,0.8028215308024909,0.752858521275224,0.7221734591373248,-0.055897222028227306,0.7626211474042256,0.8607333800255003,0.5469273924334143,0.8470745879058926,0.6818843357815062,0.8374388854913343,0.8668083952832459,0.9229992394767242,1.0,0.9916883102132573,0.9918410684036816,0.98591363127677,0.9837313851982424,0.9955617807850732,0.9802661388776989,0.980704372788035,0.9301005832282259,0.899610152362478,0.8368197985500213,0.6148501246055198,0.8645644783828778,0.6804310800039686,0.7625668484574667,0.9652800357703425,0.6824878790225273,0.6624467116358054,0.9540854700449378,0.9581654733303548,0.9532873203869313,0.9804859841069009,0.8965091044794354,0.9761322657543822,0.9817398591394304,0.8791325808154993,0.9825713359295454,0.9088019499012885,0.9644546697280925,0.9646145446967425,0.8743331949585299,0.9687604993565868,0.9620712748762873,0.9568966479252091,0.5218005698122847,0.8367949917506032,0.914285427808783,0.4149088984558494,0.7041657027661357,0.8413233657449242,0.8592152083990657,0.6019441253205562,-0.6310978573811536,-0.3791277974201979,0.8474465683711941,0.7024192779851661
[IDX] S&P 500,0.8566039788155491,0.16950062948759967,0.776421695131034,0.6145551620326398,0.6036235018749947,0.9260792182294864,0.7961777710930641,0.7310038346211137,0.8239604108904169,0.8093367756608906,0.7798233960357199,0.3490624936857671,0.2903332782673227,0.7491831377366417,0.08904796190471696,0.8432461696439443,0.7794626935678406,0.7700124384094842,-0.03732925736553472,0.7930379593991276,0.9027722156051744,0.5084593160863662,0.8828944623957737,0.7309444223603526,0.8716715156370757,0.9004934629616008,0.9270177081676534,0.9916883102132573,1.0,0.9999960768576015,0.9675770846322777,0.9658544735592871,0.9994252382541063,0.9952075553918033,0.9956805622921662,0.9573466810342303,0.9337536479404974,0.8894148736615942,0.672257999287558,0.9096027722902988,0.6958277938300305,0.8151946713713469,0.9539080137012531,0.7325089944846034,0.7095677300735249,0.9741821867485835,0.9771884905059269,0.9778165028587408,0.9768156337605856,0.8858506033669967,0.9856983040282267,0.9863667220967707,0.9218004992355809,0.9808537209729246,0.9228657617096975,0.9816105083462219,0.9435288612832925,0.9160021536277784,0.9483044882283914,0.9761659839405753,0.9805712405728589,0.5736886946891352,0.8763758383964072,0.9464097898885844,0.4249896725046295,0.7016618153591131,0.8463181617238859,0.8887961957511878,0.6535950630504681,-0.5791997042943665,-0.3089199312106024,0.8507575126418265,0.7148271055276311
[US] S&P500,0.8568225158441419,0.16927619252338527,0.7764031205831515,0.5767961685440613,0.6036780653342143,0.9260181966974621,0.7961922588557082,0.7311098385199971,0.8239818732993982,0.8094950499953582,0.7799672847645208,0.34883121529721445,0.290175056409446,0.7491310312535833,0.08847865937949866,0.8432664940393944,0.7795102265360695,0.7702798667888724,-0.037307399190910806,0.7930798588824983,0.902956787509666,0.5086425801398591,0.8830573345449201,0.7311550722935464,0.8718189653097043,0.9006178366847378,0.9270569434197077,0.9918410684036816,0.9999960768576015,1.0,0.9660823207083099,0.9659050868280296,0.9994267321066828,0.9958873955574805,0.99563835036307,0.9572697999707436,0.9336658774165767,0.8894010233994293,0.6740198712448567,0.909622726485894,0.6650830724340937,0.8192917087097993,0.9529131071093387,0.7324591534648447,0.7042506044685906,0.9788354545653869,0.9791626350655466,0.9777660445713692,0.9768163169269808,0.8859202134823773,0.985536883605883,0.9863299581296037,0.9217276597978116,0.9808190038988259,0.9225915976497586,0.9802821221712471,0.9495904989264414,0.9192781371052134,0.9465779900825586,0.976102542564398,0.9795906910759261,0.5281384232137277,0.8763715988492421,0.9464122420492692,0.40626756360954064,0.7015868538676606,0.8463313247219302,0.8888144445578877,0.6535763608564077,-0.5792405516169212,-0.30900657620803024,0.902071657755354,0.7147507273685603
[IDX] 러셀 2000,0.8916027617627656,0.09346070262178142,0.8003202006312424,0.746900365532924,0.6701549729106048,0.8585159818222514,0.811215088944297,0.7275365793604326,0.7927539532907618,0.7627715975538929,0.7020773161618805,0.4326407148052819,0.3781957254142093,0.813840573002974,0.1362667411630478,0.8408514068252915,0.7914541146955166,0.7649714702044377,-0.004533185701159557,0.7961892828237479,0.8574240713561151,0.5680773166099927,0.8579262088734505,0.7086962551348891,0.8536828753098209,0.8717978620323267,0.8780766903165811,0.98591363127677,0.9675770846322777,0.9660823207083099,1.0,0.9999935913467054,0.9759017026756156,0.9514940045765831,0.9428534720498087,0.918143956367998,0.8627969452602832,0.7696013079106077,0.5838491473308685,0.8139612330815729,0.7079799631689784,0.7185698160929813,0.9608677689628163,0.6688029196237736,0.6611830977407731,0.9114076148304753,0.9097830116675606,0.9301358444481783,0.9530121013055823,0.7592933299207566,0.9533244491895161,0.9748301306332605,0.8329300568203359,0.9571691956488906,0.8747155340900759,0.9275497754089813,0.9574969865998781,0.8087684138944669,0.9800191888292544,0.9259644368552207,0.9256032565594351,0.5157320919356907,0.7869751876973808,0.8855821309194137,0.45557738696033134,0.7380965494687042,0.8586148781302018,0.8190413096977894,0.5587225574597682,-0.6630583181017382,-0.42954456597893304,0.7576135737410616,0.7629130505834072
[US] 러셀,0.872373314615833,0.7007255824522559,0.8008460795642178,0.6044084224498897,0.6151822063519143,0.8752261033817265,0.8117372832628881,0.7279896516739621,0.7925770501479842,0.7625471807481751,0.7013362214175191,0.43312538979679877,0.37848234564911276,0.8143763625034821,0.13466809697261295,0.8406340488412707,0.7919565488199459,0.7650524415392441,-0.005340040806849476,0.796571540968088,0.8571888799831272,0.5686672192342052,0.8577612445603793,0.7086444791009502,0.8535785145137249,0.8716362312756166,0.8783419184646607,0.9837313851982424,0.9658544735592871,0.9659050868280296,0.9999935913467054,1.0,0.9757935531777139,0.9574511673124276,0.9462214339544117,0.9184453427207045,0.8628169494072971,0.7724385168489597,0.6122157545469255,0.8140388550460823,0.6204589882816681,0.7478134899122301,0.9478327948047671,0.6691608882574049,0.6554303864942148,0.929487565015242,0.9199539983190809,0.9302135806686205,0.9558187162695762,0.7578027373301569,0.9525848189713463,0.9747451440465434,0.8329230308922554,0.9570614538082667,0.8744696161982981,0.9060484429508977,0.9627722838586289,0.8215886988485301,0.9751935524787739,0.9252687637155691,0.9261780735337852,0.37268182488567864,0.7441856890876575,0.8825922524639421,0.2887696552203013,0.7388543523508674,0.858720772576517,0.8194744115337266,0.5595308156677344,-0.6629925372656122,-0.42939855032773716,0.925613039789352,0.7643572470356296
[US] 미국 전체,0.8542308546177497,0.7691598137653544,0.781037931522279,0.470284237845851,0.568494429245859,0.9260753750832906,0.7963287872744192,0.7282379594913091,0.8221605171667559,0.8058019531247198,0.7753977202328768,0.36792232391577384,0.30999582177274726,0.7564359624795968,0.0952383093735178,0.845190367220152,0.779129486786141,0.7679729008489996,-0.01866341437426789,0.7919390738157679,0.8995704009507779,0.5213648205838277,0.8796411664368047,0.7256879910496004,0.8686941816455866,0.8967313484171147,0.9232372623837781,0.9955617807850732,0.9994252382541063,0.9994267321066828,0.9759017026756156,0.9757935531777139,1.0,0.9968295382715558,0.9942445669492691,0.9568518391744569,0.9267582141736296,0.8761906351680705,0.6827734062171696,0.9014960178177656,0.6771290416593632,0.825608199888475,0.9636394840474296,0.7243254131123503,0.6878209748353625,0.9813106004100833,0.9781371267040827,0.9748046598981887,0.9779510289216838,0.8752382980260885,0.9859282644383645,0.9883267909588974,0.9140369658992175,0.9827546821032522,0.9222589286023701,0.9716300771662884,0.9570328150670571,0.9140609173603734,0.9591702479532165,0.9717171069703434,0.9758536013092475,0.4554875184234251,0.8822998790634565,0.9399967567291855,0.26965005135244274,0.7100765163273942,0.8503242401542079,0.8846814777061669,0.6458843001583121,-0.5934089726534032,-0.3271809364105741,0.9719873747050202,0.7199193139828158
[IDX] NASDAQ,0.8548319892025835,0.19181524156762844,0.7794867549239927,0.5702241951357164,0.5920355799536339,0.9328018424534286,0.8054126948024615,0.7363712855411796,0.8268322913311646,0.8153748096075377,0.7745655127248392,0.4022271764903742,0.33929965879109586,0.7655919261248404,0.08656935681667438,0.8471469550730166,0.7881941528051042,0.7696597650202839,0.0399099200397329,0.801299837537349,0.9030266584037958,0.5455914599865308,0.8763173718528042,0.7199083323034939,0.8651872235590138,0.8936907001266393,0.9206735888362229,0.9802661388776989,0.9952075553918033,0.9958873955574805,0.9514940045765831,0.9574511673124276,0.9968295382715558,1.0,0.9989522192242564,0.9714979156926994,0.9412244071845426,0.8943916754561585,0.6964301486617807,0.9138348299242527,0.6888676072418305,0.8399075773200811,0.9425396426293594,0.7446725886852671,0.72250265437241,0.9840030522005773,0.9837023019998947,0.9828530003942562,0.9809654068925666,0.8416052496891407,0.9872334076558087,0.9922947488615639,0.9300299252774248,0.9841761619034917,0.9284639326053057,0.9786752536000852,0.9200286116247074,0.9213490257284346,0.9279267758978194,0.9626083128525103,0.9822007711942202,0.5502944252680587,0.8792530605198995,0.9485383465373086,0.41521461154898803,0.7069072338152269,0.8359133726202242,0.9013052170138817,0.6785592239330636,-0.5785651196093488,-0.3072568337077719,0.8802352084447923,0.7489727964208746
[US] 나스닥,0.8422005793609991,0.3198562347179096,0.7765612907725284,0.43061116029527347,0.5544631682795162,0.9427117969244942,0.8093220614338751,0.7426395466397441,0.8352170805078525,0.8166960666236824,0.7697836471492492,0.3789322844725409,0.3146929918464283,0.7649339321535079,0.10544429383458849,0.8502115352090235,0.7926881506484834,0.7754505552321042,0.017012395970113836,0.8062467309270923,0.9038569034583661,0.5226718769253436,0.8783888121881069,0.7251448465704531,0.8675220383803508,0.8971652260120588,0.9215169576820724,0.980704372788035,0.9956805622921662,0.99563835036307,0.9428534720498087,0.9462214339544117,0.9942445669492691,0.9989522192242564,1.0,0.972400656056,0.9495907833881444,0.9069527335301394,0.7155085997537018,0.9216938236898515,0.617256028936302,0.8605967187097193,0.9513493237715432,0.7555632666344891,0.7166495283880772,0.9901009953477862,0.9851305337539331,0.9859416152494228,0.9746632674377748,0.8599627669519527,0.9783472418022878,0.9880579387383005,0.9399199542727306,0.9795555823016173,0.9294103415010134,0.9821709501086531,0.9376735617968015,0.9356617396741139,0.9341116552536723,0.9691034179401171,0.980015094140052,0.4711521094756609,0.8704928696992759,0.9513833870087092,0.3192077986916783,0.6998920117467208,0.8283349171596555,0.908856296423846,0.6941414712092485,-0.5620702458129814,-0.2833543208545365,0.9712483464699561,0.7480802041505002
[US] 나스닥 레버리지,0.8827929517303312,0.6692636026670467,0.8373001513862844,0.18816849956371962,0.7525478912559095,0.9631805510124255,0.8666727223542787,0.814450091917863,0.8683872208924266,0.866546002210697,0.7493949312700278,0.4032709334433239,0.32900890937207455,0.8228183031198764,0.03805088878422332,0.8907455979296789,0.8567847751726343,0.8456170398129906,0.046291597032727526,0.8690576470316761,0.9325903362852298,0.5216479610877803,0.9142942586234262,0.7952124434910394,0.906712835514951,0.9236048604082145,0.9103463572786326,0.9301005832282259,0.9573466810342303,0.9572697999707436,0.918143956367998,0.9184453427207045,0.9568518391744569,0.9714979156926994,0.972400656056,1.0,0.9711701635400938,0.9332970735775336,0.8132901241149023,0.925788943409909,0.6841324414998416,0.9233940906011431,0.9151938641140583,0.8392601514183305,0.7664598908490523,0.9490566859469702,0.9272510825931347,0.9847147970741097,0.9223382371043788,0.7635868163624746,0.9558018383467898,0.978533277106117,0.9693584332655861,0.923246965096817,0.8727841614707026,0.9498405951333472,0.9073618504779737,0.9057556439324199,0.8962219564063043,0.9153794234465066,0.964603147923274,0.9271120959246153,0.9741372205722016,0.9675545959526332,0.2635712788210558,0.856760175700833,0.9496176198764941,0.9181182490570049,0.7270938906387493,-0.40057269705744875,0.11422021520772992,0.958558815056733,0.8168275686118015
[US] 미국 반도체,0.894395430830744,0.6235115552890411,0.8652961929545085,0.31751817506058333,0.47210544732830956,0.9919781843285443,0.9450857872508183,0.9121316844201021,0.9154160912485425,0.8767640000531798,0.67377546899747,0.24008499870850344,0.14879960612676776,0.8576769982180404,0.046627462932405,0.8941734674903237,0.9395993941370329,0.9067602081643781,-0.18649031579023428,0.9473787698551812,0.9308501039749336,0.37582273827524726,0.9391290577684398,0.859960222625741,0.9411849568538063,0.9575964225027478,0.9380744111681358,0.899610152362478,0.9337536479404974,0.9336658774165767,0.8627969452602832,0.8628169494072971,0.9267582141736296,0.9412244071845426,0.9495907833881444,0.9711701635400938,1.0,0.9413694064500855,0.894513985690203,0.9180817431026843,0.7786052123831557,0.9736157974662735,0.8659069618233146,0.9146878750744549,0.8699974838800599,0.9471833569190306,0.9053278936878824,0.9782053482402484,0.8851030028080399,0.8019100192416192,0.8264212801111952,0.9458852889236926,0.9957473948580872,0.8735466463090293,0.8308820147615881,0.9355611833408116,0.8696703294320535,0.9428148757013336,0.8954101368371498,0.9268380710416314,0.9479784995193902,0.5323669258288366,0.9303894863872105,0.9577956011348256,0.39100829699706385,0.6961663500808758,0.8006075563755293,0.8997730958427775,0.7770650005889281,-0.4015526452728431,-0.09636938721245072,0.9719693943329608,0.911213187103335
[US] 엔비디아,0.7676633356925171,0.18457657106634026,0.7514631575850931,0.2779311230049093,0.42428440152274577,0.9339613083992163,0.7994774099531905,0.7982078868064607,0.8351965874161018,0.9108549670895918,0.8601535099497922,0.11017743552752948,0.03999218372605422,0.6507562696351941,-0.09849283582341051,0.8235682678541256,0.798534224297399,0.8491141667373759,-0.12265933652667328,0.8253973867627432,0.9751539694394505,0.37340700304501506,0.9570230032976064,0.8678013776121789,0.9409681610405458,0.9633755260515412,0.9539756204667634,0.8368197985500213,0.8894148736615942,0.8894010233994293,0.7696013079106077,0.7724385168489597,0.8761906351680705,0.8943916754561585,0.9069527335301394,0.9332970735775336,0.9413694064500855,1.0,0.8067183289607665,0.9885920661760284,0.5297813248356562,0.8944606254267788,0.8025067750151459,0.8451664564890183,0.8014985726082956,0.8941782073768062,0.8855059113868166,0.9395882555045195,0.8192261163589998,0.8949351420278103,0.9930151709965943,0.9180137572132199,0.9660638354685689,0.8289645059194256,0.7996188076358484,0.9422691111849761,0.7860950233835299,0.9478109379178964,0.7694416931310079,0.9377586155109048,0.9430285794592503,0.5458434861394432,0.8804073775584526,0.9568148542401552,0.4416755787552117,0.6326426054950008,0.7695048081762447,0.918962672885232,0.7975521653542977,-0.3045239647125847,-0.006435819645318865,0.91050708408106,0.6922057554385762
[US] 마이크론,0.763776250861698,0.11895970912170933,0.8517793475163343,0.26373574300322333,0.3309285275170881,0.8892918040600981,0.9789286078006904,0.9977643628553159,0.8686818185004215,0.8419335127247749,0.4743391605854796,0.05364816884093925,-0.06219011795048587,0.8364526580402373,-0.07309163131551011,0.8064733585455333,0.9892615493584062,0.9432407745074549,-0.32318263416571846,0.9882466694737888,0.8367867750110578,0.1638327946553652,0.8800232644338828,0.904374095823094,0.8978202695638748,0.8920115615351341,0.8615415481382586,0.6148501246055198,0.672257999287558,0.6740198712448567,0.5838491473308685,0.6122157545469255,0.6827734062171696,0.6964301486617807,0.7155085997537018,0.8132901241149023,0.894513985690203,0.8067183289607665,1.0,0.7614846998619744,0.7359564455795061,0.9575110969354178,0.5548512315370936,0.9951335192054973,0.9669593298308167,0.7108448752016115,0.6264368369713955,0.8067082992820968,0.6130543763704522,0.6673177320765578,0.7230270089823247,0.7513495367787253,0.8951845768847295,0.58095820728096,0.5553381962939066,0.6774569246754724,0.5971389287223586,0.7572165889056037,0.6327947669303283,0.7148723748701887,0.7326268207604937,0.4667037004970711,0.7499551602490964,0.7942204882125795,0.4750487174051752,0.6232672008380987,0.6395057243588735,0.7518237446671618,0.7679283449848813,-0.17049745415455336,0.10832191681310084,0.7836173786182161,0.9821420396559984
[US] 브로드컴,0.8048055324219929,0.4637845561631389,0.751498648014762,0.18658196395505516,0.6758361044653716,0.9184505167438967,0.7583095076495118,0.7574384509679845,0.7844985095544005,0.9212597013691272,0.9168567917494582,0.13675529016666024,0.0735657470229231,0.5932041197328456,-0.13273684162120863,0.797284995917132,0.7559294929694812,0.8196703851404465,-0.0833837995613082,0.7865733103740323,0.9766997864304423,0.38393141087036764,0.9437554347582062,0.8370791156970043,0.9232723649875152,0.9457394873366303,0.9503456353119718,0.8645644783828778,0.9096027722902988,0.909622726485894,0.8139612330815729,0.8140388550460823,0.9014960178177656,0.9138348299242527,0.9216938236898515,0.925788943409909,0.9180817431026843,0.9885920661760284,0.7614846998619744,1.0,0.524393473099163,0.8515701003971435,0.8324447928768367,0.8042027981369507,0.7454514751311379,0.8962145884231986,0.8914060150787125,0.9476389253266655,0.8349071439762125,0.8088537607567522,0.9824516562946098,0.9174525736665973,0.9459828849059577,0.8526506723105346,0.8253054862370609,0.9598973742598421,0.8393544903901926,0.9136500079909802,0.7924291966881788,0.9284387587728158,0.961673637643449,0.8613123627415886,0.9366656174308895,0.9740119204269259,0.3565622862342633,0.7728659745014421,0.9009549863545548,0.9582658918895086,0.7672994876563239,-0.3262425916142733,0.1683435192177453,0.9133023562554142,0.6443154408408366
[US] 인텔,0.6449889117523482,0.3144579460247731,0.7395415565821868,0.6282668868700333,0.37839364243826545,0.7144696704187852,0.8536031291024561,0.843263521095256,0.6101300954390315,0.5729842605117677,0.1538539843178382,0.22862591625994957,0.06984978702549806,0.7809583274418802,-0.14017358214159217,0.5695743187571356,0.8526662875909038,0.7271069305092298,-0.2054609766984154,0.8383101011723212,0.5492791563594258,0.21431081702962443,0.6034972772265889,0.6444364058540227,0.6298485000539975,0.6104767226698391,0.5622925867354078,0.6804310800039686,0.6958277938300305,0.6650830724340937,0.7079799631689784,0.6204589882816681,0.6771290416593632,0.6888676072418305,0.617256028936302,0.6841324414998416,0.7786052123831557,0.5297813248356562,0.7359564455795061,0.524393473099163,1.0,0.7222360602467005,0.6255798723517666,0.8362738839750834,0.7425188638247787,0.6142220924200341,0.5802640957409066,0.7131432668333976,0.5908346544448095,0.39096678749607267,0.6027588925503602,0.5881900045792353,0.7045040132954201,0.61270106128669,0.4100898382224188,0.6497861976092625,0.7314063436532445,0.5565790735698256,0.7694039050749663,0.42963857993112403,0.6851218179120295,0.4985731568836598,0.7064848636314668,0.5881503748971512,0.3242361606330531,0.6310639453944074,0.6346408491370322,0.6011403305110066,0.5555115260172224,-0.3955915644064718,-0.21990261420026583,0.5409568050523029,0.8960918108359955
[US] AMD,0.8341494044754892,0.15903372863932125,0.8575709309657087,0.3093376707618188,0.41044950283857806,0.9629312671991798,0.9786150024524515,0.9592136763066009,0.9156995670778343,0.8536352373149023,0.5634770573135691,0.20232240323189504,0.0982046363505723,0.8844796063198268,0.01831938454066066,0.8674907910206205,0.9782700499937612,0.9219070974528638,-0.22643757671703865,0.9805825870795224,0.8838413057936227,0.32044637355766875,0.9067269585400324,0.8640114728204852,0.9165942316454766,0.9275956504068563,0.8820027976175203,0.7625668484574667,0.8151946713713469,0.8192917087097993,0.7185698160929813,0.7478134899122301,0.825608199888475,0.8399075773200811,0.8605967187097193,0.9233940906011431,0.9736157974662735,0.8944606254267788,0.9575110969354178,0.8515701003971435,0.7222360602467005,1.0,0.716605448400567,0.9637458077293439,0.918464403154451,0.8618416818236032,0.800342760694832,0.9116372783992497,0.7808428155447291,0.7279227865533177,0.7404020656186283,0.8821038330367418,0.9691454396733123,0.7548447638474526,0.733083443421539,0.8160098342511997,0.7122869140986441,0.8836370758447095,0.7410907686722639,0.850105274894915,0.850489418969453,0.5441034792035667,0.8446171757471428,0.8895465167908746,0.4596809553602128,0.6539537768365242,0.7327024018839744,0.8338800648992629,0.7833903078746782,-0.2849576543583901,0.016791682745791403,0.8859484923493174,0.9546065255696372
[US] 퀄컴,0.8499253651785202,0.027795120514164006,0.7459198754619847,0.6777745068742602,0.6255031031706573,0.8375584645768407,0.6785840228298138,0.5959882751565272,0.8044705250480233,0.6814449090606236,0.6657678574583524,0.5002784264404703,0.4663810707799963,0.7157376229329555,0.18724433194198561,0.8126591286359751,0.6647517112346906,0.640366466693075,0.13822425564826546,0.6665934254250558,0.7693853325909394,0.5481845968490076,0.7331634983264216,0.564533265331308,0.7249492129580991,0.755777064333009,0.7502497553833973,0.9652800357703425,0.9539080137012531,0.9529131071093387,0.9608677689628163,0.9478327948047671,0.9636394840474296,0.9425396426293594,0.9513493237715432,0.9151938641140583,0.8659069618233146,0.8025067750151459,0.5548512315370936,0.8324447928768367,0.6255798723517666,0.716605448400567,1.0,0.6456059359713228,0.6081197045826312,0.9251270148882286,0.9232555969930566,0.925627294804807,0.9455758476854575,0.899773858845536,0.8683805679494309,0.9270057107377867,0.8437582359371347,0.9602384616963703,0.9319244837473803,0.9413231405129195,0.9342446246012963,0.8304124819434812,0.9460173186507426,0.9043681428752981,0.8995515286291593,0.4539317375594606,0.7879358910712866,0.8800485800738584,0.4897884758140051,0.7013542427999049,0.8180009920340966,0.8668943648057922,0.6452147841595359,-0.5829203912435745,-0.3194112389659602,0.7591426583602153,0.6354784793267948
[US] 시게이트,0.8968939571665431,0.3504965340934333,0.9214368446082873,0.25547284368353934,0.3488773903795632,0.9235021483310909,0.9718373936308821,0.996011391304053,0.8823566552574995,0.8839735161001915,0.5452199397559251,0.05794571776421275,-0.0497014716636597,0.8171638732195264,-0.09254225831495413,0.8307176733640959,0.9839392363006763,0.9611887462704521,-0.3012830270178758,0.9871640866400557,0.8771875716290458,0.1760805730339104,0.9097758643706476,0.9259788898792073,0.9228210204225955,0.9178253676290017,0.9003537061648721,0.6824878790225273,0.7325089944846034,0.7324591534648447,0.6688029196237736,0.6691608882574049,0.7243254131123503,0.7446725886852671,0.7555632666344891,0.8392601514183305,0.9146878750744549,0.8451664564890183,0.9951335192054973,0.8042027981369507,0.8362738839750834,0.9637458077293439,0.6456059359713228,1.0,0.9845041178988715,0.7471268388953378,0.6591623451882772,0.8385779946585922,0.6512775454419726,0.6918974325479796,0.7768683072640472,0.773648614176213,0.9198782270152889,0.6201991856461536,0.5886735342866212,0.7477592921913411,0.6889247348150531,0.7806954770958288,0.7429087499083773,0.7383461247838053,0.7879466373024833,0.47450613642645134,0.8139499531371309,0.8479682412740732,0.4943706552510387,0.6467802026976553,0.7210264834921208,0.7891815058167508,0.7874278468836283,-0.1895004767610194,0.09579758791983575,0.8343306477149887,0.9776313338280809
[US] 웨스턴디지털,0.844228142123839,0.04551166023695219,0.9064628998830776,0.4177832091738452,0.4023558645075658,0.8894724198368454,0.9391130935847529,0.9853429351052477,0.8404565640033305,0.8554656468512727,0.4872473832692337,-0.03624530004520065,-0.1425229435138607,0.7707609116958177,-0.12694238230326232,0.7768384252536098,0.9572803677234021,0.9479720305517136,-0.32592075706004775,0.9606552246260077,0.8343338603845487,0.07692327328859273,0.8794331380264214,0.9366273203148087,0.8965108364493043,0.879881265922383,0.8896328773047241,0.6624467116358054,0.7095677300735249,0.7042506044685906,0.6611830977407731,0.6554303864942148,0.6878209748353625,0.72250265437241,0.7166495283880772,0.7664598908490523,0.8699974838800599,0.8014985726082956,0.9669593298308167,0.7454514751311379,0.7425188638247787,0.918464403154451,0.6081197045826312,0.9845041178988715,1.0,0.7193965082873313,0.6341546814736785,0.787265748563573,0.617544925922622,0.6864649049318832,0.7674273434871988,0.6784098008322311,0.8756262899209027,0.5756125617067676,0.4830121409113621,0.7122338592967151,0.6735337477204186,0.7448332301407445,0.7027604836013112,0.6465049921831144,0.7657944975350989,0.42160039533271604,0.7155754535633986,0.8167948356574639,0.5666820823126649,0.6746295781540367,0.683602436752674,0.7511348648366866,0.7587859196981259,-0.184839071270817,0.07691289979992191,0.7665123323300251,0.9808876155625569
[US] 애플,0.8370410476182646,0.16388248986531417,0.763922318686131,0.4662338980928551,0.5588427721852456,0.9330058926553366,0.7974352963064911,0.7243797777988912,0.8492528533036604,0.7697608612531224,0.701433488020182,0.36648760904746097,0.31501273083614534,0.7730300324115109,0.23475641459021737,0.8464194747053875,0.7813371859774992,0.7480718534693844,-0.03183460583495643,0.7890415402688652,0.8539249073780014,0.47437155412670384,0.8337858446228803,0.6796108073230561,0.8282274110504496,0.8614948997032206,0.8712202333177472,0.9540854700449378,0.9741821867485835,0.9788354545653869,0.9114076148304753,0.929487565015242,0.9813106004100833,0.9840030522005773,0.9901009953477862,0.9490566859469702,0.9471833569190306,0.8941782073768062,0.7108448752016115,0.8962145884231986,0.6142220924200341,0.8618416818236032,0.9251270148882286,0.7471268388953378,0.7193965082873313,1.0,0.9850537657709991,0.9746027090400492,0.966138086513343,0.8983902241819304,0.9057856085761862,0.9616367291094648,0.9320300480078232,0.964053864180193,0.9464773015116226,0.9620457888591173,0.8876786355548268,0.9502592053914054,0.8916301607333543,0.9749927806198515,0.9566076679696316,0.513600334442191,0.8571357485525802,0.9359623270674867,0.41758064115387217,0.6686388291981901,0.7932291108505168,0.8981625429530048,0.6934323360168564,-0.5429304842827642,-0.2492012470770495,0.9008865161495948,0.7733687942755718
[US] 마이크로소프트,0.7764146043350757,0.1972424983782442,0.6828540648045069,0.47554288570620135,0.5423728922126662,0.8892523923163183,0.6796700438070846,0.5951920078669664,0.7516497527181284,0.7179814150366899,0.7643234459871525,0.41175601880440715,0.3716197093773671,0.6675364295475603,0.19781975107259087,0.7832504706527113,0.6574047042687537,0.6498304964639643,0.09989519971220934,0.6720103383348413,0.8244689833973017,0.5351282315195326,0.7846527615833641,0.5970812773320012,0.76774862527592,0.8055655568977712,0.8255535954021578,0.9581654733303548,0.9771884905059269,0.9791626350655466,0.9097830116675606,0.9199539983190809,0.9781371267040827,0.9837023019998947,0.9851305337539331,0.9272510825931347,0.9053278936878824,0.8855059113868166,0.6264368369713955,0.8914060150787125,0.5802640957409066,0.800342760694832,0.9232555969930566,0.6591623451882772,0.6341546814736785,0.9850537657709991,1.0,0.9544065410232268,0.9708871777432543,0.8667125194126412,0.9646033314542393,0.9533121484890031,0.8958863590574387,0.9832193224284592,0.9520395477270371,0.970339975832337,0.8799212327570475,0.936656449758763,0.8756573918759093,0.9555809289753083,0.9620866587453303,0.5567620518838433,0.8615329778652343,0.9193099453915574,0.3560017768642821,0.6260143789814735,0.7839229748000595,0.872425950156274,0.6321773281480725,-0.5531923178173541,-0.282852563263528,0.8712302568765825,0.5117825065784448
[US] 구글,0.8985317524921711,0.673925693005647,0.834287912362579,0.3223437150331861,0.48643485594292457,0.973338087418732,0.8741145105993914,0.8306450534106519,0.8698603010499484,0.8926049985283726,0.784140063749574,0.31400733854282675,0.24216708797581835,0.7925647425833371,0.07090119648203036,0.8943986498132757,0.8647844342792185,0.8664179105389684,-0.07232692753444675,0.8788481567477631,0.9505430704593921,0.4367955117156626,0.9363335165259226,0.8159463974538279,0.9289484893625921,0.9489404860134811,0.9598256656755513,0.9532873203869313,0.9778165028587408,0.9777660445713692,0.9301358444481783,0.9302135806686205,0.9748046598981887,0.9828530003942562,0.9859416152494228,0.9847147970741097,0.9782053482402484,0.9395882555045195,0.8067082992820968,0.9476389253266655,0.7131432668333976,0.9116372783992497,0.925627294804807,0.8385779946585922,0.787265748563573,0.9746027090400492,0.9544065410232268,1.0,0.9351045546293248,0.7769944702925021,0.9373001336262055,0.9761414030990987,0.9753727827169885,0.9380468998758597,0.9015174064411107,0.971541373616408,0.9109919859474951,0.9375449431879571,0.9280055842175563,0.9564362075052689,0.9837649793695861,0.5423886363514797,0.9390683491249702,0.9783619630309169,0.28964251163099314,0.747423306191572,0.8723811373030037,0.9215447990884287,0.7456986854354856,-0.4842286417997343,-0.18745852956243442,0.9823598071440869,0.8248361130570897
[US] 아마존,0.8131305683315292,0.23811555689805763,0.7263957948818125,0.499717481771605,0.5948559537991525,0.8741490546349124,0.7190309633608096,0.6189253901351929,0.7195500340553846,0.6829723311675296,0.6935829948490203,0.5373790916521303,0.46676783268391325,0.7206651309722216,0.0366334034032708,0.7327666485525856,0.6914931437128065,0.6223830825612875,0.24136443292814252,0.6976708746328683,0.7901438734877038,0.7042179911378297,0.7490103073637495,0.5536052522822531,0.7368355261662468,0.7746833226832631,0.8261254342543058,0.9804859841069009,0.9768156337605856,0.9768163169269808,0.9530121013055823,0.9558187162695762,0.9779510289216838,0.9809654068925666,0.9746632674377748,0.9223382371043788,0.8851030028080399,0.8192261163589998,0.6130543763704522,0.8349071439762125,0.5908346544448095,0.7808428155447291,0.9455758476854575,0.6512775454419726,0.617544925922622,0.966138086513343,0.9708871777432543,0.9351045546293248,1.0,0.8118141214079687,0.9878862036932645,0.9682210333145796,0.863044983619318,0.9903494643564459,0.9096875872495566,0.9507540801508417,0.9330063257606603,0.8614552201409187,0.9365365483698431,0.8985940413551319,0.9405358576845033,0.43236846583846916,0.7998539153746795,0.8885282526829886,0.28864294305880195,0.6742134925084518,0.7860915738488227,0.8521424167706451,0.6047827562740297,-0.6434033262372965,-0.40856170571193307,0.9153912949845014,0.7006751108394088
[US] 제타,0.5950479418132928,-0.4361971985548497,0.6214851449350762,0.25783414426954854,0.24310566878504064,0.8008057686465563,0.6405412562254932,0.6904945646629526,0.793433623821882,0.6829948678431361,0.5441256149775219,-0.5326074637903858,-0.6230243112518423,0.44424135118389474,-0.6869127071332587,0.6407417894482664,0.6488930320455762,0.7037970097983507,-0.4462374965222391,0.6742914413011825,0.797623149861551,0.3232459659869554,0.8305555488602108,0.8499644183604932,0.8246445276031538,0.846182513489785,0.7982453308025301,0.8965091044794354,0.8858506033669967,0.8859202134823773,0.7592933299207566,0.7578027373301569,0.8752382980260885,0.8416052496891407,0.8599627669519527,0.7635868163624746,0.8019100192416192,0.8949351420278103,0.6673177320765578,0.8088537607567522,0.39096678749607267,0.7279227865533177,0.899773858845536,0.6918974325479796,0.6864649049318832,0.8983902241819304,0.8667125194126412,0.7769944702925021,0.8118141214079687,1.0,0.7353363353856734,0.8142272899156954,0.8357911768788211,0.715153654177835,0.4174697797862927,0.8800795880400754,0.9141425112057737,0.9496605989276647,0.6583521141172216,0.9017785983757521,0.8294614096677287,0.7312991933355312,0.7300443671596019,0.7991872517461877,0.7805053456677369,0.6303596522182046,0.7892507068159523,0.8406382889973156,0.8115080203558872,0.6681929038131322,0.6722201278209751,0.8190093829817952,0.6003708596927224
[US] M7 ETF,0.7242711559686126,-0.18986721241360505,0.752017579263011,0.8996610649650224,0.8313303049799297,0.8379441110482346,0.6741478128520374,0.7277240224063022,0.7156785143328146,0.937266398846133,0.7747730726486578,0.256336656049521,0.039232286607190685,0.4847348179816149,-0.8709086761186177,0.796011321718203,0.6880326303476347,0.7937332632799579,-0.3188272566756882,0.7161079994387806,0.9750448337479705,0.6857586923967091,0.9487076844240907,0.8985832976348724,0.9244161763853068,0.9305047801501394,0.9540723367105951,0.9761322657543822,0.9856983040282267,0.985536883605883,0.9533244491895161,0.9525848189713463,0.9859282644383645,0.9872334076558087,0.9783472418022878,0.9558018383467898,0.8264212801111952,0.9930151709965943,0.7230270089823247,0.9824516562946098,0.6027588925503602,0.7404020656186283,0.8683805679494309,0.7768683072640472,0.7674273434871988,0.9057856085761862,0.9646033314542393,0.9373001336262055,0.9878862036932645,0.7353363353856734,1.0,0.9856808877573054,0.8878864408483853,0.9403676388296422,0.8215000099724541,0.9903699536901452,0.7940277104508217,0.7413394721863811,0.7615013021823426,0.9659596080179428,0.9916863559814325,0.9804563672961502,0.9475160286567675,0.9790059272865612,0.8924736858433322,0.9265018457501897,0.9757362685058734,0.9903870481502899,0.9274970627217693,0.6236254812944821,0.6867526258488804,0.8760443854383237,0.7478499585519469
[US] 모멘텀 ETF,0.8169758724935143,0.6339682948628916,0.7566177580524089,0.05009501652011532,0.7596923396394699,0.930650922306895,0.8307113787068462,0.7661101079103033,0.8145480295225382,0.8241685111801432,0.7714443689803845,0.40287130773983765,0.33059770528672416,0.7757131626413053,-0.04439797894991413,0.8280255259612123,0.8134540225054335,0.7802127918661607,-0.0009866248479230622,0.825285502095597,0.9115956065149373,0.5784265260317647,0.8893256907845233,0.7418531166083945,0.8794385561400987,0.9048922581402965,0.9429770643197557,0.9817398591394304,0.9863667220967707,0.9863299581296037,0.9748301306332605,0.9747451440465434,0.9883267909588974,0.9922947488615639,0.9880579387383005,0.978533277106117,0.9458852889236926,0.9180137572132199,0.7513495367787253,0.9174525736665973,0.5881900045792353,0.8821038330367418,0.9270057107377867,0.773648614176213,0.6784098008322311,0.9616367291094648,0.9533121484890031,0.9761414030990987,0.9682210333145796,0.8142272899156954,0.9856808877573054,1.0,0.9434343748082226,0.9589573085738606,0.8812087079911737,0.9645693854618234,0.9429160983487375,0.894498642910336,0.9391270238158004,0.9425287296290286,0.9728334049691415,0.9711157139612169,0.9664763973667775,0.9486730423957477,0.6176844826870177,0.8184608340671443,0.9218479483508657,0.9425120031120682,0.871056952639579,-0.37119947838850875,0.26951718800880886,0.9649290367407909,0.7972422107331762
[US] 반도체 ETF,0.863827086462738,0.5239492239252551,0.8399426294137565,0.3076443860476165,0.4579170525743187,0.9878253719983515,0.9263712588745661,0.9065733311079618,0.908075663354142,0.9071608072682,0.7311987481863891,0.19580870711503595,0.10688296565808283,0.8133757728616113,-0.009890413036420308,0.8877648949505524,0.9235458348957225,0.9137358137691725,-0.18250571082594455,0.936546848670109,0.9588420942706523,0.3670374786120827,0.9615456104005724,0.8858362646637988,0.9595037679493609,0.9760302369358195,0.9626013734876401,0.8791325808154993,0.9218004992355809,0.9217276597978116,0.8329300568203359,0.8329230308922554,0.9140369658992175,0.9300299252774248,0.9399199542727306,0.9693584332655861,0.9957473948580872,0.9660638354685689,0.8951845768847295,0.9459828849059577,0.7045040132954201,0.9691454396733123,0.8437582359371347,0.9198782270152889,0.8756262899209027,0.9320300480078232,0.8958863590574387,0.9753727827169885,0.863044983619318,0.8357911768788211,0.8878864408483853,0.9434343748082226,1.0,0.8580446643608528,0.8202364885014105,0.9378351542809412,0.8450737797455558,0.9468900830033177,0.8588667249508484,0.9324628182140128,0.9506552217308557,0.5425139778615838,0.9083450230060216,0.9658092771795862,0.415093046589982,0.6865570082749081,0.7955947551770544,0.9133023892471197,0.7985003071832857,-0.3689737994431401,-0.06184082483937488,0.9627619959344694,0.8792142353519882
[US] 소프트웨어 ETF,0.7899111696598211,0.7969959774692607,0.697361673770209,0.44935518630056376,0.5546559534171778,0.8655348923358873,0.6596216055717607,0.5590258080612504,0.6970307662304824,0.6876490839222213,0.753855270688043,0.5276119532532004,0.4790952363897408,0.6718734509560664,0.1370455513304431,0.7456523054812496,0.6314980012656347,0.6060081947172572,0.29043649848793013,0.6458775152317902,0.8007727551616942,0.6493349791033246,0.7521851585315112,0.5482117752277184,0.7334720365639428,0.7689855320188522,0.7839843909493099,0.9825713359295454,0.9808537209729246,0.9808190038988259,0.9571691956488906,0.9570614538082667,0.9827546821032522,0.9841761619034917,0.9795555823016173,0.923246965096817,0.8735466463090293,0.8289645059194256,0.58095820728096,0.8526506723105346,0.61270106128669,0.7548447638474526,0.9602384616963703,0.6201991856461536,0.5756125617067676,0.964053864180193,0.9832193224284592,0.9380468998758597,0.9903494643564459,0.715153654177835,0.9403676388296422,0.9589573085738606,0.8580446643608528,1.0,0.932137947682948,0.9560999467013367,0.9227577592274352,0.8697199647186548,0.9232122753460242,0.907882163784125,0.9484855929324638,0.43586904326850856,0.8451248552066075,0.894741062582668,0.20032291187023715,0.6709540076968871,0.80459237445872,0.8531230330321586,0.5939520152130924,-0.629357716366039,-0.39060797501663164,0.9261371346662329,0.4823234646556133
[US] 테슬라,0.6801699897527312,0.71027697805528,0.5607085076380194,-0.05965319734478684,0.7349575581652178,0.806482604224046,0.6213661271798954,0.5298479312664928,0.7214707636570661,0.6902415592682662,0.715543117527541,0.5052344705581576,0.4996436225491379,0.6393361494401085,0.40815974732462984,0.7835138394279517,0.6030323953430384,0.5958860174497231,0.21495634194206406,0.6120119453510835,0.7446362666914199,0.45773861638420965,0.691971109420334,0.4929112797574677,0.6816884933576727,0.7138456216876234,0.6663765447683802,0.9088019499012885,0.9228657617096975,0.9225915976497586,0.8747155340900759,0.8744696161982981,0.9222589286023701,0.9284639326053057,0.9294103415010134,0.8727841614707026,0.8308820147615881,0.7996188076358484,0.5553381962939066,0.8253054862370609,0.4100898382224188,0.733083443421539,0.9319244837473803,0.5886735342866212,0.4830121409113621,0.9464773015116226,0.9520395477270371,0.9015174064411107,0.9096875872495566,0.4174697797862927,0.8215000099724541,0.8812087079911737,0.8202364885014105,0.932137947682948,1.0,0.897643099764801,0.8592401033839623,0.8461203113819862,0.8383104376208061,0.8993696280587424,0.8700282683554912,0.8729172799011446,0.9165934122831438,0.8634400222682933,0.05214260161975131,0.6001187326413487,0.7914328458953399,0.7978554724443497,0.530565535189917,-0.5226976473220939,0.007627988591748194,0.8708744203209672,0.48452327750477087
[US] 월마트,0.8303547307535913,0.07870938631764086,0.7426617890582002,0.5795895052155203,0.5476102114226956,0.9162959389453629,0.7478843168950017,0.705226160772888,0.7961633598295844,0.8294640314466041,0.8472143744234968,0.2766533252656847,0.21462450281414094,0.6542472734158469,-0.06910838813731096,0.7986154401597826,0.7347968257266639,0.7509891787342654,-0.04796422865475441,0.7558303051675763,0.9219256569342142,0.48542383528509936,0.8876841970637607,0.7419123607237763,0.8696536763150315,0.9003385477765771,0.9254216713174914,0.9644546697280925,0.9816105083462219,0.9802821221712471,0.9275497754089813,0.9060484429508977,0.9716300771662884,0.9786752536000852,0.9821709501086531,0.9498405951333472,0.9355611833408116,0.9422691111849761,0.6774569246754724,0.9598973742598421,0.6497861976092625,0.8160098342511997,0.9413231405129195,0.7477592921913411,0.7122338592967151,0.9620457888591173,0.970339975832337,0.971541373616408,0.9507540801508417,0.8800795880400754,0.9903699536901452,0.9645693854618234,0.9378351542809412,0.9560999467013367,0.897643099764801,1.0,0.9126882926450501,0.9275809682632763,0.9132466299792493,0.9624956962252765,0.9788461305941389,0.5722000421695649,0.8727898343510903,0.9551135866615452,0.47365451157590627,0.6639601812830958,0.7987439360775161,0.9349109142367611,0.72582349231418,-0.4984935160192365,-0.21999014359184202,0.8199160164227595,0.6195776287517952
[US] 코카콜라,0.8576585708493428,0.14712409189705192,0.7926961758327332,0.7321486839134567,0.6125582050913273,0.8823515162157936,0.8456180777442827,0.789093816590062,0.85077073645539,0.7500193173480163,0.6390507224995734,0.23176699412043292,0.16553520065358424,0.7930818841185726,0.04611821118613221,0.8305420732611555,0.8317862501492528,0.7791457556476004,-0.3853656431666414,0.8325057098714812,0.8488536531898752,0.3687664581461121,0.8630146539853022,0.7561107857086286,0.863708223350472,0.8891088034510735,0.9070599995755768,0.9646145446967425,0.9435288612832925,0.9495904989264414,0.9574969865998781,0.9627722838586289,0.9570328150670571,0.9200286116247074,0.9376735617968015,0.9073618504779737,0.8696703294320535,0.7860950233835299,0.5971389287223586,0.8393544903901926,0.7314063436532445,0.7122869140986441,0.9342446246012963,0.6889247348150531,0.6735337477204186,0.8876786355548268,0.8799212327570475,0.9109919859474951,0.9330063257606603,0.9141425112057737,0.7940277104508217,0.9429160983487375,0.8450737797455558,0.9227577592274352,0.8592401033839623,0.9126882926450501,1.0,0.8157175356243476,0.9609776833965533,0.9524582386765259,0.8981434917466592,0.470100762691291,0.7487696569778257,0.8660979247389431,0.4802600824041683,0.7462701221329486,0.7895463169479966,0.8776189286851341,0.6588407091424205,-0.6786187515735244,-0.41927497163487576,0.7017308308041261,0.8049529002446068
[US] 일라이릴리,0.7438920328804401,0.14413042055327793,0.7111411512172101,0.338547455491468,0.43362694628402315,0.9255412888304176,0.777510025829844,0.7424162117550654,0.8512062091628272,0.7689076699216822,0.6921165984178909,0.11215225566816335,0.058785366239360676,0.7042482036480799,0.15877949914752318,0.8196999759942133,0.7698452307741395,0.7795271274360086,-0.20712289370498868,0.7842223464881718,0.865112943424566,0.32396585278613327,0.8654895951349243,0.7634665525841684,0.8576434287257458,0.8909145001458585,0.8417192176387883,0.8743331949585299,0.9160021536277784,0.9192781371052134,0.8087684138944669,0.8215886988485301,0.9140609173603734,0.9213490257284346,0.9356617396741139,0.9057556439324199,0.9428148757013336,0.9478109379178964,0.7572165889056037,0.9136500079909802,0.5565790735698256,0.8836370758447095,0.8304124819434812,0.7806954770958288,0.7448332301407445,0.9502592053914054,0.936656449758763,0.9375449431879571,0.8614552201409187,0.9496605989276647,0.7413394721863811,0.894498642910336,0.9468900830033177,0.8697199647186548,0.8461203113819862,0.9275809682632763,0.8157175356243476,1.0,0.7933812788045441,0.9666722258092462,0.9275458418981192,0.5549963339689005,0.8607707434016525,0.9196801962522836,0.4074927153605518,0.5827740793952703,0.7524242667510247,0.8736228003459587,0.7089396332335112,-0.39492605051937374,-0.09036634292302592,0.887524641514144,0.6251416515707793
[US] 존슨 앤드 존슨,0.9011398608064013,0.04739389972752327,0.8363180166740842,0.7473871627794361,0.6510988772373,0.8739052592590992,0.9363414756036582,0.8668883313674389,0.8543767704910459,0.7914755209700837,0.5803960385320561,0.3692931751594072,0.2613612332697816,0.898865078634776,0.11622559677707948,0.8517868462462441,0.9203152815703083,0.8308267214512528,-0.17577804820787235,0.9164522455355468,0.8411773108007624,0.4473802631636489,0.8651887650062958,0.7609530415505611,0.877971096386173,0.8911537565820327,0.8748106343979516,0.9687604993565868,0.9483044882283914,0.9465779900825586,0.9800191888292544,0.9751935524787739,0.9591702479532165,0.9279267758978194,0.9341116552536723,0.8962219564063043,0.8954101368371498,0.7694416931310079,0.6327947669303283,0.7924291966881788,0.7694039050749663,0.7410907686722639,0.9460173186507426,0.7429087499083773,0.7027604836013112,0.8916301607333543,0.8756573918759093,0.9280055842175563,0.9365365483698431,0.6583521141172216,0.7615013021823426,0.9391270238158004,0.8588667249508484,0.9232122753460242,0.8383104376208061,0.9132466299792493,0.9609776833965533,0.7933812788045441,1.0,0.9044286571302738,0.8999456198466335,0.5252427095375469,0.7867936614827806,0.8769005844401627,0.4677577300452085,0.7300444277817433,0.8122987135678637,0.8163349323269916,0.5865161372101807,-0.6467115954708484,-0.4075429188097948,0.7190847427124488,0.9753644705119643
[US] 애브비,0.7564741206079583,0.4913694774203872,0.6810165465282102,-0.15584454001743983,0.6515396583781671,0.9121708581055339,0.7774422888488421,0.7295475964413393,0.8167090990199074,0.8065197847978367,0.775704064667368,0.19675061907175664,0.15104845032455597,0.6991533152224463,0.12913265238561367,0.81104254713294,0.7647773970466338,0.7693213072380054,-0.14448797196710444,0.7813947899000774,0.8902969430818509,0.40764524003285296,0.8845808350070837,0.7490827145154433,0.8771699385458239,0.907592861613659,0.8888815393164883,0.9620712748762873,0.9761659839405753,0.976102542564398,0.9259644368552207,0.9252687637155691,0.9717171069703434,0.9626083128525103,0.9691034179401171,0.9153794234465066,0.9268380710416314,0.9377586155109048,0.7148723748701887,0.9284387587728158,0.42963857993112403,0.850105274894915,0.9043681428752981,0.7383461247838053,0.6465049921831144,0.9749927806198515,0.9555809289753083,0.9564362075052689,0.8985940413551319,0.9017785983757521,0.9659596080179428,0.9425287296290286,0.9324628182140128,0.907882163784125,0.8993696280587424,0.9624956962252765,0.9524582386765259,0.9666722258092462,0.9044286571302738,1.0,0.9524792989782859,0.9133298883270375,0.9511544182776229,0.9407115012785339,0.6379575164544337,0.6936304744179131,0.8696130660339219,0.9270481355014452,0.8385360056002729,-0.30321206789970845,0.37330074201434915,0.9600322143373995,0.6629129885971897
[US] 제이피모건,0.8490826846338803,0.18292412997149562,0.7909408873841749,0.5726484338193895,0.5626651334884023,0.9468411771767267,0.8021308022700182,0.7665166602213497,0.7971283452585416,0.8735914592577586,0.8563576103685429,0.24725057468268552,0.1831203830759081,0.6964555117333985,-0.08439261899221301,0.8237764969729807,0.7903737387833301,0.8192630524375566,-0.09112510060814379,0.8115179245783745,0.9581052903390127,0.4719289305172024,0.942070997640723,0.8169849211004758,0.9268611131473514,0.9468992429061449,0.960440551264476,0.9568966479252091,0.9805712405728589,0.9795906910759261,0.9256032565594351,0.9261780735337852,0.9758536013092475,0.9822007711942202,0.980015094140052,0.964603147923274,0.9479784995193902,0.9430285794592503,0.7326268207604937,0.961673637643449,0.6851218179120295,0.850489418969453,0.8995515286291593,0.7879466373024833,0.7657944975350989,0.9566076679696316,0.9620866587453303,0.9837649793695861,0.9405358576845033,0.8294614096677287,0.9916863559814325,0.9728334049691415,0.9506552217308557,0.9484855929324638,0.8700282683554912,0.9788461305941389,0.8981434917466592,0.9275458418981192,0.8999456198466335,0.9524792989782859,1.0,0.5999781658340073,0.8986516540867766,0.9776808140153413,0.4492993937977356,0.705102130372111,0.8520914588739973,0.9107665681170729,0.7012015285685874,-0.49188514027575697,-0.219088654367912,0.880500579864411,0.6963678878511848
[US] 뱅크 오브 아메리카,0.2872676631288965,0.11315042565892126,0.323296271581419,0.32528253885782354,0.1767307211145343,0.4911182260513296,0.7898598108880774,0.7203758918495526,0.7634032278422456,0.7798359566490867,0.7568965919462418,0.38774984069193114,0.3475254562281685,0.7588851106082087,-0.047836416498405386,0.8042933844540828,0.7722534904633697,0.7581311503683413,-0.08970253697854222,0.7780630093043596,0.876120541646226,0.5482523473951524,0.873935160382818,0.7306853977785364,0.8683290862174254,0.8802606016894878,0.9151828144643834,0.5218005698122847,0.5736886946891352,0.5281384232137277,0.5157320919356907,0.37268182488567864,0.4554875184234251,0.5502944252680587,0.4711521094756609,0.9271120959246153,0.5323669258288366,0.5458434861394432,0.4667037004970711,0.8613123627415886,0.4985731568836598,0.5441034792035667,0.4539317375594606,0.47450613642645134,0.42160039533271604,0.513600334442191,0.5567620518838433,0.5423886363514797,0.43236846583846916,0.7312991933355312,0.9804563672961502,0.9711157139612169,0.5425139778615838,0.43586904326850856,0.8729172799011446,0.5722000421695649,0.470100762691291,0.5549963339689005,0.5252427095375469,0.9133298883270375,0.5999781658340073,1.0,0.7561868842647209,0.5405926154032127,0.06270242944299527,0.13741636037961918,0.49858066352402275,0.3465547414881556,0.2481266982663985,0.029778192362804972,0.2105300138741102,0.45056398071653214,0.7498652168054538
[US] 모건스탠리,0.7109354759505628,0.18249436620420836,0.6661247001234522,0.39690028745051575,0.45833308389095545,0.8759351105292662,0.8551983271092455,0.8098681020212537,0.8700467826760475,0.8910963476254956,0.7898098419747652,0.3342977757232453,0.2837746035258474,0.7907720200407442,0.10720758634893464,0.9062590137206455,0.8477266866144544,0.860212421511003,-0.05795622934473537,0.858965282358147,0.9420454139760072,0.4212556931583865,0.9297466076646063,0.8079873581880854,0.9249339665710937,0.9386508214734934,0.9373228580376259,0.8367949917506032,0.8763758383964072,0.8763715988492421,0.7869751876973808,0.7441856890876575,0.8822998790634565,0.8792530605198995,0.8704928696992759,0.9741372205722016,0.9303894863872105,0.8804073775584526,0.7499551602490964,0.9366656174308895,0.7064848636314668,0.8446171757471428,0.7879358910712866,0.8139499531371309,0.7155754535633986,0.8571357485525802,0.8615329778652343,0.9390683491249702,0.7998539153746795,0.7300443671596019,0.9475160286567675,0.9664763973667775,0.9083450230060216,0.8451248552066075,0.9165934122831438,0.8727898343510903,0.7487696569778257,0.8607707434016525,0.7867936614827806,0.9511544182776229,0.8986516540867766,0.7561868842647209,1.0,0.9013512683473256,0.31117549773466524,0.5797843965661631,0.797302302481007,0.7969827692471408,0.6406521656621492,-0.31989897538973244,-0.027347496788490383,0.8354482321606574,0.8146667714472895
[US] 골드만삭스,0.8833291966237823,0.19683394676370472,0.8368623398308364,0.45845260428199386,0.5755875415427144,0.9640971932156374,0.8398470023087482,0.822162729109995,0.8570715498444503,0.9290015619897511,0.8485548222569598,0.22223484936639876,0.16814258114020975,0.726953060765299,-0.02924830610496493,0.8805961451043459,0.8377483638207408,0.8806192512924257,-0.10106516242480791,0.8566192439633502,0.9805047609801705,0.3910240196489612,0.9670586095918875,0.8681398701173589,0.957193480719384,0.9695369798810495,0.9662731019795279,0.914285427808783,0.9464097898885844,0.9464122420492692,0.8855821309194137,0.8825922524639421,0.9399967567291855,0.9485383465373086,0.9513833870087092,0.9675545959526332,0.9577956011348256,0.9568148542401552,0.7942204882125795,0.9740119204269259,0.5881503748971512,0.8895465167908746,0.8800485800738584,0.8479682412740732,0.8167948356574639,0.9359623270674867,0.9193099453915574,0.9783619630309169,0.8885282526829886,0.7991872517461877,0.9790059272865612,0.9486730423957477,0.9658092771795862,0.894741062582668,0.8634400222682933,0.9551135866615452,0.8660979247389431,0.9196801962522836,0.8769005844401627,0.9407115012785339,0.9776808140153413,0.5405926154032127,0.9013512683473256,1.0,0.45122626712347697,0.7343760606848683,0.8683487516650656,0.903926579258507,0.7378591612744111,-0.372783417418827,-0.07766583255409946,0.9559363507333273,0.7711368396802011
[US] 이즈코프,0.6150268575185178,-0.32096220372792544,0.6259168549099882,0.5527954808592681,0.40062372532377805,0.46578478356866326,0.8853996512211698,0.9316139800855698,0.8230373751869614,0.9305330487059589,0.6948165259916488,-0.05541647365595991,-0.17277807165714135,0.6880082765627707,-0.16211521975230808,0.8048905008982806,0.9003330244229105,0.9534365249348348,-0.3065260874061774,0.9161256728339026,0.9178918262544934,0.15344172240838302,0.9578703007641916,0.9738869638619999,0.9639880486407919,0.9536481206294031,0.9792660022775156,0.4149088984558494,0.4249896725046295,0.40626756360954064,0.45557738696033134,0.2887696552203013,0.26965005135244274,0.41521461154898803,0.3192077986916783,0.2635712788210558,0.39100829699706385,0.4416755787552117,0.4750487174051752,0.3565622862342633,0.3242361606330531,0.4596809553602128,0.4897884758140051,0.4943706552510387,0.5666820823126649,0.41758064115387217,0.3560017768642821,0.28964251163099314,0.28864294305880195,0.7805053456677369,0.8924736858433322,0.6176844826870177,0.415093046589982,0.20032291187023715,0.05214260161975131,0.47365451157590627,0.4802600824041683,0.4074927153605518,0.4677577300452085,0.6379575164544337,0.4492993937977356,0.06270242944299527,0.31117549773466524,0.45122626712347697,1.0,0.56433956857924,0.4287109828522587,0.4809640920813154,0.7264339459951896,0.3248645199912459,0.5314439887809183,0.2849984051948396,0.9019205548658857
[US] 이머징 마켓,0.8497027453247441,0.6200743851923675,0.8661967720304931,0.7885788373560102,0.7345166308103938,0.7454939316623531,0.8661132350850308,0.8355315512709842,0.8033287886018048,0.8211746052899057,0.6133532626285797,0.3855523235695318,0.26974453644218727,0.8431385605445821,-0.14101953859652092,0.8137605127739449,0.8625784371751449,0.8424265630364645,0.039530572189902774,0.8695503474333693,0.8530396477634387,0.42645560381420605,0.8784169542427407,0.8368787392164915,0.8890430086144007,0.8640911898691693,0.8435681999179054,0.7041657027661357,0.7016618153591131,0.7015868538676606,0.7380965494687042,0.7388543523508674,0.7100765163273942,0.7069072338152269,0.6998920117467208,0.856760175700833,0.6961663500808758,0.6326426054950008,0.6232672008380987,0.7728659745014421,0.6310639453944074,0.6539537768365242,0.7013542427999049,0.6467802026976553,0.6746295781540367,0.6686388291981901,0.6260143789814735,0.747423306191572,0.6742134925084518,0.6303596522182046,0.9265018457501897,0.8184608340671443,0.6865570082749081,0.6709540076968871,0.6001187326413487,0.6639601812830958,0.7462701221329486,0.5827740793952703,0.7300444277817433,0.6936304744179131,0.705102130372111,0.13741636037961918,0.5797843965661631,0.7343760606848683,0.56433956857924,1.0,0.843223908654703,0.7958196510460732,0.7395670869292675,-0.28109239514108725,-0.038595715766950936,0.6928771057721768,0.8661262036031535
[US] 선진국 마켓,0.8532262271014105,0.7045332848398587,0.8554305532947905,0.6892367380615935,0.7048265258113929,0.8428548136114428,0.8269885480922781,0.7942182037655396,0.8380007890733441,0.8659960815241549,0.7742018534853412,0.29032280730953397,0.21548852460162837,0.7793900568942356,-0.03085665713359489,0.8629760816899944,0.8205875147596327,0.8601379322828502,0.021466062087641177,0.8393304083526236,0.9429141463277387,0.44547574300200743,0.9459240242994272,0.8596087668916434,0.9387075388172001,0.9381687299469251,0.9066663659379055,0.8413233657449242,0.8463181617238859,0.8463313247219302,0.8586148781302018,0.858720772576517,0.8503242401542079,0.8359133726202242,0.8283349171596555,0.9496176198764941,0.8006075563755293,0.7695048081762447,0.6395057243588735,0.9009549863545548,0.6346408491370322,0.7327024018839744,0.8180009920340966,0.7210264834921208,0.683602436752674,0.7932291108505168,0.7839229748000595,0.8723811373030037,0.7860915738488227,0.7892507068159523,0.9757362685058734,0.9218479483508657,0.7955947551770544,0.80459237445872,0.7914328458953399,0.7987439360775161,0.7895463169479966,0.7524242667510247,0.8122987135678637,0.8696130660339219,0.8520914588739973,0.49858066352402275,0.797302302481007,0.8683487516650656,0.4287109828522587,0.843223908654703,1.0,0.7358519055822494,0.5563397644816145,-0.24231624413935482,0.002099324178287798,0.8635784654272298,0.7269498080892322
[US] 금,0.8509684178687322,0.45725449573597127,0.7834665909423952,0.29822971900178,0.40453844373061165,0.9053469303703046,0.8213620737650783,0.8029426466379544,0.8405042346589425,0.9120171970598308,0.8512980251329089,0.24187353021965294,0.1520533400923136,0.6849308677152158,-0.12493581496208747,0.8334869631381504,0.8152636912232643,0.8277894364687334,-0.06629693027718768,0.8376848323384715,0.9681223746257075,0.4357237653269213,0.9359402208338239,0.8258210026932136,0.9215658907057193,0.945680586679875,0.9596224107627616,0.8592152083990657,0.8887961957511878,0.8888144445578877,0.8190413096977894,0.8194744115337266,0.8846814777061669,0.9013052170138817,0.908856296423846,0.9181182490570049,0.8997730958427775,0.918962672885232,0.7518237446671618,0.9582658918895086,0.6011403305110066,0.8338800648992629,0.8668943648057922,0.7891815058167508,0.7511348648366866,0.8981625429530048,0.872425950156274,0.9215447990884287,0.8521424167706451,0.8406382889973156,0.9903870481502899,0.9425120031120682,0.9133023892471197,0.8531230330321586,0.7978554724443497,0.9349109142367611,0.8776189286851341,0.8736228003459587,0.8163349323269916,0.9270481355014452,0.9107665681170729,0.3465547414881556,0.7969827692471408,0.903926579258507,0.4809640920813154,0.7958196510460732,0.7358519055822494,1.0,0.9099182550821442,-0.47350404792913414,-0.17255159157045075,0.8558843962226463,0.74425117177909
[US] 은,0.749779574388073,0.15876945594952818,0.7682035529720855,0.10537435692105859,0.1902067861731767,0.7853926392008443,0.9038061000674719,0.9025173883489128,0.8935821628653033,0.9390702147128697,0.7537548513062446,0.22058416110276696,0.09969611828285369,0.7615998321574984,-0.11517253865063626,0.8678404250917445,0.9052769069646681,0.9012874308949391,-0.09739242378264845,0.9218061077971363,0.9623143217827331,0.3668739978987453,0.9482719226752956,0.8881978739315821,0.9439540445893291,0.9566039548748142,0.9507338484311694,0.6019441253205562,0.6535950630504681,0.6535763608564077,0.5587225574597682,0.5595308156677344,0.6458843001583121,0.6785592239330636,0.6941414712092485,0.7270938906387493,0.7770650005889281,0.7975521653542977,0.7679283449848813,0.7672994876563239,0.5555115260172224,0.7833903078746782,0.6452147841595359,0.7874278468836283,0.7587859196981259,0.6934323360168564,0.6321773281480725,0.7456986854354856,0.6047827562740297,0.8115080203558872,0.9274970627217693,0.871056952639579,0.7985003071832857,0.5939520152130924,0.530565535189917,0.72582349231418,0.6588407091424205,0.7089396332335112,0.5865161372101807,0.8385360056002729,0.7012015285685874,0.2481266982663985,0.6406521656621492,0.7378591612744111,0.7264339459951896,0.7395670869292675,0.5563397644816145,0.9099182550821442,1.0,-0.2676424695085615,0.03345113048603069,0.6453197369536494,0.8718885385705271
[US] 미국 오일 펀드,-0.4305011645849302,-0.629757009881862,-0.26137392180005664,-0.3401495256794293,-0.25945305946100267,-0.39877949977041566,0.05629772144604745,0.19998660659539066,0.21571233826615727,0.17974897688108094,-0.014483032805935363,-0.4628915005820183,-0.433995337572837,-0.015512675085969095,-0.19320100413531097,0.16015583600343097,0.11430382850688345,0.33988396680279814,-0.6877584584969902,0.11046145337932634,0.07762457486038514,-0.6437968395289271,0.14904781416338697,0.34433843659490376,0.17157387773059835,0.09348009811582349,0.7977732761251123,-0.6310978573811536,-0.5791997042943665,-0.5792405516169212,-0.6630583181017382,-0.6629925372656122,-0.5934089726534032,-0.5785651196093488,-0.5620702458129814,-0.40057269705744875,-0.4015526452728431,-0.3045239647125847,-0.17049745415455336,-0.3262425916142733,-0.3955915644064718,-0.2849576543583901,-0.5829203912435745,-0.1895004767610194,-0.184839071270817,-0.5429304842827642,-0.5531923178173541,-0.4842286417997343,-0.6434033262372965,0.6681929038131322,0.6236254812944821,-0.37119947838850875,-0.3689737994431401,-0.629357716366039,-0.5226976473220939,-0.4984935160192365,-0.6786187515735244,-0.39492605051937374,-0.6467115954708484,-0.30321206789970845,-0.49188514027575697,0.029778192362804972,-0.31989897538973244,-0.372783417418827,0.3248645199912459,-0.28109239514108725,-0.24231624413935482,-0.47350404792913414,-0.2676424695085615,1.0,0.9327213296755263,-0.4766179201941483,0.8468492750010829
[US] 원자재 펀드,-0.18876485156155587,-0.531856705715547,0.009630288391818294,-0.3837138185340344,-0.1526227726081122,-0.09690937736737576,0.6556003327533966,0.718967043195004,0.8020748817640223,0.7228657754816052,0.47836440162314586,-0.14645060785196798,-0.15224011284295008,0.5699721669714232,0.1779115716820211,0.774720233376098,0.6916091426702764,0.8470390279160037,-0.4024549236815313,0.6918884829206576,0.6798406394090368,-0.2662184837963159,0.7326561653996395,0.7833072100208215,0.7511200767033791,0.7123439759776026,0.8776201747739358,-0.3791277974201979,-0.3089199312106024,-0.30900657620803024,-0.42954456597893304,-0.42939855032773716,-0.3271809364105741,-0.3072568337077719,-0.2833543208545365,0.11422021520772992,-0.09636938721245072,-0.006435819645318865,0.10832191681310084,0.1683435192177453,-0.21990261420026583,0.016791682745791403,-0.3194112389659602,0.09579758791983575,0.07691289979992191,-0.2492012470770495,-0.282852563263528,-0.18745852956243442,-0.40856170571193307,0.6722201278209751,0.6867526258488804,0.26951718800880886,-0.06184082483937488,-0.39060797501663164,0.007627988591748194,-0.21999014359184202,-0.41927497163487576,-0.09036634292302592,-0.4075429188097948,0.37330074201434915,-0.219088654367912,0.2105300138741102,-0.027347496788490383,-0.07766583255409946,0.5314439887809183,-0.038595715766950936,0.002099324178287798,-0.17255159157045075,0.03345113048603069,0.9327213296755263,1.0,-0.20277579533966128,0.8020042320473854
[IDX] 닛케이225,0.8200709302092108,0.33251693107249336,0.8227209876382827,0.2682435647870983,0.5397082873802278,0.9674190582413387,0.9040732405158709,0.8620166526817518,0.881121057244559,0.8672798086646741,0.7335311900274196,0.2346196594653859,0.162959561233569,0.8043028969928677,0.06246972395637075,0.872544033299016,0.8939214250533489,0.8790063066066016,-0.15798192156586036,0.905934549989853,0.9398408969176352,0.4091795395748206,0.9381344630307696,0.8289276162387504,0.9347036578283359,0.9566390495218116,0.9548108252511137,0.8474465683711941,0.8507575126418265,0.902071657755354,0.7576135737410616,0.925613039789352,0.9719873747050202,0.8802352084447923,0.9712483464699561,0.958558815056733,0.9719693943329608,0.91050708408106,0.7836173786182161,0.9133023562554142,0.5409568050523029,0.8859484923493174,0.7591426583602153,0.8343306477149887,0.7665123323300251,0.9008865161495948,0.8712302568765825,0.9823598071440869,0.9153912949845014,0.8190093829817952,0.8760443854383237,0.9649290367407909,0.9627619959344694,0.9261371346662329,0.8708744203209672,0.8199160164227595,0.7017308308041261,0.887524641514144,0.7190847427124488,0.9600322143373995,0.880500579864411,0.45056398071653214,0.8354482321606574,0.9559363507333273,0.2849984051948396,0.6928771057721768,0.8635784654272298,0.8558843962226463,0.6453197369536494,-0.4766179201941483,-0.20277579533966128,1.0,0.852248004922964
[KR] 코스피200롱150숏선물,0.9652074478661992,-0.07402162367258958,0.9751066729022011,0.3972182024365322,0.6322729001038074,0.9202140851795438,0.9802969350428169,0.98044690914961,0.9327312618315851,0.8253089077018013,0.35494672879717964,-0.16226466562356673,-0.2936968669966887,0.874811327398179,-0.28886538454670896,0.859911947310778,0.9841903043127948,0.9306002333565248,-0.5085289587468791,0.9746150831423314,0.7849142316011903,-0.034628338186648004,0.8341101413329071,0.8841116268689099,0.8652469947124612,0.847499941103164,0.8224418225099763,0.7024192779851661,0.7148271055276311,0.7147507273685603,0.7629130505834072,0.7643572470356296,0.7199193139828158,0.7489727964208746,0.7480802041505002,0.8168275686118015,0.911213187103335,0.6922057554385762,0.9821420396559984,0.6443154408408366,0.8960918108359955,0.9546065255696372,0.6354784793267948,0.9776313338280809,0.9808876155625569,0.7733687942755718,0.5117825065784448,0.8248361130570897,0.7006751108394088,0.6003708596927224,0.7478499585519469,0.7972422107331762,0.8792142353519882,0.4823234646556133,0.48452327750477087,0.6195776287517952,0.8049529002446068,0.6251416515707793,0.9753644705119643,0.6629129885971897,0.6963678878511848,0.7498652168054538,0.8146667714472895,0.7711368396802011,0.9019205548658857,0.8661262036031535,0.7269498080892322,0.74425117177909,0.8718885385705271,0.8468492750010829,0.8020042320473854,0.852248004922964,1.0
